CRITICAL - 2024-01-30 13:01:01 --> Undefined variable $payArray
in APPPATH/Models/Engine.php on line 2035.
 1 APPPATH/Models/Engine.php(2035): CodeIgniter\Debug\Exceptions->errorHandler()
 2 APPPATH/Controllers/Api.php(139): App\Models\Engine->getBillToSynch()
 3 SYSTEMPATH/CodeIgniter.php(896): App\Controllers\Api->postbillpayment()
 4 SYSTEMPATH/CodeIgniter.php(466): CodeIgniter\CodeIgniter->runController()
 5 SYSTEMPATH/CodeIgniter.php(349): CodeIgniter\CodeIgniter->handleRequest()
 6 FCPATH/index.php(57): CodeIgniter\CodeIgniter->run()
CRITICAL - 2024-01-30 13:02:01 --> Undefined variable $payArray
in APPPATH/Models/Engine.php on line 2035.
 1 APPPATH/Models/Engine.php(2035): CodeIgniter\Debug\Exceptions->errorHandler()
 2 APPPATH/Controllers/Api.php(139): App\Models\Engine->getBillToSynch()
 3 SYSTEMPATH/CodeIgniter.php(896): App\Controllers\Api->postbillpayment()
 4 SYSTEMPATH/CodeIgniter.php(466): CodeIgniter\CodeIgniter->runController()
 5 SYSTEMPATH/CodeIgniter.php(349): CodeIgniter\CodeIgniter->handleRequest()
 6 FCPATH/index.php(57): CodeIgniter\CodeIgniter->run()
CRITICAL - 2024-01-30 13:03:01 --> Undefined variable $payArray
in APPPATH/Models/Engine.php on line 2035.
 1 APPPATH/Models/Engine.php(2035): CodeIgniter\Debug\Exceptions->errorHandler()
 2 APPPATH/Controllers/Api.php(139): App\Models\Engine->getBillToSynch()
 3 SYSTEMPATH/CodeIgniter.php(896): App\Controllers\Api->postbillpayment()
 4 SYSTEMPATH/CodeIgniter.php(466): CodeIgniter\CodeIgniter->runController()
 5 SYSTEMPATH/CodeIgniter.php(349): CodeIgniter\CodeIgniter->handleRequest()
 6 FCPATH/index.php(57): CodeIgniter\CodeIgniter->run()
CRITICAL - 2024-01-30 13:03:55 --> Undefined array key "amount"
in APPPATH/Helpers/global_helper.php on line 469.
 1 APPPATH/Helpers/global_helper.php(469): CodeIgniter\Debug\Exceptions->errorHandler()
 2 APPPATH/Helpers/global_helper.php(452): doProcessGlobalTransaction()
 3 APPPATH/Controllers/Malipo.php(263): doProcessCRDBTransaction()
 4 SYSTEMPATH/CodeIgniter.php(896): App\Controllers\Malipo->crdbpost()
 5 SYSTEMPATH/CodeIgniter.php(466): CodeIgniter\CodeIgniter->runController()
 6 SYSTEMPATH/CodeIgniter.php(349): CodeIgniter\CodeIgniter->handleRequest()
 7 FCPATH/index.php(57): CodeIgniter\CodeIgniter->run()
CRITICAL - 2024-01-30 13:04:01 --> Undefined variable $payArray
in APPPATH/Models/Engine.php on line 2035.
 1 APPPATH/Models/Engine.php(2035): CodeIgniter\Debug\Exceptions->errorHandler()
 2 APPPATH/Controllers/Api.php(139): App\Models\Engine->getBillToSynch()
 3 SYSTEMPATH/CodeIgniter.php(896): App\Controllers\Api->postbillpayment()
 4 SYSTEMPATH/CodeIgniter.php(466): CodeIgniter\CodeIgniter->runController()
 5 SYSTEMPATH/CodeIgniter.php(349): CodeIgniter\CodeIgniter->handleRequest()
 6 FCPATH/index.php(57): CodeIgniter\CodeIgniter->run()
CRITICAL - 2024-01-30 13:05:01 --> Undefined variable $payArray
in APPPATH/Models/Engine.php on line 2035.
 1 APPPATH/Models/Engine.php(2035): CodeIgniter\Debug\Exceptions->errorHandler()
 2 APPPATH/Controllers/Api.php(139): App\Models\Engine->getBillToSynch()
 3 SYSTEMPATH/CodeIgniter.php(896): App\Controllers\Api->postbillpayment()
 4 SYSTEMPATH/CodeIgniter.php(466): CodeIgniter\CodeIgniter->runController()
 5 SYSTEMPATH/CodeIgniter.php(349): CodeIgniter\CodeIgniter->handleRequest()
 6 FCPATH/index.php(57): CodeIgniter\CodeIgniter->run()
CRITICAL - 2024-01-30 13:06:01 --> Undefined variable $payArray
in APPPATH/Models/Engine.php on line 2035.
 1 APPPATH/Models/Engine.php(2035): CodeIgniter\Debug\Exceptions->errorHandler()
 2 APPPATH/Controllers/Api.php(139): App\Models\Engine->getBillToSynch()
 3 SYSTEMPATH/CodeIgniter.php(896): App\Controllers\Api->postbillpayment()
 4 SYSTEMPATH/CodeIgniter.php(466): CodeIgniter\CodeIgniter->runController()
 5 SYSTEMPATH/CodeIgniter.php(349): CodeIgniter\CodeIgniter->handleRequest()
 6 FCPATH/index.php(57): CodeIgniter\CodeIgniter->run()
CRITICAL - 2024-01-30 13:07:01 --> Undefined variable $payArray
in APPPATH/Models/Engine.php on line 2035.
 1 APPPATH/Models/Engine.php(2035): CodeIgniter\Debug\Exceptions->errorHandler()
 2 APPPATH/Controllers/Api.php(139): App\Models\Engine->getBillToSynch()
 3 SYSTEMPATH/CodeIgniter.php(896): App\Controllers\Api->postbillpayment()
 4 SYSTEMPATH/CodeIgniter.php(466): CodeIgniter\CodeIgniter->runController()
 5 SYSTEMPATH/CodeIgniter.php(349): CodeIgniter\CodeIgniter->handleRequest()
 6 FCPATH/index.php(57): CodeIgniter\CodeIgniter->run()
CRITICAL - 2024-01-30 13:08:01 --> Undefined variable $payArray
in APPPATH/Models/Engine.php on line 2035.
 1 APPPATH/Models/Engine.php(2035): CodeIgniter\Debug\Exceptions->errorHandler()
 2 APPPATH/Controllers/Api.php(139): App\Models\Engine->getBillToSynch()
 3 SYSTEMPATH/CodeIgniter.php(896): App\Controllers\Api->postbillpayment()
 4 SYSTEMPATH/CodeIgniter.php(466): CodeIgniter\CodeIgniter->runController()
 5 SYSTEMPATH/CodeIgniter.php(349): CodeIgniter\CodeIgniter->handleRequest()
 6 FCPATH/index.php(57): CodeIgniter\CodeIgniter->run()
CRITICAL - 2024-01-30 13:09:02 --> Undefined variable $payArray
in APPPATH/Models/Engine.php on line 2035.
 1 APPPATH/Models/Engine.php(2035): CodeIgniter\Debug\Exceptions->errorHandler()
 2 APPPATH/Controllers/Api.php(139): App\Models\Engine->getBillToSynch()
 3 SYSTEMPATH/CodeIgniter.php(896): App\Controllers\Api->postbillpayment()
 4 SYSTEMPATH/CodeIgniter.php(466): CodeIgniter\CodeIgniter->runController()
 5 SYSTEMPATH/CodeIgniter.php(349): CodeIgniter\CodeIgniter->handleRequest()
 6 FCPATH/index.php(57): CodeIgniter\CodeIgniter->run()
CRITICAL - 2024-01-30 13:10:01 --> Undefined variable $payArray
in APPPATH/Models/Engine.php on line 2035.
 1 APPPATH/Models/Engine.php(2035): CodeIgniter\Debug\Exceptions->errorHandler()
 2 APPPATH/Controllers/Api.php(139): App\Models\Engine->getBillToSynch()
 3 SYSTEMPATH/CodeIgniter.php(896): App\Controllers\Api->postbillpayment()
 4 SYSTEMPATH/CodeIgniter.php(466): CodeIgniter\CodeIgniter->runController()
 5 SYSTEMPATH/CodeIgniter.php(349): CodeIgniter\CodeIgniter->handleRequest()
 6 FCPATH/index.php(57): CodeIgniter\CodeIgniter->run()
CRITICAL - 2024-01-30 13:11:01 --> Undefined variable $payArray
in APPPATH/Models/Engine.php on line 2035.
 1 APPPATH/Models/Engine.php(2035): CodeIgniter\Debug\Exceptions->errorHandler()
 2 APPPATH/Controllers/Api.php(139): App\Models\Engine->getBillToSynch()
 3 SYSTEMPATH/CodeIgniter.php(896): App\Controllers\Api->postbillpayment()
 4 SYSTEMPATH/CodeIgniter.php(466): CodeIgniter\CodeIgniter->runController()
 5 SYSTEMPATH/CodeIgniter.php(349): CodeIgniter\CodeIgniter->handleRequest()
 6 FCPATH/index.php(57): CodeIgniter\CodeIgniter->run()
CRITICAL - 2024-01-30 13:12:01 --> Undefined variable $payArray
in APPPATH/Models/Engine.php on line 2035.
 1 APPPATH/Models/Engine.php(2035): CodeIgniter\Debug\Exceptions->errorHandler()
 2 APPPATH/Controllers/Api.php(139): App\Models\Engine->getBillToSynch()
 3 SYSTEMPATH/CodeIgniter.php(896): App\Controllers\Api->postbillpayment()
 4 SYSTEMPATH/CodeIgniter.php(466): CodeIgniter\CodeIgniter->runController()
 5 SYSTEMPATH/CodeIgniter.php(349): CodeIgniter\CodeIgniter->handleRequest()
 6 FCPATH/index.php(57): CodeIgniter\CodeIgniter->run()
CRITICAL - 2024-01-30 13:13:01 --> Undefined variable $payArray
in APPPATH/Models/Engine.php on line 2035.
 1 APPPATH/Models/Engine.php(2035): CodeIgniter\Debug\Exceptions->errorHandler()
 2 APPPATH/Controllers/Api.php(139): App\Models\Engine->getBillToSynch()
 3 SYSTEMPATH/CodeIgniter.php(896): App\Controllers\Api->postbillpayment()
 4 SYSTEMPATH/CodeIgniter.php(466): CodeIgniter\CodeIgniter->runController()
 5 SYSTEMPATH/CodeIgniter.php(349): CodeIgniter\CodeIgniter->handleRequest()
 6 FCPATH/index.php(57): CodeIgniter\CodeIgniter->run()
CRITICAL - 2024-01-30 13:14:01 --> Undefined variable $payArray
in APPPATH/Models/Engine.php on line 2035.
 1 APPPATH/Models/Engine.php(2035): CodeIgniter\Debug\Exceptions->errorHandler()
 2 APPPATH/Controllers/Api.php(139): App\Models\Engine->getBillToSynch()
 3 SYSTEMPATH/CodeIgniter.php(896): App\Controllers\Api->postbillpayment()
 4 SYSTEMPATH/CodeIgniter.php(466): CodeIgniter\CodeIgniter->runController()
 5 SYSTEMPATH/CodeIgniter.php(349): CodeIgniter\CodeIgniter->handleRequest()
 6 FCPATH/index.php(57): CodeIgniter\CodeIgniter->run()
CRITICAL - 2024-01-30 13:15:01 --> Undefined variable $payArray
in APPPATH/Models/Engine.php on line 2035.
 1 APPPATH/Models/Engine.php(2035): CodeIgniter\Debug\Exceptions->errorHandler()
 2 APPPATH/Controllers/Api.php(139): App\Models\Engine->getBillToSynch()
 3 SYSTEMPATH/CodeIgniter.php(896): App\Controllers\Api->postbillpayment()
 4 SYSTEMPATH/CodeIgniter.php(466): CodeIgniter\CodeIgniter->runController()
 5 SYSTEMPATH/CodeIgniter.php(349): CodeIgniter\CodeIgniter->handleRequest()
 6 FCPATH/index.php(57): CodeIgniter\CodeIgniter->run()
CRITICAL - 2024-01-30 13:16:01 --> Undefined variable $payArray
in APPPATH/Models/Engine.php on line 2035.
 1 APPPATH/Models/Engine.php(2035): CodeIgniter\Debug\Exceptions->errorHandler()
 2 APPPATH/Controllers/Api.php(139): App\Models\Engine->getBillToSynch()
 3 SYSTEMPATH/CodeIgniter.php(896): App\Controllers\Api->postbillpayment()
 4 SYSTEMPATH/CodeIgniter.php(466): CodeIgniter\CodeIgniter->runController()
 5 SYSTEMPATH/CodeIgniter.php(349): CodeIgniter\CodeIgniter->handleRequest()
 6 FCPATH/index.php(57): CodeIgniter\CodeIgniter->run()
CRITICAL - 2024-01-30 13:17:01 --> Undefined variable $payArray
in APPPATH/Models/Engine.php on line 2035.
 1 APPPATH/Models/Engine.php(2035): CodeIgniter\Debug\Exceptions->errorHandler()
 2 APPPATH/Controllers/Api.php(139): App\Models\Engine->getBillToSynch()
 3 SYSTEMPATH/CodeIgniter.php(896): App\Controllers\Api->postbillpayment()
 4 SYSTEMPATH/CodeIgniter.php(466): CodeIgniter\CodeIgniter->runController()
 5 SYSTEMPATH/CodeIgniter.php(349): CodeIgniter\CodeIgniter->handleRequest()
 6 FCPATH/index.php(57): CodeIgniter\CodeIgniter->run()
CRITICAL - 2024-01-30 13:18:01 --> Undefined variable $payArray
in APPPATH/Models/Engine.php on line 2035.
 1 APPPATH/Models/Engine.php(2035): CodeIgniter\Debug\Exceptions->errorHandler()
 2 APPPATH/Controllers/Api.php(139): App\Models\Engine->getBillToSynch()
 3 SYSTEMPATH/CodeIgniter.php(896): App\Controllers\Api->postbillpayment()
 4 SYSTEMPATH/CodeIgniter.php(466): CodeIgniter\CodeIgniter->runController()
 5 SYSTEMPATH/CodeIgniter.php(349): CodeIgniter\CodeIgniter->handleRequest()
 6 FCPATH/index.php(57): CodeIgniter\CodeIgniter->run()
CRITICAL - 2024-01-30 13:19:01 --> Undefined variable $payArray
in APPPATH/Models/Engine.php on line 2035.
 1 APPPATH/Models/Engine.php(2035): CodeIgniter\Debug\Exceptions->errorHandler()
 2 APPPATH/Controllers/Api.php(139): App\Models\Engine->getBillToSynch()
 3 SYSTEMPATH/CodeIgniter.php(896): App\Controllers\Api->postbillpayment()
 4 SYSTEMPATH/CodeIgniter.php(466): CodeIgniter\CodeIgniter->runController()
 5 SYSTEMPATH/CodeIgniter.php(349): CodeIgniter\CodeIgniter->handleRequest()
 6 FCPATH/index.php(57): CodeIgniter\CodeIgniter->run()
CRITICAL - 2024-01-30 13:20:01 --> Undefined variable $payArray
in APPPATH/Models/Engine.php on line 2035.
 1 APPPATH/Models/Engine.php(2035): CodeIgniter\Debug\Exceptions->errorHandler()
 2 APPPATH/Controllers/Api.php(139): App\Models\Engine->getBillToSynch()
 3 SYSTEMPATH/CodeIgniter.php(896): App\Controllers\Api->postbillpayment()
 4 SYSTEMPATH/CodeIgniter.php(466): CodeIgniter\CodeIgniter->runController()
 5 SYSTEMPATH/CodeIgniter.php(349): CodeIgniter\CodeIgniter->handleRequest()
 6 FCPATH/index.php(57): CodeIgniter\CodeIgniter->run()
CRITICAL - 2024-01-30 13:21:01 --> Undefined variable $payArray
in APPPATH/Models/Engine.php on line 2035.
 1 APPPATH/Models/Engine.php(2035): CodeIgniter\Debug\Exceptions->errorHandler()
 2 APPPATH/Controllers/Api.php(139): App\Models\Engine->getBillToSynch()
 3 SYSTEMPATH/CodeIgniter.php(896): App\Controllers\Api->postbillpayment()
 4 SYSTEMPATH/CodeIgniter.php(466): CodeIgniter\CodeIgniter->runController()
 5 SYSTEMPATH/CodeIgniter.php(349): CodeIgniter\CodeIgniter->handleRequest()
 6 FCPATH/index.php(57): CodeIgniter\CodeIgniter->run()
CRITICAL - 2024-01-30 13:22:01 --> Undefined variable $payArray
in APPPATH/Models/Engine.php on line 2035.
 1 APPPATH/Models/Engine.php(2035): CodeIgniter\Debug\Exceptions->errorHandler()
 2 APPPATH/Controllers/Api.php(139): App\Models\Engine->getBillToSynch()
 3 SYSTEMPATH/CodeIgniter.php(896): App\Controllers\Api->postbillpayment()
 4 SYSTEMPATH/CodeIgniter.php(466): CodeIgniter\CodeIgniter->runController()
 5 SYSTEMPATH/CodeIgniter.php(349): CodeIgniter\CodeIgniter->handleRequest()
 6 FCPATH/index.php(57): CodeIgniter\CodeIgniter->run()
CRITICAL - 2024-01-30 13:23:01 --> Undefined variable $payArray
in APPPATH/Models/Engine.php on line 2035.
 1 APPPATH/Models/Engine.php(2035): CodeIgniter\Debug\Exceptions->errorHandler()
 2 APPPATH/Controllers/Api.php(139): App\Models\Engine->getBillToSynch()
 3 SYSTEMPATH/CodeIgniter.php(896): App\Controllers\Api->postbillpayment()
 4 SYSTEMPATH/CodeIgniter.php(466): CodeIgniter\CodeIgniter->runController()
 5 SYSTEMPATH/CodeIgniter.php(349): CodeIgniter\CodeIgniter->handleRequest()
 6 FCPATH/index.php(57): CodeIgniter\CodeIgniter->run()
CRITICAL - 2024-01-30 13:24:01 --> Undefined variable $payArray
in APPPATH/Models/Engine.php on line 2035.
 1 APPPATH/Models/Engine.php(2035): CodeIgniter\Debug\Exceptions->errorHandler()
 2 APPPATH/Controllers/Api.php(139): App\Models\Engine->getBillToSynch()
 3 SYSTEMPATH/CodeIgniter.php(896): App\Controllers\Api->postbillpayment()
 4 SYSTEMPATH/CodeIgniter.php(466): CodeIgniter\CodeIgniter->runController()
 5 SYSTEMPATH/CodeIgniter.php(349): CodeIgniter\CodeIgniter->handleRequest()
 6 FCPATH/index.php(57): CodeIgniter\CodeIgniter->run()
CRITICAL - 2024-01-30 13:25:01 --> Undefined variable $payArray
in APPPATH/Models/Engine.php on line 2035.
 1 APPPATH/Models/Engine.php(2035): CodeIgniter\Debug\Exceptions->errorHandler()
 2 APPPATH/Controllers/Api.php(139): App\Models\Engine->getBillToSynch()
 3 SYSTEMPATH/CodeIgniter.php(896): App\Controllers\Api->postbillpayment()
 4 SYSTEMPATH/CodeIgniter.php(466): CodeIgniter\CodeIgniter->runController()
 5 SYSTEMPATH/CodeIgniter.php(349): CodeIgniter\CodeIgniter->handleRequest()
 6 FCPATH/index.php(57): CodeIgniter\CodeIgniter->run()
CRITICAL - 2024-01-30 13:26:01 --> Undefined variable $payArray
in APPPATH/Models/Engine.php on line 2035.
 1 APPPATH/Models/Engine.php(2035): CodeIgniter\Debug\Exceptions->errorHandler()
 2 APPPATH/Controllers/Api.php(139): App\Models\Engine->getBillToSynch()
 3 SYSTEMPATH/CodeIgniter.php(896): App\Controllers\Api->postbillpayment()
 4 SYSTEMPATH/CodeIgniter.php(466): CodeIgniter\CodeIgniter->runController()
 5 SYSTEMPATH/CodeIgniter.php(349): CodeIgniter\CodeIgniter->handleRequest()
 6 FCPATH/index.php(57): CodeIgniter\CodeIgniter->run()
CRITICAL - 2024-01-30 13:27:01 --> Undefined variable $payArray
in APPPATH/Models/Engine.php on line 2035.
 1 APPPATH/Models/Engine.php(2035): CodeIgniter\Debug\Exceptions->errorHandler()
 2 APPPATH/Controllers/Api.php(139): App\Models\Engine->getBillToSynch()
 3 SYSTEMPATH/CodeIgniter.php(896): App\Controllers\Api->postbillpayment()
 4 SYSTEMPATH/CodeIgniter.php(466): CodeIgniter\CodeIgniter->runController()
 5 SYSTEMPATH/CodeIgniter.php(349): CodeIgniter\CodeIgniter->handleRequest()
 6 FCPATH/index.php(57): CodeIgniter\CodeIgniter->run()
CRITICAL - 2024-01-30 13:28:01 --> Undefined variable $payArray
in APPPATH/Models/Engine.php on line 2035.
 1 APPPATH/Models/Engine.php(2035): CodeIgniter\Debug\Exceptions->errorHandler()
 2 APPPATH/Controllers/Api.php(139): App\Models\Engine->getBillToSynch()
 3 SYSTEMPATH/CodeIgniter.php(896): App\Controllers\Api->postbillpayment()
 4 SYSTEMPATH/CodeIgniter.php(466): CodeIgniter\CodeIgniter->runController()
 5 SYSTEMPATH/CodeIgniter.php(349): CodeIgniter\CodeIgniter->handleRequest()
 6 FCPATH/index.php(57): CodeIgniter\CodeIgniter->run()
CRITICAL - 2024-01-30 13:29:01 --> Undefined variable $payArray
in APPPATH/Models/Engine.php on line 2035.
 1 APPPATH/Models/Engine.php(2035): CodeIgniter\Debug\Exceptions->errorHandler()
 2 APPPATH/Controllers/Api.php(139): App\Models\Engine->getBillToSynch()
 3 SYSTEMPATH/CodeIgniter.php(896): App\Controllers\Api->postbillpayment()
 4 SYSTEMPATH/CodeIgniter.php(466): CodeIgniter\CodeIgniter->runController()
 5 SYSTEMPATH/CodeIgniter.php(349): CodeIgniter\CodeIgniter->handleRequest()
 6 FCPATH/index.php(57): CodeIgniter\CodeIgniter->run()
CRITICAL - 2024-01-30 13:30:01 --> Undefined variable $payArray
in APPPATH/Models/Engine.php on line 2035.
 1 APPPATH/Models/Engine.php(2035): CodeIgniter\Debug\Exceptions->errorHandler()
 2 APPPATH/Controllers/Api.php(139): App\Models\Engine->getBillToSynch()
 3 SYSTEMPATH/CodeIgniter.php(896): App\Controllers\Api->postbillpayment()
 4 SYSTEMPATH/CodeIgniter.php(466): CodeIgniter\CodeIgniter->runController()
 5 SYSTEMPATH/CodeIgniter.php(349): CodeIgniter\CodeIgniter->handleRequest()
 6 FCPATH/index.php(57): CodeIgniter\CodeIgniter->run()
CRITICAL - 2024-01-30 13:30:33 --> Error: Maximum execution time of 300 seconds exceeded
in SYSTEMPATH/Database/MySQLi/Connection.php on line 292.

CRITICAL - 2024-01-30 13:31:01 --> Undefined variable $payArray
in APPPATH/Models/Engine.php on line 2035.
 1 APPPATH/Models/Engine.php(2035): CodeIgniter\Debug\Exceptions->errorHandler()
 2 APPPATH/Controllers/Api.php(139): App\Models\Engine->getBillToSynch()
 3 SYSTEMPATH/CodeIgniter.php(896): App\Controllers\Api->postbillpayment()
 4 SYSTEMPATH/CodeIgniter.php(466): CodeIgniter\CodeIgniter->runController()
 5 SYSTEMPATH/CodeIgniter.php(349): CodeIgniter\CodeIgniter->handleRequest()
 6 FCPATH/index.php(57): CodeIgniter\CodeIgniter->run()
CRITICAL - 2024-01-30 13:32:01 --> Undefined variable $payArray
in APPPATH/Models/Engine.php on line 2035.
 1 APPPATH/Models/Engine.php(2035): CodeIgniter\Debug\Exceptions->errorHandler()
 2 APPPATH/Controllers/Api.php(139): App\Models\Engine->getBillToSynch()
 3 SYSTEMPATH/CodeIgniter.php(896): App\Controllers\Api->postbillpayment()
 4 SYSTEMPATH/CodeIgniter.php(466): CodeIgniter\CodeIgniter->runController()
 5 SYSTEMPATH/CodeIgniter.php(349): CodeIgniter\CodeIgniter->handleRequest()
 6 FCPATH/index.php(57): CodeIgniter\CodeIgniter->run()
CRITICAL - 2024-01-30 13:33:01 --> Undefined variable $payArray
in APPPATH/Models/Engine.php on line 2035.
 1 APPPATH/Models/Engine.php(2035): CodeIgniter\Debug\Exceptions->errorHandler()
 2 APPPATH/Controllers/Api.php(139): App\Models\Engine->getBillToSynch()
 3 SYSTEMPATH/CodeIgniter.php(896): App\Controllers\Api->postbillpayment()
 4 SYSTEMPATH/CodeIgniter.php(466): CodeIgniter\CodeIgniter->runController()
 5 SYSTEMPATH/CodeIgniter.php(349): CodeIgniter\CodeIgniter->handleRequest()
 6 FCPATH/index.php(57): CodeIgniter\CodeIgniter->run()
CRITICAL - 2024-01-30 13:34:01 --> Undefined variable $payArray
in APPPATH/Models/Engine.php on line 2035.
 1 APPPATH/Models/Engine.php(2035): CodeIgniter\Debug\Exceptions->errorHandler()
 2 APPPATH/Controllers/Api.php(139): App\Models\Engine->getBillToSynch()
 3 SYSTEMPATH/CodeIgniter.php(896): App\Controllers\Api->postbillpayment()
 4 SYSTEMPATH/CodeIgniter.php(466): CodeIgniter\CodeIgniter->runController()
 5 SYSTEMPATH/CodeIgniter.php(349): CodeIgniter\CodeIgniter->handleRequest()
 6 FCPATH/index.php(57): CodeIgniter\CodeIgniter->run()
CRITICAL - 2024-01-30 13:35:02 --> Undefined variable $payArray
in APPPATH/Models/Engine.php on line 2035.
 1 APPPATH/Models/Engine.php(2035): CodeIgniter\Debug\Exceptions->errorHandler()
 2 APPPATH/Controllers/Api.php(139): App\Models\Engine->getBillToSynch()
 3 SYSTEMPATH/CodeIgniter.php(896): App\Controllers\Api->postbillpayment()
 4 SYSTEMPATH/CodeIgniter.php(466): CodeIgniter\CodeIgniter->runController()
 5 SYSTEMPATH/CodeIgniter.php(349): CodeIgniter\CodeIgniter->handleRequest()
 6 FCPATH/index.php(57): CodeIgniter\CodeIgniter->run()
CRITICAL - 2024-01-30 13:35:56 --> Error: Maximum execution time of 300 seconds exceeded
in SYSTEMPATH/Debug/Toolbar/Collectors/Database.php on line 78.

CRITICAL - 2024-01-30 13:36:01 --> Undefined variable $payArray
in APPPATH/Models/Engine.php on line 2035.
 1 APPPATH/Models/Engine.php(2035): CodeIgniter\Debug\Exceptions->errorHandler()
 2 APPPATH/Controllers/Api.php(139): App\Models\Engine->getBillToSynch()
 3 SYSTEMPATH/CodeIgniter.php(896): App\Controllers\Api->postbillpayment()
 4 SYSTEMPATH/CodeIgniter.php(466): CodeIgniter\CodeIgniter->runController()
 5 SYSTEMPATH/CodeIgniter.php(349): CodeIgniter\CodeIgniter->handleRequest()
 6 FCPATH/index.php(57): CodeIgniter\CodeIgniter->run()
CRITICAL - 2024-01-30 13:36:29 --> Error: Maximum execution time of 300 seconds exceeded
in SYSTEMPATH/Database/MySQLi/Connection.php on line 292.

CRITICAL - 2024-01-30 13:37:01 --> Undefined variable $payArray
in APPPATH/Models/Engine.php on line 2035.
 1 APPPATH/Models/Engine.php(2035): CodeIgniter\Debug\Exceptions->errorHandler()
 2 APPPATH/Controllers/Api.php(139): App\Models\Engine->getBillToSynch()
 3 SYSTEMPATH/CodeIgniter.php(896): App\Controllers\Api->postbillpayment()
 4 SYSTEMPATH/CodeIgniter.php(466): CodeIgniter\CodeIgniter->runController()
 5 SYSTEMPATH/CodeIgniter.php(349): CodeIgniter\CodeIgniter->handleRequest()
 6 FCPATH/index.php(57): CodeIgniter\CodeIgniter->run()
CRITICAL - 2024-01-30 13:37:07 --> Error: Maximum execution time of 300 seconds exceeded
in SYSTEMPATH/Database/MySQLi/Connection.php on line 292.

CRITICAL - 2024-01-30 13:38:01 --> Undefined variable $payArray
in APPPATH/Models/Engine.php on line 2035.
 1 APPPATH/Models/Engine.php(2035): CodeIgniter\Debug\Exceptions->errorHandler()
 2 APPPATH/Controllers/Api.php(139): App\Models\Engine->getBillToSynch()
 3 SYSTEMPATH/CodeIgniter.php(896): App\Controllers\Api->postbillpayment()
 4 SYSTEMPATH/CodeIgniter.php(466): CodeIgniter\CodeIgniter->runController()
 5 SYSTEMPATH/CodeIgniter.php(349): CodeIgniter\CodeIgniter->handleRequest()
 6 FCPATH/index.php(57): CodeIgniter\CodeIgniter->run()
CRITICAL - 2024-01-30 13:39:01 --> Undefined variable $payArray
in APPPATH/Models/Engine.php on line 2035.
 1 APPPATH/Models/Engine.php(2035): CodeIgniter\Debug\Exceptions->errorHandler()
 2 APPPATH/Controllers/Api.php(139): App\Models\Engine->getBillToSynch()
 3 SYSTEMPATH/CodeIgniter.php(896): App\Controllers\Api->postbillpayment()
 4 SYSTEMPATH/CodeIgniter.php(466): CodeIgniter\CodeIgniter->runController()
 5 SYSTEMPATH/CodeIgniter.php(349): CodeIgniter\CodeIgniter->handleRequest()
 6 FCPATH/index.php(57): CodeIgniter\CodeIgniter->run()
CRITICAL - 2024-01-30 13:39:36 --> Error: Maximum execution time of 300 seconds exceeded
in SYSTEMPATH/Database/MySQLi/Connection.php on line 292.

CRITICAL - 2024-01-30 13:40:01 --> Undefined variable $payArray
in APPPATH/Models/Engine.php on line 2035.
 1 APPPATH/Models/Engine.php(2035): CodeIgniter\Debug\Exceptions->errorHandler()
 2 APPPATH/Controllers/Api.php(139): App\Models\Engine->getBillToSynch()
 3 SYSTEMPATH/CodeIgniter.php(896): App\Controllers\Api->postbillpayment()
 4 SYSTEMPATH/CodeIgniter.php(466): CodeIgniter\CodeIgniter->runController()
 5 SYSTEMPATH/CodeIgniter.php(349): CodeIgniter\CodeIgniter->handleRequest()
 6 FCPATH/index.php(57): CodeIgniter\CodeIgniter->run()
CRITICAL - 2024-01-30 13:41:01 --> Undefined variable $payArray
in APPPATH/Models/Engine.php on line 2035.
 1 APPPATH/Models/Engine.php(2035): CodeIgniter\Debug\Exceptions->errorHandler()
 2 APPPATH/Controllers/Api.php(139): App\Models\Engine->getBillToSynch()
 3 SYSTEMPATH/CodeIgniter.php(896): App\Controllers\Api->postbillpayment()
 4 SYSTEMPATH/CodeIgniter.php(466): CodeIgniter\CodeIgniter->runController()
 5 SYSTEMPATH/CodeIgniter.php(349): CodeIgniter\CodeIgniter->handleRequest()
 6 FCPATH/index.php(57): CodeIgniter\CodeIgniter->run()
CRITICAL - 2024-01-30 13:42:01 --> Undefined variable $payArray
in APPPATH/Models/Engine.php on line 2035.
 1 APPPATH/Models/Engine.php(2035): CodeIgniter\Debug\Exceptions->errorHandler()
 2 APPPATH/Controllers/Api.php(139): App\Models\Engine->getBillToSynch()
 3 SYSTEMPATH/CodeIgniter.php(896): App\Controllers\Api->postbillpayment()
 4 SYSTEMPATH/CodeIgniter.php(466): CodeIgniter\CodeIgniter->runController()
 5 SYSTEMPATH/CodeIgniter.php(349): CodeIgniter\CodeIgniter->handleRequest()
 6 FCPATH/index.php(57): CodeIgniter\CodeIgniter->run()
CRITICAL - 2024-01-30 13:43:01 --> Undefined variable $payArray
in APPPATH/Models/Engine.php on line 2035.
 1 APPPATH/Models/Engine.php(2035): CodeIgniter\Debug\Exceptions->errorHandler()
 2 APPPATH/Controllers/Api.php(139): App\Models\Engine->getBillToSynch()
 3 SYSTEMPATH/CodeIgniter.php(896): App\Controllers\Api->postbillpayment()
 4 SYSTEMPATH/CodeIgniter.php(466): CodeIgniter\CodeIgniter->runController()
 5 SYSTEMPATH/CodeIgniter.php(349): CodeIgniter\CodeIgniter->handleRequest()
 6 FCPATH/index.php(57): CodeIgniter\CodeIgniter->run()
CRITICAL - 2024-01-30 13:44:01 --> Undefined variable $payArray
in APPPATH/Models/Engine.php on line 2035.
 1 APPPATH/Models/Engine.php(2035): CodeIgniter\Debug\Exceptions->errorHandler()
 2 APPPATH/Controllers/Api.php(139): App\Models\Engine->getBillToSynch()
 3 SYSTEMPATH/CodeIgniter.php(896): App\Controllers\Api->postbillpayment()
 4 SYSTEMPATH/CodeIgniter.php(466): CodeIgniter\CodeIgniter->runController()
 5 SYSTEMPATH/CodeIgniter.php(349): CodeIgniter\CodeIgniter->handleRequest()
 6 FCPATH/index.php(57): CodeIgniter\CodeIgniter->run()
CRITICAL - 2024-01-30 13:45:01 --> Undefined variable $payArray
in APPPATH/Models/Engine.php on line 2035.
 1 APPPATH/Models/Engine.php(2035): CodeIgniter\Debug\Exceptions->errorHandler()
 2 APPPATH/Controllers/Api.php(139): App\Models\Engine->getBillToSynch()
 3 SYSTEMPATH/CodeIgniter.php(896): App\Controllers\Api->postbillpayment()
 4 SYSTEMPATH/CodeIgniter.php(466): CodeIgniter\CodeIgniter->runController()
 5 SYSTEMPATH/CodeIgniter.php(349): CodeIgniter\CodeIgniter->handleRequest()
 6 FCPATH/index.php(57): CodeIgniter\CodeIgniter->run()
CRITICAL - 2024-01-30 13:46:01 --> Undefined variable $payArray
in APPPATH/Models/Engine.php on line 2035.
 1 APPPATH/Models/Engine.php(2035): CodeIgniter\Debug\Exceptions->errorHandler()
 2 APPPATH/Controllers/Api.php(139): App\Models\Engine->getBillToSynch()
 3 SYSTEMPATH/CodeIgniter.php(896): App\Controllers\Api->postbillpayment()
 4 SYSTEMPATH/CodeIgniter.php(466): CodeIgniter\CodeIgniter->runController()
 5 SYSTEMPATH/CodeIgniter.php(349): CodeIgniter\CodeIgniter->handleRequest()
 6 FCPATH/index.php(57): CodeIgniter\CodeIgniter->run()
CRITICAL - 2024-01-30 13:47:01 --> Undefined variable $payArray
in APPPATH/Models/Engine.php on line 2035.
 1 APPPATH/Models/Engine.php(2035): CodeIgniter\Debug\Exceptions->errorHandler()
 2 APPPATH/Controllers/Api.php(139): App\Models\Engine->getBillToSynch()
 3 SYSTEMPATH/CodeIgniter.php(896): App\Controllers\Api->postbillpayment()
 4 SYSTEMPATH/CodeIgniter.php(466): CodeIgniter\CodeIgniter->runController()
 5 SYSTEMPATH/CodeIgniter.php(349): CodeIgniter\CodeIgniter->handleRequest()
 6 FCPATH/index.php(57): CodeIgniter\CodeIgniter->run()
CRITICAL - 2024-01-30 13:48:01 --> Undefined variable $payArray
in APPPATH/Models/Engine.php on line 2035.
 1 APPPATH/Models/Engine.php(2035): CodeIgniter\Debug\Exceptions->errorHandler()
 2 APPPATH/Controllers/Api.php(139): App\Models\Engine->getBillToSynch()
 3 SYSTEMPATH/CodeIgniter.php(896): App\Controllers\Api->postbillpayment()
 4 SYSTEMPATH/CodeIgniter.php(466): CodeIgniter\CodeIgniter->runController()
 5 SYSTEMPATH/CodeIgniter.php(349): CodeIgniter\CodeIgniter->handleRequest()
 6 FCPATH/index.php(57): CodeIgniter\CodeIgniter->run()
CRITICAL - 2024-01-30 13:49:01 --> Undefined variable $payArray
in APPPATH/Models/Engine.php on line 2035.
 1 APPPATH/Models/Engine.php(2035): CodeIgniter\Debug\Exceptions->errorHandler()
 2 APPPATH/Controllers/Api.php(139): App\Models\Engine->getBillToSynch()
 3 SYSTEMPATH/CodeIgniter.php(896): App\Controllers\Api->postbillpayment()
 4 SYSTEMPATH/CodeIgniter.php(466): CodeIgniter\CodeIgniter->runController()
 5 SYSTEMPATH/CodeIgniter.php(349): CodeIgniter\CodeIgniter->handleRequest()
 6 FCPATH/index.php(57): CodeIgniter\CodeIgniter->run()
CRITICAL - 2024-01-30 13:50:01 --> Undefined variable $payArray
in APPPATH/Models/Engine.php on line 2035.
 1 APPPATH/Models/Engine.php(2035): CodeIgniter\Debug\Exceptions->errorHandler()
 2 APPPATH/Controllers/Api.php(139): App\Models\Engine->getBillToSynch()
 3 SYSTEMPATH/CodeIgniter.php(896): App\Controllers\Api->postbillpayment()
 4 SYSTEMPATH/CodeIgniter.php(466): CodeIgniter\CodeIgniter->runController()
 5 SYSTEMPATH/CodeIgniter.php(349): CodeIgniter\CodeIgniter->handleRequest()
 6 FCPATH/index.php(57): CodeIgniter\CodeIgniter->run()
CRITICAL - 2024-01-30 13:51:01 --> Undefined variable $payArray
in APPPATH/Models/Engine.php on line 2035.
 1 APPPATH/Models/Engine.php(2035): CodeIgniter\Debug\Exceptions->errorHandler()
 2 APPPATH/Controllers/Api.php(139): App\Models\Engine->getBillToSynch()
 3 SYSTEMPATH/CodeIgniter.php(896): App\Controllers\Api->postbillpayment()
 4 SYSTEMPATH/CodeIgniter.php(466): CodeIgniter\CodeIgniter->runController()
 5 SYSTEMPATH/CodeIgniter.php(349): CodeIgniter\CodeIgniter->handleRequest()
 6 FCPATH/index.php(57): CodeIgniter\CodeIgniter->run()
CRITICAL - 2024-01-30 13:52:01 --> Undefined variable $payArray
in APPPATH/Models/Engine.php on line 2035.
 1 APPPATH/Models/Engine.php(2035): CodeIgniter\Debug\Exceptions->errorHandler()
 2 APPPATH/Controllers/Api.php(139): App\Models\Engine->getBillToSynch()
 3 SYSTEMPATH/CodeIgniter.php(896): App\Controllers\Api->postbillpayment()
 4 SYSTEMPATH/CodeIgniter.php(466): CodeIgniter\CodeIgniter->runController()
 5 SYSTEMPATH/CodeIgniter.php(349): CodeIgniter\CodeIgniter->handleRequest()
 6 FCPATH/index.php(57): CodeIgniter\CodeIgniter->run()
CRITICAL - 2024-01-30 13:53:01 --> Undefined variable $payArray
in APPPATH/Models/Engine.php on line 2035.
 1 APPPATH/Models/Engine.php(2035): CodeIgniter\Debug\Exceptions->errorHandler()
 2 APPPATH/Controllers/Api.php(139): App\Models\Engine->getBillToSynch()
 3 SYSTEMPATH/CodeIgniter.php(896): App\Controllers\Api->postbillpayment()
 4 SYSTEMPATH/CodeIgniter.php(466): CodeIgniter\CodeIgniter->runController()
 5 SYSTEMPATH/CodeIgniter.php(349): CodeIgniter\CodeIgniter->handleRequest()
 6 FCPATH/index.php(57): CodeIgniter\CodeIgniter->run()
CRITICAL - 2024-01-30 13:54:01 --> Undefined variable $payArray
in APPPATH/Models/Engine.php on line 2035.
 1 APPPATH/Models/Engine.php(2035): CodeIgniter\Debug\Exceptions->errorHandler()
 2 APPPATH/Controllers/Api.php(139): App\Models\Engine->getBillToSynch()
 3 SYSTEMPATH/CodeIgniter.php(896): App\Controllers\Api->postbillpayment()
 4 SYSTEMPATH/CodeIgniter.php(466): CodeIgniter\CodeIgniter->runController()
 5 SYSTEMPATH/CodeIgniter.php(349): CodeIgniter\CodeIgniter->handleRequest()
 6 FCPATH/index.php(57): CodeIgniter\CodeIgniter->run()
CRITICAL - 2024-01-30 13:55:01 --> Undefined variable $payArray
in APPPATH/Models/Engine.php on line 2035.
 1 APPPATH/Models/Engine.php(2035): CodeIgniter\Debug\Exceptions->errorHandler()
 2 APPPATH/Controllers/Api.php(139): App\Models\Engine->getBillToSynch()
 3 SYSTEMPATH/CodeIgniter.php(896): App\Controllers\Api->postbillpayment()
 4 SYSTEMPATH/CodeIgniter.php(466): CodeIgniter\CodeIgniter->runController()
 5 SYSTEMPATH/CodeIgniter.php(349): CodeIgniter\CodeIgniter->handleRequest()
 6 FCPATH/index.php(57): CodeIgniter\CodeIgniter->run()
CRITICAL - 2024-01-30 13:56:02 --> Undefined variable $payArray
in APPPATH/Models/Engine.php on line 2035.
 1 APPPATH/Models/Engine.php(2035): CodeIgniter\Debug\Exceptions->errorHandler()
 2 APPPATH/Controllers/Api.php(139): App\Models\Engine->getBillToSynch()
 3 SYSTEMPATH/CodeIgniter.php(896): App\Controllers\Api->postbillpayment()
 4 SYSTEMPATH/CodeIgniter.php(466): CodeIgniter\CodeIgniter->runController()
 5 SYSTEMPATH/CodeIgniter.php(349): CodeIgniter\CodeIgniter->handleRequest()
 6 FCPATH/index.php(57): CodeIgniter\CodeIgniter->run()
CRITICAL - 2024-01-30 13:57:01 --> Undefined variable $payArray
in APPPATH/Models/Engine.php on line 2035.
 1 APPPATH/Models/Engine.php(2035): CodeIgniter\Debug\Exceptions->errorHandler()
 2 APPPATH/Controllers/Api.php(139): App\Models\Engine->getBillToSynch()
 3 SYSTEMPATH/CodeIgniter.php(896): App\Controllers\Api->postbillpayment()
 4 SYSTEMPATH/CodeIgniter.php(466): CodeIgniter\CodeIgniter->runController()
 5 SYSTEMPATH/CodeIgniter.php(349): CodeIgniter\CodeIgniter->handleRequest()
 6 FCPATH/index.php(57): CodeIgniter\CodeIgniter->run()
CRITICAL - 2024-01-30 13:58:01 --> Undefined variable $payArray
in APPPATH/Models/Engine.php on line 2035.
 1 APPPATH/Models/Engine.php(2035): CodeIgniter\Debug\Exceptions->errorHandler()
 2 APPPATH/Controllers/Api.php(139): App\Models\Engine->getBillToSynch()
 3 SYSTEMPATH/CodeIgniter.php(896): App\Controllers\Api->postbillpayment()
 4 SYSTEMPATH/CodeIgniter.php(466): CodeIgniter\CodeIgniter->runController()
 5 SYSTEMPATH/CodeIgniter.php(349): CodeIgniter\CodeIgniter->handleRequest()
 6 FCPATH/index.php(57): CodeIgniter\CodeIgniter->run()
CRITICAL - 2024-01-30 13:59:01 --> Undefined variable $payArray
in APPPATH/Models/Engine.php on line 2035.
 1 APPPATH/Models/Engine.php(2035): CodeIgniter\Debug\Exceptions->errorHandler()
 2 APPPATH/Controllers/Api.php(139): App\Models\Engine->getBillToSynch()
 3 SYSTEMPATH/CodeIgniter.php(896): App\Controllers\Api->postbillpayment()
 4 SYSTEMPATH/CodeIgniter.php(466): CodeIgniter\CodeIgniter->runController()
 5 SYSTEMPATH/CodeIgniter.php(349): CodeIgniter\CodeIgniter->handleRequest()
 6 FCPATH/index.php(57): CodeIgniter\CodeIgniter->run()
CRITICAL - 2024-01-30 14:00:01 --> Undefined variable $payArray
in APPPATH/Models/Engine.php on line 2035.
 1 APPPATH/Models/Engine.php(2035): CodeIgniter\Debug\Exceptions->errorHandler()
 2 APPPATH/Controllers/Api.php(139): App\Models\Engine->getBillToSynch()
 3 SYSTEMPATH/CodeIgniter.php(896): App\Controllers\Api->postbillpayment()
 4 SYSTEMPATH/CodeIgniter.php(466): CodeIgniter\CodeIgniter->runController()
 5 SYSTEMPATH/CodeIgniter.php(349): CodeIgniter\CodeIgniter->handleRequest()
 6 FCPATH/index.php(57): CodeIgniter\CodeIgniter->run()
CRITICAL - 2024-01-30 14:01:01 --> Undefined variable $payArray
in APPPATH/Models/Engine.php on line 2035.
 1 APPPATH/Models/Engine.php(2035): CodeIgniter\Debug\Exceptions->errorHandler()
 2 APPPATH/Controllers/Api.php(139): App\Models\Engine->getBillToSynch()
 3 SYSTEMPATH/CodeIgniter.php(896): App\Controllers\Api->postbillpayment()
 4 SYSTEMPATH/CodeIgniter.php(466): CodeIgniter\CodeIgniter->runController()
 5 SYSTEMPATH/CodeIgniter.php(349): CodeIgniter\CodeIgniter->handleRequest()
 6 FCPATH/index.php(57): CodeIgniter\CodeIgniter->run()
CRITICAL - 2024-01-30 14:02:01 --> Undefined variable $payArray
in APPPATH/Models/Engine.php on line 2035.
 1 APPPATH/Models/Engine.php(2035): CodeIgniter\Debug\Exceptions->errorHandler()
 2 APPPATH/Controllers/Api.php(139): App\Models\Engine->getBillToSynch()
 3 SYSTEMPATH/CodeIgniter.php(896): App\Controllers\Api->postbillpayment()
 4 SYSTEMPATH/CodeIgniter.php(466): CodeIgniter\CodeIgniter->runController()
 5 SYSTEMPATH/CodeIgniter.php(349): CodeIgniter\CodeIgniter->handleRequest()
 6 FCPATH/index.php(57): CodeIgniter\CodeIgniter->run()
CRITICAL - 2024-01-30 14:03:01 --> Undefined variable $payArray
in APPPATH/Models/Engine.php on line 2035.
 1 APPPATH/Models/Engine.php(2035): CodeIgniter\Debug\Exceptions->errorHandler()
 2 APPPATH/Controllers/Api.php(139): App\Models\Engine->getBillToSynch()
 3 SYSTEMPATH/CodeIgniter.php(896): App\Controllers\Api->postbillpayment()
 4 SYSTEMPATH/CodeIgniter.php(466): CodeIgniter\CodeIgniter->runController()
 5 SYSTEMPATH/CodeIgniter.php(349): CodeIgniter\CodeIgniter->handleRequest()
 6 FCPATH/index.php(57): CodeIgniter\CodeIgniter->run()
CRITICAL - 2024-01-30 14:04:01 --> Undefined variable $payArray
in APPPATH/Models/Engine.php on line 2035.
 1 APPPATH/Models/Engine.php(2035): CodeIgniter\Debug\Exceptions->errorHandler()
 2 APPPATH/Controllers/Api.php(139): App\Models\Engine->getBillToSynch()
 3 SYSTEMPATH/CodeIgniter.php(896): App\Controllers\Api->postbillpayment()
 4 SYSTEMPATH/CodeIgniter.php(466): CodeIgniter\CodeIgniter->runController()
 5 SYSTEMPATH/CodeIgniter.php(349): CodeIgniter\CodeIgniter->handleRequest()
 6 FCPATH/index.php(57): CodeIgniter\CodeIgniter->run()
CRITICAL - 2024-01-30 14:05:01 --> Undefined variable $payArray
in APPPATH/Models/Engine.php on line 2035.
 1 APPPATH/Models/Engine.php(2035): CodeIgniter\Debug\Exceptions->errorHandler()
 2 APPPATH/Controllers/Api.php(139): App\Models\Engine->getBillToSynch()
 3 SYSTEMPATH/CodeIgniter.php(896): App\Controllers\Api->postbillpayment()
 4 SYSTEMPATH/CodeIgniter.php(466): CodeIgniter\CodeIgniter->runController()
 5 SYSTEMPATH/CodeIgniter.php(349): CodeIgniter\CodeIgniter->handleRequest()
 6 FCPATH/index.php(57): CodeIgniter\CodeIgniter->run()
CRITICAL - 2024-01-30 14:06:01 --> Undefined variable $payArray
in APPPATH/Models/Engine.php on line 2035.
 1 APPPATH/Models/Engine.php(2035): CodeIgniter\Debug\Exceptions->errorHandler()
 2 APPPATH/Controllers/Api.php(139): App\Models\Engine->getBillToSynch()
 3 SYSTEMPATH/CodeIgniter.php(896): App\Controllers\Api->postbillpayment()
 4 SYSTEMPATH/CodeIgniter.php(466): CodeIgniter\CodeIgniter->runController()
 5 SYSTEMPATH/CodeIgniter.php(349): CodeIgniter\CodeIgniter->handleRequest()
 6 FCPATH/index.php(57): CodeIgniter\CodeIgniter->run()
CRITICAL - 2024-01-30 14:07:01 --> Undefined variable $payArray
in APPPATH/Models/Engine.php on line 2035.
 1 APPPATH/Models/Engine.php(2035): CodeIgniter\Debug\Exceptions->errorHandler()
 2 APPPATH/Controllers/Api.php(139): App\Models\Engine->getBillToSynch()
 3 SYSTEMPATH/CodeIgniter.php(896): App\Controllers\Api->postbillpayment()
 4 SYSTEMPATH/CodeIgniter.php(466): CodeIgniter\CodeIgniter->runController()
 5 SYSTEMPATH/CodeIgniter.php(349): CodeIgniter\CodeIgniter->handleRequest()
 6 FCPATH/index.php(57): CodeIgniter\CodeIgniter->run()
CRITICAL - 2024-01-30 14:08:01 --> Undefined variable $payArray
in APPPATH/Models/Engine.php on line 2035.
 1 APPPATH/Models/Engine.php(2035): CodeIgniter\Debug\Exceptions->errorHandler()
 2 APPPATH/Controllers/Api.php(139): App\Models\Engine->getBillToSynch()
 3 SYSTEMPATH/CodeIgniter.php(896): App\Controllers\Api->postbillpayment()
 4 SYSTEMPATH/CodeIgniter.php(466): CodeIgniter\CodeIgniter->runController()
 5 SYSTEMPATH/CodeIgniter.php(349): CodeIgniter\CodeIgniter->handleRequest()
 6 FCPATH/index.php(57): CodeIgniter\CodeIgniter->run()
CRITICAL - 2024-01-30 14:09:01 --> Undefined variable $payArray
in APPPATH/Models/Engine.php on line 2035.
 1 APPPATH/Models/Engine.php(2035): CodeIgniter\Debug\Exceptions->errorHandler()
 2 APPPATH/Controllers/Api.php(139): App\Models\Engine->getBillToSynch()
 3 SYSTEMPATH/CodeIgniter.php(896): App\Controllers\Api->postbillpayment()
 4 SYSTEMPATH/CodeIgniter.php(466): CodeIgniter\CodeIgniter->runController()
 5 SYSTEMPATH/CodeIgniter.php(349): CodeIgniter\CodeIgniter->handleRequest()
 6 FCPATH/index.php(57): CodeIgniter\CodeIgniter->run()
CRITICAL - 2024-01-30 14:10:01 --> Undefined variable $payArray
in APPPATH/Models/Engine.php on line 2035.
 1 APPPATH/Models/Engine.php(2035): CodeIgniter\Debug\Exceptions->errorHandler()
 2 APPPATH/Controllers/Api.php(139): App\Models\Engine->getBillToSynch()
 3 SYSTEMPATH/CodeIgniter.php(896): App\Controllers\Api->postbillpayment()
 4 SYSTEMPATH/CodeIgniter.php(466): CodeIgniter\CodeIgniter->runController()
 5 SYSTEMPATH/CodeIgniter.php(349): CodeIgniter\CodeIgniter->handleRequest()
 6 FCPATH/index.php(57): CodeIgniter\CodeIgniter->run()
CRITICAL - 2024-01-30 14:11:01 --> Undefined variable $payArray
in APPPATH/Models/Engine.php on line 2035.
 1 APPPATH/Models/Engine.php(2035): CodeIgniter\Debug\Exceptions->errorHandler()
 2 APPPATH/Controllers/Api.php(139): App\Models\Engine->getBillToSynch()
 3 SYSTEMPATH/CodeIgniter.php(896): App\Controllers\Api->postbillpayment()
 4 SYSTEMPATH/CodeIgniter.php(466): CodeIgniter\CodeIgniter->runController()
 5 SYSTEMPATH/CodeIgniter.php(349): CodeIgniter\CodeIgniter->handleRequest()
 6 FCPATH/index.php(57): CodeIgniter\CodeIgniter->run()
CRITICAL - 2024-01-30 14:12:01 --> Undefined variable $payArray
in APPPATH/Models/Engine.php on line 2035.
 1 APPPATH/Models/Engine.php(2035): CodeIgniter\Debug\Exceptions->errorHandler()
 2 APPPATH/Controllers/Api.php(139): App\Models\Engine->getBillToSynch()
 3 SYSTEMPATH/CodeIgniter.php(896): App\Controllers\Api->postbillpayment()
 4 SYSTEMPATH/CodeIgniter.php(466): CodeIgniter\CodeIgniter->runController()
 5 SYSTEMPATH/CodeIgniter.php(349): CodeIgniter\CodeIgniter->handleRequest()
 6 FCPATH/index.php(57): CodeIgniter\CodeIgniter->run()
CRITICAL - 2024-01-30 14:13:01 --> Undefined variable $payArray
in APPPATH/Models/Engine.php on line 2035.
 1 APPPATH/Models/Engine.php(2035): CodeIgniter\Debug\Exceptions->errorHandler()
 2 APPPATH/Controllers/Api.php(139): App\Models\Engine->getBillToSynch()
 3 SYSTEMPATH/CodeIgniter.php(896): App\Controllers\Api->postbillpayment()
 4 SYSTEMPATH/CodeIgniter.php(466): CodeIgniter\CodeIgniter->runController()
 5 SYSTEMPATH/CodeIgniter.php(349): CodeIgniter\CodeIgniter->handleRequest()
 6 FCPATH/index.php(57): CodeIgniter\CodeIgniter->run()
CRITICAL - 2024-01-30 14:14:01 --> Undefined variable $payArray
in APPPATH/Models/Engine.php on line 2035.
 1 APPPATH/Models/Engine.php(2035): CodeIgniter\Debug\Exceptions->errorHandler()
 2 APPPATH/Controllers/Api.php(139): App\Models\Engine->getBillToSynch()
 3 SYSTEMPATH/CodeIgniter.php(896): App\Controllers\Api->postbillpayment()
 4 SYSTEMPATH/CodeIgniter.php(466): CodeIgniter\CodeIgniter->runController()
 5 SYSTEMPATH/CodeIgniter.php(349): CodeIgniter\CodeIgniter->handleRequest()
 6 FCPATH/index.php(57): CodeIgniter\CodeIgniter->run()
CRITICAL - 2024-01-30 14:15:01 --> Undefined variable $payArray
in APPPATH/Models/Engine.php on line 2035.
 1 APPPATH/Models/Engine.php(2035): CodeIgniter\Debug\Exceptions->errorHandler()
 2 APPPATH/Controllers/Api.php(139): App\Models\Engine->getBillToSynch()
 3 SYSTEMPATH/CodeIgniter.php(896): App\Controllers\Api->postbillpayment()
 4 SYSTEMPATH/CodeIgniter.php(466): CodeIgniter\CodeIgniter->runController()
 5 SYSTEMPATH/CodeIgniter.php(349): CodeIgniter\CodeIgniter->handleRequest()
 6 FCPATH/index.php(57): CodeIgniter\CodeIgniter->run()
CRITICAL - 2024-01-30 14:16:01 --> Undefined variable $payArray
in APPPATH/Models/Engine.php on line 2035.
 1 APPPATH/Models/Engine.php(2035): CodeIgniter\Debug\Exceptions->errorHandler()
 2 APPPATH/Controllers/Api.php(139): App\Models\Engine->getBillToSynch()
 3 SYSTEMPATH/CodeIgniter.php(896): App\Controllers\Api->postbillpayment()
 4 SYSTEMPATH/CodeIgniter.php(466): CodeIgniter\CodeIgniter->runController()
 5 SYSTEMPATH/CodeIgniter.php(349): CodeIgniter\CodeIgniter->handleRequest()
 6 FCPATH/index.php(57): CodeIgniter\CodeIgniter->run()
CRITICAL - 2024-01-30 14:17:01 --> Undefined variable $payArray
in APPPATH/Models/Engine.php on line 2035.
 1 APPPATH/Models/Engine.php(2035): CodeIgniter\Debug\Exceptions->errorHandler()
 2 APPPATH/Controllers/Api.php(139): App\Models\Engine->getBillToSynch()
 3 SYSTEMPATH/CodeIgniter.php(896): App\Controllers\Api->postbillpayment()
 4 SYSTEMPATH/CodeIgniter.php(466): CodeIgniter\CodeIgniter->runController()
 5 SYSTEMPATH/CodeIgniter.php(349): CodeIgniter\CodeIgniter->handleRequest()
 6 FCPATH/index.php(57): CodeIgniter\CodeIgniter->run()
CRITICAL - 2024-01-30 14:18:01 --> Undefined variable $payArray
in APPPATH/Models/Engine.php on line 2035.
 1 APPPATH/Models/Engine.php(2035): CodeIgniter\Debug\Exceptions->errorHandler()
 2 APPPATH/Controllers/Api.php(139): App\Models\Engine->getBillToSynch()
 3 SYSTEMPATH/CodeIgniter.php(896): App\Controllers\Api->postbillpayment()
 4 SYSTEMPATH/CodeIgniter.php(466): CodeIgniter\CodeIgniter->runController()
 5 SYSTEMPATH/CodeIgniter.php(349): CodeIgniter\CodeIgniter->handleRequest()
 6 FCPATH/index.php(57): CodeIgniter\CodeIgniter->run()
CRITICAL - 2024-01-30 14:19:02 --> Undefined variable $payArray
in APPPATH/Models/Engine.php on line 2035.
 1 APPPATH/Models/Engine.php(2035): CodeIgniter\Debug\Exceptions->errorHandler()
 2 APPPATH/Controllers/Api.php(139): App\Models\Engine->getBillToSynch()
 3 SYSTEMPATH/CodeIgniter.php(896): App\Controllers\Api->postbillpayment()
 4 SYSTEMPATH/CodeIgniter.php(466): CodeIgniter\CodeIgniter->runController()
 5 SYSTEMPATH/CodeIgniter.php(349): CodeIgniter\CodeIgniter->handleRequest()
 6 FCPATH/index.php(57): CodeIgniter\CodeIgniter->run()
CRITICAL - 2024-01-30 14:20:01 --> Undefined variable $payArray
in APPPATH/Models/Engine.php on line 2035.
 1 APPPATH/Models/Engine.php(2035): CodeIgniter\Debug\Exceptions->errorHandler()
 2 APPPATH/Controllers/Api.php(139): App\Models\Engine->getBillToSynch()
 3 SYSTEMPATH/CodeIgniter.php(896): App\Controllers\Api->postbillpayment()
 4 SYSTEMPATH/CodeIgniter.php(466): CodeIgniter\CodeIgniter->runController()
 5 SYSTEMPATH/CodeIgniter.php(349): CodeIgniter\CodeIgniter->handleRequest()
 6 FCPATH/index.php(57): CodeIgniter\CodeIgniter->run()
CRITICAL - 2024-01-30 14:21:01 --> Undefined variable $payArray
in APPPATH/Models/Engine.php on line 2035.
 1 APPPATH/Models/Engine.php(2035): CodeIgniter\Debug\Exceptions->errorHandler()
 2 APPPATH/Controllers/Api.php(139): App\Models\Engine->getBillToSynch()
 3 SYSTEMPATH/CodeIgniter.php(896): App\Controllers\Api->postbillpayment()
 4 SYSTEMPATH/CodeIgniter.php(466): CodeIgniter\CodeIgniter->runController()
 5 SYSTEMPATH/CodeIgniter.php(349): CodeIgniter\CodeIgniter->handleRequest()
 6 FCPATH/index.php(57): CodeIgniter\CodeIgniter->run()
CRITICAL - 2024-01-30 14:22:01 --> Undefined variable $payArray
in APPPATH/Models/Engine.php on line 2035.
 1 APPPATH/Models/Engine.php(2035): CodeIgniter\Debug\Exceptions->errorHandler()
 2 APPPATH/Controllers/Api.php(139): App\Models\Engine->getBillToSynch()
 3 SYSTEMPATH/CodeIgniter.php(896): App\Controllers\Api->postbillpayment()
 4 SYSTEMPATH/CodeIgniter.php(466): CodeIgniter\CodeIgniter->runController()
 5 SYSTEMPATH/CodeIgniter.php(349): CodeIgniter\CodeIgniter->handleRequest()
 6 FCPATH/index.php(57): CodeIgniter\CodeIgniter->run()
CRITICAL - 2024-01-30 14:23:01 --> Undefined variable $payArray
in APPPATH/Models/Engine.php on line 2035.
 1 APPPATH/Models/Engine.php(2035): CodeIgniter\Debug\Exceptions->errorHandler()
 2 APPPATH/Controllers/Api.php(139): App\Models\Engine->getBillToSynch()
 3 SYSTEMPATH/CodeIgniter.php(896): App\Controllers\Api->postbillpayment()
 4 SYSTEMPATH/CodeIgniter.php(466): CodeIgniter\CodeIgniter->runController()
 5 SYSTEMPATH/CodeIgniter.php(349): CodeIgniter\CodeIgniter->handleRequest()
 6 FCPATH/index.php(57): CodeIgniter\CodeIgniter->run()
CRITICAL - 2024-01-30 14:24:01 --> Undefined variable $payArray
in APPPATH/Models/Engine.php on line 2035.
 1 APPPATH/Models/Engine.php(2035): CodeIgniter\Debug\Exceptions->errorHandler()
 2 APPPATH/Controllers/Api.php(139): App\Models\Engine->getBillToSynch()
 3 SYSTEMPATH/CodeIgniter.php(896): App\Controllers\Api->postbillpayment()
 4 SYSTEMPATH/CodeIgniter.php(466): CodeIgniter\CodeIgniter->runController()
 5 SYSTEMPATH/CodeIgniter.php(349): CodeIgniter\CodeIgniter->handleRequest()
 6 FCPATH/index.php(57): CodeIgniter\CodeIgniter->run()
CRITICAL - 2024-01-30 14:25:01 --> Undefined variable $payArray
in APPPATH/Models/Engine.php on line 2035.
 1 APPPATH/Models/Engine.php(2035): CodeIgniter\Debug\Exceptions->errorHandler()
 2 APPPATH/Controllers/Api.php(139): App\Models\Engine->getBillToSynch()
 3 SYSTEMPATH/CodeIgniter.php(896): App\Controllers\Api->postbillpayment()
 4 SYSTEMPATH/CodeIgniter.php(466): CodeIgniter\CodeIgniter->runController()
 5 SYSTEMPATH/CodeIgniter.php(349): CodeIgniter\CodeIgniter->handleRequest()
 6 FCPATH/index.php(57): CodeIgniter\CodeIgniter->run()
CRITICAL - 2024-01-30 14:26:01 --> Undefined variable $payArray
in APPPATH/Models/Engine.php on line 2035.
 1 APPPATH/Models/Engine.php(2035): CodeIgniter\Debug\Exceptions->errorHandler()
 2 APPPATH/Controllers/Api.php(139): App\Models\Engine->getBillToSynch()
 3 SYSTEMPATH/CodeIgniter.php(896): App\Controllers\Api->postbillpayment()
 4 SYSTEMPATH/CodeIgniter.php(466): CodeIgniter\CodeIgniter->runController()
 5 SYSTEMPATH/CodeIgniter.php(349): CodeIgniter\CodeIgniter->handleRequest()
 6 FCPATH/index.php(57): CodeIgniter\CodeIgniter->run()
CRITICAL - 2024-01-30 14:27:01 --> Undefined variable $payArray
in APPPATH/Models/Engine.php on line 2035.
 1 APPPATH/Models/Engine.php(2035): CodeIgniter\Debug\Exceptions->errorHandler()
 2 APPPATH/Controllers/Api.php(139): App\Models\Engine->getBillToSynch()
 3 SYSTEMPATH/CodeIgniter.php(896): App\Controllers\Api->postbillpayment()
 4 SYSTEMPATH/CodeIgniter.php(466): CodeIgniter\CodeIgniter->runController()
 5 SYSTEMPATH/CodeIgniter.php(349): CodeIgniter\CodeIgniter->handleRequest()
 6 FCPATH/index.php(57): CodeIgniter\CodeIgniter->run()
CRITICAL - 2024-01-30 14:28:01 --> Undefined variable $payArray
in APPPATH/Models/Engine.php on line 2035.
 1 APPPATH/Models/Engine.php(2035): CodeIgniter\Debug\Exceptions->errorHandler()
 2 APPPATH/Controllers/Api.php(139): App\Models\Engine->getBillToSynch()
 3 SYSTEMPATH/CodeIgniter.php(896): App\Controllers\Api->postbillpayment()
 4 SYSTEMPATH/CodeIgniter.php(466): CodeIgniter\CodeIgniter->runController()
 5 SYSTEMPATH/CodeIgniter.php(349): CodeIgniter\CodeIgniter->handleRequest()
 6 FCPATH/index.php(57): CodeIgniter\CodeIgniter->run()
CRITICAL - 2024-01-30 14:29:01 --> Undefined variable $payArray
in APPPATH/Models/Engine.php on line 2035.
 1 APPPATH/Models/Engine.php(2035): CodeIgniter\Debug\Exceptions->errorHandler()
 2 APPPATH/Controllers/Api.php(139): App\Models\Engine->getBillToSynch()
 3 SYSTEMPATH/CodeIgniter.php(896): App\Controllers\Api->postbillpayment()
 4 SYSTEMPATH/CodeIgniter.php(466): CodeIgniter\CodeIgniter->runController()
 5 SYSTEMPATH/CodeIgniter.php(349): CodeIgniter\CodeIgniter->handleRequest()
 6 FCPATH/index.php(57): CodeIgniter\CodeIgniter->run()
CRITICAL - 2024-01-30 14:30:01 --> Undefined variable $payArray
in APPPATH/Models/Engine.php on line 2035.
 1 APPPATH/Models/Engine.php(2035): CodeIgniter\Debug\Exceptions->errorHandler()
 2 APPPATH/Controllers/Api.php(139): App\Models\Engine->getBillToSynch()
 3 SYSTEMPATH/CodeIgniter.php(896): App\Controllers\Api->postbillpayment()
 4 SYSTEMPATH/CodeIgniter.php(466): CodeIgniter\CodeIgniter->runController()
 5 SYSTEMPATH/CodeIgniter.php(349): CodeIgniter\CodeIgniter->handleRequest()
 6 FCPATH/index.php(57): CodeIgniter\CodeIgniter->run()
CRITICAL - 2024-01-30 14:31:01 --> Undefined variable $payArray
in APPPATH/Models/Engine.php on line 2035.
 1 APPPATH/Models/Engine.php(2035): CodeIgniter\Debug\Exceptions->errorHandler()
 2 APPPATH/Controllers/Api.php(139): App\Models\Engine->getBillToSynch()
 3 SYSTEMPATH/CodeIgniter.php(896): App\Controllers\Api->postbillpayment()
 4 SYSTEMPATH/CodeIgniter.php(466): CodeIgniter\CodeIgniter->runController()
 5 SYSTEMPATH/CodeIgniter.php(349): CodeIgniter\CodeIgniter->handleRequest()
 6 FCPATH/index.php(57): CodeIgniter\CodeIgniter->run()
CRITICAL - 2024-01-30 14:32:01 --> Undefined variable $payArray
in APPPATH/Models/Engine.php on line 2035.
 1 APPPATH/Models/Engine.php(2035): CodeIgniter\Debug\Exceptions->errorHandler()
 2 APPPATH/Controllers/Api.php(139): App\Models\Engine->getBillToSynch()
 3 SYSTEMPATH/CodeIgniter.php(896): App\Controllers\Api->postbillpayment()
 4 SYSTEMPATH/CodeIgniter.php(466): CodeIgniter\CodeIgniter->runController()
 5 SYSTEMPATH/CodeIgniter.php(349): CodeIgniter\CodeIgniter->handleRequest()
 6 FCPATH/index.php(57): CodeIgniter\CodeIgniter->run()
CRITICAL - 2024-01-30 14:33:01 --> Undefined variable $payArray
in APPPATH/Models/Engine.php on line 2035.
 1 APPPATH/Models/Engine.php(2035): CodeIgniter\Debug\Exceptions->errorHandler()
 2 APPPATH/Controllers/Api.php(139): App\Models\Engine->getBillToSynch()
 3 SYSTEMPATH/CodeIgniter.php(896): App\Controllers\Api->postbillpayment()
 4 SYSTEMPATH/CodeIgniter.php(466): CodeIgniter\CodeIgniter->runController()
 5 SYSTEMPATH/CodeIgniter.php(349): CodeIgniter\CodeIgniter->handleRequest()
 6 FCPATH/index.php(57): CodeIgniter\CodeIgniter->run()
CRITICAL - 2024-01-30 14:34:01 --> Undefined variable $payArray
in APPPATH/Models/Engine.php on line 2035.
 1 APPPATH/Models/Engine.php(2035): CodeIgniter\Debug\Exceptions->errorHandler()
 2 APPPATH/Controllers/Api.php(139): App\Models\Engine->getBillToSynch()
 3 SYSTEMPATH/CodeIgniter.php(896): App\Controllers\Api->postbillpayment()
 4 SYSTEMPATH/CodeIgniter.php(466): CodeIgniter\CodeIgniter->runController()
 5 SYSTEMPATH/CodeIgniter.php(349): CodeIgniter\CodeIgniter->handleRequest()
 6 FCPATH/index.php(57): CodeIgniter\CodeIgniter->run()
CRITICAL - 2024-01-30 14:35:01 --> Undefined variable $payArray
in APPPATH/Models/Engine.php on line 2035.
 1 APPPATH/Models/Engine.php(2035): CodeIgniter\Debug\Exceptions->errorHandler()
 2 APPPATH/Controllers/Api.php(139): App\Models\Engine->getBillToSynch()
 3 SYSTEMPATH/CodeIgniter.php(896): App\Controllers\Api->postbillpayment()
 4 SYSTEMPATH/CodeIgniter.php(466): CodeIgniter\CodeIgniter->runController()
 5 SYSTEMPATH/CodeIgniter.php(349): CodeIgniter\CodeIgniter->handleRequest()
 6 FCPATH/index.php(57): CodeIgniter\CodeIgniter->run()
CRITICAL - 2024-01-30 14:36:01 --> Undefined variable $payArray
in APPPATH/Models/Engine.php on line 2035.
 1 APPPATH/Models/Engine.php(2035): CodeIgniter\Debug\Exceptions->errorHandler()
 2 APPPATH/Controllers/Api.php(139): App\Models\Engine->getBillToSynch()
 3 SYSTEMPATH/CodeIgniter.php(896): App\Controllers\Api->postbillpayment()
 4 SYSTEMPATH/CodeIgniter.php(466): CodeIgniter\CodeIgniter->runController()
 5 SYSTEMPATH/CodeIgniter.php(349): CodeIgniter\CodeIgniter->handleRequest()
 6 FCPATH/index.php(57): CodeIgniter\CodeIgniter->run()
CRITICAL - 2024-01-30 14:37:01 --> Undefined variable $payArray
in APPPATH/Models/Engine.php on line 2035.
 1 APPPATH/Models/Engine.php(2035): CodeIgniter\Debug\Exceptions->errorHandler()
 2 APPPATH/Controllers/Api.php(139): App\Models\Engine->getBillToSynch()
 3 SYSTEMPATH/CodeIgniter.php(896): App\Controllers\Api->postbillpayment()
 4 SYSTEMPATH/CodeIgniter.php(466): CodeIgniter\CodeIgniter->runController()
 5 SYSTEMPATH/CodeIgniter.php(349): CodeIgniter\CodeIgniter->handleRequest()
 6 FCPATH/index.php(57): CodeIgniter\CodeIgniter->run()
CRITICAL - 2024-01-30 14:38:01 --> Undefined variable $payArray
in APPPATH/Models/Engine.php on line 2035.
 1 APPPATH/Models/Engine.php(2035): CodeIgniter\Debug\Exceptions->errorHandler()
 2 APPPATH/Controllers/Api.php(139): App\Models\Engine->getBillToSynch()
 3 SYSTEMPATH/CodeIgniter.php(896): App\Controllers\Api->postbillpayment()
 4 SYSTEMPATH/CodeIgniter.php(466): CodeIgniter\CodeIgniter->runController()
 5 SYSTEMPATH/CodeIgniter.php(349): CodeIgniter\CodeIgniter->handleRequest()
 6 FCPATH/index.php(57): CodeIgniter\CodeIgniter->run()
CRITICAL - 2024-01-30 14:39:01 --> Undefined variable $payArray
in APPPATH/Models/Engine.php on line 2035.
 1 APPPATH/Models/Engine.php(2035): CodeIgniter\Debug\Exceptions->errorHandler()
 2 APPPATH/Controllers/Api.php(139): App\Models\Engine->getBillToSynch()
 3 SYSTEMPATH/CodeIgniter.php(896): App\Controllers\Api->postbillpayment()
 4 SYSTEMPATH/CodeIgniter.php(466): CodeIgniter\CodeIgniter->runController()
 5 SYSTEMPATH/CodeIgniter.php(349): CodeIgniter\CodeIgniter->handleRequest()
 6 FCPATH/index.php(57): CodeIgniter\CodeIgniter->run()
CRITICAL - 2024-01-30 14:40:01 --> Undefined variable $payArray
in APPPATH/Models/Engine.php on line 2035.
 1 APPPATH/Models/Engine.php(2035): CodeIgniter\Debug\Exceptions->errorHandler()
 2 APPPATH/Controllers/Api.php(139): App\Models\Engine->getBillToSynch()
 3 SYSTEMPATH/CodeIgniter.php(896): App\Controllers\Api->postbillpayment()
 4 SYSTEMPATH/CodeIgniter.php(466): CodeIgniter\CodeIgniter->runController()
 5 SYSTEMPATH/CodeIgniter.php(349): CodeIgniter\CodeIgniter->handleRequest()
 6 FCPATH/index.php(57): CodeIgniter\CodeIgniter->run()
CRITICAL - 2024-01-30 14:41:01 --> Undefined variable $payArray
in APPPATH/Models/Engine.php on line 2035.
 1 APPPATH/Models/Engine.php(2035): CodeIgniter\Debug\Exceptions->errorHandler()
 2 APPPATH/Controllers/Api.php(139): App\Models\Engine->getBillToSynch()
 3 SYSTEMPATH/CodeIgniter.php(896): App\Controllers\Api->postbillpayment()
 4 SYSTEMPATH/CodeIgniter.php(466): CodeIgniter\CodeIgniter->runController()
 5 SYSTEMPATH/CodeIgniter.php(349): CodeIgniter\CodeIgniter->handleRequest()
 6 FCPATH/index.php(57): CodeIgniter\CodeIgniter->run()
CRITICAL - 2024-01-30 14:42:01 --> Undefined variable $payArray
in APPPATH/Models/Engine.php on line 2035.
 1 APPPATH/Models/Engine.php(2035): CodeIgniter\Debug\Exceptions->errorHandler()
 2 APPPATH/Controllers/Api.php(139): App\Models\Engine->getBillToSynch()
 3 SYSTEMPATH/CodeIgniter.php(896): App\Controllers\Api->postbillpayment()
 4 SYSTEMPATH/CodeIgniter.php(466): CodeIgniter\CodeIgniter->runController()
 5 SYSTEMPATH/CodeIgniter.php(349): CodeIgniter\CodeIgniter->handleRequest()
 6 FCPATH/index.php(57): CodeIgniter\CodeIgniter->run()
CRITICAL - 2024-01-30 14:43:01 --> Undefined variable $payArray
in APPPATH/Models/Engine.php on line 2035.
 1 APPPATH/Models/Engine.php(2035): CodeIgniter\Debug\Exceptions->errorHandler()
 2 APPPATH/Controllers/Api.php(139): App\Models\Engine->getBillToSynch()
 3 SYSTEMPATH/CodeIgniter.php(896): App\Controllers\Api->postbillpayment()
 4 SYSTEMPATH/CodeIgniter.php(466): CodeIgniter\CodeIgniter->runController()
 5 SYSTEMPATH/CodeIgniter.php(349): CodeIgniter\CodeIgniter->handleRequest()
 6 FCPATH/index.php(57): CodeIgniter\CodeIgniter->run()
CRITICAL - 2024-01-30 14:44:02 --> Undefined variable $payArray
in APPPATH/Models/Engine.php on line 2035.
 1 APPPATH/Models/Engine.php(2035): CodeIgniter\Debug\Exceptions->errorHandler()
 2 APPPATH/Controllers/Api.php(139): App\Models\Engine->getBillToSynch()
 3 SYSTEMPATH/CodeIgniter.php(896): App\Controllers\Api->postbillpayment()
 4 SYSTEMPATH/CodeIgniter.php(466): CodeIgniter\CodeIgniter->runController()
 5 SYSTEMPATH/CodeIgniter.php(349): CodeIgniter\CodeIgniter->handleRequest()
 6 FCPATH/index.php(57): CodeIgniter\CodeIgniter->run()
CRITICAL - 2024-01-30 14:45:01 --> Undefined variable $payArray
in APPPATH/Models/Engine.php on line 2035.
 1 APPPATH/Models/Engine.php(2035): CodeIgniter\Debug\Exceptions->errorHandler()
 2 APPPATH/Controllers/Api.php(139): App\Models\Engine->getBillToSynch()
 3 SYSTEMPATH/CodeIgniter.php(896): App\Controllers\Api->postbillpayment()
 4 SYSTEMPATH/CodeIgniter.php(466): CodeIgniter\CodeIgniter->runController()
 5 SYSTEMPATH/CodeIgniter.php(349): CodeIgniter\CodeIgniter->handleRequest()
 6 FCPATH/index.php(57): CodeIgniter\CodeIgniter->run()
CRITICAL - 2024-01-30 14:46:01 --> Undefined variable $payArray
in APPPATH/Models/Engine.php on line 2035.
 1 APPPATH/Models/Engine.php(2035): CodeIgniter\Debug\Exceptions->errorHandler()
 2 APPPATH/Controllers/Api.php(139): App\Models\Engine->getBillToSynch()
 3 SYSTEMPATH/CodeIgniter.php(896): App\Controllers\Api->postbillpayment()
 4 SYSTEMPATH/CodeIgniter.php(466): CodeIgniter\CodeIgniter->runController()
 5 SYSTEMPATH/CodeIgniter.php(349): CodeIgniter\CodeIgniter->handleRequest()
 6 FCPATH/index.php(57): CodeIgniter\CodeIgniter->run()
CRITICAL - 2024-01-30 14:47:01 --> Undefined variable $payArray
in APPPATH/Models/Engine.php on line 2035.
 1 APPPATH/Models/Engine.php(2035): CodeIgniter\Debug\Exceptions->errorHandler()
 2 APPPATH/Controllers/Api.php(139): App\Models\Engine->getBillToSynch()
 3 SYSTEMPATH/CodeIgniter.php(896): App\Controllers\Api->postbillpayment()
 4 SYSTEMPATH/CodeIgniter.php(466): CodeIgniter\CodeIgniter->runController()
 5 SYSTEMPATH/CodeIgniter.php(349): CodeIgniter\CodeIgniter->handleRequest()
 6 FCPATH/index.php(57): CodeIgniter\CodeIgniter->run()
CRITICAL - 2024-01-30 14:48:01 --> Undefined variable $payArray
in APPPATH/Models/Engine.php on line 2035.
 1 APPPATH/Models/Engine.php(2035): CodeIgniter\Debug\Exceptions->errorHandler()
 2 APPPATH/Controllers/Api.php(139): App\Models\Engine->getBillToSynch()
 3 SYSTEMPATH/CodeIgniter.php(896): App\Controllers\Api->postbillpayment()
 4 SYSTEMPATH/CodeIgniter.php(466): CodeIgniter\CodeIgniter->runController()
 5 SYSTEMPATH/CodeIgniter.php(349): CodeIgniter\CodeIgniter->handleRequest()
 6 FCPATH/index.php(57): CodeIgniter\CodeIgniter->run()
CRITICAL - 2024-01-30 14:49:01 --> Undefined variable $payArray
in APPPATH/Models/Engine.php on line 2035.
 1 APPPATH/Models/Engine.php(2035): CodeIgniter\Debug\Exceptions->errorHandler()
 2 APPPATH/Controllers/Api.php(139): App\Models\Engine->getBillToSynch()
 3 SYSTEMPATH/CodeIgniter.php(896): App\Controllers\Api->postbillpayment()
 4 SYSTEMPATH/CodeIgniter.php(466): CodeIgniter\CodeIgniter->runController()
 5 SYSTEMPATH/CodeIgniter.php(349): CodeIgniter\CodeIgniter->handleRequest()
 6 FCPATH/index.php(57): CodeIgniter\CodeIgniter->run()
CRITICAL - 2024-01-30 14:50:01 --> Undefined variable $payArray
in APPPATH/Models/Engine.php on line 2035.
 1 APPPATH/Models/Engine.php(2035): CodeIgniter\Debug\Exceptions->errorHandler()
 2 APPPATH/Controllers/Api.php(139): App\Models\Engine->getBillToSynch()
 3 SYSTEMPATH/CodeIgniter.php(896): App\Controllers\Api->postbillpayment()
 4 SYSTEMPATH/CodeIgniter.php(466): CodeIgniter\CodeIgniter->runController()
 5 SYSTEMPATH/CodeIgniter.php(349): CodeIgniter\CodeIgniter->handleRequest()
 6 FCPATH/index.php(57): CodeIgniter\CodeIgniter->run()
CRITICAL - 2024-01-30 14:51:01 --> Undefined variable $payArray
in APPPATH/Models/Engine.php on line 2035.
 1 APPPATH/Models/Engine.php(2035): CodeIgniter\Debug\Exceptions->errorHandler()
 2 APPPATH/Controllers/Api.php(139): App\Models\Engine->getBillToSynch()
 3 SYSTEMPATH/CodeIgniter.php(896): App\Controllers\Api->postbillpayment()
 4 SYSTEMPATH/CodeIgniter.php(466): CodeIgniter\CodeIgniter->runController()
 5 SYSTEMPATH/CodeIgniter.php(349): CodeIgniter\CodeIgniter->handleRequest()
 6 FCPATH/index.php(57): CodeIgniter\CodeIgniter->run()
CRITICAL - 2024-01-30 14:52:01 --> Undefined variable $payArray
in APPPATH/Models/Engine.php on line 2035.
 1 APPPATH/Models/Engine.php(2035): CodeIgniter\Debug\Exceptions->errorHandler()
 2 APPPATH/Controllers/Api.php(139): App\Models\Engine->getBillToSynch()
 3 SYSTEMPATH/CodeIgniter.php(896): App\Controllers\Api->postbillpayment()
 4 SYSTEMPATH/CodeIgniter.php(466): CodeIgniter\CodeIgniter->runController()
 5 SYSTEMPATH/CodeIgniter.php(349): CodeIgniter\CodeIgniter->handleRequest()
 6 FCPATH/index.php(57): CodeIgniter\CodeIgniter->run()
CRITICAL - 2024-01-30 14:53:01 --> Undefined variable $payArray
in APPPATH/Models/Engine.php on line 2035.
 1 APPPATH/Models/Engine.php(2035): CodeIgniter\Debug\Exceptions->errorHandler()
 2 APPPATH/Controllers/Api.php(139): App\Models\Engine->getBillToSynch()
 3 SYSTEMPATH/CodeIgniter.php(896): App\Controllers\Api->postbillpayment()
 4 SYSTEMPATH/CodeIgniter.php(466): CodeIgniter\CodeIgniter->runController()
 5 SYSTEMPATH/CodeIgniter.php(349): CodeIgniter\CodeIgniter->handleRequest()
 6 FCPATH/index.php(57): CodeIgniter\CodeIgniter->run()
CRITICAL - 2024-01-30 14:54:01 --> Undefined variable $payArray
in APPPATH/Models/Engine.php on line 2035.
 1 APPPATH/Models/Engine.php(2035): CodeIgniter\Debug\Exceptions->errorHandler()
 2 APPPATH/Controllers/Api.php(139): App\Models\Engine->getBillToSynch()
 3 SYSTEMPATH/CodeIgniter.php(896): App\Controllers\Api->postbillpayment()
 4 SYSTEMPATH/CodeIgniter.php(466): CodeIgniter\CodeIgniter->runController()
 5 SYSTEMPATH/CodeIgniter.php(349): CodeIgniter\CodeIgniter->handleRequest()
 6 FCPATH/index.php(57): CodeIgniter\CodeIgniter->run()
CRITICAL - 2024-01-30 14:55:01 --> Undefined variable $payArray
in APPPATH/Models/Engine.php on line 2035.
 1 APPPATH/Models/Engine.php(2035): CodeIgniter\Debug\Exceptions->errorHandler()
 2 APPPATH/Controllers/Api.php(139): App\Models\Engine->getBillToSynch()
 3 SYSTEMPATH/CodeIgniter.php(896): App\Controllers\Api->postbillpayment()
 4 SYSTEMPATH/CodeIgniter.php(466): CodeIgniter\CodeIgniter->runController()
 5 SYSTEMPATH/CodeIgniter.php(349): CodeIgniter\CodeIgniter->handleRequest()
 6 FCPATH/index.php(57): CodeIgniter\CodeIgniter->run()
CRITICAL - 2024-01-30 14:56:01 --> Undefined variable $payArray
in APPPATH/Models/Engine.php on line 2035.
 1 APPPATH/Models/Engine.php(2035): CodeIgniter\Debug\Exceptions->errorHandler()
 2 APPPATH/Controllers/Api.php(139): App\Models\Engine->getBillToSynch()
 3 SYSTEMPATH/CodeIgniter.php(896): App\Controllers\Api->postbillpayment()
 4 SYSTEMPATH/CodeIgniter.php(466): CodeIgniter\CodeIgniter->runController()
 5 SYSTEMPATH/CodeIgniter.php(349): CodeIgniter\CodeIgniter->handleRequest()
 6 FCPATH/index.php(57): CodeIgniter\CodeIgniter->run()
CRITICAL - 2024-01-30 14:57:01 --> Undefined variable $payArray
in APPPATH/Models/Engine.php on line 2035.
 1 APPPATH/Models/Engine.php(2035): CodeIgniter\Debug\Exceptions->errorHandler()
 2 APPPATH/Controllers/Api.php(139): App\Models\Engine->getBillToSynch()
 3 SYSTEMPATH/CodeIgniter.php(896): App\Controllers\Api->postbillpayment()
 4 SYSTEMPATH/CodeIgniter.php(466): CodeIgniter\CodeIgniter->runController()
 5 SYSTEMPATH/CodeIgniter.php(349): CodeIgniter\CodeIgniter->handleRequest()
 6 FCPATH/index.php(57): CodeIgniter\CodeIgniter->run()
CRITICAL - 2024-01-30 14:58:01 --> Undefined variable $payArray
in APPPATH/Models/Engine.php on line 2035.
 1 APPPATH/Models/Engine.php(2035): CodeIgniter\Debug\Exceptions->errorHandler()
 2 APPPATH/Controllers/Api.php(139): App\Models\Engine->getBillToSynch()
 3 SYSTEMPATH/CodeIgniter.php(896): App\Controllers\Api->postbillpayment()
 4 SYSTEMPATH/CodeIgniter.php(466): CodeIgniter\CodeIgniter->runController()
 5 SYSTEMPATH/CodeIgniter.php(349): CodeIgniter\CodeIgniter->handleRequest()
 6 FCPATH/index.php(57): CodeIgniter\CodeIgniter->run()
CRITICAL - 2024-01-30 14:59:01 --> Undefined variable $payArray
in APPPATH/Models/Engine.php on line 2035.
 1 APPPATH/Models/Engine.php(2035): CodeIgniter\Debug\Exceptions->errorHandler()
 2 APPPATH/Controllers/Api.php(139): App\Models\Engine->getBillToSynch()
 3 SYSTEMPATH/CodeIgniter.php(896): App\Controllers\Api->postbillpayment()
 4 SYSTEMPATH/CodeIgniter.php(466): CodeIgniter\CodeIgniter->runController()
 5 SYSTEMPATH/CodeIgniter.php(349): CodeIgniter\CodeIgniter->handleRequest()
 6 FCPATH/index.php(57): CodeIgniter\CodeIgniter->run()
CRITICAL - 2024-01-30 15:00:01 --> Undefined variable $payArray
in APPPATH/Models/Engine.php on line 2035.
 1 APPPATH/Models/Engine.php(2035): CodeIgniter\Debug\Exceptions->errorHandler()
 2 APPPATH/Controllers/Api.php(139): App\Models\Engine->getBillToSynch()
 3 SYSTEMPATH/CodeIgniter.php(896): App\Controllers\Api->postbillpayment()
 4 SYSTEMPATH/CodeIgniter.php(466): CodeIgniter\CodeIgniter->runController()
 5 SYSTEMPATH/CodeIgniter.php(349): CodeIgniter\CodeIgniter->handleRequest()
 6 FCPATH/index.php(57): CodeIgniter\CodeIgniter->run()
CRITICAL - 2024-01-30 15:01:01 --> Undefined variable $payArray
in APPPATH/Models/Engine.php on line 2035.
 1 APPPATH/Models/Engine.php(2035): CodeIgniter\Debug\Exceptions->errorHandler()
 2 APPPATH/Controllers/Api.php(139): App\Models\Engine->getBillToSynch()
 3 SYSTEMPATH/CodeIgniter.php(896): App\Controllers\Api->postbillpayment()
 4 SYSTEMPATH/CodeIgniter.php(466): CodeIgniter\CodeIgniter->runController()
 5 SYSTEMPATH/CodeIgniter.php(349): CodeIgniter\CodeIgniter->handleRequest()
 6 FCPATH/index.php(57): CodeIgniter\CodeIgniter->run()
CRITICAL - 2024-01-30 15:02:01 --> Undefined variable $payArray
in APPPATH/Models/Engine.php on line 2035.
 1 APPPATH/Models/Engine.php(2035): CodeIgniter\Debug\Exceptions->errorHandler()
 2 APPPATH/Controllers/Api.php(139): App\Models\Engine->getBillToSynch()
 3 SYSTEMPATH/CodeIgniter.php(896): App\Controllers\Api->postbillpayment()
 4 SYSTEMPATH/CodeIgniter.php(466): CodeIgniter\CodeIgniter->runController()
 5 SYSTEMPATH/CodeIgniter.php(349): CodeIgniter\CodeIgniter->handleRequest()
 6 FCPATH/index.php(57): CodeIgniter\CodeIgniter->run()
CRITICAL - 2024-01-30 15:03:01 --> Undefined variable $payArray
in APPPATH/Models/Engine.php on line 2035.
 1 APPPATH/Models/Engine.php(2035): CodeIgniter\Debug\Exceptions->errorHandler()
 2 APPPATH/Controllers/Api.php(139): App\Models\Engine->getBillToSynch()
 3 SYSTEMPATH/CodeIgniter.php(896): App\Controllers\Api->postbillpayment()
 4 SYSTEMPATH/CodeIgniter.php(466): CodeIgniter\CodeIgniter->runController()
 5 SYSTEMPATH/CodeIgniter.php(349): CodeIgniter\CodeIgniter->handleRequest()
 6 FCPATH/index.php(57): CodeIgniter\CodeIgniter->run()
CRITICAL - 2024-01-30 15:04:01 --> Undefined variable $payArray
in APPPATH/Models/Engine.php on line 2035.
 1 APPPATH/Models/Engine.php(2035): CodeIgniter\Debug\Exceptions->errorHandler()
 2 APPPATH/Controllers/Api.php(139): App\Models\Engine->getBillToSynch()
 3 SYSTEMPATH/CodeIgniter.php(896): App\Controllers\Api->postbillpayment()
 4 SYSTEMPATH/CodeIgniter.php(466): CodeIgniter\CodeIgniter->runController()
 5 SYSTEMPATH/CodeIgniter.php(349): CodeIgniter\CodeIgniter->handleRequest()
 6 FCPATH/index.php(57): CodeIgniter\CodeIgniter->run()
CRITICAL - 2024-01-30 15:05:01 --> Undefined variable $payArray
in APPPATH/Models/Engine.php on line 2035.
 1 APPPATH/Models/Engine.php(2035): CodeIgniter\Debug\Exceptions->errorHandler()
 2 APPPATH/Controllers/Api.php(139): App\Models\Engine->getBillToSynch()
 3 SYSTEMPATH/CodeIgniter.php(896): App\Controllers\Api->postbillpayment()
 4 SYSTEMPATH/CodeIgniter.php(466): CodeIgniter\CodeIgniter->runController()
 5 SYSTEMPATH/CodeIgniter.php(349): CodeIgniter\CodeIgniter->handleRequest()
 6 FCPATH/index.php(57): CodeIgniter\CodeIgniter->run()
CRITICAL - 2024-01-30 15:06:01 --> Undefined variable $payArray
in APPPATH/Models/Engine.php on line 2035.
 1 APPPATH/Models/Engine.php(2035): CodeIgniter\Debug\Exceptions->errorHandler()
 2 APPPATH/Controllers/Api.php(139): App\Models\Engine->getBillToSynch()
 3 SYSTEMPATH/CodeIgniter.php(896): App\Controllers\Api->postbillpayment()
 4 SYSTEMPATH/CodeIgniter.php(466): CodeIgniter\CodeIgniter->runController()
 5 SYSTEMPATH/CodeIgniter.php(349): CodeIgniter\CodeIgniter->handleRequest()
 6 FCPATH/index.php(57): CodeIgniter\CodeIgniter->run()
CRITICAL - 2024-01-30 15:07:01 --> Undefined variable $payArray
in APPPATH/Models/Engine.php on line 2035.
 1 APPPATH/Models/Engine.php(2035): CodeIgniter\Debug\Exceptions->errorHandler()
 2 APPPATH/Controllers/Api.php(139): App\Models\Engine->getBillToSynch()
 3 SYSTEMPATH/CodeIgniter.php(896): App\Controllers\Api->postbillpayment()
 4 SYSTEMPATH/CodeIgniter.php(466): CodeIgniter\CodeIgniter->runController()
 5 SYSTEMPATH/CodeIgniter.php(349): CodeIgniter\CodeIgniter->handleRequest()
 6 FCPATH/index.php(57): CodeIgniter\CodeIgniter->run()
CRITICAL - 2024-01-30 15:08:02 --> Undefined variable $payArray
in APPPATH/Models/Engine.php on line 2035.
 1 APPPATH/Models/Engine.php(2035): CodeIgniter\Debug\Exceptions->errorHandler()
 2 APPPATH/Controllers/Api.php(139): App\Models\Engine->getBillToSynch()
 3 SYSTEMPATH/CodeIgniter.php(896): App\Controllers\Api->postbillpayment()
 4 SYSTEMPATH/CodeIgniter.php(466): CodeIgniter\CodeIgniter->runController()
 5 SYSTEMPATH/CodeIgniter.php(349): CodeIgniter\CodeIgniter->handleRequest()
 6 FCPATH/index.php(57): CodeIgniter\CodeIgniter->run()
CRITICAL - 2024-01-30 15:09:01 --> Undefined variable $payArray
in APPPATH/Models/Engine.php on line 2035.
 1 APPPATH/Models/Engine.php(2035): CodeIgniter\Debug\Exceptions->errorHandler()
 2 APPPATH/Controllers/Api.php(139): App\Models\Engine->getBillToSynch()
 3 SYSTEMPATH/CodeIgniter.php(896): App\Controllers\Api->postbillpayment()
 4 SYSTEMPATH/CodeIgniter.php(466): CodeIgniter\CodeIgniter->runController()
 5 SYSTEMPATH/CodeIgniter.php(349): CodeIgniter\CodeIgniter->handleRequest()
 6 FCPATH/index.php(57): CodeIgniter\CodeIgniter->run()
CRITICAL - 2024-01-30 15:10:01 --> Undefined variable $payArray
in APPPATH/Models/Engine.php on line 2035.
 1 APPPATH/Models/Engine.php(2035): CodeIgniter\Debug\Exceptions->errorHandler()
 2 APPPATH/Controllers/Api.php(139): App\Models\Engine->getBillToSynch()
 3 SYSTEMPATH/CodeIgniter.php(896): App\Controllers\Api->postbillpayment()
 4 SYSTEMPATH/CodeIgniter.php(466): CodeIgniter\CodeIgniter->runController()
 5 SYSTEMPATH/CodeIgniter.php(349): CodeIgniter\CodeIgniter->handleRequest()
 6 FCPATH/index.php(57): CodeIgniter\CodeIgniter->run()
CRITICAL - 2024-01-30 15:11:01 --> Undefined variable $payArray
in APPPATH/Models/Engine.php on line 2035.
 1 APPPATH/Models/Engine.php(2035): CodeIgniter\Debug\Exceptions->errorHandler()
 2 APPPATH/Controllers/Api.php(139): App\Models\Engine->getBillToSynch()
 3 SYSTEMPATH/CodeIgniter.php(896): App\Controllers\Api->postbillpayment()
 4 SYSTEMPATH/CodeIgniter.php(466): CodeIgniter\CodeIgniter->runController()
 5 SYSTEMPATH/CodeIgniter.php(349): CodeIgniter\CodeIgniter->handleRequest()
 6 FCPATH/index.php(57): CodeIgniter\CodeIgniter->run()
CRITICAL - 2024-01-30 15:12:01 --> Undefined variable $payArray
in APPPATH/Models/Engine.php on line 2035.
 1 APPPATH/Models/Engine.php(2035): CodeIgniter\Debug\Exceptions->errorHandler()
 2 APPPATH/Controllers/Api.php(139): App\Models\Engine->getBillToSynch()
 3 SYSTEMPATH/CodeIgniter.php(896): App\Controllers\Api->postbillpayment()
 4 SYSTEMPATH/CodeIgniter.php(466): CodeIgniter\CodeIgniter->runController()
 5 SYSTEMPATH/CodeIgniter.php(349): CodeIgniter\CodeIgniter->handleRequest()
 6 FCPATH/index.php(57): CodeIgniter\CodeIgniter->run()
CRITICAL - 2024-01-30 15:13:01 --> Undefined variable $payArray
in APPPATH/Models/Engine.php on line 2035.
 1 APPPATH/Models/Engine.php(2035): CodeIgniter\Debug\Exceptions->errorHandler()
 2 APPPATH/Controllers/Api.php(139): App\Models\Engine->getBillToSynch()
 3 SYSTEMPATH/CodeIgniter.php(896): App\Controllers\Api->postbillpayment()
 4 SYSTEMPATH/CodeIgniter.php(466): CodeIgniter\CodeIgniter->runController()
 5 SYSTEMPATH/CodeIgniter.php(349): CodeIgniter\CodeIgniter->handleRequest()
 6 FCPATH/index.php(57): CodeIgniter\CodeIgniter->run()
CRITICAL - 2024-01-30 15:14:01 --> Undefined variable $payArray
in APPPATH/Models/Engine.php on line 2035.
 1 APPPATH/Models/Engine.php(2035): CodeIgniter\Debug\Exceptions->errorHandler()
 2 APPPATH/Controllers/Api.php(139): App\Models\Engine->getBillToSynch()
 3 SYSTEMPATH/CodeIgniter.php(896): App\Controllers\Api->postbillpayment()
 4 SYSTEMPATH/CodeIgniter.php(466): CodeIgniter\CodeIgniter->runController()
 5 SYSTEMPATH/CodeIgniter.php(349): CodeIgniter\CodeIgniter->handleRequest()
 6 FCPATH/index.php(57): CodeIgniter\CodeIgniter->run()
CRITICAL - 2024-01-30 15:15:01 --> Undefined variable $payArray
in APPPATH/Models/Engine.php on line 2035.
 1 APPPATH/Models/Engine.php(2035): CodeIgniter\Debug\Exceptions->errorHandler()
 2 APPPATH/Controllers/Api.php(139): App\Models\Engine->getBillToSynch()
 3 SYSTEMPATH/CodeIgniter.php(896): App\Controllers\Api->postbillpayment()
 4 SYSTEMPATH/CodeIgniter.php(466): CodeIgniter\CodeIgniter->runController()
 5 SYSTEMPATH/CodeIgniter.php(349): CodeIgniter\CodeIgniter->handleRequest()
 6 FCPATH/index.php(57): CodeIgniter\CodeIgniter->run()
CRITICAL - 2024-01-30 15:16:01 --> Undefined variable $payArray
in APPPATH/Models/Engine.php on line 2035.
 1 APPPATH/Models/Engine.php(2035): CodeIgniter\Debug\Exceptions->errorHandler()
 2 APPPATH/Controllers/Api.php(139): App\Models\Engine->getBillToSynch()
 3 SYSTEMPATH/CodeIgniter.php(896): App\Controllers\Api->postbillpayment()
 4 SYSTEMPATH/CodeIgniter.php(466): CodeIgniter\CodeIgniter->runController()
 5 SYSTEMPATH/CodeIgniter.php(349): CodeIgniter\CodeIgniter->handleRequest()
 6 FCPATH/index.php(57): CodeIgniter\CodeIgniter->run()
CRITICAL - 2024-01-30 15:17:01 --> Undefined variable $payArray
in APPPATH/Models/Engine.php on line 2035.
 1 APPPATH/Models/Engine.php(2035): CodeIgniter\Debug\Exceptions->errorHandler()
 2 APPPATH/Controllers/Api.php(139): App\Models\Engine->getBillToSynch()
 3 SYSTEMPATH/CodeIgniter.php(896): App\Controllers\Api->postbillpayment()
 4 SYSTEMPATH/CodeIgniter.php(466): CodeIgniter\CodeIgniter->runController()
 5 SYSTEMPATH/CodeIgniter.php(349): CodeIgniter\CodeIgniter->handleRequest()
 6 FCPATH/index.php(57): CodeIgniter\CodeIgniter->run()
CRITICAL - 2024-01-30 15:18:01 --> Undefined variable $payArray
in APPPATH/Models/Engine.php on line 2035.
 1 APPPATH/Models/Engine.php(2035): CodeIgniter\Debug\Exceptions->errorHandler()
 2 APPPATH/Controllers/Api.php(139): App\Models\Engine->getBillToSynch()
 3 SYSTEMPATH/CodeIgniter.php(896): App\Controllers\Api->postbillpayment()
 4 SYSTEMPATH/CodeIgniter.php(466): CodeIgniter\CodeIgniter->runController()
 5 SYSTEMPATH/CodeIgniter.php(349): CodeIgniter\CodeIgniter->handleRequest()
 6 FCPATH/index.php(57): CodeIgniter\CodeIgniter->run()
CRITICAL - 2024-01-30 15:19:01 --> Undefined variable $payArray
in APPPATH/Models/Engine.php on line 2035.
 1 APPPATH/Models/Engine.php(2035): CodeIgniter\Debug\Exceptions->errorHandler()
 2 APPPATH/Controllers/Api.php(139): App\Models\Engine->getBillToSynch()
 3 SYSTEMPATH/CodeIgniter.php(896): App\Controllers\Api->postbillpayment()
 4 SYSTEMPATH/CodeIgniter.php(466): CodeIgniter\CodeIgniter->runController()
 5 SYSTEMPATH/CodeIgniter.php(349): CodeIgniter\CodeIgniter->handleRequest()
 6 FCPATH/index.php(57): CodeIgniter\CodeIgniter->run()
CRITICAL - 2024-01-30 15:20:01 --> Undefined variable $payArray
in APPPATH/Models/Engine.php on line 2035.
 1 APPPATH/Models/Engine.php(2035): CodeIgniter\Debug\Exceptions->errorHandler()
 2 APPPATH/Controllers/Api.php(139): App\Models\Engine->getBillToSynch()
 3 SYSTEMPATH/CodeIgniter.php(896): App\Controllers\Api->postbillpayment()
 4 SYSTEMPATH/CodeIgniter.php(466): CodeIgniter\CodeIgniter->runController()
 5 SYSTEMPATH/CodeIgniter.php(349): CodeIgniter\CodeIgniter->handleRequest()
 6 FCPATH/index.php(57): CodeIgniter\CodeIgniter->run()
CRITICAL - 2024-01-30 15:21:01 --> Undefined variable $payArray
in APPPATH/Models/Engine.php on line 2035.
 1 APPPATH/Models/Engine.php(2035): CodeIgniter\Debug\Exceptions->errorHandler()
 2 APPPATH/Controllers/Api.php(139): App\Models\Engine->getBillToSynch()
 3 SYSTEMPATH/CodeIgniter.php(896): App\Controllers\Api->postbillpayment()
 4 SYSTEMPATH/CodeIgniter.php(466): CodeIgniter\CodeIgniter->runController()
 5 SYSTEMPATH/CodeIgniter.php(349): CodeIgniter\CodeIgniter->handleRequest()
 6 FCPATH/index.php(57): CodeIgniter\CodeIgniter->run()
CRITICAL - 2024-01-30 15:22:01 --> Undefined variable $payArray
in APPPATH/Models/Engine.php on line 2035.
 1 APPPATH/Models/Engine.php(2035): CodeIgniter\Debug\Exceptions->errorHandler()
 2 APPPATH/Controllers/Api.php(139): App\Models\Engine->getBillToSynch()
 3 SYSTEMPATH/CodeIgniter.php(896): App\Controllers\Api->postbillpayment()
 4 SYSTEMPATH/CodeIgniter.php(466): CodeIgniter\CodeIgniter->runController()
 5 SYSTEMPATH/CodeIgniter.php(349): CodeIgniter\CodeIgniter->handleRequest()
 6 FCPATH/index.php(57): CodeIgniter\CodeIgniter->run()
CRITICAL - 2024-01-30 15:22:11 --> Undefined property: stdClass::$wallet_name
in APPPATH/Views/dispPaymentData.php on line 13.
 1 APPPATH/Views/dispPaymentData.php(13): CodeIgniter\Debug\Exceptions->errorHandler()
 2 SYSTEMPATH/View/View.php(213): include('APPPATH/Views/dispPaymentData.php')
 3 SYSTEMPATH/View/View.php(216): CodeIgniter\View\View->CodeIgniter\View\{closure}()
 4 SYSTEMPATH/Common.php(1135): CodeIgniter\View\View->render()
 5 APPPATH/Controllers/Transactions.php(136): view()
 6 SYSTEMPATH/CodeIgniter.php(896): App\Controllers\Transactions->searchdata()
 7 SYSTEMPATH/CodeIgniter.php(466): CodeIgniter\CodeIgniter->runController()
 8 SYSTEMPATH/CodeIgniter.php(349): CodeIgniter\CodeIgniter->handleRequest()
 9 FCPATH/index.php(57): CodeIgniter\CodeIgniter->run()
CRITICAL - 2024-01-30 15:23:01 --> Undefined variable $payArray
in APPPATH/Models/Engine.php on line 2035.
 1 APPPATH/Models/Engine.php(2035): CodeIgniter\Debug\Exceptions->errorHandler()
 2 APPPATH/Controllers/Api.php(139): App\Models\Engine->getBillToSynch()
 3 SYSTEMPATH/CodeIgniter.php(896): App\Controllers\Api->postbillpayment()
 4 SYSTEMPATH/CodeIgniter.php(466): CodeIgniter\CodeIgniter->runController()
 5 SYSTEMPATH/CodeIgniter.php(349): CodeIgniter\CodeIgniter->handleRequest()
 6 FCPATH/index.php(57): CodeIgniter\CodeIgniter->run()
CRITICAL - 2024-01-30 15:24:01 --> Undefined variable $payArray
in APPPATH/Models/Engine.php on line 2035.
 1 APPPATH/Models/Engine.php(2035): CodeIgniter\Debug\Exceptions->errorHandler()
 2 APPPATH/Controllers/Api.php(139): App\Models\Engine->getBillToSynch()
 3 SYSTEMPATH/CodeIgniter.php(896): App\Controllers\Api->postbillpayment()
 4 SYSTEMPATH/CodeIgniter.php(466): CodeIgniter\CodeIgniter->runController()
 5 SYSTEMPATH/CodeIgniter.php(349): CodeIgniter\CodeIgniter->handleRequest()
 6 FCPATH/index.php(57): CodeIgniter\CodeIgniter->run()
CRITICAL - 2024-01-30 15:25:01 --> Undefined variable $payArray
in APPPATH/Models/Engine.php on line 2035.
 1 APPPATH/Models/Engine.php(2035): CodeIgniter\Debug\Exceptions->errorHandler()
 2 APPPATH/Controllers/Api.php(139): App\Models\Engine->getBillToSynch()
 3 SYSTEMPATH/CodeIgniter.php(896): App\Controllers\Api->postbillpayment()
 4 SYSTEMPATH/CodeIgniter.php(466): CodeIgniter\CodeIgniter->runController()
 5 SYSTEMPATH/CodeIgniter.php(349): CodeIgniter\CodeIgniter->handleRequest()
 6 FCPATH/index.php(57): CodeIgniter\CodeIgniter->run()
CRITICAL - 2024-01-30 15:27:01 --> Undefined variable $payArray
in APPPATH/Models/Engine.php on line 2035.
 1 APPPATH/Models/Engine.php(2035): CodeIgniter\Debug\Exceptions->errorHandler()
 2 APPPATH/Controllers/Api.php(139): App\Models\Engine->getBillToSynch()
 3 SYSTEMPATH/CodeIgniter.php(896): App\Controllers\Api->postbillpayment()
 4 SYSTEMPATH/CodeIgniter.php(466): CodeIgniter\CodeIgniter->runController()
 5 SYSTEMPATH/CodeIgniter.php(349): CodeIgniter\CodeIgniter->handleRequest()
 6 FCPATH/index.php(57): CodeIgniter\CodeIgniter->run()
CRITICAL - 2024-01-30 15:28:01 --> Undefined variable $payArray
in APPPATH/Models/Engine.php on line 2035.
 1 APPPATH/Models/Engine.php(2035): CodeIgniter\Debug\Exceptions->errorHandler()
 2 APPPATH/Controllers/Api.php(139): App\Models\Engine->getBillToSynch()
 3 SYSTEMPATH/CodeIgniter.php(896): App\Controllers\Api->postbillpayment()
 4 SYSTEMPATH/CodeIgniter.php(466): CodeIgniter\CodeIgniter->runController()
 5 SYSTEMPATH/CodeIgniter.php(349): CodeIgniter\CodeIgniter->handleRequest()
 6 FCPATH/index.php(57): CodeIgniter\CodeIgniter->run()
CRITICAL - 2024-01-30 15:29:01 --> Undefined variable $payArray
in APPPATH/Models/Engine.php on line 2035.
 1 APPPATH/Models/Engine.php(2035): CodeIgniter\Debug\Exceptions->errorHandler()
 2 APPPATH/Controllers/Api.php(139): App\Models\Engine->getBillToSynch()
 3 SYSTEMPATH/CodeIgniter.php(896): App\Controllers\Api->postbillpayment()
 4 SYSTEMPATH/CodeIgniter.php(466): CodeIgniter\CodeIgniter->runController()
 5 SYSTEMPATH/CodeIgniter.php(349): CodeIgniter\CodeIgniter->handleRequest()
 6 FCPATH/index.php(57): CodeIgniter\CodeIgniter->run()
CRITICAL - 2024-01-30 15:30:01 --> Undefined variable $payArray
in APPPATH/Models/Engine.php on line 2035.
 1 APPPATH/Models/Engine.php(2035): CodeIgniter\Debug\Exceptions->errorHandler()
 2 APPPATH/Controllers/Api.php(139): App\Models\Engine->getBillToSynch()
 3 SYSTEMPATH/CodeIgniter.php(896): App\Controllers\Api->postbillpayment()
 4 SYSTEMPATH/CodeIgniter.php(466): CodeIgniter\CodeIgniter->runController()
 5 SYSTEMPATH/CodeIgniter.php(349): CodeIgniter\CodeIgniter->handleRequest()
 6 FCPATH/index.php(57): CodeIgniter\CodeIgniter->run()
CRITICAL - 2024-01-30 15:31:01 --> Undefined variable $payArray
in APPPATH/Models/Engine.php on line 2035.
 1 APPPATH/Models/Engine.php(2035): CodeIgniter\Debug\Exceptions->errorHandler()
 2 APPPATH/Controllers/Api.php(139): App\Models\Engine->getBillToSynch()
 3 SYSTEMPATH/CodeIgniter.php(896): App\Controllers\Api->postbillpayment()
 4 SYSTEMPATH/CodeIgniter.php(466): CodeIgniter\CodeIgniter->runController()
 5 SYSTEMPATH/CodeIgniter.php(349): CodeIgniter\CodeIgniter->handleRequest()
 6 FCPATH/index.php(57): CodeIgniter\CodeIgniter->run()
CRITICAL - 2024-01-30 15:32:02 --> Undefined variable $payArray
in APPPATH/Models/Engine.php on line 2035.
 1 APPPATH/Models/Engine.php(2035): CodeIgniter\Debug\Exceptions->errorHandler()
 2 APPPATH/Controllers/Api.php(139): App\Models\Engine->getBillToSynch()
 3 SYSTEMPATH/CodeIgniter.php(896): App\Controllers\Api->postbillpayment()
 4 SYSTEMPATH/CodeIgniter.php(466): CodeIgniter\CodeIgniter->runController()
 5 SYSTEMPATH/CodeIgniter.php(349): CodeIgniter\CodeIgniter->handleRequest()
 6 FCPATH/index.php(57): CodeIgniter\CodeIgniter->run()
CRITICAL - 2024-01-30 15:33:01 --> Undefined variable $payArray
in APPPATH/Models/Engine.php on line 2035.
 1 APPPATH/Models/Engine.php(2035): CodeIgniter\Debug\Exceptions->errorHandler()
 2 APPPATH/Controllers/Api.php(139): App\Models\Engine->getBillToSynch()
 3 SYSTEMPATH/CodeIgniter.php(896): App\Controllers\Api->postbillpayment()
 4 SYSTEMPATH/CodeIgniter.php(466): CodeIgniter\CodeIgniter->runController()
 5 SYSTEMPATH/CodeIgniter.php(349): CodeIgniter\CodeIgniter->handleRequest()
 6 FCPATH/index.php(57): CodeIgniter\CodeIgniter->run()
CRITICAL - 2024-01-30 15:34:01 --> Undefined variable $payArray
in APPPATH/Models/Engine.php on line 2035.
 1 APPPATH/Models/Engine.php(2035): CodeIgniter\Debug\Exceptions->errorHandler()
 2 APPPATH/Controllers/Api.php(139): App\Models\Engine->getBillToSynch()
 3 SYSTEMPATH/CodeIgniter.php(896): App\Controllers\Api->postbillpayment()
 4 SYSTEMPATH/CodeIgniter.php(466): CodeIgniter\CodeIgniter->runController()
 5 SYSTEMPATH/CodeIgniter.php(349): CodeIgniter\CodeIgniter->handleRequest()
 6 FCPATH/index.php(57): CodeIgniter\CodeIgniter->run()
CRITICAL - 2024-01-30 15:35:01 --> Undefined variable $payArray
in APPPATH/Models/Engine.php on line 2035.
 1 APPPATH/Models/Engine.php(2035): CodeIgniter\Debug\Exceptions->errorHandler()
 2 APPPATH/Controllers/Api.php(139): App\Models\Engine->getBillToSynch()
 3 SYSTEMPATH/CodeIgniter.php(896): App\Controllers\Api->postbillpayment()
 4 SYSTEMPATH/CodeIgniter.php(466): CodeIgniter\CodeIgniter->runController()
 5 SYSTEMPATH/CodeIgniter.php(349): CodeIgniter\CodeIgniter->handleRequest()
 6 FCPATH/index.php(57): CodeIgniter\CodeIgniter->run()
CRITICAL - 2024-01-30 15:36:01 --> Undefined variable $payArray
in APPPATH/Models/Engine.php on line 2035.
 1 APPPATH/Models/Engine.php(2035): CodeIgniter\Debug\Exceptions->errorHandler()
 2 APPPATH/Controllers/Api.php(139): App\Models\Engine->getBillToSynch()
 3 SYSTEMPATH/CodeIgniter.php(896): App\Controllers\Api->postbillpayment()
 4 SYSTEMPATH/CodeIgniter.php(466): CodeIgniter\CodeIgniter->runController()
 5 SYSTEMPATH/CodeIgniter.php(349): CodeIgniter\CodeIgniter->handleRequest()
 6 FCPATH/index.php(57): CodeIgniter\CodeIgniter->run()
CRITICAL - 2024-01-30 15:37:01 --> Undefined variable $payArray
in APPPATH/Models/Engine.php on line 2035.
 1 APPPATH/Models/Engine.php(2035): CodeIgniter\Debug\Exceptions->errorHandler()
 2 APPPATH/Controllers/Api.php(139): App\Models\Engine->getBillToSynch()
 3 SYSTEMPATH/CodeIgniter.php(896): App\Controllers\Api->postbillpayment()
 4 SYSTEMPATH/CodeIgniter.php(466): CodeIgniter\CodeIgniter->runController()
 5 SYSTEMPATH/CodeIgniter.php(349): CodeIgniter\CodeIgniter->handleRequest()
 6 FCPATH/index.php(57): CodeIgniter\CodeIgniter->run()
CRITICAL - 2024-01-30 15:38:01 --> Undefined variable $payArray
in APPPATH/Models/Engine.php on line 2035.
 1 APPPATH/Models/Engine.php(2035): CodeIgniter\Debug\Exceptions->errorHandler()
 2 APPPATH/Controllers/Api.php(139): App\Models\Engine->getBillToSynch()
 3 SYSTEMPATH/CodeIgniter.php(896): App\Controllers\Api->postbillpayment()
 4 SYSTEMPATH/CodeIgniter.php(466): CodeIgniter\CodeIgniter->runController()
 5 SYSTEMPATH/CodeIgniter.php(349): CodeIgniter\CodeIgniter->handleRequest()
 6 FCPATH/index.php(57): CodeIgniter\CodeIgniter->run()
CRITICAL - 2024-01-30 15:39:01 --> Undefined variable $payArray
in APPPATH/Models/Engine.php on line 2035.
 1 APPPATH/Models/Engine.php(2035): CodeIgniter\Debug\Exceptions->errorHandler()
 2 APPPATH/Controllers/Api.php(139): App\Models\Engine->getBillToSynch()
 3 SYSTEMPATH/CodeIgniter.php(896): App\Controllers\Api->postbillpayment()
 4 SYSTEMPATH/CodeIgniter.php(466): CodeIgniter\CodeIgniter->runController()
 5 SYSTEMPATH/CodeIgniter.php(349): CodeIgniter\CodeIgniter->handleRequest()
 6 FCPATH/index.php(57): CodeIgniter\CodeIgniter->run()
CRITICAL - 2024-01-30 15:40:01 --> Undefined variable $payArray
in APPPATH/Models/Engine.php on line 2035.
 1 APPPATH/Models/Engine.php(2035): CodeIgniter\Debug\Exceptions->errorHandler()
 2 APPPATH/Controllers/Api.php(139): App\Models\Engine->getBillToSynch()
 3 SYSTEMPATH/CodeIgniter.php(896): App\Controllers\Api->postbillpayment()
 4 SYSTEMPATH/CodeIgniter.php(466): CodeIgniter\CodeIgniter->runController()
 5 SYSTEMPATH/CodeIgniter.php(349): CodeIgniter\CodeIgniter->handleRequest()
 6 FCPATH/index.php(57): CodeIgniter\CodeIgniter->run()
CRITICAL - 2024-01-30 15:41:01 --> Undefined variable $payArray
in APPPATH/Models/Engine.php on line 2035.
 1 APPPATH/Models/Engine.php(2035): CodeIgniter\Debug\Exceptions->errorHandler()
 2 APPPATH/Controllers/Api.php(139): App\Models\Engine->getBillToSynch()
 3 SYSTEMPATH/CodeIgniter.php(896): App\Controllers\Api->postbillpayment()
 4 SYSTEMPATH/CodeIgniter.php(466): CodeIgniter\CodeIgniter->runController()
 5 SYSTEMPATH/CodeIgniter.php(349): CodeIgniter\CodeIgniter->handleRequest()
 6 FCPATH/index.php(57): CodeIgniter\CodeIgniter->run()
CRITICAL - 2024-01-30 15:42:01 --> Undefined variable $payArray
in APPPATH/Models/Engine.php on line 2035.
 1 APPPATH/Models/Engine.php(2035): CodeIgniter\Debug\Exceptions->errorHandler()
 2 APPPATH/Controllers/Api.php(139): App\Models\Engine->getBillToSynch()
 3 SYSTEMPATH/CodeIgniter.php(896): App\Controllers\Api->postbillpayment()
 4 SYSTEMPATH/CodeIgniter.php(466): CodeIgniter\CodeIgniter->runController()
 5 SYSTEMPATH/CodeIgniter.php(349): CodeIgniter\CodeIgniter->handleRequest()
 6 FCPATH/index.php(57): CodeIgniter\CodeIgniter->run()
CRITICAL - 2024-01-30 15:43:01 --> Undefined variable $payArray
in APPPATH/Models/Engine.php on line 2035.
 1 APPPATH/Models/Engine.php(2035): CodeIgniter\Debug\Exceptions->errorHandler()
 2 APPPATH/Controllers/Api.php(139): App\Models\Engine->getBillToSynch()
 3 SYSTEMPATH/CodeIgniter.php(896): App\Controllers\Api->postbillpayment()
 4 SYSTEMPATH/CodeIgniter.php(466): CodeIgniter\CodeIgniter->runController()
 5 SYSTEMPATH/CodeIgniter.php(349): CodeIgniter\CodeIgniter->handleRequest()
 6 FCPATH/index.php(57): CodeIgniter\CodeIgniter->run()
CRITICAL - 2024-01-30 15:44:01 --> Undefined variable $payArray
in APPPATH/Models/Engine.php on line 2035.
 1 APPPATH/Models/Engine.php(2035): CodeIgniter\Debug\Exceptions->errorHandler()
 2 APPPATH/Controllers/Api.php(139): App\Models\Engine->getBillToSynch()
 3 SYSTEMPATH/CodeIgniter.php(896): App\Controllers\Api->postbillpayment()
 4 SYSTEMPATH/CodeIgniter.php(466): CodeIgniter\CodeIgniter->runController()
 5 SYSTEMPATH/CodeIgniter.php(349): CodeIgniter\CodeIgniter->handleRequest()
 6 FCPATH/index.php(57): CodeIgniter\CodeIgniter->run()
CRITICAL - 2024-01-30 15:45:01 --> Undefined variable $payArray
in APPPATH/Models/Engine.php on line 2035.
 1 APPPATH/Models/Engine.php(2035): CodeIgniter\Debug\Exceptions->errorHandler()
 2 APPPATH/Controllers/Api.php(139): App\Models\Engine->getBillToSynch()
 3 SYSTEMPATH/CodeIgniter.php(896): App\Controllers\Api->postbillpayment()
 4 SYSTEMPATH/CodeIgniter.php(466): CodeIgniter\CodeIgniter->runController()
 5 SYSTEMPATH/CodeIgniter.php(349): CodeIgniter\CodeIgniter->handleRequest()
 6 FCPATH/index.php(57): CodeIgniter\CodeIgniter->run()
CRITICAL - 2024-01-30 15:46:01 --> Undefined variable $payArray
in APPPATH/Models/Engine.php on line 2035.
 1 APPPATH/Models/Engine.php(2035): CodeIgniter\Debug\Exceptions->errorHandler()
 2 APPPATH/Controllers/Api.php(139): App\Models\Engine->getBillToSynch()
 3 SYSTEMPATH/CodeIgniter.php(896): App\Controllers\Api->postbillpayment()
 4 SYSTEMPATH/CodeIgniter.php(466): CodeIgniter\CodeIgniter->runController()
 5 SYSTEMPATH/CodeIgniter.php(349): CodeIgniter\CodeIgniter->handleRequest()
 6 FCPATH/index.php(57): CodeIgniter\CodeIgniter->run()
CRITICAL - 2024-01-30 15:47:01 --> Undefined variable $payArray
in APPPATH/Models/Engine.php on line 2035.
 1 APPPATH/Models/Engine.php(2035): CodeIgniter\Debug\Exceptions->errorHandler()
 2 APPPATH/Controllers/Api.php(139): App\Models\Engine->getBillToSynch()
 3 SYSTEMPATH/CodeIgniter.php(896): App\Controllers\Api->postbillpayment()
 4 SYSTEMPATH/CodeIgniter.php(466): CodeIgniter\CodeIgniter->runController()
 5 SYSTEMPATH/CodeIgniter.php(349): CodeIgniter\CodeIgniter->handleRequest()
 6 FCPATH/index.php(57): CodeIgniter\CodeIgniter->run()
CRITICAL - 2024-01-30 15:48:01 --> Undefined variable $payArray
in APPPATH/Models/Engine.php on line 2035.
 1 APPPATH/Models/Engine.php(2035): CodeIgniter\Debug\Exceptions->errorHandler()
 2 APPPATH/Controllers/Api.php(139): App\Models\Engine->getBillToSynch()
 3 SYSTEMPATH/CodeIgniter.php(896): App\Controllers\Api->postbillpayment()
 4 SYSTEMPATH/CodeIgniter.php(466): CodeIgniter\CodeIgniter->runController()
 5 SYSTEMPATH/CodeIgniter.php(349): CodeIgniter\CodeIgniter->handleRequest()
 6 FCPATH/index.php(57): CodeIgniter\CodeIgniter->run()
CRITICAL - 2024-01-30 15:49:01 --> Undefined variable $payArray
in APPPATH/Models/Engine.php on line 2035.
 1 APPPATH/Models/Engine.php(2035): CodeIgniter\Debug\Exceptions->errorHandler()
 2 APPPATH/Controllers/Api.php(139): App\Models\Engine->getBillToSynch()
 3 SYSTEMPATH/CodeIgniter.php(896): App\Controllers\Api->postbillpayment()
 4 SYSTEMPATH/CodeIgniter.php(466): CodeIgniter\CodeIgniter->runController()
 5 SYSTEMPATH/CodeIgniter.php(349): CodeIgniter\CodeIgniter->handleRequest()
 6 FCPATH/index.php(57): CodeIgniter\CodeIgniter->run()
CRITICAL - 2024-01-30 15:50:01 --> Undefined variable $payArray
in APPPATH/Models/Engine.php on line 2035.
 1 APPPATH/Models/Engine.php(2035): CodeIgniter\Debug\Exceptions->errorHandler()
 2 APPPATH/Controllers/Api.php(139): App\Models\Engine->getBillToSynch()
 3 SYSTEMPATH/CodeIgniter.php(896): App\Controllers\Api->postbillpayment()
 4 SYSTEMPATH/CodeIgniter.php(466): CodeIgniter\CodeIgniter->runController()
 5 SYSTEMPATH/CodeIgniter.php(349): CodeIgniter\CodeIgniter->handleRequest()
 6 FCPATH/index.php(57): CodeIgniter\CodeIgniter->run()
CRITICAL - 2024-01-30 15:51:01 --> Undefined variable $payArray
in APPPATH/Models/Engine.php on line 2035.
 1 APPPATH/Models/Engine.php(2035): CodeIgniter\Debug\Exceptions->errorHandler()
 2 APPPATH/Controllers/Api.php(139): App\Models\Engine->getBillToSynch()
 3 SYSTEMPATH/CodeIgniter.php(896): App\Controllers\Api->postbillpayment()
 4 SYSTEMPATH/CodeIgniter.php(466): CodeIgniter\CodeIgniter->runController()
 5 SYSTEMPATH/CodeIgniter.php(349): CodeIgniter\CodeIgniter->handleRequest()
 6 FCPATH/index.php(57): CodeIgniter\CodeIgniter->run()
CRITICAL - 2024-01-30 15:52:01 --> Undefined variable $payArray
in APPPATH/Models/Engine.php on line 2035.
 1 APPPATH/Models/Engine.php(2035): CodeIgniter\Debug\Exceptions->errorHandler()
 2 APPPATH/Controllers/Api.php(139): App\Models\Engine->getBillToSynch()
 3 SYSTEMPATH/CodeIgniter.php(896): App\Controllers\Api->postbillpayment()
 4 SYSTEMPATH/CodeIgniter.php(466): CodeIgniter\CodeIgniter->runController()
 5 SYSTEMPATH/CodeIgniter.php(349): CodeIgniter\CodeIgniter->handleRequest()
 6 FCPATH/index.php(57): CodeIgniter\CodeIgniter->run()
CRITICAL - 2024-01-30 15:53:01 --> Undefined variable $payArray
in APPPATH/Models/Engine.php on line 2035.
 1 APPPATH/Models/Engine.php(2035): CodeIgniter\Debug\Exceptions->errorHandler()
 2 APPPATH/Controllers/Api.php(139): App\Models\Engine->getBillToSynch()
 3 SYSTEMPATH/CodeIgniter.php(896): App\Controllers\Api->postbillpayment()
 4 SYSTEMPATH/CodeIgniter.php(466): CodeIgniter\CodeIgniter->runController()
 5 SYSTEMPATH/CodeIgniter.php(349): CodeIgniter\CodeIgniter->handleRequest()
 6 FCPATH/index.php(57): CodeIgniter\CodeIgniter->run()
CRITICAL - 2024-01-30 15:54:01 --> Undefined variable $payArray
in APPPATH/Models/Engine.php on line 2035.
 1 APPPATH/Models/Engine.php(2035): CodeIgniter\Debug\Exceptions->errorHandler()
 2 APPPATH/Controllers/Api.php(139): App\Models\Engine->getBillToSynch()
 3 SYSTEMPATH/CodeIgniter.php(896): App\Controllers\Api->postbillpayment()
 4 SYSTEMPATH/CodeIgniter.php(466): CodeIgniter\CodeIgniter->runController()
 5 SYSTEMPATH/CodeIgniter.php(349): CodeIgniter\CodeIgniter->handleRequest()
 6 FCPATH/index.php(57): CodeIgniter\CodeIgniter->run()
CRITICAL - 2024-01-30 15:55:01 --> Undefined variable $payArray
in APPPATH/Models/Engine.php on line 2035.
 1 APPPATH/Models/Engine.php(2035): CodeIgniter\Debug\Exceptions->errorHandler()
 2 APPPATH/Controllers/Api.php(139): App\Models\Engine->getBillToSynch()
 3 SYSTEMPATH/CodeIgniter.php(896): App\Controllers\Api->postbillpayment()
 4 SYSTEMPATH/CodeIgniter.php(466): CodeIgniter\CodeIgniter->runController()
 5 SYSTEMPATH/CodeIgniter.php(349): CodeIgniter\CodeIgniter->handleRequest()
 6 FCPATH/index.php(57): CodeIgniter\CodeIgniter->run()
CRITICAL - 2024-01-30 15:56:01 --> Undefined variable $payArray
in APPPATH/Models/Engine.php on line 2035.
 1 APPPATH/Models/Engine.php(2035): CodeIgniter\Debug\Exceptions->errorHandler()
 2 APPPATH/Controllers/Api.php(139): App\Models\Engine->getBillToSynch()
 3 SYSTEMPATH/CodeIgniter.php(896): App\Controllers\Api->postbillpayment()
 4 SYSTEMPATH/CodeIgniter.php(466): CodeIgniter\CodeIgniter->runController()
 5 SYSTEMPATH/CodeIgniter.php(349): CodeIgniter\CodeIgniter->handleRequest()
 6 FCPATH/index.php(57): CodeIgniter\CodeIgniter->run()
CRITICAL - 2024-01-30 15:57:01 --> Undefined variable $payArray
in APPPATH/Models/Engine.php on line 2035.
 1 APPPATH/Models/Engine.php(2035): CodeIgniter\Debug\Exceptions->errorHandler()
 2 APPPATH/Controllers/Api.php(139): App\Models\Engine->getBillToSynch()
 3 SYSTEMPATH/CodeIgniter.php(896): App\Controllers\Api->postbillpayment()
 4 SYSTEMPATH/CodeIgniter.php(466): CodeIgniter\CodeIgniter->runController()
 5 SYSTEMPATH/CodeIgniter.php(349): CodeIgniter\CodeIgniter->handleRequest()
 6 FCPATH/index.php(57): CodeIgniter\CodeIgniter->run()
CRITICAL - 2024-01-30 15:58:02 --> Undefined variable $payArray
in APPPATH/Models/Engine.php on line 2035.
 1 APPPATH/Models/Engine.php(2035): CodeIgniter\Debug\Exceptions->errorHandler()
 2 APPPATH/Controllers/Api.php(139): App\Models\Engine->getBillToSynch()
 3 SYSTEMPATH/CodeIgniter.php(896): App\Controllers\Api->postbillpayment()
 4 SYSTEMPATH/CodeIgniter.php(466): CodeIgniter\CodeIgniter->runController()
 5 SYSTEMPATH/CodeIgniter.php(349): CodeIgniter\CodeIgniter->handleRequest()
 6 FCPATH/index.php(57): CodeIgniter\CodeIgniter->run()
CRITICAL - 2024-01-30 15:59:01 --> Undefined variable $payArray
in APPPATH/Models/Engine.php on line 2035.
 1 APPPATH/Models/Engine.php(2035): CodeIgniter\Debug\Exceptions->errorHandler()
 2 APPPATH/Controllers/Api.php(139): App\Models\Engine->getBillToSynch()
 3 SYSTEMPATH/CodeIgniter.php(896): App\Controllers\Api->postbillpayment()
 4 SYSTEMPATH/CodeIgniter.php(466): CodeIgniter\CodeIgniter->runController()
 5 SYSTEMPATH/CodeIgniter.php(349): CodeIgniter\CodeIgniter->handleRequest()
 6 FCPATH/index.php(57): CodeIgniter\CodeIgniter->run()
CRITICAL - 2024-01-30 16:00:01 --> Undefined variable $payArray
in APPPATH/Models/Engine.php on line 2035.
 1 APPPATH/Models/Engine.php(2035): CodeIgniter\Debug\Exceptions->errorHandler()
 2 APPPATH/Controllers/Api.php(139): App\Models\Engine->getBillToSynch()
 3 SYSTEMPATH/CodeIgniter.php(896): App\Controllers\Api->postbillpayment()
 4 SYSTEMPATH/CodeIgniter.php(466): CodeIgniter\CodeIgniter->runController()
 5 SYSTEMPATH/CodeIgniter.php(349): CodeIgniter\CodeIgniter->handleRequest()
 6 FCPATH/index.php(57): CodeIgniter\CodeIgniter->run()
CRITICAL - 2024-01-30 16:01:01 --> Undefined variable $payArray
in APPPATH/Models/Engine.php on line 2035.
 1 APPPATH/Models/Engine.php(2035): CodeIgniter\Debug\Exceptions->errorHandler()
 2 APPPATH/Controllers/Api.php(139): App\Models\Engine->getBillToSynch()
 3 SYSTEMPATH/CodeIgniter.php(896): App\Controllers\Api->postbillpayment()
 4 SYSTEMPATH/CodeIgniter.php(466): CodeIgniter\CodeIgniter->runController()
 5 SYSTEMPATH/CodeIgniter.php(349): CodeIgniter\CodeIgniter->handleRequest()
 6 FCPATH/index.php(57): CodeIgniter\CodeIgniter->run()
CRITICAL - 2024-01-30 16:02:01 --> Undefined variable $payArray
in APPPATH/Models/Engine.php on line 2035.
 1 APPPATH/Models/Engine.php(2035): CodeIgniter\Debug\Exceptions->errorHandler()
 2 APPPATH/Controllers/Api.php(139): App\Models\Engine->getBillToSynch()
 3 SYSTEMPATH/CodeIgniter.php(896): App\Controllers\Api->postbillpayment()
 4 SYSTEMPATH/CodeIgniter.php(466): CodeIgniter\CodeIgniter->runController()
 5 SYSTEMPATH/CodeIgniter.php(349): CodeIgniter\CodeIgniter->handleRequest()
 6 FCPATH/index.php(57): CodeIgniter\CodeIgniter->run()
CRITICAL - 2024-01-30 16:03:01 --> Undefined variable $payArray
in APPPATH/Models/Engine.php on line 2035.
 1 APPPATH/Models/Engine.php(2035): CodeIgniter\Debug\Exceptions->errorHandler()
 2 APPPATH/Controllers/Api.php(139): App\Models\Engine->getBillToSynch()
 3 SYSTEMPATH/CodeIgniter.php(896): App\Controllers\Api->postbillpayment()
 4 SYSTEMPATH/CodeIgniter.php(466): CodeIgniter\CodeIgniter->runController()
 5 SYSTEMPATH/CodeIgniter.php(349): CodeIgniter\CodeIgniter->handleRequest()
 6 FCPATH/index.php(57): CodeIgniter\CodeIgniter->run()
CRITICAL - 2024-01-30 16:04:01 --> Undefined variable $payArray
in APPPATH/Models/Engine.php on line 2035.
 1 APPPATH/Models/Engine.php(2035): CodeIgniter\Debug\Exceptions->errorHandler()
 2 APPPATH/Controllers/Api.php(139): App\Models\Engine->getBillToSynch()
 3 SYSTEMPATH/CodeIgniter.php(896): App\Controllers\Api->postbillpayment()
 4 SYSTEMPATH/CodeIgniter.php(466): CodeIgniter\CodeIgniter->runController()
 5 SYSTEMPATH/CodeIgniter.php(349): CodeIgniter\CodeIgniter->handleRequest()
 6 FCPATH/index.php(57): CodeIgniter\CodeIgniter->run()
CRITICAL - 2024-01-30 16:05:01 --> Undefined variable $payArray
in APPPATH/Models/Engine.php on line 2035.
 1 APPPATH/Models/Engine.php(2035): CodeIgniter\Debug\Exceptions->errorHandler()
 2 APPPATH/Controllers/Api.php(139): App\Models\Engine->getBillToSynch()
 3 SYSTEMPATH/CodeIgniter.php(896): App\Controllers\Api->postbillpayment()
 4 SYSTEMPATH/CodeIgniter.php(466): CodeIgniter\CodeIgniter->runController()
 5 SYSTEMPATH/CodeIgniter.php(349): CodeIgniter\CodeIgniter->handleRequest()
 6 FCPATH/index.php(57): CodeIgniter\CodeIgniter->run()
CRITICAL - 2024-01-30 16:06:01 --> Undefined variable $payArray
in APPPATH/Models/Engine.php on line 2035.
 1 APPPATH/Models/Engine.php(2035): CodeIgniter\Debug\Exceptions->errorHandler()
 2 APPPATH/Controllers/Api.php(139): App\Models\Engine->getBillToSynch()
 3 SYSTEMPATH/CodeIgniter.php(896): App\Controllers\Api->postbillpayment()
 4 SYSTEMPATH/CodeIgniter.php(466): CodeIgniter\CodeIgniter->runController()
 5 SYSTEMPATH/CodeIgniter.php(349): CodeIgniter\CodeIgniter->handleRequest()
 6 FCPATH/index.php(57): CodeIgniter\CodeIgniter->run()
CRITICAL - 2024-01-30 16:07:01 --> Undefined variable $payArray
in APPPATH/Models/Engine.php on line 2035.
 1 APPPATH/Models/Engine.php(2035): CodeIgniter\Debug\Exceptions->errorHandler()
 2 APPPATH/Controllers/Api.php(139): App\Models\Engine->getBillToSynch()
 3 SYSTEMPATH/CodeIgniter.php(896): App\Controllers\Api->postbillpayment()
 4 SYSTEMPATH/CodeIgniter.php(466): CodeIgniter\CodeIgniter->runController()
 5 SYSTEMPATH/CodeIgniter.php(349): CodeIgniter\CodeIgniter->handleRequest()
 6 FCPATH/index.php(57): CodeIgniter\CodeIgniter->run()
CRITICAL - 2024-01-30 16:08:01 --> Undefined variable $payArray
in APPPATH/Models/Engine.php on line 2035.
 1 APPPATH/Models/Engine.php(2035): CodeIgniter\Debug\Exceptions->errorHandler()
 2 APPPATH/Controllers/Api.php(139): App\Models\Engine->getBillToSynch()
 3 SYSTEMPATH/CodeIgniter.php(896): App\Controllers\Api->postbillpayment()
 4 SYSTEMPATH/CodeIgniter.php(466): CodeIgniter\CodeIgniter->runController()
 5 SYSTEMPATH/CodeIgniter.php(349): CodeIgniter\CodeIgniter->handleRequest()
 6 FCPATH/index.php(57): CodeIgniter\CodeIgniter->run()
CRITICAL - 2024-01-30 16:09:01 --> Undefined variable $payArray
in APPPATH/Models/Engine.php on line 2035.
 1 APPPATH/Models/Engine.php(2035): CodeIgniter\Debug\Exceptions->errorHandler()
 2 APPPATH/Controllers/Api.php(139): App\Models\Engine->getBillToSynch()
 3 SYSTEMPATH/CodeIgniter.php(896): App\Controllers\Api->postbillpayment()
 4 SYSTEMPATH/CodeIgniter.php(466): CodeIgniter\CodeIgniter->runController()
 5 SYSTEMPATH/CodeIgniter.php(349): CodeIgniter\CodeIgniter->handleRequest()
 6 FCPATH/index.php(57): CodeIgniter\CodeIgniter->run()
CRITICAL - 2024-01-30 16:10:01 --> Undefined variable $payArray
in APPPATH/Models/Engine.php on line 2035.
 1 APPPATH/Models/Engine.php(2035): CodeIgniter\Debug\Exceptions->errorHandler()
 2 APPPATH/Controllers/Api.php(139): App\Models\Engine->getBillToSynch()
 3 SYSTEMPATH/CodeIgniter.php(896): App\Controllers\Api->postbillpayment()
 4 SYSTEMPATH/CodeIgniter.php(466): CodeIgniter\CodeIgniter->runController()
 5 SYSTEMPATH/CodeIgniter.php(349): CodeIgniter\CodeIgniter->handleRequest()
 6 FCPATH/index.php(57): CodeIgniter\CodeIgniter->run()
CRITICAL - 2024-01-30 16:11:01 --> Undefined variable $payArray
in APPPATH/Models/Engine.php on line 2035.
 1 APPPATH/Models/Engine.php(2035): CodeIgniter\Debug\Exceptions->errorHandler()
 2 APPPATH/Controllers/Api.php(139): App\Models\Engine->getBillToSynch()
 3 SYSTEMPATH/CodeIgniter.php(896): App\Controllers\Api->postbillpayment()
 4 SYSTEMPATH/CodeIgniter.php(466): CodeIgniter\CodeIgniter->runController()
 5 SYSTEMPATH/CodeIgniter.php(349): CodeIgniter\CodeIgniter->handleRequest()
 6 FCPATH/index.php(57): CodeIgniter\CodeIgniter->run()
CRITICAL - 2024-01-30 16:12:01 --> Undefined variable $payArray
in APPPATH/Models/Engine.php on line 2035.
 1 APPPATH/Models/Engine.php(2035): CodeIgniter\Debug\Exceptions->errorHandler()
 2 APPPATH/Controllers/Api.php(139): App\Models\Engine->getBillToSynch()
 3 SYSTEMPATH/CodeIgniter.php(896): App\Controllers\Api->postbillpayment()
 4 SYSTEMPATH/CodeIgniter.php(466): CodeIgniter\CodeIgniter->runController()
 5 SYSTEMPATH/CodeIgniter.php(349): CodeIgniter\CodeIgniter->handleRequest()
 6 FCPATH/index.php(57): CodeIgniter\CodeIgniter->run()
CRITICAL - 2024-01-30 16:13:01 --> Undefined variable $payArray
in APPPATH/Models/Engine.php on line 2035.
 1 APPPATH/Models/Engine.php(2035): CodeIgniter\Debug\Exceptions->errorHandler()
 2 APPPATH/Controllers/Api.php(139): App\Models\Engine->getBillToSynch()
 3 SYSTEMPATH/CodeIgniter.php(896): App\Controllers\Api->postbillpayment()
 4 SYSTEMPATH/CodeIgniter.php(466): CodeIgniter\CodeIgniter->runController()
 5 SYSTEMPATH/CodeIgniter.php(349): CodeIgniter\CodeIgniter->handleRequest()
 6 FCPATH/index.php(57): CodeIgniter\CodeIgniter->run()
CRITICAL - 2024-01-30 16:14:01 --> Undefined variable $payArray
in APPPATH/Models/Engine.php on line 2035.
 1 APPPATH/Models/Engine.php(2035): CodeIgniter\Debug\Exceptions->errorHandler()
 2 APPPATH/Controllers/Api.php(139): App\Models\Engine->getBillToSynch()
 3 SYSTEMPATH/CodeIgniter.php(896): App\Controllers\Api->postbillpayment()
 4 SYSTEMPATH/CodeIgniter.php(466): CodeIgniter\CodeIgniter->runController()
 5 SYSTEMPATH/CodeIgniter.php(349): CodeIgniter\CodeIgniter->handleRequest()
 6 FCPATH/index.php(57): CodeIgniter\CodeIgniter->run()
CRITICAL - 2024-01-30 16:15:01 --> Undefined variable $payArray
in APPPATH/Models/Engine.php on line 2035.
 1 APPPATH/Models/Engine.php(2035): CodeIgniter\Debug\Exceptions->errorHandler()
 2 APPPATH/Controllers/Api.php(139): App\Models\Engine->getBillToSynch()
 3 SYSTEMPATH/CodeIgniter.php(896): App\Controllers\Api->postbillpayment()
 4 SYSTEMPATH/CodeIgniter.php(466): CodeIgniter\CodeIgniter->runController()
 5 SYSTEMPATH/CodeIgniter.php(349): CodeIgniter\CodeIgniter->handleRequest()
 6 FCPATH/index.php(57): CodeIgniter\CodeIgniter->run()
CRITICAL - 2024-01-30 16:16:01 --> Undefined variable $payArray
in APPPATH/Models/Engine.php on line 2035.
 1 APPPATH/Models/Engine.php(2035): CodeIgniter\Debug\Exceptions->errorHandler()
 2 APPPATH/Controllers/Api.php(139): App\Models\Engine->getBillToSynch()
 3 SYSTEMPATH/CodeIgniter.php(896): App\Controllers\Api->postbillpayment()
 4 SYSTEMPATH/CodeIgniter.php(466): CodeIgniter\CodeIgniter->runController()
 5 SYSTEMPATH/CodeIgniter.php(349): CodeIgniter\CodeIgniter->handleRequest()
 6 FCPATH/index.php(57): CodeIgniter\CodeIgniter->run()
CRITICAL - 2024-01-30 16:17:01 --> Undefined variable $payArray
in APPPATH/Models/Engine.php on line 2035.
 1 APPPATH/Models/Engine.php(2035): CodeIgniter\Debug\Exceptions->errorHandler()
 2 APPPATH/Controllers/Api.php(139): App\Models\Engine->getBillToSynch()
 3 SYSTEMPATH/CodeIgniter.php(896): App\Controllers\Api->postbillpayment()
 4 SYSTEMPATH/CodeIgniter.php(466): CodeIgniter\CodeIgniter->runController()
 5 SYSTEMPATH/CodeIgniter.php(349): CodeIgniter\CodeIgniter->handleRequest()
 6 FCPATH/index.php(57): CodeIgniter\CodeIgniter->run()
CRITICAL - 2024-01-30 16:18:01 --> Undefined variable $payArray
in APPPATH/Models/Engine.php on line 2035.
 1 APPPATH/Models/Engine.php(2035): CodeIgniter\Debug\Exceptions->errorHandler()
 2 APPPATH/Controllers/Api.php(139): App\Models\Engine->getBillToSynch()
 3 SYSTEMPATH/CodeIgniter.php(896): App\Controllers\Api->postbillpayment()
 4 SYSTEMPATH/CodeIgniter.php(466): CodeIgniter\CodeIgniter->runController()
 5 SYSTEMPATH/CodeIgniter.php(349): CodeIgniter\CodeIgniter->handleRequest()
 6 FCPATH/index.php(57): CodeIgniter\CodeIgniter->run()
CRITICAL - 2024-01-30 16:19:01 --> Undefined variable $payArray
in APPPATH/Models/Engine.php on line 2035.
 1 APPPATH/Models/Engine.php(2035): CodeIgniter\Debug\Exceptions->errorHandler()
 2 APPPATH/Controllers/Api.php(139): App\Models\Engine->getBillToSynch()
 3 SYSTEMPATH/CodeIgniter.php(896): App\Controllers\Api->postbillpayment()
 4 SYSTEMPATH/CodeIgniter.php(466): CodeIgniter\CodeIgniter->runController()
 5 SYSTEMPATH/CodeIgniter.php(349): CodeIgniter\CodeIgniter->handleRequest()
 6 FCPATH/index.php(57): CodeIgniter\CodeIgniter->run()
CRITICAL - 2024-01-30 16:20:01 --> Undefined variable $payArray
in APPPATH/Models/Engine.php on line 2035.
 1 APPPATH/Models/Engine.php(2035): CodeIgniter\Debug\Exceptions->errorHandler()
 2 APPPATH/Controllers/Api.php(139): App\Models\Engine->getBillToSynch()
 3 SYSTEMPATH/CodeIgniter.php(896): App\Controllers\Api->postbillpayment()
 4 SYSTEMPATH/CodeIgniter.php(466): CodeIgniter\CodeIgniter->runController()
 5 SYSTEMPATH/CodeIgniter.php(349): CodeIgniter\CodeIgniter->handleRequest()
 6 FCPATH/index.php(57): CodeIgniter\CodeIgniter->run()
CRITICAL - 2024-01-30 16:21:01 --> Undefined variable $payArray
in APPPATH/Models/Engine.php on line 2035.
 1 APPPATH/Models/Engine.php(2035): CodeIgniter\Debug\Exceptions->errorHandler()
 2 APPPATH/Controllers/Api.php(139): App\Models\Engine->getBillToSynch()
 3 SYSTEMPATH/CodeIgniter.php(896): App\Controllers\Api->postbillpayment()
 4 SYSTEMPATH/CodeIgniter.php(466): CodeIgniter\CodeIgniter->runController()
 5 SYSTEMPATH/CodeIgniter.php(349): CodeIgniter\CodeIgniter->handleRequest()
 6 FCPATH/index.php(57): CodeIgniter\CodeIgniter->run()
CRITICAL - 2024-01-30 16:22:01 --> Undefined variable $payArray
in APPPATH/Models/Engine.php on line 2035.
 1 APPPATH/Models/Engine.php(2035): CodeIgniter\Debug\Exceptions->errorHandler()
 2 APPPATH/Controllers/Api.php(139): App\Models\Engine->getBillToSynch()
 3 SYSTEMPATH/CodeIgniter.php(896): App\Controllers\Api->postbillpayment()
 4 SYSTEMPATH/CodeIgniter.php(466): CodeIgniter\CodeIgniter->runController()
 5 SYSTEMPATH/CodeIgniter.php(349): CodeIgniter\CodeIgniter->handleRequest()
 6 FCPATH/index.php(57): CodeIgniter\CodeIgniter->run()
CRITICAL - 2024-01-30 16:23:02 --> Undefined variable $payArray
in APPPATH/Models/Engine.php on line 2035.
 1 APPPATH/Models/Engine.php(2035): CodeIgniter\Debug\Exceptions->errorHandler()
 2 APPPATH/Controllers/Api.php(139): App\Models\Engine->getBillToSynch()
 3 SYSTEMPATH/CodeIgniter.php(896): App\Controllers\Api->postbillpayment()
 4 SYSTEMPATH/CodeIgniter.php(466): CodeIgniter\CodeIgniter->runController()
 5 SYSTEMPATH/CodeIgniter.php(349): CodeIgniter\CodeIgniter->handleRequest()
 6 FCPATH/index.php(57): CodeIgniter\CodeIgniter->run()
CRITICAL - 2024-01-30 16:24:01 --> Undefined variable $payArray
in APPPATH/Models/Engine.php on line 2035.
 1 APPPATH/Models/Engine.php(2035): CodeIgniter\Debug\Exceptions->errorHandler()
 2 APPPATH/Controllers/Api.php(139): App\Models\Engine->getBillToSynch()
 3 SYSTEMPATH/CodeIgniter.php(896): App\Controllers\Api->postbillpayment()
 4 SYSTEMPATH/CodeIgniter.php(466): CodeIgniter\CodeIgniter->runController()
 5 SYSTEMPATH/CodeIgniter.php(349): CodeIgniter\CodeIgniter->handleRequest()
 6 FCPATH/index.php(57): CodeIgniter\CodeIgniter->run()
CRITICAL - 2024-01-30 16:25:01 --> Undefined variable $payArray
in APPPATH/Models/Engine.php on line 2035.
 1 APPPATH/Models/Engine.php(2035): CodeIgniter\Debug\Exceptions->errorHandler()
 2 APPPATH/Controllers/Api.php(139): App\Models\Engine->getBillToSynch()
 3 SYSTEMPATH/CodeIgniter.php(896): App\Controllers\Api->postbillpayment()
 4 SYSTEMPATH/CodeIgniter.php(466): CodeIgniter\CodeIgniter->runController()
 5 SYSTEMPATH/CodeIgniter.php(349): CodeIgniter\CodeIgniter->handleRequest()
 6 FCPATH/index.php(57): CodeIgniter\CodeIgniter->run()
CRITICAL - 2024-01-30 16:26:01 --> Undefined variable $payArray
in APPPATH/Models/Engine.php on line 2035.
 1 APPPATH/Models/Engine.php(2035): CodeIgniter\Debug\Exceptions->errorHandler()
 2 APPPATH/Controllers/Api.php(139): App\Models\Engine->getBillToSynch()
 3 SYSTEMPATH/CodeIgniter.php(896): App\Controllers\Api->postbillpayment()
 4 SYSTEMPATH/CodeIgniter.php(466): CodeIgniter\CodeIgniter->runController()
 5 SYSTEMPATH/CodeIgniter.php(349): CodeIgniter\CodeIgniter->handleRequest()
 6 FCPATH/index.php(57): CodeIgniter\CodeIgniter->run()
CRITICAL - 2024-01-30 16:27:01 --> Undefined variable $payArray
in APPPATH/Models/Engine.php on line 2035.
 1 APPPATH/Models/Engine.php(2035): CodeIgniter\Debug\Exceptions->errorHandler()
 2 APPPATH/Controllers/Api.php(139): App\Models\Engine->getBillToSynch()
 3 SYSTEMPATH/CodeIgniter.php(896): App\Controllers\Api->postbillpayment()
 4 SYSTEMPATH/CodeIgniter.php(466): CodeIgniter\CodeIgniter->runController()
 5 SYSTEMPATH/CodeIgniter.php(349): CodeIgniter\CodeIgniter->handleRequest()
 6 FCPATH/index.php(57): CodeIgniter\CodeIgniter->run()
CRITICAL - 2024-01-30 16:28:01 --> Undefined variable $payArray
in APPPATH/Models/Engine.php on line 2035.
 1 APPPATH/Models/Engine.php(2035): CodeIgniter\Debug\Exceptions->errorHandler()
 2 APPPATH/Controllers/Api.php(139): App\Models\Engine->getBillToSynch()
 3 SYSTEMPATH/CodeIgniter.php(896): App\Controllers\Api->postbillpayment()
 4 SYSTEMPATH/CodeIgniter.php(466): CodeIgniter\CodeIgniter->runController()
 5 SYSTEMPATH/CodeIgniter.php(349): CodeIgniter\CodeIgniter->handleRequest()
 6 FCPATH/index.php(57): CodeIgniter\CodeIgniter->run()
CRITICAL - 2024-01-30 16:29:01 --> Undefined variable $payArray
in APPPATH/Models/Engine.php on line 2035.
 1 APPPATH/Models/Engine.php(2035): CodeIgniter\Debug\Exceptions->errorHandler()
 2 APPPATH/Controllers/Api.php(139): App\Models\Engine->getBillToSynch()
 3 SYSTEMPATH/CodeIgniter.php(896): App\Controllers\Api->postbillpayment()
 4 SYSTEMPATH/CodeIgniter.php(466): CodeIgniter\CodeIgniter->runController()
 5 SYSTEMPATH/CodeIgniter.php(349): CodeIgniter\CodeIgniter->handleRequest()
 6 FCPATH/index.php(57): CodeIgniter\CodeIgniter->run()
CRITICAL - 2024-01-30 16:30:01 --> Undefined variable $payArray
in APPPATH/Models/Engine.php on line 2035.
 1 APPPATH/Models/Engine.php(2035): CodeIgniter\Debug\Exceptions->errorHandler()
 2 APPPATH/Controllers/Api.php(139): App\Models\Engine->getBillToSynch()
 3 SYSTEMPATH/CodeIgniter.php(896): App\Controllers\Api->postbillpayment()
 4 SYSTEMPATH/CodeIgniter.php(466): CodeIgniter\CodeIgniter->runController()
 5 SYSTEMPATH/CodeIgniter.php(349): CodeIgniter\CodeIgniter->handleRequest()
 6 FCPATH/index.php(57): CodeIgniter\CodeIgniter->run()
CRITICAL - 2024-01-30 16:31:01 --> Undefined variable $payArray
in APPPATH/Models/Engine.php on line 2035.
 1 APPPATH/Models/Engine.php(2035): CodeIgniter\Debug\Exceptions->errorHandler()
 2 APPPATH/Controllers/Api.php(139): App\Models\Engine->getBillToSynch()
 3 SYSTEMPATH/CodeIgniter.php(896): App\Controllers\Api->postbillpayment()
 4 SYSTEMPATH/CodeIgniter.php(466): CodeIgniter\CodeIgniter->runController()
 5 SYSTEMPATH/CodeIgniter.php(349): CodeIgniter\CodeIgniter->handleRequest()
 6 FCPATH/index.php(57): CodeIgniter\CodeIgniter->run()
CRITICAL - 2024-01-30 16:32:01 --> Undefined variable $payArray
in APPPATH/Models/Engine.php on line 2035.
 1 APPPATH/Models/Engine.php(2035): CodeIgniter\Debug\Exceptions->errorHandler()
 2 APPPATH/Controllers/Api.php(139): App\Models\Engine->getBillToSynch()
 3 SYSTEMPATH/CodeIgniter.php(896): App\Controllers\Api->postbillpayment()
 4 SYSTEMPATH/CodeIgniter.php(466): CodeIgniter\CodeIgniter->runController()
 5 SYSTEMPATH/CodeIgniter.php(349): CodeIgniter\CodeIgniter->handleRequest()
 6 FCPATH/index.php(57): CodeIgniter\CodeIgniter->run()
CRITICAL - 2024-01-30 16:33:01 --> Undefined variable $payArray
in APPPATH/Models/Engine.php on line 2035.
 1 APPPATH/Models/Engine.php(2035): CodeIgniter\Debug\Exceptions->errorHandler()
 2 APPPATH/Controllers/Api.php(139): App\Models\Engine->getBillToSynch()
 3 SYSTEMPATH/CodeIgniter.php(896): App\Controllers\Api->postbillpayment()
 4 SYSTEMPATH/CodeIgniter.php(466): CodeIgniter\CodeIgniter->runController()
 5 SYSTEMPATH/CodeIgniter.php(349): CodeIgniter\CodeIgniter->handleRequest()
 6 FCPATH/index.php(57): CodeIgniter\CodeIgniter->run()
CRITICAL - 2024-01-30 16:34:01 --> Undefined variable $payArray
in APPPATH/Models/Engine.php on line 2035.
 1 APPPATH/Models/Engine.php(2035): CodeIgniter\Debug\Exceptions->errorHandler()
 2 APPPATH/Controllers/Api.php(139): App\Models\Engine->getBillToSynch()
 3 SYSTEMPATH/CodeIgniter.php(896): App\Controllers\Api->postbillpayment()
 4 SYSTEMPATH/CodeIgniter.php(466): CodeIgniter\CodeIgniter->runController()
 5 SYSTEMPATH/CodeIgniter.php(349): CodeIgniter\CodeIgniter->handleRequest()
 6 FCPATH/index.php(57): CodeIgniter\CodeIgniter->run()
CRITICAL - 2024-01-30 16:35:01 --> Undefined variable $payArray
in APPPATH/Models/Engine.php on line 2035.
 1 APPPATH/Models/Engine.php(2035): CodeIgniter\Debug\Exceptions->errorHandler()
 2 APPPATH/Controllers/Api.php(139): App\Models\Engine->getBillToSynch()
 3 SYSTEMPATH/CodeIgniter.php(896): App\Controllers\Api->postbillpayment()
 4 SYSTEMPATH/CodeIgniter.php(466): CodeIgniter\CodeIgniter->runController()
 5 SYSTEMPATH/CodeIgniter.php(349): CodeIgniter\CodeIgniter->handleRequest()
 6 FCPATH/index.php(57): CodeIgniter\CodeIgniter->run()
CRITICAL - 2024-01-30 16:36:01 --> Undefined variable $payArray
in APPPATH/Models/Engine.php on line 2035.
 1 APPPATH/Models/Engine.php(2035): CodeIgniter\Debug\Exceptions->errorHandler()
 2 APPPATH/Controllers/Api.php(139): App\Models\Engine->getBillToSynch()
 3 SYSTEMPATH/CodeIgniter.php(896): App\Controllers\Api->postbillpayment()
 4 SYSTEMPATH/CodeIgniter.php(466): CodeIgniter\CodeIgniter->runController()
 5 SYSTEMPATH/CodeIgniter.php(349): CodeIgniter\CodeIgniter->handleRequest()
 6 FCPATH/index.php(57): CodeIgniter\CodeIgniter->run()
CRITICAL - 2024-01-30 16:37:01 --> Undefined variable $payArray
in APPPATH/Models/Engine.php on line 2035.
 1 APPPATH/Models/Engine.php(2035): CodeIgniter\Debug\Exceptions->errorHandler()
 2 APPPATH/Controllers/Api.php(139): App\Models\Engine->getBillToSynch()
 3 SYSTEMPATH/CodeIgniter.php(896): App\Controllers\Api->postbillpayment()
 4 SYSTEMPATH/CodeIgniter.php(466): CodeIgniter\CodeIgniter->runController()
 5 SYSTEMPATH/CodeIgniter.php(349): CodeIgniter\CodeIgniter->handleRequest()
 6 FCPATH/index.php(57): CodeIgniter\CodeIgniter->run()
CRITICAL - 2024-01-30 16:38:01 --> Undefined variable $payArray
in APPPATH/Models/Engine.php on line 2035.
 1 APPPATH/Models/Engine.php(2035): CodeIgniter\Debug\Exceptions->errorHandler()
 2 APPPATH/Controllers/Api.php(139): App\Models\Engine->getBillToSynch()
 3 SYSTEMPATH/CodeIgniter.php(896): App\Controllers\Api->postbillpayment()
 4 SYSTEMPATH/CodeIgniter.php(466): CodeIgniter\CodeIgniter->runController()
 5 SYSTEMPATH/CodeIgniter.php(349): CodeIgniter\CodeIgniter->handleRequest()
 6 FCPATH/index.php(57): CodeIgniter\CodeIgniter->run()
CRITICAL - 2024-01-30 16:39:01 --> Undefined variable $payArray
in APPPATH/Models/Engine.php on line 2035.
 1 APPPATH/Models/Engine.php(2035): CodeIgniter\Debug\Exceptions->errorHandler()
 2 APPPATH/Controllers/Api.php(139): App\Models\Engine->getBillToSynch()
 3 SYSTEMPATH/CodeIgniter.php(896): App\Controllers\Api->postbillpayment()
 4 SYSTEMPATH/CodeIgniter.php(466): CodeIgniter\CodeIgniter->runController()
 5 SYSTEMPATH/CodeIgniter.php(349): CodeIgniter\CodeIgniter->handleRequest()
 6 FCPATH/index.php(57): CodeIgniter\CodeIgniter->run()
CRITICAL - 2024-01-30 16:40:01 --> Undefined variable $payArray
in APPPATH/Models/Engine.php on line 2035.
 1 APPPATH/Models/Engine.php(2035): CodeIgniter\Debug\Exceptions->errorHandler()
 2 APPPATH/Controllers/Api.php(139): App\Models\Engine->getBillToSynch()
 3 SYSTEMPATH/CodeIgniter.php(896): App\Controllers\Api->postbillpayment()
 4 SYSTEMPATH/CodeIgniter.php(466): CodeIgniter\CodeIgniter->runController()
 5 SYSTEMPATH/CodeIgniter.php(349): CodeIgniter\CodeIgniter->handleRequest()
 6 FCPATH/index.php(57): CodeIgniter\CodeIgniter->run()
CRITICAL - 2024-01-30 16:41:01 --> Undefined variable $payArray
in APPPATH/Models/Engine.php on line 2035.
 1 APPPATH/Models/Engine.php(2035): CodeIgniter\Debug\Exceptions->errorHandler()
 2 APPPATH/Controllers/Api.php(139): App\Models\Engine->getBillToSynch()
 3 SYSTEMPATH/CodeIgniter.php(896): App\Controllers\Api->postbillpayment()
 4 SYSTEMPATH/CodeIgniter.php(466): CodeIgniter\CodeIgniter->runController()
 5 SYSTEMPATH/CodeIgniter.php(349): CodeIgniter\CodeIgniter->handleRequest()
 6 FCPATH/index.php(57): CodeIgniter\CodeIgniter->run()
CRITICAL - 2024-01-30 16:42:01 --> Undefined variable $payArray
in APPPATH/Models/Engine.php on line 2035.
 1 APPPATH/Models/Engine.php(2035): CodeIgniter\Debug\Exceptions->errorHandler()
 2 APPPATH/Controllers/Api.php(139): App\Models\Engine->getBillToSynch()
 3 SYSTEMPATH/CodeIgniter.php(896): App\Controllers\Api->postbillpayment()
 4 SYSTEMPATH/CodeIgniter.php(466): CodeIgniter\CodeIgniter->runController()
 5 SYSTEMPATH/CodeIgniter.php(349): CodeIgniter\CodeIgniter->handleRequest()
 6 FCPATH/index.php(57): CodeIgniter\CodeIgniter->run()
CRITICAL - 2024-01-30 16:43:01 --> Undefined variable $payArray
in APPPATH/Models/Engine.php on line 2035.
 1 APPPATH/Models/Engine.php(2035): CodeIgniter\Debug\Exceptions->errorHandler()
 2 APPPATH/Controllers/Api.php(139): App\Models\Engine->getBillToSynch()
 3 SYSTEMPATH/CodeIgniter.php(896): App\Controllers\Api->postbillpayment()
 4 SYSTEMPATH/CodeIgniter.php(466): CodeIgniter\CodeIgniter->runController()
 5 SYSTEMPATH/CodeIgniter.php(349): CodeIgniter\CodeIgniter->handleRequest()
 6 FCPATH/index.php(57): CodeIgniter\CodeIgniter->run()
CRITICAL - 2024-01-30 16:44:01 --> Undefined variable $payArray
in APPPATH/Models/Engine.php on line 2035.
 1 APPPATH/Models/Engine.php(2035): CodeIgniter\Debug\Exceptions->errorHandler()
 2 APPPATH/Controllers/Api.php(139): App\Models\Engine->getBillToSynch()
 3 SYSTEMPATH/CodeIgniter.php(896): App\Controllers\Api->postbillpayment()
 4 SYSTEMPATH/CodeIgniter.php(466): CodeIgniter\CodeIgniter->runController()
 5 SYSTEMPATH/CodeIgniter.php(349): CodeIgniter\CodeIgniter->handleRequest()
 6 FCPATH/index.php(57): CodeIgniter\CodeIgniter->run()
CRITICAL - 2024-01-30 16:45:01 --> Undefined variable $payArray
in APPPATH/Models/Engine.php on line 2035.
 1 APPPATH/Models/Engine.php(2035): CodeIgniter\Debug\Exceptions->errorHandler()
 2 APPPATH/Controllers/Api.php(139): App\Models\Engine->getBillToSynch()
 3 SYSTEMPATH/CodeIgniter.php(896): App\Controllers\Api->postbillpayment()
 4 SYSTEMPATH/CodeIgniter.php(466): CodeIgniter\CodeIgniter->runController()
 5 SYSTEMPATH/CodeIgniter.php(349): CodeIgniter\CodeIgniter->handleRequest()
 6 FCPATH/index.php(57): CodeIgniter\CodeIgniter->run()
CRITICAL - 2024-01-30 16:46:01 --> Undefined variable $payArray
in APPPATH/Models/Engine.php on line 2035.
 1 APPPATH/Models/Engine.php(2035): CodeIgniter\Debug\Exceptions->errorHandler()
 2 APPPATH/Controllers/Api.php(139): App\Models\Engine->getBillToSynch()
 3 SYSTEMPATH/CodeIgniter.php(896): App\Controllers\Api->postbillpayment()
 4 SYSTEMPATH/CodeIgniter.php(466): CodeIgniter\CodeIgniter->runController()
 5 SYSTEMPATH/CodeIgniter.php(349): CodeIgniter\CodeIgniter->handleRequest()
 6 FCPATH/index.php(57): CodeIgniter\CodeIgniter->run()
CRITICAL - 2024-01-30 16:47:01 --> Undefined variable $payArray
in APPPATH/Models/Engine.php on line 2035.
 1 APPPATH/Models/Engine.php(2035): CodeIgniter\Debug\Exceptions->errorHandler()
 2 APPPATH/Controllers/Api.php(139): App\Models\Engine->getBillToSynch()
 3 SYSTEMPATH/CodeIgniter.php(896): App\Controllers\Api->postbillpayment()
 4 SYSTEMPATH/CodeIgniter.php(466): CodeIgniter\CodeIgniter->runController()
 5 SYSTEMPATH/CodeIgniter.php(349): CodeIgniter\CodeIgniter->handleRequest()
 6 FCPATH/index.php(57): CodeIgniter\CodeIgniter->run()
CRITICAL - 2024-01-30 16:48:02 --> Undefined variable $payArray
in APPPATH/Models/Engine.php on line 2035.
 1 APPPATH/Models/Engine.php(2035): CodeIgniter\Debug\Exceptions->errorHandler()
 2 APPPATH/Controllers/Api.php(139): App\Models\Engine->getBillToSynch()
 3 SYSTEMPATH/CodeIgniter.php(896): App\Controllers\Api->postbillpayment()
 4 SYSTEMPATH/CodeIgniter.php(466): CodeIgniter\CodeIgniter->runController()
 5 SYSTEMPATH/CodeIgniter.php(349): CodeIgniter\CodeIgniter->handleRequest()
 6 FCPATH/index.php(57): CodeIgniter\CodeIgniter->run()
CRITICAL - 2024-01-30 16:49:01 --> Undefined variable $payArray
in APPPATH/Models/Engine.php on line 2035.
 1 APPPATH/Models/Engine.php(2035): CodeIgniter\Debug\Exceptions->errorHandler()
 2 APPPATH/Controllers/Api.php(139): App\Models\Engine->getBillToSynch()
 3 SYSTEMPATH/CodeIgniter.php(896): App\Controllers\Api->postbillpayment()
 4 SYSTEMPATH/CodeIgniter.php(466): CodeIgniter\CodeIgniter->runController()
 5 SYSTEMPATH/CodeIgniter.php(349): CodeIgniter\CodeIgniter->handleRequest()
 6 FCPATH/index.php(57): CodeIgniter\CodeIgniter->run()
CRITICAL - 2024-01-30 16:50:01 --> Undefined variable $payArray
in APPPATH/Models/Engine.php on line 2035.
 1 APPPATH/Models/Engine.php(2035): CodeIgniter\Debug\Exceptions->errorHandler()
 2 APPPATH/Controllers/Api.php(139): App\Models\Engine->getBillToSynch()
 3 SYSTEMPATH/CodeIgniter.php(896): App\Controllers\Api->postbillpayment()
 4 SYSTEMPATH/CodeIgniter.php(466): CodeIgniter\CodeIgniter->runController()
 5 SYSTEMPATH/CodeIgniter.php(349): CodeIgniter\CodeIgniter->handleRequest()
 6 FCPATH/index.php(57): CodeIgniter\CodeIgniter->run()
CRITICAL - 2024-01-30 16:51:01 --> Undefined variable $payArray
in APPPATH/Models/Engine.php on line 2035.
 1 APPPATH/Models/Engine.php(2035): CodeIgniter\Debug\Exceptions->errorHandler()
 2 APPPATH/Controllers/Api.php(139): App\Models\Engine->getBillToSynch()
 3 SYSTEMPATH/CodeIgniter.php(896): App\Controllers\Api->postbillpayment()
 4 SYSTEMPATH/CodeIgniter.php(466): CodeIgniter\CodeIgniter->runController()
 5 SYSTEMPATH/CodeIgniter.php(349): CodeIgniter\CodeIgniter->handleRequest()
 6 FCPATH/index.php(57): CodeIgniter\CodeIgniter->run()
CRITICAL - 2024-01-30 16:52:01 --> Undefined variable $payArray
in APPPATH/Models/Engine.php on line 2035.
 1 APPPATH/Models/Engine.php(2035): CodeIgniter\Debug\Exceptions->errorHandler()
 2 APPPATH/Controllers/Api.php(139): App\Models\Engine->getBillToSynch()
 3 SYSTEMPATH/CodeIgniter.php(896): App\Controllers\Api->postbillpayment()
 4 SYSTEMPATH/CodeIgniter.php(466): CodeIgniter\CodeIgniter->runController()
 5 SYSTEMPATH/CodeIgniter.php(349): CodeIgniter\CodeIgniter->handleRequest()
 6 FCPATH/index.php(57): CodeIgniter\CodeIgniter->run()
CRITICAL - 2024-01-30 16:53:01 --> Undefined variable $payArray
in APPPATH/Models/Engine.php on line 2035.
 1 APPPATH/Models/Engine.php(2035): CodeIgniter\Debug\Exceptions->errorHandler()
 2 APPPATH/Controllers/Api.php(139): App\Models\Engine->getBillToSynch()
 3 SYSTEMPATH/CodeIgniter.php(896): App\Controllers\Api->postbillpayment()
 4 SYSTEMPATH/CodeIgniter.php(466): CodeIgniter\CodeIgniter->runController()
 5 SYSTEMPATH/CodeIgniter.php(349): CodeIgniter\CodeIgniter->handleRequest()
 6 FCPATH/index.php(57): CodeIgniter\CodeIgniter->run()
CRITICAL - 2024-01-30 16:54:01 --> Undefined variable $payArray
in APPPATH/Models/Engine.php on line 2035.
 1 APPPATH/Models/Engine.php(2035): CodeIgniter\Debug\Exceptions->errorHandler()
 2 APPPATH/Controllers/Api.php(139): App\Models\Engine->getBillToSynch()
 3 SYSTEMPATH/CodeIgniter.php(896): App\Controllers\Api->postbillpayment()
 4 SYSTEMPATH/CodeIgniter.php(466): CodeIgniter\CodeIgniter->runController()
 5 SYSTEMPATH/CodeIgniter.php(349): CodeIgniter\CodeIgniter->handleRequest()
 6 FCPATH/index.php(57): CodeIgniter\CodeIgniter->run()
CRITICAL - 2024-01-30 16:55:01 --> Undefined variable $payArray
in APPPATH/Models/Engine.php on line 2035.
 1 APPPATH/Models/Engine.php(2035): CodeIgniter\Debug\Exceptions->errorHandler()
 2 APPPATH/Controllers/Api.php(139): App\Models\Engine->getBillToSynch()
 3 SYSTEMPATH/CodeIgniter.php(896): App\Controllers\Api->postbillpayment()
 4 SYSTEMPATH/CodeIgniter.php(466): CodeIgniter\CodeIgniter->runController()
 5 SYSTEMPATH/CodeIgniter.php(349): CodeIgniter\CodeIgniter->handleRequest()
 6 FCPATH/index.php(57): CodeIgniter\CodeIgniter->run()
CRITICAL - 2024-01-30 16:56:01 --> Undefined variable $payArray
in APPPATH/Models/Engine.php on line 2035.
 1 APPPATH/Models/Engine.php(2035): CodeIgniter\Debug\Exceptions->errorHandler()
 2 APPPATH/Controllers/Api.php(139): App\Models\Engine->getBillToSynch()
 3 SYSTEMPATH/CodeIgniter.php(896): App\Controllers\Api->postbillpayment()
 4 SYSTEMPATH/CodeIgniter.php(466): CodeIgniter\CodeIgniter->runController()
 5 SYSTEMPATH/CodeIgniter.php(349): CodeIgniter\CodeIgniter->handleRequest()
 6 FCPATH/index.php(57): CodeIgniter\CodeIgniter->run()
CRITICAL - 2024-01-30 16:57:01 --> Undefined variable $payArray
in APPPATH/Models/Engine.php on line 2035.
 1 APPPATH/Models/Engine.php(2035): CodeIgniter\Debug\Exceptions->errorHandler()
 2 APPPATH/Controllers/Api.php(139): App\Models\Engine->getBillToSynch()
 3 SYSTEMPATH/CodeIgniter.php(896): App\Controllers\Api->postbillpayment()
 4 SYSTEMPATH/CodeIgniter.php(466): CodeIgniter\CodeIgniter->runController()
 5 SYSTEMPATH/CodeIgniter.php(349): CodeIgniter\CodeIgniter->handleRequest()
 6 FCPATH/index.php(57): CodeIgniter\CodeIgniter->run()
CRITICAL - 2024-01-30 16:58:01 --> Undefined variable $payArray
in APPPATH/Models/Engine.php on line 2035.
 1 APPPATH/Models/Engine.php(2035): CodeIgniter\Debug\Exceptions->errorHandler()
 2 APPPATH/Controllers/Api.php(139): App\Models\Engine->getBillToSynch()
 3 SYSTEMPATH/CodeIgniter.php(896): App\Controllers\Api->postbillpayment()
 4 SYSTEMPATH/CodeIgniter.php(466): CodeIgniter\CodeIgniter->runController()
 5 SYSTEMPATH/CodeIgniter.php(349): CodeIgniter\CodeIgniter->handleRequest()
 6 FCPATH/index.php(57): CodeIgniter\CodeIgniter->run()
CRITICAL - 2024-01-30 16:59:01 --> Undefined variable $payArray
in APPPATH/Models/Engine.php on line 2035.
 1 APPPATH/Models/Engine.php(2035): CodeIgniter\Debug\Exceptions->errorHandler()
 2 APPPATH/Controllers/Api.php(139): App\Models\Engine->getBillToSynch()
 3 SYSTEMPATH/CodeIgniter.php(896): App\Controllers\Api->postbillpayment()
 4 SYSTEMPATH/CodeIgniter.php(466): CodeIgniter\CodeIgniter->runController()
 5 SYSTEMPATH/CodeIgniter.php(349): CodeIgniter\CodeIgniter->handleRequest()
 6 FCPATH/index.php(57): CodeIgniter\CodeIgniter->run()
CRITICAL - 2024-01-30 17:00:01 --> Undefined variable $payArray
in APPPATH/Models/Engine.php on line 2035.
 1 APPPATH/Models/Engine.php(2035): CodeIgniter\Debug\Exceptions->errorHandler()
 2 APPPATH/Controllers/Api.php(139): App\Models\Engine->getBillToSynch()
 3 SYSTEMPATH/CodeIgniter.php(896): App\Controllers\Api->postbillpayment()
 4 SYSTEMPATH/CodeIgniter.php(466): CodeIgniter\CodeIgniter->runController()
 5 SYSTEMPATH/CodeIgniter.php(349): CodeIgniter\CodeIgniter->handleRequest()
 6 FCPATH/index.php(57): CodeIgniter\CodeIgniter->run()
CRITICAL - 2024-01-30 17:01:01 --> Undefined variable $payArray
in APPPATH/Models/Engine.php on line 2035.
 1 APPPATH/Models/Engine.php(2035): CodeIgniter\Debug\Exceptions->errorHandler()
 2 APPPATH/Controllers/Api.php(139): App\Models\Engine->getBillToSynch()
 3 SYSTEMPATH/CodeIgniter.php(896): App\Controllers\Api->postbillpayment()
 4 SYSTEMPATH/CodeIgniter.php(466): CodeIgniter\CodeIgniter->runController()
 5 SYSTEMPATH/CodeIgniter.php(349): CodeIgniter\CodeIgniter->handleRequest()
 6 FCPATH/index.php(57): CodeIgniter\CodeIgniter->run()
CRITICAL - 2024-01-30 17:02:01 --> Undefined variable $payArray
in APPPATH/Models/Engine.php on line 2035.
 1 APPPATH/Models/Engine.php(2035): CodeIgniter\Debug\Exceptions->errorHandler()
 2 APPPATH/Controllers/Api.php(139): App\Models\Engine->getBillToSynch()
 3 SYSTEMPATH/CodeIgniter.php(896): App\Controllers\Api->postbillpayment()
 4 SYSTEMPATH/CodeIgniter.php(466): CodeIgniter\CodeIgniter->runController()
 5 SYSTEMPATH/CodeIgniter.php(349): CodeIgniter\CodeIgniter->handleRequest()
 6 FCPATH/index.php(57): CodeIgniter\CodeIgniter->run()
CRITICAL - 2024-01-30 17:03:01 --> Undefined variable $payArray
in APPPATH/Models/Engine.php on line 2035.
 1 APPPATH/Models/Engine.php(2035): CodeIgniter\Debug\Exceptions->errorHandler()
 2 APPPATH/Controllers/Api.php(139): App\Models\Engine->getBillToSynch()
 3 SYSTEMPATH/CodeIgniter.php(896): App\Controllers\Api->postbillpayment()
 4 SYSTEMPATH/CodeIgniter.php(466): CodeIgniter\CodeIgniter->runController()
 5 SYSTEMPATH/CodeIgniter.php(349): CodeIgniter\CodeIgniter->handleRequest()
 6 FCPATH/index.php(57): CodeIgniter\CodeIgniter->run()
CRITICAL - 2024-01-30 17:04:01 --> Undefined variable $payArray
in APPPATH/Models/Engine.php on line 2035.
 1 APPPATH/Models/Engine.php(2035): CodeIgniter\Debug\Exceptions->errorHandler()
 2 APPPATH/Controllers/Api.php(139): App\Models\Engine->getBillToSynch()
 3 SYSTEMPATH/CodeIgniter.php(896): App\Controllers\Api->postbillpayment()
 4 SYSTEMPATH/CodeIgniter.php(466): CodeIgniter\CodeIgniter->runController()
 5 SYSTEMPATH/CodeIgniter.php(349): CodeIgniter\CodeIgniter->handleRequest()
 6 FCPATH/index.php(57): CodeIgniter\CodeIgniter->run()
CRITICAL - 2024-01-30 17:05:01 --> Undefined variable $payArray
in APPPATH/Models/Engine.php on line 2035.
 1 APPPATH/Models/Engine.php(2035): CodeIgniter\Debug\Exceptions->errorHandler()
 2 APPPATH/Controllers/Api.php(139): App\Models\Engine->getBillToSynch()
 3 SYSTEMPATH/CodeIgniter.php(896): App\Controllers\Api->postbillpayment()
 4 SYSTEMPATH/CodeIgniter.php(466): CodeIgniter\CodeIgniter->runController()
 5 SYSTEMPATH/CodeIgniter.php(349): CodeIgniter\CodeIgniter->handleRequest()
 6 FCPATH/index.php(57): CodeIgniter\CodeIgniter->run()
CRITICAL - 2024-01-30 17:06:01 --> Undefined variable $payArray
in APPPATH/Models/Engine.php on line 2035.
 1 APPPATH/Models/Engine.php(2035): CodeIgniter\Debug\Exceptions->errorHandler()
 2 APPPATH/Controllers/Api.php(139): App\Models\Engine->getBillToSynch()
 3 SYSTEMPATH/CodeIgniter.php(896): App\Controllers\Api->postbillpayment()
 4 SYSTEMPATH/CodeIgniter.php(466): CodeIgniter\CodeIgniter->runController()
 5 SYSTEMPATH/CodeIgniter.php(349): CodeIgniter\CodeIgniter->handleRequest()
 6 FCPATH/index.php(57): CodeIgniter\CodeIgniter->run()
CRITICAL - 2024-01-30 17:07:01 --> Undefined variable $payArray
in APPPATH/Models/Engine.php on line 2035.
 1 APPPATH/Models/Engine.php(2035): CodeIgniter\Debug\Exceptions->errorHandler()
 2 APPPATH/Controllers/Api.php(139): App\Models\Engine->getBillToSynch()
 3 SYSTEMPATH/CodeIgniter.php(896): App\Controllers\Api->postbillpayment()
 4 SYSTEMPATH/CodeIgniter.php(466): CodeIgniter\CodeIgniter->runController()
 5 SYSTEMPATH/CodeIgniter.php(349): CodeIgniter\CodeIgniter->handleRequest()
 6 FCPATH/index.php(57): CodeIgniter\CodeIgniter->run()
CRITICAL - 2024-01-30 17:08:01 --> Undefined variable $payArray
in APPPATH/Models/Engine.php on line 2035.
 1 APPPATH/Models/Engine.php(2035): CodeIgniter\Debug\Exceptions->errorHandler()
 2 APPPATH/Controllers/Api.php(139): App\Models\Engine->getBillToSynch()
 3 SYSTEMPATH/CodeIgniter.php(896): App\Controllers\Api->postbillpayment()
 4 SYSTEMPATH/CodeIgniter.php(466): CodeIgniter\CodeIgniter->runController()
 5 SYSTEMPATH/CodeIgniter.php(349): CodeIgniter\CodeIgniter->handleRequest()
 6 FCPATH/index.php(57): CodeIgniter\CodeIgniter->run()
CRITICAL - 2024-01-30 17:09:01 --> Undefined variable $payArray
in APPPATH/Models/Engine.php on line 2035.
 1 APPPATH/Models/Engine.php(2035): CodeIgniter\Debug\Exceptions->errorHandler()
 2 APPPATH/Controllers/Api.php(139): App\Models\Engine->getBillToSynch()
 3 SYSTEMPATH/CodeIgniter.php(896): App\Controllers\Api->postbillpayment()
 4 SYSTEMPATH/CodeIgniter.php(466): CodeIgniter\CodeIgniter->runController()
 5 SYSTEMPATH/CodeIgniter.php(349): CodeIgniter\CodeIgniter->handleRequest()
 6 FCPATH/index.php(57): CodeIgniter\CodeIgniter->run()
CRITICAL - 2024-01-30 17:10:01 --> Undefined variable $payArray
in APPPATH/Models/Engine.php on line 2035.
 1 APPPATH/Models/Engine.php(2035): CodeIgniter\Debug\Exceptions->errorHandler()
 2 APPPATH/Controllers/Api.php(139): App\Models\Engine->getBillToSynch()
 3 SYSTEMPATH/CodeIgniter.php(896): App\Controllers\Api->postbillpayment()
 4 SYSTEMPATH/CodeIgniter.php(466): CodeIgniter\CodeIgniter->runController()
 5 SYSTEMPATH/CodeIgniter.php(349): CodeIgniter\CodeIgniter->handleRequest()
 6 FCPATH/index.php(57): CodeIgniter\CodeIgniter->run()
CRITICAL - 2024-01-30 17:11:01 --> Undefined variable $payArray
in APPPATH/Models/Engine.php on line 2035.
 1 APPPATH/Models/Engine.php(2035): CodeIgniter\Debug\Exceptions->errorHandler()
 2 APPPATH/Controllers/Api.php(139): App\Models\Engine->getBillToSynch()
 3 SYSTEMPATH/CodeIgniter.php(896): App\Controllers\Api->postbillpayment()
 4 SYSTEMPATH/CodeIgniter.php(466): CodeIgniter\CodeIgniter->runController()
 5 SYSTEMPATH/CodeIgniter.php(349): CodeIgniter\CodeIgniter->handleRequest()
 6 FCPATH/index.php(57): CodeIgniter\CodeIgniter->run()
CRITICAL - 2024-01-30 17:12:01 --> Undefined variable $payArray
in APPPATH/Models/Engine.php on line 2035.
 1 APPPATH/Models/Engine.php(2035): CodeIgniter\Debug\Exceptions->errorHandler()
 2 APPPATH/Controllers/Api.php(139): App\Models\Engine->getBillToSynch()
 3 SYSTEMPATH/CodeIgniter.php(896): App\Controllers\Api->postbillpayment()
 4 SYSTEMPATH/CodeIgniter.php(466): CodeIgniter\CodeIgniter->runController()
 5 SYSTEMPATH/CodeIgniter.php(349): CodeIgniter\CodeIgniter->handleRequest()
 6 FCPATH/index.php(57): CodeIgniter\CodeIgniter->run()
CRITICAL - 2024-01-30 17:13:02 --> Undefined variable $payArray
in APPPATH/Models/Engine.php on line 2035.
 1 APPPATH/Models/Engine.php(2035): CodeIgniter\Debug\Exceptions->errorHandler()
 2 APPPATH/Controllers/Api.php(139): App\Models\Engine->getBillToSynch()
 3 SYSTEMPATH/CodeIgniter.php(896): App\Controllers\Api->postbillpayment()
 4 SYSTEMPATH/CodeIgniter.php(466): CodeIgniter\CodeIgniter->runController()
 5 SYSTEMPATH/CodeIgniter.php(349): CodeIgniter\CodeIgniter->handleRequest()
 6 FCPATH/index.php(57): CodeIgniter\CodeIgniter->run()
CRITICAL - 2024-01-30 17:14:01 --> Undefined variable $payArray
in APPPATH/Models/Engine.php on line 2035.
 1 APPPATH/Models/Engine.php(2035): CodeIgniter\Debug\Exceptions->errorHandler()
 2 APPPATH/Controllers/Api.php(139): App\Models\Engine->getBillToSynch()
 3 SYSTEMPATH/CodeIgniter.php(896): App\Controllers\Api->postbillpayment()
 4 SYSTEMPATH/CodeIgniter.php(466): CodeIgniter\CodeIgniter->runController()
 5 SYSTEMPATH/CodeIgniter.php(349): CodeIgniter\CodeIgniter->handleRequest()
 6 FCPATH/index.php(57): CodeIgniter\CodeIgniter->run()
CRITICAL - 2024-01-30 17:15:01 --> Undefined variable $payArray
in APPPATH/Models/Engine.php on line 2035.
 1 APPPATH/Models/Engine.php(2035): CodeIgniter\Debug\Exceptions->errorHandler()
 2 APPPATH/Controllers/Api.php(139): App\Models\Engine->getBillToSynch()
 3 SYSTEMPATH/CodeIgniter.php(896): App\Controllers\Api->postbillpayment()
 4 SYSTEMPATH/CodeIgniter.php(466): CodeIgniter\CodeIgniter->runController()
 5 SYSTEMPATH/CodeIgniter.php(349): CodeIgniter\CodeIgniter->handleRequest()
 6 FCPATH/index.php(57): CodeIgniter\CodeIgniter->run()
CRITICAL - 2024-01-30 17:16:01 --> Undefined variable $payArray
in APPPATH/Models/Engine.php on line 2035.
 1 APPPATH/Models/Engine.php(2035): CodeIgniter\Debug\Exceptions->errorHandler()
 2 APPPATH/Controllers/Api.php(139): App\Models\Engine->getBillToSynch()
 3 SYSTEMPATH/CodeIgniter.php(896): App\Controllers\Api->postbillpayment()
 4 SYSTEMPATH/CodeIgniter.php(466): CodeIgniter\CodeIgniter->runController()
 5 SYSTEMPATH/CodeIgniter.php(349): CodeIgniter\CodeIgniter->handleRequest()
 6 FCPATH/index.php(57): CodeIgniter\CodeIgniter->run()
CRITICAL - 2024-01-30 17:17:01 --> Undefined variable $payArray
in APPPATH/Models/Engine.php on line 2035.
 1 APPPATH/Models/Engine.php(2035): CodeIgniter\Debug\Exceptions->errorHandler()
 2 APPPATH/Controllers/Api.php(139): App\Models\Engine->getBillToSynch()
 3 SYSTEMPATH/CodeIgniter.php(896): App\Controllers\Api->postbillpayment()
 4 SYSTEMPATH/CodeIgniter.php(466): CodeIgniter\CodeIgniter->runController()
 5 SYSTEMPATH/CodeIgniter.php(349): CodeIgniter\CodeIgniter->handleRequest()
 6 FCPATH/index.php(57): CodeIgniter\CodeIgniter->run()
CRITICAL - 2024-01-30 17:18:01 --> Undefined variable $payArray
in APPPATH/Models/Engine.php on line 2035.
 1 APPPATH/Models/Engine.php(2035): CodeIgniter\Debug\Exceptions->errorHandler()
 2 APPPATH/Controllers/Api.php(139): App\Models\Engine->getBillToSynch()
 3 SYSTEMPATH/CodeIgniter.php(896): App\Controllers\Api->postbillpayment()
 4 SYSTEMPATH/CodeIgniter.php(466): CodeIgniter\CodeIgniter->runController()
 5 SYSTEMPATH/CodeIgniter.php(349): CodeIgniter\CodeIgniter->handleRequest()
 6 FCPATH/index.php(57): CodeIgniter\CodeIgniter->run()
CRITICAL - 2024-01-30 17:19:01 --> Undefined variable $payArray
in APPPATH/Models/Engine.php on line 2035.
 1 APPPATH/Models/Engine.php(2035): CodeIgniter\Debug\Exceptions->errorHandler()
 2 APPPATH/Controllers/Api.php(139): App\Models\Engine->getBillToSynch()
 3 SYSTEMPATH/CodeIgniter.php(896): App\Controllers\Api->postbillpayment()
 4 SYSTEMPATH/CodeIgniter.php(466): CodeIgniter\CodeIgniter->runController()
 5 SYSTEMPATH/CodeIgniter.php(349): CodeIgniter\CodeIgniter->handleRequest()
 6 FCPATH/index.php(57): CodeIgniter\CodeIgniter->run()
CRITICAL - 2024-01-30 17:20:01 --> Undefined variable $payArray
in APPPATH/Models/Engine.php on line 2035.
 1 APPPATH/Models/Engine.php(2035): CodeIgniter\Debug\Exceptions->errorHandler()
 2 APPPATH/Controllers/Api.php(139): App\Models\Engine->getBillToSynch()
 3 SYSTEMPATH/CodeIgniter.php(896): App\Controllers\Api->postbillpayment()
 4 SYSTEMPATH/CodeIgniter.php(466): CodeIgniter\CodeIgniter->runController()
 5 SYSTEMPATH/CodeIgniter.php(349): CodeIgniter\CodeIgniter->handleRequest()
 6 FCPATH/index.php(57): CodeIgniter\CodeIgniter->run()
CRITICAL - 2024-01-30 17:21:01 --> Undefined variable $payArray
in APPPATH/Models/Engine.php on line 2035.
 1 APPPATH/Models/Engine.php(2035): CodeIgniter\Debug\Exceptions->errorHandler()
 2 APPPATH/Controllers/Api.php(139): App\Models\Engine->getBillToSynch()
 3 SYSTEMPATH/CodeIgniter.php(896): App\Controllers\Api->postbillpayment()
 4 SYSTEMPATH/CodeIgniter.php(466): CodeIgniter\CodeIgniter->runController()
 5 SYSTEMPATH/CodeIgniter.php(349): CodeIgniter\CodeIgniter->handleRequest()
 6 FCPATH/index.php(57): CodeIgniter\CodeIgniter->run()
CRITICAL - 2024-01-30 17:22:01 --> Undefined variable $payArray
in APPPATH/Models/Engine.php on line 2035.
 1 APPPATH/Models/Engine.php(2035): CodeIgniter\Debug\Exceptions->errorHandler()
 2 APPPATH/Controllers/Api.php(139): App\Models\Engine->getBillToSynch()
 3 SYSTEMPATH/CodeIgniter.php(896): App\Controllers\Api->postbillpayment()
 4 SYSTEMPATH/CodeIgniter.php(466): CodeIgniter\CodeIgniter->runController()
 5 SYSTEMPATH/CodeIgniter.php(349): CodeIgniter\CodeIgniter->handleRequest()
 6 FCPATH/index.php(57): CodeIgniter\CodeIgniter->run()
CRITICAL - 2024-01-30 17:23:01 --> Undefined variable $payArray
in APPPATH/Models/Engine.php on line 2035.
 1 APPPATH/Models/Engine.php(2035): CodeIgniter\Debug\Exceptions->errorHandler()
 2 APPPATH/Controllers/Api.php(139): App\Models\Engine->getBillToSynch()
 3 SYSTEMPATH/CodeIgniter.php(896): App\Controllers\Api->postbillpayment()
 4 SYSTEMPATH/CodeIgniter.php(466): CodeIgniter\CodeIgniter->runController()
 5 SYSTEMPATH/CodeIgniter.php(349): CodeIgniter\CodeIgniter->handleRequest()
 6 FCPATH/index.php(57): CodeIgniter\CodeIgniter->run()
CRITICAL - 2024-01-30 17:24:01 --> Undefined variable $payArray
in APPPATH/Models/Engine.php on line 2035.
 1 APPPATH/Models/Engine.php(2035): CodeIgniter\Debug\Exceptions->errorHandler()
 2 APPPATH/Controllers/Api.php(139): App\Models\Engine->getBillToSynch()
 3 SYSTEMPATH/CodeIgniter.php(896): App\Controllers\Api->postbillpayment()
 4 SYSTEMPATH/CodeIgniter.php(466): CodeIgniter\CodeIgniter->runController()
 5 SYSTEMPATH/CodeIgniter.php(349): CodeIgniter\CodeIgniter->handleRequest()
 6 FCPATH/index.php(57): CodeIgniter\CodeIgniter->run()
CRITICAL - 2024-01-30 17:25:01 --> Undefined variable $payArray
in APPPATH/Models/Engine.php on line 2035.
 1 APPPATH/Models/Engine.php(2035): CodeIgniter\Debug\Exceptions->errorHandler()
 2 APPPATH/Controllers/Api.php(139): App\Models\Engine->getBillToSynch()
 3 SYSTEMPATH/CodeIgniter.php(896): App\Controllers\Api->postbillpayment()
 4 SYSTEMPATH/CodeIgniter.php(466): CodeIgniter\CodeIgniter->runController()
 5 SYSTEMPATH/CodeIgniter.php(349): CodeIgniter\CodeIgniter->handleRequest()
 6 FCPATH/index.php(57): CodeIgniter\CodeIgniter->run()
CRITICAL - 2024-01-30 17:26:01 --> Undefined variable $payArray
in APPPATH/Models/Engine.php on line 2035.
 1 APPPATH/Models/Engine.php(2035): CodeIgniter\Debug\Exceptions->errorHandler()
 2 APPPATH/Controllers/Api.php(139): App\Models\Engine->getBillToSynch()
 3 SYSTEMPATH/CodeIgniter.php(896): App\Controllers\Api->postbillpayment()
 4 SYSTEMPATH/CodeIgniter.php(466): CodeIgniter\CodeIgniter->runController()
 5 SYSTEMPATH/CodeIgniter.php(349): CodeIgniter\CodeIgniter->handleRequest()
 6 FCPATH/index.php(57): CodeIgniter\CodeIgniter->run()
CRITICAL - 2024-01-30 17:27:01 --> Undefined variable $payArray
in APPPATH/Models/Engine.php on line 2035.
 1 APPPATH/Models/Engine.php(2035): CodeIgniter\Debug\Exceptions->errorHandler()
 2 APPPATH/Controllers/Api.php(139): App\Models\Engine->getBillToSynch()
 3 SYSTEMPATH/CodeIgniter.php(896): App\Controllers\Api->postbillpayment()
 4 SYSTEMPATH/CodeIgniter.php(466): CodeIgniter\CodeIgniter->runController()
 5 SYSTEMPATH/CodeIgniter.php(349): CodeIgniter\CodeIgniter->handleRequest()
 6 FCPATH/index.php(57): CodeIgniter\CodeIgniter->run()
CRITICAL - 2024-01-30 17:28:01 --> Undefined variable $payArray
in APPPATH/Models/Engine.php on line 2035.
 1 APPPATH/Models/Engine.php(2035): CodeIgniter\Debug\Exceptions->errorHandler()
 2 APPPATH/Controllers/Api.php(139): App\Models\Engine->getBillToSynch()
 3 SYSTEMPATH/CodeIgniter.php(896): App\Controllers\Api->postbillpayment()
 4 SYSTEMPATH/CodeIgniter.php(466): CodeIgniter\CodeIgniter->runController()
 5 SYSTEMPATH/CodeIgniter.php(349): CodeIgniter\CodeIgniter->handleRequest()
 6 FCPATH/index.php(57): CodeIgniter\CodeIgniter->run()
CRITICAL - 2024-01-30 17:29:01 --> Undefined variable $payArray
in APPPATH/Models/Engine.php on line 2035.
 1 APPPATH/Models/Engine.php(2035): CodeIgniter\Debug\Exceptions->errorHandler()
 2 APPPATH/Controllers/Api.php(139): App\Models\Engine->getBillToSynch()
 3 SYSTEMPATH/CodeIgniter.php(896): App\Controllers\Api->postbillpayment()
 4 SYSTEMPATH/CodeIgniter.php(466): CodeIgniter\CodeIgniter->runController()
 5 SYSTEMPATH/CodeIgniter.php(349): CodeIgniter\CodeIgniter->handleRequest()
 6 FCPATH/index.php(57): CodeIgniter\CodeIgniter->run()
CRITICAL - 2024-01-30 17:30:01 --> Undefined variable $payArray
in APPPATH/Models/Engine.php on line 2035.
 1 APPPATH/Models/Engine.php(2035): CodeIgniter\Debug\Exceptions->errorHandler()
 2 APPPATH/Controllers/Api.php(139): App\Models\Engine->getBillToSynch()
 3 SYSTEMPATH/CodeIgniter.php(896): App\Controllers\Api->postbillpayment()
 4 SYSTEMPATH/CodeIgniter.php(466): CodeIgniter\CodeIgniter->runController()
 5 SYSTEMPATH/CodeIgniter.php(349): CodeIgniter\CodeIgniter->handleRequest()
 6 FCPATH/index.php(57): CodeIgniter\CodeIgniter->run()
CRITICAL - 2024-01-30 17:31:01 --> Undefined variable $payArray
in APPPATH/Models/Engine.php on line 2035.
 1 APPPATH/Models/Engine.php(2035): CodeIgniter\Debug\Exceptions->errorHandler()
 2 APPPATH/Controllers/Api.php(139): App\Models\Engine->getBillToSynch()
 3 SYSTEMPATH/CodeIgniter.php(896): App\Controllers\Api->postbillpayment()
 4 SYSTEMPATH/CodeIgniter.php(466): CodeIgniter\CodeIgniter->runController()
 5 SYSTEMPATH/CodeIgniter.php(349): CodeIgniter\CodeIgniter->handleRequest()
 6 FCPATH/index.php(57): CodeIgniter\CodeIgniter->run()
CRITICAL - 2024-01-30 17:32:01 --> Undefined variable $payArray
in APPPATH/Models/Engine.php on line 2035.
 1 APPPATH/Models/Engine.php(2035): CodeIgniter\Debug\Exceptions->errorHandler()
 2 APPPATH/Controllers/Api.php(139): App\Models\Engine->getBillToSynch()
 3 SYSTEMPATH/CodeIgniter.php(896): App\Controllers\Api->postbillpayment()
 4 SYSTEMPATH/CodeIgniter.php(466): CodeIgniter\CodeIgniter->runController()
 5 SYSTEMPATH/CodeIgniter.php(349): CodeIgniter\CodeIgniter->handleRequest()
 6 FCPATH/index.php(57): CodeIgniter\CodeIgniter->run()
CRITICAL - 2024-01-30 17:33:01 --> Undefined variable $payArray
in APPPATH/Models/Engine.php on line 2035.
 1 APPPATH/Models/Engine.php(2035): CodeIgniter\Debug\Exceptions->errorHandler()
 2 APPPATH/Controllers/Api.php(139): App\Models\Engine->getBillToSynch()
 3 SYSTEMPATH/CodeIgniter.php(896): App\Controllers\Api->postbillpayment()
 4 SYSTEMPATH/CodeIgniter.php(466): CodeIgniter\CodeIgniter->runController()
 5 SYSTEMPATH/CodeIgniter.php(349): CodeIgniter\CodeIgniter->handleRequest()
 6 FCPATH/index.php(57): CodeIgniter\CodeIgniter->run()
CRITICAL - 2024-01-30 17:34:01 --> Undefined variable $payArray
in APPPATH/Models/Engine.php on line 2035.
 1 APPPATH/Models/Engine.php(2035): CodeIgniter\Debug\Exceptions->errorHandler()
 2 APPPATH/Controllers/Api.php(139): App\Models\Engine->getBillToSynch()
 3 SYSTEMPATH/CodeIgniter.php(896): App\Controllers\Api->postbillpayment()
 4 SYSTEMPATH/CodeIgniter.php(466): CodeIgniter\CodeIgniter->runController()
 5 SYSTEMPATH/CodeIgniter.php(349): CodeIgniter\CodeIgniter->handleRequest()
 6 FCPATH/index.php(57): CodeIgniter\CodeIgniter->run()
CRITICAL - 2024-01-30 17:35:01 --> Undefined variable $payArray
in APPPATH/Models/Engine.php on line 2035.
 1 APPPATH/Models/Engine.php(2035): CodeIgniter\Debug\Exceptions->errorHandler()
 2 APPPATH/Controllers/Api.php(139): App\Models\Engine->getBillToSynch()
 3 SYSTEMPATH/CodeIgniter.php(896): App\Controllers\Api->postbillpayment()
 4 SYSTEMPATH/CodeIgniter.php(466): CodeIgniter\CodeIgniter->runController()
 5 SYSTEMPATH/CodeIgniter.php(349): CodeIgniter\CodeIgniter->handleRequest()
 6 FCPATH/index.php(57): CodeIgniter\CodeIgniter->run()
CRITICAL - 2024-01-30 17:36:01 --> Undefined variable $payArray
in APPPATH/Models/Engine.php on line 2035.
 1 APPPATH/Models/Engine.php(2035): CodeIgniter\Debug\Exceptions->errorHandler()
 2 APPPATH/Controllers/Api.php(139): App\Models\Engine->getBillToSynch()
 3 SYSTEMPATH/CodeIgniter.php(896): App\Controllers\Api->postbillpayment()
 4 SYSTEMPATH/CodeIgniter.php(466): CodeIgniter\CodeIgniter->runController()
 5 SYSTEMPATH/CodeIgniter.php(349): CodeIgniter\CodeIgniter->handleRequest()
 6 FCPATH/index.php(57): CodeIgniter\CodeIgniter->run()
CRITICAL - 2024-01-30 17:37:01 --> Undefined variable $payArray
in APPPATH/Models/Engine.php on line 2035.
 1 APPPATH/Models/Engine.php(2035): CodeIgniter\Debug\Exceptions->errorHandler()
 2 APPPATH/Controllers/Api.php(139): App\Models\Engine->getBillToSynch()
 3 SYSTEMPATH/CodeIgniter.php(896): App\Controllers\Api->postbillpayment()
 4 SYSTEMPATH/CodeIgniter.php(466): CodeIgniter\CodeIgniter->runController()
 5 SYSTEMPATH/CodeIgniter.php(349): CodeIgniter\CodeIgniter->handleRequest()
 6 FCPATH/index.php(57): CodeIgniter\CodeIgniter->run()
CRITICAL - 2024-01-30 17:38:01 --> Undefined variable $payArray
in APPPATH/Models/Engine.php on line 2035.
 1 APPPATH/Models/Engine.php(2035): CodeIgniter\Debug\Exceptions->errorHandler()
 2 APPPATH/Controllers/Api.php(139): App\Models\Engine->getBillToSynch()
 3 SYSTEMPATH/CodeIgniter.php(896): App\Controllers\Api->postbillpayment()
 4 SYSTEMPATH/CodeIgniter.php(466): CodeIgniter\CodeIgniter->runController()
 5 SYSTEMPATH/CodeIgniter.php(349): CodeIgniter\CodeIgniter->handleRequest()
 6 FCPATH/index.php(57): CodeIgniter\CodeIgniter->run()
CRITICAL - 2024-01-30 17:39:02 --> Undefined variable $payArray
in APPPATH/Models/Engine.php on line 2035.
 1 APPPATH/Models/Engine.php(2035): CodeIgniter\Debug\Exceptions->errorHandler()
 2 APPPATH/Controllers/Api.php(139): App\Models\Engine->getBillToSynch()
 3 SYSTEMPATH/CodeIgniter.php(896): App\Controllers\Api->postbillpayment()
 4 SYSTEMPATH/CodeIgniter.php(466): CodeIgniter\CodeIgniter->runController()
 5 SYSTEMPATH/CodeIgniter.php(349): CodeIgniter\CodeIgniter->handleRequest()
 6 FCPATH/index.php(57): CodeIgniter\CodeIgniter->run()
CRITICAL - 2024-01-30 17:40:01 --> Undefined variable $payArray
in APPPATH/Models/Engine.php on line 2035.
 1 APPPATH/Models/Engine.php(2035): CodeIgniter\Debug\Exceptions->errorHandler()
 2 APPPATH/Controllers/Api.php(139): App\Models\Engine->getBillToSynch()
 3 SYSTEMPATH/CodeIgniter.php(896): App\Controllers\Api->postbillpayment()
 4 SYSTEMPATH/CodeIgniter.php(466): CodeIgniter\CodeIgniter->runController()
 5 SYSTEMPATH/CodeIgniter.php(349): CodeIgniter\CodeIgniter->handleRequest()
 6 FCPATH/index.php(57): CodeIgniter\CodeIgniter->run()
CRITICAL - 2024-01-30 17:41:01 --> Undefined variable $payArray
in APPPATH/Models/Engine.php on line 2035.
 1 APPPATH/Models/Engine.php(2035): CodeIgniter\Debug\Exceptions->errorHandler()
 2 APPPATH/Controllers/Api.php(139): App\Models\Engine->getBillToSynch()
 3 SYSTEMPATH/CodeIgniter.php(896): App\Controllers\Api->postbillpayment()
 4 SYSTEMPATH/CodeIgniter.php(466): CodeIgniter\CodeIgniter->runController()
 5 SYSTEMPATH/CodeIgniter.php(349): CodeIgniter\CodeIgniter->handleRequest()
 6 FCPATH/index.php(57): CodeIgniter\CodeIgniter->run()
CRITICAL - 2024-01-30 17:42:01 --> Undefined variable $payArray
in APPPATH/Models/Engine.php on line 2035.
 1 APPPATH/Models/Engine.php(2035): CodeIgniter\Debug\Exceptions->errorHandler()
 2 APPPATH/Controllers/Api.php(139): App\Models\Engine->getBillToSynch()
 3 SYSTEMPATH/CodeIgniter.php(896): App\Controllers\Api->postbillpayment()
 4 SYSTEMPATH/CodeIgniter.php(466): CodeIgniter\CodeIgniter->runController()
 5 SYSTEMPATH/CodeIgniter.php(349): CodeIgniter\CodeIgniter->handleRequest()
 6 FCPATH/index.php(57): CodeIgniter\CodeIgniter->run()
CRITICAL - 2024-01-30 17:43:01 --> Undefined variable $payArray
in APPPATH/Models/Engine.php on line 2035.
 1 APPPATH/Models/Engine.php(2035): CodeIgniter\Debug\Exceptions->errorHandler()
 2 APPPATH/Controllers/Api.php(139): App\Models\Engine->getBillToSynch()
 3 SYSTEMPATH/CodeIgniter.php(896): App\Controllers\Api->postbillpayment()
 4 SYSTEMPATH/CodeIgniter.php(466): CodeIgniter\CodeIgniter->runController()
 5 SYSTEMPATH/CodeIgniter.php(349): CodeIgniter\CodeIgniter->handleRequest()
 6 FCPATH/index.php(57): CodeIgniter\CodeIgniter->run()
CRITICAL - 2024-01-30 17:44:01 --> Undefined variable $payArray
in APPPATH/Models/Engine.php on line 2035.
 1 APPPATH/Models/Engine.php(2035): CodeIgniter\Debug\Exceptions->errorHandler()
 2 APPPATH/Controllers/Api.php(139): App\Models\Engine->getBillToSynch()
 3 SYSTEMPATH/CodeIgniter.php(896): App\Controllers\Api->postbillpayment()
 4 SYSTEMPATH/CodeIgniter.php(466): CodeIgniter\CodeIgniter->runController()
 5 SYSTEMPATH/CodeIgniter.php(349): CodeIgniter\CodeIgniter->handleRequest()
 6 FCPATH/index.php(57): CodeIgniter\CodeIgniter->run()
CRITICAL - 2024-01-30 17:45:01 --> Undefined variable $payArray
in APPPATH/Models/Engine.php on line 2035.
 1 APPPATH/Models/Engine.php(2035): CodeIgniter\Debug\Exceptions->errorHandler()
 2 APPPATH/Controllers/Api.php(139): App\Models\Engine->getBillToSynch()
 3 SYSTEMPATH/CodeIgniter.php(896): App\Controllers\Api->postbillpayment()
 4 SYSTEMPATH/CodeIgniter.php(466): CodeIgniter\CodeIgniter->runController()
 5 SYSTEMPATH/CodeIgniter.php(349): CodeIgniter\CodeIgniter->handleRequest()
 6 FCPATH/index.php(57): CodeIgniter\CodeIgniter->run()
CRITICAL - 2024-01-30 17:46:01 --> Undefined variable $payArray
in APPPATH/Models/Engine.php on line 2035.
 1 APPPATH/Models/Engine.php(2035): CodeIgniter\Debug\Exceptions->errorHandler()
 2 APPPATH/Controllers/Api.php(139): App\Models\Engine->getBillToSynch()
 3 SYSTEMPATH/CodeIgniter.php(896): App\Controllers\Api->postbillpayment()
 4 SYSTEMPATH/CodeIgniter.php(466): CodeIgniter\CodeIgniter->runController()
 5 SYSTEMPATH/CodeIgniter.php(349): CodeIgniter\CodeIgniter->handleRequest()
 6 FCPATH/index.php(57): CodeIgniter\CodeIgniter->run()
CRITICAL - 2024-01-30 17:47:01 --> Undefined variable $payArray
in APPPATH/Models/Engine.php on line 2035.
 1 APPPATH/Models/Engine.php(2035): CodeIgniter\Debug\Exceptions->errorHandler()
 2 APPPATH/Controllers/Api.php(139): App\Models\Engine->getBillToSynch()
 3 SYSTEMPATH/CodeIgniter.php(896): App\Controllers\Api->postbillpayment()
 4 SYSTEMPATH/CodeIgniter.php(466): CodeIgniter\CodeIgniter->runController()
 5 SYSTEMPATH/CodeIgniter.php(349): CodeIgniter\CodeIgniter->handleRequest()
 6 FCPATH/index.php(57): CodeIgniter\CodeIgniter->run()
CRITICAL - 2024-01-30 17:48:01 --> Undefined variable $payArray
in APPPATH/Models/Engine.php on line 2035.
 1 APPPATH/Models/Engine.php(2035): CodeIgniter\Debug\Exceptions->errorHandler()
 2 APPPATH/Controllers/Api.php(139): App\Models\Engine->getBillToSynch()
 3 SYSTEMPATH/CodeIgniter.php(896): App\Controllers\Api->postbillpayment()
 4 SYSTEMPATH/CodeIgniter.php(466): CodeIgniter\CodeIgniter->runController()
 5 SYSTEMPATH/CodeIgniter.php(349): CodeIgniter\CodeIgniter->handleRequest()
 6 FCPATH/index.php(57): CodeIgniter\CodeIgniter->run()
CRITICAL - 2024-01-30 17:49:01 --> Undefined variable $payArray
in APPPATH/Models/Engine.php on line 2035.
 1 APPPATH/Models/Engine.php(2035): CodeIgniter\Debug\Exceptions->errorHandler()
 2 APPPATH/Controllers/Api.php(139): App\Models\Engine->getBillToSynch()
 3 SYSTEMPATH/CodeIgniter.php(896): App\Controllers\Api->postbillpayment()
 4 SYSTEMPATH/CodeIgniter.php(466): CodeIgniter\CodeIgniter->runController()
 5 SYSTEMPATH/CodeIgniter.php(349): CodeIgniter\CodeIgniter->handleRequest()
 6 FCPATH/index.php(57): CodeIgniter\CodeIgniter->run()
CRITICAL - 2024-01-30 17:50:01 --> Undefined variable $payArray
in APPPATH/Models/Engine.php on line 2035.
 1 APPPATH/Models/Engine.php(2035): CodeIgniter\Debug\Exceptions->errorHandler()
 2 APPPATH/Controllers/Api.php(139): App\Models\Engine->getBillToSynch()
 3 SYSTEMPATH/CodeIgniter.php(896): App\Controllers\Api->postbillpayment()
 4 SYSTEMPATH/CodeIgniter.php(466): CodeIgniter\CodeIgniter->runController()
 5 SYSTEMPATH/CodeIgniter.php(349): CodeIgniter\CodeIgniter->handleRequest()
 6 FCPATH/index.php(57): CodeIgniter\CodeIgniter->run()
CRITICAL - 2024-01-30 17:51:01 --> Undefined variable $payArray
in APPPATH/Models/Engine.php on line 2035.
 1 APPPATH/Models/Engine.php(2035): CodeIgniter\Debug\Exceptions->errorHandler()
 2 APPPATH/Controllers/Api.php(139): App\Models\Engine->getBillToSynch()
 3 SYSTEMPATH/CodeIgniter.php(896): App\Controllers\Api->postbillpayment()
 4 SYSTEMPATH/CodeIgniter.php(466): CodeIgniter\CodeIgniter->runController()
 5 SYSTEMPATH/CodeIgniter.php(349): CodeIgniter\CodeIgniter->handleRequest()
 6 FCPATH/index.php(57): CodeIgniter\CodeIgniter->run()
CRITICAL - 2024-01-30 17:52:01 --> Undefined variable $payArray
in APPPATH/Models/Engine.php on line 2035.
 1 APPPATH/Models/Engine.php(2035): CodeIgniter\Debug\Exceptions->errorHandler()
 2 APPPATH/Controllers/Api.php(139): App\Models\Engine->getBillToSynch()
 3 SYSTEMPATH/CodeIgniter.php(896): App\Controllers\Api->postbillpayment()
 4 SYSTEMPATH/CodeIgniter.php(466): CodeIgniter\CodeIgniter->runController()
 5 SYSTEMPATH/CodeIgniter.php(349): CodeIgniter\CodeIgniter->handleRequest()
 6 FCPATH/index.php(57): CodeIgniter\CodeIgniter->run()
CRITICAL - 2024-01-30 17:53:01 --> Undefined variable $payArray
in APPPATH/Models/Engine.php on line 2035.
 1 APPPATH/Models/Engine.php(2035): CodeIgniter\Debug\Exceptions->errorHandler()
 2 APPPATH/Controllers/Api.php(139): App\Models\Engine->getBillToSynch()
 3 SYSTEMPATH/CodeIgniter.php(896): App\Controllers\Api->postbillpayment()
 4 SYSTEMPATH/CodeIgniter.php(466): CodeIgniter\CodeIgniter->runController()
 5 SYSTEMPATH/CodeIgniter.php(349): CodeIgniter\CodeIgniter->handleRequest()
 6 FCPATH/index.php(57): CodeIgniter\CodeIgniter->run()
CRITICAL - 2024-01-30 17:54:01 --> Undefined variable $payArray
in APPPATH/Models/Engine.php on line 2035.
 1 APPPATH/Models/Engine.php(2035): CodeIgniter\Debug\Exceptions->errorHandler()
 2 APPPATH/Controllers/Api.php(139): App\Models\Engine->getBillToSynch()
 3 SYSTEMPATH/CodeIgniter.php(896): App\Controllers\Api->postbillpayment()
 4 SYSTEMPATH/CodeIgniter.php(466): CodeIgniter\CodeIgniter->runController()
 5 SYSTEMPATH/CodeIgniter.php(349): CodeIgniter\CodeIgniter->handleRequest()
 6 FCPATH/index.php(57): CodeIgniter\CodeIgniter->run()
CRITICAL - 2024-01-30 17:55:01 --> Undefined variable $payArray
in APPPATH/Models/Engine.php on line 2035.
 1 APPPATH/Models/Engine.php(2035): CodeIgniter\Debug\Exceptions->errorHandler()
 2 APPPATH/Controllers/Api.php(139): App\Models\Engine->getBillToSynch()
 3 SYSTEMPATH/CodeIgniter.php(896): App\Controllers\Api->postbillpayment()
 4 SYSTEMPATH/CodeIgniter.php(466): CodeIgniter\CodeIgniter->runController()
 5 SYSTEMPATH/CodeIgniter.php(349): CodeIgniter\CodeIgniter->handleRequest()
 6 FCPATH/index.php(57): CodeIgniter\CodeIgniter->run()
CRITICAL - 2024-01-30 17:56:01 --> Undefined variable $payArray
in APPPATH/Models/Engine.php on line 2035.
 1 APPPATH/Models/Engine.php(2035): CodeIgniter\Debug\Exceptions->errorHandler()
 2 APPPATH/Controllers/Api.php(139): App\Models\Engine->getBillToSynch()
 3 SYSTEMPATH/CodeIgniter.php(896): App\Controllers\Api->postbillpayment()
 4 SYSTEMPATH/CodeIgniter.php(466): CodeIgniter\CodeIgniter->runController()
 5 SYSTEMPATH/CodeIgniter.php(349): CodeIgniter\CodeIgniter->handleRequest()
 6 FCPATH/index.php(57): CodeIgniter\CodeIgniter->run()
CRITICAL - 2024-01-30 17:57:01 --> Undefined variable $payArray
in APPPATH/Models/Engine.php on line 2035.
 1 APPPATH/Models/Engine.php(2035): CodeIgniter\Debug\Exceptions->errorHandler()
 2 APPPATH/Controllers/Api.php(139): App\Models\Engine->getBillToSynch()
 3 SYSTEMPATH/CodeIgniter.php(896): App\Controllers\Api->postbillpayment()
 4 SYSTEMPATH/CodeIgniter.php(466): CodeIgniter\CodeIgniter->runController()
 5 SYSTEMPATH/CodeIgniter.php(349): CodeIgniter\CodeIgniter->handleRequest()
 6 FCPATH/index.php(57): CodeIgniter\CodeIgniter->run()
CRITICAL - 2024-01-30 17:58:01 --> Undefined variable $payArray
in APPPATH/Models/Engine.php on line 2035.
 1 APPPATH/Models/Engine.php(2035): CodeIgniter\Debug\Exceptions->errorHandler()
 2 APPPATH/Controllers/Api.php(139): App\Models\Engine->getBillToSynch()
 3 SYSTEMPATH/CodeIgniter.php(896): App\Controllers\Api->postbillpayment()
 4 SYSTEMPATH/CodeIgniter.php(466): CodeIgniter\CodeIgniter->runController()
 5 SYSTEMPATH/CodeIgniter.php(349): CodeIgniter\CodeIgniter->handleRequest()
 6 FCPATH/index.php(57): CodeIgniter\CodeIgniter->run()
CRITICAL - 2024-01-30 17:59:01 --> Undefined variable $payArray
in APPPATH/Models/Engine.php on line 2035.
 1 APPPATH/Models/Engine.php(2035): CodeIgniter\Debug\Exceptions->errorHandler()
 2 APPPATH/Controllers/Api.php(139): App\Models\Engine->getBillToSynch()
 3 SYSTEMPATH/CodeIgniter.php(896): App\Controllers\Api->postbillpayment()
 4 SYSTEMPATH/CodeIgniter.php(466): CodeIgniter\CodeIgniter->runController()
 5 SYSTEMPATH/CodeIgniter.php(349): CodeIgniter\CodeIgniter->handleRequest()
 6 FCPATH/index.php(57): CodeIgniter\CodeIgniter->run()
CRITICAL - 2024-01-30 18:00:01 --> Undefined variable $payArray
in APPPATH/Models/Engine.php on line 2035.
 1 APPPATH/Models/Engine.php(2035): CodeIgniter\Debug\Exceptions->errorHandler()
 2 APPPATH/Controllers/Api.php(139): App\Models\Engine->getBillToSynch()
 3 SYSTEMPATH/CodeIgniter.php(896): App\Controllers\Api->postbillpayment()
 4 SYSTEMPATH/CodeIgniter.php(466): CodeIgniter\CodeIgniter->runController()
 5 SYSTEMPATH/CodeIgniter.php(349): CodeIgniter\CodeIgniter->handleRequest()
 6 FCPATH/index.php(57): CodeIgniter\CodeIgniter->run()
CRITICAL - 2024-01-30 18:01:01 --> Undefined variable $payArray
in APPPATH/Models/Engine.php on line 2035.
 1 APPPATH/Models/Engine.php(2035): CodeIgniter\Debug\Exceptions->errorHandler()
 2 APPPATH/Controllers/Api.php(139): App\Models\Engine->getBillToSynch()
 3 SYSTEMPATH/CodeIgniter.php(896): App\Controllers\Api->postbillpayment()
 4 SYSTEMPATH/CodeIgniter.php(466): CodeIgniter\CodeIgniter->runController()
 5 SYSTEMPATH/CodeIgniter.php(349): CodeIgniter\CodeIgniter->handleRequest()
 6 FCPATH/index.php(57): CodeIgniter\CodeIgniter->run()
CRITICAL - 2024-01-30 18:02:01 --> Undefined variable $payArray
in APPPATH/Models/Engine.php on line 2035.
 1 APPPATH/Models/Engine.php(2035): CodeIgniter\Debug\Exceptions->errorHandler()
 2 APPPATH/Controllers/Api.php(139): App\Models\Engine->getBillToSynch()
 3 SYSTEMPATH/CodeIgniter.php(896): App\Controllers\Api->postbillpayment()
 4 SYSTEMPATH/CodeIgniter.php(466): CodeIgniter\CodeIgniter->runController()
 5 SYSTEMPATH/CodeIgniter.php(349): CodeIgniter\CodeIgniter->handleRequest()
 6 FCPATH/index.php(57): CodeIgniter\CodeIgniter->run()
CRITICAL - 2024-01-30 18:03:01 --> Undefined variable $payArray
in APPPATH/Models/Engine.php on line 2035.
 1 APPPATH/Models/Engine.php(2035): CodeIgniter\Debug\Exceptions->errorHandler()
 2 APPPATH/Controllers/Api.php(139): App\Models\Engine->getBillToSynch()
 3 SYSTEMPATH/CodeIgniter.php(896): App\Controllers\Api->postbillpayment()
 4 SYSTEMPATH/CodeIgniter.php(466): CodeIgniter\CodeIgniter->runController()
 5 SYSTEMPATH/CodeIgniter.php(349): CodeIgniter\CodeIgniter->handleRequest()
 6 FCPATH/index.php(57): CodeIgniter\CodeIgniter->run()
CRITICAL - 2024-01-30 18:04:02 --> Undefined variable $payArray
in APPPATH/Models/Engine.php on line 2035.
 1 APPPATH/Models/Engine.php(2035): CodeIgniter\Debug\Exceptions->errorHandler()
 2 APPPATH/Controllers/Api.php(139): App\Models\Engine->getBillToSynch()
 3 SYSTEMPATH/CodeIgniter.php(896): App\Controllers\Api->postbillpayment()
 4 SYSTEMPATH/CodeIgniter.php(466): CodeIgniter\CodeIgniter->runController()
 5 SYSTEMPATH/CodeIgniter.php(349): CodeIgniter\CodeIgniter->handleRequest()
 6 FCPATH/index.php(57): CodeIgniter\CodeIgniter->run()
CRITICAL - 2024-01-30 18:05:01 --> Undefined variable $payArray
in APPPATH/Models/Engine.php on line 2035.
 1 APPPATH/Models/Engine.php(2035): CodeIgniter\Debug\Exceptions->errorHandler()
 2 APPPATH/Controllers/Api.php(139): App\Models\Engine->getBillToSynch()
 3 SYSTEMPATH/CodeIgniter.php(896): App\Controllers\Api->postbillpayment()
 4 SYSTEMPATH/CodeIgniter.php(466): CodeIgniter\CodeIgniter->runController()
 5 SYSTEMPATH/CodeIgniter.php(349): CodeIgniter\CodeIgniter->handleRequest()
 6 FCPATH/index.php(57): CodeIgniter\CodeIgniter->run()
CRITICAL - 2024-01-30 18:06:01 --> Undefined variable $payArray
in APPPATH/Models/Engine.php on line 2035.
 1 APPPATH/Models/Engine.php(2035): CodeIgniter\Debug\Exceptions->errorHandler()
 2 APPPATH/Controllers/Api.php(139): App\Models\Engine->getBillToSynch()
 3 SYSTEMPATH/CodeIgniter.php(896): App\Controllers\Api->postbillpayment()
 4 SYSTEMPATH/CodeIgniter.php(466): CodeIgniter\CodeIgniter->runController()
 5 SYSTEMPATH/CodeIgniter.php(349): CodeIgniter\CodeIgniter->handleRequest()
 6 FCPATH/index.php(57): CodeIgniter\CodeIgniter->run()
CRITICAL - 2024-01-30 18:07:01 --> Undefined variable $payArray
in APPPATH/Models/Engine.php on line 2035.
 1 APPPATH/Models/Engine.php(2035): CodeIgniter\Debug\Exceptions->errorHandler()
 2 APPPATH/Controllers/Api.php(139): App\Models\Engine->getBillToSynch()
 3 SYSTEMPATH/CodeIgniter.php(896): App\Controllers\Api->postbillpayment()
 4 SYSTEMPATH/CodeIgniter.php(466): CodeIgniter\CodeIgniter->runController()
 5 SYSTEMPATH/CodeIgniter.php(349): CodeIgniter\CodeIgniter->handleRequest()
 6 FCPATH/index.php(57): CodeIgniter\CodeIgniter->run()
CRITICAL - 2024-01-30 18:08:01 --> Undefined variable $payArray
in APPPATH/Models/Engine.php on line 2035.
 1 APPPATH/Models/Engine.php(2035): CodeIgniter\Debug\Exceptions->errorHandler()
 2 APPPATH/Controllers/Api.php(139): App\Models\Engine->getBillToSynch()
 3 SYSTEMPATH/CodeIgniter.php(896): App\Controllers\Api->postbillpayment()
 4 SYSTEMPATH/CodeIgniter.php(466): CodeIgniter\CodeIgniter->runController()
 5 SYSTEMPATH/CodeIgniter.php(349): CodeIgniter\CodeIgniter->handleRequest()
 6 FCPATH/index.php(57): CodeIgniter\CodeIgniter->run()
CRITICAL - 2024-01-30 18:09:01 --> Undefined variable $payArray
in APPPATH/Models/Engine.php on line 2035.
 1 APPPATH/Models/Engine.php(2035): CodeIgniter\Debug\Exceptions->errorHandler()
 2 APPPATH/Controllers/Api.php(139): App\Models\Engine->getBillToSynch()
 3 SYSTEMPATH/CodeIgniter.php(896): App\Controllers\Api->postbillpayment()
 4 SYSTEMPATH/CodeIgniter.php(466): CodeIgniter\CodeIgniter->runController()
 5 SYSTEMPATH/CodeIgniter.php(349): CodeIgniter\CodeIgniter->handleRequest()
 6 FCPATH/index.php(57): CodeIgniter\CodeIgniter->run()
CRITICAL - 2024-01-30 18:10:01 --> Undefined variable $payArray
in APPPATH/Models/Engine.php on line 2035.
 1 APPPATH/Models/Engine.php(2035): CodeIgniter\Debug\Exceptions->errorHandler()
 2 APPPATH/Controllers/Api.php(139): App\Models\Engine->getBillToSynch()
 3 SYSTEMPATH/CodeIgniter.php(896): App\Controllers\Api->postbillpayment()
 4 SYSTEMPATH/CodeIgniter.php(466): CodeIgniter\CodeIgniter->runController()
 5 SYSTEMPATH/CodeIgniter.php(349): CodeIgniter\CodeIgniter->handleRequest()
 6 FCPATH/index.php(57): CodeIgniter\CodeIgniter->run()
CRITICAL - 2024-01-30 18:11:01 --> Undefined variable $payArray
in APPPATH/Models/Engine.php on line 2035.
 1 APPPATH/Models/Engine.php(2035): CodeIgniter\Debug\Exceptions->errorHandler()
 2 APPPATH/Controllers/Api.php(139): App\Models\Engine->getBillToSynch()
 3 SYSTEMPATH/CodeIgniter.php(896): App\Controllers\Api->postbillpayment()
 4 SYSTEMPATH/CodeIgniter.php(466): CodeIgniter\CodeIgniter->runController()
 5 SYSTEMPATH/CodeIgniter.php(349): CodeIgniter\CodeIgniter->handleRequest()
 6 FCPATH/index.php(57): CodeIgniter\CodeIgniter->run()
CRITICAL - 2024-01-30 18:12:01 --> Undefined variable $payArray
in APPPATH/Models/Engine.php on line 2035.
 1 APPPATH/Models/Engine.php(2035): CodeIgniter\Debug\Exceptions->errorHandler()
 2 APPPATH/Controllers/Api.php(139): App\Models\Engine->getBillToSynch()
 3 SYSTEMPATH/CodeIgniter.php(896): App\Controllers\Api->postbillpayment()
 4 SYSTEMPATH/CodeIgniter.php(466): CodeIgniter\CodeIgniter->runController()
 5 SYSTEMPATH/CodeIgniter.php(349): CodeIgniter\CodeIgniter->handleRequest()
 6 FCPATH/index.php(57): CodeIgniter\CodeIgniter->run()
CRITICAL - 2024-01-30 18:13:01 --> Undefined variable $payArray
in APPPATH/Models/Engine.php on line 2035.
 1 APPPATH/Models/Engine.php(2035): CodeIgniter\Debug\Exceptions->errorHandler()
 2 APPPATH/Controllers/Api.php(139): App\Models\Engine->getBillToSynch()
 3 SYSTEMPATH/CodeIgniter.php(896): App\Controllers\Api->postbillpayment()
 4 SYSTEMPATH/CodeIgniter.php(466): CodeIgniter\CodeIgniter->runController()
 5 SYSTEMPATH/CodeIgniter.php(349): CodeIgniter\CodeIgniter->handleRequest()
 6 FCPATH/index.php(57): CodeIgniter\CodeIgniter->run()
CRITICAL - 2024-01-30 18:14:01 --> Undefined variable $payArray
in APPPATH/Models/Engine.php on line 2035.
 1 APPPATH/Models/Engine.php(2035): CodeIgniter\Debug\Exceptions->errorHandler()
 2 APPPATH/Controllers/Api.php(139): App\Models\Engine->getBillToSynch()
 3 SYSTEMPATH/CodeIgniter.php(896): App\Controllers\Api->postbillpayment()
 4 SYSTEMPATH/CodeIgniter.php(466): CodeIgniter\CodeIgniter->runController()
 5 SYSTEMPATH/CodeIgniter.php(349): CodeIgniter\CodeIgniter->handleRequest()
 6 FCPATH/index.php(57): CodeIgniter\CodeIgniter->run()
CRITICAL - 2024-01-30 18:15:01 --> Undefined variable $payArray
in APPPATH/Models/Engine.php on line 2035.
 1 APPPATH/Models/Engine.php(2035): CodeIgniter\Debug\Exceptions->errorHandler()
 2 APPPATH/Controllers/Api.php(139): App\Models\Engine->getBillToSynch()
 3 SYSTEMPATH/CodeIgniter.php(896): App\Controllers\Api->postbillpayment()
 4 SYSTEMPATH/CodeIgniter.php(466): CodeIgniter\CodeIgniter->runController()
 5 SYSTEMPATH/CodeIgniter.php(349): CodeIgniter\CodeIgniter->handleRequest()
 6 FCPATH/index.php(57): CodeIgniter\CodeIgniter->run()
CRITICAL - 2024-01-30 18:16:01 --> Undefined variable $payArray
in APPPATH/Models/Engine.php on line 2035.
 1 APPPATH/Models/Engine.php(2035): CodeIgniter\Debug\Exceptions->errorHandler()
 2 APPPATH/Controllers/Api.php(139): App\Models\Engine->getBillToSynch()
 3 SYSTEMPATH/CodeIgniter.php(896): App\Controllers\Api->postbillpayment()
 4 SYSTEMPATH/CodeIgniter.php(466): CodeIgniter\CodeIgniter->runController()
 5 SYSTEMPATH/CodeIgniter.php(349): CodeIgniter\CodeIgniter->handleRequest()
 6 FCPATH/index.php(57): CodeIgniter\CodeIgniter->run()
CRITICAL - 2024-01-30 18:17:01 --> Undefined variable $payArray
in APPPATH/Models/Engine.php on line 2035.
 1 APPPATH/Models/Engine.php(2035): CodeIgniter\Debug\Exceptions->errorHandler()
 2 APPPATH/Controllers/Api.php(139): App\Models\Engine->getBillToSynch()
 3 SYSTEMPATH/CodeIgniter.php(896): App\Controllers\Api->postbillpayment()
 4 SYSTEMPATH/CodeIgniter.php(466): CodeIgniter\CodeIgniter->runController()
 5 SYSTEMPATH/CodeIgniter.php(349): CodeIgniter\CodeIgniter->handleRequest()
 6 FCPATH/index.php(57): CodeIgniter\CodeIgniter->run()
CRITICAL - 2024-01-30 18:18:01 --> Undefined variable $payArray
in APPPATH/Models/Engine.php on line 2035.
 1 APPPATH/Models/Engine.php(2035): CodeIgniter\Debug\Exceptions->errorHandler()
 2 APPPATH/Controllers/Api.php(139): App\Models\Engine->getBillToSynch()
 3 SYSTEMPATH/CodeIgniter.php(896): App\Controllers\Api->postbillpayment()
 4 SYSTEMPATH/CodeIgniter.php(466): CodeIgniter\CodeIgniter->runController()
 5 SYSTEMPATH/CodeIgniter.php(349): CodeIgniter\CodeIgniter->handleRequest()
 6 FCPATH/index.php(57): CodeIgniter\CodeIgniter->run()
CRITICAL - 2024-01-30 18:19:01 --> Undefined variable $payArray
in APPPATH/Models/Engine.php on line 2035.
 1 APPPATH/Models/Engine.php(2035): CodeIgniter\Debug\Exceptions->errorHandler()
 2 APPPATH/Controllers/Api.php(139): App\Models\Engine->getBillToSynch()
 3 SYSTEMPATH/CodeIgniter.php(896): App\Controllers\Api->postbillpayment()
 4 SYSTEMPATH/CodeIgniter.php(466): CodeIgniter\CodeIgniter->runController()
 5 SYSTEMPATH/CodeIgniter.php(349): CodeIgniter\CodeIgniter->handleRequest()
 6 FCPATH/index.php(57): CodeIgniter\CodeIgniter->run()
CRITICAL - 2024-01-30 18:20:01 --> Undefined variable $payArray
in APPPATH/Models/Engine.php on line 2035.
 1 APPPATH/Models/Engine.php(2035): CodeIgniter\Debug\Exceptions->errorHandler()
 2 APPPATH/Controllers/Api.php(139): App\Models\Engine->getBillToSynch()
 3 SYSTEMPATH/CodeIgniter.php(896): App\Controllers\Api->postbillpayment()
 4 SYSTEMPATH/CodeIgniter.php(466): CodeIgniter\CodeIgniter->runController()
 5 SYSTEMPATH/CodeIgniter.php(349): CodeIgniter\CodeIgniter->handleRequest()
 6 FCPATH/index.php(57): CodeIgniter\CodeIgniter->run()
CRITICAL - 2024-01-30 18:21:01 --> Undefined variable $payArray
in APPPATH/Models/Engine.php on line 2035.
 1 APPPATH/Models/Engine.php(2035): CodeIgniter\Debug\Exceptions->errorHandler()
 2 APPPATH/Controllers/Api.php(139): App\Models\Engine->getBillToSynch()
 3 SYSTEMPATH/CodeIgniter.php(896): App\Controllers\Api->postbillpayment()
 4 SYSTEMPATH/CodeIgniter.php(466): CodeIgniter\CodeIgniter->runController()
 5 SYSTEMPATH/CodeIgniter.php(349): CodeIgniter\CodeIgniter->handleRequest()
 6 FCPATH/index.php(57): CodeIgniter\CodeIgniter->run()
CRITICAL - 2024-01-30 18:22:01 --> Undefined variable $payArray
in APPPATH/Models/Engine.php on line 2035.
 1 APPPATH/Models/Engine.php(2035): CodeIgniter\Debug\Exceptions->errorHandler()
 2 APPPATH/Controllers/Api.php(139): App\Models\Engine->getBillToSynch()
 3 SYSTEMPATH/CodeIgniter.php(896): App\Controllers\Api->postbillpayment()
 4 SYSTEMPATH/CodeIgniter.php(466): CodeIgniter\CodeIgniter->runController()
 5 SYSTEMPATH/CodeIgniter.php(349): CodeIgniter\CodeIgniter->handleRequest()
 6 FCPATH/index.php(57): CodeIgniter\CodeIgniter->run()
CRITICAL - 2024-01-30 18:23:01 --> Undefined variable $payArray
in APPPATH/Models/Engine.php on line 2035.
 1 APPPATH/Models/Engine.php(2035): CodeIgniter\Debug\Exceptions->errorHandler()
 2 APPPATH/Controllers/Api.php(139): App\Models\Engine->getBillToSynch()
 3 SYSTEMPATH/CodeIgniter.php(896): App\Controllers\Api->postbillpayment()
 4 SYSTEMPATH/CodeIgniter.php(466): CodeIgniter\CodeIgniter->runController()
 5 SYSTEMPATH/CodeIgniter.php(349): CodeIgniter\CodeIgniter->handleRequest()
 6 FCPATH/index.php(57): CodeIgniter\CodeIgniter->run()
CRITICAL - 2024-01-30 18:24:01 --> Undefined variable $payArray
in APPPATH/Models/Engine.php on line 2035.
 1 APPPATH/Models/Engine.php(2035): CodeIgniter\Debug\Exceptions->errorHandler()
 2 APPPATH/Controllers/Api.php(139): App\Models\Engine->getBillToSynch()
 3 SYSTEMPATH/CodeIgniter.php(896): App\Controllers\Api->postbillpayment()
 4 SYSTEMPATH/CodeIgniter.php(466): CodeIgniter\CodeIgniter->runController()
 5 SYSTEMPATH/CodeIgniter.php(349): CodeIgniter\CodeIgniter->handleRequest()
 6 FCPATH/index.php(57): CodeIgniter\CodeIgniter->run()
CRITICAL - 2024-01-30 18:25:01 --> Undefined variable $payArray
in APPPATH/Models/Engine.php on line 2035.
 1 APPPATH/Models/Engine.php(2035): CodeIgniter\Debug\Exceptions->errorHandler()
 2 APPPATH/Controllers/Api.php(139): App\Models\Engine->getBillToSynch()
 3 SYSTEMPATH/CodeIgniter.php(896): App\Controllers\Api->postbillpayment()
 4 SYSTEMPATH/CodeIgniter.php(466): CodeIgniter\CodeIgniter->runController()
 5 SYSTEMPATH/CodeIgniter.php(349): CodeIgniter\CodeIgniter->handleRequest()
 6 FCPATH/index.php(57): CodeIgniter\CodeIgniter->run()
CRITICAL - 2024-01-30 18:26:01 --> Undefined variable $payArray
in APPPATH/Models/Engine.php on line 2035.
 1 APPPATH/Models/Engine.php(2035): CodeIgniter\Debug\Exceptions->errorHandler()
 2 APPPATH/Controllers/Api.php(139): App\Models\Engine->getBillToSynch()
 3 SYSTEMPATH/CodeIgniter.php(896): App\Controllers\Api->postbillpayment()
 4 SYSTEMPATH/CodeIgniter.php(466): CodeIgniter\CodeIgniter->runController()
 5 SYSTEMPATH/CodeIgniter.php(349): CodeIgniter\CodeIgniter->handleRequest()
 6 FCPATH/index.php(57): CodeIgniter\CodeIgniter->run()
CRITICAL - 2024-01-30 18:27:01 --> Undefined variable $payArray
in APPPATH/Models/Engine.php on line 2035.
 1 APPPATH/Models/Engine.php(2035): CodeIgniter\Debug\Exceptions->errorHandler()
 2 APPPATH/Controllers/Api.php(139): App\Models\Engine->getBillToSynch()
 3 SYSTEMPATH/CodeIgniter.php(896): App\Controllers\Api->postbillpayment()
 4 SYSTEMPATH/CodeIgniter.php(466): CodeIgniter\CodeIgniter->runController()
 5 SYSTEMPATH/CodeIgniter.php(349): CodeIgniter\CodeIgniter->handleRequest()
 6 FCPATH/index.php(57): CodeIgniter\CodeIgniter->run()
CRITICAL - 2024-01-30 18:28:01 --> Undefined variable $payArray
in APPPATH/Models/Engine.php on line 2035.
 1 APPPATH/Models/Engine.php(2035): CodeIgniter\Debug\Exceptions->errorHandler()
 2 APPPATH/Controllers/Api.php(139): App\Models\Engine->getBillToSynch()
 3 SYSTEMPATH/CodeIgniter.php(896): App\Controllers\Api->postbillpayment()
 4 SYSTEMPATH/CodeIgniter.php(466): CodeIgniter\CodeIgniter->runController()
 5 SYSTEMPATH/CodeIgniter.php(349): CodeIgniter\CodeIgniter->handleRequest()
 6 FCPATH/index.php(57): CodeIgniter\CodeIgniter->run()
CRITICAL - 2024-01-30 18:29:02 --> Undefined variable $payArray
in APPPATH/Models/Engine.php on line 2035.
 1 APPPATH/Models/Engine.php(2035): CodeIgniter\Debug\Exceptions->errorHandler()
 2 APPPATH/Controllers/Api.php(139): App\Models\Engine->getBillToSynch()
 3 SYSTEMPATH/CodeIgniter.php(896): App\Controllers\Api->postbillpayment()
 4 SYSTEMPATH/CodeIgniter.php(466): CodeIgniter\CodeIgniter->runController()
 5 SYSTEMPATH/CodeIgniter.php(349): CodeIgniter\CodeIgniter->handleRequest()
 6 FCPATH/index.php(57): CodeIgniter\CodeIgniter->run()
CRITICAL - 2024-01-30 18:30:01 --> Undefined variable $payArray
in APPPATH/Models/Engine.php on line 2035.
 1 APPPATH/Models/Engine.php(2035): CodeIgniter\Debug\Exceptions->errorHandler()
 2 APPPATH/Controllers/Api.php(139): App\Models\Engine->getBillToSynch()
 3 SYSTEMPATH/CodeIgniter.php(896): App\Controllers\Api->postbillpayment()
 4 SYSTEMPATH/CodeIgniter.php(466): CodeIgniter\CodeIgniter->runController()
 5 SYSTEMPATH/CodeIgniter.php(349): CodeIgniter\CodeIgniter->handleRequest()
 6 FCPATH/index.php(57): CodeIgniter\CodeIgniter->run()
CRITICAL - 2024-01-30 18:31:01 --> Undefined variable $payArray
in APPPATH/Models/Engine.php on line 2035.
 1 APPPATH/Models/Engine.php(2035): CodeIgniter\Debug\Exceptions->errorHandler()
 2 APPPATH/Controllers/Api.php(139): App\Models\Engine->getBillToSynch()
 3 SYSTEMPATH/CodeIgniter.php(896): App\Controllers\Api->postbillpayment()
 4 SYSTEMPATH/CodeIgniter.php(466): CodeIgniter\CodeIgniter->runController()
 5 SYSTEMPATH/CodeIgniter.php(349): CodeIgniter\CodeIgniter->handleRequest()
 6 FCPATH/index.php(57): CodeIgniter\CodeIgniter->run()
CRITICAL - 2024-01-30 18:32:01 --> Undefined variable $payArray
in APPPATH/Models/Engine.php on line 2035.
 1 APPPATH/Models/Engine.php(2035): CodeIgniter\Debug\Exceptions->errorHandler()
 2 APPPATH/Controllers/Api.php(139): App\Models\Engine->getBillToSynch()
 3 SYSTEMPATH/CodeIgniter.php(896): App\Controllers\Api->postbillpayment()
 4 SYSTEMPATH/CodeIgniter.php(466): CodeIgniter\CodeIgniter->runController()
 5 SYSTEMPATH/CodeIgniter.php(349): CodeIgniter\CodeIgniter->handleRequest()
 6 FCPATH/index.php(57): CodeIgniter\CodeIgniter->run()
CRITICAL - 2024-01-30 18:33:01 --> Undefined variable $payArray
in APPPATH/Models/Engine.php on line 2035.
 1 APPPATH/Models/Engine.php(2035): CodeIgniter\Debug\Exceptions->errorHandler()
 2 APPPATH/Controllers/Api.php(139): App\Models\Engine->getBillToSynch()
 3 SYSTEMPATH/CodeIgniter.php(896): App\Controllers\Api->postbillpayment()
 4 SYSTEMPATH/CodeIgniter.php(466): CodeIgniter\CodeIgniter->runController()
 5 SYSTEMPATH/CodeIgniter.php(349): CodeIgniter\CodeIgniter->handleRequest()
 6 FCPATH/index.php(57): CodeIgniter\CodeIgniter->run()
CRITICAL - 2024-01-30 18:34:01 --> Undefined variable $payArray
in APPPATH/Models/Engine.php on line 2035.
 1 APPPATH/Models/Engine.php(2035): CodeIgniter\Debug\Exceptions->errorHandler()
 2 APPPATH/Controllers/Api.php(139): App\Models\Engine->getBillToSynch()
 3 SYSTEMPATH/CodeIgniter.php(896): App\Controllers\Api->postbillpayment()
 4 SYSTEMPATH/CodeIgniter.php(466): CodeIgniter\CodeIgniter->runController()
 5 SYSTEMPATH/CodeIgniter.php(349): CodeIgniter\CodeIgniter->handleRequest()
 6 FCPATH/index.php(57): CodeIgniter\CodeIgniter->run()
CRITICAL - 2024-01-30 18:35:01 --> Undefined variable $payArray
in APPPATH/Models/Engine.php on line 2035.
 1 APPPATH/Models/Engine.php(2035): CodeIgniter\Debug\Exceptions->errorHandler()
 2 APPPATH/Controllers/Api.php(139): App\Models\Engine->getBillToSynch()
 3 SYSTEMPATH/CodeIgniter.php(896): App\Controllers\Api->postbillpayment()
 4 SYSTEMPATH/CodeIgniter.php(466): CodeIgniter\CodeIgniter->runController()
 5 SYSTEMPATH/CodeIgniter.php(349): CodeIgniter\CodeIgniter->handleRequest()
 6 FCPATH/index.php(57): CodeIgniter\CodeIgniter->run()
CRITICAL - 2024-01-30 18:36:01 --> Undefined variable $payArray
in APPPATH/Models/Engine.php on line 2035.
 1 APPPATH/Models/Engine.php(2035): CodeIgniter\Debug\Exceptions->errorHandler()
 2 APPPATH/Controllers/Api.php(139): App\Models\Engine->getBillToSynch()
 3 SYSTEMPATH/CodeIgniter.php(896): App\Controllers\Api->postbillpayment()
 4 SYSTEMPATH/CodeIgniter.php(466): CodeIgniter\CodeIgniter->runController()
 5 SYSTEMPATH/CodeIgniter.php(349): CodeIgniter\CodeIgniter->handleRequest()
 6 FCPATH/index.php(57): CodeIgniter\CodeIgniter->run()
CRITICAL - 2024-01-30 18:37:01 --> Undefined variable $payArray
in APPPATH/Models/Engine.php on line 2035.
 1 APPPATH/Models/Engine.php(2035): CodeIgniter\Debug\Exceptions->errorHandler()
 2 APPPATH/Controllers/Api.php(139): App\Models\Engine->getBillToSynch()
 3 SYSTEMPATH/CodeIgniter.php(896): App\Controllers\Api->postbillpayment()
 4 SYSTEMPATH/CodeIgniter.php(466): CodeIgniter\CodeIgniter->runController()
 5 SYSTEMPATH/CodeIgniter.php(349): CodeIgniter\CodeIgniter->handleRequest()
 6 FCPATH/index.php(57): CodeIgniter\CodeIgniter->run()
CRITICAL - 2024-01-30 18:38:01 --> Undefined variable $payArray
in APPPATH/Models/Engine.php on line 2035.
 1 APPPATH/Models/Engine.php(2035): CodeIgniter\Debug\Exceptions->errorHandler()
 2 APPPATH/Controllers/Api.php(139): App\Models\Engine->getBillToSynch()
 3 SYSTEMPATH/CodeIgniter.php(896): App\Controllers\Api->postbillpayment()
 4 SYSTEMPATH/CodeIgniter.php(466): CodeIgniter\CodeIgniter->runController()
 5 SYSTEMPATH/CodeIgniter.php(349): CodeIgniter\CodeIgniter->handleRequest()
 6 FCPATH/index.php(57): CodeIgniter\CodeIgniter->run()
CRITICAL - 2024-01-30 18:39:01 --> Undefined variable $payArray
in APPPATH/Models/Engine.php on line 2035.
 1 APPPATH/Models/Engine.php(2035): CodeIgniter\Debug\Exceptions->errorHandler()
 2 APPPATH/Controllers/Api.php(139): App\Models\Engine->getBillToSynch()
 3 SYSTEMPATH/CodeIgniter.php(896): App\Controllers\Api->postbillpayment()
 4 SYSTEMPATH/CodeIgniter.php(466): CodeIgniter\CodeIgniter->runController()
 5 SYSTEMPATH/CodeIgniter.php(349): CodeIgniter\CodeIgniter->handleRequest()
 6 FCPATH/index.php(57): CodeIgniter\CodeIgniter->run()
CRITICAL - 2024-01-30 18:40:01 --> Undefined variable $payArray
in APPPATH/Models/Engine.php on line 2035.
 1 APPPATH/Models/Engine.php(2035): CodeIgniter\Debug\Exceptions->errorHandler()
 2 APPPATH/Controllers/Api.php(139): App\Models\Engine->getBillToSynch()
 3 SYSTEMPATH/CodeIgniter.php(896): App\Controllers\Api->postbillpayment()
 4 SYSTEMPATH/CodeIgniter.php(466): CodeIgniter\CodeIgniter->runController()
 5 SYSTEMPATH/CodeIgniter.php(349): CodeIgniter\CodeIgniter->handleRequest()
 6 FCPATH/index.php(57): CodeIgniter\CodeIgniter->run()
CRITICAL - 2024-01-30 18:41:01 --> Undefined variable $payArray
in APPPATH/Models/Engine.php on line 2035.
 1 APPPATH/Models/Engine.php(2035): CodeIgniter\Debug\Exceptions->errorHandler()
 2 APPPATH/Controllers/Api.php(139): App\Models\Engine->getBillToSynch()
 3 SYSTEMPATH/CodeIgniter.php(896): App\Controllers\Api->postbillpayment()
 4 SYSTEMPATH/CodeIgniter.php(466): CodeIgniter\CodeIgniter->runController()
 5 SYSTEMPATH/CodeIgniter.php(349): CodeIgniter\CodeIgniter->handleRequest()
 6 FCPATH/index.php(57): CodeIgniter\CodeIgniter->run()
CRITICAL - 2024-01-30 18:42:01 --> Undefined variable $payArray
in APPPATH/Models/Engine.php on line 2035.
 1 APPPATH/Models/Engine.php(2035): CodeIgniter\Debug\Exceptions->errorHandler()
 2 APPPATH/Controllers/Api.php(139): App\Models\Engine->getBillToSynch()
 3 SYSTEMPATH/CodeIgniter.php(896): App\Controllers\Api->postbillpayment()
 4 SYSTEMPATH/CodeIgniter.php(466): CodeIgniter\CodeIgniter->runController()
 5 SYSTEMPATH/CodeIgniter.php(349): CodeIgniter\CodeIgniter->handleRequest()
 6 FCPATH/index.php(57): CodeIgniter\CodeIgniter->run()
CRITICAL - 2024-01-30 18:43:01 --> Undefined variable $payArray
in APPPATH/Models/Engine.php on line 2035.
 1 APPPATH/Models/Engine.php(2035): CodeIgniter\Debug\Exceptions->errorHandler()
 2 APPPATH/Controllers/Api.php(139): App\Models\Engine->getBillToSynch()
 3 SYSTEMPATH/CodeIgniter.php(896): App\Controllers\Api->postbillpayment()
 4 SYSTEMPATH/CodeIgniter.php(466): CodeIgniter\CodeIgniter->runController()
 5 SYSTEMPATH/CodeIgniter.php(349): CodeIgniter\CodeIgniter->handleRequest()
 6 FCPATH/index.php(57): CodeIgniter\CodeIgniter->run()
CRITICAL - 2024-01-30 18:44:01 --> Undefined variable $payArray
in APPPATH/Models/Engine.php on line 2035.
 1 APPPATH/Models/Engine.php(2035): CodeIgniter\Debug\Exceptions->errorHandler()
 2 APPPATH/Controllers/Api.php(139): App\Models\Engine->getBillToSynch()
 3 SYSTEMPATH/CodeIgniter.php(896): App\Controllers\Api->postbillpayment()
 4 SYSTEMPATH/CodeIgniter.php(466): CodeIgniter\CodeIgniter->runController()
 5 SYSTEMPATH/CodeIgniter.php(349): CodeIgniter\CodeIgniter->handleRequest()
 6 FCPATH/index.php(57): CodeIgniter\CodeIgniter->run()
CRITICAL - 2024-01-30 18:45:01 --> Undefined variable $payArray
in APPPATH/Models/Engine.php on line 2035.
 1 APPPATH/Models/Engine.php(2035): CodeIgniter\Debug\Exceptions->errorHandler()
 2 APPPATH/Controllers/Api.php(139): App\Models\Engine->getBillToSynch()
 3 SYSTEMPATH/CodeIgniter.php(896): App\Controllers\Api->postbillpayment()
 4 SYSTEMPATH/CodeIgniter.php(466): CodeIgniter\CodeIgniter->runController()
 5 SYSTEMPATH/CodeIgniter.php(349): CodeIgniter\CodeIgniter->handleRequest()
 6 FCPATH/index.php(57): CodeIgniter\CodeIgniter->run()
CRITICAL - 2024-01-30 18:46:01 --> Undefined variable $payArray
in APPPATH/Models/Engine.php on line 2035.
 1 APPPATH/Models/Engine.php(2035): CodeIgniter\Debug\Exceptions->errorHandler()
 2 APPPATH/Controllers/Api.php(139): App\Models\Engine->getBillToSynch()
 3 SYSTEMPATH/CodeIgniter.php(896): App\Controllers\Api->postbillpayment()
 4 SYSTEMPATH/CodeIgniter.php(466): CodeIgniter\CodeIgniter->runController()
 5 SYSTEMPATH/CodeIgniter.php(349): CodeIgniter\CodeIgniter->handleRequest()
 6 FCPATH/index.php(57): CodeIgniter\CodeIgniter->run()
CRITICAL - 2024-01-30 18:47:01 --> Undefined variable $payArray
in APPPATH/Models/Engine.php on line 2035.
 1 APPPATH/Models/Engine.php(2035): CodeIgniter\Debug\Exceptions->errorHandler()
 2 APPPATH/Controllers/Api.php(139): App\Models\Engine->getBillToSynch()
 3 SYSTEMPATH/CodeIgniter.php(896): App\Controllers\Api->postbillpayment()
 4 SYSTEMPATH/CodeIgniter.php(466): CodeIgniter\CodeIgniter->runController()
 5 SYSTEMPATH/CodeIgniter.php(349): CodeIgniter\CodeIgniter->handleRequest()
 6 FCPATH/index.php(57): CodeIgniter\CodeIgniter->run()
CRITICAL - 2024-01-30 18:48:01 --> Undefined variable $payArray
in APPPATH/Models/Engine.php on line 2035.
 1 APPPATH/Models/Engine.php(2035): CodeIgniter\Debug\Exceptions->errorHandler()
 2 APPPATH/Controllers/Api.php(139): App\Models\Engine->getBillToSynch()
 3 SYSTEMPATH/CodeIgniter.php(896): App\Controllers\Api->postbillpayment()
 4 SYSTEMPATH/CodeIgniter.php(466): CodeIgniter\CodeIgniter->runController()
 5 SYSTEMPATH/CodeIgniter.php(349): CodeIgniter\CodeIgniter->handleRequest()
 6 FCPATH/index.php(57): CodeIgniter\CodeIgniter->run()
CRITICAL - 2024-01-30 18:49:01 --> Undefined variable $payArray
in APPPATH/Models/Engine.php on line 2035.
 1 APPPATH/Models/Engine.php(2035): CodeIgniter\Debug\Exceptions->errorHandler()
 2 APPPATH/Controllers/Api.php(139): App\Models\Engine->getBillToSynch()
 3 SYSTEMPATH/CodeIgniter.php(896): App\Controllers\Api->postbillpayment()
 4 SYSTEMPATH/CodeIgniter.php(466): CodeIgniter\CodeIgniter->runController()
 5 SYSTEMPATH/CodeIgniter.php(349): CodeIgniter\CodeIgniter->handleRequest()
 6 FCPATH/index.php(57): CodeIgniter\CodeIgniter->run()
CRITICAL - 2024-01-30 18:50:01 --> Undefined variable $payArray
in APPPATH/Models/Engine.php on line 2035.
 1 APPPATH/Models/Engine.php(2035): CodeIgniter\Debug\Exceptions->errorHandler()
 2 APPPATH/Controllers/Api.php(139): App\Models\Engine->getBillToSynch()
 3 SYSTEMPATH/CodeIgniter.php(896): App\Controllers\Api->postbillpayment()
 4 SYSTEMPATH/CodeIgniter.php(466): CodeIgniter\CodeIgniter->runController()
 5 SYSTEMPATH/CodeIgniter.php(349): CodeIgniter\CodeIgniter->handleRequest()
 6 FCPATH/index.php(57): CodeIgniter\CodeIgniter->run()
CRITICAL - 2024-01-30 18:51:01 --> Undefined variable $payArray
in APPPATH/Models/Engine.php on line 2035.
 1 APPPATH/Models/Engine.php(2035): CodeIgniter\Debug\Exceptions->errorHandler()
 2 APPPATH/Controllers/Api.php(139): App\Models\Engine->getBillToSynch()
 3 SYSTEMPATH/CodeIgniter.php(896): App\Controllers\Api->postbillpayment()
 4 SYSTEMPATH/CodeIgniter.php(466): CodeIgniter\CodeIgniter->runController()
 5 SYSTEMPATH/CodeIgniter.php(349): CodeIgniter\CodeIgniter->handleRequest()
 6 FCPATH/index.php(57): CodeIgniter\CodeIgniter->run()
CRITICAL - 2024-01-30 18:52:01 --> Undefined variable $payArray
in APPPATH/Models/Engine.php on line 2035.
 1 APPPATH/Models/Engine.php(2035): CodeIgniter\Debug\Exceptions->errorHandler()
 2 APPPATH/Controllers/Api.php(139): App\Models\Engine->getBillToSynch()
 3 SYSTEMPATH/CodeIgniter.php(896): App\Controllers\Api->postbillpayment()
 4 SYSTEMPATH/CodeIgniter.php(466): CodeIgniter\CodeIgniter->runController()
 5 SYSTEMPATH/CodeIgniter.php(349): CodeIgniter\CodeIgniter->handleRequest()
 6 FCPATH/index.php(57): CodeIgniter\CodeIgniter->run()
CRITICAL - 2024-01-30 18:53:01 --> Undefined variable $payArray
in APPPATH/Models/Engine.php on line 2035.
 1 APPPATH/Models/Engine.php(2035): CodeIgniter\Debug\Exceptions->errorHandler()
 2 APPPATH/Controllers/Api.php(139): App\Models\Engine->getBillToSynch()
 3 SYSTEMPATH/CodeIgniter.php(896): App\Controllers\Api->postbillpayment()
 4 SYSTEMPATH/CodeIgniter.php(466): CodeIgniter\CodeIgniter->runController()
 5 SYSTEMPATH/CodeIgniter.php(349): CodeIgniter\CodeIgniter->handleRequest()
 6 FCPATH/index.php(57): CodeIgniter\CodeIgniter->run()
CRITICAL - 2024-01-30 18:54:01 --> Undefined variable $payArray
in APPPATH/Models/Engine.php on line 2035.
 1 APPPATH/Models/Engine.php(2035): CodeIgniter\Debug\Exceptions->errorHandler()
 2 APPPATH/Controllers/Api.php(139): App\Models\Engine->getBillToSynch()
 3 SYSTEMPATH/CodeIgniter.php(896): App\Controllers\Api->postbillpayment()
 4 SYSTEMPATH/CodeIgniter.php(466): CodeIgniter\CodeIgniter->runController()
 5 SYSTEMPATH/CodeIgniter.php(349): CodeIgniter\CodeIgniter->handleRequest()
 6 FCPATH/index.php(57): CodeIgniter\CodeIgniter->run()
CRITICAL - 2024-01-30 18:55:02 --> Undefined variable $payArray
in APPPATH/Models/Engine.php on line 2035.
 1 APPPATH/Models/Engine.php(2035): CodeIgniter\Debug\Exceptions->errorHandler()
 2 APPPATH/Controllers/Api.php(139): App\Models\Engine->getBillToSynch()
 3 SYSTEMPATH/CodeIgniter.php(896): App\Controllers\Api->postbillpayment()
 4 SYSTEMPATH/CodeIgniter.php(466): CodeIgniter\CodeIgniter->runController()
 5 SYSTEMPATH/CodeIgniter.php(349): CodeIgniter\CodeIgniter->handleRequest()
 6 FCPATH/index.php(57): CodeIgniter\CodeIgniter->run()
CRITICAL - 2024-01-30 18:56:01 --> Undefined variable $payArray
in APPPATH/Models/Engine.php on line 2035.
 1 APPPATH/Models/Engine.php(2035): CodeIgniter\Debug\Exceptions->errorHandler()
 2 APPPATH/Controllers/Api.php(139): App\Models\Engine->getBillToSynch()
 3 SYSTEMPATH/CodeIgniter.php(896): App\Controllers\Api->postbillpayment()
 4 SYSTEMPATH/CodeIgniter.php(466): CodeIgniter\CodeIgniter->runController()
 5 SYSTEMPATH/CodeIgniter.php(349): CodeIgniter\CodeIgniter->handleRequest()
 6 FCPATH/index.php(57): CodeIgniter\CodeIgniter->run()
CRITICAL - 2024-01-30 18:57:01 --> Undefined variable $payArray
in APPPATH/Models/Engine.php on line 2035.
 1 APPPATH/Models/Engine.php(2035): CodeIgniter\Debug\Exceptions->errorHandler()
 2 APPPATH/Controllers/Api.php(139): App\Models\Engine->getBillToSynch()
 3 SYSTEMPATH/CodeIgniter.php(896): App\Controllers\Api->postbillpayment()
 4 SYSTEMPATH/CodeIgniter.php(466): CodeIgniter\CodeIgniter->runController()
 5 SYSTEMPATH/CodeIgniter.php(349): CodeIgniter\CodeIgniter->handleRequest()
 6 FCPATH/index.php(57): CodeIgniter\CodeIgniter->run()
CRITICAL - 2024-01-30 18:58:01 --> Undefined variable $payArray
in APPPATH/Models/Engine.php on line 2035.
 1 APPPATH/Models/Engine.php(2035): CodeIgniter\Debug\Exceptions->errorHandler()
 2 APPPATH/Controllers/Api.php(139): App\Models\Engine->getBillToSynch()
 3 SYSTEMPATH/CodeIgniter.php(896): App\Controllers\Api->postbillpayment()
 4 SYSTEMPATH/CodeIgniter.php(466): CodeIgniter\CodeIgniter->runController()
 5 SYSTEMPATH/CodeIgniter.php(349): CodeIgniter\CodeIgniter->handleRequest()
 6 FCPATH/index.php(57): CodeIgniter\CodeIgniter->run()
CRITICAL - 2024-01-30 18:59:01 --> Undefined variable $payArray
in APPPATH/Models/Engine.php on line 2035.
 1 APPPATH/Models/Engine.php(2035): CodeIgniter\Debug\Exceptions->errorHandler()
 2 APPPATH/Controllers/Api.php(139): App\Models\Engine->getBillToSynch()
 3 SYSTEMPATH/CodeIgniter.php(896): App\Controllers\Api->postbillpayment()
 4 SYSTEMPATH/CodeIgniter.php(466): CodeIgniter\CodeIgniter->runController()
 5 SYSTEMPATH/CodeIgniter.php(349): CodeIgniter\CodeIgniter->handleRequest()
 6 FCPATH/index.php(57): CodeIgniter\CodeIgniter->run()
CRITICAL - 2024-01-30 19:00:01 --> Undefined variable $payArray
in APPPATH/Models/Engine.php on line 2035.
 1 APPPATH/Models/Engine.php(2035): CodeIgniter\Debug\Exceptions->errorHandler()
 2 APPPATH/Controllers/Api.php(139): App\Models\Engine->getBillToSynch()
 3 SYSTEMPATH/CodeIgniter.php(896): App\Controllers\Api->postbillpayment()
 4 SYSTEMPATH/CodeIgniter.php(466): CodeIgniter\CodeIgniter->runController()
 5 SYSTEMPATH/CodeIgniter.php(349): CodeIgniter\CodeIgniter->handleRequest()
 6 FCPATH/index.php(57): CodeIgniter\CodeIgniter->run()
CRITICAL - 2024-01-30 19:01:01 --> Undefined variable $payArray
in APPPATH/Models/Engine.php on line 2035.
 1 APPPATH/Models/Engine.php(2035): CodeIgniter\Debug\Exceptions->errorHandler()
 2 APPPATH/Controllers/Api.php(139): App\Models\Engine->getBillToSynch()
 3 SYSTEMPATH/CodeIgniter.php(896): App\Controllers\Api->postbillpayment()
 4 SYSTEMPATH/CodeIgniter.php(466): CodeIgniter\CodeIgniter->runController()
 5 SYSTEMPATH/CodeIgniter.php(349): CodeIgniter\CodeIgniter->handleRequest()
 6 FCPATH/index.php(57): CodeIgniter\CodeIgniter->run()
CRITICAL - 2024-01-30 19:02:01 --> Undefined variable $payArray
in APPPATH/Models/Engine.php on line 2035.
 1 APPPATH/Models/Engine.php(2035): CodeIgniter\Debug\Exceptions->errorHandler()
 2 APPPATH/Controllers/Api.php(139): App\Models\Engine->getBillToSynch()
 3 SYSTEMPATH/CodeIgniter.php(896): App\Controllers\Api->postbillpayment()
 4 SYSTEMPATH/CodeIgniter.php(466): CodeIgniter\CodeIgniter->runController()
 5 SYSTEMPATH/CodeIgniter.php(349): CodeIgniter\CodeIgniter->handleRequest()
 6 FCPATH/index.php(57): CodeIgniter\CodeIgniter->run()
CRITICAL - 2024-01-30 19:03:01 --> Undefined variable $payArray
in APPPATH/Models/Engine.php on line 2035.
 1 APPPATH/Models/Engine.php(2035): CodeIgniter\Debug\Exceptions->errorHandler()
 2 APPPATH/Controllers/Api.php(139): App\Models\Engine->getBillToSynch()
 3 SYSTEMPATH/CodeIgniter.php(896): App\Controllers\Api->postbillpayment()
 4 SYSTEMPATH/CodeIgniter.php(466): CodeIgniter\CodeIgniter->runController()
 5 SYSTEMPATH/CodeIgniter.php(349): CodeIgniter\CodeIgniter->handleRequest()
 6 FCPATH/index.php(57): CodeIgniter\CodeIgniter->run()
CRITICAL - 2024-01-30 19:04:01 --> Undefined variable $payArray
in APPPATH/Models/Engine.php on line 2035.
 1 APPPATH/Models/Engine.php(2035): CodeIgniter\Debug\Exceptions->errorHandler()
 2 APPPATH/Controllers/Api.php(139): App\Models\Engine->getBillToSynch()
 3 SYSTEMPATH/CodeIgniter.php(896): App\Controllers\Api->postbillpayment()
 4 SYSTEMPATH/CodeIgniter.php(466): CodeIgniter\CodeIgniter->runController()
 5 SYSTEMPATH/CodeIgniter.php(349): CodeIgniter\CodeIgniter->handleRequest()
 6 FCPATH/index.php(57): CodeIgniter\CodeIgniter->run()
CRITICAL - 2024-01-30 19:05:01 --> Undefined variable $payArray
in APPPATH/Models/Engine.php on line 2035.
 1 APPPATH/Models/Engine.php(2035): CodeIgniter\Debug\Exceptions->errorHandler()
 2 APPPATH/Controllers/Api.php(139): App\Models\Engine->getBillToSynch()
 3 SYSTEMPATH/CodeIgniter.php(896): App\Controllers\Api->postbillpayment()
 4 SYSTEMPATH/CodeIgniter.php(466): CodeIgniter\CodeIgniter->runController()
 5 SYSTEMPATH/CodeIgniter.php(349): CodeIgniter\CodeIgniter->handleRequest()
 6 FCPATH/index.php(57): CodeIgniter\CodeIgniter->run()
CRITICAL - 2024-01-30 19:06:01 --> Undefined variable $payArray
in APPPATH/Models/Engine.php on line 2035.
 1 APPPATH/Models/Engine.php(2035): CodeIgniter\Debug\Exceptions->errorHandler()
 2 APPPATH/Controllers/Api.php(139): App\Models\Engine->getBillToSynch()
 3 SYSTEMPATH/CodeIgniter.php(896): App\Controllers\Api->postbillpayment()
 4 SYSTEMPATH/CodeIgniter.php(466): CodeIgniter\CodeIgniter->runController()
 5 SYSTEMPATH/CodeIgniter.php(349): CodeIgniter\CodeIgniter->handleRequest()
 6 FCPATH/index.php(57): CodeIgniter\CodeIgniter->run()
CRITICAL - 2024-01-30 19:07:01 --> Undefined variable $payArray
in APPPATH/Models/Engine.php on line 2035.
 1 APPPATH/Models/Engine.php(2035): CodeIgniter\Debug\Exceptions->errorHandler()
 2 APPPATH/Controllers/Api.php(139): App\Models\Engine->getBillToSynch()
 3 SYSTEMPATH/CodeIgniter.php(896): App\Controllers\Api->postbillpayment()
 4 SYSTEMPATH/CodeIgniter.php(466): CodeIgniter\CodeIgniter->runController()
 5 SYSTEMPATH/CodeIgniter.php(349): CodeIgniter\CodeIgniter->handleRequest()
 6 FCPATH/index.php(57): CodeIgniter\CodeIgniter->run()
CRITICAL - 2024-01-30 19:08:01 --> Undefined variable $payArray
in APPPATH/Models/Engine.php on line 2035.
 1 APPPATH/Models/Engine.php(2035): CodeIgniter\Debug\Exceptions->errorHandler()
 2 APPPATH/Controllers/Api.php(139): App\Models\Engine->getBillToSynch()
 3 SYSTEMPATH/CodeIgniter.php(896): App\Controllers\Api->postbillpayment()
 4 SYSTEMPATH/CodeIgniter.php(466): CodeIgniter\CodeIgniter->runController()
 5 SYSTEMPATH/CodeIgniter.php(349): CodeIgniter\CodeIgniter->handleRequest()
 6 FCPATH/index.php(57): CodeIgniter\CodeIgniter->run()
CRITICAL - 2024-01-30 19:09:01 --> Undefined variable $payArray
in APPPATH/Models/Engine.php on line 2035.
 1 APPPATH/Models/Engine.php(2035): CodeIgniter\Debug\Exceptions->errorHandler()
 2 APPPATH/Controllers/Api.php(139): App\Models\Engine->getBillToSynch()
 3 SYSTEMPATH/CodeIgniter.php(896): App\Controllers\Api->postbillpayment()
 4 SYSTEMPATH/CodeIgniter.php(466): CodeIgniter\CodeIgniter->runController()
 5 SYSTEMPATH/CodeIgniter.php(349): CodeIgniter\CodeIgniter->handleRequest()
 6 FCPATH/index.php(57): CodeIgniter\CodeIgniter->run()
CRITICAL - 2024-01-30 19:10:01 --> Undefined variable $payArray
in APPPATH/Models/Engine.php on line 2035.
 1 APPPATH/Models/Engine.php(2035): CodeIgniter\Debug\Exceptions->errorHandler()
 2 APPPATH/Controllers/Api.php(139): App\Models\Engine->getBillToSynch()
 3 SYSTEMPATH/CodeIgniter.php(896): App\Controllers\Api->postbillpayment()
 4 SYSTEMPATH/CodeIgniter.php(466): CodeIgniter\CodeIgniter->runController()
 5 SYSTEMPATH/CodeIgniter.php(349): CodeIgniter\CodeIgniter->handleRequest()
 6 FCPATH/index.php(57): CodeIgniter\CodeIgniter->run()
CRITICAL - 2024-01-30 19:11:01 --> Undefined variable $payArray
in APPPATH/Models/Engine.php on line 2035.
 1 APPPATH/Models/Engine.php(2035): CodeIgniter\Debug\Exceptions->errorHandler()
 2 APPPATH/Controllers/Api.php(139): App\Models\Engine->getBillToSynch()
 3 SYSTEMPATH/CodeIgniter.php(896): App\Controllers\Api->postbillpayment()
 4 SYSTEMPATH/CodeIgniter.php(466): CodeIgniter\CodeIgniter->runController()
 5 SYSTEMPATH/CodeIgniter.php(349): CodeIgniter\CodeIgniter->handleRequest()
 6 FCPATH/index.php(57): CodeIgniter\CodeIgniter->run()
CRITICAL - 2024-01-30 19:12:01 --> Undefined variable $payArray
in APPPATH/Models/Engine.php on line 2035.
 1 APPPATH/Models/Engine.php(2035): CodeIgniter\Debug\Exceptions->errorHandler()
 2 APPPATH/Controllers/Api.php(139): App\Models\Engine->getBillToSynch()
 3 SYSTEMPATH/CodeIgniter.php(896): App\Controllers\Api->postbillpayment()
 4 SYSTEMPATH/CodeIgniter.php(466): CodeIgniter\CodeIgniter->runController()
 5 SYSTEMPATH/CodeIgniter.php(349): CodeIgniter\CodeIgniter->handleRequest()
 6 FCPATH/index.php(57): CodeIgniter\CodeIgniter->run()
CRITICAL - 2024-01-30 19:13:01 --> Undefined variable $payArray
in APPPATH/Models/Engine.php on line 2035.
 1 APPPATH/Models/Engine.php(2035): CodeIgniter\Debug\Exceptions->errorHandler()
 2 APPPATH/Controllers/Api.php(139): App\Models\Engine->getBillToSynch()
 3 SYSTEMPATH/CodeIgniter.php(896): App\Controllers\Api->postbillpayment()
 4 SYSTEMPATH/CodeIgniter.php(466): CodeIgniter\CodeIgniter->runController()
 5 SYSTEMPATH/CodeIgniter.php(349): CodeIgniter\CodeIgniter->handleRequest()
 6 FCPATH/index.php(57): CodeIgniter\CodeIgniter->run()
CRITICAL - 2024-01-30 19:14:01 --> Undefined variable $payArray
in APPPATH/Models/Engine.php on line 2035.
 1 APPPATH/Models/Engine.php(2035): CodeIgniter\Debug\Exceptions->errorHandler()
 2 APPPATH/Controllers/Api.php(139): App\Models\Engine->getBillToSynch()
 3 SYSTEMPATH/CodeIgniter.php(896): App\Controllers\Api->postbillpayment()
 4 SYSTEMPATH/CodeIgniter.php(466): CodeIgniter\CodeIgniter->runController()
 5 SYSTEMPATH/CodeIgniter.php(349): CodeIgniter\CodeIgniter->handleRequest()
 6 FCPATH/index.php(57): CodeIgniter\CodeIgniter->run()
CRITICAL - 2024-01-30 19:15:01 --> Undefined variable $payArray
in APPPATH/Models/Engine.php on line 2035.
 1 APPPATH/Models/Engine.php(2035): CodeIgniter\Debug\Exceptions->errorHandler()
 2 APPPATH/Controllers/Api.php(139): App\Models\Engine->getBillToSynch()
 3 SYSTEMPATH/CodeIgniter.php(896): App\Controllers\Api->postbillpayment()
 4 SYSTEMPATH/CodeIgniter.php(466): CodeIgniter\CodeIgniter->runController()
 5 SYSTEMPATH/CodeIgniter.php(349): CodeIgniter\CodeIgniter->handleRequest()
 6 FCPATH/index.php(57): CodeIgniter\CodeIgniter->run()
CRITICAL - 2024-01-30 19:16:01 --> Undefined variable $payArray
in APPPATH/Models/Engine.php on line 2035.
 1 APPPATH/Models/Engine.php(2035): CodeIgniter\Debug\Exceptions->errorHandler()
 2 APPPATH/Controllers/Api.php(139): App\Models\Engine->getBillToSynch()
 3 SYSTEMPATH/CodeIgniter.php(896): App\Controllers\Api->postbillpayment()
 4 SYSTEMPATH/CodeIgniter.php(466): CodeIgniter\CodeIgniter->runController()
 5 SYSTEMPATH/CodeIgniter.php(349): CodeIgniter\CodeIgniter->handleRequest()
 6 FCPATH/index.php(57): CodeIgniter\CodeIgniter->run()
CRITICAL - 2024-01-30 19:17:01 --> Undefined variable $payArray
in APPPATH/Models/Engine.php on line 2035.
 1 APPPATH/Models/Engine.php(2035): CodeIgniter\Debug\Exceptions->errorHandler()
 2 APPPATH/Controllers/Api.php(139): App\Models\Engine->getBillToSynch()
 3 SYSTEMPATH/CodeIgniter.php(896): App\Controllers\Api->postbillpayment()
 4 SYSTEMPATH/CodeIgniter.php(466): CodeIgniter\CodeIgniter->runController()
 5 SYSTEMPATH/CodeIgniter.php(349): CodeIgniter\CodeIgniter->handleRequest()
 6 FCPATH/index.php(57): CodeIgniter\CodeIgniter->run()
CRITICAL - 2024-01-30 19:18:01 --> Undefined variable $payArray
in APPPATH/Models/Engine.php on line 2035.
 1 APPPATH/Models/Engine.php(2035): CodeIgniter\Debug\Exceptions->errorHandler()
 2 APPPATH/Controllers/Api.php(139): App\Models\Engine->getBillToSynch()
 3 SYSTEMPATH/CodeIgniter.php(896): App\Controllers\Api->postbillpayment()
 4 SYSTEMPATH/CodeIgniter.php(466): CodeIgniter\CodeIgniter->runController()
 5 SYSTEMPATH/CodeIgniter.php(349): CodeIgniter\CodeIgniter->handleRequest()
 6 FCPATH/index.php(57): CodeIgniter\CodeIgniter->run()
CRITICAL - 2024-01-30 19:19:01 --> Undefined variable $payArray
in APPPATH/Models/Engine.php on line 2035.
 1 APPPATH/Models/Engine.php(2035): CodeIgniter\Debug\Exceptions->errorHandler()
 2 APPPATH/Controllers/Api.php(139): App\Models\Engine->getBillToSynch()
 3 SYSTEMPATH/CodeIgniter.php(896): App\Controllers\Api->postbillpayment()
 4 SYSTEMPATH/CodeIgniter.php(466): CodeIgniter\CodeIgniter->runController()
 5 SYSTEMPATH/CodeIgniter.php(349): CodeIgniter\CodeIgniter->handleRequest()
 6 FCPATH/index.php(57): CodeIgniter\CodeIgniter->run()
CRITICAL - 2024-01-30 19:20:02 --> Undefined variable $payArray
in APPPATH/Models/Engine.php on line 2035.
 1 APPPATH/Models/Engine.php(2035): CodeIgniter\Debug\Exceptions->errorHandler()
 2 APPPATH/Controllers/Api.php(139): App\Models\Engine->getBillToSynch()
 3 SYSTEMPATH/CodeIgniter.php(896): App\Controllers\Api->postbillpayment()
 4 SYSTEMPATH/CodeIgniter.php(466): CodeIgniter\CodeIgniter->runController()
 5 SYSTEMPATH/CodeIgniter.php(349): CodeIgniter\CodeIgniter->handleRequest()
 6 FCPATH/index.php(57): CodeIgniter\CodeIgniter->run()
CRITICAL - 2024-01-30 19:21:01 --> Undefined variable $payArray
in APPPATH/Models/Engine.php on line 2035.
 1 APPPATH/Models/Engine.php(2035): CodeIgniter\Debug\Exceptions->errorHandler()
 2 APPPATH/Controllers/Api.php(139): App\Models\Engine->getBillToSynch()
 3 SYSTEMPATH/CodeIgniter.php(896): App\Controllers\Api->postbillpayment()
 4 SYSTEMPATH/CodeIgniter.php(466): CodeIgniter\CodeIgniter->runController()
 5 SYSTEMPATH/CodeIgniter.php(349): CodeIgniter\CodeIgniter->handleRequest()
 6 FCPATH/index.php(57): CodeIgniter\CodeIgniter->run()
CRITICAL - 2024-01-30 19:22:01 --> Undefined variable $payArray
in APPPATH/Models/Engine.php on line 2035.
 1 APPPATH/Models/Engine.php(2035): CodeIgniter\Debug\Exceptions->errorHandler()
 2 APPPATH/Controllers/Api.php(139): App\Models\Engine->getBillToSynch()
 3 SYSTEMPATH/CodeIgniter.php(896): App\Controllers\Api->postbillpayment()
 4 SYSTEMPATH/CodeIgniter.php(466): CodeIgniter\CodeIgniter->runController()
 5 SYSTEMPATH/CodeIgniter.php(349): CodeIgniter\CodeIgniter->handleRequest()
 6 FCPATH/index.php(57): CodeIgniter\CodeIgniter->run()
CRITICAL - 2024-01-30 19:23:01 --> Undefined variable $payArray
in APPPATH/Models/Engine.php on line 2035.
 1 APPPATH/Models/Engine.php(2035): CodeIgniter\Debug\Exceptions->errorHandler()
 2 APPPATH/Controllers/Api.php(139): App\Models\Engine->getBillToSynch()
 3 SYSTEMPATH/CodeIgniter.php(896): App\Controllers\Api->postbillpayment()
 4 SYSTEMPATH/CodeIgniter.php(466): CodeIgniter\CodeIgniter->runController()
 5 SYSTEMPATH/CodeIgniter.php(349): CodeIgniter\CodeIgniter->handleRequest()
 6 FCPATH/index.php(57): CodeIgniter\CodeIgniter->run()
CRITICAL - 2024-01-30 19:24:01 --> Undefined variable $payArray
in APPPATH/Models/Engine.php on line 2035.
 1 APPPATH/Models/Engine.php(2035): CodeIgniter\Debug\Exceptions->errorHandler()
 2 APPPATH/Controllers/Api.php(139): App\Models\Engine->getBillToSynch()
 3 SYSTEMPATH/CodeIgniter.php(896): App\Controllers\Api->postbillpayment()
 4 SYSTEMPATH/CodeIgniter.php(466): CodeIgniter\CodeIgniter->runController()
 5 SYSTEMPATH/CodeIgniter.php(349): CodeIgniter\CodeIgniter->handleRequest()
 6 FCPATH/index.php(57): CodeIgniter\CodeIgniter->run()
CRITICAL - 2024-01-30 19:25:01 --> Undefined variable $payArray
in APPPATH/Models/Engine.php on line 2035.
 1 APPPATH/Models/Engine.php(2035): CodeIgniter\Debug\Exceptions->errorHandler()
 2 APPPATH/Controllers/Api.php(139): App\Models\Engine->getBillToSynch()
 3 SYSTEMPATH/CodeIgniter.php(896): App\Controllers\Api->postbillpayment()
 4 SYSTEMPATH/CodeIgniter.php(466): CodeIgniter\CodeIgniter->runController()
 5 SYSTEMPATH/CodeIgniter.php(349): CodeIgniter\CodeIgniter->handleRequest()
 6 FCPATH/index.php(57): CodeIgniter\CodeIgniter->run()
CRITICAL - 2024-01-30 19:26:01 --> Undefined variable $payArray
in APPPATH/Models/Engine.php on line 2035.
 1 APPPATH/Models/Engine.php(2035): CodeIgniter\Debug\Exceptions->errorHandler()
 2 APPPATH/Controllers/Api.php(139): App\Models\Engine->getBillToSynch()
 3 SYSTEMPATH/CodeIgniter.php(896): App\Controllers\Api->postbillpayment()
 4 SYSTEMPATH/CodeIgniter.php(466): CodeIgniter\CodeIgniter->runController()
 5 SYSTEMPATH/CodeIgniter.php(349): CodeIgniter\CodeIgniter->handleRequest()
 6 FCPATH/index.php(57): CodeIgniter\CodeIgniter->run()
CRITICAL - 2024-01-30 19:27:01 --> Undefined variable $payArray
in APPPATH/Models/Engine.php on line 2035.
 1 APPPATH/Models/Engine.php(2035): CodeIgniter\Debug\Exceptions->errorHandler()
 2 APPPATH/Controllers/Api.php(139): App\Models\Engine->getBillToSynch()
 3 SYSTEMPATH/CodeIgniter.php(896): App\Controllers\Api->postbillpayment()
 4 SYSTEMPATH/CodeIgniter.php(466): CodeIgniter\CodeIgniter->runController()
 5 SYSTEMPATH/CodeIgniter.php(349): CodeIgniter\CodeIgniter->handleRequest()
 6 FCPATH/index.php(57): CodeIgniter\CodeIgniter->run()
CRITICAL - 2024-01-30 19:28:01 --> Undefined variable $payArray
in APPPATH/Models/Engine.php on line 2035.
 1 APPPATH/Models/Engine.php(2035): CodeIgniter\Debug\Exceptions->errorHandler()
 2 APPPATH/Controllers/Api.php(139): App\Models\Engine->getBillToSynch()
 3 SYSTEMPATH/CodeIgniter.php(896): App\Controllers\Api->postbillpayment()
 4 SYSTEMPATH/CodeIgniter.php(466): CodeIgniter\CodeIgniter->runController()
 5 SYSTEMPATH/CodeIgniter.php(349): CodeIgniter\CodeIgniter->handleRequest()
 6 FCPATH/index.php(57): CodeIgniter\CodeIgniter->run()
CRITICAL - 2024-01-30 19:29:01 --> Undefined variable $payArray
in APPPATH/Models/Engine.php on line 2035.
 1 APPPATH/Models/Engine.php(2035): CodeIgniter\Debug\Exceptions->errorHandler()
 2 APPPATH/Controllers/Api.php(139): App\Models\Engine->getBillToSynch()
 3 SYSTEMPATH/CodeIgniter.php(896): App\Controllers\Api->postbillpayment()
 4 SYSTEMPATH/CodeIgniter.php(466): CodeIgniter\CodeIgniter->runController()
 5 SYSTEMPATH/CodeIgniter.php(349): CodeIgniter\CodeIgniter->handleRequest()
 6 FCPATH/index.php(57): CodeIgniter\CodeIgniter->run()
CRITICAL - 2024-01-30 19:30:01 --> Undefined variable $payArray
in APPPATH/Models/Engine.php on line 2035.
 1 APPPATH/Models/Engine.php(2035): CodeIgniter\Debug\Exceptions->errorHandler()
 2 APPPATH/Controllers/Api.php(139): App\Models\Engine->getBillToSynch()
 3 SYSTEMPATH/CodeIgniter.php(896): App\Controllers\Api->postbillpayment()
 4 SYSTEMPATH/CodeIgniter.php(466): CodeIgniter\CodeIgniter->runController()
 5 SYSTEMPATH/CodeIgniter.php(349): CodeIgniter\CodeIgniter->handleRequest()
 6 FCPATH/index.php(57): CodeIgniter\CodeIgniter->run()
CRITICAL - 2024-01-30 19:31:01 --> Undefined variable $payArray
in APPPATH/Models/Engine.php on line 2035.
 1 APPPATH/Models/Engine.php(2035): CodeIgniter\Debug\Exceptions->errorHandler()
 2 APPPATH/Controllers/Api.php(139): App\Models\Engine->getBillToSynch()
 3 SYSTEMPATH/CodeIgniter.php(896): App\Controllers\Api->postbillpayment()
 4 SYSTEMPATH/CodeIgniter.php(466): CodeIgniter\CodeIgniter->runController()
 5 SYSTEMPATH/CodeIgniter.php(349): CodeIgniter\CodeIgniter->handleRequest()
 6 FCPATH/index.php(57): CodeIgniter\CodeIgniter->run()
CRITICAL - 2024-01-30 19:32:01 --> Undefined variable $payArray
in APPPATH/Models/Engine.php on line 2035.
 1 APPPATH/Models/Engine.php(2035): CodeIgniter\Debug\Exceptions->errorHandler()
 2 APPPATH/Controllers/Api.php(139): App\Models\Engine->getBillToSynch()
 3 SYSTEMPATH/CodeIgniter.php(896): App\Controllers\Api->postbillpayment()
 4 SYSTEMPATH/CodeIgniter.php(466): CodeIgniter\CodeIgniter->runController()
 5 SYSTEMPATH/CodeIgniter.php(349): CodeIgniter\CodeIgniter->handleRequest()
 6 FCPATH/index.php(57): CodeIgniter\CodeIgniter->run()
CRITICAL - 2024-01-30 19:33:01 --> Undefined variable $payArray
in APPPATH/Models/Engine.php on line 2035.
 1 APPPATH/Models/Engine.php(2035): CodeIgniter\Debug\Exceptions->errorHandler()
 2 APPPATH/Controllers/Api.php(139): App\Models\Engine->getBillToSynch()
 3 SYSTEMPATH/CodeIgniter.php(896): App\Controllers\Api->postbillpayment()
 4 SYSTEMPATH/CodeIgniter.php(466): CodeIgniter\CodeIgniter->runController()
 5 SYSTEMPATH/CodeIgniter.php(349): CodeIgniter\CodeIgniter->handleRequest()
 6 FCPATH/index.php(57): CodeIgniter\CodeIgniter->run()
CRITICAL - 2024-01-30 19:34:01 --> Undefined variable $payArray
in APPPATH/Models/Engine.php on line 2035.
 1 APPPATH/Models/Engine.php(2035): CodeIgniter\Debug\Exceptions->errorHandler()
 2 APPPATH/Controllers/Api.php(139): App\Models\Engine->getBillToSynch()
 3 SYSTEMPATH/CodeIgniter.php(896): App\Controllers\Api->postbillpayment()
 4 SYSTEMPATH/CodeIgniter.php(466): CodeIgniter\CodeIgniter->runController()
 5 SYSTEMPATH/CodeIgniter.php(349): CodeIgniter\CodeIgniter->handleRequest()
 6 FCPATH/index.php(57): CodeIgniter\CodeIgniter->run()
CRITICAL - 2024-01-30 19:35:01 --> Undefined variable $payArray
in APPPATH/Models/Engine.php on line 2035.
 1 APPPATH/Models/Engine.php(2035): CodeIgniter\Debug\Exceptions->errorHandler()
 2 APPPATH/Controllers/Api.php(139): App\Models\Engine->getBillToSynch()
 3 SYSTEMPATH/CodeIgniter.php(896): App\Controllers\Api->postbillpayment()
 4 SYSTEMPATH/CodeIgniter.php(466): CodeIgniter\CodeIgniter->runController()
 5 SYSTEMPATH/CodeIgniter.php(349): CodeIgniter\CodeIgniter->handleRequest()
 6 FCPATH/index.php(57): CodeIgniter\CodeIgniter->run()
CRITICAL - 2024-01-30 19:36:01 --> Undefined variable $payArray
in APPPATH/Models/Engine.php on line 2035.
 1 APPPATH/Models/Engine.php(2035): CodeIgniter\Debug\Exceptions->errorHandler()
 2 APPPATH/Controllers/Api.php(139): App\Models\Engine->getBillToSynch()
 3 SYSTEMPATH/CodeIgniter.php(896): App\Controllers\Api->postbillpayment()
 4 SYSTEMPATH/CodeIgniter.php(466): CodeIgniter\CodeIgniter->runController()
 5 SYSTEMPATH/CodeIgniter.php(349): CodeIgniter\CodeIgniter->handleRequest()
 6 FCPATH/index.php(57): CodeIgniter\CodeIgniter->run()
CRITICAL - 2024-01-30 19:37:01 --> Undefined variable $payArray
in APPPATH/Models/Engine.php on line 2035.
 1 APPPATH/Models/Engine.php(2035): CodeIgniter\Debug\Exceptions->errorHandler()
 2 APPPATH/Controllers/Api.php(139): App\Models\Engine->getBillToSynch()
 3 SYSTEMPATH/CodeIgniter.php(896): App\Controllers\Api->postbillpayment()
 4 SYSTEMPATH/CodeIgniter.php(466): CodeIgniter\CodeIgniter->runController()
 5 SYSTEMPATH/CodeIgniter.php(349): CodeIgniter\CodeIgniter->handleRequest()
 6 FCPATH/index.php(57): CodeIgniter\CodeIgniter->run()
CRITICAL - 2024-01-30 19:38:01 --> Undefined variable $payArray
in APPPATH/Models/Engine.php on line 2035.
 1 APPPATH/Models/Engine.php(2035): CodeIgniter\Debug\Exceptions->errorHandler()
 2 APPPATH/Controllers/Api.php(139): App\Models\Engine->getBillToSynch()
 3 SYSTEMPATH/CodeIgniter.php(896): App\Controllers\Api->postbillpayment()
 4 SYSTEMPATH/CodeIgniter.php(466): CodeIgniter\CodeIgniter->runController()
 5 SYSTEMPATH/CodeIgniter.php(349): CodeIgniter\CodeIgniter->handleRequest()
 6 FCPATH/index.php(57): CodeIgniter\CodeIgniter->run()
CRITICAL - 2024-01-30 19:39:01 --> Undefined variable $payArray
in APPPATH/Models/Engine.php on line 2035.
 1 APPPATH/Models/Engine.php(2035): CodeIgniter\Debug\Exceptions->errorHandler()
 2 APPPATH/Controllers/Api.php(139): App\Models\Engine->getBillToSynch()
 3 SYSTEMPATH/CodeIgniter.php(896): App\Controllers\Api->postbillpayment()
 4 SYSTEMPATH/CodeIgniter.php(466): CodeIgniter\CodeIgniter->runController()
 5 SYSTEMPATH/CodeIgniter.php(349): CodeIgniter\CodeIgniter->handleRequest()
 6 FCPATH/index.php(57): CodeIgniter\CodeIgniter->run()
CRITICAL - 2024-01-30 19:40:01 --> Undefined variable $payArray
in APPPATH/Models/Engine.php on line 2035.
 1 APPPATH/Models/Engine.php(2035): CodeIgniter\Debug\Exceptions->errorHandler()
 2 APPPATH/Controllers/Api.php(139): App\Models\Engine->getBillToSynch()
 3 SYSTEMPATH/CodeIgniter.php(896): App\Controllers\Api->postbillpayment()
 4 SYSTEMPATH/CodeIgniter.php(466): CodeIgniter\CodeIgniter->runController()
 5 SYSTEMPATH/CodeIgniter.php(349): CodeIgniter\CodeIgniter->handleRequest()
 6 FCPATH/index.php(57): CodeIgniter\CodeIgniter->run()
CRITICAL - 2024-01-30 19:41:01 --> Undefined variable $payArray
in APPPATH/Models/Engine.php on line 2035.
 1 APPPATH/Models/Engine.php(2035): CodeIgniter\Debug\Exceptions->errorHandler()
 2 APPPATH/Controllers/Api.php(139): App\Models\Engine->getBillToSynch()
 3 SYSTEMPATH/CodeIgniter.php(896): App\Controllers\Api->postbillpayment()
 4 SYSTEMPATH/CodeIgniter.php(466): CodeIgniter\CodeIgniter->runController()
 5 SYSTEMPATH/CodeIgniter.php(349): CodeIgniter\CodeIgniter->handleRequest()
 6 FCPATH/index.php(57): CodeIgniter\CodeIgniter->run()
CRITICAL - 2024-01-30 19:42:01 --> Undefined variable $payArray
in APPPATH/Models/Engine.php on line 2035.
 1 APPPATH/Models/Engine.php(2035): CodeIgniter\Debug\Exceptions->errorHandler()
 2 APPPATH/Controllers/Api.php(139): App\Models\Engine->getBillToSynch()
 3 SYSTEMPATH/CodeIgniter.php(896): App\Controllers\Api->postbillpayment()
 4 SYSTEMPATH/CodeIgniter.php(466): CodeIgniter\CodeIgniter->runController()
 5 SYSTEMPATH/CodeIgniter.php(349): CodeIgniter\CodeIgniter->handleRequest()
 6 FCPATH/index.php(57): CodeIgniter\CodeIgniter->run()
CRITICAL - 2024-01-30 19:43:01 --> Undefined variable $payArray
in APPPATH/Models/Engine.php on line 2035.
 1 APPPATH/Models/Engine.php(2035): CodeIgniter\Debug\Exceptions->errorHandler()
 2 APPPATH/Controllers/Api.php(139): App\Models\Engine->getBillToSynch()
 3 SYSTEMPATH/CodeIgniter.php(896): App\Controllers\Api->postbillpayment()
 4 SYSTEMPATH/CodeIgniter.php(466): CodeIgniter\CodeIgniter->runController()
 5 SYSTEMPATH/CodeIgniter.php(349): CodeIgniter\CodeIgniter->handleRequest()
 6 FCPATH/index.php(57): CodeIgniter\CodeIgniter->run()
CRITICAL - 2024-01-30 19:44:01 --> Undefined variable $payArray
in APPPATH/Models/Engine.php on line 2035.
 1 APPPATH/Models/Engine.php(2035): CodeIgniter\Debug\Exceptions->errorHandler()
 2 APPPATH/Controllers/Api.php(139): App\Models\Engine->getBillToSynch()
 3 SYSTEMPATH/CodeIgniter.php(896): App\Controllers\Api->postbillpayment()
 4 SYSTEMPATH/CodeIgniter.php(466): CodeIgniter\CodeIgniter->runController()
 5 SYSTEMPATH/CodeIgniter.php(349): CodeIgniter\CodeIgniter->handleRequest()
 6 FCPATH/index.php(57): CodeIgniter\CodeIgniter->run()
CRITICAL - 2024-01-30 19:45:02 --> Undefined variable $payArray
in APPPATH/Models/Engine.php on line 2035.
 1 APPPATH/Models/Engine.php(2035): CodeIgniter\Debug\Exceptions->errorHandler()
 2 APPPATH/Controllers/Api.php(139): App\Models\Engine->getBillToSynch()
 3 SYSTEMPATH/CodeIgniter.php(896): App\Controllers\Api->postbillpayment()
 4 SYSTEMPATH/CodeIgniter.php(466): CodeIgniter\CodeIgniter->runController()
 5 SYSTEMPATH/CodeIgniter.php(349): CodeIgniter\CodeIgniter->handleRequest()
 6 FCPATH/index.php(57): CodeIgniter\CodeIgniter->run()
CRITICAL - 2024-01-30 19:46:01 --> Undefined variable $payArray
in APPPATH/Models/Engine.php on line 2035.
 1 APPPATH/Models/Engine.php(2035): CodeIgniter\Debug\Exceptions->errorHandler()
 2 APPPATH/Controllers/Api.php(139): App\Models\Engine->getBillToSynch()
 3 SYSTEMPATH/CodeIgniter.php(896): App\Controllers\Api->postbillpayment()
 4 SYSTEMPATH/CodeIgniter.php(466): CodeIgniter\CodeIgniter->runController()
 5 SYSTEMPATH/CodeIgniter.php(349): CodeIgniter\CodeIgniter->handleRequest()
 6 FCPATH/index.php(57): CodeIgniter\CodeIgniter->run()
CRITICAL - 2024-01-30 19:47:01 --> Undefined variable $payArray
in APPPATH/Models/Engine.php on line 2035.
 1 APPPATH/Models/Engine.php(2035): CodeIgniter\Debug\Exceptions->errorHandler()
 2 APPPATH/Controllers/Api.php(139): App\Models\Engine->getBillToSynch()
 3 SYSTEMPATH/CodeIgniter.php(896): App\Controllers\Api->postbillpayment()
 4 SYSTEMPATH/CodeIgniter.php(466): CodeIgniter\CodeIgniter->runController()
 5 SYSTEMPATH/CodeIgniter.php(349): CodeIgniter\CodeIgniter->handleRequest()
 6 FCPATH/index.php(57): CodeIgniter\CodeIgniter->run()
CRITICAL - 2024-01-30 19:48:01 --> Undefined variable $payArray
in APPPATH/Models/Engine.php on line 2035.
 1 APPPATH/Models/Engine.php(2035): CodeIgniter\Debug\Exceptions->errorHandler()
 2 APPPATH/Controllers/Api.php(139): App\Models\Engine->getBillToSynch()
 3 SYSTEMPATH/CodeIgniter.php(896): App\Controllers\Api->postbillpayment()
 4 SYSTEMPATH/CodeIgniter.php(466): CodeIgniter\CodeIgniter->runController()
 5 SYSTEMPATH/CodeIgniter.php(349): CodeIgniter\CodeIgniter->handleRequest()
 6 FCPATH/index.php(57): CodeIgniter\CodeIgniter->run()
CRITICAL - 2024-01-30 19:49:01 --> Undefined variable $payArray
in APPPATH/Models/Engine.php on line 2035.
 1 APPPATH/Models/Engine.php(2035): CodeIgniter\Debug\Exceptions->errorHandler()
 2 APPPATH/Controllers/Api.php(139): App\Models\Engine->getBillToSynch()
 3 SYSTEMPATH/CodeIgniter.php(896): App\Controllers\Api->postbillpayment()
 4 SYSTEMPATH/CodeIgniter.php(466): CodeIgniter\CodeIgniter->runController()
 5 SYSTEMPATH/CodeIgniter.php(349): CodeIgniter\CodeIgniter->handleRequest()
 6 FCPATH/index.php(57): CodeIgniter\CodeIgniter->run()
CRITICAL - 2024-01-30 19:50:01 --> Undefined variable $payArray
in APPPATH/Models/Engine.php on line 2035.
 1 APPPATH/Models/Engine.php(2035): CodeIgniter\Debug\Exceptions->errorHandler()
 2 APPPATH/Controllers/Api.php(139): App\Models\Engine->getBillToSynch()
 3 SYSTEMPATH/CodeIgniter.php(896): App\Controllers\Api->postbillpayment()
 4 SYSTEMPATH/CodeIgniter.php(466): CodeIgniter\CodeIgniter->runController()
 5 SYSTEMPATH/CodeIgniter.php(349): CodeIgniter\CodeIgniter->handleRequest()
 6 FCPATH/index.php(57): CodeIgniter\CodeIgniter->run()
CRITICAL - 2024-01-30 19:51:01 --> Undefined variable $payArray
in APPPATH/Models/Engine.php on line 2035.
 1 APPPATH/Models/Engine.php(2035): CodeIgniter\Debug\Exceptions->errorHandler()
 2 APPPATH/Controllers/Api.php(139): App\Models\Engine->getBillToSynch()
 3 SYSTEMPATH/CodeIgniter.php(896): App\Controllers\Api->postbillpayment()
 4 SYSTEMPATH/CodeIgniter.php(466): CodeIgniter\CodeIgniter->runController()
 5 SYSTEMPATH/CodeIgniter.php(349): CodeIgniter\CodeIgniter->handleRequest()
 6 FCPATH/index.php(57): CodeIgniter\CodeIgniter->run()
CRITICAL - 2024-01-30 19:52:01 --> Undefined variable $payArray
in APPPATH/Models/Engine.php on line 2035.
 1 APPPATH/Models/Engine.php(2035): CodeIgniter\Debug\Exceptions->errorHandler()
 2 APPPATH/Controllers/Api.php(139): App\Models\Engine->getBillToSynch()
 3 SYSTEMPATH/CodeIgniter.php(896): App\Controllers\Api->postbillpayment()
 4 SYSTEMPATH/CodeIgniter.php(466): CodeIgniter\CodeIgniter->runController()
 5 SYSTEMPATH/CodeIgniter.php(349): CodeIgniter\CodeIgniter->handleRequest()
 6 FCPATH/index.php(57): CodeIgniter\CodeIgniter->run()
CRITICAL - 2024-01-30 19:53:01 --> Undefined variable $payArray
in APPPATH/Models/Engine.php on line 2035.
 1 APPPATH/Models/Engine.php(2035): CodeIgniter\Debug\Exceptions->errorHandler()
 2 APPPATH/Controllers/Api.php(139): App\Models\Engine->getBillToSynch()
 3 SYSTEMPATH/CodeIgniter.php(896): App\Controllers\Api->postbillpayment()
 4 SYSTEMPATH/CodeIgniter.php(466): CodeIgniter\CodeIgniter->runController()
 5 SYSTEMPATH/CodeIgniter.php(349): CodeIgniter\CodeIgniter->handleRequest()
 6 FCPATH/index.php(57): CodeIgniter\CodeIgniter->run()
CRITICAL - 2024-01-30 19:54:01 --> Undefined variable $payArray
in APPPATH/Models/Engine.php on line 2035.
 1 APPPATH/Models/Engine.php(2035): CodeIgniter\Debug\Exceptions->errorHandler()
 2 APPPATH/Controllers/Api.php(139): App\Models\Engine->getBillToSynch()
 3 SYSTEMPATH/CodeIgniter.php(896): App\Controllers\Api->postbillpayment()
 4 SYSTEMPATH/CodeIgniter.php(466): CodeIgniter\CodeIgniter->runController()
 5 SYSTEMPATH/CodeIgniter.php(349): CodeIgniter\CodeIgniter->handleRequest()
 6 FCPATH/index.php(57): CodeIgniter\CodeIgniter->run()
CRITICAL - 2024-01-30 19:55:01 --> Undefined variable $payArray
in APPPATH/Models/Engine.php on line 2035.
 1 APPPATH/Models/Engine.php(2035): CodeIgniter\Debug\Exceptions->errorHandler()
 2 APPPATH/Controllers/Api.php(139): App\Models\Engine->getBillToSynch()
 3 SYSTEMPATH/CodeIgniter.php(896): App\Controllers\Api->postbillpayment()
 4 SYSTEMPATH/CodeIgniter.php(466): CodeIgniter\CodeIgniter->runController()
 5 SYSTEMPATH/CodeIgniter.php(349): CodeIgniter\CodeIgniter->handleRequest()
 6 FCPATH/index.php(57): CodeIgniter\CodeIgniter->run()
CRITICAL - 2024-01-30 19:56:01 --> Undefined variable $payArray
in APPPATH/Models/Engine.php on line 2035.
 1 APPPATH/Models/Engine.php(2035): CodeIgniter\Debug\Exceptions->errorHandler()
 2 APPPATH/Controllers/Api.php(139): App\Models\Engine->getBillToSynch()
 3 SYSTEMPATH/CodeIgniter.php(896): App\Controllers\Api->postbillpayment()
 4 SYSTEMPATH/CodeIgniter.php(466): CodeIgniter\CodeIgniter->runController()
 5 SYSTEMPATH/CodeIgniter.php(349): CodeIgniter\CodeIgniter->handleRequest()
 6 FCPATH/index.php(57): CodeIgniter\CodeIgniter->run()
CRITICAL - 2024-01-30 19:57:01 --> Undefined variable $payArray
in APPPATH/Models/Engine.php on line 2035.
 1 APPPATH/Models/Engine.php(2035): CodeIgniter\Debug\Exceptions->errorHandler()
 2 APPPATH/Controllers/Api.php(139): App\Models\Engine->getBillToSynch()
 3 SYSTEMPATH/CodeIgniter.php(896): App\Controllers\Api->postbillpayment()
 4 SYSTEMPATH/CodeIgniter.php(466): CodeIgniter\CodeIgniter->runController()
 5 SYSTEMPATH/CodeIgniter.php(349): CodeIgniter\CodeIgniter->handleRequest()
 6 FCPATH/index.php(57): CodeIgniter\CodeIgniter->run()
CRITICAL - 2024-01-30 19:58:01 --> Undefined variable $payArray
in APPPATH/Models/Engine.php on line 2035.
 1 APPPATH/Models/Engine.php(2035): CodeIgniter\Debug\Exceptions->errorHandler()
 2 APPPATH/Controllers/Api.php(139): App\Models\Engine->getBillToSynch()
 3 SYSTEMPATH/CodeIgniter.php(896): App\Controllers\Api->postbillpayment()
 4 SYSTEMPATH/CodeIgniter.php(466): CodeIgniter\CodeIgniter->runController()
 5 SYSTEMPATH/CodeIgniter.php(349): CodeIgniter\CodeIgniter->handleRequest()
 6 FCPATH/index.php(57): CodeIgniter\CodeIgniter->run()
CRITICAL - 2024-01-30 19:59:01 --> Undefined variable $payArray
in APPPATH/Models/Engine.php on line 2035.
 1 APPPATH/Models/Engine.php(2035): CodeIgniter\Debug\Exceptions->errorHandler()
 2 APPPATH/Controllers/Api.php(139): App\Models\Engine->getBillToSynch()
 3 SYSTEMPATH/CodeIgniter.php(896): App\Controllers\Api->postbillpayment()
 4 SYSTEMPATH/CodeIgniter.php(466): CodeIgniter\CodeIgniter->runController()
 5 SYSTEMPATH/CodeIgniter.php(349): CodeIgniter\CodeIgniter->handleRequest()
 6 FCPATH/index.php(57): CodeIgniter\CodeIgniter->run()
CRITICAL - 2024-01-30 20:00:01 --> Undefined variable $payArray
in APPPATH/Models/Engine.php on line 2035.
 1 APPPATH/Models/Engine.php(2035): CodeIgniter\Debug\Exceptions->errorHandler()
 2 APPPATH/Controllers/Api.php(139): App\Models\Engine->getBillToSynch()
 3 SYSTEMPATH/CodeIgniter.php(896): App\Controllers\Api->postbillpayment()
 4 SYSTEMPATH/CodeIgniter.php(466): CodeIgniter\CodeIgniter->runController()
 5 SYSTEMPATH/CodeIgniter.php(349): CodeIgniter\CodeIgniter->handleRequest()
 6 FCPATH/index.php(57): CodeIgniter\CodeIgniter->run()
CRITICAL - 2024-01-30 20:01:01 --> Undefined variable $payArray
in APPPATH/Models/Engine.php on line 2035.
 1 APPPATH/Models/Engine.php(2035): CodeIgniter\Debug\Exceptions->errorHandler()
 2 APPPATH/Controllers/Api.php(139): App\Models\Engine->getBillToSynch()
 3 SYSTEMPATH/CodeIgniter.php(896): App\Controllers\Api->postbillpayment()
 4 SYSTEMPATH/CodeIgniter.php(466): CodeIgniter\CodeIgniter->runController()
 5 SYSTEMPATH/CodeIgniter.php(349): CodeIgniter\CodeIgniter->handleRequest()
 6 FCPATH/index.php(57): CodeIgniter\CodeIgniter->run()
CRITICAL - 2024-01-30 20:02:01 --> Undefined variable $payArray
in APPPATH/Models/Engine.php on line 2035.
 1 APPPATH/Models/Engine.php(2035): CodeIgniter\Debug\Exceptions->errorHandler()
 2 APPPATH/Controllers/Api.php(139): App\Models\Engine->getBillToSynch()
 3 SYSTEMPATH/CodeIgniter.php(896): App\Controllers\Api->postbillpayment()
 4 SYSTEMPATH/CodeIgniter.php(466): CodeIgniter\CodeIgniter->runController()
 5 SYSTEMPATH/CodeIgniter.php(349): CodeIgniter\CodeIgniter->handleRequest()
 6 FCPATH/index.php(57): CodeIgniter\CodeIgniter->run()
CRITICAL - 2024-01-30 20:03:01 --> Undefined variable $payArray
in APPPATH/Models/Engine.php on line 2035.
 1 APPPATH/Models/Engine.php(2035): CodeIgniter\Debug\Exceptions->errorHandler()
 2 APPPATH/Controllers/Api.php(139): App\Models\Engine->getBillToSynch()
 3 SYSTEMPATH/CodeIgniter.php(896): App\Controllers\Api->postbillpayment()
 4 SYSTEMPATH/CodeIgniter.php(466): CodeIgniter\CodeIgniter->runController()
 5 SYSTEMPATH/CodeIgniter.php(349): CodeIgniter\CodeIgniter->handleRequest()
 6 FCPATH/index.php(57): CodeIgniter\CodeIgniter->run()
CRITICAL - 2024-01-30 20:04:01 --> Undefined variable $payArray
in APPPATH/Models/Engine.php on line 2035.
 1 APPPATH/Models/Engine.php(2035): CodeIgniter\Debug\Exceptions->errorHandler()
 2 APPPATH/Controllers/Api.php(139): App\Models\Engine->getBillToSynch()
 3 SYSTEMPATH/CodeIgniter.php(896): App\Controllers\Api->postbillpayment()
 4 SYSTEMPATH/CodeIgniter.php(466): CodeIgniter\CodeIgniter->runController()
 5 SYSTEMPATH/CodeIgniter.php(349): CodeIgniter\CodeIgniter->handleRequest()
 6 FCPATH/index.php(57): CodeIgniter\CodeIgniter->run()
CRITICAL - 2024-01-30 20:05:01 --> Undefined variable $payArray
in APPPATH/Models/Engine.php on line 2035.
 1 APPPATH/Models/Engine.php(2035): CodeIgniter\Debug\Exceptions->errorHandler()
 2 APPPATH/Controllers/Api.php(139): App\Models\Engine->getBillToSynch()
 3 SYSTEMPATH/CodeIgniter.php(896): App\Controllers\Api->postbillpayment()
 4 SYSTEMPATH/CodeIgniter.php(466): CodeIgniter\CodeIgniter->runController()
 5 SYSTEMPATH/CodeIgniter.php(349): CodeIgniter\CodeIgniter->handleRequest()
 6 FCPATH/index.php(57): CodeIgniter\CodeIgniter->run()
CRITICAL - 2024-01-30 20:06:01 --> Undefined variable $payArray
in APPPATH/Models/Engine.php on line 2035.
 1 APPPATH/Models/Engine.php(2035): CodeIgniter\Debug\Exceptions->errorHandler()
 2 APPPATH/Controllers/Api.php(139): App\Models\Engine->getBillToSynch()
 3 SYSTEMPATH/CodeIgniter.php(896): App\Controllers\Api->postbillpayment()
 4 SYSTEMPATH/CodeIgniter.php(466): CodeIgniter\CodeIgniter->runController()
 5 SYSTEMPATH/CodeIgniter.php(349): CodeIgniter\CodeIgniter->handleRequest()
 6 FCPATH/index.php(57): CodeIgniter\CodeIgniter->run()
CRITICAL - 2024-01-30 20:07:01 --> Undefined variable $payArray
in APPPATH/Models/Engine.php on line 2035.
 1 APPPATH/Models/Engine.php(2035): CodeIgniter\Debug\Exceptions->errorHandler()
 2 APPPATH/Controllers/Api.php(139): App\Models\Engine->getBillToSynch()
 3 SYSTEMPATH/CodeIgniter.php(896): App\Controllers\Api->postbillpayment()
 4 SYSTEMPATH/CodeIgniter.php(466): CodeIgniter\CodeIgniter->runController()
 5 SYSTEMPATH/CodeIgniter.php(349): CodeIgniter\CodeIgniter->handleRequest()
 6 FCPATH/index.php(57): CodeIgniter\CodeIgniter->run()
CRITICAL - 2024-01-30 20:08:01 --> Undefined variable $payArray
in APPPATH/Models/Engine.php on line 2035.
 1 APPPATH/Models/Engine.php(2035): CodeIgniter\Debug\Exceptions->errorHandler()
 2 APPPATH/Controllers/Api.php(139): App\Models\Engine->getBillToSynch()
 3 SYSTEMPATH/CodeIgniter.php(896): App\Controllers\Api->postbillpayment()
 4 SYSTEMPATH/CodeIgniter.php(466): CodeIgniter\CodeIgniter->runController()
 5 SYSTEMPATH/CodeIgniter.php(349): CodeIgniter\CodeIgniter->handleRequest()
 6 FCPATH/index.php(57): CodeIgniter\CodeIgniter->run()
CRITICAL - 2024-01-30 20:09:01 --> Undefined variable $payArray
in APPPATH/Models/Engine.php on line 2035.
 1 APPPATH/Models/Engine.php(2035): CodeIgniter\Debug\Exceptions->errorHandler()
 2 APPPATH/Controllers/Api.php(139): App\Models\Engine->getBillToSynch()
 3 SYSTEMPATH/CodeIgniter.php(896): App\Controllers\Api->postbillpayment()
 4 SYSTEMPATH/CodeIgniter.php(466): CodeIgniter\CodeIgniter->runController()
 5 SYSTEMPATH/CodeIgniter.php(349): CodeIgniter\CodeIgniter->handleRequest()
 6 FCPATH/index.php(57): CodeIgniter\CodeIgniter->run()
CRITICAL - 2024-01-30 20:10:02 --> Undefined variable $payArray
in APPPATH/Models/Engine.php on line 2035.
 1 APPPATH/Models/Engine.php(2035): CodeIgniter\Debug\Exceptions->errorHandler()
 2 APPPATH/Controllers/Api.php(139): App\Models\Engine->getBillToSynch()
 3 SYSTEMPATH/CodeIgniter.php(896): App\Controllers\Api->postbillpayment()
 4 SYSTEMPATH/CodeIgniter.php(466): CodeIgniter\CodeIgniter->runController()
 5 SYSTEMPATH/CodeIgniter.php(349): CodeIgniter\CodeIgniter->handleRequest()
 6 FCPATH/index.php(57): CodeIgniter\CodeIgniter->run()
CRITICAL - 2024-01-30 20:11:01 --> Undefined variable $payArray
in APPPATH/Models/Engine.php on line 2035.
 1 APPPATH/Models/Engine.php(2035): CodeIgniter\Debug\Exceptions->errorHandler()
 2 APPPATH/Controllers/Api.php(139): App\Models\Engine->getBillToSynch()
 3 SYSTEMPATH/CodeIgniter.php(896): App\Controllers\Api->postbillpayment()
 4 SYSTEMPATH/CodeIgniter.php(466): CodeIgniter\CodeIgniter->runController()
 5 SYSTEMPATH/CodeIgniter.php(349): CodeIgniter\CodeIgniter->handleRequest()
 6 FCPATH/index.php(57): CodeIgniter\CodeIgniter->run()
CRITICAL - 2024-01-30 20:12:01 --> Undefined variable $payArray
in APPPATH/Models/Engine.php on line 2035.
 1 APPPATH/Models/Engine.php(2035): CodeIgniter\Debug\Exceptions->errorHandler()
 2 APPPATH/Controllers/Api.php(139): App\Models\Engine->getBillToSynch()
 3 SYSTEMPATH/CodeIgniter.php(896): App\Controllers\Api->postbillpayment()
 4 SYSTEMPATH/CodeIgniter.php(466): CodeIgniter\CodeIgniter->runController()
 5 SYSTEMPATH/CodeIgniter.php(349): CodeIgniter\CodeIgniter->handleRequest()
 6 FCPATH/index.php(57): CodeIgniter\CodeIgniter->run()
CRITICAL - 2024-01-30 20:13:01 --> Undefined variable $payArray
in APPPATH/Models/Engine.php on line 2035.
 1 APPPATH/Models/Engine.php(2035): CodeIgniter\Debug\Exceptions->errorHandler()
 2 APPPATH/Controllers/Api.php(139): App\Models\Engine->getBillToSynch()
 3 SYSTEMPATH/CodeIgniter.php(896): App\Controllers\Api->postbillpayment()
 4 SYSTEMPATH/CodeIgniter.php(466): CodeIgniter\CodeIgniter->runController()
 5 SYSTEMPATH/CodeIgniter.php(349): CodeIgniter\CodeIgniter->handleRequest()
 6 FCPATH/index.php(57): CodeIgniter\CodeIgniter->run()
CRITICAL - 2024-01-30 20:14:01 --> Undefined variable $payArray
in APPPATH/Models/Engine.php on line 2035.
 1 APPPATH/Models/Engine.php(2035): CodeIgniter\Debug\Exceptions->errorHandler()
 2 APPPATH/Controllers/Api.php(139): App\Models\Engine->getBillToSynch()
 3 SYSTEMPATH/CodeIgniter.php(896): App\Controllers\Api->postbillpayment()
 4 SYSTEMPATH/CodeIgniter.php(466): CodeIgniter\CodeIgniter->runController()
 5 SYSTEMPATH/CodeIgniter.php(349): CodeIgniter\CodeIgniter->handleRequest()
 6 FCPATH/index.php(57): CodeIgniter\CodeIgniter->run()
CRITICAL - 2024-01-30 20:15:01 --> Undefined variable $payArray
in APPPATH/Models/Engine.php on line 2035.
 1 APPPATH/Models/Engine.php(2035): CodeIgniter\Debug\Exceptions->errorHandler()
 2 APPPATH/Controllers/Api.php(139): App\Models\Engine->getBillToSynch()
 3 SYSTEMPATH/CodeIgniter.php(896): App\Controllers\Api->postbillpayment()
 4 SYSTEMPATH/CodeIgniter.php(466): CodeIgniter\CodeIgniter->runController()
 5 SYSTEMPATH/CodeIgniter.php(349): CodeIgniter\CodeIgniter->handleRequest()
 6 FCPATH/index.php(57): CodeIgniter\CodeIgniter->run()
CRITICAL - 2024-01-30 20:16:01 --> Undefined variable $payArray
in APPPATH/Models/Engine.php on line 2035.
 1 APPPATH/Models/Engine.php(2035): CodeIgniter\Debug\Exceptions->errorHandler()
 2 APPPATH/Controllers/Api.php(139): App\Models\Engine->getBillToSynch()
 3 SYSTEMPATH/CodeIgniter.php(896): App\Controllers\Api->postbillpayment()
 4 SYSTEMPATH/CodeIgniter.php(466): CodeIgniter\CodeIgniter->runController()
 5 SYSTEMPATH/CodeIgniter.php(349): CodeIgniter\CodeIgniter->handleRequest()
 6 FCPATH/index.php(57): CodeIgniter\CodeIgniter->run()
CRITICAL - 2024-01-30 20:17:01 --> Undefined variable $payArray
in APPPATH/Models/Engine.php on line 2035.
 1 APPPATH/Models/Engine.php(2035): CodeIgniter\Debug\Exceptions->errorHandler()
 2 APPPATH/Controllers/Api.php(139): App\Models\Engine->getBillToSynch()
 3 SYSTEMPATH/CodeIgniter.php(896): App\Controllers\Api->postbillpayment()
 4 SYSTEMPATH/CodeIgniter.php(466): CodeIgniter\CodeIgniter->runController()
 5 SYSTEMPATH/CodeIgniter.php(349): CodeIgniter\CodeIgniter->handleRequest()
 6 FCPATH/index.php(57): CodeIgniter\CodeIgniter->run()
CRITICAL - 2024-01-30 20:18:01 --> Undefined variable $payArray
in APPPATH/Models/Engine.php on line 2035.
 1 APPPATH/Models/Engine.php(2035): CodeIgniter\Debug\Exceptions->errorHandler()
 2 APPPATH/Controllers/Api.php(139): App\Models\Engine->getBillToSynch()
 3 SYSTEMPATH/CodeIgniter.php(896): App\Controllers\Api->postbillpayment()
 4 SYSTEMPATH/CodeIgniter.php(466): CodeIgniter\CodeIgniter->runController()
 5 SYSTEMPATH/CodeIgniter.php(349): CodeIgniter\CodeIgniter->handleRequest()
 6 FCPATH/index.php(57): CodeIgniter\CodeIgniter->run()
CRITICAL - 2024-01-30 20:19:01 --> Undefined variable $payArray
in APPPATH/Models/Engine.php on line 2035.
 1 APPPATH/Models/Engine.php(2035): CodeIgniter\Debug\Exceptions->errorHandler()
 2 APPPATH/Controllers/Api.php(139): App\Models\Engine->getBillToSynch()
 3 SYSTEMPATH/CodeIgniter.php(896): App\Controllers\Api->postbillpayment()
 4 SYSTEMPATH/CodeIgniter.php(466): CodeIgniter\CodeIgniter->runController()
 5 SYSTEMPATH/CodeIgniter.php(349): CodeIgniter\CodeIgniter->handleRequest()
 6 FCPATH/index.php(57): CodeIgniter\CodeIgniter->run()
CRITICAL - 2024-01-30 20:20:01 --> Undefined variable $payArray
in APPPATH/Models/Engine.php on line 2035.
 1 APPPATH/Models/Engine.php(2035): CodeIgniter\Debug\Exceptions->errorHandler()
 2 APPPATH/Controllers/Api.php(139): App\Models\Engine->getBillToSynch()
 3 SYSTEMPATH/CodeIgniter.php(896): App\Controllers\Api->postbillpayment()
 4 SYSTEMPATH/CodeIgniter.php(466): CodeIgniter\CodeIgniter->runController()
 5 SYSTEMPATH/CodeIgniter.php(349): CodeIgniter\CodeIgniter->handleRequest()
 6 FCPATH/index.php(57): CodeIgniter\CodeIgniter->run()
CRITICAL - 2024-01-30 20:21:01 --> Undefined variable $payArray
in APPPATH/Models/Engine.php on line 2035.
 1 APPPATH/Models/Engine.php(2035): CodeIgniter\Debug\Exceptions->errorHandler()
 2 APPPATH/Controllers/Api.php(139): App\Models\Engine->getBillToSynch()
 3 SYSTEMPATH/CodeIgniter.php(896): App\Controllers\Api->postbillpayment()
 4 SYSTEMPATH/CodeIgniter.php(466): CodeIgniter\CodeIgniter->runController()
 5 SYSTEMPATH/CodeIgniter.php(349): CodeIgniter\CodeIgniter->handleRequest()
 6 FCPATH/index.php(57): CodeIgniter\CodeIgniter->run()
CRITICAL - 2024-01-30 20:22:01 --> Undefined variable $payArray
in APPPATH/Models/Engine.php on line 2035.
 1 APPPATH/Models/Engine.php(2035): CodeIgniter\Debug\Exceptions->errorHandler()
 2 APPPATH/Controllers/Api.php(139): App\Models\Engine->getBillToSynch()
 3 SYSTEMPATH/CodeIgniter.php(896): App\Controllers\Api->postbillpayment()
 4 SYSTEMPATH/CodeIgniter.php(466): CodeIgniter\CodeIgniter->runController()
 5 SYSTEMPATH/CodeIgniter.php(349): CodeIgniter\CodeIgniter->handleRequest()
 6 FCPATH/index.php(57): CodeIgniter\CodeIgniter->run()
CRITICAL - 2024-01-30 20:23:01 --> Undefined variable $payArray
in APPPATH/Models/Engine.php on line 2035.
 1 APPPATH/Models/Engine.php(2035): CodeIgniter\Debug\Exceptions->errorHandler()
 2 APPPATH/Controllers/Api.php(139): App\Models\Engine->getBillToSynch()
 3 SYSTEMPATH/CodeIgniter.php(896): App\Controllers\Api->postbillpayment()
 4 SYSTEMPATH/CodeIgniter.php(466): CodeIgniter\CodeIgniter->runController()
 5 SYSTEMPATH/CodeIgniter.php(349): CodeIgniter\CodeIgniter->handleRequest()
 6 FCPATH/index.php(57): CodeIgniter\CodeIgniter->run()
CRITICAL - 2024-01-30 20:24:01 --> Undefined variable $payArray
in APPPATH/Models/Engine.php on line 2035.
 1 APPPATH/Models/Engine.php(2035): CodeIgniter\Debug\Exceptions->errorHandler()
 2 APPPATH/Controllers/Api.php(139): App\Models\Engine->getBillToSynch()
 3 SYSTEMPATH/CodeIgniter.php(896): App\Controllers\Api->postbillpayment()
 4 SYSTEMPATH/CodeIgniter.php(466): CodeIgniter\CodeIgniter->runController()
 5 SYSTEMPATH/CodeIgniter.php(349): CodeIgniter\CodeIgniter->handleRequest()
 6 FCPATH/index.php(57): CodeIgniter\CodeIgniter->run()
CRITICAL - 2024-01-30 20:25:01 --> Undefined variable $payArray
in APPPATH/Models/Engine.php on line 2035.
 1 APPPATH/Models/Engine.php(2035): CodeIgniter\Debug\Exceptions->errorHandler()
 2 APPPATH/Controllers/Api.php(139): App\Models\Engine->getBillToSynch()
 3 SYSTEMPATH/CodeIgniter.php(896): App\Controllers\Api->postbillpayment()
 4 SYSTEMPATH/CodeIgniter.php(466): CodeIgniter\CodeIgniter->runController()
 5 SYSTEMPATH/CodeIgniter.php(349): CodeIgniter\CodeIgniter->handleRequest()
 6 FCPATH/index.php(57): CodeIgniter\CodeIgniter->run()
CRITICAL - 2024-01-30 20:26:01 --> Undefined variable $payArray
in APPPATH/Models/Engine.php on line 2035.
 1 APPPATH/Models/Engine.php(2035): CodeIgniter\Debug\Exceptions->errorHandler()
 2 APPPATH/Controllers/Api.php(139): App\Models\Engine->getBillToSynch()
 3 SYSTEMPATH/CodeIgniter.php(896): App\Controllers\Api->postbillpayment()
 4 SYSTEMPATH/CodeIgniter.php(466): CodeIgniter\CodeIgniter->runController()
 5 SYSTEMPATH/CodeIgniter.php(349): CodeIgniter\CodeIgniter->handleRequest()
 6 FCPATH/index.php(57): CodeIgniter\CodeIgniter->run()
CRITICAL - 2024-01-30 20:27:01 --> Undefined variable $payArray
in APPPATH/Models/Engine.php on line 2035.
 1 APPPATH/Models/Engine.php(2035): CodeIgniter\Debug\Exceptions->errorHandler()
 2 APPPATH/Controllers/Api.php(139): App\Models\Engine->getBillToSynch()
 3 SYSTEMPATH/CodeIgniter.php(896): App\Controllers\Api->postbillpayment()
 4 SYSTEMPATH/CodeIgniter.php(466): CodeIgniter\CodeIgniter->runController()
 5 SYSTEMPATH/CodeIgniter.php(349): CodeIgniter\CodeIgniter->handleRequest()
 6 FCPATH/index.php(57): CodeIgniter\CodeIgniter->run()
CRITICAL - 2024-01-30 20:28:01 --> Undefined variable $payArray
in APPPATH/Models/Engine.php on line 2035.
 1 APPPATH/Models/Engine.php(2035): CodeIgniter\Debug\Exceptions->errorHandler()
 2 APPPATH/Controllers/Api.php(139): App\Models\Engine->getBillToSynch()
 3 SYSTEMPATH/CodeIgniter.php(896): App\Controllers\Api->postbillpayment()
 4 SYSTEMPATH/CodeIgniter.php(466): CodeIgniter\CodeIgniter->runController()
 5 SYSTEMPATH/CodeIgniter.php(349): CodeIgniter\CodeIgniter->handleRequest()
 6 FCPATH/index.php(57): CodeIgniter\CodeIgniter->run()
CRITICAL - 2024-01-30 20:29:01 --> Undefined variable $payArray
in APPPATH/Models/Engine.php on line 2035.
 1 APPPATH/Models/Engine.php(2035): CodeIgniter\Debug\Exceptions->errorHandler()
 2 APPPATH/Controllers/Api.php(139): App\Models\Engine->getBillToSynch()
 3 SYSTEMPATH/CodeIgniter.php(896): App\Controllers\Api->postbillpayment()
 4 SYSTEMPATH/CodeIgniter.php(466): CodeIgniter\CodeIgniter->runController()
 5 SYSTEMPATH/CodeIgniter.php(349): CodeIgniter\CodeIgniter->handleRequest()
 6 FCPATH/index.php(57): CodeIgniter\CodeIgniter->run()
CRITICAL - 2024-01-30 20:30:01 --> Undefined variable $payArray
in APPPATH/Models/Engine.php on line 2035.
 1 APPPATH/Models/Engine.php(2035): CodeIgniter\Debug\Exceptions->errorHandler()
 2 APPPATH/Controllers/Api.php(139): App\Models\Engine->getBillToSynch()
 3 SYSTEMPATH/CodeIgniter.php(896): App\Controllers\Api->postbillpayment()
 4 SYSTEMPATH/CodeIgniter.php(466): CodeIgniter\CodeIgniter->runController()
 5 SYSTEMPATH/CodeIgniter.php(349): CodeIgniter\CodeIgniter->handleRequest()
 6 FCPATH/index.php(57): CodeIgniter\CodeIgniter->run()
CRITICAL - 2024-01-30 20:31:01 --> Undefined variable $payArray
in APPPATH/Models/Engine.php on line 2035.
 1 APPPATH/Models/Engine.php(2035): CodeIgniter\Debug\Exceptions->errorHandler()
 2 APPPATH/Controllers/Api.php(139): App\Models\Engine->getBillToSynch()
 3 SYSTEMPATH/CodeIgniter.php(896): App\Controllers\Api->postbillpayment()
 4 SYSTEMPATH/CodeIgniter.php(466): CodeIgniter\CodeIgniter->runController()
 5 SYSTEMPATH/CodeIgniter.php(349): CodeIgniter\CodeIgniter->handleRequest()
 6 FCPATH/index.php(57): CodeIgniter\CodeIgniter->run()
CRITICAL - 2024-01-30 20:32:01 --> Undefined variable $payArray
in APPPATH/Models/Engine.php on line 2035.
 1 APPPATH/Models/Engine.php(2035): CodeIgniter\Debug\Exceptions->errorHandler()
 2 APPPATH/Controllers/Api.php(139): App\Models\Engine->getBillToSynch()
 3 SYSTEMPATH/CodeIgniter.php(896): App\Controllers\Api->postbillpayment()
 4 SYSTEMPATH/CodeIgniter.php(466): CodeIgniter\CodeIgniter->runController()
 5 SYSTEMPATH/CodeIgniter.php(349): CodeIgniter\CodeIgniter->handleRequest()
 6 FCPATH/index.php(57): CodeIgniter\CodeIgniter->run()
CRITICAL - 2024-01-30 20:33:01 --> Undefined variable $payArray
in APPPATH/Models/Engine.php on line 2035.
 1 APPPATH/Models/Engine.php(2035): CodeIgniter\Debug\Exceptions->errorHandler()
 2 APPPATH/Controllers/Api.php(139): App\Models\Engine->getBillToSynch()
 3 SYSTEMPATH/CodeIgniter.php(896): App\Controllers\Api->postbillpayment()
 4 SYSTEMPATH/CodeIgniter.php(466): CodeIgniter\CodeIgniter->runController()
 5 SYSTEMPATH/CodeIgniter.php(349): CodeIgniter\CodeIgniter->handleRequest()
 6 FCPATH/index.php(57): CodeIgniter\CodeIgniter->run()
CRITICAL - 2024-01-30 20:34:01 --> Undefined variable $payArray
in APPPATH/Models/Engine.php on line 2035.
 1 APPPATH/Models/Engine.php(2035): CodeIgniter\Debug\Exceptions->errorHandler()
 2 APPPATH/Controllers/Api.php(139): App\Models\Engine->getBillToSynch()
 3 SYSTEMPATH/CodeIgniter.php(896): App\Controllers\Api->postbillpayment()
 4 SYSTEMPATH/CodeIgniter.php(466): CodeIgniter\CodeIgniter->runController()
 5 SYSTEMPATH/CodeIgniter.php(349): CodeIgniter\CodeIgniter->handleRequest()
 6 FCPATH/index.php(57): CodeIgniter\CodeIgniter->run()
CRITICAL - 2024-01-30 20:35:01 --> Undefined variable $payArray
in APPPATH/Models/Engine.php on line 2035.
 1 APPPATH/Models/Engine.php(2035): CodeIgniter\Debug\Exceptions->errorHandler()
 2 APPPATH/Controllers/Api.php(139): App\Models\Engine->getBillToSynch()
 3 SYSTEMPATH/CodeIgniter.php(896): App\Controllers\Api->postbillpayment()
 4 SYSTEMPATH/CodeIgniter.php(466): CodeIgniter\CodeIgniter->runController()
 5 SYSTEMPATH/CodeIgniter.php(349): CodeIgniter\CodeIgniter->handleRequest()
 6 FCPATH/index.php(57): CodeIgniter\CodeIgniter->run()
CRITICAL - 2024-01-30 20:36:02 --> Undefined variable $payArray
in APPPATH/Models/Engine.php on line 2035.
 1 APPPATH/Models/Engine.php(2035): CodeIgniter\Debug\Exceptions->errorHandler()
 2 APPPATH/Controllers/Api.php(139): App\Models\Engine->getBillToSynch()
 3 SYSTEMPATH/CodeIgniter.php(896): App\Controllers\Api->postbillpayment()
 4 SYSTEMPATH/CodeIgniter.php(466): CodeIgniter\CodeIgniter->runController()
 5 SYSTEMPATH/CodeIgniter.php(349): CodeIgniter\CodeIgniter->handleRequest()
 6 FCPATH/index.php(57): CodeIgniter\CodeIgniter->run()
CRITICAL - 2024-01-30 20:37:01 --> Undefined variable $payArray
in APPPATH/Models/Engine.php on line 2035.
 1 APPPATH/Models/Engine.php(2035): CodeIgniter\Debug\Exceptions->errorHandler()
 2 APPPATH/Controllers/Api.php(139): App\Models\Engine->getBillToSynch()
 3 SYSTEMPATH/CodeIgniter.php(896): App\Controllers\Api->postbillpayment()
 4 SYSTEMPATH/CodeIgniter.php(466): CodeIgniter\CodeIgniter->runController()
 5 SYSTEMPATH/CodeIgniter.php(349): CodeIgniter\CodeIgniter->handleRequest()
 6 FCPATH/index.php(57): CodeIgniter\CodeIgniter->run()
CRITICAL - 2024-01-30 20:38:01 --> Undefined variable $payArray
in APPPATH/Models/Engine.php on line 2035.
 1 APPPATH/Models/Engine.php(2035): CodeIgniter\Debug\Exceptions->errorHandler()
 2 APPPATH/Controllers/Api.php(139): App\Models\Engine->getBillToSynch()
 3 SYSTEMPATH/CodeIgniter.php(896): App\Controllers\Api->postbillpayment()
 4 SYSTEMPATH/CodeIgniter.php(466): CodeIgniter\CodeIgniter->runController()
 5 SYSTEMPATH/CodeIgniter.php(349): CodeIgniter\CodeIgniter->handleRequest()
 6 FCPATH/index.php(57): CodeIgniter\CodeIgniter->run()
CRITICAL - 2024-01-30 20:39:01 --> Undefined variable $payArray
in APPPATH/Models/Engine.php on line 2035.
 1 APPPATH/Models/Engine.php(2035): CodeIgniter\Debug\Exceptions->errorHandler()
 2 APPPATH/Controllers/Api.php(139): App\Models\Engine->getBillToSynch()
 3 SYSTEMPATH/CodeIgniter.php(896): App\Controllers\Api->postbillpayment()
 4 SYSTEMPATH/CodeIgniter.php(466): CodeIgniter\CodeIgniter->runController()
 5 SYSTEMPATH/CodeIgniter.php(349): CodeIgniter\CodeIgniter->handleRequest()
 6 FCPATH/index.php(57): CodeIgniter\CodeIgniter->run()
CRITICAL - 2024-01-30 20:40:01 --> Undefined variable $payArray
in APPPATH/Models/Engine.php on line 2035.
 1 APPPATH/Models/Engine.php(2035): CodeIgniter\Debug\Exceptions->errorHandler()
 2 APPPATH/Controllers/Api.php(139): App\Models\Engine->getBillToSynch()
 3 SYSTEMPATH/CodeIgniter.php(896): App\Controllers\Api->postbillpayment()
 4 SYSTEMPATH/CodeIgniter.php(466): CodeIgniter\CodeIgniter->runController()
 5 SYSTEMPATH/CodeIgniter.php(349): CodeIgniter\CodeIgniter->handleRequest()
 6 FCPATH/index.php(57): CodeIgniter\CodeIgniter->run()
CRITICAL - 2024-01-30 20:41:01 --> Undefined variable $payArray
in APPPATH/Models/Engine.php on line 2035.
 1 APPPATH/Models/Engine.php(2035): CodeIgniter\Debug\Exceptions->errorHandler()
 2 APPPATH/Controllers/Api.php(139): App\Models\Engine->getBillToSynch()
 3 SYSTEMPATH/CodeIgniter.php(896): App\Controllers\Api->postbillpayment()
 4 SYSTEMPATH/CodeIgniter.php(466): CodeIgniter\CodeIgniter->runController()
 5 SYSTEMPATH/CodeIgniter.php(349): CodeIgniter\CodeIgniter->handleRequest()
 6 FCPATH/index.php(57): CodeIgniter\CodeIgniter->run()
CRITICAL - 2024-01-30 20:42:01 --> Undefined variable $payArray
in APPPATH/Models/Engine.php on line 2035.
 1 APPPATH/Models/Engine.php(2035): CodeIgniter\Debug\Exceptions->errorHandler()
 2 APPPATH/Controllers/Api.php(139): App\Models\Engine->getBillToSynch()
 3 SYSTEMPATH/CodeIgniter.php(896): App\Controllers\Api->postbillpayment()
 4 SYSTEMPATH/CodeIgniter.php(466): CodeIgniter\CodeIgniter->runController()
 5 SYSTEMPATH/CodeIgniter.php(349): CodeIgniter\CodeIgniter->handleRequest()
 6 FCPATH/index.php(57): CodeIgniter\CodeIgniter->run()
CRITICAL - 2024-01-30 20:43:01 --> Undefined variable $payArray
in APPPATH/Models/Engine.php on line 2035.
 1 APPPATH/Models/Engine.php(2035): CodeIgniter\Debug\Exceptions->errorHandler()
 2 APPPATH/Controllers/Api.php(139): App\Models\Engine->getBillToSynch()
 3 SYSTEMPATH/CodeIgniter.php(896): App\Controllers\Api->postbillpayment()
 4 SYSTEMPATH/CodeIgniter.php(466): CodeIgniter\CodeIgniter->runController()
 5 SYSTEMPATH/CodeIgniter.php(349): CodeIgniter\CodeIgniter->handleRequest()
 6 FCPATH/index.php(57): CodeIgniter\CodeIgniter->run()
CRITICAL - 2024-01-30 20:44:01 --> Undefined variable $payArray
in APPPATH/Models/Engine.php on line 2035.
 1 APPPATH/Models/Engine.php(2035): CodeIgniter\Debug\Exceptions->errorHandler()
 2 APPPATH/Controllers/Api.php(139): App\Models\Engine->getBillToSynch()
 3 SYSTEMPATH/CodeIgniter.php(896): App\Controllers\Api->postbillpayment()
 4 SYSTEMPATH/CodeIgniter.php(466): CodeIgniter\CodeIgniter->runController()
 5 SYSTEMPATH/CodeIgniter.php(349): CodeIgniter\CodeIgniter->handleRequest()
 6 FCPATH/index.php(57): CodeIgniter\CodeIgniter->run()
CRITICAL - 2024-01-30 20:45:01 --> Undefined variable $payArray
in APPPATH/Models/Engine.php on line 2035.
 1 APPPATH/Models/Engine.php(2035): CodeIgniter\Debug\Exceptions->errorHandler()
 2 APPPATH/Controllers/Api.php(139): App\Models\Engine->getBillToSynch()
 3 SYSTEMPATH/CodeIgniter.php(896): App\Controllers\Api->postbillpayment()
 4 SYSTEMPATH/CodeIgniter.php(466): CodeIgniter\CodeIgniter->runController()
 5 SYSTEMPATH/CodeIgniter.php(349): CodeIgniter\CodeIgniter->handleRequest()
 6 FCPATH/index.php(57): CodeIgniter\CodeIgniter->run()
CRITICAL - 2024-01-30 20:46:01 --> Undefined variable $payArray
in APPPATH/Models/Engine.php on line 2035.
 1 APPPATH/Models/Engine.php(2035): CodeIgniter\Debug\Exceptions->errorHandler()
 2 APPPATH/Controllers/Api.php(139): App\Models\Engine->getBillToSynch()
 3 SYSTEMPATH/CodeIgniter.php(896): App\Controllers\Api->postbillpayment()
 4 SYSTEMPATH/CodeIgniter.php(466): CodeIgniter\CodeIgniter->runController()
 5 SYSTEMPATH/CodeIgniter.php(349): CodeIgniter\CodeIgniter->handleRequest()
 6 FCPATH/index.php(57): CodeIgniter\CodeIgniter->run()
CRITICAL - 2024-01-30 20:47:01 --> Undefined variable $payArray
in APPPATH/Models/Engine.php on line 2035.
 1 APPPATH/Models/Engine.php(2035): CodeIgniter\Debug\Exceptions->errorHandler()
 2 APPPATH/Controllers/Api.php(139): App\Models\Engine->getBillToSynch()
 3 SYSTEMPATH/CodeIgniter.php(896): App\Controllers\Api->postbillpayment()
 4 SYSTEMPATH/CodeIgniter.php(466): CodeIgniter\CodeIgniter->runController()
 5 SYSTEMPATH/CodeIgniter.php(349): CodeIgniter\CodeIgniter->handleRequest()
 6 FCPATH/index.php(57): CodeIgniter\CodeIgniter->run()
CRITICAL - 2024-01-30 20:48:01 --> Undefined variable $payArray
in APPPATH/Models/Engine.php on line 2035.
 1 APPPATH/Models/Engine.php(2035): CodeIgniter\Debug\Exceptions->errorHandler()
 2 APPPATH/Controllers/Api.php(139): App\Models\Engine->getBillToSynch()
 3 SYSTEMPATH/CodeIgniter.php(896): App\Controllers\Api->postbillpayment()
 4 SYSTEMPATH/CodeIgniter.php(466): CodeIgniter\CodeIgniter->runController()
 5 SYSTEMPATH/CodeIgniter.php(349): CodeIgniter\CodeIgniter->handleRequest()
 6 FCPATH/index.php(57): CodeIgniter\CodeIgniter->run()
CRITICAL - 2024-01-30 20:49:01 --> Undefined variable $payArray
in APPPATH/Models/Engine.php on line 2035.
 1 APPPATH/Models/Engine.php(2035): CodeIgniter\Debug\Exceptions->errorHandler()
 2 APPPATH/Controllers/Api.php(139): App\Models\Engine->getBillToSynch()
 3 SYSTEMPATH/CodeIgniter.php(896): App\Controllers\Api->postbillpayment()
 4 SYSTEMPATH/CodeIgniter.php(466): CodeIgniter\CodeIgniter->runController()
 5 SYSTEMPATH/CodeIgniter.php(349): CodeIgniter\CodeIgniter->handleRequest()
 6 FCPATH/index.php(57): CodeIgniter\CodeIgniter->run()
CRITICAL - 2024-01-30 20:50:01 --> Undefined variable $payArray
in APPPATH/Models/Engine.php on line 2035.
 1 APPPATH/Models/Engine.php(2035): CodeIgniter\Debug\Exceptions->errorHandler()
 2 APPPATH/Controllers/Api.php(139): App\Models\Engine->getBillToSynch()
 3 SYSTEMPATH/CodeIgniter.php(896): App\Controllers\Api->postbillpayment()
 4 SYSTEMPATH/CodeIgniter.php(466): CodeIgniter\CodeIgniter->runController()
 5 SYSTEMPATH/CodeIgniter.php(349): CodeIgniter\CodeIgniter->handleRequest()
 6 FCPATH/index.php(57): CodeIgniter\CodeIgniter->run()
CRITICAL - 2024-01-30 20:51:01 --> Undefined variable $payArray
in APPPATH/Models/Engine.php on line 2035.
 1 APPPATH/Models/Engine.php(2035): CodeIgniter\Debug\Exceptions->errorHandler()
 2 APPPATH/Controllers/Api.php(139): App\Models\Engine->getBillToSynch()
 3 SYSTEMPATH/CodeIgniter.php(896): App\Controllers\Api->postbillpayment()
 4 SYSTEMPATH/CodeIgniter.php(466): CodeIgniter\CodeIgniter->runController()
 5 SYSTEMPATH/CodeIgniter.php(349): CodeIgniter\CodeIgniter->handleRequest()
 6 FCPATH/index.php(57): CodeIgniter\CodeIgniter->run()
CRITICAL - 2024-01-30 20:52:01 --> Undefined variable $payArray
in APPPATH/Models/Engine.php on line 2035.
 1 APPPATH/Models/Engine.php(2035): CodeIgniter\Debug\Exceptions->errorHandler()
 2 APPPATH/Controllers/Api.php(139): App\Models\Engine->getBillToSynch()
 3 SYSTEMPATH/CodeIgniter.php(896): App\Controllers\Api->postbillpayment()
 4 SYSTEMPATH/CodeIgniter.php(466): CodeIgniter\CodeIgniter->runController()
 5 SYSTEMPATH/CodeIgniter.php(349): CodeIgniter\CodeIgniter->handleRequest()
 6 FCPATH/index.php(57): CodeIgniter\CodeIgniter->run()
CRITICAL - 2024-01-30 20:53:01 --> Undefined variable $payArray
in APPPATH/Models/Engine.php on line 2035.
 1 APPPATH/Models/Engine.php(2035): CodeIgniter\Debug\Exceptions->errorHandler()
 2 APPPATH/Controllers/Api.php(139): App\Models\Engine->getBillToSynch()
 3 SYSTEMPATH/CodeIgniter.php(896): App\Controllers\Api->postbillpayment()
 4 SYSTEMPATH/CodeIgniter.php(466): CodeIgniter\CodeIgniter->runController()
 5 SYSTEMPATH/CodeIgniter.php(349): CodeIgniter\CodeIgniter->handleRequest()
 6 FCPATH/index.php(57): CodeIgniter\CodeIgniter->run()
CRITICAL - 2024-01-30 20:54:01 --> Undefined variable $payArray
in APPPATH/Models/Engine.php on line 2035.
 1 APPPATH/Models/Engine.php(2035): CodeIgniter\Debug\Exceptions->errorHandler()
 2 APPPATH/Controllers/Api.php(139): App\Models\Engine->getBillToSynch()
 3 SYSTEMPATH/CodeIgniter.php(896): App\Controllers\Api->postbillpayment()
 4 SYSTEMPATH/CodeIgniter.php(466): CodeIgniter\CodeIgniter->runController()
 5 SYSTEMPATH/CodeIgniter.php(349): CodeIgniter\CodeIgniter->handleRequest()
 6 FCPATH/index.php(57): CodeIgniter\CodeIgniter->run()
CRITICAL - 2024-01-30 20:55:01 --> Undefined variable $payArray
in APPPATH/Models/Engine.php on line 2035.
 1 APPPATH/Models/Engine.php(2035): CodeIgniter\Debug\Exceptions->errorHandler()
 2 APPPATH/Controllers/Api.php(139): App\Models\Engine->getBillToSynch()
 3 SYSTEMPATH/CodeIgniter.php(896): App\Controllers\Api->postbillpayment()
 4 SYSTEMPATH/CodeIgniter.php(466): CodeIgniter\CodeIgniter->runController()
 5 SYSTEMPATH/CodeIgniter.php(349): CodeIgniter\CodeIgniter->handleRequest()
 6 FCPATH/index.php(57): CodeIgniter\CodeIgniter->run()
CRITICAL - 2024-01-30 20:56:01 --> Undefined variable $payArray
in APPPATH/Models/Engine.php on line 2035.
 1 APPPATH/Models/Engine.php(2035): CodeIgniter\Debug\Exceptions->errorHandler()
 2 APPPATH/Controllers/Api.php(139): App\Models\Engine->getBillToSynch()
 3 SYSTEMPATH/CodeIgniter.php(896): App\Controllers\Api->postbillpayment()
 4 SYSTEMPATH/CodeIgniter.php(466): CodeIgniter\CodeIgniter->runController()
 5 SYSTEMPATH/CodeIgniter.php(349): CodeIgniter\CodeIgniter->handleRequest()
 6 FCPATH/index.php(57): CodeIgniter\CodeIgniter->run()
CRITICAL - 2024-01-30 20:57:01 --> Undefined variable $payArray
in APPPATH/Models/Engine.php on line 2035.
 1 APPPATH/Models/Engine.php(2035): CodeIgniter\Debug\Exceptions->errorHandler()
 2 APPPATH/Controllers/Api.php(139): App\Models\Engine->getBillToSynch()
 3 SYSTEMPATH/CodeIgniter.php(896): App\Controllers\Api->postbillpayment()
 4 SYSTEMPATH/CodeIgniter.php(466): CodeIgniter\CodeIgniter->runController()
 5 SYSTEMPATH/CodeIgniter.php(349): CodeIgniter\CodeIgniter->handleRequest()
 6 FCPATH/index.php(57): CodeIgniter\CodeIgniter->run()
CRITICAL - 2024-01-30 20:58:01 --> Undefined variable $payArray
in APPPATH/Models/Engine.php on line 2035.
 1 APPPATH/Models/Engine.php(2035): CodeIgniter\Debug\Exceptions->errorHandler()
 2 APPPATH/Controllers/Api.php(139): App\Models\Engine->getBillToSynch()
 3 SYSTEMPATH/CodeIgniter.php(896): App\Controllers\Api->postbillpayment()
 4 SYSTEMPATH/CodeIgniter.php(466): CodeIgniter\CodeIgniter->runController()
 5 SYSTEMPATH/CodeIgniter.php(349): CodeIgniter\CodeIgniter->handleRequest()
 6 FCPATH/index.php(57): CodeIgniter\CodeIgniter->run()
CRITICAL - 2024-01-30 20:59:01 --> Undefined variable $payArray
in APPPATH/Models/Engine.php on line 2035.
 1 APPPATH/Models/Engine.php(2035): CodeIgniter\Debug\Exceptions->errorHandler()
 2 APPPATH/Controllers/Api.php(139): App\Models\Engine->getBillToSynch()
 3 SYSTEMPATH/CodeIgniter.php(896): App\Controllers\Api->postbillpayment()
 4 SYSTEMPATH/CodeIgniter.php(466): CodeIgniter\CodeIgniter->runController()
 5 SYSTEMPATH/CodeIgniter.php(349): CodeIgniter\CodeIgniter->handleRequest()
 6 FCPATH/index.php(57): CodeIgniter\CodeIgniter->run()
CRITICAL - 2024-01-30 21:00:01 --> Undefined variable $payArray
in APPPATH/Models/Engine.php on line 2035.
 1 APPPATH/Models/Engine.php(2035): CodeIgniter\Debug\Exceptions->errorHandler()
 2 APPPATH/Controllers/Api.php(139): App\Models\Engine->getBillToSynch()
 3 SYSTEMPATH/CodeIgniter.php(896): App\Controllers\Api->postbillpayment()
 4 SYSTEMPATH/CodeIgniter.php(466): CodeIgniter\CodeIgniter->runController()
 5 SYSTEMPATH/CodeIgniter.php(349): CodeIgniter\CodeIgniter->handleRequest()
 6 FCPATH/index.php(57): CodeIgniter\CodeIgniter->run()
CRITICAL - 2024-01-30 21:01:02 --> Undefined variable $payArray
in APPPATH/Models/Engine.php on line 2035.
 1 APPPATH/Models/Engine.php(2035): CodeIgniter\Debug\Exceptions->errorHandler()
 2 APPPATH/Controllers/Api.php(139): App\Models\Engine->getBillToSynch()
 3 SYSTEMPATH/CodeIgniter.php(896): App\Controllers\Api->postbillpayment()
 4 SYSTEMPATH/CodeIgniter.php(466): CodeIgniter\CodeIgniter->runController()
 5 SYSTEMPATH/CodeIgniter.php(349): CodeIgniter\CodeIgniter->handleRequest()
 6 FCPATH/index.php(57): CodeIgniter\CodeIgniter->run()
CRITICAL - 2024-01-30 21:02:01 --> Undefined variable $payArray
in APPPATH/Models/Engine.php on line 2035.
 1 APPPATH/Models/Engine.php(2035): CodeIgniter\Debug\Exceptions->errorHandler()
 2 APPPATH/Controllers/Api.php(139): App\Models\Engine->getBillToSynch()
 3 SYSTEMPATH/CodeIgniter.php(896): App\Controllers\Api->postbillpayment()
 4 SYSTEMPATH/CodeIgniter.php(466): CodeIgniter\CodeIgniter->runController()
 5 SYSTEMPATH/CodeIgniter.php(349): CodeIgniter\CodeIgniter->handleRequest()
 6 FCPATH/index.php(57): CodeIgniter\CodeIgniter->run()
CRITICAL - 2024-01-30 21:03:01 --> Undefined variable $payArray
in APPPATH/Models/Engine.php on line 2035.
 1 APPPATH/Models/Engine.php(2035): CodeIgniter\Debug\Exceptions->errorHandler()
 2 APPPATH/Controllers/Api.php(139): App\Models\Engine->getBillToSynch()
 3 SYSTEMPATH/CodeIgniter.php(896): App\Controllers\Api->postbillpayment()
 4 SYSTEMPATH/CodeIgniter.php(466): CodeIgniter\CodeIgniter->runController()
 5 SYSTEMPATH/CodeIgniter.php(349): CodeIgniter\CodeIgniter->handleRequest()
 6 FCPATH/index.php(57): CodeIgniter\CodeIgniter->run()
CRITICAL - 2024-01-30 21:04:01 --> Undefined variable $payArray
in APPPATH/Models/Engine.php on line 2035.
 1 APPPATH/Models/Engine.php(2035): CodeIgniter\Debug\Exceptions->errorHandler()
 2 APPPATH/Controllers/Api.php(139): App\Models\Engine->getBillToSynch()
 3 SYSTEMPATH/CodeIgniter.php(896): App\Controllers\Api->postbillpayment()
 4 SYSTEMPATH/CodeIgniter.php(466): CodeIgniter\CodeIgniter->runController()
 5 SYSTEMPATH/CodeIgniter.php(349): CodeIgniter\CodeIgniter->handleRequest()
 6 FCPATH/index.php(57): CodeIgniter\CodeIgniter->run()
CRITICAL - 2024-01-30 21:05:01 --> Undefined variable $payArray
in APPPATH/Models/Engine.php on line 2035.
 1 APPPATH/Models/Engine.php(2035): CodeIgniter\Debug\Exceptions->errorHandler()
 2 APPPATH/Controllers/Api.php(139): App\Models\Engine->getBillToSynch()
 3 SYSTEMPATH/CodeIgniter.php(896): App\Controllers\Api->postbillpayment()
 4 SYSTEMPATH/CodeIgniter.php(466): CodeIgniter\CodeIgniter->runController()
 5 SYSTEMPATH/CodeIgniter.php(349): CodeIgniter\CodeIgniter->handleRequest()
 6 FCPATH/index.php(57): CodeIgniter\CodeIgniter->run()
CRITICAL - 2024-01-30 21:06:01 --> Undefined variable $payArray
in APPPATH/Models/Engine.php on line 2035.
 1 APPPATH/Models/Engine.php(2035): CodeIgniter\Debug\Exceptions->errorHandler()
 2 APPPATH/Controllers/Api.php(139): App\Models\Engine->getBillToSynch()
 3 SYSTEMPATH/CodeIgniter.php(896): App\Controllers\Api->postbillpayment()
 4 SYSTEMPATH/CodeIgniter.php(466): CodeIgniter\CodeIgniter->runController()
 5 SYSTEMPATH/CodeIgniter.php(349): CodeIgniter\CodeIgniter->handleRequest()
 6 FCPATH/index.php(57): CodeIgniter\CodeIgniter->run()
CRITICAL - 2024-01-30 21:07:01 --> Undefined variable $payArray
in APPPATH/Models/Engine.php on line 2035.
 1 APPPATH/Models/Engine.php(2035): CodeIgniter\Debug\Exceptions->errorHandler()
 2 APPPATH/Controllers/Api.php(139): App\Models\Engine->getBillToSynch()
 3 SYSTEMPATH/CodeIgniter.php(896): App\Controllers\Api->postbillpayment()
 4 SYSTEMPATH/CodeIgniter.php(466): CodeIgniter\CodeIgniter->runController()
 5 SYSTEMPATH/CodeIgniter.php(349): CodeIgniter\CodeIgniter->handleRequest()
 6 FCPATH/index.php(57): CodeIgniter\CodeIgniter->run()
CRITICAL - 2024-01-30 21:08:01 --> Undefined variable $payArray
in APPPATH/Models/Engine.php on line 2035.
 1 APPPATH/Models/Engine.php(2035): CodeIgniter\Debug\Exceptions->errorHandler()
 2 APPPATH/Controllers/Api.php(139): App\Models\Engine->getBillToSynch()
 3 SYSTEMPATH/CodeIgniter.php(896): App\Controllers\Api->postbillpayment()
 4 SYSTEMPATH/CodeIgniter.php(466): CodeIgniter\CodeIgniter->runController()
 5 SYSTEMPATH/CodeIgniter.php(349): CodeIgniter\CodeIgniter->handleRequest()
 6 FCPATH/index.php(57): CodeIgniter\CodeIgniter->run()
CRITICAL - 2024-01-30 21:09:01 --> Undefined variable $payArray
in APPPATH/Models/Engine.php on line 2035.
 1 APPPATH/Models/Engine.php(2035): CodeIgniter\Debug\Exceptions->errorHandler()
 2 APPPATH/Controllers/Api.php(139): App\Models\Engine->getBillToSynch()
 3 SYSTEMPATH/CodeIgniter.php(896): App\Controllers\Api->postbillpayment()
 4 SYSTEMPATH/CodeIgniter.php(466): CodeIgniter\CodeIgniter->runController()
 5 SYSTEMPATH/CodeIgniter.php(349): CodeIgniter\CodeIgniter->handleRequest()
 6 FCPATH/index.php(57): CodeIgniter\CodeIgniter->run()
CRITICAL - 2024-01-30 21:10:01 --> Undefined variable $payArray
in APPPATH/Models/Engine.php on line 2035.
 1 APPPATH/Models/Engine.php(2035): CodeIgniter\Debug\Exceptions->errorHandler()
 2 APPPATH/Controllers/Api.php(139): App\Models\Engine->getBillToSynch()
 3 SYSTEMPATH/CodeIgniter.php(896): App\Controllers\Api->postbillpayment()
 4 SYSTEMPATH/CodeIgniter.php(466): CodeIgniter\CodeIgniter->runController()
 5 SYSTEMPATH/CodeIgniter.php(349): CodeIgniter\CodeIgniter->handleRequest()
 6 FCPATH/index.php(57): CodeIgniter\CodeIgniter->run()
CRITICAL - 2024-01-30 21:11:01 --> Undefined variable $payArray
in APPPATH/Models/Engine.php on line 2035.
 1 APPPATH/Models/Engine.php(2035): CodeIgniter\Debug\Exceptions->errorHandler()
 2 APPPATH/Controllers/Api.php(139): App\Models\Engine->getBillToSynch()
 3 SYSTEMPATH/CodeIgniter.php(896): App\Controllers\Api->postbillpayment()
 4 SYSTEMPATH/CodeIgniter.php(466): CodeIgniter\CodeIgniter->runController()
 5 SYSTEMPATH/CodeIgniter.php(349): CodeIgniter\CodeIgniter->handleRequest()
 6 FCPATH/index.php(57): CodeIgniter\CodeIgniter->run()
CRITICAL - 2024-01-30 21:12:01 --> Undefined variable $payArray
in APPPATH/Models/Engine.php on line 2035.
 1 APPPATH/Models/Engine.php(2035): CodeIgniter\Debug\Exceptions->errorHandler()
 2 APPPATH/Controllers/Api.php(139): App\Models\Engine->getBillToSynch()
 3 SYSTEMPATH/CodeIgniter.php(896): App\Controllers\Api->postbillpayment()
 4 SYSTEMPATH/CodeIgniter.php(466): CodeIgniter\CodeIgniter->runController()
 5 SYSTEMPATH/CodeIgniter.php(349): CodeIgniter\CodeIgniter->handleRequest()
 6 FCPATH/index.php(57): CodeIgniter\CodeIgniter->run()
CRITICAL - 2024-01-30 21:13:01 --> Undefined variable $payArray
in APPPATH/Models/Engine.php on line 2035.
 1 APPPATH/Models/Engine.php(2035): CodeIgniter\Debug\Exceptions->errorHandler()
 2 APPPATH/Controllers/Api.php(139): App\Models\Engine->getBillToSynch()
 3 SYSTEMPATH/CodeIgniter.php(896): App\Controllers\Api->postbillpayment()
 4 SYSTEMPATH/CodeIgniter.php(466): CodeIgniter\CodeIgniter->runController()
 5 SYSTEMPATH/CodeIgniter.php(349): CodeIgniter\CodeIgniter->handleRequest()
 6 FCPATH/index.php(57): CodeIgniter\CodeIgniter->run()
CRITICAL - 2024-01-30 21:14:01 --> Undefined variable $payArray
in APPPATH/Models/Engine.php on line 2035.
 1 APPPATH/Models/Engine.php(2035): CodeIgniter\Debug\Exceptions->errorHandler()
 2 APPPATH/Controllers/Api.php(139): App\Models\Engine->getBillToSynch()
 3 SYSTEMPATH/CodeIgniter.php(896): App\Controllers\Api->postbillpayment()
 4 SYSTEMPATH/CodeIgniter.php(466): CodeIgniter\CodeIgniter->runController()
 5 SYSTEMPATH/CodeIgniter.php(349): CodeIgniter\CodeIgniter->handleRequest()
 6 FCPATH/index.php(57): CodeIgniter\CodeIgniter->run()
CRITICAL - 2024-01-30 21:15:01 --> Undefined variable $payArray
in APPPATH/Models/Engine.php on line 2035.
 1 APPPATH/Models/Engine.php(2035): CodeIgniter\Debug\Exceptions->errorHandler()
 2 APPPATH/Controllers/Api.php(139): App\Models\Engine->getBillToSynch()
 3 SYSTEMPATH/CodeIgniter.php(896): App\Controllers\Api->postbillpayment()
 4 SYSTEMPATH/CodeIgniter.php(466): CodeIgniter\CodeIgniter->runController()
 5 SYSTEMPATH/CodeIgniter.php(349): CodeIgniter\CodeIgniter->handleRequest()
 6 FCPATH/index.php(57): CodeIgniter\CodeIgniter->run()
CRITICAL - 2024-01-30 21:16:01 --> Undefined variable $payArray
in APPPATH/Models/Engine.php on line 2035.
 1 APPPATH/Models/Engine.php(2035): CodeIgniter\Debug\Exceptions->errorHandler()
 2 APPPATH/Controllers/Api.php(139): App\Models\Engine->getBillToSynch()
 3 SYSTEMPATH/CodeIgniter.php(896): App\Controllers\Api->postbillpayment()
 4 SYSTEMPATH/CodeIgniter.php(466): CodeIgniter\CodeIgniter->runController()
 5 SYSTEMPATH/CodeIgniter.php(349): CodeIgniter\CodeIgniter->handleRequest()
 6 FCPATH/index.php(57): CodeIgniter\CodeIgniter->run()
CRITICAL - 2024-01-30 21:17:01 --> Undefined variable $payArray
in APPPATH/Models/Engine.php on line 2035.
 1 APPPATH/Models/Engine.php(2035): CodeIgniter\Debug\Exceptions->errorHandler()
 2 APPPATH/Controllers/Api.php(139): App\Models\Engine->getBillToSynch()
 3 SYSTEMPATH/CodeIgniter.php(896): App\Controllers\Api->postbillpayment()
 4 SYSTEMPATH/CodeIgniter.php(466): CodeIgniter\CodeIgniter->runController()
 5 SYSTEMPATH/CodeIgniter.php(349): CodeIgniter\CodeIgniter->handleRequest()
 6 FCPATH/index.php(57): CodeIgniter\CodeIgniter->run()
CRITICAL - 2024-01-30 21:18:01 --> Undefined variable $payArray
in APPPATH/Models/Engine.php on line 2035.
 1 APPPATH/Models/Engine.php(2035): CodeIgniter\Debug\Exceptions->errorHandler()
 2 APPPATH/Controllers/Api.php(139): App\Models\Engine->getBillToSynch()
 3 SYSTEMPATH/CodeIgniter.php(896): App\Controllers\Api->postbillpayment()
 4 SYSTEMPATH/CodeIgniter.php(466): CodeIgniter\CodeIgniter->runController()
 5 SYSTEMPATH/CodeIgniter.php(349): CodeIgniter\CodeIgniter->handleRequest()
 6 FCPATH/index.php(57): CodeIgniter\CodeIgniter->run()
CRITICAL - 2024-01-30 21:19:01 --> Undefined variable $payArray
in APPPATH/Models/Engine.php on line 2035.
 1 APPPATH/Models/Engine.php(2035): CodeIgniter\Debug\Exceptions->errorHandler()
 2 APPPATH/Controllers/Api.php(139): App\Models\Engine->getBillToSynch()
 3 SYSTEMPATH/CodeIgniter.php(896): App\Controllers\Api->postbillpayment()
 4 SYSTEMPATH/CodeIgniter.php(466): CodeIgniter\CodeIgniter->runController()
 5 SYSTEMPATH/CodeIgniter.php(349): CodeIgniter\CodeIgniter->handleRequest()
 6 FCPATH/index.php(57): CodeIgniter\CodeIgniter->run()
CRITICAL - 2024-01-30 21:20:01 --> Undefined variable $payArray
in APPPATH/Models/Engine.php on line 2035.
 1 APPPATH/Models/Engine.php(2035): CodeIgniter\Debug\Exceptions->errorHandler()
 2 APPPATH/Controllers/Api.php(139): App\Models\Engine->getBillToSynch()
 3 SYSTEMPATH/CodeIgniter.php(896): App\Controllers\Api->postbillpayment()
 4 SYSTEMPATH/CodeIgniter.php(466): CodeIgniter\CodeIgniter->runController()
 5 SYSTEMPATH/CodeIgniter.php(349): CodeIgniter\CodeIgniter->handleRequest()
 6 FCPATH/index.php(57): CodeIgniter\CodeIgniter->run()
CRITICAL - 2024-01-30 21:21:01 --> Undefined variable $payArray
in APPPATH/Models/Engine.php on line 2035.
 1 APPPATH/Models/Engine.php(2035): CodeIgniter\Debug\Exceptions->errorHandler()
 2 APPPATH/Controllers/Api.php(139): App\Models\Engine->getBillToSynch()
 3 SYSTEMPATH/CodeIgniter.php(896): App\Controllers\Api->postbillpayment()
 4 SYSTEMPATH/CodeIgniter.php(466): CodeIgniter\CodeIgniter->runController()
 5 SYSTEMPATH/CodeIgniter.php(349): CodeIgniter\CodeIgniter->handleRequest()
 6 FCPATH/index.php(57): CodeIgniter\CodeIgniter->run()
CRITICAL - 2024-01-30 21:22:01 --> Undefined variable $payArray
in APPPATH/Models/Engine.php on line 2035.
 1 APPPATH/Models/Engine.php(2035): CodeIgniter\Debug\Exceptions->errorHandler()
 2 APPPATH/Controllers/Api.php(139): App\Models\Engine->getBillToSynch()
 3 SYSTEMPATH/CodeIgniter.php(896): App\Controllers\Api->postbillpayment()
 4 SYSTEMPATH/CodeIgniter.php(466): CodeIgniter\CodeIgniter->runController()
 5 SYSTEMPATH/CodeIgniter.php(349): CodeIgniter\CodeIgniter->handleRequest()
 6 FCPATH/index.php(57): CodeIgniter\CodeIgniter->run()
CRITICAL - 2024-01-30 21:23:01 --> Undefined variable $payArray
in APPPATH/Models/Engine.php on line 2035.
 1 APPPATH/Models/Engine.php(2035): CodeIgniter\Debug\Exceptions->errorHandler()
 2 APPPATH/Controllers/Api.php(139): App\Models\Engine->getBillToSynch()
 3 SYSTEMPATH/CodeIgniter.php(896): App\Controllers\Api->postbillpayment()
 4 SYSTEMPATH/CodeIgniter.php(466): CodeIgniter\CodeIgniter->runController()
 5 SYSTEMPATH/CodeIgniter.php(349): CodeIgniter\CodeIgniter->handleRequest()
 6 FCPATH/index.php(57): CodeIgniter\CodeIgniter->run()
CRITICAL - 2024-01-30 21:24:01 --> Undefined variable $payArray
in APPPATH/Models/Engine.php on line 2035.
 1 APPPATH/Models/Engine.php(2035): CodeIgniter\Debug\Exceptions->errorHandler()
 2 APPPATH/Controllers/Api.php(139): App\Models\Engine->getBillToSynch()
 3 SYSTEMPATH/CodeIgniter.php(896): App\Controllers\Api->postbillpayment()
 4 SYSTEMPATH/CodeIgniter.php(466): CodeIgniter\CodeIgniter->runController()
 5 SYSTEMPATH/CodeIgniter.php(349): CodeIgniter\CodeIgniter->handleRequest()
 6 FCPATH/index.php(57): CodeIgniter\CodeIgniter->run()
CRITICAL - 2024-01-30 21:25:01 --> Undefined variable $payArray
in APPPATH/Models/Engine.php on line 2035.
 1 APPPATH/Models/Engine.php(2035): CodeIgniter\Debug\Exceptions->errorHandler()
 2 APPPATH/Controllers/Api.php(139): App\Models\Engine->getBillToSynch()
 3 SYSTEMPATH/CodeIgniter.php(896): App\Controllers\Api->postbillpayment()
 4 SYSTEMPATH/CodeIgniter.php(466): CodeIgniter\CodeIgniter->runController()
 5 SYSTEMPATH/CodeIgniter.php(349): CodeIgniter\CodeIgniter->handleRequest()
 6 FCPATH/index.php(57): CodeIgniter\CodeIgniter->run()
CRITICAL - 2024-01-30 21:26:02 --> Undefined variable $payArray
in APPPATH/Models/Engine.php on line 2035.
 1 APPPATH/Models/Engine.php(2035): CodeIgniter\Debug\Exceptions->errorHandler()
 2 APPPATH/Controllers/Api.php(139): App\Models\Engine->getBillToSynch()
 3 SYSTEMPATH/CodeIgniter.php(896): App\Controllers\Api->postbillpayment()
 4 SYSTEMPATH/CodeIgniter.php(466): CodeIgniter\CodeIgniter->runController()
 5 SYSTEMPATH/CodeIgniter.php(349): CodeIgniter\CodeIgniter->handleRequest()
 6 FCPATH/index.php(57): CodeIgniter\CodeIgniter->run()
CRITICAL - 2024-01-30 21:27:01 --> Undefined variable $payArray
in APPPATH/Models/Engine.php on line 2035.
 1 APPPATH/Models/Engine.php(2035): CodeIgniter\Debug\Exceptions->errorHandler()
 2 APPPATH/Controllers/Api.php(139): App\Models\Engine->getBillToSynch()
 3 SYSTEMPATH/CodeIgniter.php(896): App\Controllers\Api->postbillpayment()
 4 SYSTEMPATH/CodeIgniter.php(466): CodeIgniter\CodeIgniter->runController()
 5 SYSTEMPATH/CodeIgniter.php(349): CodeIgniter\CodeIgniter->handleRequest()
 6 FCPATH/index.php(57): CodeIgniter\CodeIgniter->run()
CRITICAL - 2024-01-30 21:28:01 --> Undefined variable $payArray
in APPPATH/Models/Engine.php on line 2035.
 1 APPPATH/Models/Engine.php(2035): CodeIgniter\Debug\Exceptions->errorHandler()
 2 APPPATH/Controllers/Api.php(139): App\Models\Engine->getBillToSynch()
 3 SYSTEMPATH/CodeIgniter.php(896): App\Controllers\Api->postbillpayment()
 4 SYSTEMPATH/CodeIgniter.php(466): CodeIgniter\CodeIgniter->runController()
 5 SYSTEMPATH/CodeIgniter.php(349): CodeIgniter\CodeIgniter->handleRequest()
 6 FCPATH/index.php(57): CodeIgniter\CodeIgniter->run()
CRITICAL - 2024-01-30 21:29:01 --> Undefined variable $payArray
in APPPATH/Models/Engine.php on line 2035.
 1 APPPATH/Models/Engine.php(2035): CodeIgniter\Debug\Exceptions->errorHandler()
 2 APPPATH/Controllers/Api.php(139): App\Models\Engine->getBillToSynch()
 3 SYSTEMPATH/CodeIgniter.php(896): App\Controllers\Api->postbillpayment()
 4 SYSTEMPATH/CodeIgniter.php(466): CodeIgniter\CodeIgniter->runController()
 5 SYSTEMPATH/CodeIgniter.php(349): CodeIgniter\CodeIgniter->handleRequest()
 6 FCPATH/index.php(57): CodeIgniter\CodeIgniter->run()
CRITICAL - 2024-01-30 21:30:01 --> Undefined variable $payArray
in APPPATH/Models/Engine.php on line 2035.
 1 APPPATH/Models/Engine.php(2035): CodeIgniter\Debug\Exceptions->errorHandler()
 2 APPPATH/Controllers/Api.php(139): App\Models\Engine->getBillToSynch()
 3 SYSTEMPATH/CodeIgniter.php(896): App\Controllers\Api->postbillpayment()
 4 SYSTEMPATH/CodeIgniter.php(466): CodeIgniter\CodeIgniter->runController()
 5 SYSTEMPATH/CodeIgniter.php(349): CodeIgniter\CodeIgniter->handleRequest()
 6 FCPATH/index.php(57): CodeIgniter\CodeIgniter->run()
CRITICAL - 2024-01-30 21:31:01 --> Undefined variable $payArray
in APPPATH/Models/Engine.php on line 2035.
 1 APPPATH/Models/Engine.php(2035): CodeIgniter\Debug\Exceptions->errorHandler()
 2 APPPATH/Controllers/Api.php(139): App\Models\Engine->getBillToSynch()
 3 SYSTEMPATH/CodeIgniter.php(896): App\Controllers\Api->postbillpayment()
 4 SYSTEMPATH/CodeIgniter.php(466): CodeIgniter\CodeIgniter->runController()
 5 SYSTEMPATH/CodeIgniter.php(349): CodeIgniter\CodeIgniter->handleRequest()
 6 FCPATH/index.php(57): CodeIgniter\CodeIgniter->run()
CRITICAL - 2024-01-30 21:32:01 --> Undefined variable $payArray
in APPPATH/Models/Engine.php on line 2035.
 1 APPPATH/Models/Engine.php(2035): CodeIgniter\Debug\Exceptions->errorHandler()
 2 APPPATH/Controllers/Api.php(139): App\Models\Engine->getBillToSynch()
 3 SYSTEMPATH/CodeIgniter.php(896): App\Controllers\Api->postbillpayment()
 4 SYSTEMPATH/CodeIgniter.php(466): CodeIgniter\CodeIgniter->runController()
 5 SYSTEMPATH/CodeIgniter.php(349): CodeIgniter\CodeIgniter->handleRequest()
 6 FCPATH/index.php(57): CodeIgniter\CodeIgniter->run()
CRITICAL - 2024-01-30 21:33:01 --> Undefined variable $payArray
in APPPATH/Models/Engine.php on line 2035.
 1 APPPATH/Models/Engine.php(2035): CodeIgniter\Debug\Exceptions->errorHandler()
 2 APPPATH/Controllers/Api.php(139): App\Models\Engine->getBillToSynch()
 3 SYSTEMPATH/CodeIgniter.php(896): App\Controllers\Api->postbillpayment()
 4 SYSTEMPATH/CodeIgniter.php(466): CodeIgniter\CodeIgniter->runController()
 5 SYSTEMPATH/CodeIgniter.php(349): CodeIgniter\CodeIgniter->handleRequest()
 6 FCPATH/index.php(57): CodeIgniter\CodeIgniter->run()
CRITICAL - 2024-01-30 21:34:01 --> Undefined variable $payArray
in APPPATH/Models/Engine.php on line 2035.
 1 APPPATH/Models/Engine.php(2035): CodeIgniter\Debug\Exceptions->errorHandler()
 2 APPPATH/Controllers/Api.php(139): App\Models\Engine->getBillToSynch()
 3 SYSTEMPATH/CodeIgniter.php(896): App\Controllers\Api->postbillpayment()
 4 SYSTEMPATH/CodeIgniter.php(466): CodeIgniter\CodeIgniter->runController()
 5 SYSTEMPATH/CodeIgniter.php(349): CodeIgniter\CodeIgniter->handleRequest()
 6 FCPATH/index.php(57): CodeIgniter\CodeIgniter->run()
CRITICAL - 2024-01-30 21:35:01 --> Undefined variable $payArray
in APPPATH/Models/Engine.php on line 2035.
 1 APPPATH/Models/Engine.php(2035): CodeIgniter\Debug\Exceptions->errorHandler()
 2 APPPATH/Controllers/Api.php(139): App\Models\Engine->getBillToSynch()
 3 SYSTEMPATH/CodeIgniter.php(896): App\Controllers\Api->postbillpayment()
 4 SYSTEMPATH/CodeIgniter.php(466): CodeIgniter\CodeIgniter->runController()
 5 SYSTEMPATH/CodeIgniter.php(349): CodeIgniter\CodeIgniter->handleRequest()
 6 FCPATH/index.php(57): CodeIgniter\CodeIgniter->run()
CRITICAL - 2024-01-30 21:36:01 --> Undefined variable $payArray
in APPPATH/Models/Engine.php on line 2035.
 1 APPPATH/Models/Engine.php(2035): CodeIgniter\Debug\Exceptions->errorHandler()
 2 APPPATH/Controllers/Api.php(139): App\Models\Engine->getBillToSynch()
 3 SYSTEMPATH/CodeIgniter.php(896): App\Controllers\Api->postbillpayment()
 4 SYSTEMPATH/CodeIgniter.php(466): CodeIgniter\CodeIgniter->runController()
 5 SYSTEMPATH/CodeIgniter.php(349): CodeIgniter\CodeIgniter->handleRequest()
 6 FCPATH/index.php(57): CodeIgniter\CodeIgniter->run()
CRITICAL - 2024-01-30 21:37:01 --> Undefined variable $payArray
in APPPATH/Models/Engine.php on line 2035.
 1 APPPATH/Models/Engine.php(2035): CodeIgniter\Debug\Exceptions->errorHandler()
 2 APPPATH/Controllers/Api.php(139): App\Models\Engine->getBillToSynch()
 3 SYSTEMPATH/CodeIgniter.php(896): App\Controllers\Api->postbillpayment()
 4 SYSTEMPATH/CodeIgniter.php(466): CodeIgniter\CodeIgniter->runController()
 5 SYSTEMPATH/CodeIgniter.php(349): CodeIgniter\CodeIgniter->handleRequest()
 6 FCPATH/index.php(57): CodeIgniter\CodeIgniter->run()
CRITICAL - 2024-01-30 21:38:01 --> Undefined variable $payArray
in APPPATH/Models/Engine.php on line 2035.
 1 APPPATH/Models/Engine.php(2035): CodeIgniter\Debug\Exceptions->errorHandler()
 2 APPPATH/Controllers/Api.php(139): App\Models\Engine->getBillToSynch()
 3 SYSTEMPATH/CodeIgniter.php(896): App\Controllers\Api->postbillpayment()
 4 SYSTEMPATH/CodeIgniter.php(466): CodeIgniter\CodeIgniter->runController()
 5 SYSTEMPATH/CodeIgniter.php(349): CodeIgniter\CodeIgniter->handleRequest()
 6 FCPATH/index.php(57): CodeIgniter\CodeIgniter->run()
CRITICAL - 2024-01-30 21:39:01 --> Undefined variable $payArray
in APPPATH/Models/Engine.php on line 2035.
 1 APPPATH/Models/Engine.php(2035): CodeIgniter\Debug\Exceptions->errorHandler()
 2 APPPATH/Controllers/Api.php(139): App\Models\Engine->getBillToSynch()
 3 SYSTEMPATH/CodeIgniter.php(896): App\Controllers\Api->postbillpayment()
 4 SYSTEMPATH/CodeIgniter.php(466): CodeIgniter\CodeIgniter->runController()
 5 SYSTEMPATH/CodeIgniter.php(349): CodeIgniter\CodeIgniter->handleRequest()
 6 FCPATH/index.php(57): CodeIgniter\CodeIgniter->run()
CRITICAL - 2024-01-30 21:40:01 --> Undefined variable $payArray
in APPPATH/Models/Engine.php on line 2035.
 1 APPPATH/Models/Engine.php(2035): CodeIgniter\Debug\Exceptions->errorHandler()
 2 APPPATH/Controllers/Api.php(139): App\Models\Engine->getBillToSynch()
 3 SYSTEMPATH/CodeIgniter.php(896): App\Controllers\Api->postbillpayment()
 4 SYSTEMPATH/CodeIgniter.php(466): CodeIgniter\CodeIgniter->runController()
 5 SYSTEMPATH/CodeIgniter.php(349): CodeIgniter\CodeIgniter->handleRequest()
 6 FCPATH/index.php(57): CodeIgniter\CodeIgniter->run()
CRITICAL - 2024-01-30 21:41:01 --> Undefined variable $payArray
in APPPATH/Models/Engine.php on line 2035.
 1 APPPATH/Models/Engine.php(2035): CodeIgniter\Debug\Exceptions->errorHandler()
 2 APPPATH/Controllers/Api.php(139): App\Models\Engine->getBillToSynch()
 3 SYSTEMPATH/CodeIgniter.php(896): App\Controllers\Api->postbillpayment()
 4 SYSTEMPATH/CodeIgniter.php(466): CodeIgniter\CodeIgniter->runController()
 5 SYSTEMPATH/CodeIgniter.php(349): CodeIgniter\CodeIgniter->handleRequest()
 6 FCPATH/index.php(57): CodeIgniter\CodeIgniter->run()
CRITICAL - 2024-01-30 21:42:01 --> Undefined variable $payArray
in APPPATH/Models/Engine.php on line 2035.
 1 APPPATH/Models/Engine.php(2035): CodeIgniter\Debug\Exceptions->errorHandler()
 2 APPPATH/Controllers/Api.php(139): App\Models\Engine->getBillToSynch()
 3 SYSTEMPATH/CodeIgniter.php(896): App\Controllers\Api->postbillpayment()
 4 SYSTEMPATH/CodeIgniter.php(466): CodeIgniter\CodeIgniter->runController()
 5 SYSTEMPATH/CodeIgniter.php(349): CodeIgniter\CodeIgniter->handleRequest()
 6 FCPATH/index.php(57): CodeIgniter\CodeIgniter->run()
CRITICAL - 2024-01-30 21:43:01 --> Undefined variable $payArray
in APPPATH/Models/Engine.php on line 2035.
 1 APPPATH/Models/Engine.php(2035): CodeIgniter\Debug\Exceptions->errorHandler()
 2 APPPATH/Controllers/Api.php(139): App\Models\Engine->getBillToSynch()
 3 SYSTEMPATH/CodeIgniter.php(896): App\Controllers\Api->postbillpayment()
 4 SYSTEMPATH/CodeIgniter.php(466): CodeIgniter\CodeIgniter->runController()
 5 SYSTEMPATH/CodeIgniter.php(349): CodeIgniter\CodeIgniter->handleRequest()
 6 FCPATH/index.php(57): CodeIgniter\CodeIgniter->run()
CRITICAL - 2024-01-30 21:44:01 --> Undefined variable $payArray
in APPPATH/Models/Engine.php on line 2035.
 1 APPPATH/Models/Engine.php(2035): CodeIgniter\Debug\Exceptions->errorHandler()
 2 APPPATH/Controllers/Api.php(139): App\Models\Engine->getBillToSynch()
 3 SYSTEMPATH/CodeIgniter.php(896): App\Controllers\Api->postbillpayment()
 4 SYSTEMPATH/CodeIgniter.php(466): CodeIgniter\CodeIgniter->runController()
 5 SYSTEMPATH/CodeIgniter.php(349): CodeIgniter\CodeIgniter->handleRequest()
 6 FCPATH/index.php(57): CodeIgniter\CodeIgniter->run()
CRITICAL - 2024-01-30 21:45:01 --> Undefined variable $payArray
in APPPATH/Models/Engine.php on line 2035.
 1 APPPATH/Models/Engine.php(2035): CodeIgniter\Debug\Exceptions->errorHandler()
 2 APPPATH/Controllers/Api.php(139): App\Models\Engine->getBillToSynch()
 3 SYSTEMPATH/CodeIgniter.php(896): App\Controllers\Api->postbillpayment()
 4 SYSTEMPATH/CodeIgniter.php(466): CodeIgniter\CodeIgniter->runController()
 5 SYSTEMPATH/CodeIgniter.php(349): CodeIgniter\CodeIgniter->handleRequest()
 6 FCPATH/index.php(57): CodeIgniter\CodeIgniter->run()
CRITICAL - 2024-01-30 21:46:01 --> Undefined variable $payArray
in APPPATH/Models/Engine.php on line 2035.
 1 APPPATH/Models/Engine.php(2035): CodeIgniter\Debug\Exceptions->errorHandler()
 2 APPPATH/Controllers/Api.php(139): App\Models\Engine->getBillToSynch()
 3 SYSTEMPATH/CodeIgniter.php(896): App\Controllers\Api->postbillpayment()
 4 SYSTEMPATH/CodeIgniter.php(466): CodeIgniter\CodeIgniter->runController()
 5 SYSTEMPATH/CodeIgniter.php(349): CodeIgniter\CodeIgniter->handleRequest()
 6 FCPATH/index.php(57): CodeIgniter\CodeIgniter->run()
CRITICAL - 2024-01-30 21:47:01 --> Undefined variable $payArray
in APPPATH/Models/Engine.php on line 2035.
 1 APPPATH/Models/Engine.php(2035): CodeIgniter\Debug\Exceptions->errorHandler()
 2 APPPATH/Controllers/Api.php(139): App\Models\Engine->getBillToSynch()
 3 SYSTEMPATH/CodeIgniter.php(896): App\Controllers\Api->postbillpayment()
 4 SYSTEMPATH/CodeIgniter.php(466): CodeIgniter\CodeIgniter->runController()
 5 SYSTEMPATH/CodeIgniter.php(349): CodeIgniter\CodeIgniter->handleRequest()
 6 FCPATH/index.php(57): CodeIgniter\CodeIgniter->run()
CRITICAL - 2024-01-30 21:48:01 --> Undefined variable $payArray
in APPPATH/Models/Engine.php on line 2035.
 1 APPPATH/Models/Engine.php(2035): CodeIgniter\Debug\Exceptions->errorHandler()
 2 APPPATH/Controllers/Api.php(139): App\Models\Engine->getBillToSynch()
 3 SYSTEMPATH/CodeIgniter.php(896): App\Controllers\Api->postbillpayment()
 4 SYSTEMPATH/CodeIgniter.php(466): CodeIgniter\CodeIgniter->runController()
 5 SYSTEMPATH/CodeIgniter.php(349): CodeIgniter\CodeIgniter->handleRequest()
 6 FCPATH/index.php(57): CodeIgniter\CodeIgniter->run()
CRITICAL - 2024-01-30 21:49:01 --> Undefined variable $payArray
in APPPATH/Models/Engine.php on line 2035.
 1 APPPATH/Models/Engine.php(2035): CodeIgniter\Debug\Exceptions->errorHandler()
 2 APPPATH/Controllers/Api.php(139): App\Models\Engine->getBillToSynch()
 3 SYSTEMPATH/CodeIgniter.php(896): App\Controllers\Api->postbillpayment()
 4 SYSTEMPATH/CodeIgniter.php(466): CodeIgniter\CodeIgniter->runController()
 5 SYSTEMPATH/CodeIgniter.php(349): CodeIgniter\CodeIgniter->handleRequest()
 6 FCPATH/index.php(57): CodeIgniter\CodeIgniter->run()
CRITICAL - 2024-01-30 21:50:01 --> Undefined variable $payArray
in APPPATH/Models/Engine.php on line 2035.
 1 APPPATH/Models/Engine.php(2035): CodeIgniter\Debug\Exceptions->errorHandler()
 2 APPPATH/Controllers/Api.php(139): App\Models\Engine->getBillToSynch()
 3 SYSTEMPATH/CodeIgniter.php(896): App\Controllers\Api->postbillpayment()
 4 SYSTEMPATH/CodeIgniter.php(466): CodeIgniter\CodeIgniter->runController()
 5 SYSTEMPATH/CodeIgniter.php(349): CodeIgniter\CodeIgniter->handleRequest()
 6 FCPATH/index.php(57): CodeIgniter\CodeIgniter->run()
CRITICAL - 2024-01-30 21:51:01 --> Undefined variable $payArray
in APPPATH/Models/Engine.php on line 2035.
 1 APPPATH/Models/Engine.php(2035): CodeIgniter\Debug\Exceptions->errorHandler()
 2 APPPATH/Controllers/Api.php(139): App\Models\Engine->getBillToSynch()
 3 SYSTEMPATH/CodeIgniter.php(896): App\Controllers\Api->postbillpayment()
 4 SYSTEMPATH/CodeIgniter.php(466): CodeIgniter\CodeIgniter->runController()
 5 SYSTEMPATH/CodeIgniter.php(349): CodeIgniter\CodeIgniter->handleRequest()
 6 FCPATH/index.php(57): CodeIgniter\CodeIgniter->run()
CRITICAL - 2024-01-30 21:52:02 --> Undefined variable $payArray
in APPPATH/Models/Engine.php on line 2035.
 1 APPPATH/Models/Engine.php(2035): CodeIgniter\Debug\Exceptions->errorHandler()
 2 APPPATH/Controllers/Api.php(139): App\Models\Engine->getBillToSynch()
 3 SYSTEMPATH/CodeIgniter.php(896): App\Controllers\Api->postbillpayment()
 4 SYSTEMPATH/CodeIgniter.php(466): CodeIgniter\CodeIgniter->runController()
 5 SYSTEMPATH/CodeIgniter.php(349): CodeIgniter\CodeIgniter->handleRequest()
 6 FCPATH/index.php(57): CodeIgniter\CodeIgniter->run()
CRITICAL - 2024-01-30 21:53:01 --> Undefined variable $payArray
in APPPATH/Models/Engine.php on line 2035.
 1 APPPATH/Models/Engine.php(2035): CodeIgniter\Debug\Exceptions->errorHandler()
 2 APPPATH/Controllers/Api.php(139): App\Models\Engine->getBillToSynch()
 3 SYSTEMPATH/CodeIgniter.php(896): App\Controllers\Api->postbillpayment()
 4 SYSTEMPATH/CodeIgniter.php(466): CodeIgniter\CodeIgniter->runController()
 5 SYSTEMPATH/CodeIgniter.php(349): CodeIgniter\CodeIgniter->handleRequest()
 6 FCPATH/index.php(57): CodeIgniter\CodeIgniter->run()
CRITICAL - 2024-01-30 21:54:01 --> Undefined variable $payArray
in APPPATH/Models/Engine.php on line 2035.
 1 APPPATH/Models/Engine.php(2035): CodeIgniter\Debug\Exceptions->errorHandler()
 2 APPPATH/Controllers/Api.php(139): App\Models\Engine->getBillToSynch()
 3 SYSTEMPATH/CodeIgniter.php(896): App\Controllers\Api->postbillpayment()
 4 SYSTEMPATH/CodeIgniter.php(466): CodeIgniter\CodeIgniter->runController()
 5 SYSTEMPATH/CodeIgniter.php(349): CodeIgniter\CodeIgniter->handleRequest()
 6 FCPATH/index.php(57): CodeIgniter\CodeIgniter->run()
CRITICAL - 2024-01-30 21:55:01 --> Undefined variable $payArray
in APPPATH/Models/Engine.php on line 2035.
 1 APPPATH/Models/Engine.php(2035): CodeIgniter\Debug\Exceptions->errorHandler()
 2 APPPATH/Controllers/Api.php(139): App\Models\Engine->getBillToSynch()
 3 SYSTEMPATH/CodeIgniter.php(896): App\Controllers\Api->postbillpayment()
 4 SYSTEMPATH/CodeIgniter.php(466): CodeIgniter\CodeIgniter->runController()
 5 SYSTEMPATH/CodeIgniter.php(349): CodeIgniter\CodeIgniter->handleRequest()
 6 FCPATH/index.php(57): CodeIgniter\CodeIgniter->run()
CRITICAL - 2024-01-30 21:56:01 --> Undefined variable $payArray
in APPPATH/Models/Engine.php on line 2035.
 1 APPPATH/Models/Engine.php(2035): CodeIgniter\Debug\Exceptions->errorHandler()
 2 APPPATH/Controllers/Api.php(139): App\Models\Engine->getBillToSynch()
 3 SYSTEMPATH/CodeIgniter.php(896): App\Controllers\Api->postbillpayment()
 4 SYSTEMPATH/CodeIgniter.php(466): CodeIgniter\CodeIgniter->runController()
 5 SYSTEMPATH/CodeIgniter.php(349): CodeIgniter\CodeIgniter->handleRequest()
 6 FCPATH/index.php(57): CodeIgniter\CodeIgniter->run()
CRITICAL - 2024-01-30 21:57:01 --> Undefined variable $payArray
in APPPATH/Models/Engine.php on line 2035.
 1 APPPATH/Models/Engine.php(2035): CodeIgniter\Debug\Exceptions->errorHandler()
 2 APPPATH/Controllers/Api.php(139): App\Models\Engine->getBillToSynch()
 3 SYSTEMPATH/CodeIgniter.php(896): App\Controllers\Api->postbillpayment()
 4 SYSTEMPATH/CodeIgniter.php(466): CodeIgniter\CodeIgniter->runController()
 5 SYSTEMPATH/CodeIgniter.php(349): CodeIgniter\CodeIgniter->handleRequest()
 6 FCPATH/index.php(57): CodeIgniter\CodeIgniter->run()
CRITICAL - 2024-01-30 21:58:01 --> Undefined variable $payArray
in APPPATH/Models/Engine.php on line 2035.
 1 APPPATH/Models/Engine.php(2035): CodeIgniter\Debug\Exceptions->errorHandler()
 2 APPPATH/Controllers/Api.php(139): App\Models\Engine->getBillToSynch()
 3 SYSTEMPATH/CodeIgniter.php(896): App\Controllers\Api->postbillpayment()
 4 SYSTEMPATH/CodeIgniter.php(466): CodeIgniter\CodeIgniter->runController()
 5 SYSTEMPATH/CodeIgniter.php(349): CodeIgniter\CodeIgniter->handleRequest()
 6 FCPATH/index.php(57): CodeIgniter\CodeIgniter->run()
CRITICAL - 2024-01-30 21:59:01 --> Undefined variable $payArray
in APPPATH/Models/Engine.php on line 2035.
 1 APPPATH/Models/Engine.php(2035): CodeIgniter\Debug\Exceptions->errorHandler()
 2 APPPATH/Controllers/Api.php(139): App\Models\Engine->getBillToSynch()
 3 SYSTEMPATH/CodeIgniter.php(896): App\Controllers\Api->postbillpayment()
 4 SYSTEMPATH/CodeIgniter.php(466): CodeIgniter\CodeIgniter->runController()
 5 SYSTEMPATH/CodeIgniter.php(349): CodeIgniter\CodeIgniter->handleRequest()
 6 FCPATH/index.php(57): CodeIgniter\CodeIgniter->run()
CRITICAL - 2024-01-30 22:00:01 --> Undefined variable $payArray
in APPPATH/Models/Engine.php on line 2035.
 1 APPPATH/Models/Engine.php(2035): CodeIgniter\Debug\Exceptions->errorHandler()
 2 APPPATH/Controllers/Api.php(139): App\Models\Engine->getBillToSynch()
 3 SYSTEMPATH/CodeIgniter.php(896): App\Controllers\Api->postbillpayment()
 4 SYSTEMPATH/CodeIgniter.php(466): CodeIgniter\CodeIgniter->runController()
 5 SYSTEMPATH/CodeIgniter.php(349): CodeIgniter\CodeIgniter->handleRequest()
 6 FCPATH/index.php(57): CodeIgniter\CodeIgniter->run()
CRITICAL - 2024-01-30 22:01:01 --> Undefined variable $payArray
in APPPATH/Models/Engine.php on line 2035.
 1 APPPATH/Models/Engine.php(2035): CodeIgniter\Debug\Exceptions->errorHandler()
 2 APPPATH/Controllers/Api.php(139): App\Models\Engine->getBillToSynch()
 3 SYSTEMPATH/CodeIgniter.php(896): App\Controllers\Api->postbillpayment()
 4 SYSTEMPATH/CodeIgniter.php(466): CodeIgniter\CodeIgniter->runController()
 5 SYSTEMPATH/CodeIgniter.php(349): CodeIgniter\CodeIgniter->handleRequest()
 6 FCPATH/index.php(57): CodeIgniter\CodeIgniter->run()
CRITICAL - 2024-01-30 22:02:01 --> Undefined variable $payArray
in APPPATH/Models/Engine.php on line 2035.
 1 APPPATH/Models/Engine.php(2035): CodeIgniter\Debug\Exceptions->errorHandler()
 2 APPPATH/Controllers/Api.php(139): App\Models\Engine->getBillToSynch()
 3 SYSTEMPATH/CodeIgniter.php(896): App\Controllers\Api->postbillpayment()
 4 SYSTEMPATH/CodeIgniter.php(466): CodeIgniter\CodeIgniter->runController()
 5 SYSTEMPATH/CodeIgniter.php(349): CodeIgniter\CodeIgniter->handleRequest()
 6 FCPATH/index.php(57): CodeIgniter\CodeIgniter->run()
CRITICAL - 2024-01-30 22:03:01 --> Undefined variable $payArray
in APPPATH/Models/Engine.php on line 2035.
 1 APPPATH/Models/Engine.php(2035): CodeIgniter\Debug\Exceptions->errorHandler()
 2 APPPATH/Controllers/Api.php(139): App\Models\Engine->getBillToSynch()
 3 SYSTEMPATH/CodeIgniter.php(896): App\Controllers\Api->postbillpayment()
 4 SYSTEMPATH/CodeIgniter.php(466): CodeIgniter\CodeIgniter->runController()
 5 SYSTEMPATH/CodeIgniter.php(349): CodeIgniter\CodeIgniter->handleRequest()
 6 FCPATH/index.php(57): CodeIgniter\CodeIgniter->run()
CRITICAL - 2024-01-30 22:04:01 --> Undefined variable $payArray
in APPPATH/Models/Engine.php on line 2035.
 1 APPPATH/Models/Engine.php(2035): CodeIgniter\Debug\Exceptions->errorHandler()
 2 APPPATH/Controllers/Api.php(139): App\Models\Engine->getBillToSynch()
 3 SYSTEMPATH/CodeIgniter.php(896): App\Controllers\Api->postbillpayment()
 4 SYSTEMPATH/CodeIgniter.php(466): CodeIgniter\CodeIgniter->runController()
 5 SYSTEMPATH/CodeIgniter.php(349): CodeIgniter\CodeIgniter->handleRequest()
 6 FCPATH/index.php(57): CodeIgniter\CodeIgniter->run()
CRITICAL - 2024-01-30 22:05:01 --> Undefined variable $payArray
in APPPATH/Models/Engine.php on line 2035.
 1 APPPATH/Models/Engine.php(2035): CodeIgniter\Debug\Exceptions->errorHandler()
 2 APPPATH/Controllers/Api.php(139): App\Models\Engine->getBillToSynch()
 3 SYSTEMPATH/CodeIgniter.php(896): App\Controllers\Api->postbillpayment()
 4 SYSTEMPATH/CodeIgniter.php(466): CodeIgniter\CodeIgniter->runController()
 5 SYSTEMPATH/CodeIgniter.php(349): CodeIgniter\CodeIgniter->handleRequest()
 6 FCPATH/index.php(57): CodeIgniter\CodeIgniter->run()
CRITICAL - 2024-01-30 22:06:01 --> Undefined variable $payArray
in APPPATH/Models/Engine.php on line 2035.
 1 APPPATH/Models/Engine.php(2035): CodeIgniter\Debug\Exceptions->errorHandler()
 2 APPPATH/Controllers/Api.php(139): App\Models\Engine->getBillToSynch()
 3 SYSTEMPATH/CodeIgniter.php(896): App\Controllers\Api->postbillpayment()
 4 SYSTEMPATH/CodeIgniter.php(466): CodeIgniter\CodeIgniter->runController()
 5 SYSTEMPATH/CodeIgniter.php(349): CodeIgniter\CodeIgniter->handleRequest()
 6 FCPATH/index.php(57): CodeIgniter\CodeIgniter->run()
CRITICAL - 2024-01-30 22:07:01 --> Undefined variable $payArray
in APPPATH/Models/Engine.php on line 2035.
 1 APPPATH/Models/Engine.php(2035): CodeIgniter\Debug\Exceptions->errorHandler()
 2 APPPATH/Controllers/Api.php(139): App\Models\Engine->getBillToSynch()
 3 SYSTEMPATH/CodeIgniter.php(896): App\Controllers\Api->postbillpayment()
 4 SYSTEMPATH/CodeIgniter.php(466): CodeIgniter\CodeIgniter->runController()
 5 SYSTEMPATH/CodeIgniter.php(349): CodeIgniter\CodeIgniter->handleRequest()
 6 FCPATH/index.php(57): CodeIgniter\CodeIgniter->run()
CRITICAL - 2024-01-30 22:08:01 --> Undefined variable $payArray
in APPPATH/Models/Engine.php on line 2035.
 1 APPPATH/Models/Engine.php(2035): CodeIgniter\Debug\Exceptions->errorHandler()
 2 APPPATH/Controllers/Api.php(139): App\Models\Engine->getBillToSynch()
 3 SYSTEMPATH/CodeIgniter.php(896): App\Controllers\Api->postbillpayment()
 4 SYSTEMPATH/CodeIgniter.php(466): CodeIgniter\CodeIgniter->runController()
 5 SYSTEMPATH/CodeIgniter.php(349): CodeIgniter\CodeIgniter->handleRequest()
 6 FCPATH/index.php(57): CodeIgniter\CodeIgniter->run()
CRITICAL - 2024-01-30 22:09:01 --> Undefined variable $payArray
in APPPATH/Models/Engine.php on line 2035.
 1 APPPATH/Models/Engine.php(2035): CodeIgniter\Debug\Exceptions->errorHandler()
 2 APPPATH/Controllers/Api.php(139): App\Models\Engine->getBillToSynch()
 3 SYSTEMPATH/CodeIgniter.php(896): App\Controllers\Api->postbillpayment()
 4 SYSTEMPATH/CodeIgniter.php(466): CodeIgniter\CodeIgniter->runController()
 5 SYSTEMPATH/CodeIgniter.php(349): CodeIgniter\CodeIgniter->handleRequest()
 6 FCPATH/index.php(57): CodeIgniter\CodeIgniter->run()
CRITICAL - 2024-01-30 22:10:01 --> Undefined variable $payArray
in APPPATH/Models/Engine.php on line 2035.
 1 APPPATH/Models/Engine.php(2035): CodeIgniter\Debug\Exceptions->errorHandler()
 2 APPPATH/Controllers/Api.php(139): App\Models\Engine->getBillToSynch()
 3 SYSTEMPATH/CodeIgniter.php(896): App\Controllers\Api->postbillpayment()
 4 SYSTEMPATH/CodeIgniter.php(466): CodeIgniter\CodeIgniter->runController()
 5 SYSTEMPATH/CodeIgniter.php(349): CodeIgniter\CodeIgniter->handleRequest()
 6 FCPATH/index.php(57): CodeIgniter\CodeIgniter->run()
CRITICAL - 2024-01-30 22:11:01 --> Undefined variable $payArray
in APPPATH/Models/Engine.php on line 2035.
 1 APPPATH/Models/Engine.php(2035): CodeIgniter\Debug\Exceptions->errorHandler()
 2 APPPATH/Controllers/Api.php(139): App\Models\Engine->getBillToSynch()
 3 SYSTEMPATH/CodeIgniter.php(896): App\Controllers\Api->postbillpayment()
 4 SYSTEMPATH/CodeIgniter.php(466): CodeIgniter\CodeIgniter->runController()
 5 SYSTEMPATH/CodeIgniter.php(349): CodeIgniter\CodeIgniter->handleRequest()
 6 FCPATH/index.php(57): CodeIgniter\CodeIgniter->run()
CRITICAL - 2024-01-30 22:12:01 --> Undefined variable $payArray
in APPPATH/Models/Engine.php on line 2035.
 1 APPPATH/Models/Engine.php(2035): CodeIgniter\Debug\Exceptions->errorHandler()
 2 APPPATH/Controllers/Api.php(139): App\Models\Engine->getBillToSynch()
 3 SYSTEMPATH/CodeIgniter.php(896): App\Controllers\Api->postbillpayment()
 4 SYSTEMPATH/CodeIgniter.php(466): CodeIgniter\CodeIgniter->runController()
 5 SYSTEMPATH/CodeIgniter.php(349): CodeIgniter\CodeIgniter->handleRequest()
 6 FCPATH/index.php(57): CodeIgniter\CodeIgniter->run()
CRITICAL - 2024-01-30 22:13:01 --> Undefined variable $payArray
in APPPATH/Models/Engine.php on line 2035.
 1 APPPATH/Models/Engine.php(2035): CodeIgniter\Debug\Exceptions->errorHandler()
 2 APPPATH/Controllers/Api.php(139): App\Models\Engine->getBillToSynch()
 3 SYSTEMPATH/CodeIgniter.php(896): App\Controllers\Api->postbillpayment()
 4 SYSTEMPATH/CodeIgniter.php(466): CodeIgniter\CodeIgniter->runController()
 5 SYSTEMPATH/CodeIgniter.php(349): CodeIgniter\CodeIgniter->handleRequest()
 6 FCPATH/index.php(57): CodeIgniter\CodeIgniter->run()
CRITICAL - 2024-01-30 22:14:01 --> Undefined variable $payArray
in APPPATH/Models/Engine.php on line 2035.
 1 APPPATH/Models/Engine.php(2035): CodeIgniter\Debug\Exceptions->errorHandler()
 2 APPPATH/Controllers/Api.php(139): App\Models\Engine->getBillToSynch()
 3 SYSTEMPATH/CodeIgniter.php(896): App\Controllers\Api->postbillpayment()
 4 SYSTEMPATH/CodeIgniter.php(466): CodeIgniter\CodeIgniter->runController()
 5 SYSTEMPATH/CodeIgniter.php(349): CodeIgniter\CodeIgniter->handleRequest()
 6 FCPATH/index.php(57): CodeIgniter\CodeIgniter->run()
CRITICAL - 2024-01-30 22:15:01 --> Undefined variable $payArray
in APPPATH/Models/Engine.php on line 2035.
 1 APPPATH/Models/Engine.php(2035): CodeIgniter\Debug\Exceptions->errorHandler()
 2 APPPATH/Controllers/Api.php(139): App\Models\Engine->getBillToSynch()
 3 SYSTEMPATH/CodeIgniter.php(896): App\Controllers\Api->postbillpayment()
 4 SYSTEMPATH/CodeIgniter.php(466): CodeIgniter\CodeIgniter->runController()
 5 SYSTEMPATH/CodeIgniter.php(349): CodeIgniter\CodeIgniter->handleRequest()
 6 FCPATH/index.php(57): CodeIgniter\CodeIgniter->run()
CRITICAL - 2024-01-30 22:16:01 --> Undefined variable $payArray
in APPPATH/Models/Engine.php on line 2035.
 1 APPPATH/Models/Engine.php(2035): CodeIgniter\Debug\Exceptions->errorHandler()
 2 APPPATH/Controllers/Api.php(139): App\Models\Engine->getBillToSynch()
 3 SYSTEMPATH/CodeIgniter.php(896): App\Controllers\Api->postbillpayment()
 4 SYSTEMPATH/CodeIgniter.php(466): CodeIgniter\CodeIgniter->runController()
 5 SYSTEMPATH/CodeIgniter.php(349): CodeIgniter\CodeIgniter->handleRequest()
 6 FCPATH/index.php(57): CodeIgniter\CodeIgniter->run()
CRITICAL - 2024-01-30 22:17:02 --> Undefined variable $payArray
in APPPATH/Models/Engine.php on line 2035.
 1 APPPATH/Models/Engine.php(2035): CodeIgniter\Debug\Exceptions->errorHandler()
 2 APPPATH/Controllers/Api.php(139): App\Models\Engine->getBillToSynch()
 3 SYSTEMPATH/CodeIgniter.php(896): App\Controllers\Api->postbillpayment()
 4 SYSTEMPATH/CodeIgniter.php(466): CodeIgniter\CodeIgniter->runController()
 5 SYSTEMPATH/CodeIgniter.php(349): CodeIgniter\CodeIgniter->handleRequest()
 6 FCPATH/index.php(57): CodeIgniter\CodeIgniter->run()
CRITICAL - 2024-01-30 22:18:01 --> Undefined variable $payArray
in APPPATH/Models/Engine.php on line 2035.
 1 APPPATH/Models/Engine.php(2035): CodeIgniter\Debug\Exceptions->errorHandler()
 2 APPPATH/Controllers/Api.php(139): App\Models\Engine->getBillToSynch()
 3 SYSTEMPATH/CodeIgniter.php(896): App\Controllers\Api->postbillpayment()
 4 SYSTEMPATH/CodeIgniter.php(466): CodeIgniter\CodeIgniter->runController()
 5 SYSTEMPATH/CodeIgniter.php(349): CodeIgniter\CodeIgniter->handleRequest()
 6 FCPATH/index.php(57): CodeIgniter\CodeIgniter->run()
CRITICAL - 2024-01-30 22:19:01 --> Undefined variable $payArray
in APPPATH/Models/Engine.php on line 2035.
 1 APPPATH/Models/Engine.php(2035): CodeIgniter\Debug\Exceptions->errorHandler()
 2 APPPATH/Controllers/Api.php(139): App\Models\Engine->getBillToSynch()
 3 SYSTEMPATH/CodeIgniter.php(896): App\Controllers\Api->postbillpayment()
 4 SYSTEMPATH/CodeIgniter.php(466): CodeIgniter\CodeIgniter->runController()
 5 SYSTEMPATH/CodeIgniter.php(349): CodeIgniter\CodeIgniter->handleRequest()
 6 FCPATH/index.php(57): CodeIgniter\CodeIgniter->run()
CRITICAL - 2024-01-30 22:20:01 --> Undefined variable $payArray
in APPPATH/Models/Engine.php on line 2035.
 1 APPPATH/Models/Engine.php(2035): CodeIgniter\Debug\Exceptions->errorHandler()
 2 APPPATH/Controllers/Api.php(139): App\Models\Engine->getBillToSynch()
 3 SYSTEMPATH/CodeIgniter.php(896): App\Controllers\Api->postbillpayment()
 4 SYSTEMPATH/CodeIgniter.php(466): CodeIgniter\CodeIgniter->runController()
 5 SYSTEMPATH/CodeIgniter.php(349): CodeIgniter\CodeIgniter->handleRequest()
 6 FCPATH/index.php(57): CodeIgniter\CodeIgniter->run()
CRITICAL - 2024-01-30 22:21:01 --> Undefined variable $payArray
in APPPATH/Models/Engine.php on line 2035.
 1 APPPATH/Models/Engine.php(2035): CodeIgniter\Debug\Exceptions->errorHandler()
 2 APPPATH/Controllers/Api.php(139): App\Models\Engine->getBillToSynch()
 3 SYSTEMPATH/CodeIgniter.php(896): App\Controllers\Api->postbillpayment()
 4 SYSTEMPATH/CodeIgniter.php(466): CodeIgniter\CodeIgniter->runController()
 5 SYSTEMPATH/CodeIgniter.php(349): CodeIgniter\CodeIgniter->handleRequest()
 6 FCPATH/index.php(57): CodeIgniter\CodeIgniter->run()
CRITICAL - 2024-01-30 22:22:01 --> Undefined variable $payArray
in APPPATH/Models/Engine.php on line 2035.
 1 APPPATH/Models/Engine.php(2035): CodeIgniter\Debug\Exceptions->errorHandler()
 2 APPPATH/Controllers/Api.php(139): App\Models\Engine->getBillToSynch()
 3 SYSTEMPATH/CodeIgniter.php(896): App\Controllers\Api->postbillpayment()
 4 SYSTEMPATH/CodeIgniter.php(466): CodeIgniter\CodeIgniter->runController()
 5 SYSTEMPATH/CodeIgniter.php(349): CodeIgniter\CodeIgniter->handleRequest()
 6 FCPATH/index.php(57): CodeIgniter\CodeIgniter->run()
CRITICAL - 2024-01-30 22:23:01 --> Undefined variable $payArray
in APPPATH/Models/Engine.php on line 2035.
 1 APPPATH/Models/Engine.php(2035): CodeIgniter\Debug\Exceptions->errorHandler()
 2 APPPATH/Controllers/Api.php(139): App\Models\Engine->getBillToSynch()
 3 SYSTEMPATH/CodeIgniter.php(896): App\Controllers\Api->postbillpayment()
 4 SYSTEMPATH/CodeIgniter.php(466): CodeIgniter\CodeIgniter->runController()
 5 SYSTEMPATH/CodeIgniter.php(349): CodeIgniter\CodeIgniter->handleRequest()
 6 FCPATH/index.php(57): CodeIgniter\CodeIgniter->run()
CRITICAL - 2024-01-30 22:24:01 --> Undefined variable $payArray
in APPPATH/Models/Engine.php on line 2035.
 1 APPPATH/Models/Engine.php(2035): CodeIgniter\Debug\Exceptions->errorHandler()
 2 APPPATH/Controllers/Api.php(139): App\Models\Engine->getBillToSynch()
 3 SYSTEMPATH/CodeIgniter.php(896): App\Controllers\Api->postbillpayment()
 4 SYSTEMPATH/CodeIgniter.php(466): CodeIgniter\CodeIgniter->runController()
 5 SYSTEMPATH/CodeIgniter.php(349): CodeIgniter\CodeIgniter->handleRequest()
 6 FCPATH/index.php(57): CodeIgniter\CodeIgniter->run()
CRITICAL - 2024-01-30 22:25:01 --> Undefined variable $payArray
in APPPATH/Models/Engine.php on line 2035.
 1 APPPATH/Models/Engine.php(2035): CodeIgniter\Debug\Exceptions->errorHandler()
 2 APPPATH/Controllers/Api.php(139): App\Models\Engine->getBillToSynch()
 3 SYSTEMPATH/CodeIgniter.php(896): App\Controllers\Api->postbillpayment()
 4 SYSTEMPATH/CodeIgniter.php(466): CodeIgniter\CodeIgniter->runController()
 5 SYSTEMPATH/CodeIgniter.php(349): CodeIgniter\CodeIgniter->handleRequest()
 6 FCPATH/index.php(57): CodeIgniter\CodeIgniter->run()
CRITICAL - 2024-01-30 22:26:01 --> Undefined variable $payArray
in APPPATH/Models/Engine.php on line 2035.
 1 APPPATH/Models/Engine.php(2035): CodeIgniter\Debug\Exceptions->errorHandler()
 2 APPPATH/Controllers/Api.php(139): App\Models\Engine->getBillToSynch()
 3 SYSTEMPATH/CodeIgniter.php(896): App\Controllers\Api->postbillpayment()
 4 SYSTEMPATH/CodeIgniter.php(466): CodeIgniter\CodeIgniter->runController()
 5 SYSTEMPATH/CodeIgniter.php(349): CodeIgniter\CodeIgniter->handleRequest()
 6 FCPATH/index.php(57): CodeIgniter\CodeIgniter->run()
CRITICAL - 2024-01-30 22:27:01 --> Undefined variable $payArray
in APPPATH/Models/Engine.php on line 2035.
 1 APPPATH/Models/Engine.php(2035): CodeIgniter\Debug\Exceptions->errorHandler()
 2 APPPATH/Controllers/Api.php(139): App\Models\Engine->getBillToSynch()
 3 SYSTEMPATH/CodeIgniter.php(896): App\Controllers\Api->postbillpayment()
 4 SYSTEMPATH/CodeIgniter.php(466): CodeIgniter\CodeIgniter->runController()
 5 SYSTEMPATH/CodeIgniter.php(349): CodeIgniter\CodeIgniter->handleRequest()
 6 FCPATH/index.php(57): CodeIgniter\CodeIgniter->run()
CRITICAL - 2024-01-30 22:28:01 --> Undefined variable $payArray
in APPPATH/Models/Engine.php on line 2035.
 1 APPPATH/Models/Engine.php(2035): CodeIgniter\Debug\Exceptions->errorHandler()
 2 APPPATH/Controllers/Api.php(139): App\Models\Engine->getBillToSynch()
 3 SYSTEMPATH/CodeIgniter.php(896): App\Controllers\Api->postbillpayment()
 4 SYSTEMPATH/CodeIgniter.php(466): CodeIgniter\CodeIgniter->runController()
 5 SYSTEMPATH/CodeIgniter.php(349): CodeIgniter\CodeIgniter->handleRequest()
 6 FCPATH/index.php(57): CodeIgniter\CodeIgniter->run()
CRITICAL - 2024-01-30 22:29:01 --> Undefined variable $payArray
in APPPATH/Models/Engine.php on line 2035.
 1 APPPATH/Models/Engine.php(2035): CodeIgniter\Debug\Exceptions->errorHandler()
 2 APPPATH/Controllers/Api.php(139): App\Models\Engine->getBillToSynch()
 3 SYSTEMPATH/CodeIgniter.php(896): App\Controllers\Api->postbillpayment()
 4 SYSTEMPATH/CodeIgniter.php(466): CodeIgniter\CodeIgniter->runController()
 5 SYSTEMPATH/CodeIgniter.php(349): CodeIgniter\CodeIgniter->handleRequest()
 6 FCPATH/index.php(57): CodeIgniter\CodeIgniter->run()
CRITICAL - 2024-01-30 22:30:01 --> Undefined variable $payArray
in APPPATH/Models/Engine.php on line 2035.
 1 APPPATH/Models/Engine.php(2035): CodeIgniter\Debug\Exceptions->errorHandler()
 2 APPPATH/Controllers/Api.php(139): App\Models\Engine->getBillToSynch()
 3 SYSTEMPATH/CodeIgniter.php(896): App\Controllers\Api->postbillpayment()
 4 SYSTEMPATH/CodeIgniter.php(466): CodeIgniter\CodeIgniter->runController()
 5 SYSTEMPATH/CodeIgniter.php(349): CodeIgniter\CodeIgniter->handleRequest()
 6 FCPATH/index.php(57): CodeIgniter\CodeIgniter->run()
CRITICAL - 2024-01-30 22:31:01 --> Undefined variable $payArray
in APPPATH/Models/Engine.php on line 2035.
 1 APPPATH/Models/Engine.php(2035): CodeIgniter\Debug\Exceptions->errorHandler()
 2 APPPATH/Controllers/Api.php(139): App\Models\Engine->getBillToSynch()
 3 SYSTEMPATH/CodeIgniter.php(896): App\Controllers\Api->postbillpayment()
 4 SYSTEMPATH/CodeIgniter.php(466): CodeIgniter\CodeIgniter->runController()
 5 SYSTEMPATH/CodeIgniter.php(349): CodeIgniter\CodeIgniter->handleRequest()
 6 FCPATH/index.php(57): CodeIgniter\CodeIgniter->run()
CRITICAL - 2024-01-30 22:32:01 --> Undefined variable $payArray
in APPPATH/Models/Engine.php on line 2035.
 1 APPPATH/Models/Engine.php(2035): CodeIgniter\Debug\Exceptions->errorHandler()
 2 APPPATH/Controllers/Api.php(139): App\Models\Engine->getBillToSynch()
 3 SYSTEMPATH/CodeIgniter.php(896): App\Controllers\Api->postbillpayment()
 4 SYSTEMPATH/CodeIgniter.php(466): CodeIgniter\CodeIgniter->runController()
 5 SYSTEMPATH/CodeIgniter.php(349): CodeIgniter\CodeIgniter->handleRequest()
 6 FCPATH/index.php(57): CodeIgniter\CodeIgniter->run()
CRITICAL - 2024-01-30 22:33:01 --> Undefined variable $payArray
in APPPATH/Models/Engine.php on line 2035.
 1 APPPATH/Models/Engine.php(2035): CodeIgniter\Debug\Exceptions->errorHandler()
 2 APPPATH/Controllers/Api.php(139): App\Models\Engine->getBillToSynch()
 3 SYSTEMPATH/CodeIgniter.php(896): App\Controllers\Api->postbillpayment()
 4 SYSTEMPATH/CodeIgniter.php(466): CodeIgniter\CodeIgniter->runController()
 5 SYSTEMPATH/CodeIgniter.php(349): CodeIgniter\CodeIgniter->handleRequest()
 6 FCPATH/index.php(57): CodeIgniter\CodeIgniter->run()
CRITICAL - 2024-01-30 22:34:01 --> Undefined variable $payArray
in APPPATH/Models/Engine.php on line 2035.
 1 APPPATH/Models/Engine.php(2035): CodeIgniter\Debug\Exceptions->errorHandler()
 2 APPPATH/Controllers/Api.php(139): App\Models\Engine->getBillToSynch()
 3 SYSTEMPATH/CodeIgniter.php(896): App\Controllers\Api->postbillpayment()
 4 SYSTEMPATH/CodeIgniter.php(466): CodeIgniter\CodeIgniter->runController()
 5 SYSTEMPATH/CodeIgniter.php(349): CodeIgniter\CodeIgniter->handleRequest()
 6 FCPATH/index.php(57): CodeIgniter\CodeIgniter->run()
CRITICAL - 2024-01-30 22:35:01 --> Undefined variable $payArray
in APPPATH/Models/Engine.php on line 2035.
 1 APPPATH/Models/Engine.php(2035): CodeIgniter\Debug\Exceptions->errorHandler()
 2 APPPATH/Controllers/Api.php(139): App\Models\Engine->getBillToSynch()
 3 SYSTEMPATH/CodeIgniter.php(896): App\Controllers\Api->postbillpayment()
 4 SYSTEMPATH/CodeIgniter.php(466): CodeIgniter\CodeIgniter->runController()
 5 SYSTEMPATH/CodeIgniter.php(349): CodeIgniter\CodeIgniter->handleRequest()
 6 FCPATH/index.php(57): CodeIgniter\CodeIgniter->run()
CRITICAL - 2024-01-30 22:36:01 --> Undefined variable $payArray
in APPPATH/Models/Engine.php on line 2035.
 1 APPPATH/Models/Engine.php(2035): CodeIgniter\Debug\Exceptions->errorHandler()
 2 APPPATH/Controllers/Api.php(139): App\Models\Engine->getBillToSynch()
 3 SYSTEMPATH/CodeIgniter.php(896): App\Controllers\Api->postbillpayment()
 4 SYSTEMPATH/CodeIgniter.php(466): CodeIgniter\CodeIgniter->runController()
 5 SYSTEMPATH/CodeIgniter.php(349): CodeIgniter\CodeIgniter->handleRequest()
 6 FCPATH/index.php(57): CodeIgniter\CodeIgniter->run()
CRITICAL - 2024-01-30 22:37:01 --> Undefined variable $payArray
in APPPATH/Models/Engine.php on line 2035.
 1 APPPATH/Models/Engine.php(2035): CodeIgniter\Debug\Exceptions->errorHandler()
 2 APPPATH/Controllers/Api.php(139): App\Models\Engine->getBillToSynch()
 3 SYSTEMPATH/CodeIgniter.php(896): App\Controllers\Api->postbillpayment()
 4 SYSTEMPATH/CodeIgniter.php(466): CodeIgniter\CodeIgniter->runController()
 5 SYSTEMPATH/CodeIgniter.php(349): CodeIgniter\CodeIgniter->handleRequest()
 6 FCPATH/index.php(57): CodeIgniter\CodeIgniter->run()
CRITICAL - 2024-01-30 22:38:01 --> Undefined variable $payArray
in APPPATH/Models/Engine.php on line 2035.
 1 APPPATH/Models/Engine.php(2035): CodeIgniter\Debug\Exceptions->errorHandler()
 2 APPPATH/Controllers/Api.php(139): App\Models\Engine->getBillToSynch()
 3 SYSTEMPATH/CodeIgniter.php(896): App\Controllers\Api->postbillpayment()
 4 SYSTEMPATH/CodeIgniter.php(466): CodeIgniter\CodeIgniter->runController()
 5 SYSTEMPATH/CodeIgniter.php(349): CodeIgniter\CodeIgniter->handleRequest()
 6 FCPATH/index.php(57): CodeIgniter\CodeIgniter->run()
CRITICAL - 2024-01-30 22:39:01 --> Undefined variable $payArray
in APPPATH/Models/Engine.php on line 2035.
 1 APPPATH/Models/Engine.php(2035): CodeIgniter\Debug\Exceptions->errorHandler()
 2 APPPATH/Controllers/Api.php(139): App\Models\Engine->getBillToSynch()
 3 SYSTEMPATH/CodeIgniter.php(896): App\Controllers\Api->postbillpayment()
 4 SYSTEMPATH/CodeIgniter.php(466): CodeIgniter\CodeIgniter->runController()
 5 SYSTEMPATH/CodeIgniter.php(349): CodeIgniter\CodeIgniter->handleRequest()
 6 FCPATH/index.php(57): CodeIgniter\CodeIgniter->run()
CRITICAL - 2024-01-30 22:40:01 --> Undefined variable $payArray
in APPPATH/Models/Engine.php on line 2035.
 1 APPPATH/Models/Engine.php(2035): CodeIgniter\Debug\Exceptions->errorHandler()
 2 APPPATH/Controllers/Api.php(139): App\Models\Engine->getBillToSynch()
 3 SYSTEMPATH/CodeIgniter.php(896): App\Controllers\Api->postbillpayment()
 4 SYSTEMPATH/CodeIgniter.php(466): CodeIgniter\CodeIgniter->runController()
 5 SYSTEMPATH/CodeIgniter.php(349): CodeIgniter\CodeIgniter->handleRequest()
 6 FCPATH/index.php(57): CodeIgniter\CodeIgniter->run()
CRITICAL - 2024-01-30 22:41:01 --> Undefined variable $payArray
in APPPATH/Models/Engine.php on line 2035.
 1 APPPATH/Models/Engine.php(2035): CodeIgniter\Debug\Exceptions->errorHandler()
 2 APPPATH/Controllers/Api.php(139): App\Models\Engine->getBillToSynch()
 3 SYSTEMPATH/CodeIgniter.php(896): App\Controllers\Api->postbillpayment()
 4 SYSTEMPATH/CodeIgniter.php(466): CodeIgniter\CodeIgniter->runController()
 5 SYSTEMPATH/CodeIgniter.php(349): CodeIgniter\CodeIgniter->handleRequest()
 6 FCPATH/index.php(57): CodeIgniter\CodeIgniter->run()
CRITICAL - 2024-01-30 22:42:02 --> Undefined variable $payArray
in APPPATH/Models/Engine.php on line 2035.
 1 APPPATH/Models/Engine.php(2035): CodeIgniter\Debug\Exceptions->errorHandler()
 2 APPPATH/Controllers/Api.php(139): App\Models\Engine->getBillToSynch()
 3 SYSTEMPATH/CodeIgniter.php(896): App\Controllers\Api->postbillpayment()
 4 SYSTEMPATH/CodeIgniter.php(466): CodeIgniter\CodeIgniter->runController()
 5 SYSTEMPATH/CodeIgniter.php(349): CodeIgniter\CodeIgniter->handleRequest()
 6 FCPATH/index.php(57): CodeIgniter\CodeIgniter->run()
CRITICAL - 2024-01-30 22:43:01 --> Undefined variable $payArray
in APPPATH/Models/Engine.php on line 2035.
 1 APPPATH/Models/Engine.php(2035): CodeIgniter\Debug\Exceptions->errorHandler()
 2 APPPATH/Controllers/Api.php(139): App\Models\Engine->getBillToSynch()
 3 SYSTEMPATH/CodeIgniter.php(896): App\Controllers\Api->postbillpayment()
 4 SYSTEMPATH/CodeIgniter.php(466): CodeIgniter\CodeIgniter->runController()
 5 SYSTEMPATH/CodeIgniter.php(349): CodeIgniter\CodeIgniter->handleRequest()
 6 FCPATH/index.php(57): CodeIgniter\CodeIgniter->run()
CRITICAL - 2024-01-30 22:44:01 --> Undefined variable $payArray
in APPPATH/Models/Engine.php on line 2035.
 1 APPPATH/Models/Engine.php(2035): CodeIgniter\Debug\Exceptions->errorHandler()
 2 APPPATH/Controllers/Api.php(139): App\Models\Engine->getBillToSynch()
 3 SYSTEMPATH/CodeIgniter.php(896): App\Controllers\Api->postbillpayment()
 4 SYSTEMPATH/CodeIgniter.php(466): CodeIgniter\CodeIgniter->runController()
 5 SYSTEMPATH/CodeIgniter.php(349): CodeIgniter\CodeIgniter->handleRequest()
 6 FCPATH/index.php(57): CodeIgniter\CodeIgniter->run()
CRITICAL - 2024-01-30 22:45:01 --> Undefined variable $payArray
in APPPATH/Models/Engine.php on line 2035.
 1 APPPATH/Models/Engine.php(2035): CodeIgniter\Debug\Exceptions->errorHandler()
 2 APPPATH/Controllers/Api.php(139): App\Models\Engine->getBillToSynch()
 3 SYSTEMPATH/CodeIgniter.php(896): App\Controllers\Api->postbillpayment()
 4 SYSTEMPATH/CodeIgniter.php(466): CodeIgniter\CodeIgniter->runController()
 5 SYSTEMPATH/CodeIgniter.php(349): CodeIgniter\CodeIgniter->handleRequest()
 6 FCPATH/index.php(57): CodeIgniter\CodeIgniter->run()
CRITICAL - 2024-01-30 22:46:01 --> Undefined variable $payArray
in APPPATH/Models/Engine.php on line 2035.
 1 APPPATH/Models/Engine.php(2035): CodeIgniter\Debug\Exceptions->errorHandler()
 2 APPPATH/Controllers/Api.php(139): App\Models\Engine->getBillToSynch()
 3 SYSTEMPATH/CodeIgniter.php(896): App\Controllers\Api->postbillpayment()
 4 SYSTEMPATH/CodeIgniter.php(466): CodeIgniter\CodeIgniter->runController()
 5 SYSTEMPATH/CodeIgniter.php(349): CodeIgniter\CodeIgniter->handleRequest()
 6 FCPATH/index.php(57): CodeIgniter\CodeIgniter->run()
CRITICAL - 2024-01-30 22:47:01 --> Undefined variable $payArray
in APPPATH/Models/Engine.php on line 2035.
 1 APPPATH/Models/Engine.php(2035): CodeIgniter\Debug\Exceptions->errorHandler()
 2 APPPATH/Controllers/Api.php(139): App\Models\Engine->getBillToSynch()
 3 SYSTEMPATH/CodeIgniter.php(896): App\Controllers\Api->postbillpayment()
 4 SYSTEMPATH/CodeIgniter.php(466): CodeIgniter\CodeIgniter->runController()
 5 SYSTEMPATH/CodeIgniter.php(349): CodeIgniter\CodeIgniter->handleRequest()
 6 FCPATH/index.php(57): CodeIgniter\CodeIgniter->run()
CRITICAL - 2024-01-30 22:48:01 --> Undefined variable $payArray
in APPPATH/Models/Engine.php on line 2035.
 1 APPPATH/Models/Engine.php(2035): CodeIgniter\Debug\Exceptions->errorHandler()
 2 APPPATH/Controllers/Api.php(139): App\Models\Engine->getBillToSynch()
 3 SYSTEMPATH/CodeIgniter.php(896): App\Controllers\Api->postbillpayment()
 4 SYSTEMPATH/CodeIgniter.php(466): CodeIgniter\CodeIgniter->runController()
 5 SYSTEMPATH/CodeIgniter.php(349): CodeIgniter\CodeIgniter->handleRequest()
 6 FCPATH/index.php(57): CodeIgniter\CodeIgniter->run()
CRITICAL - 2024-01-30 22:49:01 --> Undefined variable $payArray
in APPPATH/Models/Engine.php on line 2035.
 1 APPPATH/Models/Engine.php(2035): CodeIgniter\Debug\Exceptions->errorHandler()
 2 APPPATH/Controllers/Api.php(139): App\Models\Engine->getBillToSynch()
 3 SYSTEMPATH/CodeIgniter.php(896): App\Controllers\Api->postbillpayment()
 4 SYSTEMPATH/CodeIgniter.php(466): CodeIgniter\CodeIgniter->runController()
 5 SYSTEMPATH/CodeIgniter.php(349): CodeIgniter\CodeIgniter->handleRequest()
 6 FCPATH/index.php(57): CodeIgniter\CodeIgniter->run()
CRITICAL - 2024-01-30 22:50:01 --> Undefined variable $payArray
in APPPATH/Models/Engine.php on line 2035.
 1 APPPATH/Models/Engine.php(2035): CodeIgniter\Debug\Exceptions->errorHandler()
 2 APPPATH/Controllers/Api.php(139): App\Models\Engine->getBillToSynch()
 3 SYSTEMPATH/CodeIgniter.php(896): App\Controllers\Api->postbillpayment()
 4 SYSTEMPATH/CodeIgniter.php(466): CodeIgniter\CodeIgniter->runController()
 5 SYSTEMPATH/CodeIgniter.php(349): CodeIgniter\CodeIgniter->handleRequest()
 6 FCPATH/index.php(57): CodeIgniter\CodeIgniter->run()
CRITICAL - 2024-01-30 22:51:01 --> Undefined variable $payArray
in APPPATH/Models/Engine.php on line 2035.
 1 APPPATH/Models/Engine.php(2035): CodeIgniter\Debug\Exceptions->errorHandler()
 2 APPPATH/Controllers/Api.php(139): App\Models\Engine->getBillToSynch()
 3 SYSTEMPATH/CodeIgniter.php(896): App\Controllers\Api->postbillpayment()
 4 SYSTEMPATH/CodeIgniter.php(466): CodeIgniter\CodeIgniter->runController()
 5 SYSTEMPATH/CodeIgniter.php(349): CodeIgniter\CodeIgniter->handleRequest()
 6 FCPATH/index.php(57): CodeIgniter\CodeIgniter->run()
CRITICAL - 2024-01-30 22:52:01 --> Undefined variable $payArray
in APPPATH/Models/Engine.php on line 2035.
 1 APPPATH/Models/Engine.php(2035): CodeIgniter\Debug\Exceptions->errorHandler()
 2 APPPATH/Controllers/Api.php(139): App\Models\Engine->getBillToSynch()
 3 SYSTEMPATH/CodeIgniter.php(896): App\Controllers\Api->postbillpayment()
 4 SYSTEMPATH/CodeIgniter.php(466): CodeIgniter\CodeIgniter->runController()
 5 SYSTEMPATH/CodeIgniter.php(349): CodeIgniter\CodeIgniter->handleRequest()
 6 FCPATH/index.php(57): CodeIgniter\CodeIgniter->run()
CRITICAL - 2024-01-30 22:53:01 --> Undefined variable $payArray
in APPPATH/Models/Engine.php on line 2035.
 1 APPPATH/Models/Engine.php(2035): CodeIgniter\Debug\Exceptions->errorHandler()
 2 APPPATH/Controllers/Api.php(139): App\Models\Engine->getBillToSynch()
 3 SYSTEMPATH/CodeIgniter.php(896): App\Controllers\Api->postbillpayment()
 4 SYSTEMPATH/CodeIgniter.php(466): CodeIgniter\CodeIgniter->runController()
 5 SYSTEMPATH/CodeIgniter.php(349): CodeIgniter\CodeIgniter->handleRequest()
 6 FCPATH/index.php(57): CodeIgniter\CodeIgniter->run()
CRITICAL - 2024-01-30 22:54:01 --> Undefined variable $payArray
in APPPATH/Models/Engine.php on line 2035.
 1 APPPATH/Models/Engine.php(2035): CodeIgniter\Debug\Exceptions->errorHandler()
 2 APPPATH/Controllers/Api.php(139): App\Models\Engine->getBillToSynch()
 3 SYSTEMPATH/CodeIgniter.php(896): App\Controllers\Api->postbillpayment()
 4 SYSTEMPATH/CodeIgniter.php(466): CodeIgniter\CodeIgniter->runController()
 5 SYSTEMPATH/CodeIgniter.php(349): CodeIgniter\CodeIgniter->handleRequest()
 6 FCPATH/index.php(57): CodeIgniter\CodeIgniter->run()
CRITICAL - 2024-01-30 22:55:01 --> Undefined variable $payArray
in APPPATH/Models/Engine.php on line 2035.
 1 APPPATH/Models/Engine.php(2035): CodeIgniter\Debug\Exceptions->errorHandler()
 2 APPPATH/Controllers/Api.php(139): App\Models\Engine->getBillToSynch()
 3 SYSTEMPATH/CodeIgniter.php(896): App\Controllers\Api->postbillpayment()
 4 SYSTEMPATH/CodeIgniter.php(466): CodeIgniter\CodeIgniter->runController()
 5 SYSTEMPATH/CodeIgniter.php(349): CodeIgniter\CodeIgniter->handleRequest()
 6 FCPATH/index.php(57): CodeIgniter\CodeIgniter->run()
CRITICAL - 2024-01-30 22:56:01 --> Undefined variable $payArray
in APPPATH/Models/Engine.php on line 2035.
 1 APPPATH/Models/Engine.php(2035): CodeIgniter\Debug\Exceptions->errorHandler()
 2 APPPATH/Controllers/Api.php(139): App\Models\Engine->getBillToSynch()
 3 SYSTEMPATH/CodeIgniter.php(896): App\Controllers\Api->postbillpayment()
 4 SYSTEMPATH/CodeIgniter.php(466): CodeIgniter\CodeIgniter->runController()
 5 SYSTEMPATH/CodeIgniter.php(349): CodeIgniter\CodeIgniter->handleRequest()
 6 FCPATH/index.php(57): CodeIgniter\CodeIgniter->run()
CRITICAL - 2024-01-30 22:57:01 --> Undefined variable $payArray
in APPPATH/Models/Engine.php on line 2035.
 1 APPPATH/Models/Engine.php(2035): CodeIgniter\Debug\Exceptions->errorHandler()
 2 APPPATH/Controllers/Api.php(139): App\Models\Engine->getBillToSynch()
 3 SYSTEMPATH/CodeIgniter.php(896): App\Controllers\Api->postbillpayment()
 4 SYSTEMPATH/CodeIgniter.php(466): CodeIgniter\CodeIgniter->runController()
 5 SYSTEMPATH/CodeIgniter.php(349): CodeIgniter\CodeIgniter->handleRequest()
 6 FCPATH/index.php(57): CodeIgniter\CodeIgniter->run()
CRITICAL - 2024-01-30 22:58:01 --> Undefined variable $payArray
in APPPATH/Models/Engine.php on line 2035.
 1 APPPATH/Models/Engine.php(2035): CodeIgniter\Debug\Exceptions->errorHandler()
 2 APPPATH/Controllers/Api.php(139): App\Models\Engine->getBillToSynch()
 3 SYSTEMPATH/CodeIgniter.php(896): App\Controllers\Api->postbillpayment()
 4 SYSTEMPATH/CodeIgniter.php(466): CodeIgniter\CodeIgniter->runController()
 5 SYSTEMPATH/CodeIgniter.php(349): CodeIgniter\CodeIgniter->handleRequest()
 6 FCPATH/index.php(57): CodeIgniter\CodeIgniter->run()
CRITICAL - 2024-01-30 22:59:01 --> Undefined variable $payArray
in APPPATH/Models/Engine.php on line 2035.
 1 APPPATH/Models/Engine.php(2035): CodeIgniter\Debug\Exceptions->errorHandler()
 2 APPPATH/Controllers/Api.php(139): App\Models\Engine->getBillToSynch()
 3 SYSTEMPATH/CodeIgniter.php(896): App\Controllers\Api->postbillpayment()
 4 SYSTEMPATH/CodeIgniter.php(466): CodeIgniter\CodeIgniter->runController()
 5 SYSTEMPATH/CodeIgniter.php(349): CodeIgniter\CodeIgniter->handleRequest()
 6 FCPATH/index.php(57): CodeIgniter\CodeIgniter->run()
CRITICAL - 2024-01-30 23:00:01 --> Undefined variable $payArray
in APPPATH/Models/Engine.php on line 2035.
 1 APPPATH/Models/Engine.php(2035): CodeIgniter\Debug\Exceptions->errorHandler()
 2 APPPATH/Controllers/Api.php(139): App\Models\Engine->getBillToSynch()
 3 SYSTEMPATH/CodeIgniter.php(896): App\Controllers\Api->postbillpayment()
 4 SYSTEMPATH/CodeIgniter.php(466): CodeIgniter\CodeIgniter->runController()
 5 SYSTEMPATH/CodeIgniter.php(349): CodeIgniter\CodeIgniter->handleRequest()
 6 FCPATH/index.php(57): CodeIgniter\CodeIgniter->run()
CRITICAL - 2024-01-30 23:01:01 --> Undefined variable $payArray
in APPPATH/Models/Engine.php on line 2035.
 1 APPPATH/Models/Engine.php(2035): CodeIgniter\Debug\Exceptions->errorHandler()
 2 APPPATH/Controllers/Api.php(139): App\Models\Engine->getBillToSynch()
 3 SYSTEMPATH/CodeIgniter.php(896): App\Controllers\Api->postbillpayment()
 4 SYSTEMPATH/CodeIgniter.php(466): CodeIgniter\CodeIgniter->runController()
 5 SYSTEMPATH/CodeIgniter.php(349): CodeIgniter\CodeIgniter->handleRequest()
 6 FCPATH/index.php(57): CodeIgniter\CodeIgniter->run()
CRITICAL - 2024-01-30 23:02:01 --> Undefined variable $payArray
in APPPATH/Models/Engine.php on line 2035.
 1 APPPATH/Models/Engine.php(2035): CodeIgniter\Debug\Exceptions->errorHandler()
 2 APPPATH/Controllers/Api.php(139): App\Models\Engine->getBillToSynch()
 3 SYSTEMPATH/CodeIgniter.php(896): App\Controllers\Api->postbillpayment()
 4 SYSTEMPATH/CodeIgniter.php(466): CodeIgniter\CodeIgniter->runController()
 5 SYSTEMPATH/CodeIgniter.php(349): CodeIgniter\CodeIgniter->handleRequest()
 6 FCPATH/index.php(57): CodeIgniter\CodeIgniter->run()
CRITICAL - 2024-01-30 23:03:01 --> Undefined variable $payArray
in APPPATH/Models/Engine.php on line 2035.
 1 APPPATH/Models/Engine.php(2035): CodeIgniter\Debug\Exceptions->errorHandler()
 2 APPPATH/Controllers/Api.php(139): App\Models\Engine->getBillToSynch()
 3 SYSTEMPATH/CodeIgniter.php(896): App\Controllers\Api->postbillpayment()
 4 SYSTEMPATH/CodeIgniter.php(466): CodeIgniter\CodeIgniter->runController()
 5 SYSTEMPATH/CodeIgniter.php(349): CodeIgniter\CodeIgniter->handleRequest()
 6 FCPATH/index.php(57): CodeIgniter\CodeIgniter->run()
CRITICAL - 2024-01-30 23:04:01 --> Undefined variable $payArray
in APPPATH/Models/Engine.php on line 2035.
 1 APPPATH/Models/Engine.php(2035): CodeIgniter\Debug\Exceptions->errorHandler()
 2 APPPATH/Controllers/Api.php(139): App\Models\Engine->getBillToSynch()
 3 SYSTEMPATH/CodeIgniter.php(896): App\Controllers\Api->postbillpayment()
 4 SYSTEMPATH/CodeIgniter.php(466): CodeIgniter\CodeIgniter->runController()
 5 SYSTEMPATH/CodeIgniter.php(349): CodeIgniter\CodeIgniter->handleRequest()
 6 FCPATH/index.php(57): CodeIgniter\CodeIgniter->run()
CRITICAL - 2024-01-30 23:05:01 --> Undefined variable $payArray
in APPPATH/Models/Engine.php on line 2035.
 1 APPPATH/Models/Engine.php(2035): CodeIgniter\Debug\Exceptions->errorHandler()
 2 APPPATH/Controllers/Api.php(139): App\Models\Engine->getBillToSynch()
 3 SYSTEMPATH/CodeIgniter.php(896): App\Controllers\Api->postbillpayment()
 4 SYSTEMPATH/CodeIgniter.php(466): CodeIgniter\CodeIgniter->runController()
 5 SYSTEMPATH/CodeIgniter.php(349): CodeIgniter\CodeIgniter->handleRequest()
 6 FCPATH/index.php(57): CodeIgniter\CodeIgniter->run()
CRITICAL - 2024-01-30 23:06:01 --> Undefined variable $payArray
in APPPATH/Models/Engine.php on line 2035.
 1 APPPATH/Models/Engine.php(2035): CodeIgniter\Debug\Exceptions->errorHandler()
 2 APPPATH/Controllers/Api.php(139): App\Models\Engine->getBillToSynch()
 3 SYSTEMPATH/CodeIgniter.php(896): App\Controllers\Api->postbillpayment()
 4 SYSTEMPATH/CodeIgniter.php(466): CodeIgniter\CodeIgniter->runController()
 5 SYSTEMPATH/CodeIgniter.php(349): CodeIgniter\CodeIgniter->handleRequest()
 6 FCPATH/index.php(57): CodeIgniter\CodeIgniter->run()
CRITICAL - 2024-01-30 23:07:01 --> Undefined variable $payArray
in APPPATH/Models/Engine.php on line 2035.
 1 APPPATH/Models/Engine.php(2035): CodeIgniter\Debug\Exceptions->errorHandler()
 2 APPPATH/Controllers/Api.php(139): App\Models\Engine->getBillToSynch()
 3 SYSTEMPATH/CodeIgniter.php(896): App\Controllers\Api->postbillpayment()
 4 SYSTEMPATH/CodeIgniter.php(466): CodeIgniter\CodeIgniter->runController()
 5 SYSTEMPATH/CodeIgniter.php(349): CodeIgniter\CodeIgniter->handleRequest()
 6 FCPATH/index.php(57): CodeIgniter\CodeIgniter->run()
CRITICAL - 2024-01-30 23:08:02 --> Undefined variable $payArray
in APPPATH/Models/Engine.php on line 2035.
 1 APPPATH/Models/Engine.php(2035): CodeIgniter\Debug\Exceptions->errorHandler()
 2 APPPATH/Controllers/Api.php(139): App\Models\Engine->getBillToSynch()
 3 SYSTEMPATH/CodeIgniter.php(896): App\Controllers\Api->postbillpayment()
 4 SYSTEMPATH/CodeIgniter.php(466): CodeIgniter\CodeIgniter->runController()
 5 SYSTEMPATH/CodeIgniter.php(349): CodeIgniter\CodeIgniter->handleRequest()
 6 FCPATH/index.php(57): CodeIgniter\CodeIgniter->run()
CRITICAL - 2024-01-30 23:09:01 --> Undefined variable $payArray
in APPPATH/Models/Engine.php on line 2035.
 1 APPPATH/Models/Engine.php(2035): CodeIgniter\Debug\Exceptions->errorHandler()
 2 APPPATH/Controllers/Api.php(139): App\Models\Engine->getBillToSynch()
 3 SYSTEMPATH/CodeIgniter.php(896): App\Controllers\Api->postbillpayment()
 4 SYSTEMPATH/CodeIgniter.php(466): CodeIgniter\CodeIgniter->runController()
 5 SYSTEMPATH/CodeIgniter.php(349): CodeIgniter\CodeIgniter->handleRequest()
 6 FCPATH/index.php(57): CodeIgniter\CodeIgniter->run()
CRITICAL - 2024-01-30 23:10:01 --> Undefined variable $payArray
in APPPATH/Models/Engine.php on line 2035.
 1 APPPATH/Models/Engine.php(2035): CodeIgniter\Debug\Exceptions->errorHandler()
 2 APPPATH/Controllers/Api.php(139): App\Models\Engine->getBillToSynch()
 3 SYSTEMPATH/CodeIgniter.php(896): App\Controllers\Api->postbillpayment()
 4 SYSTEMPATH/CodeIgniter.php(466): CodeIgniter\CodeIgniter->runController()
 5 SYSTEMPATH/CodeIgniter.php(349): CodeIgniter\CodeIgniter->handleRequest()
 6 FCPATH/index.php(57): CodeIgniter\CodeIgniter->run()
CRITICAL - 2024-01-30 23:11:01 --> Undefined variable $payArray
in APPPATH/Models/Engine.php on line 2035.
 1 APPPATH/Models/Engine.php(2035): CodeIgniter\Debug\Exceptions->errorHandler()
 2 APPPATH/Controllers/Api.php(139): App\Models\Engine->getBillToSynch()
 3 SYSTEMPATH/CodeIgniter.php(896): App\Controllers\Api->postbillpayment()
 4 SYSTEMPATH/CodeIgniter.php(466): CodeIgniter\CodeIgniter->runController()
 5 SYSTEMPATH/CodeIgniter.php(349): CodeIgniter\CodeIgniter->handleRequest()
 6 FCPATH/index.php(57): CodeIgniter\CodeIgniter->run()
CRITICAL - 2024-01-30 23:12:01 --> Undefined variable $payArray
in APPPATH/Models/Engine.php on line 2035.
 1 APPPATH/Models/Engine.php(2035): CodeIgniter\Debug\Exceptions->errorHandler()
 2 APPPATH/Controllers/Api.php(139): App\Models\Engine->getBillToSynch()
 3 SYSTEMPATH/CodeIgniter.php(896): App\Controllers\Api->postbillpayment()
 4 SYSTEMPATH/CodeIgniter.php(466): CodeIgniter\CodeIgniter->runController()
 5 SYSTEMPATH/CodeIgniter.php(349): CodeIgniter\CodeIgniter->handleRequest()
 6 FCPATH/index.php(57): CodeIgniter\CodeIgniter->run()
CRITICAL - 2024-01-30 23:13:01 --> Undefined variable $payArray
in APPPATH/Models/Engine.php on line 2035.
 1 APPPATH/Models/Engine.php(2035): CodeIgniter\Debug\Exceptions->errorHandler()
 2 APPPATH/Controllers/Api.php(139): App\Models\Engine->getBillToSynch()
 3 SYSTEMPATH/CodeIgniter.php(896): App\Controllers\Api->postbillpayment()
 4 SYSTEMPATH/CodeIgniter.php(466): CodeIgniter\CodeIgniter->runController()
 5 SYSTEMPATH/CodeIgniter.php(349): CodeIgniter\CodeIgniter->handleRequest()
 6 FCPATH/index.php(57): CodeIgniter\CodeIgniter->run()
CRITICAL - 2024-01-30 23:14:01 --> Undefined variable $payArray
in APPPATH/Models/Engine.php on line 2035.
 1 APPPATH/Models/Engine.php(2035): CodeIgniter\Debug\Exceptions->errorHandler()
 2 APPPATH/Controllers/Api.php(139): App\Models\Engine->getBillToSynch()
 3 SYSTEMPATH/CodeIgniter.php(896): App\Controllers\Api->postbillpayment()
 4 SYSTEMPATH/CodeIgniter.php(466): CodeIgniter\CodeIgniter->runController()
 5 SYSTEMPATH/CodeIgniter.php(349): CodeIgniter\CodeIgniter->handleRequest()
 6 FCPATH/index.php(57): CodeIgniter\CodeIgniter->run()
CRITICAL - 2024-01-30 23:15:01 --> Undefined variable $payArray
in APPPATH/Models/Engine.php on line 2035.
 1 APPPATH/Models/Engine.php(2035): CodeIgniter\Debug\Exceptions->errorHandler()
 2 APPPATH/Controllers/Api.php(139): App\Models\Engine->getBillToSynch()
 3 SYSTEMPATH/CodeIgniter.php(896): App\Controllers\Api->postbillpayment()
 4 SYSTEMPATH/CodeIgniter.php(466): CodeIgniter\CodeIgniter->runController()
 5 SYSTEMPATH/CodeIgniter.php(349): CodeIgniter\CodeIgniter->handleRequest()
 6 FCPATH/index.php(57): CodeIgniter\CodeIgniter->run()
CRITICAL - 2024-01-30 23:16:01 --> Undefined variable $payArray
in APPPATH/Models/Engine.php on line 2035.
 1 APPPATH/Models/Engine.php(2035): CodeIgniter\Debug\Exceptions->errorHandler()
 2 APPPATH/Controllers/Api.php(139): App\Models\Engine->getBillToSynch()
 3 SYSTEMPATH/CodeIgniter.php(896): App\Controllers\Api->postbillpayment()
 4 SYSTEMPATH/CodeIgniter.php(466): CodeIgniter\CodeIgniter->runController()
 5 SYSTEMPATH/CodeIgniter.php(349): CodeIgniter\CodeIgniter->handleRequest()
 6 FCPATH/index.php(57): CodeIgniter\CodeIgniter->run()
CRITICAL - 2024-01-30 23:17:01 --> Undefined variable $payArray
in APPPATH/Models/Engine.php on line 2035.
 1 APPPATH/Models/Engine.php(2035): CodeIgniter\Debug\Exceptions->errorHandler()
 2 APPPATH/Controllers/Api.php(139): App\Models\Engine->getBillToSynch()
 3 SYSTEMPATH/CodeIgniter.php(896): App\Controllers\Api->postbillpayment()
 4 SYSTEMPATH/CodeIgniter.php(466): CodeIgniter\CodeIgniter->runController()
 5 SYSTEMPATH/CodeIgniter.php(349): CodeIgniter\CodeIgniter->handleRequest()
 6 FCPATH/index.php(57): CodeIgniter\CodeIgniter->run()
CRITICAL - 2024-01-30 23:18:01 --> Undefined variable $payArray
in APPPATH/Models/Engine.php on line 2035.
 1 APPPATH/Models/Engine.php(2035): CodeIgniter\Debug\Exceptions->errorHandler()
 2 APPPATH/Controllers/Api.php(139): App\Models\Engine->getBillToSynch()
 3 SYSTEMPATH/CodeIgniter.php(896): App\Controllers\Api->postbillpayment()
 4 SYSTEMPATH/CodeIgniter.php(466): CodeIgniter\CodeIgniter->runController()
 5 SYSTEMPATH/CodeIgniter.php(349): CodeIgniter\CodeIgniter->handleRequest()
 6 FCPATH/index.php(57): CodeIgniter\CodeIgniter->run()
CRITICAL - 2024-01-30 23:19:01 --> Undefined variable $payArray
in APPPATH/Models/Engine.php on line 2035.
 1 APPPATH/Models/Engine.php(2035): CodeIgniter\Debug\Exceptions->errorHandler()
 2 APPPATH/Controllers/Api.php(139): App\Models\Engine->getBillToSynch()
 3 SYSTEMPATH/CodeIgniter.php(896): App\Controllers\Api->postbillpayment()
 4 SYSTEMPATH/CodeIgniter.php(466): CodeIgniter\CodeIgniter->runController()
 5 SYSTEMPATH/CodeIgniter.php(349): CodeIgniter\CodeIgniter->handleRequest()
 6 FCPATH/index.php(57): CodeIgniter\CodeIgniter->run()
CRITICAL - 2024-01-30 23:20:01 --> Undefined variable $payArray
in APPPATH/Models/Engine.php on line 2035.
 1 APPPATH/Models/Engine.php(2035): CodeIgniter\Debug\Exceptions->errorHandler()
 2 APPPATH/Controllers/Api.php(139): App\Models\Engine->getBillToSynch()
 3 SYSTEMPATH/CodeIgniter.php(896): App\Controllers\Api->postbillpayment()
 4 SYSTEMPATH/CodeIgniter.php(466): CodeIgniter\CodeIgniter->runController()
 5 SYSTEMPATH/CodeIgniter.php(349): CodeIgniter\CodeIgniter->handleRequest()
 6 FCPATH/index.php(57): CodeIgniter\CodeIgniter->run()
CRITICAL - 2024-01-30 23:21:01 --> Undefined variable $payArray
in APPPATH/Models/Engine.php on line 2035.
 1 APPPATH/Models/Engine.php(2035): CodeIgniter\Debug\Exceptions->errorHandler()
 2 APPPATH/Controllers/Api.php(139): App\Models\Engine->getBillToSynch()
 3 SYSTEMPATH/CodeIgniter.php(896): App\Controllers\Api->postbillpayment()
 4 SYSTEMPATH/CodeIgniter.php(466): CodeIgniter\CodeIgniter->runController()
 5 SYSTEMPATH/CodeIgniter.php(349): CodeIgniter\CodeIgniter->handleRequest()
 6 FCPATH/index.php(57): CodeIgniter\CodeIgniter->run()
CRITICAL - 2024-01-30 23:22:01 --> Undefined variable $payArray
in APPPATH/Models/Engine.php on line 2035.
 1 APPPATH/Models/Engine.php(2035): CodeIgniter\Debug\Exceptions->errorHandler()
 2 APPPATH/Controllers/Api.php(139): App\Models\Engine->getBillToSynch()
 3 SYSTEMPATH/CodeIgniter.php(896): App\Controllers\Api->postbillpayment()
 4 SYSTEMPATH/CodeIgniter.php(466): CodeIgniter\CodeIgniter->runController()
 5 SYSTEMPATH/CodeIgniter.php(349): CodeIgniter\CodeIgniter->handleRequest()
 6 FCPATH/index.php(57): CodeIgniter\CodeIgniter->run()
CRITICAL - 2024-01-30 23:23:01 --> Undefined variable $payArray
in APPPATH/Models/Engine.php on line 2035.
 1 APPPATH/Models/Engine.php(2035): CodeIgniter\Debug\Exceptions->errorHandler()
 2 APPPATH/Controllers/Api.php(139): App\Models\Engine->getBillToSynch()
 3 SYSTEMPATH/CodeIgniter.php(896): App\Controllers\Api->postbillpayment()
 4 SYSTEMPATH/CodeIgniter.php(466): CodeIgniter\CodeIgniter->runController()
 5 SYSTEMPATH/CodeIgniter.php(349): CodeIgniter\CodeIgniter->handleRequest()
 6 FCPATH/index.php(57): CodeIgniter\CodeIgniter->run()
CRITICAL - 2024-01-30 23:24:01 --> Undefined variable $payArray
in APPPATH/Models/Engine.php on line 2035.
 1 APPPATH/Models/Engine.php(2035): CodeIgniter\Debug\Exceptions->errorHandler()
 2 APPPATH/Controllers/Api.php(139): App\Models\Engine->getBillToSynch()
 3 SYSTEMPATH/CodeIgniter.php(896): App\Controllers\Api->postbillpayment()
 4 SYSTEMPATH/CodeIgniter.php(466): CodeIgniter\CodeIgniter->runController()
 5 SYSTEMPATH/CodeIgniter.php(349): CodeIgniter\CodeIgniter->handleRequest()
 6 FCPATH/index.php(57): CodeIgniter\CodeIgniter->run()
CRITICAL - 2024-01-30 23:25:01 --> Undefined variable $payArray
in APPPATH/Models/Engine.php on line 2035.
 1 APPPATH/Models/Engine.php(2035): CodeIgniter\Debug\Exceptions->errorHandler()
 2 APPPATH/Controllers/Api.php(139): App\Models\Engine->getBillToSynch()
 3 SYSTEMPATH/CodeIgniter.php(896): App\Controllers\Api->postbillpayment()
 4 SYSTEMPATH/CodeIgniter.php(466): CodeIgniter\CodeIgniter->runController()
 5 SYSTEMPATH/CodeIgniter.php(349): CodeIgniter\CodeIgniter->handleRequest()
 6 FCPATH/index.php(57): CodeIgniter\CodeIgniter->run()
CRITICAL - 2024-01-30 23:26:01 --> Undefined variable $payArray
in APPPATH/Models/Engine.php on line 2035.
 1 APPPATH/Models/Engine.php(2035): CodeIgniter\Debug\Exceptions->errorHandler()
 2 APPPATH/Controllers/Api.php(139): App\Models\Engine->getBillToSynch()
 3 SYSTEMPATH/CodeIgniter.php(896): App\Controllers\Api->postbillpayment()
 4 SYSTEMPATH/CodeIgniter.php(466): CodeIgniter\CodeIgniter->runController()
 5 SYSTEMPATH/CodeIgniter.php(349): CodeIgniter\CodeIgniter->handleRequest()
 6 FCPATH/index.php(57): CodeIgniter\CodeIgniter->run()
CRITICAL - 2024-01-30 23:27:01 --> Undefined variable $payArray
in APPPATH/Models/Engine.php on line 2035.
 1 APPPATH/Models/Engine.php(2035): CodeIgniter\Debug\Exceptions->errorHandler()
 2 APPPATH/Controllers/Api.php(139): App\Models\Engine->getBillToSynch()
 3 SYSTEMPATH/CodeIgniter.php(896): App\Controllers\Api->postbillpayment()
 4 SYSTEMPATH/CodeIgniter.php(466): CodeIgniter\CodeIgniter->runController()
 5 SYSTEMPATH/CodeIgniter.php(349): CodeIgniter\CodeIgniter->handleRequest()
 6 FCPATH/index.php(57): CodeIgniter\CodeIgniter->run()
CRITICAL - 2024-01-30 23:28:01 --> Undefined variable $payArray
in APPPATH/Models/Engine.php on line 2035.
 1 APPPATH/Models/Engine.php(2035): CodeIgniter\Debug\Exceptions->errorHandler()
 2 APPPATH/Controllers/Api.php(139): App\Models\Engine->getBillToSynch()
 3 SYSTEMPATH/CodeIgniter.php(896): App\Controllers\Api->postbillpayment()
 4 SYSTEMPATH/CodeIgniter.php(466): CodeIgniter\CodeIgniter->runController()
 5 SYSTEMPATH/CodeIgniter.php(349): CodeIgniter\CodeIgniter->handleRequest()
 6 FCPATH/index.php(57): CodeIgniter\CodeIgniter->run()
CRITICAL - 2024-01-30 23:29:01 --> Undefined variable $payArray
in APPPATH/Models/Engine.php on line 2035.
 1 APPPATH/Models/Engine.php(2035): CodeIgniter\Debug\Exceptions->errorHandler()
 2 APPPATH/Controllers/Api.php(139): App\Models\Engine->getBillToSynch()
 3 SYSTEMPATH/CodeIgniter.php(896): App\Controllers\Api->postbillpayment()
 4 SYSTEMPATH/CodeIgniter.php(466): CodeIgniter\CodeIgniter->runController()
 5 SYSTEMPATH/CodeIgniter.php(349): CodeIgniter\CodeIgniter->handleRequest()
 6 FCPATH/index.php(57): CodeIgniter\CodeIgniter->run()
CRITICAL - 2024-01-30 23:30:01 --> Undefined variable $payArray
in APPPATH/Models/Engine.php on line 2035.
 1 APPPATH/Models/Engine.php(2035): CodeIgniter\Debug\Exceptions->errorHandler()
 2 APPPATH/Controllers/Api.php(139): App\Models\Engine->getBillToSynch()
 3 SYSTEMPATH/CodeIgniter.php(896): App\Controllers\Api->postbillpayment()
 4 SYSTEMPATH/CodeIgniter.php(466): CodeIgniter\CodeIgniter->runController()
 5 SYSTEMPATH/CodeIgniter.php(349): CodeIgniter\CodeIgniter->handleRequest()
 6 FCPATH/index.php(57): CodeIgniter\CodeIgniter->run()
CRITICAL - 2024-01-30 23:31:01 --> Undefined variable $payArray
in APPPATH/Models/Engine.php on line 2035.
 1 APPPATH/Models/Engine.php(2035): CodeIgniter\Debug\Exceptions->errorHandler()
 2 APPPATH/Controllers/Api.php(139): App\Models\Engine->getBillToSynch()
 3 SYSTEMPATH/CodeIgniter.php(896): App\Controllers\Api->postbillpayment()
 4 SYSTEMPATH/CodeIgniter.php(466): CodeIgniter\CodeIgniter->runController()
 5 SYSTEMPATH/CodeIgniter.php(349): CodeIgniter\CodeIgniter->handleRequest()
 6 FCPATH/index.php(57): CodeIgniter\CodeIgniter->run()
CRITICAL - 2024-01-30 23:32:01 --> Undefined variable $payArray
in APPPATH/Models/Engine.php on line 2035.
 1 APPPATH/Models/Engine.php(2035): CodeIgniter\Debug\Exceptions->errorHandler()
 2 APPPATH/Controllers/Api.php(139): App\Models\Engine->getBillToSynch()
 3 SYSTEMPATH/CodeIgniter.php(896): App\Controllers\Api->postbillpayment()
 4 SYSTEMPATH/CodeIgniter.php(466): CodeIgniter\CodeIgniter->runController()
 5 SYSTEMPATH/CodeIgniter.php(349): CodeIgniter\CodeIgniter->handleRequest()
 6 FCPATH/index.php(57): CodeIgniter\CodeIgniter->run()
CRITICAL - 2024-01-30 23:33:02 --> Undefined variable $payArray
in APPPATH/Models/Engine.php on line 2035.
 1 APPPATH/Models/Engine.php(2035): CodeIgniter\Debug\Exceptions->errorHandler()
 2 APPPATH/Controllers/Api.php(139): App\Models\Engine->getBillToSynch()
 3 SYSTEMPATH/CodeIgniter.php(896): App\Controllers\Api->postbillpayment()
 4 SYSTEMPATH/CodeIgniter.php(466): CodeIgniter\CodeIgniter->runController()
 5 SYSTEMPATH/CodeIgniter.php(349): CodeIgniter\CodeIgniter->handleRequest()
 6 FCPATH/index.php(57): CodeIgniter\CodeIgniter->run()
CRITICAL - 2024-01-30 23:34:01 --> Undefined variable $payArray
in APPPATH/Models/Engine.php on line 2035.
 1 APPPATH/Models/Engine.php(2035): CodeIgniter\Debug\Exceptions->errorHandler()
 2 APPPATH/Controllers/Api.php(139): App\Models\Engine->getBillToSynch()
 3 SYSTEMPATH/CodeIgniter.php(896): App\Controllers\Api->postbillpayment()
 4 SYSTEMPATH/CodeIgniter.php(466): CodeIgniter\CodeIgniter->runController()
 5 SYSTEMPATH/CodeIgniter.php(349): CodeIgniter\CodeIgniter->handleRequest()
 6 FCPATH/index.php(57): CodeIgniter\CodeIgniter->run()
CRITICAL - 2024-01-30 23:35:01 --> Undefined variable $payArray
in APPPATH/Models/Engine.php on line 2035.
 1 APPPATH/Models/Engine.php(2035): CodeIgniter\Debug\Exceptions->errorHandler()
 2 APPPATH/Controllers/Api.php(139): App\Models\Engine->getBillToSynch()
 3 SYSTEMPATH/CodeIgniter.php(896): App\Controllers\Api->postbillpayment()
 4 SYSTEMPATH/CodeIgniter.php(466): CodeIgniter\CodeIgniter->runController()
 5 SYSTEMPATH/CodeIgniter.php(349): CodeIgniter\CodeIgniter->handleRequest()
 6 FCPATH/index.php(57): CodeIgniter\CodeIgniter->run()
CRITICAL - 2024-01-30 23:36:01 --> Undefined variable $payArray
in APPPATH/Models/Engine.php on line 2035.
 1 APPPATH/Models/Engine.php(2035): CodeIgniter\Debug\Exceptions->errorHandler()
 2 APPPATH/Controllers/Api.php(139): App\Models\Engine->getBillToSynch()
 3 SYSTEMPATH/CodeIgniter.php(896): App\Controllers\Api->postbillpayment()
 4 SYSTEMPATH/CodeIgniter.php(466): CodeIgniter\CodeIgniter->runController()
 5 SYSTEMPATH/CodeIgniter.php(349): CodeIgniter\CodeIgniter->handleRequest()
 6 FCPATH/index.php(57): CodeIgniter\CodeIgniter->run()
CRITICAL - 2024-01-30 23:37:01 --> Undefined variable $payArray
in APPPATH/Models/Engine.php on line 2035.
 1 APPPATH/Models/Engine.php(2035): CodeIgniter\Debug\Exceptions->errorHandler()
 2 APPPATH/Controllers/Api.php(139): App\Models\Engine->getBillToSynch()
 3 SYSTEMPATH/CodeIgniter.php(896): App\Controllers\Api->postbillpayment()
 4 SYSTEMPATH/CodeIgniter.php(466): CodeIgniter\CodeIgniter->runController()
 5 SYSTEMPATH/CodeIgniter.php(349): CodeIgniter\CodeIgniter->handleRequest()
 6 FCPATH/index.php(57): CodeIgniter\CodeIgniter->run()
CRITICAL - 2024-01-30 23:38:01 --> Undefined variable $payArray
in APPPATH/Models/Engine.php on line 2035.
 1 APPPATH/Models/Engine.php(2035): CodeIgniter\Debug\Exceptions->errorHandler()
 2 APPPATH/Controllers/Api.php(139): App\Models\Engine->getBillToSynch()
 3 SYSTEMPATH/CodeIgniter.php(896): App\Controllers\Api->postbillpayment()
 4 SYSTEMPATH/CodeIgniter.php(466): CodeIgniter\CodeIgniter->runController()
 5 SYSTEMPATH/CodeIgniter.php(349): CodeIgniter\CodeIgniter->handleRequest()
 6 FCPATH/index.php(57): CodeIgniter\CodeIgniter->run()
CRITICAL - 2024-01-30 23:39:01 --> Undefined variable $payArray
in APPPATH/Models/Engine.php on line 2035.
 1 APPPATH/Models/Engine.php(2035): CodeIgniter\Debug\Exceptions->errorHandler()
 2 APPPATH/Controllers/Api.php(139): App\Models\Engine->getBillToSynch()
 3 SYSTEMPATH/CodeIgniter.php(896): App\Controllers\Api->postbillpayment()
 4 SYSTEMPATH/CodeIgniter.php(466): CodeIgniter\CodeIgniter->runController()
 5 SYSTEMPATH/CodeIgniter.php(349): CodeIgniter\CodeIgniter->handleRequest()
 6 FCPATH/index.php(57): CodeIgniter\CodeIgniter->run()
CRITICAL - 2024-01-30 23:40:01 --> Undefined variable $payArray
in APPPATH/Models/Engine.php on line 2035.
 1 APPPATH/Models/Engine.php(2035): CodeIgniter\Debug\Exceptions->errorHandler()
 2 APPPATH/Controllers/Api.php(139): App\Models\Engine->getBillToSynch()
 3 SYSTEMPATH/CodeIgniter.php(896): App\Controllers\Api->postbillpayment()
 4 SYSTEMPATH/CodeIgniter.php(466): CodeIgniter\CodeIgniter->runController()
 5 SYSTEMPATH/CodeIgniter.php(349): CodeIgniter\CodeIgniter->handleRequest()
 6 FCPATH/index.php(57): CodeIgniter\CodeIgniter->run()
CRITICAL - 2024-01-30 23:41:01 --> Undefined variable $payArray
in APPPATH/Models/Engine.php on line 2035.
 1 APPPATH/Models/Engine.php(2035): CodeIgniter\Debug\Exceptions->errorHandler()
 2 APPPATH/Controllers/Api.php(139): App\Models\Engine->getBillToSynch()
 3 SYSTEMPATH/CodeIgniter.php(896): App\Controllers\Api->postbillpayment()
 4 SYSTEMPATH/CodeIgniter.php(466): CodeIgniter\CodeIgniter->runController()
 5 SYSTEMPATH/CodeIgniter.php(349): CodeIgniter\CodeIgniter->handleRequest()
 6 FCPATH/index.php(57): CodeIgniter\CodeIgniter->run()
CRITICAL - 2024-01-30 23:42:01 --> Undefined variable $payArray
in APPPATH/Models/Engine.php on line 2035.
 1 APPPATH/Models/Engine.php(2035): CodeIgniter\Debug\Exceptions->errorHandler()
 2 APPPATH/Controllers/Api.php(139): App\Models\Engine->getBillToSynch()
 3 SYSTEMPATH/CodeIgniter.php(896): App\Controllers\Api->postbillpayment()
 4 SYSTEMPATH/CodeIgniter.php(466): CodeIgniter\CodeIgniter->runController()
 5 SYSTEMPATH/CodeIgniter.php(349): CodeIgniter\CodeIgniter->handleRequest()
 6 FCPATH/index.php(57): CodeIgniter\CodeIgniter->run()
CRITICAL - 2024-01-30 23:43:01 --> Undefined variable $payArray
in APPPATH/Models/Engine.php on line 2035.
 1 APPPATH/Models/Engine.php(2035): CodeIgniter\Debug\Exceptions->errorHandler()
 2 APPPATH/Controllers/Api.php(139): App\Models\Engine->getBillToSynch()
 3 SYSTEMPATH/CodeIgniter.php(896): App\Controllers\Api->postbillpayment()
 4 SYSTEMPATH/CodeIgniter.php(466): CodeIgniter\CodeIgniter->runController()
 5 SYSTEMPATH/CodeIgniter.php(349): CodeIgniter\CodeIgniter->handleRequest()
 6 FCPATH/index.php(57): CodeIgniter\CodeIgniter->run()
CRITICAL - 2024-01-30 23:44:01 --> Undefined variable $payArray
in APPPATH/Models/Engine.php on line 2035.
 1 APPPATH/Models/Engine.php(2035): CodeIgniter\Debug\Exceptions->errorHandler()
 2 APPPATH/Controllers/Api.php(139): App\Models\Engine->getBillToSynch()
 3 SYSTEMPATH/CodeIgniter.php(896): App\Controllers\Api->postbillpayment()
 4 SYSTEMPATH/CodeIgniter.php(466): CodeIgniter\CodeIgniter->runController()
 5 SYSTEMPATH/CodeIgniter.php(349): CodeIgniter\CodeIgniter->handleRequest()
 6 FCPATH/index.php(57): CodeIgniter\CodeIgniter->run()
CRITICAL - 2024-01-30 23:45:01 --> Undefined variable $payArray
in APPPATH/Models/Engine.php on line 2035.
 1 APPPATH/Models/Engine.php(2035): CodeIgniter\Debug\Exceptions->errorHandler()
 2 APPPATH/Controllers/Api.php(139): App\Models\Engine->getBillToSynch()
 3 SYSTEMPATH/CodeIgniter.php(896): App\Controllers\Api->postbillpayment()
 4 SYSTEMPATH/CodeIgniter.php(466): CodeIgniter\CodeIgniter->runController()
 5 SYSTEMPATH/CodeIgniter.php(349): CodeIgniter\CodeIgniter->handleRequest()
 6 FCPATH/index.php(57): CodeIgniter\CodeIgniter->run()
CRITICAL - 2024-01-30 23:46:01 --> Undefined variable $payArray
in APPPATH/Models/Engine.php on line 2035.
 1 APPPATH/Models/Engine.php(2035): CodeIgniter\Debug\Exceptions->errorHandler()
 2 APPPATH/Controllers/Api.php(139): App\Models\Engine->getBillToSynch()
 3 SYSTEMPATH/CodeIgniter.php(896): App\Controllers\Api->postbillpayment()
 4 SYSTEMPATH/CodeIgniter.php(466): CodeIgniter\CodeIgniter->runController()
 5 SYSTEMPATH/CodeIgniter.php(349): CodeIgniter\CodeIgniter->handleRequest()
 6 FCPATH/index.php(57): CodeIgniter\CodeIgniter->run()
CRITICAL - 2024-01-30 23:47:01 --> Undefined variable $payArray
in APPPATH/Models/Engine.php on line 2035.
 1 APPPATH/Models/Engine.php(2035): CodeIgniter\Debug\Exceptions->errorHandler()
 2 APPPATH/Controllers/Api.php(139): App\Models\Engine->getBillToSynch()
 3 SYSTEMPATH/CodeIgniter.php(896): App\Controllers\Api->postbillpayment()
 4 SYSTEMPATH/CodeIgniter.php(466): CodeIgniter\CodeIgniter->runController()
 5 SYSTEMPATH/CodeIgniter.php(349): CodeIgniter\CodeIgniter->handleRequest()
 6 FCPATH/index.php(57): CodeIgniter\CodeIgniter->run()
CRITICAL - 2024-01-30 23:48:01 --> Undefined variable $payArray
in APPPATH/Models/Engine.php on line 2035.
 1 APPPATH/Models/Engine.php(2035): CodeIgniter\Debug\Exceptions->errorHandler()
 2 APPPATH/Controllers/Api.php(139): App\Models\Engine->getBillToSynch()
 3 SYSTEMPATH/CodeIgniter.php(896): App\Controllers\Api->postbillpayment()
 4 SYSTEMPATH/CodeIgniter.php(466): CodeIgniter\CodeIgniter->runController()
 5 SYSTEMPATH/CodeIgniter.php(349): CodeIgniter\CodeIgniter->handleRequest()
 6 FCPATH/index.php(57): CodeIgniter\CodeIgniter->run()
CRITICAL - 2024-01-30 23:49:01 --> Undefined variable $payArray
in APPPATH/Models/Engine.php on line 2035.
 1 APPPATH/Models/Engine.php(2035): CodeIgniter\Debug\Exceptions->errorHandler()
 2 APPPATH/Controllers/Api.php(139): App\Models\Engine->getBillToSynch()
 3 SYSTEMPATH/CodeIgniter.php(896): App\Controllers\Api->postbillpayment()
 4 SYSTEMPATH/CodeIgniter.php(466): CodeIgniter\CodeIgniter->runController()
 5 SYSTEMPATH/CodeIgniter.php(349): CodeIgniter\CodeIgniter->handleRequest()
 6 FCPATH/index.php(57): CodeIgniter\CodeIgniter->run()
CRITICAL - 2024-01-30 23:50:01 --> Undefined variable $payArray
in APPPATH/Models/Engine.php on line 2035.
 1 APPPATH/Models/Engine.php(2035): CodeIgniter\Debug\Exceptions->errorHandler()
 2 APPPATH/Controllers/Api.php(139): App\Models\Engine->getBillToSynch()
 3 SYSTEMPATH/CodeIgniter.php(896): App\Controllers\Api->postbillpayment()
 4 SYSTEMPATH/CodeIgniter.php(466): CodeIgniter\CodeIgniter->runController()
 5 SYSTEMPATH/CodeIgniter.php(349): CodeIgniter\CodeIgniter->handleRequest()
 6 FCPATH/index.php(57): CodeIgniter\CodeIgniter->run()
CRITICAL - 2024-01-30 23:51:01 --> Undefined variable $payArray
in APPPATH/Models/Engine.php on line 2035.
 1 APPPATH/Models/Engine.php(2035): CodeIgniter\Debug\Exceptions->errorHandler()
 2 APPPATH/Controllers/Api.php(139): App\Models\Engine->getBillToSynch()
 3 SYSTEMPATH/CodeIgniter.php(896): App\Controllers\Api->postbillpayment()
 4 SYSTEMPATH/CodeIgniter.php(466): CodeIgniter\CodeIgniter->runController()
 5 SYSTEMPATH/CodeIgniter.php(349): CodeIgniter\CodeIgniter->handleRequest()
 6 FCPATH/index.php(57): CodeIgniter\CodeIgniter->run()
CRITICAL - 2024-01-30 23:52:01 --> Undefined variable $payArray
in APPPATH/Models/Engine.php on line 2035.
 1 APPPATH/Models/Engine.php(2035): CodeIgniter\Debug\Exceptions->errorHandler()
 2 APPPATH/Controllers/Api.php(139): App\Models\Engine->getBillToSynch()
 3 SYSTEMPATH/CodeIgniter.php(896): App\Controllers\Api->postbillpayment()
 4 SYSTEMPATH/CodeIgniter.php(466): CodeIgniter\CodeIgniter->runController()
 5 SYSTEMPATH/CodeIgniter.php(349): CodeIgniter\CodeIgniter->handleRequest()
 6 FCPATH/index.php(57): CodeIgniter\CodeIgniter->run()
CRITICAL - 2024-01-30 23:53:01 --> Undefined variable $payArray
in APPPATH/Models/Engine.php on line 2035.
 1 APPPATH/Models/Engine.php(2035): CodeIgniter\Debug\Exceptions->errorHandler()
 2 APPPATH/Controllers/Api.php(139): App\Models\Engine->getBillToSynch()
 3 SYSTEMPATH/CodeIgniter.php(896): App\Controllers\Api->postbillpayment()
 4 SYSTEMPATH/CodeIgniter.php(466): CodeIgniter\CodeIgniter->runController()
 5 SYSTEMPATH/CodeIgniter.php(349): CodeIgniter\CodeIgniter->handleRequest()
 6 FCPATH/index.php(57): CodeIgniter\CodeIgniter->run()
CRITICAL - 2024-01-30 23:54:01 --> Undefined variable $payArray
in APPPATH/Models/Engine.php on line 2035.
 1 APPPATH/Models/Engine.php(2035): CodeIgniter\Debug\Exceptions->errorHandler()
 2 APPPATH/Controllers/Api.php(139): App\Models\Engine->getBillToSynch()
 3 SYSTEMPATH/CodeIgniter.php(896): App\Controllers\Api->postbillpayment()
 4 SYSTEMPATH/CodeIgniter.php(466): CodeIgniter\CodeIgniter->runController()
 5 SYSTEMPATH/CodeIgniter.php(349): CodeIgniter\CodeIgniter->handleRequest()
 6 FCPATH/index.php(57): CodeIgniter\CodeIgniter->run()
CRITICAL - 2024-01-30 23:55:01 --> Undefined variable $payArray
in APPPATH/Models/Engine.php on line 2035.
 1 APPPATH/Models/Engine.php(2035): CodeIgniter\Debug\Exceptions->errorHandler()
 2 APPPATH/Controllers/Api.php(139): App\Models\Engine->getBillToSynch()
 3 SYSTEMPATH/CodeIgniter.php(896): App\Controllers\Api->postbillpayment()
 4 SYSTEMPATH/CodeIgniter.php(466): CodeIgniter\CodeIgniter->runController()
 5 SYSTEMPATH/CodeIgniter.php(349): CodeIgniter\CodeIgniter->handleRequest()
 6 FCPATH/index.php(57): CodeIgniter\CodeIgniter->run()
CRITICAL - 2024-01-30 23:56:01 --> Undefined variable $payArray
in APPPATH/Models/Engine.php on line 2035.
 1 APPPATH/Models/Engine.php(2035): CodeIgniter\Debug\Exceptions->errorHandler()
 2 APPPATH/Controllers/Api.php(139): App\Models\Engine->getBillToSynch()
 3 SYSTEMPATH/CodeIgniter.php(896): App\Controllers\Api->postbillpayment()
 4 SYSTEMPATH/CodeIgniter.php(466): CodeIgniter\CodeIgniter->runController()
 5 SYSTEMPATH/CodeIgniter.php(349): CodeIgniter\CodeIgniter->handleRequest()
 6 FCPATH/index.php(57): CodeIgniter\CodeIgniter->run()
CRITICAL - 2024-01-30 23:57:01 --> Undefined variable $payArray
in APPPATH/Models/Engine.php on line 2035.
 1 APPPATH/Models/Engine.php(2035): CodeIgniter\Debug\Exceptions->errorHandler()
 2 APPPATH/Controllers/Api.php(139): App\Models\Engine->getBillToSynch()
 3 SYSTEMPATH/CodeIgniter.php(896): App\Controllers\Api->postbillpayment()
 4 SYSTEMPATH/CodeIgniter.php(466): CodeIgniter\CodeIgniter->runController()
 5 SYSTEMPATH/CodeIgniter.php(349): CodeIgniter\CodeIgniter->handleRequest()
 6 FCPATH/index.php(57): CodeIgniter\CodeIgniter->run()
CRITICAL - 2024-01-30 23:58:01 --> Undefined variable $payArray
in APPPATH/Models/Engine.php on line 2035.
 1 APPPATH/Models/Engine.php(2035): CodeIgniter\Debug\Exceptions->errorHandler()
 2 APPPATH/Controllers/Api.php(139): App\Models\Engine->getBillToSynch()
 3 SYSTEMPATH/CodeIgniter.php(896): App\Controllers\Api->postbillpayment()
 4 SYSTEMPATH/CodeIgniter.php(466): CodeIgniter\CodeIgniter->runController()
 5 SYSTEMPATH/CodeIgniter.php(349): CodeIgniter\CodeIgniter->handleRequest()
 6 FCPATH/index.php(57): CodeIgniter\CodeIgniter->run()
CRITICAL - 2024-01-30 23:59:02 --> Undefined variable $payArray
in APPPATH/Models/Engine.php on line 2035.
 1 APPPATH/Models/Engine.php(2035): CodeIgniter\Debug\Exceptions->errorHandler()
 2 APPPATH/Controllers/Api.php(139): App\Models\Engine->getBillToSynch()
 3 SYSTEMPATH/CodeIgniter.php(896): App\Controllers\Api->postbillpayment()
 4 SYSTEMPATH/CodeIgniter.php(466): CodeIgniter\CodeIgniter->runController()
 5 SYSTEMPATH/CodeIgniter.php(349): CodeIgniter\CodeIgniter->handleRequest()
 6 FCPATH/index.php(57): CodeIgniter\CodeIgniter->run()
