CRITICAL - 2024-11-10 11:50:26 --> Undefined array key "data"
in APPPATH/Helpers/global_helper.php on line 154.
 1 APPPATH/Helpers/global_helper.php(154): CodeIgniter\Debug\Exceptions->errorHandler()
 2 APPPATH/Controllers/Malipo.php(294): dispResponseCRDBValidate()
 3 SYSTEMPATH/CodeIgniter.php(896): App\Controllers\Malipo->crdbverify()
 4 SYSTEMPATH/CodeIgniter.php(466): CodeIgniter\CodeIgniter->runController()
 5 SYSTEMPATH/CodeIgniter.php(349): CodeIgniter\CodeIgniter->handleRequest()
 6 FCPATH/index.php(57): CodeIgniter\CodeIgniter->run()
CRITICAL - 2024-11-10 11:51:01 --> Undefined array key "data"
in APPPATH/Helpers/global_helper.php on line 154.
 1 APPPATH/Helpers/global_helper.php(154): CodeIgniter\Debug\Exceptions->errorHandler()
 2 APPPATH/Controllers/Malipo.php(294): dispResponseCRDBValidate()
 3 SYSTEMPATH/CodeIgniter.php(896): App\Controllers\Malipo->crdbverify()
 4 SYSTEMPATH/CodeIgniter.php(466): CodeIgniter\CodeIgniter->runController()
 5 SYSTEMPATH/CodeIgniter.php(349): CodeIgniter\CodeIgniter->handleRequest()
 6 FCPATH/index.php(57): CodeIgniter\CodeIgniter->run()
CRITICAL - 2024-11-10 11:53:21 --> Undefined property: stdClass::$reference
in APPPATH/Helpers/global_helper.php on line 914.
 1 APPPATH/Helpers/global_helper.php(914): CodeIgniter\Debug\Exceptions->errorHandler()
 2 APPPATH/Controllers/Malipo.php(476): nmbGenSubmitJson()
 3 SYSTEMPATH/CodeIgniter.php(896): App\Controllers\Malipo->nmbbillrequest()
 4 SYSTEMPATH/CodeIgniter.php(466): CodeIgniter\CodeIgniter->runController()
 5 SYSTEMPATH/CodeIgniter.php(349): CodeIgniter\CodeIgniter->handleRequest()
 6 FCPATH/index.php(57): CodeIgniter\CodeIgniter->run()
CRITICAL - 2024-11-10 11:53:36 --> Undefined property: stdClass::$reference
in APPPATH/Helpers/global_helper.php on line 914.
 1 APPPATH/Helpers/global_helper.php(914): CodeIgniter\Debug\Exceptions->errorHandler()
 2 APPPATH/Controllers/Malipo.php(476): nmbGenSubmitJson()
 3 SYSTEMPATH/CodeIgniter.php(896): App\Controllers\Malipo->nmbbillrequest()
 4 SYSTEMPATH/CodeIgniter.php(466): CodeIgniter\CodeIgniter->runController()
 5 SYSTEMPATH/CodeIgniter.php(349): CodeIgniter\CodeIgniter->handleRequest()
 6 FCPATH/index.php(57): CodeIgniter\CodeIgniter->run()
CRITICAL - 2024-11-10 11:54:11 --> Undefined property: stdClass::$reference
in APPPATH/Helpers/global_helper.php on line 914.
 1 APPPATH/Helpers/global_helper.php(914): CodeIgniter\Debug\Exceptions->errorHandler()
 2 APPPATH/Controllers/Malipo.php(476): nmbGenSubmitJson()
 3 SYSTEMPATH/CodeIgniter.php(896): App\Controllers\Malipo->nmbbillrequest()
 4 SYSTEMPATH/CodeIgniter.php(466): CodeIgniter\CodeIgniter->runController()
 5 SYSTEMPATH/CodeIgniter.php(349): CodeIgniter\CodeIgniter->handleRequest()
 6 FCPATH/index.php(57): CodeIgniter\CodeIgniter->run()
CRITICAL - 2024-11-10 11:54:21 --> Undefined property: stdClass::$reference
in APPPATH/Helpers/global_helper.php on line 914.
 1 APPPATH/Helpers/global_helper.php(914): CodeIgniter\Debug\Exceptions->errorHandler()
 2 APPPATH/Controllers/Malipo.php(476): nmbGenSubmitJson()
 3 SYSTEMPATH/CodeIgniter.php(896): App\Controllers\Malipo->nmbbillrequest()
 4 SYSTEMPATH/CodeIgniter.php(466): CodeIgniter\CodeIgniter->runController()
 5 SYSTEMPATH/CodeIgniter.php(349): CodeIgniter\CodeIgniter->handleRequest()
 6 FCPATH/index.php(57): CodeIgniter\CodeIgniter->run()
CRITICAL - 2024-11-10 11:54:35 --> Undefined property: stdClass::$reference
in APPPATH/Helpers/global_helper.php on line 914.
 1 APPPATH/Helpers/global_helper.php(914): CodeIgniter\Debug\Exceptions->errorHandler()
 2 APPPATH/Controllers/Malipo.php(476): nmbGenSubmitJson()
 3 SYSTEMPATH/CodeIgniter.php(896): App\Controllers\Malipo->nmbbillrequest()
 4 SYSTEMPATH/CodeIgniter.php(466): CodeIgniter\CodeIgniter->runController()
 5 SYSTEMPATH/CodeIgniter.php(349): CodeIgniter\CodeIgniter->handleRequest()
 6 FCPATH/index.php(57): CodeIgniter\CodeIgniter->run()
CRITICAL - 2024-11-10 12:34:23 --> Undefined property: stdClass::$reference
in APPPATH/Helpers/global_helper.php on line 914.
 1 APPPATH/Helpers/global_helper.php(914): CodeIgniter\Debug\Exceptions->errorHandler()
 2 APPPATH/Controllers/Malipo.php(476): nmbGenSubmitJson()
 3 SYSTEMPATH/CodeIgniter.php(896): App\Controllers\Malipo->nmbbillrequest()
 4 SYSTEMPATH/CodeIgniter.php(466): CodeIgniter\CodeIgniter->runController()
 5 SYSTEMPATH/CodeIgniter.php(349): CodeIgniter\CodeIgniter->handleRequest()
 6 FCPATH/index.php(57): CodeIgniter\CodeIgniter->run()
CRITICAL - 2024-11-10 12:34:33 --> Undefined property: stdClass::$reference
in APPPATH/Helpers/global_helper.php on line 914.
 1 APPPATH/Helpers/global_helper.php(914): CodeIgniter\Debug\Exceptions->errorHandler()
 2 APPPATH/Controllers/Malipo.php(476): nmbGenSubmitJson()
 3 SYSTEMPATH/CodeIgniter.php(896): App\Controllers\Malipo->nmbbillrequest()
 4 SYSTEMPATH/CodeIgniter.php(466): CodeIgniter\CodeIgniter->runController()
 5 SYSTEMPATH/CodeIgniter.php(349): CodeIgniter\CodeIgniter->handleRequest()
 6 FCPATH/index.php(57): CodeIgniter\CodeIgniter->run()
CRITICAL - 2024-11-10 15:19:44 --> Undefined property: stdClass::$bill_num
in APPPATH/Helpers/global_helper.php on line 505.
 1 APPPATH/Helpers/global_helper.php(505): CodeIgniter\Debug\Exceptions->errorHandler()
 2 APPPATH/Helpers/global_helper.php(488): doProcessGlobalTransaction()
 3 APPPATH/Controllers/Malipo.php(502): doProcessNMBTransaction()
 4 SYSTEMPATH/CodeIgniter.php(896): App\Controllers\Malipo->nmbprocesscallback()
 5 SYSTEMPATH/CodeIgniter.php(466): CodeIgniter\CodeIgniter->runController()
 6 SYSTEMPATH/CodeIgniter.php(349): CodeIgniter\CodeIgniter->handleRequest()
 7 FCPATH/index.php(57): CodeIgniter\CodeIgniter->run()
CRITICAL - 2024-11-10 15:20:05 --> Undefined property: stdClass::$bill_num
in APPPATH/Helpers/global_helper.php on line 505.
 1 APPPATH/Helpers/global_helper.php(505): CodeIgniter\Debug\Exceptions->errorHandler()
 2 APPPATH/Controllers/Malipo.php(399): doProcessGlobalTransaction()
 3 SYSTEMPATH/CodeIgniter.php(896): App\Controllers\Malipo->nmbrecon()
 4 SYSTEMPATH/CodeIgniter.php(466): CodeIgniter\CodeIgniter->runController()
 5 SYSTEMPATH/CodeIgniter.php(349): CodeIgniter\CodeIgniter->handleRequest()
 6 FCPATH/index.php(57): CodeIgniter\CodeIgniter->run()
CRITICAL - 2024-11-10 15:22:05 --> Undefined property: stdClass::$bill_num
in APPPATH/Helpers/global_helper.php on line 505.
 1 APPPATH/Helpers/global_helper.php(505): CodeIgniter\Debug\Exceptions->errorHandler()
 2 APPPATH/Controllers/Malipo.php(399): doProcessGlobalTransaction()
 3 SYSTEMPATH/CodeIgniter.php(896): App\Controllers\Malipo->nmbrecon()
 4 SYSTEMPATH/CodeIgniter.php(466): CodeIgniter\CodeIgniter->runController()
 5 SYSTEMPATH/CodeIgniter.php(349): CodeIgniter\CodeIgniter->handleRequest()
 6 FCPATH/index.php(57): CodeIgniter\CodeIgniter->run()
CRITICAL - 2024-11-10 15:24:05 --> Undefined property: stdClass::$bill_num
in APPPATH/Helpers/global_helper.php on line 505.
 1 APPPATH/Helpers/global_helper.php(505): CodeIgniter\Debug\Exceptions->errorHandler()
 2 APPPATH/Controllers/Malipo.php(399): doProcessGlobalTransaction()
 3 SYSTEMPATH/CodeIgniter.php(896): App\Controllers\Malipo->nmbrecon()
 4 SYSTEMPATH/CodeIgniter.php(466): CodeIgniter\CodeIgniter->runController()
 5 SYSTEMPATH/CodeIgniter.php(349): CodeIgniter\CodeIgniter->handleRequest()
 6 FCPATH/index.php(57): CodeIgniter\CodeIgniter->run()
CRITICAL - 2024-11-10 15:26:05 --> Undefined property: stdClass::$bill_num
in APPPATH/Helpers/global_helper.php on line 505.
 1 APPPATH/Helpers/global_helper.php(505): CodeIgniter\Debug\Exceptions->errorHandler()
 2 APPPATH/Controllers/Malipo.php(399): doProcessGlobalTransaction()
 3 SYSTEMPATH/CodeIgniter.php(896): App\Controllers\Malipo->nmbrecon()
 4 SYSTEMPATH/CodeIgniter.php(466): CodeIgniter\CodeIgniter->runController()
 5 SYSTEMPATH/CodeIgniter.php(349): CodeIgniter\CodeIgniter->handleRequest()
 6 FCPATH/index.php(57): CodeIgniter\CodeIgniter->run()
CRITICAL - 2024-11-10 15:28:05 --> Undefined property: stdClass::$bill_num
in APPPATH/Helpers/global_helper.php on line 505.
 1 APPPATH/Helpers/global_helper.php(505): CodeIgniter\Debug\Exceptions->errorHandler()
 2 APPPATH/Controllers/Malipo.php(399): doProcessGlobalTransaction()
 3 SYSTEMPATH/CodeIgniter.php(896): App\Controllers\Malipo->nmbrecon()
 4 SYSTEMPATH/CodeIgniter.php(466): CodeIgniter\CodeIgniter->runController()
 5 SYSTEMPATH/CodeIgniter.php(349): CodeIgniter\CodeIgniter->handleRequest()
 6 FCPATH/index.php(57): CodeIgniter\CodeIgniter->run()
CRITICAL - 2024-11-10 15:30:05 --> Undefined property: stdClass::$bill_num
in APPPATH/Helpers/global_helper.php on line 505.
 1 APPPATH/Helpers/global_helper.php(505): CodeIgniter\Debug\Exceptions->errorHandler()
 2 APPPATH/Controllers/Malipo.php(399): doProcessGlobalTransaction()
 3 SYSTEMPATH/CodeIgniter.php(896): App\Controllers\Malipo->nmbrecon()
 4 SYSTEMPATH/CodeIgniter.php(466): CodeIgniter\CodeIgniter->runController()
 5 SYSTEMPATH/CodeIgniter.php(349): CodeIgniter\CodeIgniter->handleRequest()
 6 FCPATH/index.php(57): CodeIgniter\CodeIgniter->run()
CRITICAL - 2024-11-10 15:32:05 --> Undefined property: stdClass::$bill_num
in APPPATH/Helpers/global_helper.php on line 505.
 1 APPPATH/Helpers/global_helper.php(505): CodeIgniter\Debug\Exceptions->errorHandler()
 2 APPPATH/Controllers/Malipo.php(399): doProcessGlobalTransaction()
 3 SYSTEMPATH/CodeIgniter.php(896): App\Controllers\Malipo->nmbrecon()
 4 SYSTEMPATH/CodeIgniter.php(466): CodeIgniter\CodeIgniter->runController()
 5 SYSTEMPATH/CodeIgniter.php(349): CodeIgniter\CodeIgniter->handleRequest()
 6 FCPATH/index.php(57): CodeIgniter\CodeIgniter->run()
CRITICAL - 2024-11-10 15:34:05 --> Undefined property: stdClass::$bill_num
in APPPATH/Helpers/global_helper.php on line 505.
 1 APPPATH/Helpers/global_helper.php(505): CodeIgniter\Debug\Exceptions->errorHandler()
 2 APPPATH/Controllers/Malipo.php(399): doProcessGlobalTransaction()
 3 SYSTEMPATH/CodeIgniter.php(896): App\Controllers\Malipo->nmbrecon()
 4 SYSTEMPATH/CodeIgniter.php(466): CodeIgniter\CodeIgniter->runController()
 5 SYSTEMPATH/CodeIgniter.php(349): CodeIgniter\CodeIgniter->handleRequest()
 6 FCPATH/index.php(57): CodeIgniter\CodeIgniter->run()
CRITICAL - 2024-11-10 15:36:05 --> Undefined property: stdClass::$bill_num
in APPPATH/Helpers/global_helper.php on line 505.
 1 APPPATH/Helpers/global_helper.php(505): CodeIgniter\Debug\Exceptions->errorHandler()
 2 APPPATH/Controllers/Malipo.php(399): doProcessGlobalTransaction()
 3 SYSTEMPATH/CodeIgniter.php(896): App\Controllers\Malipo->nmbrecon()
 4 SYSTEMPATH/CodeIgniter.php(466): CodeIgniter\CodeIgniter->runController()
 5 SYSTEMPATH/CodeIgniter.php(349): CodeIgniter\CodeIgniter->handleRequest()
 6 FCPATH/index.php(57): CodeIgniter\CodeIgniter->run()
CRITICAL - 2024-11-10 15:38:04 --> Undefined property: stdClass::$bill_num
in APPPATH/Helpers/global_helper.php on line 505.
 1 APPPATH/Helpers/global_helper.php(505): CodeIgniter\Debug\Exceptions->errorHandler()
 2 APPPATH/Controllers/Malipo.php(399): doProcessGlobalTransaction()
 3 SYSTEMPATH/CodeIgniter.php(896): App\Controllers\Malipo->nmbrecon()
 4 SYSTEMPATH/CodeIgniter.php(466): CodeIgniter\CodeIgniter->runController()
 5 SYSTEMPATH/CodeIgniter.php(349): CodeIgniter\CodeIgniter->handleRequest()
 6 FCPATH/index.php(57): CodeIgniter\CodeIgniter->run()
CRITICAL - 2024-11-10 15:40:05 --> Undefined property: stdClass::$bill_num
in APPPATH/Helpers/global_helper.php on line 505.
 1 APPPATH/Helpers/global_helper.php(505): CodeIgniter\Debug\Exceptions->errorHandler()
 2 APPPATH/Controllers/Malipo.php(399): doProcessGlobalTransaction()
 3 SYSTEMPATH/CodeIgniter.php(896): App\Controllers\Malipo->nmbrecon()
 4 SYSTEMPATH/CodeIgniter.php(466): CodeIgniter\CodeIgniter->runController()
 5 SYSTEMPATH/CodeIgniter.php(349): CodeIgniter\CodeIgniter->handleRequest()
 6 FCPATH/index.php(57): CodeIgniter\CodeIgniter->run()
CRITICAL - 2024-11-10 15:42:05 --> Undefined property: stdClass::$bill_num
in APPPATH/Helpers/global_helper.php on line 505.
 1 APPPATH/Helpers/global_helper.php(505): CodeIgniter\Debug\Exceptions->errorHandler()
 2 APPPATH/Controllers/Malipo.php(399): doProcessGlobalTransaction()
 3 SYSTEMPATH/CodeIgniter.php(896): App\Controllers\Malipo->nmbrecon()
 4 SYSTEMPATH/CodeIgniter.php(466): CodeIgniter\CodeIgniter->runController()
 5 SYSTEMPATH/CodeIgniter.php(349): CodeIgniter\CodeIgniter->handleRequest()
 6 FCPATH/index.php(57): CodeIgniter\CodeIgniter->run()
CRITICAL - 2024-11-10 15:44:05 --> Undefined property: stdClass::$bill_num
in APPPATH/Helpers/global_helper.php on line 505.
 1 APPPATH/Helpers/global_helper.php(505): CodeIgniter\Debug\Exceptions->errorHandler()
 2 APPPATH/Controllers/Malipo.php(399): doProcessGlobalTransaction()
 3 SYSTEMPATH/CodeIgniter.php(896): App\Controllers\Malipo->nmbrecon()
 4 SYSTEMPATH/CodeIgniter.php(466): CodeIgniter\CodeIgniter->runController()
 5 SYSTEMPATH/CodeIgniter.php(349): CodeIgniter\CodeIgniter->handleRequest()
 6 FCPATH/index.php(57): CodeIgniter\CodeIgniter->run()
CRITICAL - 2024-11-10 15:46:05 --> Undefined property: stdClass::$bill_num
in APPPATH/Helpers/global_helper.php on line 505.
 1 APPPATH/Helpers/global_helper.php(505): CodeIgniter\Debug\Exceptions->errorHandler()
 2 APPPATH/Controllers/Malipo.php(399): doProcessGlobalTransaction()
 3 SYSTEMPATH/CodeIgniter.php(896): App\Controllers\Malipo->nmbrecon()
 4 SYSTEMPATH/CodeIgniter.php(466): CodeIgniter\CodeIgniter->runController()
 5 SYSTEMPATH/CodeIgniter.php(349): CodeIgniter\CodeIgniter->handleRequest()
 6 FCPATH/index.php(57): CodeIgniter\CodeIgniter->run()
CRITICAL - 2024-11-10 15:48:05 --> Undefined property: stdClass::$bill_num
in APPPATH/Helpers/global_helper.php on line 505.
 1 APPPATH/Helpers/global_helper.php(505): CodeIgniter\Debug\Exceptions->errorHandler()
 2 APPPATH/Controllers/Malipo.php(399): doProcessGlobalTransaction()
 3 SYSTEMPATH/CodeIgniter.php(896): App\Controllers\Malipo->nmbrecon()
 4 SYSTEMPATH/CodeIgniter.php(466): CodeIgniter\CodeIgniter->runController()
 5 SYSTEMPATH/CodeIgniter.php(349): CodeIgniter\CodeIgniter->handleRequest()
 6 FCPATH/index.php(57): CodeIgniter\CodeIgniter->run()
CRITICAL - 2024-11-10 15:48:43 --> Undefined property: stdClass::$reference
in APPPATH/Helpers/global_helper.php on line 914.
 1 APPPATH/Helpers/global_helper.php(914): CodeIgniter\Debug\Exceptions->errorHandler()
 2 APPPATH/Controllers/Malipo.php(476): nmbGenSubmitJson()
 3 SYSTEMPATH/CodeIgniter.php(896): App\Controllers\Malipo->nmbbillrequest()
 4 SYSTEMPATH/CodeIgniter.php(466): CodeIgniter\CodeIgniter->runController()
 5 SYSTEMPATH/CodeIgniter.php(349): CodeIgniter\CodeIgniter->handleRequest()
 6 FCPATH/index.php(57): CodeIgniter\CodeIgniter->run()
CRITICAL - 2024-11-10 15:50:06 --> Undefined property: stdClass::$bill_num
in APPPATH/Helpers/global_helper.php on line 505.
 1 APPPATH/Helpers/global_helper.php(505): CodeIgniter\Debug\Exceptions->errorHandler()
 2 APPPATH/Controllers/Malipo.php(399): doProcessGlobalTransaction()
 3 SYSTEMPATH/CodeIgniter.php(896): App\Controllers\Malipo->nmbrecon()
 4 SYSTEMPATH/CodeIgniter.php(466): CodeIgniter\CodeIgniter->runController()
 5 SYSTEMPATH/CodeIgniter.php(349): CodeIgniter\CodeIgniter->handleRequest()
 6 FCPATH/index.php(57): CodeIgniter\CodeIgniter->run()
CRITICAL - 2024-11-10 15:52:04 --> Undefined property: stdClass::$bill_num
in APPPATH/Helpers/global_helper.php on line 505.
 1 APPPATH/Helpers/global_helper.php(505): CodeIgniter\Debug\Exceptions->errorHandler()
 2 APPPATH/Controllers/Malipo.php(399): doProcessGlobalTransaction()
 3 SYSTEMPATH/CodeIgniter.php(896): App\Controllers\Malipo->nmbrecon()
 4 SYSTEMPATH/CodeIgniter.php(466): CodeIgniter\CodeIgniter->runController()
 5 SYSTEMPATH/CodeIgniter.php(349): CodeIgniter\CodeIgniter->handleRequest()
 6 FCPATH/index.php(57): CodeIgniter\CodeIgniter->run()
CRITICAL - 2024-11-10 15:54:04 --> Undefined property: stdClass::$bill_num
in APPPATH/Helpers/global_helper.php on line 505.
 1 APPPATH/Helpers/global_helper.php(505): CodeIgniter\Debug\Exceptions->errorHandler()
 2 APPPATH/Controllers/Malipo.php(399): doProcessGlobalTransaction()
 3 SYSTEMPATH/CodeIgniter.php(896): App\Controllers\Malipo->nmbrecon()
 4 SYSTEMPATH/CodeIgniter.php(466): CodeIgniter\CodeIgniter->runController()
 5 SYSTEMPATH/CodeIgniter.php(349): CodeIgniter\CodeIgniter->handleRequest()
 6 FCPATH/index.php(57): CodeIgniter\CodeIgniter->run()
CRITICAL - 2024-11-10 15:56:05 --> Undefined property: stdClass::$bill_num
in APPPATH/Helpers/global_helper.php on line 505.
 1 APPPATH/Helpers/global_helper.php(505): CodeIgniter\Debug\Exceptions->errorHandler()
 2 APPPATH/Controllers/Malipo.php(399): doProcessGlobalTransaction()
 3 SYSTEMPATH/CodeIgniter.php(896): App\Controllers\Malipo->nmbrecon()
 4 SYSTEMPATH/CodeIgniter.php(466): CodeIgniter\CodeIgniter->runController()
 5 SYSTEMPATH/CodeIgniter.php(349): CodeIgniter\CodeIgniter->handleRequest()
 6 FCPATH/index.php(57): CodeIgniter\CodeIgniter->run()
CRITICAL - 2024-11-10 15:58:05 --> Undefined property: stdClass::$bill_num
in APPPATH/Helpers/global_helper.php on line 505.
 1 APPPATH/Helpers/global_helper.php(505): CodeIgniter\Debug\Exceptions->errorHandler()
 2 APPPATH/Controllers/Malipo.php(399): doProcessGlobalTransaction()
 3 SYSTEMPATH/CodeIgniter.php(896): App\Controllers\Malipo->nmbrecon()
 4 SYSTEMPATH/CodeIgniter.php(466): CodeIgniter\CodeIgniter->runController()
 5 SYSTEMPATH/CodeIgniter.php(349): CodeIgniter\CodeIgniter->handleRequest()
 6 FCPATH/index.php(57): CodeIgniter\CodeIgniter->run()
CRITICAL - 2024-11-10 16:00:05 --> Undefined property: stdClass::$bill_num
in APPPATH/Helpers/global_helper.php on line 505.
 1 APPPATH/Helpers/global_helper.php(505): CodeIgniter\Debug\Exceptions->errorHandler()
 2 APPPATH/Controllers/Malipo.php(399): doProcessGlobalTransaction()
 3 SYSTEMPATH/CodeIgniter.php(896): App\Controllers\Malipo->nmbrecon()
 4 SYSTEMPATH/CodeIgniter.php(466): CodeIgniter\CodeIgniter->runController()
 5 SYSTEMPATH/CodeIgniter.php(349): CodeIgniter\CodeIgniter->handleRequest()
 6 FCPATH/index.php(57): CodeIgniter\CodeIgniter->run()
CRITICAL - 2024-11-10 16:02:05 --> Undefined property: stdClass::$bill_num
in APPPATH/Helpers/global_helper.php on line 505.
 1 APPPATH/Helpers/global_helper.php(505): CodeIgniter\Debug\Exceptions->errorHandler()
 2 APPPATH/Controllers/Malipo.php(399): doProcessGlobalTransaction()
 3 SYSTEMPATH/CodeIgniter.php(896): App\Controllers\Malipo->nmbrecon()
 4 SYSTEMPATH/CodeIgniter.php(466): CodeIgniter\CodeIgniter->runController()
 5 SYSTEMPATH/CodeIgniter.php(349): CodeIgniter\CodeIgniter->handleRequest()
 6 FCPATH/index.php(57): CodeIgniter\CodeIgniter->run()
CRITICAL - 2024-11-10 16:04:04 --> Undefined property: stdClass::$bill_num
in APPPATH/Helpers/global_helper.php on line 505.
 1 APPPATH/Helpers/global_helper.php(505): CodeIgniter\Debug\Exceptions->errorHandler()
 2 APPPATH/Controllers/Malipo.php(399): doProcessGlobalTransaction()
 3 SYSTEMPATH/CodeIgniter.php(896): App\Controllers\Malipo->nmbrecon()
 4 SYSTEMPATH/CodeIgniter.php(466): CodeIgniter\CodeIgniter->runController()
 5 SYSTEMPATH/CodeIgniter.php(349): CodeIgniter\CodeIgniter->handleRequest()
 6 FCPATH/index.php(57): CodeIgniter\CodeIgniter->run()
CRITICAL - 2024-11-10 16:06:04 --> Undefined property: stdClass::$bill_num
in APPPATH/Helpers/global_helper.php on line 505.
 1 APPPATH/Helpers/global_helper.php(505): CodeIgniter\Debug\Exceptions->errorHandler()
 2 APPPATH/Controllers/Malipo.php(399): doProcessGlobalTransaction()
 3 SYSTEMPATH/CodeIgniter.php(896): App\Controllers\Malipo->nmbrecon()
 4 SYSTEMPATH/CodeIgniter.php(466): CodeIgniter\CodeIgniter->runController()
 5 SYSTEMPATH/CodeIgniter.php(349): CodeIgniter\CodeIgniter->handleRequest()
 6 FCPATH/index.php(57): CodeIgniter\CodeIgniter->run()
CRITICAL - 2024-11-10 16:08:05 --> Undefined property: stdClass::$bill_num
in APPPATH/Helpers/global_helper.php on line 505.
 1 APPPATH/Helpers/global_helper.php(505): CodeIgniter\Debug\Exceptions->errorHandler()
 2 APPPATH/Controllers/Malipo.php(399): doProcessGlobalTransaction()
 3 SYSTEMPATH/CodeIgniter.php(896): App\Controllers\Malipo->nmbrecon()
 4 SYSTEMPATH/CodeIgniter.php(466): CodeIgniter\CodeIgniter->runController()
 5 SYSTEMPATH/CodeIgniter.php(349): CodeIgniter\CodeIgniter->handleRequest()
 6 FCPATH/index.php(57): CodeIgniter\CodeIgniter->run()
CRITICAL - 2024-11-10 16:10:05 --> Undefined property: stdClass::$bill_num
in APPPATH/Helpers/global_helper.php on line 505.
 1 APPPATH/Helpers/global_helper.php(505): CodeIgniter\Debug\Exceptions->errorHandler()
 2 APPPATH/Controllers/Malipo.php(399): doProcessGlobalTransaction()
 3 SYSTEMPATH/CodeIgniter.php(896): App\Controllers\Malipo->nmbrecon()
 4 SYSTEMPATH/CodeIgniter.php(466): CodeIgniter\CodeIgniter->runController()
 5 SYSTEMPATH/CodeIgniter.php(349): CodeIgniter\CodeIgniter->handleRequest()
 6 FCPATH/index.php(57): CodeIgniter\CodeIgniter->run()
CRITICAL - 2024-11-10 16:12:05 --> Undefined property: stdClass::$bill_num
in APPPATH/Helpers/global_helper.php on line 505.
 1 APPPATH/Helpers/global_helper.php(505): CodeIgniter\Debug\Exceptions->errorHandler()
 2 APPPATH/Controllers/Malipo.php(399): doProcessGlobalTransaction()
 3 SYSTEMPATH/CodeIgniter.php(896): App\Controllers\Malipo->nmbrecon()
 4 SYSTEMPATH/CodeIgniter.php(466): CodeIgniter\CodeIgniter->runController()
 5 SYSTEMPATH/CodeIgniter.php(349): CodeIgniter\CodeIgniter->handleRequest()
 6 FCPATH/index.php(57): CodeIgniter\CodeIgniter->run()
CRITICAL - 2024-11-10 16:14:06 --> Undefined property: stdClass::$bill_num
in APPPATH/Helpers/global_helper.php on line 505.
 1 APPPATH/Helpers/global_helper.php(505): CodeIgniter\Debug\Exceptions->errorHandler()
 2 APPPATH/Controllers/Malipo.php(399): doProcessGlobalTransaction()
 3 SYSTEMPATH/CodeIgniter.php(896): App\Controllers\Malipo->nmbrecon()
 4 SYSTEMPATH/CodeIgniter.php(466): CodeIgniter\CodeIgniter->runController()
 5 SYSTEMPATH/CodeIgniter.php(349): CodeIgniter\CodeIgniter->handleRequest()
 6 FCPATH/index.php(57): CodeIgniter\CodeIgniter->run()
CRITICAL - 2024-11-10 16:16:06 --> Undefined property: stdClass::$bill_num
in APPPATH/Helpers/global_helper.php on line 505.
 1 APPPATH/Helpers/global_helper.php(505): CodeIgniter\Debug\Exceptions->errorHandler()
 2 APPPATH/Controllers/Malipo.php(399): doProcessGlobalTransaction()
 3 SYSTEMPATH/CodeIgniter.php(896): App\Controllers\Malipo->nmbrecon()
 4 SYSTEMPATH/CodeIgniter.php(466): CodeIgniter\CodeIgniter->runController()
 5 SYSTEMPATH/CodeIgniter.php(349): CodeIgniter\CodeIgniter->handleRequest()
 6 FCPATH/index.php(57): CodeIgniter\CodeIgniter->run()
CRITICAL - 2024-11-10 16:18:04 --> Undefined property: stdClass::$bill_num
in APPPATH/Helpers/global_helper.php on line 505.
 1 APPPATH/Helpers/global_helper.php(505): CodeIgniter\Debug\Exceptions->errorHandler()
 2 APPPATH/Controllers/Malipo.php(399): doProcessGlobalTransaction()
 3 SYSTEMPATH/CodeIgniter.php(896): App\Controllers\Malipo->nmbrecon()
 4 SYSTEMPATH/CodeIgniter.php(466): CodeIgniter\CodeIgniter->runController()
 5 SYSTEMPATH/CodeIgniter.php(349): CodeIgniter\CodeIgniter->handleRequest()
 6 FCPATH/index.php(57): CodeIgniter\CodeIgniter->run()
CRITICAL - 2024-11-10 16:20:05 --> Undefined property: stdClass::$bill_num
in APPPATH/Helpers/global_helper.php on line 505.
 1 APPPATH/Helpers/global_helper.php(505): CodeIgniter\Debug\Exceptions->errorHandler()
 2 APPPATH/Controllers/Malipo.php(399): doProcessGlobalTransaction()
 3 SYSTEMPATH/CodeIgniter.php(896): App\Controllers\Malipo->nmbrecon()
 4 SYSTEMPATH/CodeIgniter.php(466): CodeIgniter\CodeIgniter->runController()
 5 SYSTEMPATH/CodeIgniter.php(349): CodeIgniter\CodeIgniter->handleRequest()
 6 FCPATH/index.php(57): CodeIgniter\CodeIgniter->run()
CRITICAL - 2024-11-10 16:22:05 --> Undefined property: stdClass::$bill_num
in APPPATH/Helpers/global_helper.php on line 505.
 1 APPPATH/Helpers/global_helper.php(505): CodeIgniter\Debug\Exceptions->errorHandler()
 2 APPPATH/Controllers/Malipo.php(399): doProcessGlobalTransaction()
 3 SYSTEMPATH/CodeIgniter.php(896): App\Controllers\Malipo->nmbrecon()
 4 SYSTEMPATH/CodeIgniter.php(466): CodeIgniter\CodeIgniter->runController()
 5 SYSTEMPATH/CodeIgniter.php(349): CodeIgniter\CodeIgniter->handleRequest()
 6 FCPATH/index.php(57): CodeIgniter\CodeIgniter->run()
CRITICAL - 2024-11-10 16:24:05 --> Undefined property: stdClass::$bill_num
in APPPATH/Helpers/global_helper.php on line 505.
 1 APPPATH/Helpers/global_helper.php(505): CodeIgniter\Debug\Exceptions->errorHandler()
 2 APPPATH/Controllers/Malipo.php(399): doProcessGlobalTransaction()
 3 SYSTEMPATH/CodeIgniter.php(896): App\Controllers\Malipo->nmbrecon()
 4 SYSTEMPATH/CodeIgniter.php(466): CodeIgniter\CodeIgniter->runController()
 5 SYSTEMPATH/CodeIgniter.php(349): CodeIgniter\CodeIgniter->handleRequest()
 6 FCPATH/index.php(57): CodeIgniter\CodeIgniter->run()
CRITICAL - 2024-11-10 16:26:06 --> Undefined property: stdClass::$bill_num
in APPPATH/Helpers/global_helper.php on line 505.
 1 APPPATH/Helpers/global_helper.php(505): CodeIgniter\Debug\Exceptions->errorHandler()
 2 APPPATH/Controllers/Malipo.php(399): doProcessGlobalTransaction()
 3 SYSTEMPATH/CodeIgniter.php(896): App\Controllers\Malipo->nmbrecon()
 4 SYSTEMPATH/CodeIgniter.php(466): CodeIgniter\CodeIgniter->runController()
 5 SYSTEMPATH/CodeIgniter.php(349): CodeIgniter\CodeIgniter->handleRequest()
 6 FCPATH/index.php(57): CodeIgniter\CodeIgniter->run()
CRITICAL - 2024-11-10 16:28:06 --> Undefined property: stdClass::$bill_num
in APPPATH/Helpers/global_helper.php on line 505.
 1 APPPATH/Helpers/global_helper.php(505): CodeIgniter\Debug\Exceptions->errorHandler()
 2 APPPATH/Controllers/Malipo.php(399): doProcessGlobalTransaction()
 3 SYSTEMPATH/CodeIgniter.php(896): App\Controllers\Malipo->nmbrecon()
 4 SYSTEMPATH/CodeIgniter.php(466): CodeIgniter\CodeIgniter->runController()
 5 SYSTEMPATH/CodeIgniter.php(349): CodeIgniter\CodeIgniter->handleRequest()
 6 FCPATH/index.php(57): CodeIgniter\CodeIgniter->run()
CRITICAL - 2024-11-10 16:30:04 --> Undefined property: stdClass::$bill_num
in APPPATH/Helpers/global_helper.php on line 505.
 1 APPPATH/Helpers/global_helper.php(505): CodeIgniter\Debug\Exceptions->errorHandler()
 2 APPPATH/Controllers/Malipo.php(399): doProcessGlobalTransaction()
 3 SYSTEMPATH/CodeIgniter.php(896): App\Controllers\Malipo->nmbrecon()
 4 SYSTEMPATH/CodeIgniter.php(466): CodeIgniter\CodeIgniter->runController()
 5 SYSTEMPATH/CodeIgniter.php(349): CodeIgniter\CodeIgniter->handleRequest()
 6 FCPATH/index.php(57): CodeIgniter\CodeIgniter->run()
CRITICAL - 2024-11-10 16:32:04 --> Undefined property: stdClass::$bill_num
in APPPATH/Helpers/global_helper.php on line 505.
 1 APPPATH/Helpers/global_helper.php(505): CodeIgniter\Debug\Exceptions->errorHandler()
 2 APPPATH/Controllers/Malipo.php(399): doProcessGlobalTransaction()
 3 SYSTEMPATH/CodeIgniter.php(896): App\Controllers\Malipo->nmbrecon()
 4 SYSTEMPATH/CodeIgniter.php(466): CodeIgniter\CodeIgniter->runController()
 5 SYSTEMPATH/CodeIgniter.php(349): CodeIgniter\CodeIgniter->handleRequest()
 6 FCPATH/index.php(57): CodeIgniter\CodeIgniter->run()
CRITICAL - 2024-11-10 16:32:46 --> Undefined property: stdClass::$reference
in APPPATH/Helpers/global_helper.php on line 914.
 1 APPPATH/Helpers/global_helper.php(914): CodeIgniter\Debug\Exceptions->errorHandler()
 2 APPPATH/Controllers/Malipo.php(476): nmbGenSubmitJson()
 3 SYSTEMPATH/CodeIgniter.php(896): App\Controllers\Malipo->nmbbillrequest()
 4 SYSTEMPATH/CodeIgniter.php(466): CodeIgniter\CodeIgniter->runController()
 5 SYSTEMPATH/CodeIgniter.php(349): CodeIgniter\CodeIgniter->handleRequest()
 6 FCPATH/index.php(57): CodeIgniter\CodeIgniter->run()
CRITICAL - 2024-11-10 16:34:05 --> Undefined property: stdClass::$bill_num
in APPPATH/Helpers/global_helper.php on line 505.
 1 APPPATH/Helpers/global_helper.php(505): CodeIgniter\Debug\Exceptions->errorHandler()
 2 APPPATH/Controllers/Malipo.php(399): doProcessGlobalTransaction()
 3 SYSTEMPATH/CodeIgniter.php(896): App\Controllers\Malipo->nmbrecon()
 4 SYSTEMPATH/CodeIgniter.php(466): CodeIgniter\CodeIgniter->runController()
 5 SYSTEMPATH/CodeIgniter.php(349): CodeIgniter\CodeIgniter->handleRequest()
 6 FCPATH/index.php(57): CodeIgniter\CodeIgniter->run()
CRITICAL - 2024-11-10 16:36:04 --> Undefined property: stdClass::$bill_num
in APPPATH/Helpers/global_helper.php on line 505.
 1 APPPATH/Helpers/global_helper.php(505): CodeIgniter\Debug\Exceptions->errorHandler()
 2 APPPATH/Controllers/Malipo.php(399): doProcessGlobalTransaction()
 3 SYSTEMPATH/CodeIgniter.php(896): App\Controllers\Malipo->nmbrecon()
 4 SYSTEMPATH/CodeIgniter.php(466): CodeIgniter\CodeIgniter->runController()
 5 SYSTEMPATH/CodeIgniter.php(349): CodeIgniter\CodeIgniter->handleRequest()
 6 FCPATH/index.php(57): CodeIgniter\CodeIgniter->run()
CRITICAL - 2024-11-10 16:38:05 --> Undefined property: stdClass::$bill_num
in APPPATH/Helpers/global_helper.php on line 505.
 1 APPPATH/Helpers/global_helper.php(505): CodeIgniter\Debug\Exceptions->errorHandler()
 2 APPPATH/Controllers/Malipo.php(399): doProcessGlobalTransaction()
 3 SYSTEMPATH/CodeIgniter.php(896): App\Controllers\Malipo->nmbrecon()
 4 SYSTEMPATH/CodeIgniter.php(466): CodeIgniter\CodeIgniter->runController()
 5 SYSTEMPATH/CodeIgniter.php(349): CodeIgniter\CodeIgniter->handleRequest()
 6 FCPATH/index.php(57): CodeIgniter\CodeIgniter->run()
CRITICAL - 2024-11-10 16:40:05 --> Undefined property: stdClass::$bill_num
in APPPATH/Helpers/global_helper.php on line 505.
 1 APPPATH/Helpers/global_helper.php(505): CodeIgniter\Debug\Exceptions->errorHandler()
 2 APPPATH/Controllers/Malipo.php(399): doProcessGlobalTransaction()
 3 SYSTEMPATH/CodeIgniter.php(896): App\Controllers\Malipo->nmbrecon()
 4 SYSTEMPATH/CodeIgniter.php(466): CodeIgniter\CodeIgniter->runController()
 5 SYSTEMPATH/CodeIgniter.php(349): CodeIgniter\CodeIgniter->handleRequest()
 6 FCPATH/index.php(57): CodeIgniter\CodeIgniter->run()
CRITICAL - 2024-11-10 16:42:06 --> Undefined property: stdClass::$bill_num
in APPPATH/Helpers/global_helper.php on line 505.
 1 APPPATH/Helpers/global_helper.php(505): CodeIgniter\Debug\Exceptions->errorHandler()
 2 APPPATH/Controllers/Malipo.php(399): doProcessGlobalTransaction()
 3 SYSTEMPATH/CodeIgniter.php(896): App\Controllers\Malipo->nmbrecon()
 4 SYSTEMPATH/CodeIgniter.php(466): CodeIgniter\CodeIgniter->runController()
 5 SYSTEMPATH/CodeIgniter.php(349): CodeIgniter\CodeIgniter->handleRequest()
 6 FCPATH/index.php(57): CodeIgniter\CodeIgniter->run()
CRITICAL - 2024-11-10 16:44:05 --> Undefined property: stdClass::$bill_num
in APPPATH/Helpers/global_helper.php on line 505.
 1 APPPATH/Helpers/global_helper.php(505): CodeIgniter\Debug\Exceptions->errorHandler()
 2 APPPATH/Controllers/Malipo.php(399): doProcessGlobalTransaction()
 3 SYSTEMPATH/CodeIgniter.php(896): App\Controllers\Malipo->nmbrecon()
 4 SYSTEMPATH/CodeIgniter.php(466): CodeIgniter\CodeIgniter->runController()
 5 SYSTEMPATH/CodeIgniter.php(349): CodeIgniter\CodeIgniter->handleRequest()
 6 FCPATH/index.php(57): CodeIgniter\CodeIgniter->run()
CRITICAL - 2024-11-10 16:46:05 --> Undefined property: stdClass::$bill_num
in APPPATH/Helpers/global_helper.php on line 505.
 1 APPPATH/Helpers/global_helper.php(505): CodeIgniter\Debug\Exceptions->errorHandler()
 2 APPPATH/Controllers/Malipo.php(399): doProcessGlobalTransaction()
 3 SYSTEMPATH/CodeIgniter.php(896): App\Controllers\Malipo->nmbrecon()
 4 SYSTEMPATH/CodeIgniter.php(466): CodeIgniter\CodeIgniter->runController()
 5 SYSTEMPATH/CodeIgniter.php(349): CodeIgniter\CodeIgniter->handleRequest()
 6 FCPATH/index.php(57): CodeIgniter\CodeIgniter->run()
CRITICAL - 2024-11-10 16:48:05 --> Undefined property: stdClass::$bill_num
in APPPATH/Helpers/global_helper.php on line 505.
 1 APPPATH/Helpers/global_helper.php(505): CodeIgniter\Debug\Exceptions->errorHandler()
 2 APPPATH/Controllers/Malipo.php(399): doProcessGlobalTransaction()
 3 SYSTEMPATH/CodeIgniter.php(896): App\Controllers\Malipo->nmbrecon()
 4 SYSTEMPATH/CodeIgniter.php(466): CodeIgniter\CodeIgniter->runController()
 5 SYSTEMPATH/CodeIgniter.php(349): CodeIgniter\CodeIgniter->handleRequest()
 6 FCPATH/index.php(57): CodeIgniter\CodeIgniter->run()
CRITICAL - 2024-11-10 16:50:05 --> Undefined property: stdClass::$bill_num
in APPPATH/Helpers/global_helper.php on line 505.
 1 APPPATH/Helpers/global_helper.php(505): CodeIgniter\Debug\Exceptions->errorHandler()
 2 APPPATH/Controllers/Malipo.php(399): doProcessGlobalTransaction()
 3 SYSTEMPATH/CodeIgniter.php(896): App\Controllers\Malipo->nmbrecon()
 4 SYSTEMPATH/CodeIgniter.php(466): CodeIgniter\CodeIgniter->runController()
 5 SYSTEMPATH/CodeIgniter.php(349): CodeIgniter\CodeIgniter->handleRequest()
 6 FCPATH/index.php(57): CodeIgniter\CodeIgniter->run()
CRITICAL - 2024-11-10 16:52:05 --> Undefined property: stdClass::$bill_num
in APPPATH/Helpers/global_helper.php on line 505.
 1 APPPATH/Helpers/global_helper.php(505): CodeIgniter\Debug\Exceptions->errorHandler()
 2 APPPATH/Controllers/Malipo.php(399): doProcessGlobalTransaction()
 3 SYSTEMPATH/CodeIgniter.php(896): App\Controllers\Malipo->nmbrecon()
 4 SYSTEMPATH/CodeIgniter.php(466): CodeIgniter\CodeIgniter->runController()
 5 SYSTEMPATH/CodeIgniter.php(349): CodeIgniter\CodeIgniter->handleRequest()
 6 FCPATH/index.php(57): CodeIgniter\CodeIgniter->run()
CRITICAL - 2024-11-10 16:54:06 --> Undefined property: stdClass::$bill_num
in APPPATH/Helpers/global_helper.php on line 505.
 1 APPPATH/Helpers/global_helper.php(505): CodeIgniter\Debug\Exceptions->errorHandler()
 2 APPPATH/Controllers/Malipo.php(399): doProcessGlobalTransaction()
 3 SYSTEMPATH/CodeIgniter.php(896): App\Controllers\Malipo->nmbrecon()
 4 SYSTEMPATH/CodeIgniter.php(466): CodeIgniter\CodeIgniter->runController()
 5 SYSTEMPATH/CodeIgniter.php(349): CodeIgniter\CodeIgniter->handleRequest()
 6 FCPATH/index.php(57): CodeIgniter\CodeIgniter->run()
CRITICAL - 2024-11-10 16:56:04 --> Undefined property: stdClass::$bill_num
in APPPATH/Helpers/global_helper.php on line 505.
 1 APPPATH/Helpers/global_helper.php(505): CodeIgniter\Debug\Exceptions->errorHandler()
 2 APPPATH/Controllers/Malipo.php(399): doProcessGlobalTransaction()
 3 SYSTEMPATH/CodeIgniter.php(896): App\Controllers\Malipo->nmbrecon()
 4 SYSTEMPATH/CodeIgniter.php(466): CodeIgniter\CodeIgniter->runController()
 5 SYSTEMPATH/CodeIgniter.php(349): CodeIgniter\CodeIgniter->handleRequest()
 6 FCPATH/index.php(57): CodeIgniter\CodeIgniter->run()
CRITICAL - 2024-11-10 16:58:05 --> Undefined property: stdClass::$bill_num
in APPPATH/Helpers/global_helper.php on line 505.
 1 APPPATH/Helpers/global_helper.php(505): CodeIgniter\Debug\Exceptions->errorHandler()
 2 APPPATH/Controllers/Malipo.php(399): doProcessGlobalTransaction()
 3 SYSTEMPATH/CodeIgniter.php(896): App\Controllers\Malipo->nmbrecon()
 4 SYSTEMPATH/CodeIgniter.php(466): CodeIgniter\CodeIgniter->runController()
 5 SYSTEMPATH/CodeIgniter.php(349): CodeIgniter\CodeIgniter->handleRequest()
 6 FCPATH/index.php(57): CodeIgniter\CodeIgniter->run()
CRITICAL - 2024-11-10 17:00:04 --> Undefined property: stdClass::$bill_num
in APPPATH/Helpers/global_helper.php on line 505.
 1 APPPATH/Helpers/global_helper.php(505): CodeIgniter\Debug\Exceptions->errorHandler()
 2 APPPATH/Controllers/Malipo.php(399): doProcessGlobalTransaction()
 3 SYSTEMPATH/CodeIgniter.php(896): App\Controllers\Malipo->nmbrecon()
 4 SYSTEMPATH/CodeIgniter.php(466): CodeIgniter\CodeIgniter->runController()
 5 SYSTEMPATH/CodeIgniter.php(349): CodeIgniter\CodeIgniter->handleRequest()
 6 FCPATH/index.php(57): CodeIgniter\CodeIgniter->run()
CRITICAL - 2024-11-10 17:02:04 --> Undefined property: stdClass::$bill_num
in APPPATH/Helpers/global_helper.php on line 505.
 1 APPPATH/Helpers/global_helper.php(505): CodeIgniter\Debug\Exceptions->errorHandler()
 2 APPPATH/Controllers/Malipo.php(399): doProcessGlobalTransaction()
 3 SYSTEMPATH/CodeIgniter.php(896): App\Controllers\Malipo->nmbrecon()
 4 SYSTEMPATH/CodeIgniter.php(466): CodeIgniter\CodeIgniter->runController()
 5 SYSTEMPATH/CodeIgniter.php(349): CodeIgniter\CodeIgniter->handleRequest()
 6 FCPATH/index.php(57): CodeIgniter\CodeIgniter->run()
CRITICAL - 2024-11-10 17:04:05 --> Undefined property: stdClass::$bill_num
in APPPATH/Helpers/global_helper.php on line 505.
 1 APPPATH/Helpers/global_helper.php(505): CodeIgniter\Debug\Exceptions->errorHandler()
 2 APPPATH/Controllers/Malipo.php(399): doProcessGlobalTransaction()
 3 SYSTEMPATH/CodeIgniter.php(896): App\Controllers\Malipo->nmbrecon()
 4 SYSTEMPATH/CodeIgniter.php(466): CodeIgniter\CodeIgniter->runController()
 5 SYSTEMPATH/CodeIgniter.php(349): CodeIgniter\CodeIgniter->handleRequest()
 6 FCPATH/index.php(57): CodeIgniter\CodeIgniter->run()
CRITICAL - 2024-11-10 17:06:05 --> Undefined property: stdClass::$bill_num
in APPPATH/Helpers/global_helper.php on line 505.
 1 APPPATH/Helpers/global_helper.php(505): CodeIgniter\Debug\Exceptions->errorHandler()
 2 APPPATH/Controllers/Malipo.php(399): doProcessGlobalTransaction()
 3 SYSTEMPATH/CodeIgniter.php(896): App\Controllers\Malipo->nmbrecon()
 4 SYSTEMPATH/CodeIgniter.php(466): CodeIgniter\CodeIgniter->runController()
 5 SYSTEMPATH/CodeIgniter.php(349): CodeIgniter\CodeIgniter->handleRequest()
 6 FCPATH/index.php(57): CodeIgniter\CodeIgniter->run()
CRITICAL - 2024-11-10 17:08:04 --> Undefined property: stdClass::$bill_num
in APPPATH/Helpers/global_helper.php on line 505.
 1 APPPATH/Helpers/global_helper.php(505): CodeIgniter\Debug\Exceptions->errorHandler()
 2 APPPATH/Controllers/Malipo.php(399): doProcessGlobalTransaction()
 3 SYSTEMPATH/CodeIgniter.php(896): App\Controllers\Malipo->nmbrecon()
 4 SYSTEMPATH/CodeIgniter.php(466): CodeIgniter\CodeIgniter->runController()
 5 SYSTEMPATH/CodeIgniter.php(349): CodeIgniter\CodeIgniter->handleRequest()
 6 FCPATH/index.php(57): CodeIgniter\CodeIgniter->run()
CRITICAL - 2024-11-10 17:10:04 --> Undefined property: stdClass::$bill_num
in APPPATH/Helpers/global_helper.php on line 505.
 1 APPPATH/Helpers/global_helper.php(505): CodeIgniter\Debug\Exceptions->errorHandler()
 2 APPPATH/Controllers/Malipo.php(399): doProcessGlobalTransaction()
 3 SYSTEMPATH/CodeIgniter.php(896): App\Controllers\Malipo->nmbrecon()
 4 SYSTEMPATH/CodeIgniter.php(466): CodeIgniter\CodeIgniter->runController()
 5 SYSTEMPATH/CodeIgniter.php(349): CodeIgniter\CodeIgniter->handleRequest()
 6 FCPATH/index.php(57): CodeIgniter\CodeIgniter->run()
CRITICAL - 2024-11-10 17:12:04 --> Undefined property: stdClass::$bill_num
in APPPATH/Helpers/global_helper.php on line 505.
 1 APPPATH/Helpers/global_helper.php(505): CodeIgniter\Debug\Exceptions->errorHandler()
 2 APPPATH/Controllers/Malipo.php(399): doProcessGlobalTransaction()
 3 SYSTEMPATH/CodeIgniter.php(896): App\Controllers\Malipo->nmbrecon()
 4 SYSTEMPATH/CodeIgniter.php(466): CodeIgniter\CodeIgniter->runController()
 5 SYSTEMPATH/CodeIgniter.php(349): CodeIgniter\CodeIgniter->handleRequest()
 6 FCPATH/index.php(57): CodeIgniter\CodeIgniter->run()
CRITICAL - 2024-11-10 17:14:05 --> Undefined property: stdClass::$bill_num
in APPPATH/Helpers/global_helper.php on line 505.
 1 APPPATH/Helpers/global_helper.php(505): CodeIgniter\Debug\Exceptions->errorHandler()
 2 APPPATH/Controllers/Malipo.php(399): doProcessGlobalTransaction()
 3 SYSTEMPATH/CodeIgniter.php(896): App\Controllers\Malipo->nmbrecon()
 4 SYSTEMPATH/CodeIgniter.php(466): CodeIgniter\CodeIgniter->runController()
 5 SYSTEMPATH/CodeIgniter.php(349): CodeIgniter\CodeIgniter->handleRequest()
 6 FCPATH/index.php(57): CodeIgniter\CodeIgniter->run()
CRITICAL - 2024-11-10 17:16:05 --> Undefined property: stdClass::$bill_num
in APPPATH/Helpers/global_helper.php on line 505.
 1 APPPATH/Helpers/global_helper.php(505): CodeIgniter\Debug\Exceptions->errorHandler()
 2 APPPATH/Controllers/Malipo.php(399): doProcessGlobalTransaction()
 3 SYSTEMPATH/CodeIgniter.php(896): App\Controllers\Malipo->nmbrecon()
 4 SYSTEMPATH/CodeIgniter.php(466): CodeIgniter\CodeIgniter->runController()
 5 SYSTEMPATH/CodeIgniter.php(349): CodeIgniter\CodeIgniter->handleRequest()
 6 FCPATH/index.php(57): CodeIgniter\CodeIgniter->run()
CRITICAL - 2024-11-10 17:18:05 --> Undefined property: stdClass::$bill_num
in APPPATH/Helpers/global_helper.php on line 505.
 1 APPPATH/Helpers/global_helper.php(505): CodeIgniter\Debug\Exceptions->errorHandler()
 2 APPPATH/Controllers/Malipo.php(399): doProcessGlobalTransaction()
 3 SYSTEMPATH/CodeIgniter.php(896): App\Controllers\Malipo->nmbrecon()
 4 SYSTEMPATH/CodeIgniter.php(466): CodeIgniter\CodeIgniter->runController()
 5 SYSTEMPATH/CodeIgniter.php(349): CodeIgniter\CodeIgniter->handleRequest()
 6 FCPATH/index.php(57): CodeIgniter\CodeIgniter->run()
CRITICAL - 2024-11-10 17:20:04 --> Undefined property: stdClass::$bill_num
in APPPATH/Helpers/global_helper.php on line 505.
 1 APPPATH/Helpers/global_helper.php(505): CodeIgniter\Debug\Exceptions->errorHandler()
 2 APPPATH/Controllers/Malipo.php(399): doProcessGlobalTransaction()
 3 SYSTEMPATH/CodeIgniter.php(896): App\Controllers\Malipo->nmbrecon()
 4 SYSTEMPATH/CodeIgniter.php(466): CodeIgniter\CodeIgniter->runController()
 5 SYSTEMPATH/CodeIgniter.php(349): CodeIgniter\CodeIgniter->handleRequest()
 6 FCPATH/index.php(57): CodeIgniter\CodeIgniter->run()
CRITICAL - 2024-11-10 17:22:05 --> Undefined property: stdClass::$bill_num
in APPPATH/Helpers/global_helper.php on line 505.
 1 APPPATH/Helpers/global_helper.php(505): CodeIgniter\Debug\Exceptions->errorHandler()
 2 APPPATH/Controllers/Malipo.php(399): doProcessGlobalTransaction()
 3 SYSTEMPATH/CodeIgniter.php(896): App\Controllers\Malipo->nmbrecon()
 4 SYSTEMPATH/CodeIgniter.php(466): CodeIgniter\CodeIgniter->runController()
 5 SYSTEMPATH/CodeIgniter.php(349): CodeIgniter\CodeIgniter->handleRequest()
 6 FCPATH/index.php(57): CodeIgniter\CodeIgniter->run()
CRITICAL - 2024-11-10 17:22:55 --> Undefined property: stdClass::$reference
in APPPATH/Helpers/global_helper.php on line 914.
 1 APPPATH/Helpers/global_helper.php(914): CodeIgniter\Debug\Exceptions->errorHandler()
 2 APPPATH/Controllers/Malipo.php(476): nmbGenSubmitJson()
 3 SYSTEMPATH/CodeIgniter.php(896): App\Controllers\Malipo->nmbbillrequest()
 4 SYSTEMPATH/CodeIgniter.php(466): CodeIgniter\CodeIgniter->runController()
 5 SYSTEMPATH/CodeIgniter.php(349): CodeIgniter\CodeIgniter->handleRequest()
 6 FCPATH/index.php(57): CodeIgniter\CodeIgniter->run()
CRITICAL - 2024-11-10 17:24:05 --> Undefined property: stdClass::$bill_num
in APPPATH/Helpers/global_helper.php on line 505.
 1 APPPATH/Helpers/global_helper.php(505): CodeIgniter\Debug\Exceptions->errorHandler()
 2 APPPATH/Controllers/Malipo.php(399): doProcessGlobalTransaction()
 3 SYSTEMPATH/CodeIgniter.php(896): App\Controllers\Malipo->nmbrecon()
 4 SYSTEMPATH/CodeIgniter.php(466): CodeIgniter\CodeIgniter->runController()
 5 SYSTEMPATH/CodeIgniter.php(349): CodeIgniter\CodeIgniter->handleRequest()
 6 FCPATH/index.php(57): CodeIgniter\CodeIgniter->run()
CRITICAL - 2024-11-10 17:26:05 --> Undefined property: stdClass::$bill_num
in APPPATH/Helpers/global_helper.php on line 505.
 1 APPPATH/Helpers/global_helper.php(505): CodeIgniter\Debug\Exceptions->errorHandler()
 2 APPPATH/Controllers/Malipo.php(399): doProcessGlobalTransaction()
 3 SYSTEMPATH/CodeIgniter.php(896): App\Controllers\Malipo->nmbrecon()
 4 SYSTEMPATH/CodeIgniter.php(466): CodeIgniter\CodeIgniter->runController()
 5 SYSTEMPATH/CodeIgniter.php(349): CodeIgniter\CodeIgniter->handleRequest()
 6 FCPATH/index.php(57): CodeIgniter\CodeIgniter->run()
CRITICAL - 2024-11-10 17:28:05 --> Undefined property: stdClass::$bill_num
in APPPATH/Helpers/global_helper.php on line 505.
 1 APPPATH/Helpers/global_helper.php(505): CodeIgniter\Debug\Exceptions->errorHandler()
 2 APPPATH/Controllers/Malipo.php(399): doProcessGlobalTransaction()
 3 SYSTEMPATH/CodeIgniter.php(896): App\Controllers\Malipo->nmbrecon()
 4 SYSTEMPATH/CodeIgniter.php(466): CodeIgniter\CodeIgniter->runController()
 5 SYSTEMPATH/CodeIgniter.php(349): CodeIgniter\CodeIgniter->handleRequest()
 6 FCPATH/index.php(57): CodeIgniter\CodeIgniter->run()
CRITICAL - 2024-11-10 17:30:06 --> Undefined property: stdClass::$bill_num
in APPPATH/Helpers/global_helper.php on line 505.
 1 APPPATH/Helpers/global_helper.php(505): CodeIgniter\Debug\Exceptions->errorHandler()
 2 APPPATH/Controllers/Malipo.php(399): doProcessGlobalTransaction()
 3 SYSTEMPATH/CodeIgniter.php(896): App\Controllers\Malipo->nmbrecon()
 4 SYSTEMPATH/CodeIgniter.php(466): CodeIgniter\CodeIgniter->runController()
 5 SYSTEMPATH/CodeIgniter.php(349): CodeIgniter\CodeIgniter->handleRequest()
 6 FCPATH/index.php(57): CodeIgniter\CodeIgniter->run()
CRITICAL - 2024-11-10 17:32:06 --> Undefined property: stdClass::$bill_num
in APPPATH/Helpers/global_helper.php on line 505.
 1 APPPATH/Helpers/global_helper.php(505): CodeIgniter\Debug\Exceptions->errorHandler()
 2 APPPATH/Controllers/Malipo.php(399): doProcessGlobalTransaction()
 3 SYSTEMPATH/CodeIgniter.php(896): App\Controllers\Malipo->nmbrecon()
 4 SYSTEMPATH/CodeIgniter.php(466): CodeIgniter\CodeIgniter->runController()
 5 SYSTEMPATH/CodeIgniter.php(349): CodeIgniter\CodeIgniter->handleRequest()
 6 FCPATH/index.php(57): CodeIgniter\CodeIgniter->run()
CRITICAL - 2024-11-10 17:34:05 --> Undefined property: stdClass::$bill_num
in APPPATH/Helpers/global_helper.php on line 505.
 1 APPPATH/Helpers/global_helper.php(505): CodeIgniter\Debug\Exceptions->errorHandler()
 2 APPPATH/Controllers/Malipo.php(399): doProcessGlobalTransaction()
 3 SYSTEMPATH/CodeIgniter.php(896): App\Controllers\Malipo->nmbrecon()
 4 SYSTEMPATH/CodeIgniter.php(466): CodeIgniter\CodeIgniter->runController()
 5 SYSTEMPATH/CodeIgniter.php(349): CodeIgniter\CodeIgniter->handleRequest()
 6 FCPATH/index.php(57): CodeIgniter\CodeIgniter->run()
CRITICAL - 2024-11-10 17:36:04 --> Undefined property: stdClass::$bill_num
in APPPATH/Helpers/global_helper.php on line 505.
 1 APPPATH/Helpers/global_helper.php(505): CodeIgniter\Debug\Exceptions->errorHandler()
 2 APPPATH/Controllers/Malipo.php(399): doProcessGlobalTransaction()
 3 SYSTEMPATH/CodeIgniter.php(896): App\Controllers\Malipo->nmbrecon()
 4 SYSTEMPATH/CodeIgniter.php(466): CodeIgniter\CodeIgniter->runController()
 5 SYSTEMPATH/CodeIgniter.php(349): CodeIgniter\CodeIgniter->handleRequest()
 6 FCPATH/index.php(57): CodeIgniter\CodeIgniter->run()
CRITICAL - 2024-11-10 17:38:05 --> Undefined property: stdClass::$bill_num
in APPPATH/Helpers/global_helper.php on line 505.
 1 APPPATH/Helpers/global_helper.php(505): CodeIgniter\Debug\Exceptions->errorHandler()
 2 APPPATH/Controllers/Malipo.php(399): doProcessGlobalTransaction()
 3 SYSTEMPATH/CodeIgniter.php(896): App\Controllers\Malipo->nmbrecon()
 4 SYSTEMPATH/CodeIgniter.php(466): CodeIgniter\CodeIgniter->runController()
 5 SYSTEMPATH/CodeIgniter.php(349): CodeIgniter\CodeIgniter->handleRequest()
 6 FCPATH/index.php(57): CodeIgniter\CodeIgniter->run()
CRITICAL - 2024-11-10 17:40:05 --> Undefined property: stdClass::$bill_num
in APPPATH/Helpers/global_helper.php on line 505.
 1 APPPATH/Helpers/global_helper.php(505): CodeIgniter\Debug\Exceptions->errorHandler()
 2 APPPATH/Controllers/Malipo.php(399): doProcessGlobalTransaction()
 3 SYSTEMPATH/CodeIgniter.php(896): App\Controllers\Malipo->nmbrecon()
 4 SYSTEMPATH/CodeIgniter.php(466): CodeIgniter\CodeIgniter->runController()
 5 SYSTEMPATH/CodeIgniter.php(349): CodeIgniter\CodeIgniter->handleRequest()
 6 FCPATH/index.php(57): CodeIgniter\CodeIgniter->run()
CRITICAL - 2024-11-10 17:42:06 --> Undefined property: stdClass::$bill_num
in APPPATH/Helpers/global_helper.php on line 505.
 1 APPPATH/Helpers/global_helper.php(505): CodeIgniter\Debug\Exceptions->errorHandler()
 2 APPPATH/Controllers/Malipo.php(399): doProcessGlobalTransaction()
 3 SYSTEMPATH/CodeIgniter.php(896): App\Controllers\Malipo->nmbrecon()
 4 SYSTEMPATH/CodeIgniter.php(466): CodeIgniter\CodeIgniter->runController()
 5 SYSTEMPATH/CodeIgniter.php(349): CodeIgniter\CodeIgniter->handleRequest()
 6 FCPATH/index.php(57): CodeIgniter\CodeIgniter->run()
CRITICAL - 2024-11-10 17:44:05 --> Undefined property: stdClass::$bill_num
in APPPATH/Helpers/global_helper.php on line 505.
 1 APPPATH/Helpers/global_helper.php(505): CodeIgniter\Debug\Exceptions->errorHandler()
 2 APPPATH/Controllers/Malipo.php(399): doProcessGlobalTransaction()
 3 SYSTEMPATH/CodeIgniter.php(896): App\Controllers\Malipo->nmbrecon()
 4 SYSTEMPATH/CodeIgniter.php(466): CodeIgniter\CodeIgniter->runController()
 5 SYSTEMPATH/CodeIgniter.php(349): CodeIgniter\CodeIgniter->handleRequest()
 6 FCPATH/index.php(57): CodeIgniter\CodeIgniter->run()
ERROR - 2024-11-10 17:45:15 --> Got error 4009 'Cluster Failure' from NDBCLUSTER
CRITICAL - 2024-11-10 17:45:15 --> Got error 4009 'Cluster Failure' from NDBCLUSTER
in SYSTEMPATH/Database/MySQLi/Connection.php on line 292.
 1 SYSTEMPATH/Database/MySQLi/Connection.php(292): mysqli->query()
 2 SYSTEMPATH/Database/BaseConnection.php(695): CodeIgniter\Database\MySQLi\Connection->execute()
 3 SYSTEMPATH/Database/BaseConnection.php(609): CodeIgniter\Database\BaseConnection->simpleQuery()
 4 APPPATH/Models/Engine.php(554): CodeIgniter\Database\BaseConnection->query()
 5 APPPATH/Controllers/BaseController.php(77): App\Models\Engine->getLanguages()
 6 SYSTEMPATH/CodeIgniter.php(859): App\Controllers\BaseController->initController()
 7 SYSTEMPATH/CodeIgniter.php(457): CodeIgniter\CodeIgniter->createController()
 8 SYSTEMPATH/CodeIgniter.php(349): CodeIgniter\CodeIgniter->handleRequest()
 9 FCPATH/index.php(57): CodeIgniter\CodeIgniter->run()
ERROR - 2024-11-10 17:45:15 --> Got error 4009 'Cluster Failure' from NDBCLUSTER
CRITICAL - 2024-11-10 17:45:15 --> Got error 4009 'Cluster Failure' from NDBCLUSTER
in SYSTEMPATH/Database/MySQLi/Connection.php on line 292.
 1 SYSTEMPATH/Database/MySQLi/Connection.php(292): mysqli->query()
 2 SYSTEMPATH/Database/BaseConnection.php(695): CodeIgniter\Database\MySQLi\Connection->execute()
 3 SYSTEMPATH/Database/BaseConnection.php(609): CodeIgniter\Database\BaseConnection->simpleQuery()
 4 APPPATH/Models/Engine.php(554): CodeIgniter\Database\BaseConnection->query()
 5 APPPATH/Controllers/BaseController.php(77): App\Models\Engine->getLanguages()
 6 SYSTEMPATH/CodeIgniter.php(859): App\Controllers\BaseController->initController()
 7 SYSTEMPATH/CodeIgniter.php(457): CodeIgniter\CodeIgniter->createController()
 8 SYSTEMPATH/CodeIgniter.php(349): CodeIgniter\CodeIgniter->handleRequest()
 9 FCPATH/index.php(57): CodeIgniter\CodeIgniter->run()
CRITICAL - 2024-11-10 17:46:04 --> Undefined property: stdClass::$bill_num
in APPPATH/Helpers/global_helper.php on line 505.
 1 APPPATH/Helpers/global_helper.php(505): CodeIgniter\Debug\Exceptions->errorHandler()
 2 APPPATH/Controllers/Malipo.php(399): doProcessGlobalTransaction()
 3 SYSTEMPATH/CodeIgniter.php(896): App\Controllers\Malipo->nmbrecon()
 4 SYSTEMPATH/CodeIgniter.php(466): CodeIgniter\CodeIgniter->runController()
 5 SYSTEMPATH/CodeIgniter.php(349): CodeIgniter\CodeIgniter->handleRequest()
 6 FCPATH/index.php(57): CodeIgniter\CodeIgniter->run()
CRITICAL - 2024-11-10 17:48:00 --> Undefined property: stdClass::$reference
in APPPATH/Helpers/global_helper.php on line 914.
 1 APPPATH/Helpers/global_helper.php(914): CodeIgniter\Debug\Exceptions->errorHandler()
 2 APPPATH/Controllers/Malipo.php(476): nmbGenSubmitJson()
 3 SYSTEMPATH/CodeIgniter.php(896): App\Controllers\Malipo->nmbbillrequest()
 4 SYSTEMPATH/CodeIgniter.php(466): CodeIgniter\CodeIgniter->runController()
 5 SYSTEMPATH/CodeIgniter.php(349): CodeIgniter\CodeIgniter->handleRequest()
 6 FCPATH/index.php(57): CodeIgniter\CodeIgniter->run()
CRITICAL - 2024-11-10 17:48:04 --> Undefined property: stdClass::$bill_num
in APPPATH/Helpers/global_helper.php on line 505.
 1 APPPATH/Helpers/global_helper.php(505): CodeIgniter\Debug\Exceptions->errorHandler()
 2 APPPATH/Controllers/Malipo.php(399): doProcessGlobalTransaction()
 3 SYSTEMPATH/CodeIgniter.php(896): App\Controllers\Malipo->nmbrecon()
 4 SYSTEMPATH/CodeIgniter.php(466): CodeIgniter\CodeIgniter->runController()
 5 SYSTEMPATH/CodeIgniter.php(349): CodeIgniter\CodeIgniter->handleRequest()
 6 FCPATH/index.php(57): CodeIgniter\CodeIgniter->run()
CRITICAL - 2024-11-10 17:50:04 --> Undefined property: stdClass::$bill_num
in APPPATH/Helpers/global_helper.php on line 505.
 1 APPPATH/Helpers/global_helper.php(505): CodeIgniter\Debug\Exceptions->errorHandler()
 2 APPPATH/Controllers/Malipo.php(399): doProcessGlobalTransaction()
 3 SYSTEMPATH/CodeIgniter.php(896): App\Controllers\Malipo->nmbrecon()
 4 SYSTEMPATH/CodeIgniter.php(466): CodeIgniter\CodeIgniter->runController()
 5 SYSTEMPATH/CodeIgniter.php(349): CodeIgniter\CodeIgniter->handleRequest()
 6 FCPATH/index.php(57): CodeIgniter\CodeIgniter->run()
CRITICAL - 2024-11-10 17:52:09 --> Undefined property: stdClass::$bill_num
in APPPATH/Helpers/global_helper.php on line 505.
 1 APPPATH/Helpers/global_helper.php(505): CodeIgniter\Debug\Exceptions->errorHandler()
 2 APPPATH/Controllers/Malipo.php(399): doProcessGlobalTransaction()
 3 SYSTEMPATH/CodeIgniter.php(896): App\Controllers\Malipo->nmbrecon()
 4 SYSTEMPATH/CodeIgniter.php(466): CodeIgniter\CodeIgniter->runController()
 5 SYSTEMPATH/CodeIgniter.php(349): CodeIgniter\CodeIgniter->handleRequest()
 6 FCPATH/index.php(57): CodeIgniter\CodeIgniter->run()
CRITICAL - 2024-11-10 17:54:05 --> Undefined property: stdClass::$bill_num
in APPPATH/Helpers/global_helper.php on line 505.
 1 APPPATH/Helpers/global_helper.php(505): CodeIgniter\Debug\Exceptions->errorHandler()
 2 APPPATH/Controllers/Malipo.php(399): doProcessGlobalTransaction()
 3 SYSTEMPATH/CodeIgniter.php(896): App\Controllers\Malipo->nmbrecon()
 4 SYSTEMPATH/CodeIgniter.php(466): CodeIgniter\CodeIgniter->runController()
 5 SYSTEMPATH/CodeIgniter.php(349): CodeIgniter\CodeIgniter->handleRequest()
 6 FCPATH/index.php(57): CodeIgniter\CodeIgniter->run()
CRITICAL - 2024-11-10 17:56:05 --> Undefined property: stdClass::$bill_num
in APPPATH/Helpers/global_helper.php on line 505.
 1 APPPATH/Helpers/global_helper.php(505): CodeIgniter\Debug\Exceptions->errorHandler()
 2 APPPATH/Controllers/Malipo.php(399): doProcessGlobalTransaction()
 3 SYSTEMPATH/CodeIgniter.php(896): App\Controllers\Malipo->nmbrecon()
 4 SYSTEMPATH/CodeIgniter.php(466): CodeIgniter\CodeIgniter->runController()
 5 SYSTEMPATH/CodeIgniter.php(349): CodeIgniter\CodeIgniter->handleRequest()
 6 FCPATH/index.php(57): CodeIgniter\CodeIgniter->run()
CRITICAL - 2024-11-10 17:58:05 --> Undefined property: stdClass::$bill_num
in APPPATH/Helpers/global_helper.php on line 505.
 1 APPPATH/Helpers/global_helper.php(505): CodeIgniter\Debug\Exceptions->errorHandler()
 2 APPPATH/Controllers/Malipo.php(399): doProcessGlobalTransaction()
 3 SYSTEMPATH/CodeIgniter.php(896): App\Controllers\Malipo->nmbrecon()
 4 SYSTEMPATH/CodeIgniter.php(466): CodeIgniter\CodeIgniter->runController()
 5 SYSTEMPATH/CodeIgniter.php(349): CodeIgniter\CodeIgniter->handleRequest()
 6 FCPATH/index.php(57): CodeIgniter\CodeIgniter->run()
CRITICAL - 2024-11-10 18:00:05 --> Undefined property: stdClass::$bill_num
in APPPATH/Helpers/global_helper.php on line 505.
 1 APPPATH/Helpers/global_helper.php(505): CodeIgniter\Debug\Exceptions->errorHandler()
 2 APPPATH/Controllers/Malipo.php(399): doProcessGlobalTransaction()
 3 SYSTEMPATH/CodeIgniter.php(896): App\Controllers\Malipo->nmbrecon()
 4 SYSTEMPATH/CodeIgniter.php(466): CodeIgniter\CodeIgniter->runController()
 5 SYSTEMPATH/CodeIgniter.php(349): CodeIgniter\CodeIgniter->handleRequest()
 6 FCPATH/index.php(57): CodeIgniter\CodeIgniter->run()
ERROR - 2024-11-10 18:00:31 --> Got error 4009 'Cluster Failure' from NDBCLUSTER
ERROR - 2024-11-10 18:00:31 --> Got error 4009 'Cluster Failure' from NDBCLUSTER
CRITICAL - 2024-11-10 18:00:31 --> Got error 4009 'Cluster Failure' from NDBCLUSTER
in SYSTEMPATH/Database/MySQLi/Connection.php on line 292.
 1 SYSTEMPATH/Database/MySQLi/Connection.php(292): mysqli->query()
 2 SYSTEMPATH/Database/BaseConnection.php(695): CodeIgniter\Database\MySQLi\Connection->execute()
 3 SYSTEMPATH/Database/BaseConnection.php(609): CodeIgniter\Database\BaseConnection->simpleQuery()
 4 APPPATH/Models/Engine.php(554): CodeIgniter\Database\BaseConnection->query()
 5 APPPATH/Controllers/BaseController.php(77): App\Models\Engine->getLanguages()
 6 SYSTEMPATH/CodeIgniter.php(859): App\Controllers\BaseController->initController()
 7 SYSTEMPATH/CodeIgniter.php(457): CodeIgniter\CodeIgniter->createController()
 8 SYSTEMPATH/CodeIgniter.php(349): CodeIgniter\CodeIgniter->handleRequest()
 9 FCPATH/index.php(57): CodeIgniter\CodeIgniter->run()
CRITICAL - 2024-11-10 18:00:31 --> Got error 4009 'Cluster Failure' from NDBCLUSTER
in SYSTEMPATH/Database/MySQLi/Connection.php on line 292.
 1 SYSTEMPATH/Database/MySQLi/Connection.php(292): mysqli->query()
 2 SYSTEMPATH/Database/BaseConnection.php(695): CodeIgniter\Database\MySQLi\Connection->execute()
 3 SYSTEMPATH/Database/BaseConnection.php(609): CodeIgniter\Database\BaseConnection->simpleQuery()
 4 APPPATH/Models/Engine.php(554): CodeIgniter\Database\BaseConnection->query()
 5 APPPATH/Controllers/BaseController.php(77): App\Models\Engine->getLanguages()
 6 SYSTEMPATH/CodeIgniter.php(859): App\Controllers\BaseController->initController()
 7 SYSTEMPATH/CodeIgniter.php(457): CodeIgniter\CodeIgniter->createController()
 8 SYSTEMPATH/CodeIgniter.php(349): CodeIgniter\CodeIgniter->handleRequest()
 9 FCPATH/index.php(57): CodeIgniter\CodeIgniter->run()
ERROR - 2024-11-10 18:00:31 --> Got error 4009 'Cluster Failure' from NDBCLUSTER
CRITICAL - 2024-11-10 18:00:31 --> Got error 4009 'Cluster Failure' from NDBCLUSTER
in SYSTEMPATH/Database/MySQLi/Connection.php on line 292.
 1 SYSTEMPATH/Database/MySQLi/Connection.php(292): mysqli->query()
 2 SYSTEMPATH/Database/BaseConnection.php(695): CodeIgniter\Database\MySQLi\Connection->execute()
 3 SYSTEMPATH/Database/BaseConnection.php(609): CodeIgniter\Database\BaseConnection->simpleQuery()
 4 APPPATH/Models/Engine.php(554): CodeIgniter\Database\BaseConnection->query()
 5 APPPATH/Controllers/BaseController.php(77): App\Models\Engine->getLanguages()
 6 SYSTEMPATH/CodeIgniter.php(859): App\Controllers\BaseController->initController()
 7 SYSTEMPATH/CodeIgniter.php(457): CodeIgniter\CodeIgniter->createController()
 8 SYSTEMPATH/CodeIgniter.php(349): CodeIgniter\CodeIgniter->handleRequest()
 9 FCPATH/index.php(57): CodeIgniter\CodeIgniter->run()
CRITICAL - 2024-11-10 18:02:05 --> Undefined property: stdClass::$bill_num
in APPPATH/Helpers/global_helper.php on line 505.
 1 APPPATH/Helpers/global_helper.php(505): CodeIgniter\Debug\Exceptions->errorHandler()
 2 APPPATH/Controllers/Malipo.php(399): doProcessGlobalTransaction()
 3 SYSTEMPATH/CodeIgniter.php(896): App\Controllers\Malipo->nmbrecon()
 4 SYSTEMPATH/CodeIgniter.php(466): CodeIgniter\CodeIgniter->runController()
 5 SYSTEMPATH/CodeIgniter.php(349): CodeIgniter\CodeIgniter->handleRequest()
 6 FCPATH/index.php(57): CodeIgniter\CodeIgniter->run()
ERROR - 2024-11-10 18:03:52 --> Got error 4009 'Cluster Failure' from NDBCLUSTER
CRITICAL - 2024-11-10 18:03:52 --> Got error 4009 'Cluster Failure' from NDBCLUSTER
in SYSTEMPATH/Database/MySQLi/Connection.php on line 292.
 1 SYSTEMPATH/Database/MySQLi/Connection.php(292): mysqli->query()
 2 SYSTEMPATH/Database/BaseConnection.php(695): CodeIgniter\Database\MySQLi\Connection->execute()
 3 SYSTEMPATH/Database/BaseConnection.php(609): CodeIgniter\Database\BaseConnection->simpleQuery()
 4 APPPATH/Models/Engine.php(554): CodeIgniter\Database\BaseConnection->query()
 5 APPPATH/Controllers/BaseController.php(77): App\Models\Engine->getLanguages()
 6 SYSTEMPATH/CodeIgniter.php(859): App\Controllers\BaseController->initController()
 7 SYSTEMPATH/CodeIgniter.php(457): CodeIgniter\CodeIgniter->createController()
 8 SYSTEMPATH/CodeIgniter.php(349): CodeIgniter\CodeIgniter->handleRequest()
 9 FCPATH/index.php(57): CodeIgniter\CodeIgniter->run()
ERROR - 2024-11-10 18:03:52 --> Got error 4009 'Cluster Failure' from NDBCLUSTER
CRITICAL - 2024-11-10 18:03:52 --> Got error 4009 'Cluster Failure' from NDBCLUSTER
in SYSTEMPATH/Database/MySQLi/Connection.php on line 292.
 1 SYSTEMPATH/Database/MySQLi/Connection.php(292): mysqli->query()
 2 SYSTEMPATH/Database/BaseConnection.php(695): CodeIgniter\Database\MySQLi\Connection->execute()
 3 SYSTEMPATH/Database/BaseConnection.php(609): CodeIgniter\Database\BaseConnection->simpleQuery()
 4 APPPATH/Models/Engine.php(554): CodeIgniter\Database\BaseConnection->query()
 5 APPPATH/Controllers/BaseController.php(77): App\Models\Engine->getLanguages()
 6 SYSTEMPATH/CodeIgniter.php(859): App\Controllers\BaseController->initController()
 7 SYSTEMPATH/CodeIgniter.php(457): CodeIgniter\CodeIgniter->createController()
 8 SYSTEMPATH/CodeIgniter.php(349): CodeIgniter\CodeIgniter->handleRequest()
 9 FCPATH/index.php(57): CodeIgniter\CodeIgniter->run()
CRITICAL - 2024-11-10 18:04:05 --> Undefined property: stdClass::$bill_num
in APPPATH/Helpers/global_helper.php on line 505.
 1 APPPATH/Helpers/global_helper.php(505): CodeIgniter\Debug\Exceptions->errorHandler()
 2 APPPATH/Controllers/Malipo.php(399): doProcessGlobalTransaction()
 3 SYSTEMPATH/CodeIgniter.php(896): App\Controllers\Malipo->nmbrecon()
 4 SYSTEMPATH/CodeIgniter.php(466): CodeIgniter\CodeIgniter->runController()
 5 SYSTEMPATH/CodeIgniter.php(349): CodeIgniter\CodeIgniter->handleRequest()
 6 FCPATH/index.php(57): CodeIgniter\CodeIgniter->run()
CRITICAL - 2024-11-10 18:06:05 --> Undefined property: stdClass::$bill_num
in APPPATH/Helpers/global_helper.php on line 505.
 1 APPPATH/Helpers/global_helper.php(505): CodeIgniter\Debug\Exceptions->errorHandler()
 2 APPPATH/Controllers/Malipo.php(399): doProcessGlobalTransaction()
 3 SYSTEMPATH/CodeIgniter.php(896): App\Controllers\Malipo->nmbrecon()
 4 SYSTEMPATH/CodeIgniter.php(466): CodeIgniter\CodeIgniter->runController()
 5 SYSTEMPATH/CodeIgniter.php(349): CodeIgniter\CodeIgniter->handleRequest()
 6 FCPATH/index.php(57): CodeIgniter\CodeIgniter->run()
ERROR - 2024-11-10 18:08:06 --> Got error 4009 'Cluster Failure' from NDBCLUSTER
CRITICAL - 2024-11-10 18:08:06 --> Got error 4009 'Cluster Failure' from NDBCLUSTER
in SYSTEMPATH/Database/MySQLi/Connection.php on line 292.
 1 SYSTEMPATH/Database/MySQLi/Connection.php(292): mysqli->query()
 2 SYSTEMPATH/Database/BaseConnection.php(695): CodeIgniter\Database\MySQLi\Connection->execute()
 3 SYSTEMPATH/Database/BaseConnection.php(609): CodeIgniter\Database\BaseConnection->simpleQuery()
 4 APPPATH/Models/Engine.php(554): CodeIgniter\Database\BaseConnection->query()
 5 APPPATH/Controllers/BaseController.php(77): App\Models\Engine->getLanguages()
 6 SYSTEMPATH/CodeIgniter.php(859): App\Controllers\BaseController->initController()
 7 SYSTEMPATH/CodeIgniter.php(457): CodeIgniter\CodeIgniter->createController()
 8 SYSTEMPATH/CodeIgniter.php(349): CodeIgniter\CodeIgniter->handleRequest()
 9 FCPATH/index.php(57): CodeIgniter\CodeIgniter->run()
CRITICAL - 2024-11-10 18:10:05 --> Undefined property: stdClass::$bill_num
in APPPATH/Helpers/global_helper.php on line 505.
 1 APPPATH/Helpers/global_helper.php(505): CodeIgniter\Debug\Exceptions->errorHandler()
 2 APPPATH/Controllers/Malipo.php(399): doProcessGlobalTransaction()
 3 SYSTEMPATH/CodeIgniter.php(896): App\Controllers\Malipo->nmbrecon()
 4 SYSTEMPATH/CodeIgniter.php(466): CodeIgniter\CodeIgniter->runController()
 5 SYSTEMPATH/CodeIgniter.php(349): CodeIgniter\CodeIgniter->handleRequest()
 6 FCPATH/index.php(57): CodeIgniter\CodeIgniter->run()
CRITICAL - 2024-11-10 18:12:05 --> Undefined property: stdClass::$bill_num
in APPPATH/Helpers/global_helper.php on line 505.
 1 APPPATH/Helpers/global_helper.php(505): CodeIgniter\Debug\Exceptions->errorHandler()
 2 APPPATH/Controllers/Malipo.php(399): doProcessGlobalTransaction()
 3 SYSTEMPATH/CodeIgniter.php(896): App\Controllers\Malipo->nmbrecon()
 4 SYSTEMPATH/CodeIgniter.php(466): CodeIgniter\CodeIgniter->runController()
 5 SYSTEMPATH/CodeIgniter.php(349): CodeIgniter\CodeIgniter->handleRequest()
 6 FCPATH/index.php(57): CodeIgniter\CodeIgniter->run()
CRITICAL - 2024-11-10 18:14:05 --> Undefined property: stdClass::$bill_num
in APPPATH/Helpers/global_helper.php on line 505.
 1 APPPATH/Helpers/global_helper.php(505): CodeIgniter\Debug\Exceptions->errorHandler()
 2 APPPATH/Controllers/Malipo.php(399): doProcessGlobalTransaction()
 3 SYSTEMPATH/CodeIgniter.php(896): App\Controllers\Malipo->nmbrecon()
 4 SYSTEMPATH/CodeIgniter.php(466): CodeIgniter\CodeIgniter->runController()
 5 SYSTEMPATH/CodeIgniter.php(349): CodeIgniter\CodeIgniter->handleRequest()
 6 FCPATH/index.php(57): CodeIgniter\CodeIgniter->run()
CRITICAL - 2024-11-10 18:16:05 --> Undefined property: stdClass::$bill_num
in APPPATH/Helpers/global_helper.php on line 505.
 1 APPPATH/Helpers/global_helper.php(505): CodeIgniter\Debug\Exceptions->errorHandler()
 2 APPPATH/Controllers/Malipo.php(399): doProcessGlobalTransaction()
 3 SYSTEMPATH/CodeIgniter.php(896): App\Controllers\Malipo->nmbrecon()
 4 SYSTEMPATH/CodeIgniter.php(466): CodeIgniter\CodeIgniter->runController()
 5 SYSTEMPATH/CodeIgniter.php(349): CodeIgniter\CodeIgniter->handleRequest()
 6 FCPATH/index.php(57): CodeIgniter\CodeIgniter->run()
ERROR - 2024-11-10 18:17:44 --> Got error 4009 'Cluster Failure' from NDBCLUSTER
CRITICAL - 2024-11-10 18:17:44 --> Got error 4009 'Cluster Failure' from NDBCLUSTER
in SYSTEMPATH/Database/MySQLi/Connection.php on line 292.
 1 SYSTEMPATH/Database/MySQLi/Connection.php(292): mysqli->query()
 2 SYSTEMPATH/Database/BaseConnection.php(695): CodeIgniter\Database\MySQLi\Connection->execute()
 3 SYSTEMPATH/Database/BaseConnection.php(609): CodeIgniter\Database\BaseConnection->simpleQuery()
 4 APPPATH/Models/Engine.php(554): CodeIgniter\Database\BaseConnection->query()
 5 APPPATH/Controllers/BaseController.php(77): App\Models\Engine->getLanguages()
 6 SYSTEMPATH/CodeIgniter.php(859): App\Controllers\BaseController->initController()
 7 SYSTEMPATH/CodeIgniter.php(457): CodeIgniter\CodeIgniter->createController()
 8 SYSTEMPATH/CodeIgniter.php(349): CodeIgniter\CodeIgniter->handleRequest()
 9 FCPATH/index.php(57): CodeIgniter\CodeIgniter->run()
CRITICAL - 2024-11-10 18:18:05 --> Undefined property: stdClass::$bill_num
in APPPATH/Helpers/global_helper.php on line 505.
 1 APPPATH/Helpers/global_helper.php(505): CodeIgniter\Debug\Exceptions->errorHandler()
 2 APPPATH/Controllers/Malipo.php(399): doProcessGlobalTransaction()
 3 SYSTEMPATH/CodeIgniter.php(896): App\Controllers\Malipo->nmbrecon()
 4 SYSTEMPATH/CodeIgniter.php(466): CodeIgniter\CodeIgniter->runController()
 5 SYSTEMPATH/CodeIgniter.php(349): CodeIgniter\CodeIgniter->handleRequest()
 6 FCPATH/index.php(57): CodeIgniter\CodeIgniter->run()
ERROR - 2024-11-10 18:18:52 --> Got error 4009 'Cluster Failure' from NDBCLUSTER
CRITICAL - 2024-11-10 18:18:52 --> Got error 4009 'Cluster Failure' from NDBCLUSTER
in SYSTEMPATH/Database/MySQLi/Connection.php on line 292.
 1 SYSTEMPATH/Database/MySQLi/Connection.php(292): mysqli->query()
 2 SYSTEMPATH/Database/BaseConnection.php(695): CodeIgniter\Database\MySQLi\Connection->execute()
 3 SYSTEMPATH/Database/BaseConnection.php(609): CodeIgniter\Database\BaseConnection->simpleQuery()
 4 APPPATH/Models/Engine.php(554): CodeIgniter\Database\BaseConnection->query()
 5 APPPATH/Controllers/BaseController.php(77): App\Models\Engine->getLanguages()
 6 SYSTEMPATH/CodeIgniter.php(859): App\Controllers\BaseController->initController()
 7 SYSTEMPATH/CodeIgniter.php(457): CodeIgniter\CodeIgniter->createController()
 8 SYSTEMPATH/CodeIgniter.php(349): CodeIgniter\CodeIgniter->handleRequest()
 9 FCPATH/index.php(57): CodeIgniter\CodeIgniter->run()
CRITICAL - 2024-11-10 18:20:05 --> Undefined property: stdClass::$bill_num
in APPPATH/Helpers/global_helper.php on line 505.
 1 APPPATH/Helpers/global_helper.php(505): CodeIgniter\Debug\Exceptions->errorHandler()
 2 APPPATH/Controllers/Malipo.php(399): doProcessGlobalTransaction()
 3 SYSTEMPATH/CodeIgniter.php(896): App\Controllers\Malipo->nmbrecon()
 4 SYSTEMPATH/CodeIgniter.php(466): CodeIgniter\CodeIgniter->runController()
 5 SYSTEMPATH/CodeIgniter.php(349): CodeIgniter\CodeIgniter->handleRequest()
 6 FCPATH/index.php(57): CodeIgniter\CodeIgniter->run()
CRITICAL - 2024-11-10 18:22:05 --> Undefined property: stdClass::$bill_num
in APPPATH/Helpers/global_helper.php on line 505.
 1 APPPATH/Helpers/global_helper.php(505): CodeIgniter\Debug\Exceptions->errorHandler()
 2 APPPATH/Controllers/Malipo.php(399): doProcessGlobalTransaction()
 3 SYSTEMPATH/CodeIgniter.php(896): App\Controllers\Malipo->nmbrecon()
 4 SYSTEMPATH/CodeIgniter.php(466): CodeIgniter\CodeIgniter->runController()
 5 SYSTEMPATH/CodeIgniter.php(349): CodeIgniter\CodeIgniter->handleRequest()
 6 FCPATH/index.php(57): CodeIgniter\CodeIgniter->run()
CRITICAL - 2024-11-10 18:24:05 --> Undefined property: stdClass::$bill_num
in APPPATH/Helpers/global_helper.php on line 505.
 1 APPPATH/Helpers/global_helper.php(505): CodeIgniter\Debug\Exceptions->errorHandler()
 2 APPPATH/Controllers/Malipo.php(399): doProcessGlobalTransaction()
 3 SYSTEMPATH/CodeIgniter.php(896): App\Controllers\Malipo->nmbrecon()
 4 SYSTEMPATH/CodeIgniter.php(466): CodeIgniter\CodeIgniter->runController()
 5 SYSTEMPATH/CodeIgniter.php(349): CodeIgniter\CodeIgniter->handleRequest()
 6 FCPATH/index.php(57): CodeIgniter\CodeIgniter->run()
CRITICAL - 2024-11-10 18:26:05 --> Undefined property: stdClass::$bill_num
in APPPATH/Helpers/global_helper.php on line 505.
 1 APPPATH/Helpers/global_helper.php(505): CodeIgniter\Debug\Exceptions->errorHandler()
 2 APPPATH/Controllers/Malipo.php(399): doProcessGlobalTransaction()
 3 SYSTEMPATH/CodeIgniter.php(896): App\Controllers\Malipo->nmbrecon()
 4 SYSTEMPATH/CodeIgniter.php(466): CodeIgniter\CodeIgniter->runController()
 5 SYSTEMPATH/CodeIgniter.php(349): CodeIgniter\CodeIgniter->handleRequest()
 6 FCPATH/index.php(57): CodeIgniter\CodeIgniter->run()
CRITICAL - 2024-11-10 18:28:05 --> Undefined property: stdClass::$bill_num
in APPPATH/Helpers/global_helper.php on line 505.
 1 APPPATH/Helpers/global_helper.php(505): CodeIgniter\Debug\Exceptions->errorHandler()
 2 APPPATH/Controllers/Malipo.php(399): doProcessGlobalTransaction()
 3 SYSTEMPATH/CodeIgniter.php(896): App\Controllers\Malipo->nmbrecon()
 4 SYSTEMPATH/CodeIgniter.php(466): CodeIgniter\CodeIgniter->runController()
 5 SYSTEMPATH/CodeIgniter.php(349): CodeIgniter\CodeIgniter->handleRequest()
 6 FCPATH/index.php(57): CodeIgniter\CodeIgniter->run()
CRITICAL - 2024-11-10 18:30:06 --> Undefined property: stdClass::$bill_num
in APPPATH/Helpers/global_helper.php on line 505.
 1 APPPATH/Helpers/global_helper.php(505): CodeIgniter\Debug\Exceptions->errorHandler()
 2 APPPATH/Controllers/Malipo.php(399): doProcessGlobalTransaction()
 3 SYSTEMPATH/CodeIgniter.php(896): App\Controllers\Malipo->nmbrecon()
 4 SYSTEMPATH/CodeIgniter.php(466): CodeIgniter\CodeIgniter->runController()
 5 SYSTEMPATH/CodeIgniter.php(349): CodeIgniter\CodeIgniter->handleRequest()
 6 FCPATH/index.php(57): CodeIgniter\CodeIgniter->run()
CRITICAL - 2024-11-10 18:30:20 --> Undefined property: stdClass::$reference
in APPPATH/Helpers/global_helper.php on line 914.
 1 APPPATH/Helpers/global_helper.php(914): CodeIgniter\Debug\Exceptions->errorHandler()
 2 APPPATH/Controllers/Malipo.php(476): nmbGenSubmitJson()
 3 SYSTEMPATH/CodeIgniter.php(896): App\Controllers\Malipo->nmbbillrequest()
 4 SYSTEMPATH/CodeIgniter.php(466): CodeIgniter\CodeIgniter->runController()
 5 SYSTEMPATH/CodeIgniter.php(349): CodeIgniter\CodeIgniter->handleRequest()
 6 FCPATH/index.php(57): CodeIgniter\CodeIgniter->run()
CRITICAL - 2024-11-10 18:32:06 --> Undefined property: stdClass::$bill_num
in APPPATH/Helpers/global_helper.php on line 505.
 1 APPPATH/Helpers/global_helper.php(505): CodeIgniter\Debug\Exceptions->errorHandler()
 2 APPPATH/Controllers/Malipo.php(399): doProcessGlobalTransaction()
 3 SYSTEMPATH/CodeIgniter.php(896): App\Controllers\Malipo->nmbrecon()
 4 SYSTEMPATH/CodeIgniter.php(466): CodeIgniter\CodeIgniter->runController()
 5 SYSTEMPATH/CodeIgniter.php(349): CodeIgniter\CodeIgniter->handleRequest()
 6 FCPATH/index.php(57): CodeIgniter\CodeIgniter->run()
CRITICAL - 2024-11-10 18:34:06 --> Undefined property: stdClass::$bill_num
in APPPATH/Helpers/global_helper.php on line 505.
 1 APPPATH/Helpers/global_helper.php(505): CodeIgniter\Debug\Exceptions->errorHandler()
 2 APPPATH/Controllers/Malipo.php(399): doProcessGlobalTransaction()
 3 SYSTEMPATH/CodeIgniter.php(896): App\Controllers\Malipo->nmbrecon()
 4 SYSTEMPATH/CodeIgniter.php(466): CodeIgniter\CodeIgniter->runController()
 5 SYSTEMPATH/CodeIgniter.php(349): CodeIgniter\CodeIgniter->handleRequest()
 6 FCPATH/index.php(57): CodeIgniter\CodeIgniter->run()
CRITICAL - 2024-11-10 18:36:05 --> Undefined property: stdClass::$bill_num
in APPPATH/Helpers/global_helper.php on line 505.
 1 APPPATH/Helpers/global_helper.php(505): CodeIgniter\Debug\Exceptions->errorHandler()
 2 APPPATH/Controllers/Malipo.php(399): doProcessGlobalTransaction()
 3 SYSTEMPATH/CodeIgniter.php(896): App\Controllers\Malipo->nmbrecon()
 4 SYSTEMPATH/CodeIgniter.php(466): CodeIgniter\CodeIgniter->runController()
 5 SYSTEMPATH/CodeIgniter.php(349): CodeIgniter\CodeIgniter->handleRequest()
 6 FCPATH/index.php(57): CodeIgniter\CodeIgniter->run()
CRITICAL - 2024-11-10 18:38:05 --> Undefined property: stdClass::$bill_num
in APPPATH/Helpers/global_helper.php on line 505.
 1 APPPATH/Helpers/global_helper.php(505): CodeIgniter\Debug\Exceptions->errorHandler()
 2 APPPATH/Controllers/Malipo.php(399): doProcessGlobalTransaction()
 3 SYSTEMPATH/CodeIgniter.php(896): App\Controllers\Malipo->nmbrecon()
 4 SYSTEMPATH/CodeIgniter.php(466): CodeIgniter\CodeIgniter->runController()
 5 SYSTEMPATH/CodeIgniter.php(349): CodeIgniter\CodeIgniter->handleRequest()
 6 FCPATH/index.php(57): CodeIgniter\CodeIgniter->run()
CRITICAL - 2024-11-10 18:40:05 --> Undefined property: stdClass::$bill_num
in APPPATH/Helpers/global_helper.php on line 505.
 1 APPPATH/Helpers/global_helper.php(505): CodeIgniter\Debug\Exceptions->errorHandler()
 2 APPPATH/Controllers/Malipo.php(399): doProcessGlobalTransaction()
 3 SYSTEMPATH/CodeIgniter.php(896): App\Controllers\Malipo->nmbrecon()
 4 SYSTEMPATH/CodeIgniter.php(466): CodeIgniter\CodeIgniter->runController()
 5 SYSTEMPATH/CodeIgniter.php(349): CodeIgniter\CodeIgniter->handleRequest()
 6 FCPATH/index.php(57): CodeIgniter\CodeIgniter->run()
CRITICAL - 2024-11-10 18:42:05 --> Undefined property: stdClass::$bill_num
in APPPATH/Helpers/global_helper.php on line 505.
 1 APPPATH/Helpers/global_helper.php(505): CodeIgniter\Debug\Exceptions->errorHandler()
 2 APPPATH/Controllers/Malipo.php(399): doProcessGlobalTransaction()
 3 SYSTEMPATH/CodeIgniter.php(896): App\Controllers\Malipo->nmbrecon()
 4 SYSTEMPATH/CodeIgniter.php(466): CodeIgniter\CodeIgniter->runController()
 5 SYSTEMPATH/CodeIgniter.php(349): CodeIgniter\CodeIgniter->handleRequest()
 6 FCPATH/index.php(57): CodeIgniter\CodeIgniter->run()
CRITICAL - 2024-11-10 18:44:06 --> Undefined property: stdClass::$bill_num
in APPPATH/Helpers/global_helper.php on line 505.
 1 APPPATH/Helpers/global_helper.php(505): CodeIgniter\Debug\Exceptions->errorHandler()
 2 APPPATH/Controllers/Malipo.php(399): doProcessGlobalTransaction()
 3 SYSTEMPATH/CodeIgniter.php(896): App\Controllers\Malipo->nmbrecon()
 4 SYSTEMPATH/CodeIgniter.php(466): CodeIgniter\CodeIgniter->runController()
 5 SYSTEMPATH/CodeIgniter.php(349): CodeIgniter\CodeIgniter->handleRequest()
 6 FCPATH/index.php(57): CodeIgniter\CodeIgniter->run()
CRITICAL - 2024-11-10 18:46:04 --> Undefined property: stdClass::$bill_num
in APPPATH/Helpers/global_helper.php on line 505.
 1 APPPATH/Helpers/global_helper.php(505): CodeIgniter\Debug\Exceptions->errorHandler()
 2 APPPATH/Controllers/Malipo.php(399): doProcessGlobalTransaction()
 3 SYSTEMPATH/CodeIgniter.php(896): App\Controllers\Malipo->nmbrecon()
 4 SYSTEMPATH/CodeIgniter.php(466): CodeIgniter\CodeIgniter->runController()
 5 SYSTEMPATH/CodeIgniter.php(349): CodeIgniter\CodeIgniter->handleRequest()
 6 FCPATH/index.php(57): CodeIgniter\CodeIgniter->run()
CRITICAL - 2024-11-10 18:48:05 --> Undefined property: stdClass::$bill_num
in APPPATH/Helpers/global_helper.php on line 505.
 1 APPPATH/Helpers/global_helper.php(505): CodeIgniter\Debug\Exceptions->errorHandler()
 2 APPPATH/Controllers/Malipo.php(399): doProcessGlobalTransaction()
 3 SYSTEMPATH/CodeIgniter.php(896): App\Controllers\Malipo->nmbrecon()
 4 SYSTEMPATH/CodeIgniter.php(466): CodeIgniter\CodeIgniter->runController()
 5 SYSTEMPATH/CodeIgniter.php(349): CodeIgniter\CodeIgniter->handleRequest()
 6 FCPATH/index.php(57): CodeIgniter\CodeIgniter->run()
CRITICAL - 2024-11-10 18:50:04 --> Undefined property: stdClass::$bill_num
in APPPATH/Helpers/global_helper.php on line 505.
 1 APPPATH/Helpers/global_helper.php(505): CodeIgniter\Debug\Exceptions->errorHandler()
 2 APPPATH/Controllers/Malipo.php(399): doProcessGlobalTransaction()
 3 SYSTEMPATH/CodeIgniter.php(896): App\Controllers\Malipo->nmbrecon()
 4 SYSTEMPATH/CodeIgniter.php(466): CodeIgniter\CodeIgniter->runController()
 5 SYSTEMPATH/CodeIgniter.php(349): CodeIgniter\CodeIgniter->handleRequest()
 6 FCPATH/index.php(57): CodeIgniter\CodeIgniter->run()
CRITICAL - 2024-11-10 18:52:05 --> Undefined property: stdClass::$bill_num
in APPPATH/Helpers/global_helper.php on line 505.
 1 APPPATH/Helpers/global_helper.php(505): CodeIgniter\Debug\Exceptions->errorHandler()
 2 APPPATH/Controllers/Malipo.php(399): doProcessGlobalTransaction()
 3 SYSTEMPATH/CodeIgniter.php(896): App\Controllers\Malipo->nmbrecon()
 4 SYSTEMPATH/CodeIgniter.php(466): CodeIgniter\CodeIgniter->runController()
 5 SYSTEMPATH/CodeIgniter.php(349): CodeIgniter\CodeIgniter->handleRequest()
 6 FCPATH/index.php(57): CodeIgniter\CodeIgniter->run()
CRITICAL - 2024-11-10 18:54:06 --> Undefined property: stdClass::$bill_num
in APPPATH/Helpers/global_helper.php on line 505.
 1 APPPATH/Helpers/global_helper.php(505): CodeIgniter\Debug\Exceptions->errorHandler()
 2 APPPATH/Controllers/Malipo.php(399): doProcessGlobalTransaction()
 3 SYSTEMPATH/CodeIgniter.php(896): App\Controllers\Malipo->nmbrecon()
 4 SYSTEMPATH/CodeIgniter.php(466): CodeIgniter\CodeIgniter->runController()
 5 SYSTEMPATH/CodeIgniter.php(349): CodeIgniter\CodeIgniter->handleRequest()
 6 FCPATH/index.php(57): CodeIgniter\CodeIgniter->run()
CRITICAL - 2024-11-10 18:56:05 --> Undefined property: stdClass::$bill_num
in APPPATH/Helpers/global_helper.php on line 505.
 1 APPPATH/Helpers/global_helper.php(505): CodeIgniter\Debug\Exceptions->errorHandler()
 2 APPPATH/Controllers/Malipo.php(399): doProcessGlobalTransaction()
 3 SYSTEMPATH/CodeIgniter.php(896): App\Controllers\Malipo->nmbrecon()
 4 SYSTEMPATH/CodeIgniter.php(466): CodeIgniter\CodeIgniter->runController()
 5 SYSTEMPATH/CodeIgniter.php(349): CodeIgniter\CodeIgniter->handleRequest()
 6 FCPATH/index.php(57): CodeIgniter\CodeIgniter->run()
CRITICAL - 2024-11-10 18:58:06 --> Undefined property: stdClass::$bill_num
in APPPATH/Helpers/global_helper.php on line 505.
 1 APPPATH/Helpers/global_helper.php(505): CodeIgniter\Debug\Exceptions->errorHandler()
 2 APPPATH/Controllers/Malipo.php(399): doProcessGlobalTransaction()
 3 SYSTEMPATH/CodeIgniter.php(896): App\Controllers\Malipo->nmbrecon()
 4 SYSTEMPATH/CodeIgniter.php(466): CodeIgniter\CodeIgniter->runController()
 5 SYSTEMPATH/CodeIgniter.php(349): CodeIgniter\CodeIgniter->handleRequest()
 6 FCPATH/index.php(57): CodeIgniter\CodeIgniter->run()
CRITICAL - 2024-11-10 19:00:05 --> Undefined property: stdClass::$bill_num
in APPPATH/Helpers/global_helper.php on line 505.
 1 APPPATH/Helpers/global_helper.php(505): CodeIgniter\Debug\Exceptions->errorHandler()
 2 APPPATH/Controllers/Malipo.php(399): doProcessGlobalTransaction()
 3 SYSTEMPATH/CodeIgniter.php(896): App\Controllers\Malipo->nmbrecon()
 4 SYSTEMPATH/CodeIgniter.php(466): CodeIgniter\CodeIgniter->runController()
 5 SYSTEMPATH/CodeIgniter.php(349): CodeIgniter\CodeIgniter->handleRequest()
 6 FCPATH/index.php(57): CodeIgniter\CodeIgniter->run()
CRITICAL - 2024-11-10 19:02:04 --> Undefined property: stdClass::$bill_num
in APPPATH/Helpers/global_helper.php on line 505.
 1 APPPATH/Helpers/global_helper.php(505): CodeIgniter\Debug\Exceptions->errorHandler()
 2 APPPATH/Controllers/Malipo.php(399): doProcessGlobalTransaction()
 3 SYSTEMPATH/CodeIgniter.php(896): App\Controllers\Malipo->nmbrecon()
 4 SYSTEMPATH/CodeIgniter.php(466): CodeIgniter\CodeIgniter->runController()
 5 SYSTEMPATH/CodeIgniter.php(349): CodeIgniter\CodeIgniter->handleRequest()
 6 FCPATH/index.php(57): CodeIgniter\CodeIgniter->run()
CRITICAL - 2024-11-10 19:04:05 --> Undefined property: stdClass::$bill_num
in APPPATH/Helpers/global_helper.php on line 505.
 1 APPPATH/Helpers/global_helper.php(505): CodeIgniter\Debug\Exceptions->errorHandler()
 2 APPPATH/Controllers/Malipo.php(399): doProcessGlobalTransaction()
 3 SYSTEMPATH/CodeIgniter.php(896): App\Controllers\Malipo->nmbrecon()
 4 SYSTEMPATH/CodeIgniter.php(466): CodeIgniter\CodeIgniter->runController()
 5 SYSTEMPATH/CodeIgniter.php(349): CodeIgniter\CodeIgniter->handleRequest()
 6 FCPATH/index.php(57): CodeIgniter\CodeIgniter->run()
CRITICAL - 2024-11-10 19:06:05 --> Undefined property: stdClass::$bill_num
in APPPATH/Helpers/global_helper.php on line 505.
 1 APPPATH/Helpers/global_helper.php(505): CodeIgniter\Debug\Exceptions->errorHandler()
 2 APPPATH/Controllers/Malipo.php(399): doProcessGlobalTransaction()
 3 SYSTEMPATH/CodeIgniter.php(896): App\Controllers\Malipo->nmbrecon()
 4 SYSTEMPATH/CodeIgniter.php(466): CodeIgniter\CodeIgniter->runController()
 5 SYSTEMPATH/CodeIgniter.php(349): CodeIgniter\CodeIgniter->handleRequest()
 6 FCPATH/index.php(57): CodeIgniter\CodeIgniter->run()
CRITICAL - 2024-11-10 19:08:06 --> Undefined property: stdClass::$bill_num
in APPPATH/Helpers/global_helper.php on line 505.
 1 APPPATH/Helpers/global_helper.php(505): CodeIgniter\Debug\Exceptions->errorHandler()
 2 APPPATH/Controllers/Malipo.php(399): doProcessGlobalTransaction()
 3 SYSTEMPATH/CodeIgniter.php(896): App\Controllers\Malipo->nmbrecon()
 4 SYSTEMPATH/CodeIgniter.php(466): CodeIgniter\CodeIgniter->runController()
 5 SYSTEMPATH/CodeIgniter.php(349): CodeIgniter\CodeIgniter->handleRequest()
 6 FCPATH/index.php(57): CodeIgniter\CodeIgniter->run()
CRITICAL - 2024-11-10 19:10:05 --> Undefined property: stdClass::$bill_num
in APPPATH/Helpers/global_helper.php on line 505.
 1 APPPATH/Helpers/global_helper.php(505): CodeIgniter\Debug\Exceptions->errorHandler()
 2 APPPATH/Controllers/Malipo.php(399): doProcessGlobalTransaction()
 3 SYSTEMPATH/CodeIgniter.php(896): App\Controllers\Malipo->nmbrecon()
 4 SYSTEMPATH/CodeIgniter.php(466): CodeIgniter\CodeIgniter->runController()
 5 SYSTEMPATH/CodeIgniter.php(349): CodeIgniter\CodeIgniter->handleRequest()
 6 FCPATH/index.php(57): CodeIgniter\CodeIgniter->run()
CRITICAL - 2024-11-10 19:12:05 --> Undefined property: stdClass::$bill_num
in APPPATH/Helpers/global_helper.php on line 505.
 1 APPPATH/Helpers/global_helper.php(505): CodeIgniter\Debug\Exceptions->errorHandler()
 2 APPPATH/Controllers/Malipo.php(399): doProcessGlobalTransaction()
 3 SYSTEMPATH/CodeIgniter.php(896): App\Controllers\Malipo->nmbrecon()
 4 SYSTEMPATH/CodeIgniter.php(466): CodeIgniter\CodeIgniter->runController()
 5 SYSTEMPATH/CodeIgniter.php(349): CodeIgniter\CodeIgniter->handleRequest()
 6 FCPATH/index.php(57): CodeIgniter\CodeIgniter->run()
CRITICAL - 2024-11-10 19:14:04 --> Undefined property: stdClass::$bill_num
in APPPATH/Helpers/global_helper.php on line 505.
 1 APPPATH/Helpers/global_helper.php(505): CodeIgniter\Debug\Exceptions->errorHandler()
 2 APPPATH/Controllers/Malipo.php(399): doProcessGlobalTransaction()
 3 SYSTEMPATH/CodeIgniter.php(896): App\Controllers\Malipo->nmbrecon()
 4 SYSTEMPATH/CodeIgniter.php(466): CodeIgniter\CodeIgniter->runController()
 5 SYSTEMPATH/CodeIgniter.php(349): CodeIgniter\CodeIgniter->handleRequest()
 6 FCPATH/index.php(57): CodeIgniter\CodeIgniter->run()
CRITICAL - 2024-11-10 19:16:05 --> Undefined property: stdClass::$bill_num
in APPPATH/Helpers/global_helper.php on line 505.
 1 APPPATH/Helpers/global_helper.php(505): CodeIgniter\Debug\Exceptions->errorHandler()
 2 APPPATH/Controllers/Malipo.php(399): doProcessGlobalTransaction()
 3 SYSTEMPATH/CodeIgniter.php(896): App\Controllers\Malipo->nmbrecon()
 4 SYSTEMPATH/CodeIgniter.php(466): CodeIgniter\CodeIgniter->runController()
 5 SYSTEMPATH/CodeIgniter.php(349): CodeIgniter\CodeIgniter->handleRequest()
 6 FCPATH/index.php(57): CodeIgniter\CodeIgniter->run()
CRITICAL - 2024-11-10 19:18:05 --> Undefined property: stdClass::$bill_num
in APPPATH/Helpers/global_helper.php on line 505.
 1 APPPATH/Helpers/global_helper.php(505): CodeIgniter\Debug\Exceptions->errorHandler()
 2 APPPATH/Controllers/Malipo.php(399): doProcessGlobalTransaction()
 3 SYSTEMPATH/CodeIgniter.php(896): App\Controllers\Malipo->nmbrecon()
 4 SYSTEMPATH/CodeIgniter.php(466): CodeIgniter\CodeIgniter->runController()
 5 SYSTEMPATH/CodeIgniter.php(349): CodeIgniter\CodeIgniter->handleRequest()
 6 FCPATH/index.php(57): CodeIgniter\CodeIgniter->run()
CRITICAL - 2024-11-10 19:20:05 --> Undefined property: stdClass::$bill_num
in APPPATH/Helpers/global_helper.php on line 505.
 1 APPPATH/Helpers/global_helper.php(505): CodeIgniter\Debug\Exceptions->errorHandler()
 2 APPPATH/Controllers/Malipo.php(399): doProcessGlobalTransaction()
 3 SYSTEMPATH/CodeIgniter.php(896): App\Controllers\Malipo->nmbrecon()
 4 SYSTEMPATH/CodeIgniter.php(466): CodeIgniter\CodeIgniter->runController()
 5 SYSTEMPATH/CodeIgniter.php(349): CodeIgniter\CodeIgniter->handleRequest()
 6 FCPATH/index.php(57): CodeIgniter\CodeIgniter->run()
CRITICAL - 2024-11-10 19:22:05 --> Undefined property: stdClass::$bill_num
in APPPATH/Helpers/global_helper.php on line 505.
 1 APPPATH/Helpers/global_helper.php(505): CodeIgniter\Debug\Exceptions->errorHandler()
 2 APPPATH/Controllers/Malipo.php(399): doProcessGlobalTransaction()
 3 SYSTEMPATH/CodeIgniter.php(896): App\Controllers\Malipo->nmbrecon()
 4 SYSTEMPATH/CodeIgniter.php(466): CodeIgniter\CodeIgniter->runController()
 5 SYSTEMPATH/CodeIgniter.php(349): CodeIgniter\CodeIgniter->handleRequest()
 6 FCPATH/index.php(57): CodeIgniter\CodeIgniter->run()
CRITICAL - 2024-11-10 19:24:05 --> Undefined property: stdClass::$bill_num
in APPPATH/Helpers/global_helper.php on line 505.
 1 APPPATH/Helpers/global_helper.php(505): CodeIgniter\Debug\Exceptions->errorHandler()
 2 APPPATH/Controllers/Malipo.php(399): doProcessGlobalTransaction()
 3 SYSTEMPATH/CodeIgniter.php(896): App\Controllers\Malipo->nmbrecon()
 4 SYSTEMPATH/CodeIgniter.php(466): CodeIgniter\CodeIgniter->runController()
 5 SYSTEMPATH/CodeIgniter.php(349): CodeIgniter\CodeIgniter->handleRequest()
 6 FCPATH/index.php(57): CodeIgniter\CodeIgniter->run()
CRITICAL - 2024-11-10 19:26:05 --> Undefined property: stdClass::$bill_num
in APPPATH/Helpers/global_helper.php on line 505.
 1 APPPATH/Helpers/global_helper.php(505): CodeIgniter\Debug\Exceptions->errorHandler()
 2 APPPATH/Controllers/Malipo.php(399): doProcessGlobalTransaction()
 3 SYSTEMPATH/CodeIgniter.php(896): App\Controllers\Malipo->nmbrecon()
 4 SYSTEMPATH/CodeIgniter.php(466): CodeIgniter\CodeIgniter->runController()
 5 SYSTEMPATH/CodeIgniter.php(349): CodeIgniter\CodeIgniter->handleRequest()
 6 FCPATH/index.php(57): CodeIgniter\CodeIgniter->run()
CRITICAL - 2024-11-10 19:28:04 --> Undefined property: stdClass::$bill_num
in APPPATH/Helpers/global_helper.php on line 505.
 1 APPPATH/Helpers/global_helper.php(505): CodeIgniter\Debug\Exceptions->errorHandler()
 2 APPPATH/Controllers/Malipo.php(399): doProcessGlobalTransaction()
 3 SYSTEMPATH/CodeIgniter.php(896): App\Controllers\Malipo->nmbrecon()
 4 SYSTEMPATH/CodeIgniter.php(466): CodeIgniter\CodeIgniter->runController()
 5 SYSTEMPATH/CodeIgniter.php(349): CodeIgniter\CodeIgniter->handleRequest()
 6 FCPATH/index.php(57): CodeIgniter\CodeIgniter->run()
CRITICAL - 2024-11-10 19:28:44 --> Undefined property: stdClass::$reference
in APPPATH/Helpers/global_helper.php on line 914.
 1 APPPATH/Helpers/global_helper.php(914): CodeIgniter\Debug\Exceptions->errorHandler()
 2 APPPATH/Controllers/Malipo.php(476): nmbGenSubmitJson()
 3 SYSTEMPATH/CodeIgniter.php(896): App\Controllers\Malipo->nmbbillrequest()
 4 SYSTEMPATH/CodeIgniter.php(466): CodeIgniter\CodeIgniter->runController()
 5 SYSTEMPATH/CodeIgniter.php(349): CodeIgniter\CodeIgniter->handleRequest()
 6 FCPATH/index.php(57): CodeIgniter\CodeIgniter->run()
CRITICAL - 2024-11-10 19:28:59 --> Undefined property: stdClass::$reference
in APPPATH/Helpers/global_helper.php on line 914.
 1 APPPATH/Helpers/global_helper.php(914): CodeIgniter\Debug\Exceptions->errorHandler()
 2 APPPATH/Controllers/Malipo.php(476): nmbGenSubmitJson()
 3 SYSTEMPATH/CodeIgniter.php(896): App\Controllers\Malipo->nmbbillrequest()
 4 SYSTEMPATH/CodeIgniter.php(466): CodeIgniter\CodeIgniter->runController()
 5 SYSTEMPATH/CodeIgniter.php(349): CodeIgniter\CodeIgniter->handleRequest()
 6 FCPATH/index.php(57): CodeIgniter\CodeIgniter->run()
CRITICAL - 2024-11-10 19:29:23 --> Undefined property: stdClass::$reference
in APPPATH/Helpers/global_helper.php on line 914.
 1 APPPATH/Helpers/global_helper.php(914): CodeIgniter\Debug\Exceptions->errorHandler()
 2 APPPATH/Controllers/Malipo.php(476): nmbGenSubmitJson()
 3 SYSTEMPATH/CodeIgniter.php(896): App\Controllers\Malipo->nmbbillrequest()
 4 SYSTEMPATH/CodeIgniter.php(466): CodeIgniter\CodeIgniter->runController()
 5 SYSTEMPATH/CodeIgniter.php(349): CodeIgniter\CodeIgniter->handleRequest()
 6 FCPATH/index.php(57): CodeIgniter\CodeIgniter->run()
CRITICAL - 2024-11-10 19:30:04 --> Undefined property: stdClass::$bill_num
in APPPATH/Helpers/global_helper.php on line 505.
 1 APPPATH/Helpers/global_helper.php(505): CodeIgniter\Debug\Exceptions->errorHandler()
 2 APPPATH/Controllers/Malipo.php(399): doProcessGlobalTransaction()
 3 SYSTEMPATH/CodeIgniter.php(896): App\Controllers\Malipo->nmbrecon()
 4 SYSTEMPATH/CodeIgniter.php(466): CodeIgniter\CodeIgniter->runController()
 5 SYSTEMPATH/CodeIgniter.php(349): CodeIgniter\CodeIgniter->handleRequest()
 6 FCPATH/index.php(57): CodeIgniter\CodeIgniter->run()
CRITICAL - 2024-11-10 19:32:05 --> Undefined property: stdClass::$bill_num
in APPPATH/Helpers/global_helper.php on line 505.
 1 APPPATH/Helpers/global_helper.php(505): CodeIgniter\Debug\Exceptions->errorHandler()
 2 APPPATH/Controllers/Malipo.php(399): doProcessGlobalTransaction()
 3 SYSTEMPATH/CodeIgniter.php(896): App\Controllers\Malipo->nmbrecon()
 4 SYSTEMPATH/CodeIgniter.php(466): CodeIgniter\CodeIgniter->runController()
 5 SYSTEMPATH/CodeIgniter.php(349): CodeIgniter\CodeIgniter->handleRequest()
 6 FCPATH/index.php(57): CodeIgniter\CodeIgniter->run()
CRITICAL - 2024-11-10 19:34:06 --> Undefined property: stdClass::$bill_num
in APPPATH/Helpers/global_helper.php on line 505.
 1 APPPATH/Helpers/global_helper.php(505): CodeIgniter\Debug\Exceptions->errorHandler()
 2 APPPATH/Controllers/Malipo.php(399): doProcessGlobalTransaction()
 3 SYSTEMPATH/CodeIgniter.php(896): App\Controllers\Malipo->nmbrecon()
 4 SYSTEMPATH/CodeIgniter.php(466): CodeIgniter\CodeIgniter->runController()
 5 SYSTEMPATH/CodeIgniter.php(349): CodeIgniter\CodeIgniter->handleRequest()
 6 FCPATH/index.php(57): CodeIgniter\CodeIgniter->run()
CRITICAL - 2024-11-10 19:36:06 --> Undefined property: stdClass::$bill_num
in APPPATH/Helpers/global_helper.php on line 505.
 1 APPPATH/Helpers/global_helper.php(505): CodeIgniter\Debug\Exceptions->errorHandler()
 2 APPPATH/Controllers/Malipo.php(399): doProcessGlobalTransaction()
 3 SYSTEMPATH/CodeIgniter.php(896): App\Controllers\Malipo->nmbrecon()
 4 SYSTEMPATH/CodeIgniter.php(466): CodeIgniter\CodeIgniter->runController()
 5 SYSTEMPATH/CodeIgniter.php(349): CodeIgniter\CodeIgniter->handleRequest()
 6 FCPATH/index.php(57): CodeIgniter\CodeIgniter->run()
CRITICAL - 2024-11-10 19:38:06 --> Undefined property: stdClass::$bill_num
in APPPATH/Helpers/global_helper.php on line 505.
 1 APPPATH/Helpers/global_helper.php(505): CodeIgniter\Debug\Exceptions->errorHandler()
 2 APPPATH/Controllers/Malipo.php(399): doProcessGlobalTransaction()
 3 SYSTEMPATH/CodeIgniter.php(896): App\Controllers\Malipo->nmbrecon()
 4 SYSTEMPATH/CodeIgniter.php(466): CodeIgniter\CodeIgniter->runController()
 5 SYSTEMPATH/CodeIgniter.php(349): CodeIgniter\CodeIgniter->handleRequest()
 6 FCPATH/index.php(57): CodeIgniter\CodeIgniter->run()
CRITICAL - 2024-11-10 19:40:04 --> Undefined property: stdClass::$bill_num
in APPPATH/Helpers/global_helper.php on line 505.
 1 APPPATH/Helpers/global_helper.php(505): CodeIgniter\Debug\Exceptions->errorHandler()
 2 APPPATH/Controllers/Malipo.php(399): doProcessGlobalTransaction()
 3 SYSTEMPATH/CodeIgniter.php(896): App\Controllers\Malipo->nmbrecon()
 4 SYSTEMPATH/CodeIgniter.php(466): CodeIgniter\CodeIgniter->runController()
 5 SYSTEMPATH/CodeIgniter.php(349): CodeIgniter\CodeIgniter->handleRequest()
 6 FCPATH/index.php(57): CodeIgniter\CodeIgniter->run()
CRITICAL - 2024-11-10 19:42:05 --> Undefined property: stdClass::$bill_num
in APPPATH/Helpers/global_helper.php on line 505.
 1 APPPATH/Helpers/global_helper.php(505): CodeIgniter\Debug\Exceptions->errorHandler()
 2 APPPATH/Controllers/Malipo.php(399): doProcessGlobalTransaction()
 3 SYSTEMPATH/CodeIgniter.php(896): App\Controllers\Malipo->nmbrecon()
 4 SYSTEMPATH/CodeIgniter.php(466): CodeIgniter\CodeIgniter->runController()
 5 SYSTEMPATH/CodeIgniter.php(349): CodeIgniter\CodeIgniter->handleRequest()
 6 FCPATH/index.php(57): CodeIgniter\CodeIgniter->run()
CRITICAL - 2024-11-10 19:44:05 --> Undefined property: stdClass::$bill_num
in APPPATH/Helpers/global_helper.php on line 505.
 1 APPPATH/Helpers/global_helper.php(505): CodeIgniter\Debug\Exceptions->errorHandler()
 2 APPPATH/Controllers/Malipo.php(399): doProcessGlobalTransaction()
 3 SYSTEMPATH/CodeIgniter.php(896): App\Controllers\Malipo->nmbrecon()
 4 SYSTEMPATH/CodeIgniter.php(466): CodeIgniter\CodeIgniter->runController()
 5 SYSTEMPATH/CodeIgniter.php(349): CodeIgniter\CodeIgniter->handleRequest()
 6 FCPATH/index.php(57): CodeIgniter\CodeIgniter->run()
ERROR - 2024-11-10 19:45:32 --> Got error 4009 'Cluster Failure' from NDBCLUSTER
ERROR - 2024-11-10 19:45:32 --> Got error 4009 'Cluster Failure' from NDBCLUSTER
CRITICAL - 2024-11-10 19:45:32 --> Got error 4009 'Cluster Failure' from NDBCLUSTER
in SYSTEMPATH/Database/MySQLi/Connection.php on line 292.
 1 SYSTEMPATH/Database/MySQLi/Connection.php(292): mysqli->query()
 2 SYSTEMPATH/Database/BaseConnection.php(695): CodeIgniter\Database\MySQLi\Connection->execute()
 3 SYSTEMPATH/Database/BaseConnection.php(609): CodeIgniter\Database\BaseConnection->simpleQuery()
 4 APPPATH/Models/Engine.php(554): CodeIgniter\Database\BaseConnection->query()
 5 APPPATH/Controllers/BaseController.php(77): App\Models\Engine->getLanguages()
 6 SYSTEMPATH/CodeIgniter.php(859): App\Controllers\BaseController->initController()
 7 SYSTEMPATH/CodeIgniter.php(457): CodeIgniter\CodeIgniter->createController()
 8 SYSTEMPATH/CodeIgniter.php(349): CodeIgniter\CodeIgniter->handleRequest()
 9 FCPATH/index.php(57): CodeIgniter\CodeIgniter->run()
CRITICAL - 2024-11-10 19:45:32 --> Got error 4009 'Cluster Failure' from NDBCLUSTER
in SYSTEMPATH/Database/MySQLi/Connection.php on line 292.
 1 SYSTEMPATH/Database/MySQLi/Connection.php(292): mysqli->query()
 2 SYSTEMPATH/Database/BaseConnection.php(695): CodeIgniter\Database\MySQLi\Connection->execute()
 3 SYSTEMPATH/Database/BaseConnection.php(609): CodeIgniter\Database\BaseConnection->simpleQuery()
 4 APPPATH/Models/Engine.php(554): CodeIgniter\Database\BaseConnection->query()
 5 APPPATH/Controllers/BaseController.php(77): App\Models\Engine->getLanguages()
 6 SYSTEMPATH/CodeIgniter.php(859): App\Controllers\BaseController->initController()
 7 SYSTEMPATH/CodeIgniter.php(457): CodeIgniter\CodeIgniter->createController()
 8 SYSTEMPATH/CodeIgniter.php(349): CodeIgniter\CodeIgniter->handleRequest()
 9 FCPATH/index.php(57): CodeIgniter\CodeIgniter->run()
ERROR - 2024-11-10 19:45:46 --> Got error 4009 'Cluster Failure' from NDBCLUSTER
CRITICAL - 2024-11-10 19:45:46 --> Got error 4009 'Cluster Failure' from NDBCLUSTER
in SYSTEMPATH/Database/MySQLi/Connection.php on line 292.
 1 SYSTEMPATH/Database/MySQLi/Connection.php(292): mysqli->query()
 2 SYSTEMPATH/Database/BaseConnection.php(695): CodeIgniter\Database\MySQLi\Connection->execute()
 3 SYSTEMPATH/Database/BaseConnection.php(609): CodeIgniter\Database\BaseConnection->simpleQuery()
 4 APPPATH/Models/Engine.php(554): CodeIgniter\Database\BaseConnection->query()
 5 APPPATH/Controllers/BaseController.php(77): App\Models\Engine->getLanguages()
 6 SYSTEMPATH/CodeIgniter.php(859): App\Controllers\BaseController->initController()
 7 SYSTEMPATH/CodeIgniter.php(457): CodeIgniter\CodeIgniter->createController()
 8 SYSTEMPATH/CodeIgniter.php(349): CodeIgniter\CodeIgniter->handleRequest()
 9 FCPATH/index.php(57): CodeIgniter\CodeIgniter->run()
CRITICAL - 2024-11-10 19:46:05 --> Undefined property: stdClass::$bill_num
in APPPATH/Helpers/global_helper.php on line 505.
 1 APPPATH/Helpers/global_helper.php(505): CodeIgniter\Debug\Exceptions->errorHandler()
 2 APPPATH/Controllers/Malipo.php(399): doProcessGlobalTransaction()
 3 SYSTEMPATH/CodeIgniter.php(896): App\Controllers\Malipo->nmbrecon()
 4 SYSTEMPATH/CodeIgniter.php(466): CodeIgniter\CodeIgniter->runController()
 5 SYSTEMPATH/CodeIgniter.php(349): CodeIgniter\CodeIgniter->handleRequest()
 6 FCPATH/index.php(57): CodeIgniter\CodeIgniter->run()
CRITICAL - 2024-11-10 19:48:05 --> Undefined property: stdClass::$bill_num
in APPPATH/Helpers/global_helper.php on line 505.
 1 APPPATH/Helpers/global_helper.php(505): CodeIgniter\Debug\Exceptions->errorHandler()
 2 APPPATH/Controllers/Malipo.php(399): doProcessGlobalTransaction()
 3 SYSTEMPATH/CodeIgniter.php(896): App\Controllers\Malipo->nmbrecon()
 4 SYSTEMPATH/CodeIgniter.php(466): CodeIgniter\CodeIgniter->runController()
 5 SYSTEMPATH/CodeIgniter.php(349): CodeIgniter\CodeIgniter->handleRequest()
 6 FCPATH/index.php(57): CodeIgniter\CodeIgniter->run()
CRITICAL - 2024-11-10 19:50:06 --> Undefined property: stdClass::$bill_num
in APPPATH/Helpers/global_helper.php on line 505.
 1 APPPATH/Helpers/global_helper.php(505): CodeIgniter\Debug\Exceptions->errorHandler()
 2 APPPATH/Controllers/Malipo.php(399): doProcessGlobalTransaction()
 3 SYSTEMPATH/CodeIgniter.php(896): App\Controllers\Malipo->nmbrecon()
 4 SYSTEMPATH/CodeIgniter.php(466): CodeIgniter\CodeIgniter->runController()
 5 SYSTEMPATH/CodeIgniter.php(349): CodeIgniter\CodeIgniter->handleRequest()
 6 FCPATH/index.php(57): CodeIgniter\CodeIgniter->run()
CRITICAL - 2024-11-10 19:52:04 --> Undefined property: stdClass::$bill_num
in APPPATH/Helpers/global_helper.php on line 505.
 1 APPPATH/Helpers/global_helper.php(505): CodeIgniter\Debug\Exceptions->errorHandler()
 2 APPPATH/Controllers/Malipo.php(399): doProcessGlobalTransaction()
 3 SYSTEMPATH/CodeIgniter.php(896): App\Controllers\Malipo->nmbrecon()
 4 SYSTEMPATH/CodeIgniter.php(466): CodeIgniter\CodeIgniter->runController()
 5 SYSTEMPATH/CodeIgniter.php(349): CodeIgniter\CodeIgniter->handleRequest()
 6 FCPATH/index.php(57): CodeIgniter\CodeIgniter->run()
CRITICAL - 2024-11-10 19:54:05 --> Undefined property: stdClass::$bill_num
in APPPATH/Helpers/global_helper.php on line 505.
 1 APPPATH/Helpers/global_helper.php(505): CodeIgniter\Debug\Exceptions->errorHandler()
 2 APPPATH/Controllers/Malipo.php(399): doProcessGlobalTransaction()
 3 SYSTEMPATH/CodeIgniter.php(896): App\Controllers\Malipo->nmbrecon()
 4 SYSTEMPATH/CodeIgniter.php(466): CodeIgniter\CodeIgniter->runController()
 5 SYSTEMPATH/CodeIgniter.php(349): CodeIgniter\CodeIgniter->handleRequest()
 6 FCPATH/index.php(57): CodeIgniter\CodeIgniter->run()
CRITICAL - 2024-11-10 19:56:06 --> Undefined property: stdClass::$bill_num
in APPPATH/Helpers/global_helper.php on line 505.
 1 APPPATH/Helpers/global_helper.php(505): CodeIgniter\Debug\Exceptions->errorHandler()
 2 APPPATH/Controllers/Malipo.php(399): doProcessGlobalTransaction()
 3 SYSTEMPATH/CodeIgniter.php(896): App\Controllers\Malipo->nmbrecon()
 4 SYSTEMPATH/CodeIgniter.php(466): CodeIgniter\CodeIgniter->runController()
 5 SYSTEMPATH/CodeIgniter.php(349): CodeIgniter\CodeIgniter->handleRequest()
 6 FCPATH/index.php(57): CodeIgniter\CodeIgniter->run()
CRITICAL - 2024-11-10 19:58:05 --> Undefined property: stdClass::$bill_num
in APPPATH/Helpers/global_helper.php on line 505.
 1 APPPATH/Helpers/global_helper.php(505): CodeIgniter\Debug\Exceptions->errorHandler()
 2 APPPATH/Controllers/Malipo.php(399): doProcessGlobalTransaction()
 3 SYSTEMPATH/CodeIgniter.php(896): App\Controllers\Malipo->nmbrecon()
 4 SYSTEMPATH/CodeIgniter.php(466): CodeIgniter\CodeIgniter->runController()
 5 SYSTEMPATH/CodeIgniter.php(349): CodeIgniter\CodeIgniter->handleRequest()
 6 FCPATH/index.php(57): CodeIgniter\CodeIgniter->run()
CRITICAL - 2024-11-10 20:00:05 --> Undefined property: stdClass::$bill_num
in APPPATH/Helpers/global_helper.php on line 505.
 1 APPPATH/Helpers/global_helper.php(505): CodeIgniter\Debug\Exceptions->errorHandler()
 2 APPPATH/Controllers/Malipo.php(399): doProcessGlobalTransaction()
 3 SYSTEMPATH/CodeIgniter.php(896): App\Controllers\Malipo->nmbrecon()
 4 SYSTEMPATH/CodeIgniter.php(466): CodeIgniter\CodeIgniter->runController()
 5 SYSTEMPATH/CodeIgniter.php(349): CodeIgniter\CodeIgniter->handleRequest()
 6 FCPATH/index.php(57): CodeIgniter\CodeIgniter->run()
CRITICAL - 2024-11-10 20:02:05 --> Undefined property: stdClass::$bill_num
in APPPATH/Helpers/global_helper.php on line 505.
 1 APPPATH/Helpers/global_helper.php(505): CodeIgniter\Debug\Exceptions->errorHandler()
 2 APPPATH/Controllers/Malipo.php(399): doProcessGlobalTransaction()
 3 SYSTEMPATH/CodeIgniter.php(896): App\Controllers\Malipo->nmbrecon()
 4 SYSTEMPATH/CodeIgniter.php(466): CodeIgniter\CodeIgniter->runController()
 5 SYSTEMPATH/CodeIgniter.php(349): CodeIgniter\CodeIgniter->handleRequest()
 6 FCPATH/index.php(57): CodeIgniter\CodeIgniter->run()
CRITICAL - 2024-11-10 20:04:05 --> Undefined property: stdClass::$bill_num
in APPPATH/Helpers/global_helper.php on line 505.
 1 APPPATH/Helpers/global_helper.php(505): CodeIgniter\Debug\Exceptions->errorHandler()
 2 APPPATH/Controllers/Malipo.php(399): doProcessGlobalTransaction()
 3 SYSTEMPATH/CodeIgniter.php(896): App\Controllers\Malipo->nmbrecon()
 4 SYSTEMPATH/CodeIgniter.php(466): CodeIgniter\CodeIgniter->runController()
 5 SYSTEMPATH/CodeIgniter.php(349): CodeIgniter\CodeIgniter->handleRequest()
 6 FCPATH/index.php(57): CodeIgniter\CodeIgniter->run()
CRITICAL - 2024-11-10 20:06:04 --> Undefined property: stdClass::$bill_num
in APPPATH/Helpers/global_helper.php on line 505.
 1 APPPATH/Helpers/global_helper.php(505): CodeIgniter\Debug\Exceptions->errorHandler()
 2 APPPATH/Controllers/Malipo.php(399): doProcessGlobalTransaction()
 3 SYSTEMPATH/CodeIgniter.php(896): App\Controllers\Malipo->nmbrecon()
 4 SYSTEMPATH/CodeIgniter.php(466): CodeIgniter\CodeIgniter->runController()
 5 SYSTEMPATH/CodeIgniter.php(349): CodeIgniter\CodeIgniter->handleRequest()
 6 FCPATH/index.php(57): CodeIgniter\CodeIgniter->run()
CRITICAL - 2024-11-10 20:08:05 --> Undefined property: stdClass::$bill_num
in APPPATH/Helpers/global_helper.php on line 505.
 1 APPPATH/Helpers/global_helper.php(505): CodeIgniter\Debug\Exceptions->errorHandler()
 2 APPPATH/Controllers/Malipo.php(399): doProcessGlobalTransaction()
 3 SYSTEMPATH/CodeIgniter.php(896): App\Controllers\Malipo->nmbrecon()
 4 SYSTEMPATH/CodeIgniter.php(466): CodeIgniter\CodeIgniter->runController()
 5 SYSTEMPATH/CodeIgniter.php(349): CodeIgniter\CodeIgniter->handleRequest()
 6 FCPATH/index.php(57): CodeIgniter\CodeIgniter->run()
CRITICAL - 2024-11-10 20:10:05 --> Undefined property: stdClass::$bill_num
in APPPATH/Helpers/global_helper.php on line 505.
 1 APPPATH/Helpers/global_helper.php(505): CodeIgniter\Debug\Exceptions->errorHandler()
 2 APPPATH/Controllers/Malipo.php(399): doProcessGlobalTransaction()
 3 SYSTEMPATH/CodeIgniter.php(896): App\Controllers\Malipo->nmbrecon()
 4 SYSTEMPATH/CodeIgniter.php(466): CodeIgniter\CodeIgniter->runController()
 5 SYSTEMPATH/CodeIgniter.php(349): CodeIgniter\CodeIgniter->handleRequest()
 6 FCPATH/index.php(57): CodeIgniter\CodeIgniter->run()
CRITICAL - 2024-11-10 20:12:05 --> Undefined property: stdClass::$bill_num
in APPPATH/Helpers/global_helper.php on line 505.
 1 APPPATH/Helpers/global_helper.php(505): CodeIgniter\Debug\Exceptions->errorHandler()
 2 APPPATH/Controllers/Malipo.php(399): doProcessGlobalTransaction()
 3 SYSTEMPATH/CodeIgniter.php(896): App\Controllers\Malipo->nmbrecon()
 4 SYSTEMPATH/CodeIgniter.php(466): CodeIgniter\CodeIgniter->runController()
 5 SYSTEMPATH/CodeIgniter.php(349): CodeIgniter\CodeIgniter->handleRequest()
 6 FCPATH/index.php(57): CodeIgniter\CodeIgniter->run()
CRITICAL - 2024-11-10 20:14:05 --> Undefined property: stdClass::$bill_num
in APPPATH/Helpers/global_helper.php on line 505.
 1 APPPATH/Helpers/global_helper.php(505): CodeIgniter\Debug\Exceptions->errorHandler()
 2 APPPATH/Controllers/Malipo.php(399): doProcessGlobalTransaction()
 3 SYSTEMPATH/CodeIgniter.php(896): App\Controllers\Malipo->nmbrecon()
 4 SYSTEMPATH/CodeIgniter.php(466): CodeIgniter\CodeIgniter->runController()
 5 SYSTEMPATH/CodeIgniter.php(349): CodeIgniter\CodeIgniter->handleRequest()
 6 FCPATH/index.php(57): CodeIgniter\CodeIgniter->run()
CRITICAL - 2024-11-10 20:16:06 --> Undefined property: stdClass::$bill_num
in APPPATH/Helpers/global_helper.php on line 505.
 1 APPPATH/Helpers/global_helper.php(505): CodeIgniter\Debug\Exceptions->errorHandler()
 2 APPPATH/Controllers/Malipo.php(399): doProcessGlobalTransaction()
 3 SYSTEMPATH/CodeIgniter.php(896): App\Controllers\Malipo->nmbrecon()
 4 SYSTEMPATH/CodeIgniter.php(466): CodeIgniter\CodeIgniter->runController()
 5 SYSTEMPATH/CodeIgniter.php(349): CodeIgniter\CodeIgniter->handleRequest()
 6 FCPATH/index.php(57): CodeIgniter\CodeIgniter->run()
CRITICAL - 2024-11-10 20:18:05 --> Undefined property: stdClass::$bill_num
in APPPATH/Helpers/global_helper.php on line 505.
 1 APPPATH/Helpers/global_helper.php(505): CodeIgniter\Debug\Exceptions->errorHandler()
 2 APPPATH/Controllers/Malipo.php(399): doProcessGlobalTransaction()
 3 SYSTEMPATH/CodeIgniter.php(896): App\Controllers\Malipo->nmbrecon()
 4 SYSTEMPATH/CodeIgniter.php(466): CodeIgniter\CodeIgniter->runController()
 5 SYSTEMPATH/CodeIgniter.php(349): CodeIgniter\CodeIgniter->handleRequest()
 6 FCPATH/index.php(57): CodeIgniter\CodeIgniter->run()
CRITICAL - 2024-11-10 20:20:05 --> Undefined property: stdClass::$bill_num
in APPPATH/Helpers/global_helper.php on line 505.
 1 APPPATH/Helpers/global_helper.php(505): CodeIgniter\Debug\Exceptions->errorHandler()
 2 APPPATH/Controllers/Malipo.php(399): doProcessGlobalTransaction()
 3 SYSTEMPATH/CodeIgniter.php(896): App\Controllers\Malipo->nmbrecon()
 4 SYSTEMPATH/CodeIgniter.php(466): CodeIgniter\CodeIgniter->runController()
 5 SYSTEMPATH/CodeIgniter.php(349): CodeIgniter\CodeIgniter->handleRequest()
 6 FCPATH/index.php(57): CodeIgniter\CodeIgniter->run()
CRITICAL - 2024-11-10 20:22:05 --> Undefined property: stdClass::$bill_num
in APPPATH/Helpers/global_helper.php on line 505.
 1 APPPATH/Helpers/global_helper.php(505): CodeIgniter\Debug\Exceptions->errorHandler()
 2 APPPATH/Controllers/Malipo.php(399): doProcessGlobalTransaction()
 3 SYSTEMPATH/CodeIgniter.php(896): App\Controllers\Malipo->nmbrecon()
 4 SYSTEMPATH/CodeIgniter.php(466): CodeIgniter\CodeIgniter->runController()
 5 SYSTEMPATH/CodeIgniter.php(349): CodeIgniter\CodeIgniter->handleRequest()
 6 FCPATH/index.php(57): CodeIgniter\CodeIgniter->run()
CRITICAL - 2024-11-10 20:24:05 --> Undefined property: stdClass::$bill_num
in APPPATH/Helpers/global_helper.php on line 505.
 1 APPPATH/Helpers/global_helper.php(505): CodeIgniter\Debug\Exceptions->errorHandler()
 2 APPPATH/Controllers/Malipo.php(399): doProcessGlobalTransaction()
 3 SYSTEMPATH/CodeIgniter.php(896): App\Controllers\Malipo->nmbrecon()
 4 SYSTEMPATH/CodeIgniter.php(466): CodeIgniter\CodeIgniter->runController()
 5 SYSTEMPATH/CodeIgniter.php(349): CodeIgniter\CodeIgniter->handleRequest()
 6 FCPATH/index.php(57): CodeIgniter\CodeIgniter->run()
CRITICAL - 2024-11-10 20:26:05 --> Undefined property: stdClass::$bill_num
in APPPATH/Helpers/global_helper.php on line 505.
 1 APPPATH/Helpers/global_helper.php(505): CodeIgniter\Debug\Exceptions->errorHandler()
 2 APPPATH/Controllers/Malipo.php(399): doProcessGlobalTransaction()
 3 SYSTEMPATH/CodeIgniter.php(896): App\Controllers\Malipo->nmbrecon()
 4 SYSTEMPATH/CodeIgniter.php(466): CodeIgniter\CodeIgniter->runController()
 5 SYSTEMPATH/CodeIgniter.php(349): CodeIgniter\CodeIgniter->handleRequest()
 6 FCPATH/index.php(57): CodeIgniter\CodeIgniter->run()
CRITICAL - 2024-11-10 20:28:05 --> Undefined property: stdClass::$bill_num
in APPPATH/Helpers/global_helper.php on line 505.
 1 APPPATH/Helpers/global_helper.php(505): CodeIgniter\Debug\Exceptions->errorHandler()
 2 APPPATH/Controllers/Malipo.php(399): doProcessGlobalTransaction()
 3 SYSTEMPATH/CodeIgniter.php(896): App\Controllers\Malipo->nmbrecon()
 4 SYSTEMPATH/CodeIgniter.php(466): CodeIgniter\CodeIgniter->runController()
 5 SYSTEMPATH/CodeIgniter.php(349): CodeIgniter\CodeIgniter->handleRequest()
 6 FCPATH/index.php(57): CodeIgniter\CodeIgniter->run()
CRITICAL - 2024-11-10 20:30:05 --> Undefined property: stdClass::$bill_num
in APPPATH/Helpers/global_helper.php on line 505.
 1 APPPATH/Helpers/global_helper.php(505): CodeIgniter\Debug\Exceptions->errorHandler()
 2 APPPATH/Controllers/Malipo.php(399): doProcessGlobalTransaction()
 3 SYSTEMPATH/CodeIgniter.php(896): App\Controllers\Malipo->nmbrecon()
 4 SYSTEMPATH/CodeIgniter.php(466): CodeIgniter\CodeIgniter->runController()
 5 SYSTEMPATH/CodeIgniter.php(349): CodeIgniter\CodeIgniter->handleRequest()
 6 FCPATH/index.php(57): CodeIgniter\CodeIgniter->run()
CRITICAL - 2024-11-10 20:32:06 --> Undefined property: stdClass::$bill_num
in APPPATH/Helpers/global_helper.php on line 505.
 1 APPPATH/Helpers/global_helper.php(505): CodeIgniter\Debug\Exceptions->errorHandler()
 2 APPPATH/Controllers/Malipo.php(399): doProcessGlobalTransaction()
 3 SYSTEMPATH/CodeIgniter.php(896): App\Controllers\Malipo->nmbrecon()
 4 SYSTEMPATH/CodeIgniter.php(466): CodeIgniter\CodeIgniter->runController()
 5 SYSTEMPATH/CodeIgniter.php(349): CodeIgniter\CodeIgniter->handleRequest()
 6 FCPATH/index.php(57): CodeIgniter\CodeIgniter->run()
CRITICAL - 2024-11-10 20:34:05 --> Undefined property: stdClass::$bill_num
in APPPATH/Helpers/global_helper.php on line 505.
 1 APPPATH/Helpers/global_helper.php(505): CodeIgniter\Debug\Exceptions->errorHandler()
 2 APPPATH/Controllers/Malipo.php(399): doProcessGlobalTransaction()
 3 SYSTEMPATH/CodeIgniter.php(896): App\Controllers\Malipo->nmbrecon()
 4 SYSTEMPATH/CodeIgniter.php(466): CodeIgniter\CodeIgniter->runController()
 5 SYSTEMPATH/CodeIgniter.php(349): CodeIgniter\CodeIgniter->handleRequest()
 6 FCPATH/index.php(57): CodeIgniter\CodeIgniter->run()
CRITICAL - 2024-11-10 20:36:05 --> Undefined property: stdClass::$bill_num
in APPPATH/Helpers/global_helper.php on line 505.
 1 APPPATH/Helpers/global_helper.php(505): CodeIgniter\Debug\Exceptions->errorHandler()
 2 APPPATH/Controllers/Malipo.php(399): doProcessGlobalTransaction()
 3 SYSTEMPATH/CodeIgniter.php(896): App\Controllers\Malipo->nmbrecon()
 4 SYSTEMPATH/CodeIgniter.php(466): CodeIgniter\CodeIgniter->runController()
 5 SYSTEMPATH/CodeIgniter.php(349): CodeIgniter\CodeIgniter->handleRequest()
 6 FCPATH/index.php(57): CodeIgniter\CodeIgniter->run()
CRITICAL - 2024-11-10 20:38:05 --> Undefined property: stdClass::$bill_num
in APPPATH/Helpers/global_helper.php on line 505.
 1 APPPATH/Helpers/global_helper.php(505): CodeIgniter\Debug\Exceptions->errorHandler()
 2 APPPATH/Controllers/Malipo.php(399): doProcessGlobalTransaction()
 3 SYSTEMPATH/CodeIgniter.php(896): App\Controllers\Malipo->nmbrecon()
 4 SYSTEMPATH/CodeIgniter.php(466): CodeIgniter\CodeIgniter->runController()
 5 SYSTEMPATH/CodeIgniter.php(349): CodeIgniter\CodeIgniter->handleRequest()
 6 FCPATH/index.php(57): CodeIgniter\CodeIgniter->run()
CRITICAL - 2024-11-10 20:40:05 --> Undefined property: stdClass::$bill_num
in APPPATH/Helpers/global_helper.php on line 505.
 1 APPPATH/Helpers/global_helper.php(505): CodeIgniter\Debug\Exceptions->errorHandler()
 2 APPPATH/Controllers/Malipo.php(399): doProcessGlobalTransaction()
 3 SYSTEMPATH/CodeIgniter.php(896): App\Controllers\Malipo->nmbrecon()
 4 SYSTEMPATH/CodeIgniter.php(466): CodeIgniter\CodeIgniter->runController()
 5 SYSTEMPATH/CodeIgniter.php(349): CodeIgniter\CodeIgniter->handleRequest()
 6 FCPATH/index.php(57): CodeIgniter\CodeIgniter->run()
CRITICAL - 2024-11-10 20:42:05 --> Undefined property: stdClass::$bill_num
in APPPATH/Helpers/global_helper.php on line 505.
 1 APPPATH/Helpers/global_helper.php(505): CodeIgniter\Debug\Exceptions->errorHandler()
 2 APPPATH/Controllers/Malipo.php(399): doProcessGlobalTransaction()
 3 SYSTEMPATH/CodeIgniter.php(896): App\Controllers\Malipo->nmbrecon()
 4 SYSTEMPATH/CodeIgniter.php(466): CodeIgniter\CodeIgniter->runController()
 5 SYSTEMPATH/CodeIgniter.php(349): CodeIgniter\CodeIgniter->handleRequest()
 6 FCPATH/index.php(57): CodeIgniter\CodeIgniter->run()
CRITICAL - 2024-11-10 20:44:06 --> Undefined property: stdClass::$bill_num
in APPPATH/Helpers/global_helper.php on line 505.
 1 APPPATH/Helpers/global_helper.php(505): CodeIgniter\Debug\Exceptions->errorHandler()
 2 APPPATH/Controllers/Malipo.php(399): doProcessGlobalTransaction()
 3 SYSTEMPATH/CodeIgniter.php(896): App\Controllers\Malipo->nmbrecon()
 4 SYSTEMPATH/CodeIgniter.php(466): CodeIgniter\CodeIgniter->runController()
 5 SYSTEMPATH/CodeIgniter.php(349): CodeIgniter\CodeIgniter->handleRequest()
 6 FCPATH/index.php(57): CodeIgniter\CodeIgniter->run()
CRITICAL - 2024-11-10 20:46:05 --> Undefined property: stdClass::$bill_num
in APPPATH/Helpers/global_helper.php on line 505.
 1 APPPATH/Helpers/global_helper.php(505): CodeIgniter\Debug\Exceptions->errorHandler()
 2 APPPATH/Controllers/Malipo.php(399): doProcessGlobalTransaction()
 3 SYSTEMPATH/CodeIgniter.php(896): App\Controllers\Malipo->nmbrecon()
 4 SYSTEMPATH/CodeIgniter.php(466): CodeIgniter\CodeIgniter->runController()
 5 SYSTEMPATH/CodeIgniter.php(349): CodeIgniter\CodeIgniter->handleRequest()
 6 FCPATH/index.php(57): CodeIgniter\CodeIgniter->run()
CRITICAL - 2024-11-10 20:48:05 --> Undefined property: stdClass::$bill_num
in APPPATH/Helpers/global_helper.php on line 505.
 1 APPPATH/Helpers/global_helper.php(505): CodeIgniter\Debug\Exceptions->errorHandler()
 2 APPPATH/Controllers/Malipo.php(399): doProcessGlobalTransaction()
 3 SYSTEMPATH/CodeIgniter.php(896): App\Controllers\Malipo->nmbrecon()
 4 SYSTEMPATH/CodeIgniter.php(466): CodeIgniter\CodeIgniter->runController()
 5 SYSTEMPATH/CodeIgniter.php(349): CodeIgniter\CodeIgniter->handleRequest()
 6 FCPATH/index.php(57): CodeIgniter\CodeIgniter->run()
CRITICAL - 2024-11-10 20:50:05 --> Undefined property: stdClass::$bill_num
in APPPATH/Helpers/global_helper.php on line 505.
 1 APPPATH/Helpers/global_helper.php(505): CodeIgniter\Debug\Exceptions->errorHandler()
 2 APPPATH/Controllers/Malipo.php(399): doProcessGlobalTransaction()
 3 SYSTEMPATH/CodeIgniter.php(896): App\Controllers\Malipo->nmbrecon()
 4 SYSTEMPATH/CodeIgniter.php(466): CodeIgniter\CodeIgniter->runController()
 5 SYSTEMPATH/CodeIgniter.php(349): CodeIgniter\CodeIgniter->handleRequest()
 6 FCPATH/index.php(57): CodeIgniter\CodeIgniter->run()
CRITICAL - 2024-11-10 20:52:05 --> Undefined property: stdClass::$bill_num
in APPPATH/Helpers/global_helper.php on line 505.
 1 APPPATH/Helpers/global_helper.php(505): CodeIgniter\Debug\Exceptions->errorHandler()
 2 APPPATH/Controllers/Malipo.php(399): doProcessGlobalTransaction()
 3 SYSTEMPATH/CodeIgniter.php(896): App\Controllers\Malipo->nmbrecon()
 4 SYSTEMPATH/CodeIgniter.php(466): CodeIgniter\CodeIgniter->runController()
 5 SYSTEMPATH/CodeIgniter.php(349): CodeIgniter\CodeIgniter->handleRequest()
 6 FCPATH/index.php(57): CodeIgniter\CodeIgniter->run()
CRITICAL - 2024-11-10 20:54:05 --> Undefined property: stdClass::$bill_num
in APPPATH/Helpers/global_helper.php on line 505.
 1 APPPATH/Helpers/global_helper.php(505): CodeIgniter\Debug\Exceptions->errorHandler()
 2 APPPATH/Controllers/Malipo.php(399): doProcessGlobalTransaction()
 3 SYSTEMPATH/CodeIgniter.php(896): App\Controllers\Malipo->nmbrecon()
 4 SYSTEMPATH/CodeIgniter.php(466): CodeIgniter\CodeIgniter->runController()
 5 SYSTEMPATH/CodeIgniter.php(349): CodeIgniter\CodeIgniter->handleRequest()
 6 FCPATH/index.php(57): CodeIgniter\CodeIgniter->run()
CRITICAL - 2024-11-10 20:56:05 --> Undefined property: stdClass::$bill_num
in APPPATH/Helpers/global_helper.php on line 505.
 1 APPPATH/Helpers/global_helper.php(505): CodeIgniter\Debug\Exceptions->errorHandler()
 2 APPPATH/Controllers/Malipo.php(399): doProcessGlobalTransaction()
 3 SYSTEMPATH/CodeIgniter.php(896): App\Controllers\Malipo->nmbrecon()
 4 SYSTEMPATH/CodeIgniter.php(466): CodeIgniter\CodeIgniter->runController()
 5 SYSTEMPATH/CodeIgniter.php(349): CodeIgniter\CodeIgniter->handleRequest()
 6 FCPATH/index.php(57): CodeIgniter\CodeIgniter->run()
CRITICAL - 2024-11-10 20:58:04 --> Undefined property: stdClass::$bill_num
in APPPATH/Helpers/global_helper.php on line 505.
 1 APPPATH/Helpers/global_helper.php(505): CodeIgniter\Debug\Exceptions->errorHandler()
 2 APPPATH/Controllers/Malipo.php(399): doProcessGlobalTransaction()
 3 SYSTEMPATH/CodeIgniter.php(896): App\Controllers\Malipo->nmbrecon()
 4 SYSTEMPATH/CodeIgniter.php(466): CodeIgniter\CodeIgniter->runController()
 5 SYSTEMPATH/CodeIgniter.php(349): CodeIgniter\CodeIgniter->handleRequest()
 6 FCPATH/index.php(57): CodeIgniter\CodeIgniter->run()
CRITICAL - 2024-11-10 21:00:04 --> Undefined property: stdClass::$bill_num
in APPPATH/Helpers/global_helper.php on line 505.
 1 APPPATH/Helpers/global_helper.php(505): CodeIgniter\Debug\Exceptions->errorHandler()
 2 APPPATH/Controllers/Malipo.php(399): doProcessGlobalTransaction()
 3 SYSTEMPATH/CodeIgniter.php(896): App\Controllers\Malipo->nmbrecon()
 4 SYSTEMPATH/CodeIgniter.php(466): CodeIgniter\CodeIgniter->runController()
 5 SYSTEMPATH/CodeIgniter.php(349): CodeIgniter\CodeIgniter->handleRequest()
 6 FCPATH/index.php(57): CodeIgniter\CodeIgniter->run()
CRITICAL - 2024-11-10 21:02:04 --> Undefined property: stdClass::$bill_num
in APPPATH/Helpers/global_helper.php on line 505.
 1 APPPATH/Helpers/global_helper.php(505): CodeIgniter\Debug\Exceptions->errorHandler()
 2 APPPATH/Controllers/Malipo.php(399): doProcessGlobalTransaction()
 3 SYSTEMPATH/CodeIgniter.php(896): App\Controllers\Malipo->nmbrecon()
 4 SYSTEMPATH/CodeIgniter.php(466): CodeIgniter\CodeIgniter->runController()
 5 SYSTEMPATH/CodeIgniter.php(349): CodeIgniter\CodeIgniter->handleRequest()
 6 FCPATH/index.php(57): CodeIgniter\CodeIgniter->run()
CRITICAL - 2024-11-10 21:04:05 --> Undefined property: stdClass::$bill_num
in APPPATH/Helpers/global_helper.php on line 505.
 1 APPPATH/Helpers/global_helper.php(505): CodeIgniter\Debug\Exceptions->errorHandler()
 2 APPPATH/Controllers/Malipo.php(399): doProcessGlobalTransaction()
 3 SYSTEMPATH/CodeIgniter.php(896): App\Controllers\Malipo->nmbrecon()
 4 SYSTEMPATH/CodeIgniter.php(466): CodeIgniter\CodeIgniter->runController()
 5 SYSTEMPATH/CodeIgniter.php(349): CodeIgniter\CodeIgniter->handleRequest()
 6 FCPATH/index.php(57): CodeIgniter\CodeIgniter->run()
CRITICAL - 2024-11-10 21:06:05 --> Undefined property: stdClass::$bill_num
in APPPATH/Helpers/global_helper.php on line 505.
 1 APPPATH/Helpers/global_helper.php(505): CodeIgniter\Debug\Exceptions->errorHandler()
 2 APPPATH/Controllers/Malipo.php(399): doProcessGlobalTransaction()
 3 SYSTEMPATH/CodeIgniter.php(896): App\Controllers\Malipo->nmbrecon()
 4 SYSTEMPATH/CodeIgniter.php(466): CodeIgniter\CodeIgniter->runController()
 5 SYSTEMPATH/CodeIgniter.php(349): CodeIgniter\CodeIgniter->handleRequest()
 6 FCPATH/index.php(57): CodeIgniter\CodeIgniter->run()
CRITICAL - 2024-11-10 21:08:05 --> Undefined property: stdClass::$bill_num
in APPPATH/Helpers/global_helper.php on line 505.
 1 APPPATH/Helpers/global_helper.php(505): CodeIgniter\Debug\Exceptions->errorHandler()
 2 APPPATH/Controllers/Malipo.php(399): doProcessGlobalTransaction()
 3 SYSTEMPATH/CodeIgniter.php(896): App\Controllers\Malipo->nmbrecon()
 4 SYSTEMPATH/CodeIgniter.php(466): CodeIgniter\CodeIgniter->runController()
 5 SYSTEMPATH/CodeIgniter.php(349): CodeIgniter\CodeIgniter->handleRequest()
 6 FCPATH/index.php(57): CodeIgniter\CodeIgniter->run()
CRITICAL - 2024-11-10 21:10:05 --> Undefined property: stdClass::$bill_num
in APPPATH/Helpers/global_helper.php on line 505.
 1 APPPATH/Helpers/global_helper.php(505): CodeIgniter\Debug\Exceptions->errorHandler()
 2 APPPATH/Controllers/Malipo.php(399): doProcessGlobalTransaction()
 3 SYSTEMPATH/CodeIgniter.php(896): App\Controllers\Malipo->nmbrecon()
 4 SYSTEMPATH/CodeIgniter.php(466): CodeIgniter\CodeIgniter->runController()
 5 SYSTEMPATH/CodeIgniter.php(349): CodeIgniter\CodeIgniter->handleRequest()
 6 FCPATH/index.php(57): CodeIgniter\CodeIgniter->run()
CRITICAL - 2024-11-10 21:10:10 --> Undefined array key "data"
in APPPATH/Helpers/global_helper.php on line 154.
 1 APPPATH/Helpers/global_helper.php(154): CodeIgniter\Debug\Exceptions->errorHandler()
 2 APPPATH/Controllers/Malipo.php(294): dispResponseCRDBValidate()
 3 SYSTEMPATH/CodeIgniter.php(896): App\Controllers\Malipo->crdbverify()
 4 SYSTEMPATH/CodeIgniter.php(466): CodeIgniter\CodeIgniter->runController()
 5 SYSTEMPATH/CodeIgniter.php(349): CodeIgniter\CodeIgniter->handleRequest()
 6 FCPATH/index.php(57): CodeIgniter\CodeIgniter->run()
CRITICAL - 2024-11-10 21:12:05 --> Undefined property: stdClass::$bill_num
in APPPATH/Helpers/global_helper.php on line 505.
 1 APPPATH/Helpers/global_helper.php(505): CodeIgniter\Debug\Exceptions->errorHandler()
 2 APPPATH/Controllers/Malipo.php(399): doProcessGlobalTransaction()
 3 SYSTEMPATH/CodeIgniter.php(896): App\Controllers\Malipo->nmbrecon()
 4 SYSTEMPATH/CodeIgniter.php(466): CodeIgniter\CodeIgniter->runController()
 5 SYSTEMPATH/CodeIgniter.php(349): CodeIgniter\CodeIgniter->handleRequest()
 6 FCPATH/index.php(57): CodeIgniter\CodeIgniter->run()
CRITICAL - 2024-11-10 21:14:05 --> Undefined property: stdClass::$bill_num
in APPPATH/Helpers/global_helper.php on line 505.
 1 APPPATH/Helpers/global_helper.php(505): CodeIgniter\Debug\Exceptions->errorHandler()
 2 APPPATH/Controllers/Malipo.php(399): doProcessGlobalTransaction()
 3 SYSTEMPATH/CodeIgniter.php(896): App\Controllers\Malipo->nmbrecon()
 4 SYSTEMPATH/CodeIgniter.php(466): CodeIgniter\CodeIgniter->runController()
 5 SYSTEMPATH/CodeIgniter.php(349): CodeIgniter\CodeIgniter->handleRequest()
 6 FCPATH/index.php(57): CodeIgniter\CodeIgniter->run()
CRITICAL - 2024-11-10 21:16:06 --> Undefined property: stdClass::$bill_num
in APPPATH/Helpers/global_helper.php on line 505.
 1 APPPATH/Helpers/global_helper.php(505): CodeIgniter\Debug\Exceptions->errorHandler()
 2 APPPATH/Controllers/Malipo.php(399): doProcessGlobalTransaction()
 3 SYSTEMPATH/CodeIgniter.php(896): App\Controllers\Malipo->nmbrecon()
 4 SYSTEMPATH/CodeIgniter.php(466): CodeIgniter\CodeIgniter->runController()
 5 SYSTEMPATH/CodeIgniter.php(349): CodeIgniter\CodeIgniter->handleRequest()
 6 FCPATH/index.php(57): CodeIgniter\CodeIgniter->run()
CRITICAL - 2024-11-10 21:18:05 --> Undefined property: stdClass::$bill_num
in APPPATH/Helpers/global_helper.php on line 505.
 1 APPPATH/Helpers/global_helper.php(505): CodeIgniter\Debug\Exceptions->errorHandler()
 2 APPPATH/Controllers/Malipo.php(399): doProcessGlobalTransaction()
 3 SYSTEMPATH/CodeIgniter.php(896): App\Controllers\Malipo->nmbrecon()
 4 SYSTEMPATH/CodeIgniter.php(466): CodeIgniter\CodeIgniter->runController()
 5 SYSTEMPATH/CodeIgniter.php(349): CodeIgniter\CodeIgniter->handleRequest()
 6 FCPATH/index.php(57): CodeIgniter\CodeIgniter->run()
CRITICAL - 2024-11-10 21:20:05 --> Undefined property: stdClass::$bill_num
in APPPATH/Helpers/global_helper.php on line 505.
 1 APPPATH/Helpers/global_helper.php(505): CodeIgniter\Debug\Exceptions->errorHandler()
 2 APPPATH/Controllers/Malipo.php(399): doProcessGlobalTransaction()
 3 SYSTEMPATH/CodeIgniter.php(896): App\Controllers\Malipo->nmbrecon()
 4 SYSTEMPATH/CodeIgniter.php(466): CodeIgniter\CodeIgniter->runController()
 5 SYSTEMPATH/CodeIgniter.php(349): CodeIgniter\CodeIgniter->handleRequest()
 6 FCPATH/index.php(57): CodeIgniter\CodeIgniter->run()
CRITICAL - 2024-11-10 21:22:06 --> Undefined property: stdClass::$bill_num
in APPPATH/Helpers/global_helper.php on line 505.
 1 APPPATH/Helpers/global_helper.php(505): CodeIgniter\Debug\Exceptions->errorHandler()
 2 APPPATH/Controllers/Malipo.php(399): doProcessGlobalTransaction()
 3 SYSTEMPATH/CodeIgniter.php(896): App\Controllers\Malipo->nmbrecon()
 4 SYSTEMPATH/CodeIgniter.php(466): CodeIgniter\CodeIgniter->runController()
 5 SYSTEMPATH/CodeIgniter.php(349): CodeIgniter\CodeIgniter->handleRequest()
 6 FCPATH/index.php(57): CodeIgniter\CodeIgniter->run()
CRITICAL - 2024-11-10 21:24:05 --> Undefined property: stdClass::$bill_num
in APPPATH/Helpers/global_helper.php on line 505.
 1 APPPATH/Helpers/global_helper.php(505): CodeIgniter\Debug\Exceptions->errorHandler()
 2 APPPATH/Controllers/Malipo.php(399): doProcessGlobalTransaction()
 3 SYSTEMPATH/CodeIgniter.php(896): App\Controllers\Malipo->nmbrecon()
 4 SYSTEMPATH/CodeIgniter.php(466): CodeIgniter\CodeIgniter->runController()
 5 SYSTEMPATH/CodeIgniter.php(349): CodeIgniter\CodeIgniter->handleRequest()
 6 FCPATH/index.php(57): CodeIgniter\CodeIgniter->run()
CRITICAL - 2024-11-10 21:26:05 --> Undefined property: stdClass::$bill_num
in APPPATH/Helpers/global_helper.php on line 505.
 1 APPPATH/Helpers/global_helper.php(505): CodeIgniter\Debug\Exceptions->errorHandler()
 2 APPPATH/Controllers/Malipo.php(399): doProcessGlobalTransaction()
 3 SYSTEMPATH/CodeIgniter.php(896): App\Controllers\Malipo->nmbrecon()
 4 SYSTEMPATH/CodeIgniter.php(466): CodeIgniter\CodeIgniter->runController()
 5 SYSTEMPATH/CodeIgniter.php(349): CodeIgniter\CodeIgniter->handleRequest()
 6 FCPATH/index.php(57): CodeIgniter\CodeIgniter->run()
CRITICAL - 2024-11-10 21:28:05 --> Undefined property: stdClass::$bill_num
in APPPATH/Helpers/global_helper.php on line 505.
 1 APPPATH/Helpers/global_helper.php(505): CodeIgniter\Debug\Exceptions->errorHandler()
 2 APPPATH/Controllers/Malipo.php(399): doProcessGlobalTransaction()
 3 SYSTEMPATH/CodeIgniter.php(896): App\Controllers\Malipo->nmbrecon()
 4 SYSTEMPATH/CodeIgniter.php(466): CodeIgniter\CodeIgniter->runController()
 5 SYSTEMPATH/CodeIgniter.php(349): CodeIgniter\CodeIgniter->handleRequest()
 6 FCPATH/index.php(57): CodeIgniter\CodeIgniter->run()
ERROR - 2024-11-10 21:28:42 --> Got error 4009 'Cluster Failure' from NDBCLUSTER
CRITICAL - 2024-11-10 21:28:42 --> Got error 4009 'Cluster Failure' from NDBCLUSTER
in SYSTEMPATH/Database/MySQLi/Connection.php on line 292.
 1 SYSTEMPATH/Database/MySQLi/Connection.php(292): mysqli->query()
 2 SYSTEMPATH/Database/BaseConnection.php(695): CodeIgniter\Database\MySQLi\Connection->execute()
 3 SYSTEMPATH/Database/BaseConnection.php(609): CodeIgniter\Database\BaseConnection->simpleQuery()
 4 APPPATH/Models/Engine.php(554): CodeIgniter\Database\BaseConnection->query()
 5 APPPATH/Controllers/BaseController.php(77): App\Models\Engine->getLanguages()
 6 SYSTEMPATH/CodeIgniter.php(859): App\Controllers\BaseController->initController()
 7 SYSTEMPATH/CodeIgniter.php(457): CodeIgniter\CodeIgniter->createController()
 8 SYSTEMPATH/CodeIgniter.php(349): CodeIgniter\CodeIgniter->handleRequest()
 9 FCPATH/index.php(57): CodeIgniter\CodeIgniter->run()
CRITICAL - 2024-11-10 21:30:05 --> Undefined property: stdClass::$bill_num
in APPPATH/Helpers/global_helper.php on line 505.
 1 APPPATH/Helpers/global_helper.php(505): CodeIgniter\Debug\Exceptions->errorHandler()
 2 APPPATH/Controllers/Malipo.php(399): doProcessGlobalTransaction()
 3 SYSTEMPATH/CodeIgniter.php(896): App\Controllers\Malipo->nmbrecon()
 4 SYSTEMPATH/CodeIgniter.php(466): CodeIgniter\CodeIgniter->runController()
 5 SYSTEMPATH/CodeIgniter.php(349): CodeIgniter\CodeIgniter->handleRequest()
 6 FCPATH/index.php(57): CodeIgniter\CodeIgniter->run()
CRITICAL - 2024-11-10 21:32:06 --> Undefined property: stdClass::$bill_num
in APPPATH/Helpers/global_helper.php on line 505.
 1 APPPATH/Helpers/global_helper.php(505): CodeIgniter\Debug\Exceptions->errorHandler()
 2 APPPATH/Controllers/Malipo.php(399): doProcessGlobalTransaction()
 3 SYSTEMPATH/CodeIgniter.php(896): App\Controllers\Malipo->nmbrecon()
 4 SYSTEMPATH/CodeIgniter.php(466): CodeIgniter\CodeIgniter->runController()
 5 SYSTEMPATH/CodeIgniter.php(349): CodeIgniter\CodeIgniter->handleRequest()
 6 FCPATH/index.php(57): CodeIgniter\CodeIgniter->run()
CRITICAL - 2024-11-10 21:34:05 --> Undefined property: stdClass::$bill_num
in APPPATH/Helpers/global_helper.php on line 505.
 1 APPPATH/Helpers/global_helper.php(505): CodeIgniter\Debug\Exceptions->errorHandler()
 2 APPPATH/Controllers/Malipo.php(399): doProcessGlobalTransaction()
 3 SYSTEMPATH/CodeIgniter.php(896): App\Controllers\Malipo->nmbrecon()
 4 SYSTEMPATH/CodeIgniter.php(466): CodeIgniter\CodeIgniter->runController()
 5 SYSTEMPATH/CodeIgniter.php(349): CodeIgniter\CodeIgniter->handleRequest()
 6 FCPATH/index.php(57): CodeIgniter\CodeIgniter->run()
CRITICAL - 2024-11-10 21:36:04 --> Undefined property: stdClass::$bill_num
in APPPATH/Helpers/global_helper.php on line 505.
 1 APPPATH/Helpers/global_helper.php(505): CodeIgniter\Debug\Exceptions->errorHandler()
 2 APPPATH/Controllers/Malipo.php(399): doProcessGlobalTransaction()
 3 SYSTEMPATH/CodeIgniter.php(896): App\Controllers\Malipo->nmbrecon()
 4 SYSTEMPATH/CodeIgniter.php(466): CodeIgniter\CodeIgniter->runController()
 5 SYSTEMPATH/CodeIgniter.php(349): CodeIgniter\CodeIgniter->handleRequest()
 6 FCPATH/index.php(57): CodeIgniter\CodeIgniter->run()
CRITICAL - 2024-11-10 21:38:04 --> Undefined property: stdClass::$bill_num
in APPPATH/Helpers/global_helper.php on line 505.
 1 APPPATH/Helpers/global_helper.php(505): CodeIgniter\Debug\Exceptions->errorHandler()
 2 APPPATH/Controllers/Malipo.php(399): doProcessGlobalTransaction()
 3 SYSTEMPATH/CodeIgniter.php(896): App\Controllers\Malipo->nmbrecon()
 4 SYSTEMPATH/CodeIgniter.php(466): CodeIgniter\CodeIgniter->runController()
 5 SYSTEMPATH/CodeIgniter.php(349): CodeIgniter\CodeIgniter->handleRequest()
 6 FCPATH/index.php(57): CodeIgniter\CodeIgniter->run()
CRITICAL - 2024-11-10 21:40:05 --> Undefined property: stdClass::$bill_num
in APPPATH/Helpers/global_helper.php on line 505.
 1 APPPATH/Helpers/global_helper.php(505): CodeIgniter\Debug\Exceptions->errorHandler()
 2 APPPATH/Controllers/Malipo.php(399): doProcessGlobalTransaction()
 3 SYSTEMPATH/CodeIgniter.php(896): App\Controllers\Malipo->nmbrecon()
 4 SYSTEMPATH/CodeIgniter.php(466): CodeIgniter\CodeIgniter->runController()
 5 SYSTEMPATH/CodeIgniter.php(349): CodeIgniter\CodeIgniter->handleRequest()
 6 FCPATH/index.php(57): CodeIgniter\CodeIgniter->run()
CRITICAL - 2024-11-10 21:42:05 --> Undefined property: stdClass::$bill_num
in APPPATH/Helpers/global_helper.php on line 505.
 1 APPPATH/Helpers/global_helper.php(505): CodeIgniter\Debug\Exceptions->errorHandler()
 2 APPPATH/Controllers/Malipo.php(399): doProcessGlobalTransaction()
 3 SYSTEMPATH/CodeIgniter.php(896): App\Controllers\Malipo->nmbrecon()
 4 SYSTEMPATH/CodeIgniter.php(466): CodeIgniter\CodeIgniter->runController()
 5 SYSTEMPATH/CodeIgniter.php(349): CodeIgniter\CodeIgniter->handleRequest()
 6 FCPATH/index.php(57): CodeIgniter\CodeIgniter->run()
CRITICAL - 2024-11-10 21:44:05 --> Undefined property: stdClass::$bill_num
in APPPATH/Helpers/global_helper.php on line 505.
 1 APPPATH/Helpers/global_helper.php(505): CodeIgniter\Debug\Exceptions->errorHandler()
 2 APPPATH/Controllers/Malipo.php(399): doProcessGlobalTransaction()
 3 SYSTEMPATH/CodeIgniter.php(896): App\Controllers\Malipo->nmbrecon()
 4 SYSTEMPATH/CodeIgniter.php(466): CodeIgniter\CodeIgniter->runController()
 5 SYSTEMPATH/CodeIgniter.php(349): CodeIgniter\CodeIgniter->handleRequest()
 6 FCPATH/index.php(57): CodeIgniter\CodeIgniter->run()
CRITICAL - 2024-11-10 21:46:05 --> Undefined property: stdClass::$bill_num
in APPPATH/Helpers/global_helper.php on line 505.
 1 APPPATH/Helpers/global_helper.php(505): CodeIgniter\Debug\Exceptions->errorHandler()
 2 APPPATH/Controllers/Malipo.php(399): doProcessGlobalTransaction()
 3 SYSTEMPATH/CodeIgniter.php(896): App\Controllers\Malipo->nmbrecon()
 4 SYSTEMPATH/CodeIgniter.php(466): CodeIgniter\CodeIgniter->runController()
 5 SYSTEMPATH/CodeIgniter.php(349): CodeIgniter\CodeIgniter->handleRequest()
 6 FCPATH/index.php(57): CodeIgniter\CodeIgniter->run()
CRITICAL - 2024-11-10 21:48:05 --> Undefined property: stdClass::$bill_num
in APPPATH/Helpers/global_helper.php on line 505.
 1 APPPATH/Helpers/global_helper.php(505): CodeIgniter\Debug\Exceptions->errorHandler()
 2 APPPATH/Controllers/Malipo.php(399): doProcessGlobalTransaction()
 3 SYSTEMPATH/CodeIgniter.php(896): App\Controllers\Malipo->nmbrecon()
 4 SYSTEMPATH/CodeIgniter.php(466): CodeIgniter\CodeIgniter->runController()
 5 SYSTEMPATH/CodeIgniter.php(349): CodeIgniter\CodeIgniter->handleRequest()
 6 FCPATH/index.php(57): CodeIgniter\CodeIgniter->run()
CRITICAL - 2024-11-10 21:50:05 --> Undefined property: stdClass::$bill_num
in APPPATH/Helpers/global_helper.php on line 505.
 1 APPPATH/Helpers/global_helper.php(505): CodeIgniter\Debug\Exceptions->errorHandler()
 2 APPPATH/Controllers/Malipo.php(399): doProcessGlobalTransaction()
 3 SYSTEMPATH/CodeIgniter.php(896): App\Controllers\Malipo->nmbrecon()
 4 SYSTEMPATH/CodeIgniter.php(466): CodeIgniter\CodeIgniter->runController()
 5 SYSTEMPATH/CodeIgniter.php(349): CodeIgniter\CodeIgniter->handleRequest()
 6 FCPATH/index.php(57): CodeIgniter\CodeIgniter->run()
CRITICAL - 2024-11-10 21:52:04 --> Undefined property: stdClass::$bill_num
in APPPATH/Helpers/global_helper.php on line 505.
 1 APPPATH/Helpers/global_helper.php(505): CodeIgniter\Debug\Exceptions->errorHandler()
 2 APPPATH/Controllers/Malipo.php(399): doProcessGlobalTransaction()
 3 SYSTEMPATH/CodeIgniter.php(896): App\Controllers\Malipo->nmbrecon()
 4 SYSTEMPATH/CodeIgniter.php(466): CodeIgniter\CodeIgniter->runController()
 5 SYSTEMPATH/CodeIgniter.php(349): CodeIgniter\CodeIgniter->handleRequest()
 6 FCPATH/index.php(57): CodeIgniter\CodeIgniter->run()
CRITICAL - 2024-11-10 21:54:05 --> Undefined property: stdClass::$bill_num
in APPPATH/Helpers/global_helper.php on line 505.
 1 APPPATH/Helpers/global_helper.php(505): CodeIgniter\Debug\Exceptions->errorHandler()
 2 APPPATH/Controllers/Malipo.php(399): doProcessGlobalTransaction()
 3 SYSTEMPATH/CodeIgniter.php(896): App\Controllers\Malipo->nmbrecon()
 4 SYSTEMPATH/CodeIgniter.php(466): CodeIgniter\CodeIgniter->runController()
 5 SYSTEMPATH/CodeIgniter.php(349): CodeIgniter\CodeIgniter->handleRequest()
 6 FCPATH/index.php(57): CodeIgniter\CodeIgniter->run()
CRITICAL - 2024-11-10 21:56:05 --> Undefined property: stdClass::$bill_num
in APPPATH/Helpers/global_helper.php on line 505.
 1 APPPATH/Helpers/global_helper.php(505): CodeIgniter\Debug\Exceptions->errorHandler()
 2 APPPATH/Controllers/Malipo.php(399): doProcessGlobalTransaction()
 3 SYSTEMPATH/CodeIgniter.php(896): App\Controllers\Malipo->nmbrecon()
 4 SYSTEMPATH/CodeIgniter.php(466): CodeIgniter\CodeIgniter->runController()
 5 SYSTEMPATH/CodeIgniter.php(349): CodeIgniter\CodeIgniter->handleRequest()
 6 FCPATH/index.php(57): CodeIgniter\CodeIgniter->run()
CRITICAL - 2024-11-10 21:58:05 --> Undefined property: stdClass::$bill_num
in APPPATH/Helpers/global_helper.php on line 505.
 1 APPPATH/Helpers/global_helper.php(505): CodeIgniter\Debug\Exceptions->errorHandler()
 2 APPPATH/Controllers/Malipo.php(399): doProcessGlobalTransaction()
 3 SYSTEMPATH/CodeIgniter.php(896): App\Controllers\Malipo->nmbrecon()
 4 SYSTEMPATH/CodeIgniter.php(466): CodeIgniter\CodeIgniter->runController()
 5 SYSTEMPATH/CodeIgniter.php(349): CodeIgniter\CodeIgniter->handleRequest()
 6 FCPATH/index.php(57): CodeIgniter\CodeIgniter->run()
CRITICAL - 2024-11-10 22:00:05 --> Undefined property: stdClass::$bill_num
in APPPATH/Helpers/global_helper.php on line 505.
 1 APPPATH/Helpers/global_helper.php(505): CodeIgniter\Debug\Exceptions->errorHandler()
 2 APPPATH/Controllers/Malipo.php(399): doProcessGlobalTransaction()
 3 SYSTEMPATH/CodeIgniter.php(896): App\Controllers\Malipo->nmbrecon()
 4 SYSTEMPATH/CodeIgniter.php(466): CodeIgniter\CodeIgniter->runController()
 5 SYSTEMPATH/CodeIgniter.php(349): CodeIgniter\CodeIgniter->handleRequest()
 6 FCPATH/index.php(57): CodeIgniter\CodeIgniter->run()
CRITICAL - 2024-11-10 22:02:04 --> Undefined property: stdClass::$bill_num
in APPPATH/Helpers/global_helper.php on line 505.
 1 APPPATH/Helpers/global_helper.php(505): CodeIgniter\Debug\Exceptions->errorHandler()
 2 APPPATH/Controllers/Malipo.php(399): doProcessGlobalTransaction()
 3 SYSTEMPATH/CodeIgniter.php(896): App\Controllers\Malipo->nmbrecon()
 4 SYSTEMPATH/CodeIgniter.php(466): CodeIgniter\CodeIgniter->runController()
 5 SYSTEMPATH/CodeIgniter.php(349): CodeIgniter\CodeIgniter->handleRequest()
 6 FCPATH/index.php(57): CodeIgniter\CodeIgniter->run()
CRITICAL - 2024-11-10 22:04:05 --> Undefined property: stdClass::$bill_num
in APPPATH/Helpers/global_helper.php on line 505.
 1 APPPATH/Helpers/global_helper.php(505): CodeIgniter\Debug\Exceptions->errorHandler()
 2 APPPATH/Controllers/Malipo.php(399): doProcessGlobalTransaction()
 3 SYSTEMPATH/CodeIgniter.php(896): App\Controllers\Malipo->nmbrecon()
 4 SYSTEMPATH/CodeIgniter.php(466): CodeIgniter\CodeIgniter->runController()
 5 SYSTEMPATH/CodeIgniter.php(349): CodeIgniter\CodeIgniter->handleRequest()
 6 FCPATH/index.php(57): CodeIgniter\CodeIgniter->run()
CRITICAL - 2024-11-10 22:06:05 --> Undefined property: stdClass::$bill_num
in APPPATH/Helpers/global_helper.php on line 505.
 1 APPPATH/Helpers/global_helper.php(505): CodeIgniter\Debug\Exceptions->errorHandler()
 2 APPPATH/Controllers/Malipo.php(399): doProcessGlobalTransaction()
 3 SYSTEMPATH/CodeIgniter.php(896): App\Controllers\Malipo->nmbrecon()
 4 SYSTEMPATH/CodeIgniter.php(466): CodeIgniter\CodeIgniter->runController()
 5 SYSTEMPATH/CodeIgniter.php(349): CodeIgniter\CodeIgniter->handleRequest()
 6 FCPATH/index.php(57): CodeIgniter\CodeIgniter->run()
CRITICAL - 2024-11-10 22:08:06 --> Undefined property: stdClass::$bill_num
in APPPATH/Helpers/global_helper.php on line 505.
 1 APPPATH/Helpers/global_helper.php(505): CodeIgniter\Debug\Exceptions->errorHandler()
 2 APPPATH/Controllers/Malipo.php(399): doProcessGlobalTransaction()
 3 SYSTEMPATH/CodeIgniter.php(896): App\Controllers\Malipo->nmbrecon()
 4 SYSTEMPATH/CodeIgniter.php(466): CodeIgniter\CodeIgniter->runController()
 5 SYSTEMPATH/CodeIgniter.php(349): CodeIgniter\CodeIgniter->handleRequest()
 6 FCPATH/index.php(57): CodeIgniter\CodeIgniter->run()
CRITICAL - 2024-11-10 22:10:05 --> Undefined property: stdClass::$bill_num
in APPPATH/Helpers/global_helper.php on line 505.
 1 APPPATH/Helpers/global_helper.php(505): CodeIgniter\Debug\Exceptions->errorHandler()
 2 APPPATH/Controllers/Malipo.php(399): doProcessGlobalTransaction()
 3 SYSTEMPATH/CodeIgniter.php(896): App\Controllers\Malipo->nmbrecon()
 4 SYSTEMPATH/CodeIgniter.php(466): CodeIgniter\CodeIgniter->runController()
 5 SYSTEMPATH/CodeIgniter.php(349): CodeIgniter\CodeIgniter->handleRequest()
 6 FCPATH/index.php(57): CodeIgniter\CodeIgniter->run()
ERROR - 2024-11-10 22:12:01 --> Got error 4009 'Cluster Failure' from NDBCLUSTER
ERROR - 2024-11-10 22:12:01 --> Got error 4009 'Cluster Failure' from NDBCLUSTER
ERROR - 2024-11-10 22:12:01 --> Got error 4009 'Cluster Failure' from NDBCLUSTER
CRITICAL - 2024-11-10 22:12:01 --> Got error 4009 'Cluster Failure' from NDBCLUSTER
in SYSTEMPATH/Database/MySQLi/Connection.php on line 292.
 1 SYSTEMPATH/Database/MySQLi/Connection.php(292): mysqli->query()
 2 SYSTEMPATH/Database/BaseConnection.php(695): CodeIgniter\Database\MySQLi\Connection->execute()
 3 SYSTEMPATH/Database/BaseConnection.php(609): CodeIgniter\Database\BaseConnection->simpleQuery()
 4 APPPATH/Models/Engine.php(554): CodeIgniter\Database\BaseConnection->query()
 5 APPPATH/Controllers/BaseController.php(77): App\Models\Engine->getLanguages()
 6 SYSTEMPATH/CodeIgniter.php(859): App\Controllers\BaseController->initController()
 7 SYSTEMPATH/CodeIgniter.php(457): CodeIgniter\CodeIgniter->createController()
 8 SYSTEMPATH/CodeIgniter.php(349): CodeIgniter\CodeIgniter->handleRequest()
 9 FCPATH/index.php(57): CodeIgniter\CodeIgniter->run()
CRITICAL - 2024-11-10 22:12:01 --> Got error 4009 'Cluster Failure' from NDBCLUSTER
in SYSTEMPATH/Database/MySQLi/Connection.php on line 292.
 1 SYSTEMPATH/Database/MySQLi/Connection.php(292): mysqli->query()
 2 SYSTEMPATH/Database/BaseConnection.php(695): CodeIgniter\Database\MySQLi\Connection->execute()
 3 SYSTEMPATH/Database/BaseConnection.php(609): CodeIgniter\Database\BaseConnection->simpleQuery()
 4 APPPATH/Models/Engine.php(554): CodeIgniter\Database\BaseConnection->query()
 5 APPPATH/Controllers/BaseController.php(77): App\Models\Engine->getLanguages()
 6 SYSTEMPATH/CodeIgniter.php(859): App\Controllers\BaseController->initController()
 7 SYSTEMPATH/CodeIgniter.php(457): CodeIgniter\CodeIgniter->createController()
 8 SYSTEMPATH/CodeIgniter.php(349): CodeIgniter\CodeIgniter->handleRequest()
 9 FCPATH/index.php(57): CodeIgniter\CodeIgniter->run()
CRITICAL - 2024-11-10 22:12:01 --> Got error 4009 'Cluster Failure' from NDBCLUSTER
in SYSTEMPATH/Database/MySQLi/Connection.php on line 292.
 1 SYSTEMPATH/Database/MySQLi/Connection.php(292): mysqli->query()
 2 SYSTEMPATH/Database/BaseConnection.php(695): CodeIgniter\Database\MySQLi\Connection->execute()
 3 SYSTEMPATH/Database/BaseConnection.php(609): CodeIgniter\Database\BaseConnection->simpleQuery()
 4 APPPATH/Models/Engine.php(554): CodeIgniter\Database\BaseConnection->query()
 5 APPPATH/Controllers/BaseController.php(77): App\Models\Engine->getLanguages()
 6 SYSTEMPATH/CodeIgniter.php(859): App\Controllers\BaseController->initController()
 7 SYSTEMPATH/CodeIgniter.php(457): CodeIgniter\CodeIgniter->createController()
 8 SYSTEMPATH/CodeIgniter.php(349): CodeIgniter\CodeIgniter->handleRequest()
 9 FCPATH/index.php(57): CodeIgniter\CodeIgniter->run()
ERROR - 2024-11-10 22:12:02 --> Got error 4009 'Cluster Failure' from NDBCLUSTER
CRITICAL - 2024-11-10 22:12:02 --> Got error 4009 'Cluster Failure' from NDBCLUSTER
in SYSTEMPATH/Database/MySQLi/Connection.php on line 292.
 1 SYSTEMPATH/Database/MySQLi/Connection.php(292): mysqli->query()
 2 SYSTEMPATH/Database/BaseConnection.php(695): CodeIgniter\Database\MySQLi\Connection->execute()
 3 SYSTEMPATH/Database/BaseConnection.php(609): CodeIgniter\Database\BaseConnection->simpleQuery()
 4 APPPATH/Models/Engine.php(554): CodeIgniter\Database\BaseConnection->query()
 5 APPPATH/Controllers/BaseController.php(77): App\Models\Engine->getLanguages()
 6 SYSTEMPATH/CodeIgniter.php(859): App\Controllers\BaseController->initController()
 7 SYSTEMPATH/CodeIgniter.php(457): CodeIgniter\CodeIgniter->createController()
 8 SYSTEMPATH/CodeIgniter.php(349): CodeIgniter\CodeIgniter->handleRequest()
 9 FCPATH/index.php(57): CodeIgniter\CodeIgniter->run()
CRITICAL - 2024-11-10 22:14:04 --> Undefined property: stdClass::$bill_num
in APPPATH/Helpers/global_helper.php on line 505.
 1 APPPATH/Helpers/global_helper.php(505): CodeIgniter\Debug\Exceptions->errorHandler()
 2 APPPATH/Controllers/Malipo.php(399): doProcessGlobalTransaction()
 3 SYSTEMPATH/CodeIgniter.php(896): App\Controllers\Malipo->nmbrecon()
 4 SYSTEMPATH/CodeIgniter.php(466): CodeIgniter\CodeIgniter->runController()
 5 SYSTEMPATH/CodeIgniter.php(349): CodeIgniter\CodeIgniter->handleRequest()
 6 FCPATH/index.php(57): CodeIgniter\CodeIgniter->run()
CRITICAL - 2024-11-10 22:16:05 --> Undefined property: stdClass::$bill_num
in APPPATH/Helpers/global_helper.php on line 505.
 1 APPPATH/Helpers/global_helper.php(505): CodeIgniter\Debug\Exceptions->errorHandler()
 2 APPPATH/Controllers/Malipo.php(399): doProcessGlobalTransaction()
 3 SYSTEMPATH/CodeIgniter.php(896): App\Controllers\Malipo->nmbrecon()
 4 SYSTEMPATH/CodeIgniter.php(466): CodeIgniter\CodeIgniter->runController()
 5 SYSTEMPATH/CodeIgniter.php(349): CodeIgniter\CodeIgniter->handleRequest()
 6 FCPATH/index.php(57): CodeIgniter\CodeIgniter->run()
CRITICAL - 2024-11-10 22:18:05 --> Undefined property: stdClass::$bill_num
in APPPATH/Helpers/global_helper.php on line 505.
 1 APPPATH/Helpers/global_helper.php(505): CodeIgniter\Debug\Exceptions->errorHandler()
 2 APPPATH/Controllers/Malipo.php(399): doProcessGlobalTransaction()
 3 SYSTEMPATH/CodeIgniter.php(896): App\Controllers\Malipo->nmbrecon()
 4 SYSTEMPATH/CodeIgniter.php(466): CodeIgniter\CodeIgniter->runController()
 5 SYSTEMPATH/CodeIgniter.php(349): CodeIgniter\CodeIgniter->handleRequest()
 6 FCPATH/index.php(57): CodeIgniter\CodeIgniter->run()
CRITICAL - 2024-11-10 22:20:05 --> Undefined property: stdClass::$bill_num
in APPPATH/Helpers/global_helper.php on line 505.
 1 APPPATH/Helpers/global_helper.php(505): CodeIgniter\Debug\Exceptions->errorHandler()
 2 APPPATH/Controllers/Malipo.php(399): doProcessGlobalTransaction()
 3 SYSTEMPATH/CodeIgniter.php(896): App\Controllers\Malipo->nmbrecon()
 4 SYSTEMPATH/CodeIgniter.php(466): CodeIgniter\CodeIgniter->runController()
 5 SYSTEMPATH/CodeIgniter.php(349): CodeIgniter\CodeIgniter->handleRequest()
 6 FCPATH/index.php(57): CodeIgniter\CodeIgniter->run()
CRITICAL - 2024-11-10 22:22:06 --> Undefined property: stdClass::$bill_num
in APPPATH/Helpers/global_helper.php on line 505.
 1 APPPATH/Helpers/global_helper.php(505): CodeIgniter\Debug\Exceptions->errorHandler()
 2 APPPATH/Controllers/Malipo.php(399): doProcessGlobalTransaction()
 3 SYSTEMPATH/CodeIgniter.php(896): App\Controllers\Malipo->nmbrecon()
 4 SYSTEMPATH/CodeIgniter.php(466): CodeIgniter\CodeIgniter->runController()
 5 SYSTEMPATH/CodeIgniter.php(349): CodeIgniter\CodeIgniter->handleRequest()
 6 FCPATH/index.php(57): CodeIgniter\CodeIgniter->run()
CRITICAL - 2024-11-10 22:24:05 --> Undefined property: stdClass::$bill_num
in APPPATH/Helpers/global_helper.php on line 505.
 1 APPPATH/Helpers/global_helper.php(505): CodeIgniter\Debug\Exceptions->errorHandler()
 2 APPPATH/Controllers/Malipo.php(399): doProcessGlobalTransaction()
 3 SYSTEMPATH/CodeIgniter.php(896): App\Controllers\Malipo->nmbrecon()
 4 SYSTEMPATH/CodeIgniter.php(466): CodeIgniter\CodeIgniter->runController()
 5 SYSTEMPATH/CodeIgniter.php(349): CodeIgniter\CodeIgniter->handleRequest()
 6 FCPATH/index.php(57): CodeIgniter\CodeIgniter->run()
CRITICAL - 2024-11-10 22:26:05 --> Undefined property: stdClass::$bill_num
in APPPATH/Helpers/global_helper.php on line 505.
 1 APPPATH/Helpers/global_helper.php(505): CodeIgniter\Debug\Exceptions->errorHandler()
 2 APPPATH/Controllers/Malipo.php(399): doProcessGlobalTransaction()
 3 SYSTEMPATH/CodeIgniter.php(896): App\Controllers\Malipo->nmbrecon()
 4 SYSTEMPATH/CodeIgniter.php(466): CodeIgniter\CodeIgniter->runController()
 5 SYSTEMPATH/CodeIgniter.php(349): CodeIgniter\CodeIgniter->handleRequest()
 6 FCPATH/index.php(57): CodeIgniter\CodeIgniter->run()
CRITICAL - 2024-11-10 22:28:04 --> Undefined property: stdClass::$bill_num
in APPPATH/Helpers/global_helper.php on line 505.
 1 APPPATH/Helpers/global_helper.php(505): CodeIgniter\Debug\Exceptions->errorHandler()
 2 APPPATH/Controllers/Malipo.php(399): doProcessGlobalTransaction()
 3 SYSTEMPATH/CodeIgniter.php(896): App\Controllers\Malipo->nmbrecon()
 4 SYSTEMPATH/CodeIgniter.php(466): CodeIgniter\CodeIgniter->runController()
 5 SYSTEMPATH/CodeIgniter.php(349): CodeIgniter\CodeIgniter->handleRequest()
 6 FCPATH/index.php(57): CodeIgniter\CodeIgniter->run()
CRITICAL - 2024-11-10 22:30:04 --> Undefined property: stdClass::$bill_num
in APPPATH/Helpers/global_helper.php on line 505.
 1 APPPATH/Helpers/global_helper.php(505): CodeIgniter\Debug\Exceptions->errorHandler()
 2 APPPATH/Controllers/Malipo.php(399): doProcessGlobalTransaction()
 3 SYSTEMPATH/CodeIgniter.php(896): App\Controllers\Malipo->nmbrecon()
 4 SYSTEMPATH/CodeIgniter.php(466): CodeIgniter\CodeIgniter->runController()
 5 SYSTEMPATH/CodeIgniter.php(349): CodeIgniter\CodeIgniter->handleRequest()
 6 FCPATH/index.php(57): CodeIgniter\CodeIgniter->run()
CRITICAL - 2024-11-10 22:32:05 --> Undefined property: stdClass::$bill_num
in APPPATH/Helpers/global_helper.php on line 505.
 1 APPPATH/Helpers/global_helper.php(505): CodeIgniter\Debug\Exceptions->errorHandler()
 2 APPPATH/Controllers/Malipo.php(399): doProcessGlobalTransaction()
 3 SYSTEMPATH/CodeIgniter.php(896): App\Controllers\Malipo->nmbrecon()
 4 SYSTEMPATH/CodeIgniter.php(466): CodeIgniter\CodeIgniter->runController()
 5 SYSTEMPATH/CodeIgniter.php(349): CodeIgniter\CodeIgniter->handleRequest()
 6 FCPATH/index.php(57): CodeIgniter\CodeIgniter->run()
CRITICAL - 2024-11-10 22:34:05 --> Undefined property: stdClass::$bill_num
in APPPATH/Helpers/global_helper.php on line 505.
 1 APPPATH/Helpers/global_helper.php(505): CodeIgniter\Debug\Exceptions->errorHandler()
 2 APPPATH/Controllers/Malipo.php(399): doProcessGlobalTransaction()
 3 SYSTEMPATH/CodeIgniter.php(896): App\Controllers\Malipo->nmbrecon()
 4 SYSTEMPATH/CodeIgniter.php(466): CodeIgniter\CodeIgniter->runController()
 5 SYSTEMPATH/CodeIgniter.php(349): CodeIgniter\CodeIgniter->handleRequest()
 6 FCPATH/index.php(57): CodeIgniter\CodeIgniter->run()
CRITICAL - 2024-11-10 22:36:05 --> Undefined property: stdClass::$bill_num
in APPPATH/Helpers/global_helper.php on line 505.
 1 APPPATH/Helpers/global_helper.php(505): CodeIgniter\Debug\Exceptions->errorHandler()
 2 APPPATH/Controllers/Malipo.php(399): doProcessGlobalTransaction()
 3 SYSTEMPATH/CodeIgniter.php(896): App\Controllers\Malipo->nmbrecon()
 4 SYSTEMPATH/CodeIgniter.php(466): CodeIgniter\CodeIgniter->runController()
 5 SYSTEMPATH/CodeIgniter.php(349): CodeIgniter\CodeIgniter->handleRequest()
 6 FCPATH/index.php(57): CodeIgniter\CodeIgniter->run()
CRITICAL - 2024-11-10 22:38:06 --> Undefined property: stdClass::$bill_num
in APPPATH/Helpers/global_helper.php on line 505.
 1 APPPATH/Helpers/global_helper.php(505): CodeIgniter\Debug\Exceptions->errorHandler()
 2 APPPATH/Controllers/Malipo.php(399): doProcessGlobalTransaction()
 3 SYSTEMPATH/CodeIgniter.php(896): App\Controllers\Malipo->nmbrecon()
 4 SYSTEMPATH/CodeIgniter.php(466): CodeIgniter\CodeIgniter->runController()
 5 SYSTEMPATH/CodeIgniter.php(349): CodeIgniter\CodeIgniter->handleRequest()
 6 FCPATH/index.php(57): CodeIgniter\CodeIgniter->run()
CRITICAL - 2024-11-10 22:40:05 --> Undefined property: stdClass::$bill_num
in APPPATH/Helpers/global_helper.php on line 505.
 1 APPPATH/Helpers/global_helper.php(505): CodeIgniter\Debug\Exceptions->errorHandler()
 2 APPPATH/Controllers/Malipo.php(399): doProcessGlobalTransaction()
 3 SYSTEMPATH/CodeIgniter.php(896): App\Controllers\Malipo->nmbrecon()
 4 SYSTEMPATH/CodeIgniter.php(466): CodeIgniter\CodeIgniter->runController()
 5 SYSTEMPATH/CodeIgniter.php(349): CodeIgniter\CodeIgniter->handleRequest()
 6 FCPATH/index.php(57): CodeIgniter\CodeIgniter->run()
CRITICAL - 2024-11-10 22:42:05 --> Undefined property: stdClass::$bill_num
in APPPATH/Helpers/global_helper.php on line 505.
 1 APPPATH/Helpers/global_helper.php(505): CodeIgniter\Debug\Exceptions->errorHandler()
 2 APPPATH/Controllers/Malipo.php(399): doProcessGlobalTransaction()
 3 SYSTEMPATH/CodeIgniter.php(896): App\Controllers\Malipo->nmbrecon()
 4 SYSTEMPATH/CodeIgniter.php(466): CodeIgniter\CodeIgniter->runController()
 5 SYSTEMPATH/CodeIgniter.php(349): CodeIgniter\CodeIgniter->handleRequest()
 6 FCPATH/index.php(57): CodeIgniter\CodeIgniter->run()
CRITICAL - 2024-11-10 22:44:05 --> Undefined property: stdClass::$bill_num
in APPPATH/Helpers/global_helper.php on line 505.
 1 APPPATH/Helpers/global_helper.php(505): CodeIgniter\Debug\Exceptions->errorHandler()
 2 APPPATH/Controllers/Malipo.php(399): doProcessGlobalTransaction()
 3 SYSTEMPATH/CodeIgniter.php(896): App\Controllers\Malipo->nmbrecon()
 4 SYSTEMPATH/CodeIgniter.php(466): CodeIgniter\CodeIgniter->runController()
 5 SYSTEMPATH/CodeIgniter.php(349): CodeIgniter\CodeIgniter->handleRequest()
 6 FCPATH/index.php(57): CodeIgniter\CodeIgniter->run()
CRITICAL - 2024-11-10 22:46:05 --> Undefined property: stdClass::$bill_num
in APPPATH/Helpers/global_helper.php on line 505.
 1 APPPATH/Helpers/global_helper.php(505): CodeIgniter\Debug\Exceptions->errorHandler()
 2 APPPATH/Controllers/Malipo.php(399): doProcessGlobalTransaction()
 3 SYSTEMPATH/CodeIgniter.php(896): App\Controllers\Malipo->nmbrecon()
 4 SYSTEMPATH/CodeIgniter.php(466): CodeIgniter\CodeIgniter->runController()
 5 SYSTEMPATH/CodeIgniter.php(349): CodeIgniter\CodeIgniter->handleRequest()
 6 FCPATH/index.php(57): CodeIgniter\CodeIgniter->run()
CRITICAL - 2024-11-10 22:48:06 --> Undefined property: stdClass::$bill_num
in APPPATH/Helpers/global_helper.php on line 505.
 1 APPPATH/Helpers/global_helper.php(505): CodeIgniter\Debug\Exceptions->errorHandler()
 2 APPPATH/Controllers/Malipo.php(399): doProcessGlobalTransaction()
 3 SYSTEMPATH/CodeIgniter.php(896): App\Controllers\Malipo->nmbrecon()
 4 SYSTEMPATH/CodeIgniter.php(466): CodeIgniter\CodeIgniter->runController()
 5 SYSTEMPATH/CodeIgniter.php(349): CodeIgniter\CodeIgniter->handleRequest()
 6 FCPATH/index.php(57): CodeIgniter\CodeIgniter->run()
CRITICAL - 2024-11-10 22:50:06 --> Undefined property: stdClass::$bill_num
in APPPATH/Helpers/global_helper.php on line 505.
 1 APPPATH/Helpers/global_helper.php(505): CodeIgniter\Debug\Exceptions->errorHandler()
 2 APPPATH/Controllers/Malipo.php(399): doProcessGlobalTransaction()
 3 SYSTEMPATH/CodeIgniter.php(896): App\Controllers\Malipo->nmbrecon()
 4 SYSTEMPATH/CodeIgniter.php(466): CodeIgniter\CodeIgniter->runController()
 5 SYSTEMPATH/CodeIgniter.php(349): CodeIgniter\CodeIgniter->handleRequest()
 6 FCPATH/index.php(57): CodeIgniter\CodeIgniter->run()
CRITICAL - 2024-11-10 22:52:06 --> Undefined property: stdClass::$bill_num
in APPPATH/Helpers/global_helper.php on line 505.
 1 APPPATH/Helpers/global_helper.php(505): CodeIgniter\Debug\Exceptions->errorHandler()
 2 APPPATH/Controllers/Malipo.php(399): doProcessGlobalTransaction()
 3 SYSTEMPATH/CodeIgniter.php(896): App\Controllers\Malipo->nmbrecon()
 4 SYSTEMPATH/CodeIgniter.php(466): CodeIgniter\CodeIgniter->runController()
 5 SYSTEMPATH/CodeIgniter.php(349): CodeIgniter\CodeIgniter->handleRequest()
 6 FCPATH/index.php(57): CodeIgniter\CodeIgniter->run()
CRITICAL - 2024-11-10 22:54:04 --> Undefined property: stdClass::$bill_num
in APPPATH/Helpers/global_helper.php on line 505.
 1 APPPATH/Helpers/global_helper.php(505): CodeIgniter\Debug\Exceptions->errorHandler()
 2 APPPATH/Controllers/Malipo.php(399): doProcessGlobalTransaction()
 3 SYSTEMPATH/CodeIgniter.php(896): App\Controllers\Malipo->nmbrecon()
 4 SYSTEMPATH/CodeIgniter.php(466): CodeIgniter\CodeIgniter->runController()
 5 SYSTEMPATH/CodeIgniter.php(349): CodeIgniter\CodeIgniter->handleRequest()
 6 FCPATH/index.php(57): CodeIgniter\CodeIgniter->run()
CRITICAL - 2024-11-10 22:56:05 --> Undefined property: stdClass::$bill_num
in APPPATH/Helpers/global_helper.php on line 505.
 1 APPPATH/Helpers/global_helper.php(505): CodeIgniter\Debug\Exceptions->errorHandler()
 2 APPPATH/Controllers/Malipo.php(399): doProcessGlobalTransaction()
 3 SYSTEMPATH/CodeIgniter.php(896): App\Controllers\Malipo->nmbrecon()
 4 SYSTEMPATH/CodeIgniter.php(466): CodeIgniter\CodeIgniter->runController()
 5 SYSTEMPATH/CodeIgniter.php(349): CodeIgniter\CodeIgniter->handleRequest()
 6 FCPATH/index.php(57): CodeIgniter\CodeIgniter->run()
CRITICAL - 2024-11-10 22:58:05 --> Undefined property: stdClass::$bill_num
in APPPATH/Helpers/global_helper.php on line 505.
 1 APPPATH/Helpers/global_helper.php(505): CodeIgniter\Debug\Exceptions->errorHandler()
 2 APPPATH/Controllers/Malipo.php(399): doProcessGlobalTransaction()
 3 SYSTEMPATH/CodeIgniter.php(896): App\Controllers\Malipo->nmbrecon()
 4 SYSTEMPATH/CodeIgniter.php(466): CodeIgniter\CodeIgniter->runController()
 5 SYSTEMPATH/CodeIgniter.php(349): CodeIgniter\CodeIgniter->handleRequest()
 6 FCPATH/index.php(57): CodeIgniter\CodeIgniter->run()
CRITICAL - 2024-11-10 23:00:05 --> Undefined property: stdClass::$bill_num
in APPPATH/Helpers/global_helper.php on line 505.
 1 APPPATH/Helpers/global_helper.php(505): CodeIgniter\Debug\Exceptions->errorHandler()
 2 APPPATH/Controllers/Malipo.php(399): doProcessGlobalTransaction()
 3 SYSTEMPATH/CodeIgniter.php(896): App\Controllers\Malipo->nmbrecon()
 4 SYSTEMPATH/CodeIgniter.php(466): CodeIgniter\CodeIgniter->runController()
 5 SYSTEMPATH/CodeIgniter.php(349): CodeIgniter\CodeIgniter->handleRequest()
 6 FCPATH/index.php(57): CodeIgniter\CodeIgniter->run()
CRITICAL - 2024-11-10 23:02:05 --> Undefined property: stdClass::$bill_num
in APPPATH/Helpers/global_helper.php on line 505.
 1 APPPATH/Helpers/global_helper.php(505): CodeIgniter\Debug\Exceptions->errorHandler()
 2 APPPATH/Controllers/Malipo.php(399): doProcessGlobalTransaction()
 3 SYSTEMPATH/CodeIgniter.php(896): App\Controllers\Malipo->nmbrecon()
 4 SYSTEMPATH/CodeIgniter.php(466): CodeIgniter\CodeIgniter->runController()
 5 SYSTEMPATH/CodeIgniter.php(349): CodeIgniter\CodeIgniter->handleRequest()
 6 FCPATH/index.php(57): CodeIgniter\CodeIgniter->run()
CRITICAL - 2024-11-10 23:04:05 --> Undefined property: stdClass::$bill_num
in APPPATH/Helpers/global_helper.php on line 505.
 1 APPPATH/Helpers/global_helper.php(505): CodeIgniter\Debug\Exceptions->errorHandler()
 2 APPPATH/Controllers/Malipo.php(399): doProcessGlobalTransaction()
 3 SYSTEMPATH/CodeIgniter.php(896): App\Controllers\Malipo->nmbrecon()
 4 SYSTEMPATH/CodeIgniter.php(466): CodeIgniter\CodeIgniter->runController()
 5 SYSTEMPATH/CodeIgniter.php(349): CodeIgniter\CodeIgniter->handleRequest()
 6 FCPATH/index.php(57): CodeIgniter\CodeIgniter->run()
CRITICAL - 2024-11-10 23:06:04 --> Undefined property: stdClass::$bill_num
in APPPATH/Helpers/global_helper.php on line 505.
 1 APPPATH/Helpers/global_helper.php(505): CodeIgniter\Debug\Exceptions->errorHandler()
 2 APPPATH/Controllers/Malipo.php(399): doProcessGlobalTransaction()
 3 SYSTEMPATH/CodeIgniter.php(896): App\Controllers\Malipo->nmbrecon()
 4 SYSTEMPATH/CodeIgniter.php(466): CodeIgniter\CodeIgniter->runController()
 5 SYSTEMPATH/CodeIgniter.php(349): CodeIgniter\CodeIgniter->handleRequest()
 6 FCPATH/index.php(57): CodeIgniter\CodeIgniter->run()
CRITICAL - 2024-11-10 23:08:04 --> Undefined property: stdClass::$bill_num
in APPPATH/Helpers/global_helper.php on line 505.
 1 APPPATH/Helpers/global_helper.php(505): CodeIgniter\Debug\Exceptions->errorHandler()
 2 APPPATH/Controllers/Malipo.php(399): doProcessGlobalTransaction()
 3 SYSTEMPATH/CodeIgniter.php(896): App\Controllers\Malipo->nmbrecon()
 4 SYSTEMPATH/CodeIgniter.php(466): CodeIgniter\CodeIgniter->runController()
 5 SYSTEMPATH/CodeIgniter.php(349): CodeIgniter\CodeIgniter->handleRequest()
 6 FCPATH/index.php(57): CodeIgniter\CodeIgniter->run()
CRITICAL - 2024-11-10 23:10:04 --> Undefined property: stdClass::$bill_num
in APPPATH/Helpers/global_helper.php on line 505.
 1 APPPATH/Helpers/global_helper.php(505): CodeIgniter\Debug\Exceptions->errorHandler()
 2 APPPATH/Controllers/Malipo.php(399): doProcessGlobalTransaction()
 3 SYSTEMPATH/CodeIgniter.php(896): App\Controllers\Malipo->nmbrecon()
 4 SYSTEMPATH/CodeIgniter.php(466): CodeIgniter\CodeIgniter->runController()
 5 SYSTEMPATH/CodeIgniter.php(349): CodeIgniter\CodeIgniter->handleRequest()
 6 FCPATH/index.php(57): CodeIgniter\CodeIgniter->run()
CRITICAL - 2024-11-10 23:12:06 --> Undefined property: stdClass::$bill_num
in APPPATH/Helpers/global_helper.php on line 505.
 1 APPPATH/Helpers/global_helper.php(505): CodeIgniter\Debug\Exceptions->errorHandler()
 2 APPPATH/Controllers/Malipo.php(399): doProcessGlobalTransaction()
 3 SYSTEMPATH/CodeIgniter.php(896): App\Controllers\Malipo->nmbrecon()
 4 SYSTEMPATH/CodeIgniter.php(466): CodeIgniter\CodeIgniter->runController()
 5 SYSTEMPATH/CodeIgniter.php(349): CodeIgniter\CodeIgniter->handleRequest()
 6 FCPATH/index.php(57): CodeIgniter\CodeIgniter->run()
CRITICAL - 2024-11-10 23:14:05 --> Undefined property: stdClass::$bill_num
in APPPATH/Helpers/global_helper.php on line 505.
 1 APPPATH/Helpers/global_helper.php(505): CodeIgniter\Debug\Exceptions->errorHandler()
 2 APPPATH/Controllers/Malipo.php(399): doProcessGlobalTransaction()
 3 SYSTEMPATH/CodeIgniter.php(896): App\Controllers\Malipo->nmbrecon()
 4 SYSTEMPATH/CodeIgniter.php(466): CodeIgniter\CodeIgniter->runController()
 5 SYSTEMPATH/CodeIgniter.php(349): CodeIgniter\CodeIgniter->handleRequest()
 6 FCPATH/index.php(57): CodeIgniter\CodeIgniter->run()
CRITICAL - 2024-11-10 23:16:05 --> Undefined property: stdClass::$bill_num
in APPPATH/Helpers/global_helper.php on line 505.
 1 APPPATH/Helpers/global_helper.php(505): CodeIgniter\Debug\Exceptions->errorHandler()
 2 APPPATH/Controllers/Malipo.php(399): doProcessGlobalTransaction()
 3 SYSTEMPATH/CodeIgniter.php(896): App\Controllers\Malipo->nmbrecon()
 4 SYSTEMPATH/CodeIgniter.php(466): CodeIgniter\CodeIgniter->runController()
 5 SYSTEMPATH/CodeIgniter.php(349): CodeIgniter\CodeIgniter->handleRequest()
 6 FCPATH/index.php(57): CodeIgniter\CodeIgniter->run()
CRITICAL - 2024-11-10 23:18:05 --> Undefined property: stdClass::$bill_num
in APPPATH/Helpers/global_helper.php on line 505.
 1 APPPATH/Helpers/global_helper.php(505): CodeIgniter\Debug\Exceptions->errorHandler()
 2 APPPATH/Controllers/Malipo.php(399): doProcessGlobalTransaction()
 3 SYSTEMPATH/CodeIgniter.php(896): App\Controllers\Malipo->nmbrecon()
 4 SYSTEMPATH/CodeIgniter.php(466): CodeIgniter\CodeIgniter->runController()
 5 SYSTEMPATH/CodeIgniter.php(349): CodeIgniter\CodeIgniter->handleRequest()
 6 FCPATH/index.php(57): CodeIgniter\CodeIgniter->run()
CRITICAL - 2024-11-10 23:20:04 --> Undefined property: stdClass::$bill_num
in APPPATH/Helpers/global_helper.php on line 505.
 1 APPPATH/Helpers/global_helper.php(505): CodeIgniter\Debug\Exceptions->errorHandler()
 2 APPPATH/Controllers/Malipo.php(399): doProcessGlobalTransaction()
 3 SYSTEMPATH/CodeIgniter.php(896): App\Controllers\Malipo->nmbrecon()
 4 SYSTEMPATH/CodeIgniter.php(466): CodeIgniter\CodeIgniter->runController()
 5 SYSTEMPATH/CodeIgniter.php(349): CodeIgniter\CodeIgniter->handleRequest()
 6 FCPATH/index.php(57): CodeIgniter\CodeIgniter->run()
CRITICAL - 2024-11-10 23:22:04 --> Undefined property: stdClass::$bill_num
in APPPATH/Helpers/global_helper.php on line 505.
 1 APPPATH/Helpers/global_helper.php(505): CodeIgniter\Debug\Exceptions->errorHandler()
 2 APPPATH/Controllers/Malipo.php(399): doProcessGlobalTransaction()
 3 SYSTEMPATH/CodeIgniter.php(896): App\Controllers\Malipo->nmbrecon()
 4 SYSTEMPATH/CodeIgniter.php(466): CodeIgniter\CodeIgniter->runController()
 5 SYSTEMPATH/CodeIgniter.php(349): CodeIgniter\CodeIgniter->handleRequest()
 6 FCPATH/index.php(57): CodeIgniter\CodeIgniter->run()
CRITICAL - 2024-11-10 23:24:05 --> Undefined property: stdClass::$bill_num
in APPPATH/Helpers/global_helper.php on line 505.
 1 APPPATH/Helpers/global_helper.php(505): CodeIgniter\Debug\Exceptions->errorHandler()
 2 APPPATH/Controllers/Malipo.php(399): doProcessGlobalTransaction()
 3 SYSTEMPATH/CodeIgniter.php(896): App\Controllers\Malipo->nmbrecon()
 4 SYSTEMPATH/CodeIgniter.php(466): CodeIgniter\CodeIgniter->runController()
 5 SYSTEMPATH/CodeIgniter.php(349): CodeIgniter\CodeIgniter->handleRequest()
 6 FCPATH/index.php(57): CodeIgniter\CodeIgniter->run()
CRITICAL - 2024-11-10 23:26:05 --> Undefined property: stdClass::$bill_num
in APPPATH/Helpers/global_helper.php on line 505.
 1 APPPATH/Helpers/global_helper.php(505): CodeIgniter\Debug\Exceptions->errorHandler()
 2 APPPATH/Controllers/Malipo.php(399): doProcessGlobalTransaction()
 3 SYSTEMPATH/CodeIgniter.php(896): App\Controllers\Malipo->nmbrecon()
 4 SYSTEMPATH/CodeIgniter.php(466): CodeIgniter\CodeIgniter->runController()
 5 SYSTEMPATH/CodeIgniter.php(349): CodeIgniter\CodeIgniter->handleRequest()
 6 FCPATH/index.php(57): CodeIgniter\CodeIgniter->run()
CRITICAL - 2024-11-10 23:28:06 --> Undefined property: stdClass::$bill_num
in APPPATH/Helpers/global_helper.php on line 505.
 1 APPPATH/Helpers/global_helper.php(505): CodeIgniter\Debug\Exceptions->errorHandler()
 2 APPPATH/Controllers/Malipo.php(399): doProcessGlobalTransaction()
 3 SYSTEMPATH/CodeIgniter.php(896): App\Controllers\Malipo->nmbrecon()
 4 SYSTEMPATH/CodeIgniter.php(466): CodeIgniter\CodeIgniter->runController()
 5 SYSTEMPATH/CodeIgniter.php(349): CodeIgniter\CodeIgniter->handleRequest()
 6 FCPATH/index.php(57): CodeIgniter\CodeIgniter->run()
CRITICAL - 2024-11-10 23:30:05 --> Undefined property: stdClass::$bill_num
in APPPATH/Helpers/global_helper.php on line 505.
 1 APPPATH/Helpers/global_helper.php(505): CodeIgniter\Debug\Exceptions->errorHandler()
 2 APPPATH/Controllers/Malipo.php(399): doProcessGlobalTransaction()
 3 SYSTEMPATH/CodeIgniter.php(896): App\Controllers\Malipo->nmbrecon()
 4 SYSTEMPATH/CodeIgniter.php(466): CodeIgniter\CodeIgniter->runController()
 5 SYSTEMPATH/CodeIgniter.php(349): CodeIgniter\CodeIgniter->handleRequest()
 6 FCPATH/index.php(57): CodeIgniter\CodeIgniter->run()
CRITICAL - 2024-11-10 23:32:04 --> Undefined property: stdClass::$bill_num
in APPPATH/Helpers/global_helper.php on line 505.
 1 APPPATH/Helpers/global_helper.php(505): CodeIgniter\Debug\Exceptions->errorHandler()
 2 APPPATH/Controllers/Malipo.php(399): doProcessGlobalTransaction()
 3 SYSTEMPATH/CodeIgniter.php(896): App\Controllers\Malipo->nmbrecon()
 4 SYSTEMPATH/CodeIgniter.php(466): CodeIgniter\CodeIgniter->runController()
 5 SYSTEMPATH/CodeIgniter.php(349): CodeIgniter\CodeIgniter->handleRequest()
 6 FCPATH/index.php(57): CodeIgniter\CodeIgniter->run()
CRITICAL - 2024-11-10 23:34:04 --> Undefined property: stdClass::$bill_num
in APPPATH/Helpers/global_helper.php on line 505.
 1 APPPATH/Helpers/global_helper.php(505): CodeIgniter\Debug\Exceptions->errorHandler()
 2 APPPATH/Controllers/Malipo.php(399): doProcessGlobalTransaction()
 3 SYSTEMPATH/CodeIgniter.php(896): App\Controllers\Malipo->nmbrecon()
 4 SYSTEMPATH/CodeIgniter.php(466): CodeIgniter\CodeIgniter->runController()
 5 SYSTEMPATH/CodeIgniter.php(349): CodeIgniter\CodeIgniter->handleRequest()
 6 FCPATH/index.php(57): CodeIgniter\CodeIgniter->run()
CRITICAL - 2024-11-10 23:36:04 --> Undefined property: stdClass::$bill_num
in APPPATH/Helpers/global_helper.php on line 505.
 1 APPPATH/Helpers/global_helper.php(505): CodeIgniter\Debug\Exceptions->errorHandler()
 2 APPPATH/Controllers/Malipo.php(399): doProcessGlobalTransaction()
 3 SYSTEMPATH/CodeIgniter.php(896): App\Controllers\Malipo->nmbrecon()
 4 SYSTEMPATH/CodeIgniter.php(466): CodeIgniter\CodeIgniter->runController()
 5 SYSTEMPATH/CodeIgniter.php(349): CodeIgniter\CodeIgniter->handleRequest()
 6 FCPATH/index.php(57): CodeIgniter\CodeIgniter->run()
CRITICAL - 2024-11-10 23:38:04 --> Undefined property: stdClass::$bill_num
in APPPATH/Helpers/global_helper.php on line 505.
 1 APPPATH/Helpers/global_helper.php(505): CodeIgniter\Debug\Exceptions->errorHandler()
 2 APPPATH/Controllers/Malipo.php(399): doProcessGlobalTransaction()
 3 SYSTEMPATH/CodeIgniter.php(896): App\Controllers\Malipo->nmbrecon()
 4 SYSTEMPATH/CodeIgniter.php(466): CodeIgniter\CodeIgniter->runController()
 5 SYSTEMPATH/CodeIgniter.php(349): CodeIgniter\CodeIgniter->handleRequest()
 6 FCPATH/index.php(57): CodeIgniter\CodeIgniter->run()
CRITICAL - 2024-11-10 23:40:04 --> Undefined property: stdClass::$bill_num
in APPPATH/Helpers/global_helper.php on line 505.
 1 APPPATH/Helpers/global_helper.php(505): CodeIgniter\Debug\Exceptions->errorHandler()
 2 APPPATH/Controllers/Malipo.php(399): doProcessGlobalTransaction()
 3 SYSTEMPATH/CodeIgniter.php(896): App\Controllers\Malipo->nmbrecon()
 4 SYSTEMPATH/CodeIgniter.php(466): CodeIgniter\CodeIgniter->runController()
 5 SYSTEMPATH/CodeIgniter.php(349): CodeIgniter\CodeIgniter->handleRequest()
 6 FCPATH/index.php(57): CodeIgniter\CodeIgniter->run()
CRITICAL - 2024-11-10 23:42:04 --> Undefined property: stdClass::$bill_num
in APPPATH/Helpers/global_helper.php on line 505.
 1 APPPATH/Helpers/global_helper.php(505): CodeIgniter\Debug\Exceptions->errorHandler()
 2 APPPATH/Controllers/Malipo.php(399): doProcessGlobalTransaction()
 3 SYSTEMPATH/CodeIgniter.php(896): App\Controllers\Malipo->nmbrecon()
 4 SYSTEMPATH/CodeIgniter.php(466): CodeIgniter\CodeIgniter->runController()
 5 SYSTEMPATH/CodeIgniter.php(349): CodeIgniter\CodeIgniter->handleRequest()
 6 FCPATH/index.php(57): CodeIgniter\CodeIgniter->run()
CRITICAL - 2024-11-10 23:44:05 --> Undefined property: stdClass::$bill_num
in APPPATH/Helpers/global_helper.php on line 505.
 1 APPPATH/Helpers/global_helper.php(505): CodeIgniter\Debug\Exceptions->errorHandler()
 2 APPPATH/Controllers/Malipo.php(399): doProcessGlobalTransaction()
 3 SYSTEMPATH/CodeIgniter.php(896): App\Controllers\Malipo->nmbrecon()
 4 SYSTEMPATH/CodeIgniter.php(466): CodeIgniter\CodeIgniter->runController()
 5 SYSTEMPATH/CodeIgniter.php(349): CodeIgniter\CodeIgniter->handleRequest()
 6 FCPATH/index.php(57): CodeIgniter\CodeIgniter->run()
CRITICAL - 2024-11-10 23:46:04 --> Undefined property: stdClass::$bill_num
in APPPATH/Helpers/global_helper.php on line 505.
 1 APPPATH/Helpers/global_helper.php(505): CodeIgniter\Debug\Exceptions->errorHandler()
 2 APPPATH/Controllers/Malipo.php(399): doProcessGlobalTransaction()
 3 SYSTEMPATH/CodeIgniter.php(896): App\Controllers\Malipo->nmbrecon()
 4 SYSTEMPATH/CodeIgniter.php(466): CodeIgniter\CodeIgniter->runController()
 5 SYSTEMPATH/CodeIgniter.php(349): CodeIgniter\CodeIgniter->handleRequest()
 6 FCPATH/index.php(57): CodeIgniter\CodeIgniter->run()
CRITICAL - 2024-11-10 23:48:04 --> Undefined property: stdClass::$bill_num
in APPPATH/Helpers/global_helper.php on line 505.
 1 APPPATH/Helpers/global_helper.php(505): CodeIgniter\Debug\Exceptions->errorHandler()
 2 APPPATH/Controllers/Malipo.php(399): doProcessGlobalTransaction()
 3 SYSTEMPATH/CodeIgniter.php(896): App\Controllers\Malipo->nmbrecon()
 4 SYSTEMPATH/CodeIgniter.php(466): CodeIgniter\CodeIgniter->runController()
 5 SYSTEMPATH/CodeIgniter.php(349): CodeIgniter\CodeIgniter->handleRequest()
 6 FCPATH/index.php(57): CodeIgniter\CodeIgniter->run()
CRITICAL - 2024-11-10 23:50:04 --> Undefined property: stdClass::$bill_num
in APPPATH/Helpers/global_helper.php on line 505.
 1 APPPATH/Helpers/global_helper.php(505): CodeIgniter\Debug\Exceptions->errorHandler()
 2 APPPATH/Controllers/Malipo.php(399): doProcessGlobalTransaction()
 3 SYSTEMPATH/CodeIgniter.php(896): App\Controllers\Malipo->nmbrecon()
 4 SYSTEMPATH/CodeIgniter.php(466): CodeIgniter\CodeIgniter->runController()
 5 SYSTEMPATH/CodeIgniter.php(349): CodeIgniter\CodeIgniter->handleRequest()
 6 FCPATH/index.php(57): CodeIgniter\CodeIgniter->run()
CRITICAL - 2024-11-10 23:52:04 --> Undefined property: stdClass::$bill_num
in APPPATH/Helpers/global_helper.php on line 505.
 1 APPPATH/Helpers/global_helper.php(505): CodeIgniter\Debug\Exceptions->errorHandler()
 2 APPPATH/Controllers/Malipo.php(399): doProcessGlobalTransaction()
 3 SYSTEMPATH/CodeIgniter.php(896): App\Controllers\Malipo->nmbrecon()
 4 SYSTEMPATH/CodeIgniter.php(466): CodeIgniter\CodeIgniter->runController()
 5 SYSTEMPATH/CodeIgniter.php(349): CodeIgniter\CodeIgniter->handleRequest()
 6 FCPATH/index.php(57): CodeIgniter\CodeIgniter->run()
CRITICAL - 2024-11-10 23:54:05 --> Undefined property: stdClass::$bill_num
in APPPATH/Helpers/global_helper.php on line 505.
 1 APPPATH/Helpers/global_helper.php(505): CodeIgniter\Debug\Exceptions->errorHandler()
 2 APPPATH/Controllers/Malipo.php(399): doProcessGlobalTransaction()
 3 SYSTEMPATH/CodeIgniter.php(896): App\Controllers\Malipo->nmbrecon()
 4 SYSTEMPATH/CodeIgniter.php(466): CodeIgniter\CodeIgniter->runController()
 5 SYSTEMPATH/CodeIgniter.php(349): CodeIgniter\CodeIgniter->handleRequest()
 6 FCPATH/index.php(57): CodeIgniter\CodeIgniter->run()
CRITICAL - 2024-11-10 23:56:05 --> Undefined property: stdClass::$bill_num
in APPPATH/Helpers/global_helper.php on line 505.
 1 APPPATH/Helpers/global_helper.php(505): CodeIgniter\Debug\Exceptions->errorHandler()
 2 APPPATH/Controllers/Malipo.php(399): doProcessGlobalTransaction()
 3 SYSTEMPATH/CodeIgniter.php(896): App\Controllers\Malipo->nmbrecon()
 4 SYSTEMPATH/CodeIgniter.php(466): CodeIgniter\CodeIgniter->runController()
 5 SYSTEMPATH/CodeIgniter.php(349): CodeIgniter\CodeIgniter->handleRequest()
 6 FCPATH/index.php(57): CodeIgniter\CodeIgniter->run()
CRITICAL - 2024-11-10 23:58:04 --> Undefined property: stdClass::$bill_num
in APPPATH/Helpers/global_helper.php on line 505.
 1 APPPATH/Helpers/global_helper.php(505): CodeIgniter\Debug\Exceptions->errorHandler()
 2 APPPATH/Controllers/Malipo.php(399): doProcessGlobalTransaction()
 3 SYSTEMPATH/CodeIgniter.php(896): App\Controllers\Malipo->nmbrecon()
 4 SYSTEMPATH/CodeIgniter.php(466): CodeIgniter\CodeIgniter->runController()
 5 SYSTEMPATH/CodeIgniter.php(349): CodeIgniter\CodeIgniter->handleRequest()
 6 FCPATH/index.php(57): CodeIgniter\CodeIgniter->run()
