CRITICAL - 2024-12-03 03:17:13 --> Undefined array key "data"
in APPPATH/Helpers/global_helper.php on line 154.
 1 APPPATH/Helpers/global_helper.php(154): CodeIgniter\Debug\Exceptions->errorHandler()
 2 APPPATH/Controllers/Malipo.php(294): dispResponseCRDBValidate()
 3 SYSTEMPATH/CodeIgniter.php(896): App\Controllers\Malipo->crdbverify()
 4 SYSTEMPATH/CodeIgniter.php(466): CodeIgniter\CodeIgniter->runController()
 5 SYSTEMPATH/CodeIgniter.php(349): CodeIgniter\CodeIgniter->handleRequest()
 6 FCPATH/index.php(57): CodeIgniter\CodeIgniter->run()
CRITICAL - 2024-12-03 04:53:52 --> Undefined array key "data"
in APPPATH/Helpers/global_helper.php on line 154.
 1 APPPATH/Helpers/global_helper.php(154): CodeIgniter\Debug\Exceptions->errorHandler()
 2 APPPATH/Controllers/Malipo.php(294): dispResponseCRDBValidate()
 3 SYSTEMPATH/CodeIgniter.php(896): App\Controllers\Malipo->crdbverify()
 4 SYSTEMPATH/CodeIgniter.php(466): CodeIgniter\CodeIgniter->runController()
 5 SYSTEMPATH/CodeIgniter.php(349): CodeIgniter\CodeIgniter->handleRequest()
 6 FCPATH/index.php(57): CodeIgniter\CodeIgniter->run()
CRITICAL - 2024-12-03 04:54:12 --> Undefined array key "data"
in APPPATH/Helpers/global_helper.php on line 154.
 1 APPPATH/Helpers/global_helper.php(154): CodeIgniter\Debug\Exceptions->errorHandler()
 2 APPPATH/Controllers/Malipo.php(294): dispResponseCRDBValidate()
 3 SYSTEMPATH/CodeIgniter.php(896): App\Controllers\Malipo->crdbverify()
 4 SYSTEMPATH/CodeIgniter.php(466): CodeIgniter\CodeIgniter->runController()
 5 SYSTEMPATH/CodeIgniter.php(349): CodeIgniter\CodeIgniter->handleRequest()
 6 FCPATH/index.php(57): CodeIgniter\CodeIgniter->run()
CRITICAL - 2024-12-03 05:01:46 --> Undefined array key "data"
in APPPATH/Helpers/global_helper.php on line 154.
 1 APPPATH/Helpers/global_helper.php(154): CodeIgniter\Debug\Exceptions->errorHandler()
 2 APPPATH/Controllers/Malipo.php(294): dispResponseCRDBValidate()
 3 SYSTEMPATH/CodeIgniter.php(896): App\Controllers\Malipo->crdbverify()
 4 SYSTEMPATH/CodeIgniter.php(466): CodeIgniter\CodeIgniter->runController()
 5 SYSTEMPATH/CodeIgniter.php(349): CodeIgniter\CodeIgniter->handleRequest()
 6 FCPATH/index.php(57): CodeIgniter\CodeIgniter->run()
CRITICAL - 2024-12-03 06:16:00 --> Undefined array key "data"
in APPPATH/Helpers/global_helper.php on line 154.
 1 APPPATH/Helpers/global_helper.php(154): CodeIgniter\Debug\Exceptions->errorHandler()
 2 APPPATH/Controllers/Malipo.php(294): dispResponseCRDBValidate()
 3 SYSTEMPATH/CodeIgniter.php(896): App\Controllers\Malipo->crdbverify()
 4 SYSTEMPATH/CodeIgniter.php(466): CodeIgniter\CodeIgniter->runController()
 5 SYSTEMPATH/CodeIgniter.php(349): CodeIgniter\CodeIgniter->handleRequest()
 6 FCPATH/index.php(57): CodeIgniter\CodeIgniter->run()
CRITICAL - 2024-12-03 07:37:11 --> Undefined array key "amount"
in APPPATH/Helpers/global_helper.php on line 499.
 1 APPPATH/Helpers/global_helper.php(499): CodeIgniter\Debug\Exceptions->errorHandler()
 2 APPPATH/Helpers/global_helper.php(480): doProcessGlobalTransaction()
 3 APPPATH/Controllers/Malipo.php(312): doProcessCRDBTransaction()
 4 SYSTEMPATH/CodeIgniter.php(896): App\Controllers\Malipo->crdbpost()
 5 SYSTEMPATH/CodeIgniter.php(466): CodeIgniter\CodeIgniter->runController()
 6 SYSTEMPATH/CodeIgniter.php(349): CodeIgniter\CodeIgniter->handleRequest()
 7 FCPATH/index.php(57): CodeIgniter\CodeIgniter->run()
CRITICAL - 2024-12-03 07:37:47 --> Undefined array key "amount"
in APPPATH/Helpers/global_helper.php on line 499.
 1 APPPATH/Helpers/global_helper.php(499): CodeIgniter\Debug\Exceptions->errorHandler()
 2 APPPATH/Helpers/global_helper.php(480): doProcessGlobalTransaction()
 3 APPPATH/Controllers/Malipo.php(312): doProcessCRDBTransaction()
 4 SYSTEMPATH/CodeIgniter.php(896): App\Controllers\Malipo->crdbpost()
 5 SYSTEMPATH/CodeIgniter.php(466): CodeIgniter\CodeIgniter->runController()
 6 SYSTEMPATH/CodeIgniter.php(349): CodeIgniter\CodeIgniter->handleRequest()
 7 FCPATH/index.php(57): CodeIgniter\CodeIgniter->run()
CRITICAL - 2024-12-03 08:01:22 --> Undefined property: stdClass::$reference
in APPPATH/Helpers/global_helper.php on line 914.
 1 APPPATH/Helpers/global_helper.php(914): CodeIgniter\Debug\Exceptions->errorHandler()
 2 APPPATH/Controllers/Malipo.php(476): nmbGenSubmitJson()
 3 SYSTEMPATH/CodeIgniter.php(896): App\Controllers\Malipo->nmbbillrequest()
 4 SYSTEMPATH/CodeIgniter.php(466): CodeIgniter\CodeIgniter->runController()
 5 SYSTEMPATH/CodeIgniter.php(349): CodeIgniter\CodeIgniter->handleRequest()
 6 FCPATH/index.php(57): CodeIgniter\CodeIgniter->run()
CRITICAL - 2024-12-03 08:01:48 --> Undefined property: stdClass::$reference
in APPPATH/Helpers/global_helper.php on line 914.
 1 APPPATH/Helpers/global_helper.php(914): CodeIgniter\Debug\Exceptions->errorHandler()
 2 APPPATH/Controllers/Malipo.php(476): nmbGenSubmitJson()
 3 SYSTEMPATH/CodeIgniter.php(896): App\Controllers\Malipo->nmbbillrequest()
 4 SYSTEMPATH/CodeIgniter.php(466): CodeIgniter\CodeIgniter->runController()
 5 SYSTEMPATH/CodeIgniter.php(349): CodeIgniter\CodeIgniter->handleRequest()
 6 FCPATH/index.php(57): CodeIgniter\CodeIgniter->run()
CRITICAL - 2024-12-03 08:24:09 --> Undefined array key "amount"
in APPPATH/Helpers/global_helper.php on line 499.
 1 APPPATH/Helpers/global_helper.php(499): CodeIgniter\Debug\Exceptions->errorHandler()
 2 APPPATH/Helpers/global_helper.php(480): doProcessGlobalTransaction()
 3 APPPATH/Controllers/Malipo.php(312): doProcessCRDBTransaction()
 4 SYSTEMPATH/CodeIgniter.php(896): App\Controllers\Malipo->crdbpost()
 5 SYSTEMPATH/CodeIgniter.php(466): CodeIgniter\CodeIgniter->runController()
 6 SYSTEMPATH/CodeIgniter.php(349): CodeIgniter\CodeIgniter->handleRequest()
 7 FCPATH/index.php(57): CodeIgniter\CodeIgniter->run()
CRITICAL - 2024-12-03 09:42:29 --> Undefined property: stdClass::$bill_num
in APPPATH/Helpers/global_helper.php on line 505.
 1 APPPATH/Helpers/global_helper.php(505): CodeIgniter\Debug\Exceptions->errorHandler()
 2 APPPATH/Helpers/global_helper.php(488): doProcessGlobalTransaction()
 3 APPPATH/Controllers/Malipo.php(502): doProcessNMBTransaction()
 4 SYSTEMPATH/CodeIgniter.php(896): App\Controllers\Malipo->nmbprocesscallback()
 5 SYSTEMPATH/CodeIgniter.php(466): CodeIgniter\CodeIgniter->runController()
 6 SYSTEMPATH/CodeIgniter.php(349): CodeIgniter\CodeIgniter->handleRequest()
 7 FCPATH/index.php(57): CodeIgniter\CodeIgniter->run()
CRITICAL - 2024-12-03 09:44:04 --> Undefined property: stdClass::$bill_num
in APPPATH/Helpers/global_helper.php on line 505.
 1 APPPATH/Helpers/global_helper.php(505): CodeIgniter\Debug\Exceptions->errorHandler()
 2 APPPATH/Controllers/Malipo.php(399): doProcessGlobalTransaction()
 3 SYSTEMPATH/CodeIgniter.php(896): App\Controllers\Malipo->nmbrecon()
 4 SYSTEMPATH/CodeIgniter.php(466): CodeIgniter\CodeIgniter->runController()
 5 SYSTEMPATH/CodeIgniter.php(349): CodeIgniter\CodeIgniter->handleRequest()
 6 FCPATH/index.php(57): CodeIgniter\CodeIgniter->run()
CRITICAL - 2024-12-03 09:46:04 --> Undefined property: stdClass::$bill_num
in APPPATH/Helpers/global_helper.php on line 505.
 1 APPPATH/Helpers/global_helper.php(505): CodeIgniter\Debug\Exceptions->errorHandler()
 2 APPPATH/Controllers/Malipo.php(399): doProcessGlobalTransaction()
 3 SYSTEMPATH/CodeIgniter.php(896): App\Controllers\Malipo->nmbrecon()
 4 SYSTEMPATH/CodeIgniter.php(466): CodeIgniter\CodeIgniter->runController()
 5 SYSTEMPATH/CodeIgniter.php(349): CodeIgniter\CodeIgniter->handleRequest()
 6 FCPATH/index.php(57): CodeIgniter\CodeIgniter->run()
CRITICAL - 2024-12-03 09:48:04 --> Undefined property: stdClass::$bill_num
in APPPATH/Helpers/global_helper.php on line 505.
 1 APPPATH/Helpers/global_helper.php(505): CodeIgniter\Debug\Exceptions->errorHandler()
 2 APPPATH/Controllers/Malipo.php(399): doProcessGlobalTransaction()
 3 SYSTEMPATH/CodeIgniter.php(896): App\Controllers\Malipo->nmbrecon()
 4 SYSTEMPATH/CodeIgniter.php(466): CodeIgniter\CodeIgniter->runController()
 5 SYSTEMPATH/CodeIgniter.php(349): CodeIgniter\CodeIgniter->handleRequest()
 6 FCPATH/index.php(57): CodeIgniter\CodeIgniter->run()
CRITICAL - 2024-12-03 09:50:05 --> Undefined property: stdClass::$bill_num
in APPPATH/Helpers/global_helper.php on line 505.
 1 APPPATH/Helpers/global_helper.php(505): CodeIgniter\Debug\Exceptions->errorHandler()
 2 APPPATH/Controllers/Malipo.php(399): doProcessGlobalTransaction()
 3 SYSTEMPATH/CodeIgniter.php(896): App\Controllers\Malipo->nmbrecon()
 4 SYSTEMPATH/CodeIgniter.php(466): CodeIgniter\CodeIgniter->runController()
 5 SYSTEMPATH/CodeIgniter.php(349): CodeIgniter\CodeIgniter->handleRequest()
 6 FCPATH/index.php(57): CodeIgniter\CodeIgniter->run()
CRITICAL - 2024-12-03 09:52:04 --> Undefined property: stdClass::$bill_num
in APPPATH/Helpers/global_helper.php on line 505.
 1 APPPATH/Helpers/global_helper.php(505): CodeIgniter\Debug\Exceptions->errorHandler()
 2 APPPATH/Controllers/Malipo.php(399): doProcessGlobalTransaction()
 3 SYSTEMPATH/CodeIgniter.php(896): App\Controllers\Malipo->nmbrecon()
 4 SYSTEMPATH/CodeIgniter.php(466): CodeIgniter\CodeIgniter->runController()
 5 SYSTEMPATH/CodeIgniter.php(349): CodeIgniter\CodeIgniter->handleRequest()
 6 FCPATH/index.php(57): CodeIgniter\CodeIgniter->run()
CRITICAL - 2024-12-03 09:54:04 --> Undefined property: stdClass::$bill_num
in APPPATH/Helpers/global_helper.php on line 505.
 1 APPPATH/Helpers/global_helper.php(505): CodeIgniter\Debug\Exceptions->errorHandler()
 2 APPPATH/Controllers/Malipo.php(399): doProcessGlobalTransaction()
 3 SYSTEMPATH/CodeIgniter.php(896): App\Controllers\Malipo->nmbrecon()
 4 SYSTEMPATH/CodeIgniter.php(466): CodeIgniter\CodeIgniter->runController()
 5 SYSTEMPATH/CodeIgniter.php(349): CodeIgniter\CodeIgniter->handleRequest()
 6 FCPATH/index.php(57): CodeIgniter\CodeIgniter->run()
CRITICAL - 2024-12-03 09:56:04 --> Undefined property: stdClass::$bill_num
in APPPATH/Helpers/global_helper.php on line 505.
 1 APPPATH/Helpers/global_helper.php(505): CodeIgniter\Debug\Exceptions->errorHandler()
 2 APPPATH/Controllers/Malipo.php(399): doProcessGlobalTransaction()
 3 SYSTEMPATH/CodeIgniter.php(896): App\Controllers\Malipo->nmbrecon()
 4 SYSTEMPATH/CodeIgniter.php(466): CodeIgniter\CodeIgniter->runController()
 5 SYSTEMPATH/CodeIgniter.php(349): CodeIgniter\CodeIgniter->handleRequest()
 6 FCPATH/index.php(57): CodeIgniter\CodeIgniter->run()
CRITICAL - 2024-12-03 09:58:04 --> Undefined property: stdClass::$bill_num
in APPPATH/Helpers/global_helper.php on line 505.
 1 APPPATH/Helpers/global_helper.php(505): CodeIgniter\Debug\Exceptions->errorHandler()
 2 APPPATH/Controllers/Malipo.php(399): doProcessGlobalTransaction()
 3 SYSTEMPATH/CodeIgniter.php(896): App\Controllers\Malipo->nmbrecon()
 4 SYSTEMPATH/CodeIgniter.php(466): CodeIgniter\CodeIgniter->runController()
 5 SYSTEMPATH/CodeIgniter.php(349): CodeIgniter\CodeIgniter->handleRequest()
 6 FCPATH/index.php(57): CodeIgniter\CodeIgniter->run()
CRITICAL - 2024-12-03 10:00:05 --> Undefined property: stdClass::$bill_num
in APPPATH/Helpers/global_helper.php on line 505.
 1 APPPATH/Helpers/global_helper.php(505): CodeIgniter\Debug\Exceptions->errorHandler()
 2 APPPATH/Controllers/Malipo.php(399): doProcessGlobalTransaction()
 3 SYSTEMPATH/CodeIgniter.php(896): App\Controllers\Malipo->nmbrecon()
 4 SYSTEMPATH/CodeIgniter.php(466): CodeIgniter\CodeIgniter->runController()
 5 SYSTEMPATH/CodeIgniter.php(349): CodeIgniter\CodeIgniter->handleRequest()
 6 FCPATH/index.php(57): CodeIgniter\CodeIgniter->run()
CRITICAL - 2024-12-03 10:02:04 --> Undefined property: stdClass::$bill_num
in APPPATH/Helpers/global_helper.php on line 505.
 1 APPPATH/Helpers/global_helper.php(505): CodeIgniter\Debug\Exceptions->errorHandler()
 2 APPPATH/Controllers/Malipo.php(399): doProcessGlobalTransaction()
 3 SYSTEMPATH/CodeIgniter.php(896): App\Controllers\Malipo->nmbrecon()
 4 SYSTEMPATH/CodeIgniter.php(466): CodeIgniter\CodeIgniter->runController()
 5 SYSTEMPATH/CodeIgniter.php(349): CodeIgniter\CodeIgniter->handleRequest()
 6 FCPATH/index.php(57): CodeIgniter\CodeIgniter->run()
CRITICAL - 2024-12-03 10:04:04 --> Undefined property: stdClass::$bill_num
in APPPATH/Helpers/global_helper.php on line 505.
 1 APPPATH/Helpers/global_helper.php(505): CodeIgniter\Debug\Exceptions->errorHandler()
 2 APPPATH/Controllers/Malipo.php(399): doProcessGlobalTransaction()
 3 SYSTEMPATH/CodeIgniter.php(896): App\Controllers\Malipo->nmbrecon()
 4 SYSTEMPATH/CodeIgniter.php(466): CodeIgniter\CodeIgniter->runController()
 5 SYSTEMPATH/CodeIgniter.php(349): CodeIgniter\CodeIgniter->handleRequest()
 6 FCPATH/index.php(57): CodeIgniter\CodeIgniter->run()
CRITICAL - 2024-12-03 10:06:04 --> Undefined property: stdClass::$bill_num
in APPPATH/Helpers/global_helper.php on line 505.
 1 APPPATH/Helpers/global_helper.php(505): CodeIgniter\Debug\Exceptions->errorHandler()
 2 APPPATH/Controllers/Malipo.php(399): doProcessGlobalTransaction()
 3 SYSTEMPATH/CodeIgniter.php(896): App\Controllers\Malipo->nmbrecon()
 4 SYSTEMPATH/CodeIgniter.php(466): CodeIgniter\CodeIgniter->runController()
 5 SYSTEMPATH/CodeIgniter.php(349): CodeIgniter\CodeIgniter->handleRequest()
 6 FCPATH/index.php(57): CodeIgniter\CodeIgniter->run()
CRITICAL - 2024-12-03 10:08:04 --> Undefined property: stdClass::$bill_num
in APPPATH/Helpers/global_helper.php on line 505.
 1 APPPATH/Helpers/global_helper.php(505): CodeIgniter\Debug\Exceptions->errorHandler()
 2 APPPATH/Controllers/Malipo.php(399): doProcessGlobalTransaction()
 3 SYSTEMPATH/CodeIgniter.php(896): App\Controllers\Malipo->nmbrecon()
 4 SYSTEMPATH/CodeIgniter.php(466): CodeIgniter\CodeIgniter->runController()
 5 SYSTEMPATH/CodeIgniter.php(349): CodeIgniter\CodeIgniter->handleRequest()
 6 FCPATH/index.php(57): CodeIgniter\CodeIgniter->run()
CRITICAL - 2024-12-03 10:10:05 --> Undefined property: stdClass::$bill_num
in APPPATH/Helpers/global_helper.php on line 505.
 1 APPPATH/Helpers/global_helper.php(505): CodeIgniter\Debug\Exceptions->errorHandler()
 2 APPPATH/Controllers/Malipo.php(399): doProcessGlobalTransaction()
 3 SYSTEMPATH/CodeIgniter.php(896): App\Controllers\Malipo->nmbrecon()
 4 SYSTEMPATH/CodeIgniter.php(466): CodeIgniter\CodeIgniter->runController()
 5 SYSTEMPATH/CodeIgniter.php(349): CodeIgniter\CodeIgniter->handleRequest()
 6 FCPATH/index.php(57): CodeIgniter\CodeIgniter->run()
CRITICAL - 2024-12-03 10:12:05 --> Undefined property: stdClass::$bill_num
in APPPATH/Helpers/global_helper.php on line 505.
 1 APPPATH/Helpers/global_helper.php(505): CodeIgniter\Debug\Exceptions->errorHandler()
 2 APPPATH/Controllers/Malipo.php(399): doProcessGlobalTransaction()
 3 SYSTEMPATH/CodeIgniter.php(896): App\Controllers\Malipo->nmbrecon()
 4 SYSTEMPATH/CodeIgniter.php(466): CodeIgniter\CodeIgniter->runController()
 5 SYSTEMPATH/CodeIgniter.php(349): CodeIgniter\CodeIgniter->handleRequest()
 6 FCPATH/index.php(57): CodeIgniter\CodeIgniter->run()
CRITICAL - 2024-12-03 10:14:04 --> Undefined property: stdClass::$bill_num
in APPPATH/Helpers/global_helper.php on line 505.
 1 APPPATH/Helpers/global_helper.php(505): CodeIgniter\Debug\Exceptions->errorHandler()
 2 APPPATH/Controllers/Malipo.php(399): doProcessGlobalTransaction()
 3 SYSTEMPATH/CodeIgniter.php(896): App\Controllers\Malipo->nmbrecon()
 4 SYSTEMPATH/CodeIgniter.php(466): CodeIgniter\CodeIgniter->runController()
 5 SYSTEMPATH/CodeIgniter.php(349): CodeIgniter\CodeIgniter->handleRequest()
 6 FCPATH/index.php(57): CodeIgniter\CodeIgniter->run()
CRITICAL - 2024-12-03 10:16:04 --> Undefined property: stdClass::$bill_num
in APPPATH/Helpers/global_helper.php on line 505.
 1 APPPATH/Helpers/global_helper.php(505): CodeIgniter\Debug\Exceptions->errorHandler()
 2 APPPATH/Controllers/Malipo.php(399): doProcessGlobalTransaction()
 3 SYSTEMPATH/CodeIgniter.php(896): App\Controllers\Malipo->nmbrecon()
 4 SYSTEMPATH/CodeIgniter.php(466): CodeIgniter\CodeIgniter->runController()
 5 SYSTEMPATH/CodeIgniter.php(349): CodeIgniter\CodeIgniter->handleRequest()
 6 FCPATH/index.php(57): CodeIgniter\CodeIgniter->run()
CRITICAL - 2024-12-03 10:18:05 --> Undefined property: stdClass::$bill_num
in APPPATH/Helpers/global_helper.php on line 505.
 1 APPPATH/Helpers/global_helper.php(505): CodeIgniter\Debug\Exceptions->errorHandler()
 2 APPPATH/Controllers/Malipo.php(399): doProcessGlobalTransaction()
 3 SYSTEMPATH/CodeIgniter.php(896): App\Controllers\Malipo->nmbrecon()
 4 SYSTEMPATH/CodeIgniter.php(466): CodeIgniter\CodeIgniter->runController()
 5 SYSTEMPATH/CodeIgniter.php(349): CodeIgniter\CodeIgniter->handleRequest()
 6 FCPATH/index.php(57): CodeIgniter\CodeIgniter->run()
CRITICAL - 2024-12-03 10:20:05 --> Undefined property: stdClass::$bill_num
in APPPATH/Helpers/global_helper.php on line 505.
 1 APPPATH/Helpers/global_helper.php(505): CodeIgniter\Debug\Exceptions->errorHandler()
 2 APPPATH/Controllers/Malipo.php(399): doProcessGlobalTransaction()
 3 SYSTEMPATH/CodeIgniter.php(896): App\Controllers\Malipo->nmbrecon()
 4 SYSTEMPATH/CodeIgniter.php(466): CodeIgniter\CodeIgniter->runController()
 5 SYSTEMPATH/CodeIgniter.php(349): CodeIgniter\CodeIgniter->handleRequest()
 6 FCPATH/index.php(57): CodeIgniter\CodeIgniter->run()
CRITICAL - 2024-12-03 10:22:04 --> Undefined property: stdClass::$bill_num
in APPPATH/Helpers/global_helper.php on line 505.
 1 APPPATH/Helpers/global_helper.php(505): CodeIgniter\Debug\Exceptions->errorHandler()
 2 APPPATH/Controllers/Malipo.php(399): doProcessGlobalTransaction()
 3 SYSTEMPATH/CodeIgniter.php(896): App\Controllers\Malipo->nmbrecon()
 4 SYSTEMPATH/CodeIgniter.php(466): CodeIgniter\CodeIgniter->runController()
 5 SYSTEMPATH/CodeIgniter.php(349): CodeIgniter\CodeIgniter->handleRequest()
 6 FCPATH/index.php(57): CodeIgniter\CodeIgniter->run()
CRITICAL - 2024-12-03 10:24:05 --> Undefined property: stdClass::$bill_num
in APPPATH/Helpers/global_helper.php on line 505.
 1 APPPATH/Helpers/global_helper.php(505): CodeIgniter\Debug\Exceptions->errorHandler()
 2 APPPATH/Controllers/Malipo.php(399): doProcessGlobalTransaction()
 3 SYSTEMPATH/CodeIgniter.php(896): App\Controllers\Malipo->nmbrecon()
 4 SYSTEMPATH/CodeIgniter.php(466): CodeIgniter\CodeIgniter->runController()
 5 SYSTEMPATH/CodeIgniter.php(349): CodeIgniter\CodeIgniter->handleRequest()
 6 FCPATH/index.php(57): CodeIgniter\CodeIgniter->run()
CRITICAL - 2024-12-03 10:26:04 --> Undefined property: stdClass::$bill_num
in APPPATH/Helpers/global_helper.php on line 505.
 1 APPPATH/Helpers/global_helper.php(505): CodeIgniter\Debug\Exceptions->errorHandler()
 2 APPPATH/Controllers/Malipo.php(399): doProcessGlobalTransaction()
 3 SYSTEMPATH/CodeIgniter.php(896): App\Controllers\Malipo->nmbrecon()
 4 SYSTEMPATH/CodeIgniter.php(466): CodeIgniter\CodeIgniter->runController()
 5 SYSTEMPATH/CodeIgniter.php(349): CodeIgniter\CodeIgniter->handleRequest()
 6 FCPATH/index.php(57): CodeIgniter\CodeIgniter->run()
CRITICAL - 2024-12-03 10:28:04 --> Undefined property: stdClass::$bill_num
in APPPATH/Helpers/global_helper.php on line 505.
 1 APPPATH/Helpers/global_helper.php(505): CodeIgniter\Debug\Exceptions->errorHandler()
 2 APPPATH/Controllers/Malipo.php(399): doProcessGlobalTransaction()
 3 SYSTEMPATH/CodeIgniter.php(896): App\Controllers\Malipo->nmbrecon()
 4 SYSTEMPATH/CodeIgniter.php(466): CodeIgniter\CodeIgniter->runController()
 5 SYSTEMPATH/CodeIgniter.php(349): CodeIgniter\CodeIgniter->handleRequest()
 6 FCPATH/index.php(57): CodeIgniter\CodeIgniter->run()
CRITICAL - 2024-12-03 10:30:04 --> Undefined property: stdClass::$bill_num
in APPPATH/Helpers/global_helper.php on line 505.
 1 APPPATH/Helpers/global_helper.php(505): CodeIgniter\Debug\Exceptions->errorHandler()
 2 APPPATH/Controllers/Malipo.php(399): doProcessGlobalTransaction()
 3 SYSTEMPATH/CodeIgniter.php(896): App\Controllers\Malipo->nmbrecon()
 4 SYSTEMPATH/CodeIgniter.php(466): CodeIgniter\CodeIgniter->runController()
 5 SYSTEMPATH/CodeIgniter.php(349): CodeIgniter\CodeIgniter->handleRequest()
 6 FCPATH/index.php(57): CodeIgniter\CodeIgniter->run()
CRITICAL - 2024-12-03 10:32:05 --> Undefined property: stdClass::$bill_num
in APPPATH/Helpers/global_helper.php on line 505.
 1 APPPATH/Helpers/global_helper.php(505): CodeIgniter\Debug\Exceptions->errorHandler()
 2 APPPATH/Controllers/Malipo.php(399): doProcessGlobalTransaction()
 3 SYSTEMPATH/CodeIgniter.php(896): App\Controllers\Malipo->nmbrecon()
 4 SYSTEMPATH/CodeIgniter.php(466): CodeIgniter\CodeIgniter->runController()
 5 SYSTEMPATH/CodeIgniter.php(349): CodeIgniter\CodeIgniter->handleRequest()
 6 FCPATH/index.php(57): CodeIgniter\CodeIgniter->run()
CRITICAL - 2024-12-03 10:34:05 --> Undefined property: stdClass::$bill_num
in APPPATH/Helpers/global_helper.php on line 505.
 1 APPPATH/Helpers/global_helper.php(505): CodeIgniter\Debug\Exceptions->errorHandler()
 2 APPPATH/Controllers/Malipo.php(399): doProcessGlobalTransaction()
 3 SYSTEMPATH/CodeIgniter.php(896): App\Controllers\Malipo->nmbrecon()
 4 SYSTEMPATH/CodeIgniter.php(466): CodeIgniter\CodeIgniter->runController()
 5 SYSTEMPATH/CodeIgniter.php(349): CodeIgniter\CodeIgniter->handleRequest()
 6 FCPATH/index.php(57): CodeIgniter\CodeIgniter->run()
CRITICAL - 2024-12-03 10:36:05 --> Undefined property: stdClass::$bill_num
in APPPATH/Helpers/global_helper.php on line 505.
 1 APPPATH/Helpers/global_helper.php(505): CodeIgniter\Debug\Exceptions->errorHandler()
 2 APPPATH/Controllers/Malipo.php(399): doProcessGlobalTransaction()
 3 SYSTEMPATH/CodeIgniter.php(896): App\Controllers\Malipo->nmbrecon()
 4 SYSTEMPATH/CodeIgniter.php(466): CodeIgniter\CodeIgniter->runController()
 5 SYSTEMPATH/CodeIgniter.php(349): CodeIgniter\CodeIgniter->handleRequest()
 6 FCPATH/index.php(57): CodeIgniter\CodeIgniter->run()
CRITICAL - 2024-12-03 10:38:04 --> Undefined property: stdClass::$bill_num
in APPPATH/Helpers/global_helper.php on line 505.
 1 APPPATH/Helpers/global_helper.php(505): CodeIgniter\Debug\Exceptions->errorHandler()
 2 APPPATH/Controllers/Malipo.php(399): doProcessGlobalTransaction()
 3 SYSTEMPATH/CodeIgniter.php(896): App\Controllers\Malipo->nmbrecon()
 4 SYSTEMPATH/CodeIgniter.php(466): CodeIgniter\CodeIgniter->runController()
 5 SYSTEMPATH/CodeIgniter.php(349): CodeIgniter\CodeIgniter->handleRequest()
 6 FCPATH/index.php(57): CodeIgniter\CodeIgniter->run()
CRITICAL - 2024-12-03 10:40:04 --> Undefined property: stdClass::$bill_num
in APPPATH/Helpers/global_helper.php on line 505.
 1 APPPATH/Helpers/global_helper.php(505): CodeIgniter\Debug\Exceptions->errorHandler()
 2 APPPATH/Controllers/Malipo.php(399): doProcessGlobalTransaction()
 3 SYSTEMPATH/CodeIgniter.php(896): App\Controllers\Malipo->nmbrecon()
 4 SYSTEMPATH/CodeIgniter.php(466): CodeIgniter\CodeIgniter->runController()
 5 SYSTEMPATH/CodeIgniter.php(349): CodeIgniter\CodeIgniter->handleRequest()
 6 FCPATH/index.php(57): CodeIgniter\CodeIgniter->run()
CRITICAL - 2024-12-03 10:42:04 --> Undefined property: stdClass::$bill_num
in APPPATH/Helpers/global_helper.php on line 505.
 1 APPPATH/Helpers/global_helper.php(505): CodeIgniter\Debug\Exceptions->errorHandler()
 2 APPPATH/Controllers/Malipo.php(399): doProcessGlobalTransaction()
 3 SYSTEMPATH/CodeIgniter.php(896): App\Controllers\Malipo->nmbrecon()
 4 SYSTEMPATH/CodeIgniter.php(466): CodeIgniter\CodeIgniter->runController()
 5 SYSTEMPATH/CodeIgniter.php(349): CodeIgniter\CodeIgniter->handleRequest()
 6 FCPATH/index.php(57): CodeIgniter\CodeIgniter->run()
CRITICAL - 2024-12-03 10:44:05 --> Undefined property: stdClass::$bill_num
in APPPATH/Helpers/global_helper.php on line 505.
 1 APPPATH/Helpers/global_helper.php(505): CodeIgniter\Debug\Exceptions->errorHandler()
 2 APPPATH/Controllers/Malipo.php(399): doProcessGlobalTransaction()
 3 SYSTEMPATH/CodeIgniter.php(896): App\Controllers\Malipo->nmbrecon()
 4 SYSTEMPATH/CodeIgniter.php(466): CodeIgniter\CodeIgniter->runController()
 5 SYSTEMPATH/CodeIgniter.php(349): CodeIgniter\CodeIgniter->handleRequest()
 6 FCPATH/index.php(57): CodeIgniter\CodeIgniter->run()
CRITICAL - 2024-12-03 10:46:04 --> Undefined property: stdClass::$bill_num
in APPPATH/Helpers/global_helper.php on line 505.
 1 APPPATH/Helpers/global_helper.php(505): CodeIgniter\Debug\Exceptions->errorHandler()
 2 APPPATH/Controllers/Malipo.php(399): doProcessGlobalTransaction()
 3 SYSTEMPATH/CodeIgniter.php(896): App\Controllers\Malipo->nmbrecon()
 4 SYSTEMPATH/CodeIgniter.php(466): CodeIgniter\CodeIgniter->runController()
 5 SYSTEMPATH/CodeIgniter.php(349): CodeIgniter\CodeIgniter->handleRequest()
 6 FCPATH/index.php(57): CodeIgniter\CodeIgniter->run()
CRITICAL - 2024-12-03 10:48:05 --> Undefined property: stdClass::$bill_num
in APPPATH/Helpers/global_helper.php on line 505.
 1 APPPATH/Helpers/global_helper.php(505): CodeIgniter\Debug\Exceptions->errorHandler()
 2 APPPATH/Controllers/Malipo.php(399): doProcessGlobalTransaction()
 3 SYSTEMPATH/CodeIgniter.php(896): App\Controllers\Malipo->nmbrecon()
 4 SYSTEMPATH/CodeIgniter.php(466): CodeIgniter\CodeIgniter->runController()
 5 SYSTEMPATH/CodeIgniter.php(349): CodeIgniter\CodeIgniter->handleRequest()
 6 FCPATH/index.php(57): CodeIgniter\CodeIgniter->run()
CRITICAL - 2024-12-03 10:50:04 --> Undefined property: stdClass::$bill_num
in APPPATH/Helpers/global_helper.php on line 505.
 1 APPPATH/Helpers/global_helper.php(505): CodeIgniter\Debug\Exceptions->errorHandler()
 2 APPPATH/Controllers/Malipo.php(399): doProcessGlobalTransaction()
 3 SYSTEMPATH/CodeIgniter.php(896): App\Controllers\Malipo->nmbrecon()
 4 SYSTEMPATH/CodeIgniter.php(466): CodeIgniter\CodeIgniter->runController()
 5 SYSTEMPATH/CodeIgniter.php(349): CodeIgniter\CodeIgniter->handleRequest()
 6 FCPATH/index.php(57): CodeIgniter\CodeIgniter->run()
CRITICAL - 2024-12-03 10:52:04 --> Undefined property: stdClass::$bill_num
in APPPATH/Helpers/global_helper.php on line 505.
 1 APPPATH/Helpers/global_helper.php(505): CodeIgniter\Debug\Exceptions->errorHandler()
 2 APPPATH/Controllers/Malipo.php(399): doProcessGlobalTransaction()
 3 SYSTEMPATH/CodeIgniter.php(896): App\Controllers\Malipo->nmbrecon()
 4 SYSTEMPATH/CodeIgniter.php(466): CodeIgniter\CodeIgniter->runController()
 5 SYSTEMPATH/CodeIgniter.php(349): CodeIgniter\CodeIgniter->handleRequest()
 6 FCPATH/index.php(57): CodeIgniter\CodeIgniter->run()
CRITICAL - 2024-12-03 10:54:04 --> Undefined property: stdClass::$bill_num
in APPPATH/Helpers/global_helper.php on line 505.
 1 APPPATH/Helpers/global_helper.php(505): CodeIgniter\Debug\Exceptions->errorHandler()
 2 APPPATH/Controllers/Malipo.php(399): doProcessGlobalTransaction()
 3 SYSTEMPATH/CodeIgniter.php(896): App\Controllers\Malipo->nmbrecon()
 4 SYSTEMPATH/CodeIgniter.php(466): CodeIgniter\CodeIgniter->runController()
 5 SYSTEMPATH/CodeIgniter.php(349): CodeIgniter\CodeIgniter->handleRequest()
 6 FCPATH/index.php(57): CodeIgniter\CodeIgniter->run()
CRITICAL - 2024-12-03 10:56:04 --> Undefined property: stdClass::$bill_num
in APPPATH/Helpers/global_helper.php on line 505.
 1 APPPATH/Helpers/global_helper.php(505): CodeIgniter\Debug\Exceptions->errorHandler()
 2 APPPATH/Controllers/Malipo.php(399): doProcessGlobalTransaction()
 3 SYSTEMPATH/CodeIgniter.php(896): App\Controllers\Malipo->nmbrecon()
 4 SYSTEMPATH/CodeIgniter.php(466): CodeIgniter\CodeIgniter->runController()
 5 SYSTEMPATH/CodeIgniter.php(349): CodeIgniter\CodeIgniter->handleRequest()
 6 FCPATH/index.php(57): CodeIgniter\CodeIgniter->run()
CRITICAL - 2024-12-03 10:58:05 --> Undefined property: stdClass::$bill_num
in APPPATH/Helpers/global_helper.php on line 505.
 1 APPPATH/Helpers/global_helper.php(505): CodeIgniter\Debug\Exceptions->errorHandler()
 2 APPPATH/Controllers/Malipo.php(399): doProcessGlobalTransaction()
 3 SYSTEMPATH/CodeIgniter.php(896): App\Controllers\Malipo->nmbrecon()
 4 SYSTEMPATH/CodeIgniter.php(466): CodeIgniter\CodeIgniter->runController()
 5 SYSTEMPATH/CodeIgniter.php(349): CodeIgniter\CodeIgniter->handleRequest()
 6 FCPATH/index.php(57): CodeIgniter\CodeIgniter->run()
CRITICAL - 2024-12-03 11:00:05 --> Undefined property: stdClass::$bill_num
in APPPATH/Helpers/global_helper.php on line 505.
 1 APPPATH/Helpers/global_helper.php(505): CodeIgniter\Debug\Exceptions->errorHandler()
 2 APPPATH/Controllers/Malipo.php(399): doProcessGlobalTransaction()
 3 SYSTEMPATH/CodeIgniter.php(896): App\Controllers\Malipo->nmbrecon()
 4 SYSTEMPATH/CodeIgniter.php(466): CodeIgniter\CodeIgniter->runController()
 5 SYSTEMPATH/CodeIgniter.php(349): CodeIgniter\CodeIgniter->handleRequest()
 6 FCPATH/index.php(57): CodeIgniter\CodeIgniter->run()
CRITICAL - 2024-12-03 11:02:04 --> Undefined property: stdClass::$bill_num
in APPPATH/Helpers/global_helper.php on line 505.
 1 APPPATH/Helpers/global_helper.php(505): CodeIgniter\Debug\Exceptions->errorHandler()
 2 APPPATH/Controllers/Malipo.php(399): doProcessGlobalTransaction()
 3 SYSTEMPATH/CodeIgniter.php(896): App\Controllers\Malipo->nmbrecon()
 4 SYSTEMPATH/CodeIgniter.php(466): CodeIgniter\CodeIgniter->runController()
 5 SYSTEMPATH/CodeIgniter.php(349): CodeIgniter\CodeIgniter->handleRequest()
 6 FCPATH/index.php(57): CodeIgniter\CodeIgniter->run()
CRITICAL - 2024-12-03 11:04:05 --> Undefined property: stdClass::$bill_num
in APPPATH/Helpers/global_helper.php on line 505.
 1 APPPATH/Helpers/global_helper.php(505): CodeIgniter\Debug\Exceptions->errorHandler()
 2 APPPATH/Controllers/Malipo.php(399): doProcessGlobalTransaction()
 3 SYSTEMPATH/CodeIgniter.php(896): App\Controllers\Malipo->nmbrecon()
 4 SYSTEMPATH/CodeIgniter.php(466): CodeIgniter\CodeIgniter->runController()
 5 SYSTEMPATH/CodeIgniter.php(349): CodeIgniter\CodeIgniter->handleRequest()
 6 FCPATH/index.php(57): CodeIgniter\CodeIgniter->run()
CRITICAL - 2024-12-03 11:06:04 --> Undefined property: stdClass::$bill_num
in APPPATH/Helpers/global_helper.php on line 505.
 1 APPPATH/Helpers/global_helper.php(505): CodeIgniter\Debug\Exceptions->errorHandler()
 2 APPPATH/Controllers/Malipo.php(399): doProcessGlobalTransaction()
 3 SYSTEMPATH/CodeIgniter.php(896): App\Controllers\Malipo->nmbrecon()
 4 SYSTEMPATH/CodeIgniter.php(466): CodeIgniter\CodeIgniter->runController()
 5 SYSTEMPATH/CodeIgniter.php(349): CodeIgniter\CodeIgniter->handleRequest()
 6 FCPATH/index.php(57): CodeIgniter\CodeIgniter->run()
CRITICAL - 2024-12-03 11:08:05 --> Undefined property: stdClass::$bill_num
in APPPATH/Helpers/global_helper.php on line 505.
 1 APPPATH/Helpers/global_helper.php(505): CodeIgniter\Debug\Exceptions->errorHandler()
 2 APPPATH/Controllers/Malipo.php(399): doProcessGlobalTransaction()
 3 SYSTEMPATH/CodeIgniter.php(896): App\Controllers\Malipo->nmbrecon()
 4 SYSTEMPATH/CodeIgniter.php(466): CodeIgniter\CodeIgniter->runController()
 5 SYSTEMPATH/CodeIgniter.php(349): CodeIgniter\CodeIgniter->handleRequest()
 6 FCPATH/index.php(57): CodeIgniter\CodeIgniter->run()
CRITICAL - 2024-12-03 11:10:05 --> Undefined property: stdClass::$bill_num
in APPPATH/Helpers/global_helper.php on line 505.
 1 APPPATH/Helpers/global_helper.php(505): CodeIgniter\Debug\Exceptions->errorHandler()
 2 APPPATH/Controllers/Malipo.php(399): doProcessGlobalTransaction()
 3 SYSTEMPATH/CodeIgniter.php(896): App\Controllers\Malipo->nmbrecon()
 4 SYSTEMPATH/CodeIgniter.php(466): CodeIgniter\CodeIgniter->runController()
 5 SYSTEMPATH/CodeIgniter.php(349): CodeIgniter\CodeIgniter->handleRequest()
 6 FCPATH/index.php(57): CodeIgniter\CodeIgniter->run()
CRITICAL - 2024-12-03 11:12:05 --> Undefined property: stdClass::$bill_num
in APPPATH/Helpers/global_helper.php on line 505.
 1 APPPATH/Helpers/global_helper.php(505): CodeIgniter\Debug\Exceptions->errorHandler()
 2 APPPATH/Controllers/Malipo.php(399): doProcessGlobalTransaction()
 3 SYSTEMPATH/CodeIgniter.php(896): App\Controllers\Malipo->nmbrecon()
 4 SYSTEMPATH/CodeIgniter.php(466): CodeIgniter\CodeIgniter->runController()
 5 SYSTEMPATH/CodeIgniter.php(349): CodeIgniter\CodeIgniter->handleRequest()
 6 FCPATH/index.php(57): CodeIgniter\CodeIgniter->run()
CRITICAL - 2024-12-03 11:14:04 --> Undefined property: stdClass::$bill_num
in APPPATH/Helpers/global_helper.php on line 505.
 1 APPPATH/Helpers/global_helper.php(505): CodeIgniter\Debug\Exceptions->errorHandler()
 2 APPPATH/Controllers/Malipo.php(399): doProcessGlobalTransaction()
 3 SYSTEMPATH/CodeIgniter.php(896): App\Controllers\Malipo->nmbrecon()
 4 SYSTEMPATH/CodeIgniter.php(466): CodeIgniter\CodeIgniter->runController()
 5 SYSTEMPATH/CodeIgniter.php(349): CodeIgniter\CodeIgniter->handleRequest()
 6 FCPATH/index.php(57): CodeIgniter\CodeIgniter->run()
CRITICAL - 2024-12-03 11:16:04 --> Undefined property: stdClass::$bill_num
in APPPATH/Helpers/global_helper.php on line 505.
 1 APPPATH/Helpers/global_helper.php(505): CodeIgniter\Debug\Exceptions->errorHandler()
 2 APPPATH/Controllers/Malipo.php(399): doProcessGlobalTransaction()
 3 SYSTEMPATH/CodeIgniter.php(896): App\Controllers\Malipo->nmbrecon()
 4 SYSTEMPATH/CodeIgniter.php(466): CodeIgniter\CodeIgniter->runController()
 5 SYSTEMPATH/CodeIgniter.php(349): CodeIgniter\CodeIgniter->handleRequest()
 6 FCPATH/index.php(57): CodeIgniter\CodeIgniter->run()
CRITICAL - 2024-12-03 11:18:05 --> Undefined property: stdClass::$bill_num
in APPPATH/Helpers/global_helper.php on line 505.
 1 APPPATH/Helpers/global_helper.php(505): CodeIgniter\Debug\Exceptions->errorHandler()
 2 APPPATH/Controllers/Malipo.php(399): doProcessGlobalTransaction()
 3 SYSTEMPATH/CodeIgniter.php(896): App\Controllers\Malipo->nmbrecon()
 4 SYSTEMPATH/CodeIgniter.php(466): CodeIgniter\CodeIgniter->runController()
 5 SYSTEMPATH/CodeIgniter.php(349): CodeIgniter\CodeIgniter->handleRequest()
 6 FCPATH/index.php(57): CodeIgniter\CodeIgniter->run()
CRITICAL - 2024-12-03 11:20:04 --> Undefined property: stdClass::$bill_num
in APPPATH/Helpers/global_helper.php on line 505.
 1 APPPATH/Helpers/global_helper.php(505): CodeIgniter\Debug\Exceptions->errorHandler()
 2 APPPATH/Controllers/Malipo.php(399): doProcessGlobalTransaction()
 3 SYSTEMPATH/CodeIgniter.php(896): App\Controllers\Malipo->nmbrecon()
 4 SYSTEMPATH/CodeIgniter.php(466): CodeIgniter\CodeIgniter->runController()
 5 SYSTEMPATH/CodeIgniter.php(349): CodeIgniter\CodeIgniter->handleRequest()
 6 FCPATH/index.php(57): CodeIgniter\CodeIgniter->run()
CRITICAL - 2024-12-03 11:22:06 --> Undefined property: stdClass::$bill_num
in APPPATH/Helpers/global_helper.php on line 505.
 1 APPPATH/Helpers/global_helper.php(505): CodeIgniter\Debug\Exceptions->errorHandler()
 2 APPPATH/Controllers/Malipo.php(399): doProcessGlobalTransaction()
 3 SYSTEMPATH/CodeIgniter.php(896): App\Controllers\Malipo->nmbrecon()
 4 SYSTEMPATH/CodeIgniter.php(466): CodeIgniter\CodeIgniter->runController()
 5 SYSTEMPATH/CodeIgniter.php(349): CodeIgniter\CodeIgniter->handleRequest()
 6 FCPATH/index.php(57): CodeIgniter\CodeIgniter->run()
CRITICAL - 2024-12-03 11:24:05 --> Undefined property: stdClass::$bill_num
in APPPATH/Helpers/global_helper.php on line 505.
 1 APPPATH/Helpers/global_helper.php(505): CodeIgniter\Debug\Exceptions->errorHandler()
 2 APPPATH/Controllers/Malipo.php(399): doProcessGlobalTransaction()
 3 SYSTEMPATH/CodeIgniter.php(896): App\Controllers\Malipo->nmbrecon()
 4 SYSTEMPATH/CodeIgniter.php(466): CodeIgniter\CodeIgniter->runController()
 5 SYSTEMPATH/CodeIgniter.php(349): CodeIgniter\CodeIgniter->handleRequest()
 6 FCPATH/index.php(57): CodeIgniter\CodeIgniter->run()
CRITICAL - 2024-12-03 11:26:04 --> Undefined property: stdClass::$bill_num
in APPPATH/Helpers/global_helper.php on line 505.
 1 APPPATH/Helpers/global_helper.php(505): CodeIgniter\Debug\Exceptions->errorHandler()
 2 APPPATH/Controllers/Malipo.php(399): doProcessGlobalTransaction()
 3 SYSTEMPATH/CodeIgniter.php(896): App\Controllers\Malipo->nmbrecon()
 4 SYSTEMPATH/CodeIgniter.php(466): CodeIgniter\CodeIgniter->runController()
 5 SYSTEMPATH/CodeIgniter.php(349): CodeIgniter\CodeIgniter->handleRequest()
 6 FCPATH/index.php(57): CodeIgniter\CodeIgniter->run()
CRITICAL - 2024-12-03 11:28:05 --> Undefined property: stdClass::$bill_num
in APPPATH/Helpers/global_helper.php on line 505.
 1 APPPATH/Helpers/global_helper.php(505): CodeIgniter\Debug\Exceptions->errorHandler()
 2 APPPATH/Controllers/Malipo.php(399): doProcessGlobalTransaction()
 3 SYSTEMPATH/CodeIgniter.php(896): App\Controllers\Malipo->nmbrecon()
 4 SYSTEMPATH/CodeIgniter.php(466): CodeIgniter\CodeIgniter->runController()
 5 SYSTEMPATH/CodeIgniter.php(349): CodeIgniter\CodeIgniter->handleRequest()
 6 FCPATH/index.php(57): CodeIgniter\CodeIgniter->run()
CRITICAL - 2024-12-03 11:30:05 --> Undefined property: stdClass::$bill_num
in APPPATH/Helpers/global_helper.php on line 505.
 1 APPPATH/Helpers/global_helper.php(505): CodeIgniter\Debug\Exceptions->errorHandler()
 2 APPPATH/Controllers/Malipo.php(399): doProcessGlobalTransaction()
 3 SYSTEMPATH/CodeIgniter.php(896): App\Controllers\Malipo->nmbrecon()
 4 SYSTEMPATH/CodeIgniter.php(466): CodeIgniter\CodeIgniter->runController()
 5 SYSTEMPATH/CodeIgniter.php(349): CodeIgniter\CodeIgniter->handleRequest()
 6 FCPATH/index.php(57): CodeIgniter\CodeIgniter->run()
CRITICAL - 2024-12-03 11:32:05 --> Undefined property: stdClass::$bill_num
in APPPATH/Helpers/global_helper.php on line 505.
 1 APPPATH/Helpers/global_helper.php(505): CodeIgniter\Debug\Exceptions->errorHandler()
 2 APPPATH/Controllers/Malipo.php(399): doProcessGlobalTransaction()
 3 SYSTEMPATH/CodeIgniter.php(896): App\Controllers\Malipo->nmbrecon()
 4 SYSTEMPATH/CodeIgniter.php(466): CodeIgniter\CodeIgniter->runController()
 5 SYSTEMPATH/CodeIgniter.php(349): CodeIgniter\CodeIgniter->handleRequest()
 6 FCPATH/index.php(57): CodeIgniter\CodeIgniter->run()
CRITICAL - 2024-12-03 11:34:04 --> Undefined property: stdClass::$bill_num
in APPPATH/Helpers/global_helper.php on line 505.
 1 APPPATH/Helpers/global_helper.php(505): CodeIgniter\Debug\Exceptions->errorHandler()
 2 APPPATH/Controllers/Malipo.php(399): doProcessGlobalTransaction()
 3 SYSTEMPATH/CodeIgniter.php(896): App\Controllers\Malipo->nmbrecon()
 4 SYSTEMPATH/CodeIgniter.php(466): CodeIgniter\CodeIgniter->runController()
 5 SYSTEMPATH/CodeIgniter.php(349): CodeIgniter\CodeIgniter->handleRequest()
 6 FCPATH/index.php(57): CodeIgniter\CodeIgniter->run()
CRITICAL - 2024-12-03 11:36:04 --> Undefined property: stdClass::$bill_num
in APPPATH/Helpers/global_helper.php on line 505.
 1 APPPATH/Helpers/global_helper.php(505): CodeIgniter\Debug\Exceptions->errorHandler()
 2 APPPATH/Controllers/Malipo.php(399): doProcessGlobalTransaction()
 3 SYSTEMPATH/CodeIgniter.php(896): App\Controllers\Malipo->nmbrecon()
 4 SYSTEMPATH/CodeIgniter.php(466): CodeIgniter\CodeIgniter->runController()
 5 SYSTEMPATH/CodeIgniter.php(349): CodeIgniter\CodeIgniter->handleRequest()
 6 FCPATH/index.php(57): CodeIgniter\CodeIgniter->run()
CRITICAL - 2024-12-03 11:38:05 --> Undefined property: stdClass::$bill_num
in APPPATH/Helpers/global_helper.php on line 505.
 1 APPPATH/Helpers/global_helper.php(505): CodeIgniter\Debug\Exceptions->errorHandler()
 2 APPPATH/Controllers/Malipo.php(399): doProcessGlobalTransaction()
 3 SYSTEMPATH/CodeIgniter.php(896): App\Controllers\Malipo->nmbrecon()
 4 SYSTEMPATH/CodeIgniter.php(466): CodeIgniter\CodeIgniter->runController()
 5 SYSTEMPATH/CodeIgniter.php(349): CodeIgniter\CodeIgniter->handleRequest()
 6 FCPATH/index.php(57): CodeIgniter\CodeIgniter->run()
CRITICAL - 2024-12-03 11:40:04 --> Undefined property: stdClass::$bill_num
in APPPATH/Helpers/global_helper.php on line 505.
 1 APPPATH/Helpers/global_helper.php(505): CodeIgniter\Debug\Exceptions->errorHandler()
 2 APPPATH/Controllers/Malipo.php(399): doProcessGlobalTransaction()
 3 SYSTEMPATH/CodeIgniter.php(896): App\Controllers\Malipo->nmbrecon()
 4 SYSTEMPATH/CodeIgniter.php(466): CodeIgniter\CodeIgniter->runController()
 5 SYSTEMPATH/CodeIgniter.php(349): CodeIgniter\CodeIgniter->handleRequest()
 6 FCPATH/index.php(57): CodeIgniter\CodeIgniter->run()
CRITICAL - 2024-12-03 11:42:05 --> Undefined property: stdClass::$bill_num
in APPPATH/Helpers/global_helper.php on line 505.
 1 APPPATH/Helpers/global_helper.php(505): CodeIgniter\Debug\Exceptions->errorHandler()
 2 APPPATH/Controllers/Malipo.php(399): doProcessGlobalTransaction()
 3 SYSTEMPATH/CodeIgniter.php(896): App\Controllers\Malipo->nmbrecon()
 4 SYSTEMPATH/CodeIgniter.php(466): CodeIgniter\CodeIgniter->runController()
 5 SYSTEMPATH/CodeIgniter.php(349): CodeIgniter\CodeIgniter->handleRequest()
 6 FCPATH/index.php(57): CodeIgniter\CodeIgniter->run()
CRITICAL - 2024-12-03 11:44:05 --> Undefined property: stdClass::$bill_num
in APPPATH/Helpers/global_helper.php on line 505.
 1 APPPATH/Helpers/global_helper.php(505): CodeIgniter\Debug\Exceptions->errorHandler()
 2 APPPATH/Controllers/Malipo.php(399): doProcessGlobalTransaction()
 3 SYSTEMPATH/CodeIgniter.php(896): App\Controllers\Malipo->nmbrecon()
 4 SYSTEMPATH/CodeIgniter.php(466): CodeIgniter\CodeIgniter->runController()
 5 SYSTEMPATH/CodeIgniter.php(349): CodeIgniter\CodeIgniter->handleRequest()
 6 FCPATH/index.php(57): CodeIgniter\CodeIgniter->run()
CRITICAL - 2024-12-03 11:46:04 --> Undefined property: stdClass::$bill_num
in APPPATH/Helpers/global_helper.php on line 505.
 1 APPPATH/Helpers/global_helper.php(505): CodeIgniter\Debug\Exceptions->errorHandler()
 2 APPPATH/Controllers/Malipo.php(399): doProcessGlobalTransaction()
 3 SYSTEMPATH/CodeIgniter.php(896): App\Controllers\Malipo->nmbrecon()
 4 SYSTEMPATH/CodeIgniter.php(466): CodeIgniter\CodeIgniter->runController()
 5 SYSTEMPATH/CodeIgniter.php(349): CodeIgniter\CodeIgniter->handleRequest()
 6 FCPATH/index.php(57): CodeIgniter\CodeIgniter->run()
CRITICAL - 2024-12-03 11:48:05 --> Undefined property: stdClass::$bill_num
in APPPATH/Helpers/global_helper.php on line 505.
 1 APPPATH/Helpers/global_helper.php(505): CodeIgniter\Debug\Exceptions->errorHandler()
 2 APPPATH/Controllers/Malipo.php(399): doProcessGlobalTransaction()
 3 SYSTEMPATH/CodeIgniter.php(896): App\Controllers\Malipo->nmbrecon()
 4 SYSTEMPATH/CodeIgniter.php(466): CodeIgniter\CodeIgniter->runController()
 5 SYSTEMPATH/CodeIgniter.php(349): CodeIgniter\CodeIgniter->handleRequest()
 6 FCPATH/index.php(57): CodeIgniter\CodeIgniter->run()
CRITICAL - 2024-12-03 11:50:04 --> Undefined property: stdClass::$bill_num
in APPPATH/Helpers/global_helper.php on line 505.
 1 APPPATH/Helpers/global_helper.php(505): CodeIgniter\Debug\Exceptions->errorHandler()
 2 APPPATH/Controllers/Malipo.php(399): doProcessGlobalTransaction()
 3 SYSTEMPATH/CodeIgniter.php(896): App\Controllers\Malipo->nmbrecon()
 4 SYSTEMPATH/CodeIgniter.php(466): CodeIgniter\CodeIgniter->runController()
 5 SYSTEMPATH/CodeIgniter.php(349): CodeIgniter\CodeIgniter->handleRequest()
 6 FCPATH/index.php(57): CodeIgniter\CodeIgniter->run()
CRITICAL - 2024-12-03 11:52:05 --> Undefined property: stdClass::$bill_num
in APPPATH/Helpers/global_helper.php on line 505.
 1 APPPATH/Helpers/global_helper.php(505): CodeIgniter\Debug\Exceptions->errorHandler()
 2 APPPATH/Controllers/Malipo.php(399): doProcessGlobalTransaction()
 3 SYSTEMPATH/CodeIgniter.php(896): App\Controllers\Malipo->nmbrecon()
 4 SYSTEMPATH/CodeIgniter.php(466): CodeIgniter\CodeIgniter->runController()
 5 SYSTEMPATH/CodeIgniter.php(349): CodeIgniter\CodeIgniter->handleRequest()
 6 FCPATH/index.php(57): CodeIgniter\CodeIgniter->run()
CRITICAL - 2024-12-03 11:54:05 --> Undefined property: stdClass::$bill_num
in APPPATH/Helpers/global_helper.php on line 505.
 1 APPPATH/Helpers/global_helper.php(505): CodeIgniter\Debug\Exceptions->errorHandler()
 2 APPPATH/Controllers/Malipo.php(399): doProcessGlobalTransaction()
 3 SYSTEMPATH/CodeIgniter.php(896): App\Controllers\Malipo->nmbrecon()
 4 SYSTEMPATH/CodeIgniter.php(466): CodeIgniter\CodeIgniter->runController()
 5 SYSTEMPATH/CodeIgniter.php(349): CodeIgniter\CodeIgniter->handleRequest()
 6 FCPATH/index.php(57): CodeIgniter\CodeIgniter->run()
CRITICAL - 2024-12-03 11:56:05 --> Undefined property: stdClass::$bill_num
in APPPATH/Helpers/global_helper.php on line 505.
 1 APPPATH/Helpers/global_helper.php(505): CodeIgniter\Debug\Exceptions->errorHandler()
 2 APPPATH/Controllers/Malipo.php(399): doProcessGlobalTransaction()
 3 SYSTEMPATH/CodeIgniter.php(896): App\Controllers\Malipo->nmbrecon()
 4 SYSTEMPATH/CodeIgniter.php(466): CodeIgniter\CodeIgniter->runController()
 5 SYSTEMPATH/CodeIgniter.php(349): CodeIgniter\CodeIgniter->handleRequest()
 6 FCPATH/index.php(57): CodeIgniter\CodeIgniter->run()
CRITICAL - 2024-12-03 11:58:04 --> Undefined property: stdClass::$bill_num
in APPPATH/Helpers/global_helper.php on line 505.
 1 APPPATH/Helpers/global_helper.php(505): CodeIgniter\Debug\Exceptions->errorHandler()
 2 APPPATH/Controllers/Malipo.php(399): doProcessGlobalTransaction()
 3 SYSTEMPATH/CodeIgniter.php(896): App\Controllers\Malipo->nmbrecon()
 4 SYSTEMPATH/CodeIgniter.php(466): CodeIgniter\CodeIgniter->runController()
 5 SYSTEMPATH/CodeIgniter.php(349): CodeIgniter\CodeIgniter->handleRequest()
 6 FCPATH/index.php(57): CodeIgniter\CodeIgniter->run()
CRITICAL - 2024-12-03 12:00:05 --> Undefined property: stdClass::$bill_num
in APPPATH/Helpers/global_helper.php on line 505.
 1 APPPATH/Helpers/global_helper.php(505): CodeIgniter\Debug\Exceptions->errorHandler()
 2 APPPATH/Controllers/Malipo.php(399): doProcessGlobalTransaction()
 3 SYSTEMPATH/CodeIgniter.php(896): App\Controllers\Malipo->nmbrecon()
 4 SYSTEMPATH/CodeIgniter.php(466): CodeIgniter\CodeIgniter->runController()
 5 SYSTEMPATH/CodeIgniter.php(349): CodeIgniter\CodeIgniter->handleRequest()
 6 FCPATH/index.php(57): CodeIgniter\CodeIgniter->run()
CRITICAL - 2024-12-03 12:02:05 --> Undefined property: stdClass::$bill_num
in APPPATH/Helpers/global_helper.php on line 505.
 1 APPPATH/Helpers/global_helper.php(505): CodeIgniter\Debug\Exceptions->errorHandler()
 2 APPPATH/Controllers/Malipo.php(399): doProcessGlobalTransaction()
 3 SYSTEMPATH/CodeIgniter.php(896): App\Controllers\Malipo->nmbrecon()
 4 SYSTEMPATH/CodeIgniter.php(466): CodeIgniter\CodeIgniter->runController()
 5 SYSTEMPATH/CodeIgniter.php(349): CodeIgniter\CodeIgniter->handleRequest()
 6 FCPATH/index.php(57): CodeIgniter\CodeIgniter->run()
CRITICAL - 2024-12-03 12:04:05 --> Undefined property: stdClass::$bill_num
in APPPATH/Helpers/global_helper.php on line 505.
 1 APPPATH/Helpers/global_helper.php(505): CodeIgniter\Debug\Exceptions->errorHandler()
 2 APPPATH/Controllers/Malipo.php(399): doProcessGlobalTransaction()
 3 SYSTEMPATH/CodeIgniter.php(896): App\Controllers\Malipo->nmbrecon()
 4 SYSTEMPATH/CodeIgniter.php(466): CodeIgniter\CodeIgniter->runController()
 5 SYSTEMPATH/CodeIgniter.php(349): CodeIgniter\CodeIgniter->handleRequest()
 6 FCPATH/index.php(57): CodeIgniter\CodeIgniter->run()
CRITICAL - 2024-12-03 12:06:05 --> Undefined property: stdClass::$bill_num
in APPPATH/Helpers/global_helper.php on line 505.
 1 APPPATH/Helpers/global_helper.php(505): CodeIgniter\Debug\Exceptions->errorHandler()
 2 APPPATH/Controllers/Malipo.php(399): doProcessGlobalTransaction()
 3 SYSTEMPATH/CodeIgniter.php(896): App\Controllers\Malipo->nmbrecon()
 4 SYSTEMPATH/CodeIgniter.php(466): CodeIgniter\CodeIgniter->runController()
 5 SYSTEMPATH/CodeIgniter.php(349): CodeIgniter\CodeIgniter->handleRequest()
 6 FCPATH/index.php(57): CodeIgniter\CodeIgniter->run()
CRITICAL - 2024-12-03 12:08:06 --> Undefined property: stdClass::$bill_num
in APPPATH/Helpers/global_helper.php on line 505.
 1 APPPATH/Helpers/global_helper.php(505): CodeIgniter\Debug\Exceptions->errorHandler()
 2 APPPATH/Controllers/Malipo.php(399): doProcessGlobalTransaction()
 3 SYSTEMPATH/CodeIgniter.php(896): App\Controllers\Malipo->nmbrecon()
 4 SYSTEMPATH/CodeIgniter.php(466): CodeIgniter\CodeIgniter->runController()
 5 SYSTEMPATH/CodeIgniter.php(349): CodeIgniter\CodeIgniter->handleRequest()
 6 FCPATH/index.php(57): CodeIgniter\CodeIgniter->run()
CRITICAL - 2024-12-03 12:10:05 --> Undefined property: stdClass::$bill_num
in APPPATH/Helpers/global_helper.php on line 505.
 1 APPPATH/Helpers/global_helper.php(505): CodeIgniter\Debug\Exceptions->errorHandler()
 2 APPPATH/Controllers/Malipo.php(399): doProcessGlobalTransaction()
 3 SYSTEMPATH/CodeIgniter.php(896): App\Controllers\Malipo->nmbrecon()
 4 SYSTEMPATH/CodeIgniter.php(466): CodeIgniter\CodeIgniter->runController()
 5 SYSTEMPATH/CodeIgniter.php(349): CodeIgniter\CodeIgniter->handleRequest()
 6 FCPATH/index.php(57): CodeIgniter\CodeIgniter->run()
CRITICAL - 2024-12-03 12:12:05 --> Undefined property: stdClass::$bill_num
in APPPATH/Helpers/global_helper.php on line 505.
 1 APPPATH/Helpers/global_helper.php(505): CodeIgniter\Debug\Exceptions->errorHandler()
 2 APPPATH/Controllers/Malipo.php(399): doProcessGlobalTransaction()
 3 SYSTEMPATH/CodeIgniter.php(896): App\Controllers\Malipo->nmbrecon()
 4 SYSTEMPATH/CodeIgniter.php(466): CodeIgniter\CodeIgniter->runController()
 5 SYSTEMPATH/CodeIgniter.php(349): CodeIgniter\CodeIgniter->handleRequest()
 6 FCPATH/index.php(57): CodeIgniter\CodeIgniter->run()
CRITICAL - 2024-12-03 12:14:05 --> Undefined property: stdClass::$bill_num
in APPPATH/Helpers/global_helper.php on line 505.
 1 APPPATH/Helpers/global_helper.php(505): CodeIgniter\Debug\Exceptions->errorHandler()
 2 APPPATH/Controllers/Malipo.php(399): doProcessGlobalTransaction()
 3 SYSTEMPATH/CodeIgniter.php(896): App\Controllers\Malipo->nmbrecon()
 4 SYSTEMPATH/CodeIgniter.php(466): CodeIgniter\CodeIgniter->runController()
 5 SYSTEMPATH/CodeIgniter.php(349): CodeIgniter\CodeIgniter->handleRequest()
 6 FCPATH/index.php(57): CodeIgniter\CodeIgniter->run()
CRITICAL - 2024-12-03 12:16:05 --> Undefined property: stdClass::$bill_num
in APPPATH/Helpers/global_helper.php on line 505.
 1 APPPATH/Helpers/global_helper.php(505): CodeIgniter\Debug\Exceptions->errorHandler()
 2 APPPATH/Controllers/Malipo.php(399): doProcessGlobalTransaction()
 3 SYSTEMPATH/CodeIgniter.php(896): App\Controllers\Malipo->nmbrecon()
 4 SYSTEMPATH/CodeIgniter.php(466): CodeIgniter\CodeIgniter->runController()
 5 SYSTEMPATH/CodeIgniter.php(349): CodeIgniter\CodeIgniter->handleRequest()
 6 FCPATH/index.php(57): CodeIgniter\CodeIgniter->run()
CRITICAL - 2024-12-03 12:18:05 --> Undefined property: stdClass::$bill_num
in APPPATH/Helpers/global_helper.php on line 505.
 1 APPPATH/Helpers/global_helper.php(505): CodeIgniter\Debug\Exceptions->errorHandler()
 2 APPPATH/Controllers/Malipo.php(399): doProcessGlobalTransaction()
 3 SYSTEMPATH/CodeIgniter.php(896): App\Controllers\Malipo->nmbrecon()
 4 SYSTEMPATH/CodeIgniter.php(466): CodeIgniter\CodeIgniter->runController()
 5 SYSTEMPATH/CodeIgniter.php(349): CodeIgniter\CodeIgniter->handleRequest()
 6 FCPATH/index.php(57): CodeIgniter\CodeIgniter->run()
CRITICAL - 2024-12-03 12:20:05 --> Undefined property: stdClass::$bill_num
in APPPATH/Helpers/global_helper.php on line 505.
 1 APPPATH/Helpers/global_helper.php(505): CodeIgniter\Debug\Exceptions->errorHandler()
 2 APPPATH/Controllers/Malipo.php(399): doProcessGlobalTransaction()
 3 SYSTEMPATH/CodeIgniter.php(896): App\Controllers\Malipo->nmbrecon()
 4 SYSTEMPATH/CodeIgniter.php(466): CodeIgniter\CodeIgniter->runController()
 5 SYSTEMPATH/CodeIgniter.php(349): CodeIgniter\CodeIgniter->handleRequest()
 6 FCPATH/index.php(57): CodeIgniter\CodeIgniter->run()
CRITICAL - 2024-12-03 12:22:05 --> Undefined property: stdClass::$bill_num
in APPPATH/Helpers/global_helper.php on line 505.
 1 APPPATH/Helpers/global_helper.php(505): CodeIgniter\Debug\Exceptions->errorHandler()
 2 APPPATH/Controllers/Malipo.php(399): doProcessGlobalTransaction()
 3 SYSTEMPATH/CodeIgniter.php(896): App\Controllers\Malipo->nmbrecon()
 4 SYSTEMPATH/CodeIgniter.php(466): CodeIgniter\CodeIgniter->runController()
 5 SYSTEMPATH/CodeIgniter.php(349): CodeIgniter\CodeIgniter->handleRequest()
 6 FCPATH/index.php(57): CodeIgniter\CodeIgniter->run()
CRITICAL - 2024-12-03 12:24:05 --> Undefined property: stdClass::$bill_num
in APPPATH/Helpers/global_helper.php on line 505.
 1 APPPATH/Helpers/global_helper.php(505): CodeIgniter\Debug\Exceptions->errorHandler()
 2 APPPATH/Controllers/Malipo.php(399): doProcessGlobalTransaction()
 3 SYSTEMPATH/CodeIgniter.php(896): App\Controllers\Malipo->nmbrecon()
 4 SYSTEMPATH/CodeIgniter.php(466): CodeIgniter\CodeIgniter->runController()
 5 SYSTEMPATH/CodeIgniter.php(349): CodeIgniter\CodeIgniter->handleRequest()
 6 FCPATH/index.php(57): CodeIgniter\CodeIgniter->run()
CRITICAL - 2024-12-03 12:26:05 --> Undefined property: stdClass::$bill_num
in APPPATH/Helpers/global_helper.php on line 505.
 1 APPPATH/Helpers/global_helper.php(505): CodeIgniter\Debug\Exceptions->errorHandler()
 2 APPPATH/Controllers/Malipo.php(399): doProcessGlobalTransaction()
 3 SYSTEMPATH/CodeIgniter.php(896): App\Controllers\Malipo->nmbrecon()
 4 SYSTEMPATH/CodeIgniter.php(466): CodeIgniter\CodeIgniter->runController()
 5 SYSTEMPATH/CodeIgniter.php(349): CodeIgniter\CodeIgniter->handleRequest()
 6 FCPATH/index.php(57): CodeIgniter\CodeIgniter->run()
CRITICAL - 2024-12-03 12:28:05 --> Undefined property: stdClass::$bill_num
in APPPATH/Helpers/global_helper.php on line 505.
 1 APPPATH/Helpers/global_helper.php(505): CodeIgniter\Debug\Exceptions->errorHandler()
 2 APPPATH/Controllers/Malipo.php(399): doProcessGlobalTransaction()
 3 SYSTEMPATH/CodeIgniter.php(896): App\Controllers\Malipo->nmbrecon()
 4 SYSTEMPATH/CodeIgniter.php(466): CodeIgniter\CodeIgniter->runController()
 5 SYSTEMPATH/CodeIgniter.php(349): CodeIgniter\CodeIgniter->handleRequest()
 6 FCPATH/index.php(57): CodeIgniter\CodeIgniter->run()
CRITICAL - 2024-12-03 12:30:05 --> Undefined property: stdClass::$bill_num
in APPPATH/Helpers/global_helper.php on line 505.
 1 APPPATH/Helpers/global_helper.php(505): CodeIgniter\Debug\Exceptions->errorHandler()
 2 APPPATH/Controllers/Malipo.php(399): doProcessGlobalTransaction()
 3 SYSTEMPATH/CodeIgniter.php(896): App\Controllers\Malipo->nmbrecon()
 4 SYSTEMPATH/CodeIgniter.php(466): CodeIgniter\CodeIgniter->runController()
 5 SYSTEMPATH/CodeIgniter.php(349): CodeIgniter\CodeIgniter->handleRequest()
 6 FCPATH/index.php(57): CodeIgniter\CodeIgniter->run()
CRITICAL - 2024-12-03 12:30:57 --> Undefined array key "data"
in APPPATH/Helpers/global_helper.php on line 154.
 1 APPPATH/Helpers/global_helper.php(154): CodeIgniter\Debug\Exceptions->errorHandler()
 2 APPPATH/Controllers/Malipo.php(294): dispResponseCRDBValidate()
 3 SYSTEMPATH/CodeIgniter.php(896): App\Controllers\Malipo->crdbverify()
 4 SYSTEMPATH/CodeIgniter.php(466): CodeIgniter\CodeIgniter->runController()
 5 SYSTEMPATH/CodeIgniter.php(349): CodeIgniter\CodeIgniter->handleRequest()
 6 FCPATH/index.php(57): CodeIgniter\CodeIgniter->run()
CRITICAL - 2024-12-03 12:32:04 --> Undefined property: stdClass::$bill_num
in APPPATH/Helpers/global_helper.php on line 505.
 1 APPPATH/Helpers/global_helper.php(505): CodeIgniter\Debug\Exceptions->errorHandler()
 2 APPPATH/Controllers/Malipo.php(399): doProcessGlobalTransaction()
 3 SYSTEMPATH/CodeIgniter.php(896): App\Controllers\Malipo->nmbrecon()
 4 SYSTEMPATH/CodeIgniter.php(466): CodeIgniter\CodeIgniter->runController()
 5 SYSTEMPATH/CodeIgniter.php(349): CodeIgniter\CodeIgniter->handleRequest()
 6 FCPATH/index.php(57): CodeIgniter\CodeIgniter->run()
CRITICAL - 2024-12-03 12:34:04 --> Undefined property: stdClass::$bill_num
in APPPATH/Helpers/global_helper.php on line 505.
 1 APPPATH/Helpers/global_helper.php(505): CodeIgniter\Debug\Exceptions->errorHandler()
 2 APPPATH/Controllers/Malipo.php(399): doProcessGlobalTransaction()
 3 SYSTEMPATH/CodeIgniter.php(896): App\Controllers\Malipo->nmbrecon()
 4 SYSTEMPATH/CodeIgniter.php(466): CodeIgniter\CodeIgniter->runController()
 5 SYSTEMPATH/CodeIgniter.php(349): CodeIgniter\CodeIgniter->handleRequest()
 6 FCPATH/index.php(57): CodeIgniter\CodeIgniter->run()
CRITICAL - 2024-12-03 12:36:05 --> Undefined property: stdClass::$bill_num
in APPPATH/Helpers/global_helper.php on line 505.
 1 APPPATH/Helpers/global_helper.php(505): CodeIgniter\Debug\Exceptions->errorHandler()
 2 APPPATH/Controllers/Malipo.php(399): doProcessGlobalTransaction()
 3 SYSTEMPATH/CodeIgniter.php(896): App\Controllers\Malipo->nmbrecon()
 4 SYSTEMPATH/CodeIgniter.php(466): CodeIgniter\CodeIgniter->runController()
 5 SYSTEMPATH/CodeIgniter.php(349): CodeIgniter\CodeIgniter->handleRequest()
 6 FCPATH/index.php(57): CodeIgniter\CodeIgniter->run()
CRITICAL - 2024-12-03 12:38:05 --> Undefined property: stdClass::$bill_num
in APPPATH/Helpers/global_helper.php on line 505.
 1 APPPATH/Helpers/global_helper.php(505): CodeIgniter\Debug\Exceptions->errorHandler()
 2 APPPATH/Controllers/Malipo.php(399): doProcessGlobalTransaction()
 3 SYSTEMPATH/CodeIgniter.php(896): App\Controllers\Malipo->nmbrecon()
 4 SYSTEMPATH/CodeIgniter.php(466): CodeIgniter\CodeIgniter->runController()
 5 SYSTEMPATH/CodeIgniter.php(349): CodeIgniter\CodeIgniter->handleRequest()
 6 FCPATH/index.php(57): CodeIgniter\CodeIgniter->run()
CRITICAL - 2024-12-03 12:40:05 --> Undefined property: stdClass::$bill_num
in APPPATH/Helpers/global_helper.php on line 505.
 1 APPPATH/Helpers/global_helper.php(505): CodeIgniter\Debug\Exceptions->errorHandler()
 2 APPPATH/Controllers/Malipo.php(399): doProcessGlobalTransaction()
 3 SYSTEMPATH/CodeIgniter.php(896): App\Controllers\Malipo->nmbrecon()
 4 SYSTEMPATH/CodeIgniter.php(466): CodeIgniter\CodeIgniter->runController()
 5 SYSTEMPATH/CodeIgniter.php(349): CodeIgniter\CodeIgniter->handleRequest()
 6 FCPATH/index.php(57): CodeIgniter\CodeIgniter->run()
CRITICAL - 2024-12-03 12:42:05 --> Undefined property: stdClass::$bill_num
in APPPATH/Helpers/global_helper.php on line 505.
 1 APPPATH/Helpers/global_helper.php(505): CodeIgniter\Debug\Exceptions->errorHandler()
 2 APPPATH/Controllers/Malipo.php(399): doProcessGlobalTransaction()
 3 SYSTEMPATH/CodeIgniter.php(896): App\Controllers\Malipo->nmbrecon()
 4 SYSTEMPATH/CodeIgniter.php(466): CodeIgniter\CodeIgniter->runController()
 5 SYSTEMPATH/CodeIgniter.php(349): CodeIgniter\CodeIgniter->handleRequest()
 6 FCPATH/index.php(57): CodeIgniter\CodeIgniter->run()
CRITICAL - 2024-12-03 12:44:04 --> Undefined property: stdClass::$bill_num
in APPPATH/Helpers/global_helper.php on line 505.
 1 APPPATH/Helpers/global_helper.php(505): CodeIgniter\Debug\Exceptions->errorHandler()
 2 APPPATH/Controllers/Malipo.php(399): doProcessGlobalTransaction()
 3 SYSTEMPATH/CodeIgniter.php(896): App\Controllers\Malipo->nmbrecon()
 4 SYSTEMPATH/CodeIgniter.php(466): CodeIgniter\CodeIgniter->runController()
 5 SYSTEMPATH/CodeIgniter.php(349): CodeIgniter\CodeIgniter->handleRequest()
 6 FCPATH/index.php(57): CodeIgniter\CodeIgniter->run()
CRITICAL - 2024-12-03 12:46:04 --> Undefined property: stdClass::$bill_num
in APPPATH/Helpers/global_helper.php on line 505.
 1 APPPATH/Helpers/global_helper.php(505): CodeIgniter\Debug\Exceptions->errorHandler()
 2 APPPATH/Controllers/Malipo.php(399): doProcessGlobalTransaction()
 3 SYSTEMPATH/CodeIgniter.php(896): App\Controllers\Malipo->nmbrecon()
 4 SYSTEMPATH/CodeIgniter.php(466): CodeIgniter\CodeIgniter->runController()
 5 SYSTEMPATH/CodeIgniter.php(349): CodeIgniter\CodeIgniter->handleRequest()
 6 FCPATH/index.php(57): CodeIgniter\CodeIgniter->run()
CRITICAL - 2024-12-03 12:48:04 --> Undefined property: stdClass::$bill_num
in APPPATH/Helpers/global_helper.php on line 505.
 1 APPPATH/Helpers/global_helper.php(505): CodeIgniter\Debug\Exceptions->errorHandler()
 2 APPPATH/Controllers/Malipo.php(399): doProcessGlobalTransaction()
 3 SYSTEMPATH/CodeIgniter.php(896): App\Controllers\Malipo->nmbrecon()
 4 SYSTEMPATH/CodeIgniter.php(466): CodeIgniter\CodeIgniter->runController()
 5 SYSTEMPATH/CodeIgniter.php(349): CodeIgniter\CodeIgniter->handleRequest()
 6 FCPATH/index.php(57): CodeIgniter\CodeIgniter->run()
CRITICAL - 2024-12-03 12:50:05 --> Undefined property: stdClass::$bill_num
in APPPATH/Helpers/global_helper.php on line 505.
 1 APPPATH/Helpers/global_helper.php(505): CodeIgniter\Debug\Exceptions->errorHandler()
 2 APPPATH/Controllers/Malipo.php(399): doProcessGlobalTransaction()
 3 SYSTEMPATH/CodeIgniter.php(896): App\Controllers\Malipo->nmbrecon()
 4 SYSTEMPATH/CodeIgniter.php(466): CodeIgniter\CodeIgniter->runController()
 5 SYSTEMPATH/CodeIgniter.php(349): CodeIgniter\CodeIgniter->handleRequest()
 6 FCPATH/index.php(57): CodeIgniter\CodeIgniter->run()
CRITICAL - 2024-12-03 12:52:05 --> Undefined property: stdClass::$bill_num
in APPPATH/Helpers/global_helper.php on line 505.
 1 APPPATH/Helpers/global_helper.php(505): CodeIgniter\Debug\Exceptions->errorHandler()
 2 APPPATH/Controllers/Malipo.php(399): doProcessGlobalTransaction()
 3 SYSTEMPATH/CodeIgniter.php(896): App\Controllers\Malipo->nmbrecon()
 4 SYSTEMPATH/CodeIgniter.php(466): CodeIgniter\CodeIgniter->runController()
 5 SYSTEMPATH/CodeIgniter.php(349): CodeIgniter\CodeIgniter->handleRequest()
 6 FCPATH/index.php(57): CodeIgniter\CodeIgniter->run()
CRITICAL - 2024-12-03 12:54:06 --> Undefined property: stdClass::$bill_num
in APPPATH/Helpers/global_helper.php on line 505.
 1 APPPATH/Helpers/global_helper.php(505): CodeIgniter\Debug\Exceptions->errorHandler()
 2 APPPATH/Controllers/Malipo.php(399): doProcessGlobalTransaction()
 3 SYSTEMPATH/CodeIgniter.php(896): App\Controllers\Malipo->nmbrecon()
 4 SYSTEMPATH/CodeIgniter.php(466): CodeIgniter\CodeIgniter->runController()
 5 SYSTEMPATH/CodeIgniter.php(349): CodeIgniter\CodeIgniter->handleRequest()
 6 FCPATH/index.php(57): CodeIgniter\CodeIgniter->run()
CRITICAL - 2024-12-03 12:56:04 --> Undefined property: stdClass::$bill_num
in APPPATH/Helpers/global_helper.php on line 505.
 1 APPPATH/Helpers/global_helper.php(505): CodeIgniter\Debug\Exceptions->errorHandler()
 2 APPPATH/Controllers/Malipo.php(399): doProcessGlobalTransaction()
 3 SYSTEMPATH/CodeIgniter.php(896): App\Controllers\Malipo->nmbrecon()
 4 SYSTEMPATH/CodeIgniter.php(466): CodeIgniter\CodeIgniter->runController()
 5 SYSTEMPATH/CodeIgniter.php(349): CodeIgniter\CodeIgniter->handleRequest()
 6 FCPATH/index.php(57): CodeIgniter\CodeIgniter->run()
CRITICAL - 2024-12-03 12:58:05 --> Undefined property: stdClass::$bill_num
in APPPATH/Helpers/global_helper.php on line 505.
 1 APPPATH/Helpers/global_helper.php(505): CodeIgniter\Debug\Exceptions->errorHandler()
 2 APPPATH/Controllers/Malipo.php(399): doProcessGlobalTransaction()
 3 SYSTEMPATH/CodeIgniter.php(896): App\Controllers\Malipo->nmbrecon()
 4 SYSTEMPATH/CodeIgniter.php(466): CodeIgniter\CodeIgniter->runController()
 5 SYSTEMPATH/CodeIgniter.php(349): CodeIgniter\CodeIgniter->handleRequest()
 6 FCPATH/index.php(57): CodeIgniter\CodeIgniter->run()
CRITICAL - 2024-12-03 13:00:04 --> Undefined property: stdClass::$bill_num
in APPPATH/Helpers/global_helper.php on line 505.
 1 APPPATH/Helpers/global_helper.php(505): CodeIgniter\Debug\Exceptions->errorHandler()
 2 APPPATH/Controllers/Malipo.php(399): doProcessGlobalTransaction()
 3 SYSTEMPATH/CodeIgniter.php(896): App\Controllers\Malipo->nmbrecon()
 4 SYSTEMPATH/CodeIgniter.php(466): CodeIgniter\CodeIgniter->runController()
 5 SYSTEMPATH/CodeIgniter.php(349): CodeIgniter\CodeIgniter->handleRequest()
 6 FCPATH/index.php(57): CodeIgniter\CodeIgniter->run()
CRITICAL - 2024-12-03 13:02:05 --> Undefined property: stdClass::$bill_num
in APPPATH/Helpers/global_helper.php on line 505.
 1 APPPATH/Helpers/global_helper.php(505): CodeIgniter\Debug\Exceptions->errorHandler()
 2 APPPATH/Controllers/Malipo.php(399): doProcessGlobalTransaction()
 3 SYSTEMPATH/CodeIgniter.php(896): App\Controllers\Malipo->nmbrecon()
 4 SYSTEMPATH/CodeIgniter.php(466): CodeIgniter\CodeIgniter->runController()
 5 SYSTEMPATH/CodeIgniter.php(349): CodeIgniter\CodeIgniter->handleRequest()
 6 FCPATH/index.php(57): CodeIgniter\CodeIgniter->run()
CRITICAL - 2024-12-03 13:04:05 --> Undefined property: stdClass::$bill_num
in APPPATH/Helpers/global_helper.php on line 505.
 1 APPPATH/Helpers/global_helper.php(505): CodeIgniter\Debug\Exceptions->errorHandler()
 2 APPPATH/Controllers/Malipo.php(399): doProcessGlobalTransaction()
 3 SYSTEMPATH/CodeIgniter.php(896): App\Controllers\Malipo->nmbrecon()
 4 SYSTEMPATH/CodeIgniter.php(466): CodeIgniter\CodeIgniter->runController()
 5 SYSTEMPATH/CodeIgniter.php(349): CodeIgniter\CodeIgniter->handleRequest()
 6 FCPATH/index.php(57): CodeIgniter\CodeIgniter->run()
CRITICAL - 2024-12-03 13:06:05 --> Undefined property: stdClass::$bill_num
in APPPATH/Helpers/global_helper.php on line 505.
 1 APPPATH/Helpers/global_helper.php(505): CodeIgniter\Debug\Exceptions->errorHandler()
 2 APPPATH/Controllers/Malipo.php(399): doProcessGlobalTransaction()
 3 SYSTEMPATH/CodeIgniter.php(896): App\Controllers\Malipo->nmbrecon()
 4 SYSTEMPATH/CodeIgniter.php(466): CodeIgniter\CodeIgniter->runController()
 5 SYSTEMPATH/CodeIgniter.php(349): CodeIgniter\CodeIgniter->handleRequest()
 6 FCPATH/index.php(57): CodeIgniter\CodeIgniter->run()
CRITICAL - 2024-12-03 13:08:04 --> Undefined property: stdClass::$bill_num
in APPPATH/Helpers/global_helper.php on line 505.
 1 APPPATH/Helpers/global_helper.php(505): CodeIgniter\Debug\Exceptions->errorHandler()
 2 APPPATH/Controllers/Malipo.php(399): doProcessGlobalTransaction()
 3 SYSTEMPATH/CodeIgniter.php(896): App\Controllers\Malipo->nmbrecon()
 4 SYSTEMPATH/CodeIgniter.php(466): CodeIgniter\CodeIgniter->runController()
 5 SYSTEMPATH/CodeIgniter.php(349): CodeIgniter\CodeIgniter->handleRequest()
 6 FCPATH/index.php(57): CodeIgniter\CodeIgniter->run()
CRITICAL - 2024-12-03 13:10:05 --> Undefined property: stdClass::$bill_num
in APPPATH/Helpers/global_helper.php on line 505.
 1 APPPATH/Helpers/global_helper.php(505): CodeIgniter\Debug\Exceptions->errorHandler()
 2 APPPATH/Controllers/Malipo.php(399): doProcessGlobalTransaction()
 3 SYSTEMPATH/CodeIgniter.php(896): App\Controllers\Malipo->nmbrecon()
 4 SYSTEMPATH/CodeIgniter.php(466): CodeIgniter\CodeIgniter->runController()
 5 SYSTEMPATH/CodeIgniter.php(349): CodeIgniter\CodeIgniter->handleRequest()
 6 FCPATH/index.php(57): CodeIgniter\CodeIgniter->run()
CRITICAL - 2024-12-03 13:11:47 --> Undefined array key "data"
in APPPATH/Helpers/global_helper.php on line 154.
 1 APPPATH/Helpers/global_helper.php(154): CodeIgniter\Debug\Exceptions->errorHandler()
 2 APPPATH/Controllers/Malipo.php(294): dispResponseCRDBValidate()
 3 SYSTEMPATH/CodeIgniter.php(896): App\Controllers\Malipo->crdbverify()
 4 SYSTEMPATH/CodeIgniter.php(466): CodeIgniter\CodeIgniter->runController()
 5 SYSTEMPATH/CodeIgniter.php(349): CodeIgniter\CodeIgniter->handleRequest()
 6 FCPATH/index.php(57): CodeIgniter\CodeIgniter->run()
CRITICAL - 2024-12-03 13:12:05 --> Undefined property: stdClass::$bill_num
in APPPATH/Helpers/global_helper.php on line 505.
 1 APPPATH/Helpers/global_helper.php(505): CodeIgniter\Debug\Exceptions->errorHandler()
 2 APPPATH/Controllers/Malipo.php(399): doProcessGlobalTransaction()
 3 SYSTEMPATH/CodeIgniter.php(896): App\Controllers\Malipo->nmbrecon()
 4 SYSTEMPATH/CodeIgniter.php(466): CodeIgniter\CodeIgniter->runController()
 5 SYSTEMPATH/CodeIgniter.php(349): CodeIgniter\CodeIgniter->handleRequest()
 6 FCPATH/index.php(57): CodeIgniter\CodeIgniter->run()
CRITICAL - 2024-12-03 13:14:05 --> Undefined property: stdClass::$bill_num
in APPPATH/Helpers/global_helper.php on line 505.
 1 APPPATH/Helpers/global_helper.php(505): CodeIgniter\Debug\Exceptions->errorHandler()
 2 APPPATH/Controllers/Malipo.php(399): doProcessGlobalTransaction()
 3 SYSTEMPATH/CodeIgniter.php(896): App\Controllers\Malipo->nmbrecon()
 4 SYSTEMPATH/CodeIgniter.php(466): CodeIgniter\CodeIgniter->runController()
 5 SYSTEMPATH/CodeIgniter.php(349): CodeIgniter\CodeIgniter->handleRequest()
 6 FCPATH/index.php(57): CodeIgniter\CodeIgniter->run()
CRITICAL - 2024-12-03 13:16:04 --> Undefined property: stdClass::$bill_num
in APPPATH/Helpers/global_helper.php on line 505.
 1 APPPATH/Helpers/global_helper.php(505): CodeIgniter\Debug\Exceptions->errorHandler()
 2 APPPATH/Controllers/Malipo.php(399): doProcessGlobalTransaction()
 3 SYSTEMPATH/CodeIgniter.php(896): App\Controllers\Malipo->nmbrecon()
 4 SYSTEMPATH/CodeIgniter.php(466): CodeIgniter\CodeIgniter->runController()
 5 SYSTEMPATH/CodeIgniter.php(349): CodeIgniter\CodeIgniter->handleRequest()
 6 FCPATH/index.php(57): CodeIgniter\CodeIgniter->run()
CRITICAL - 2024-12-03 13:18:04 --> Undefined property: stdClass::$bill_num
in APPPATH/Helpers/global_helper.php on line 505.
 1 APPPATH/Helpers/global_helper.php(505): CodeIgniter\Debug\Exceptions->errorHandler()
 2 APPPATH/Controllers/Malipo.php(399): doProcessGlobalTransaction()
 3 SYSTEMPATH/CodeIgniter.php(896): App\Controllers\Malipo->nmbrecon()
 4 SYSTEMPATH/CodeIgniter.php(466): CodeIgniter\CodeIgniter->runController()
 5 SYSTEMPATH/CodeIgniter.php(349): CodeIgniter\CodeIgniter->handleRequest()
 6 FCPATH/index.php(57): CodeIgniter\CodeIgniter->run()
CRITICAL - 2024-12-03 13:20:04 --> Undefined property: stdClass::$bill_num
in APPPATH/Helpers/global_helper.php on line 505.
 1 APPPATH/Helpers/global_helper.php(505): CodeIgniter\Debug\Exceptions->errorHandler()
 2 APPPATH/Controllers/Malipo.php(399): doProcessGlobalTransaction()
 3 SYSTEMPATH/CodeIgniter.php(896): App\Controllers\Malipo->nmbrecon()
 4 SYSTEMPATH/CodeIgniter.php(466): CodeIgniter\CodeIgniter->runController()
 5 SYSTEMPATH/CodeIgniter.php(349): CodeIgniter\CodeIgniter->handleRequest()
 6 FCPATH/index.php(57): CodeIgniter\CodeIgniter->run()
CRITICAL - 2024-12-03 13:22:05 --> Undefined property: stdClass::$bill_num
in APPPATH/Helpers/global_helper.php on line 505.
 1 APPPATH/Helpers/global_helper.php(505): CodeIgniter\Debug\Exceptions->errorHandler()
 2 APPPATH/Controllers/Malipo.php(399): doProcessGlobalTransaction()
 3 SYSTEMPATH/CodeIgniter.php(896): App\Controllers\Malipo->nmbrecon()
 4 SYSTEMPATH/CodeIgniter.php(466): CodeIgniter\CodeIgniter->runController()
 5 SYSTEMPATH/CodeIgniter.php(349): CodeIgniter\CodeIgniter->handleRequest()
 6 FCPATH/index.php(57): CodeIgniter\CodeIgniter->run()
CRITICAL - 2024-12-03 13:24:05 --> Undefined property: stdClass::$bill_num
in APPPATH/Helpers/global_helper.php on line 505.
 1 APPPATH/Helpers/global_helper.php(505): CodeIgniter\Debug\Exceptions->errorHandler()
 2 APPPATH/Controllers/Malipo.php(399): doProcessGlobalTransaction()
 3 SYSTEMPATH/CodeIgniter.php(896): App\Controllers\Malipo->nmbrecon()
 4 SYSTEMPATH/CodeIgniter.php(466): CodeIgniter\CodeIgniter->runController()
 5 SYSTEMPATH/CodeIgniter.php(349): CodeIgniter\CodeIgniter->handleRequest()
 6 FCPATH/index.php(57): CodeIgniter\CodeIgniter->run()
CRITICAL - 2024-12-03 13:24:53 --> Undefined property: stdClass::$reference
in APPPATH/Helpers/global_helper.php on line 914.
 1 APPPATH/Helpers/global_helper.php(914): CodeIgniter\Debug\Exceptions->errorHandler()
 2 APPPATH/Controllers/Malipo.php(476): nmbGenSubmitJson()
 3 SYSTEMPATH/CodeIgniter.php(896): App\Controllers\Malipo->nmbbillrequest()
 4 SYSTEMPATH/CodeIgniter.php(466): CodeIgniter\CodeIgniter->runController()
 5 SYSTEMPATH/CodeIgniter.php(349): CodeIgniter\CodeIgniter->handleRequest()
 6 FCPATH/index.php(57): CodeIgniter\CodeIgniter->run()
CRITICAL - 2024-12-03 13:26:05 --> Undefined property: stdClass::$bill_num
in APPPATH/Helpers/global_helper.php on line 505.
 1 APPPATH/Helpers/global_helper.php(505): CodeIgniter\Debug\Exceptions->errorHandler()
 2 APPPATH/Controllers/Malipo.php(399): doProcessGlobalTransaction()
 3 SYSTEMPATH/CodeIgniter.php(896): App\Controllers\Malipo->nmbrecon()
 4 SYSTEMPATH/CodeIgniter.php(466): CodeIgniter\CodeIgniter->runController()
 5 SYSTEMPATH/CodeIgniter.php(349): CodeIgniter\CodeIgniter->handleRequest()
 6 FCPATH/index.php(57): CodeIgniter\CodeIgniter->run()
CRITICAL - 2024-12-03 13:28:04 --> Undefined property: stdClass::$bill_num
in APPPATH/Helpers/global_helper.php on line 505.
 1 APPPATH/Helpers/global_helper.php(505): CodeIgniter\Debug\Exceptions->errorHandler()
 2 APPPATH/Controllers/Malipo.php(399): doProcessGlobalTransaction()
 3 SYSTEMPATH/CodeIgniter.php(896): App\Controllers\Malipo->nmbrecon()
 4 SYSTEMPATH/CodeIgniter.php(466): CodeIgniter\CodeIgniter->runController()
 5 SYSTEMPATH/CodeIgniter.php(349): CodeIgniter\CodeIgniter->handleRequest()
 6 FCPATH/index.php(57): CodeIgniter\CodeIgniter->run()
CRITICAL - 2024-12-03 13:30:04 --> Undefined property: stdClass::$bill_num
in APPPATH/Helpers/global_helper.php on line 505.
 1 APPPATH/Helpers/global_helper.php(505): CodeIgniter\Debug\Exceptions->errorHandler()
 2 APPPATH/Controllers/Malipo.php(399): doProcessGlobalTransaction()
 3 SYSTEMPATH/CodeIgniter.php(896): App\Controllers\Malipo->nmbrecon()
 4 SYSTEMPATH/CodeIgniter.php(466): CodeIgniter\CodeIgniter->runController()
 5 SYSTEMPATH/CodeIgniter.php(349): CodeIgniter\CodeIgniter->handleRequest()
 6 FCPATH/index.php(57): CodeIgniter\CodeIgniter->run()
CRITICAL - 2024-12-03 13:32:05 --> Undefined property: stdClass::$bill_num
in APPPATH/Helpers/global_helper.php on line 505.
 1 APPPATH/Helpers/global_helper.php(505): CodeIgniter\Debug\Exceptions->errorHandler()
 2 APPPATH/Controllers/Malipo.php(399): doProcessGlobalTransaction()
 3 SYSTEMPATH/CodeIgniter.php(896): App\Controllers\Malipo->nmbrecon()
 4 SYSTEMPATH/CodeIgniter.php(466): CodeIgniter\CodeIgniter->runController()
 5 SYSTEMPATH/CodeIgniter.php(349): CodeIgniter\CodeIgniter->handleRequest()
 6 FCPATH/index.php(57): CodeIgniter\CodeIgniter->run()
CRITICAL - 2024-12-03 13:34:05 --> Undefined property: stdClass::$bill_num
in APPPATH/Helpers/global_helper.php on line 505.
 1 APPPATH/Helpers/global_helper.php(505): CodeIgniter\Debug\Exceptions->errorHandler()
 2 APPPATH/Controllers/Malipo.php(399): doProcessGlobalTransaction()
 3 SYSTEMPATH/CodeIgniter.php(896): App\Controllers\Malipo->nmbrecon()
 4 SYSTEMPATH/CodeIgniter.php(466): CodeIgniter\CodeIgniter->runController()
 5 SYSTEMPATH/CodeIgniter.php(349): CodeIgniter\CodeIgniter->handleRequest()
 6 FCPATH/index.php(57): CodeIgniter\CodeIgniter->run()
CRITICAL - 2024-12-03 13:36:05 --> Undefined property: stdClass::$bill_num
in APPPATH/Helpers/global_helper.php on line 505.
 1 APPPATH/Helpers/global_helper.php(505): CodeIgniter\Debug\Exceptions->errorHandler()
 2 APPPATH/Controllers/Malipo.php(399): doProcessGlobalTransaction()
 3 SYSTEMPATH/CodeIgniter.php(896): App\Controllers\Malipo->nmbrecon()
 4 SYSTEMPATH/CodeIgniter.php(466): CodeIgniter\CodeIgniter->runController()
 5 SYSTEMPATH/CodeIgniter.php(349): CodeIgniter\CodeIgniter->handleRequest()
 6 FCPATH/index.php(57): CodeIgniter\CodeIgniter->run()
CRITICAL - 2024-12-03 13:38:05 --> Undefined property: stdClass::$bill_num
in APPPATH/Helpers/global_helper.php on line 505.
 1 APPPATH/Helpers/global_helper.php(505): CodeIgniter\Debug\Exceptions->errorHandler()
 2 APPPATH/Controllers/Malipo.php(399): doProcessGlobalTransaction()
 3 SYSTEMPATH/CodeIgniter.php(896): App\Controllers\Malipo->nmbrecon()
 4 SYSTEMPATH/CodeIgniter.php(466): CodeIgniter\CodeIgniter->runController()
 5 SYSTEMPATH/CodeIgniter.php(349): CodeIgniter\CodeIgniter->handleRequest()
 6 FCPATH/index.php(57): CodeIgniter\CodeIgniter->run()
CRITICAL - 2024-12-03 13:40:04 --> Undefined property: stdClass::$bill_num
in APPPATH/Helpers/global_helper.php on line 505.
 1 APPPATH/Helpers/global_helper.php(505): CodeIgniter\Debug\Exceptions->errorHandler()
 2 APPPATH/Controllers/Malipo.php(399): doProcessGlobalTransaction()
 3 SYSTEMPATH/CodeIgniter.php(896): App\Controllers\Malipo->nmbrecon()
 4 SYSTEMPATH/CodeIgniter.php(466): CodeIgniter\CodeIgniter->runController()
 5 SYSTEMPATH/CodeIgniter.php(349): CodeIgniter\CodeIgniter->handleRequest()
 6 FCPATH/index.php(57): CodeIgniter\CodeIgniter->run()
CRITICAL - 2024-12-03 13:42:05 --> Undefined property: stdClass::$bill_num
in APPPATH/Helpers/global_helper.php on line 505.
 1 APPPATH/Helpers/global_helper.php(505): CodeIgniter\Debug\Exceptions->errorHandler()
 2 APPPATH/Controllers/Malipo.php(399): doProcessGlobalTransaction()
 3 SYSTEMPATH/CodeIgniter.php(896): App\Controllers\Malipo->nmbrecon()
 4 SYSTEMPATH/CodeIgniter.php(466): CodeIgniter\CodeIgniter->runController()
 5 SYSTEMPATH/CodeIgniter.php(349): CodeIgniter\CodeIgniter->handleRequest()
 6 FCPATH/index.php(57): CodeIgniter\CodeIgniter->run()
CRITICAL - 2024-12-03 13:44:05 --> Undefined property: stdClass::$bill_num
in APPPATH/Helpers/global_helper.php on line 505.
 1 APPPATH/Helpers/global_helper.php(505): CodeIgniter\Debug\Exceptions->errorHandler()
 2 APPPATH/Controllers/Malipo.php(399): doProcessGlobalTransaction()
 3 SYSTEMPATH/CodeIgniter.php(896): App\Controllers\Malipo->nmbrecon()
 4 SYSTEMPATH/CodeIgniter.php(466): CodeIgniter\CodeIgniter->runController()
 5 SYSTEMPATH/CodeIgniter.php(349): CodeIgniter\CodeIgniter->handleRequest()
 6 FCPATH/index.php(57): CodeIgniter\CodeIgniter->run()
CRITICAL - 2024-12-03 13:46:05 --> Undefined property: stdClass::$bill_num
in APPPATH/Helpers/global_helper.php on line 505.
 1 APPPATH/Helpers/global_helper.php(505): CodeIgniter\Debug\Exceptions->errorHandler()
 2 APPPATH/Controllers/Malipo.php(399): doProcessGlobalTransaction()
 3 SYSTEMPATH/CodeIgniter.php(896): App\Controllers\Malipo->nmbrecon()
 4 SYSTEMPATH/CodeIgniter.php(466): CodeIgniter\CodeIgniter->runController()
 5 SYSTEMPATH/CodeIgniter.php(349): CodeIgniter\CodeIgniter->handleRequest()
 6 FCPATH/index.php(57): CodeIgniter\CodeIgniter->run()
CRITICAL - 2024-12-03 13:48:05 --> Undefined property: stdClass::$bill_num
in APPPATH/Helpers/global_helper.php on line 505.
 1 APPPATH/Helpers/global_helper.php(505): CodeIgniter\Debug\Exceptions->errorHandler()
 2 APPPATH/Controllers/Malipo.php(399): doProcessGlobalTransaction()
 3 SYSTEMPATH/CodeIgniter.php(896): App\Controllers\Malipo->nmbrecon()
 4 SYSTEMPATH/CodeIgniter.php(466): CodeIgniter\CodeIgniter->runController()
 5 SYSTEMPATH/CodeIgniter.php(349): CodeIgniter\CodeIgniter->handleRequest()
 6 FCPATH/index.php(57): CodeIgniter\CodeIgniter->run()
CRITICAL - 2024-12-03 13:50:05 --> Undefined property: stdClass::$bill_num
in APPPATH/Helpers/global_helper.php on line 505.
 1 APPPATH/Helpers/global_helper.php(505): CodeIgniter\Debug\Exceptions->errorHandler()
 2 APPPATH/Controllers/Malipo.php(399): doProcessGlobalTransaction()
 3 SYSTEMPATH/CodeIgniter.php(896): App\Controllers\Malipo->nmbrecon()
 4 SYSTEMPATH/CodeIgniter.php(466): CodeIgniter\CodeIgniter->runController()
 5 SYSTEMPATH/CodeIgniter.php(349): CodeIgniter\CodeIgniter->handleRequest()
 6 FCPATH/index.php(57): CodeIgniter\CodeIgniter->run()
CRITICAL - 2024-12-03 13:52:05 --> Undefined property: stdClass::$bill_num
in APPPATH/Helpers/global_helper.php on line 505.
 1 APPPATH/Helpers/global_helper.php(505): CodeIgniter\Debug\Exceptions->errorHandler()
 2 APPPATH/Controllers/Malipo.php(399): doProcessGlobalTransaction()
 3 SYSTEMPATH/CodeIgniter.php(896): App\Controllers\Malipo->nmbrecon()
 4 SYSTEMPATH/CodeIgniter.php(466): CodeIgniter\CodeIgniter->runController()
 5 SYSTEMPATH/CodeIgniter.php(349): CodeIgniter\CodeIgniter->handleRequest()
 6 FCPATH/index.php(57): CodeIgniter\CodeIgniter->run()
CRITICAL - 2024-12-03 13:54:04 --> Undefined property: stdClass::$bill_num
in APPPATH/Helpers/global_helper.php on line 505.
 1 APPPATH/Helpers/global_helper.php(505): CodeIgniter\Debug\Exceptions->errorHandler()
 2 APPPATH/Controllers/Malipo.php(399): doProcessGlobalTransaction()
 3 SYSTEMPATH/CodeIgniter.php(896): App\Controllers\Malipo->nmbrecon()
 4 SYSTEMPATH/CodeIgniter.php(466): CodeIgniter\CodeIgniter->runController()
 5 SYSTEMPATH/CodeIgniter.php(349): CodeIgniter\CodeIgniter->handleRequest()
 6 FCPATH/index.php(57): CodeIgniter\CodeIgniter->run()
CRITICAL - 2024-12-03 13:56:05 --> Undefined property: stdClass::$bill_num
in APPPATH/Helpers/global_helper.php on line 505.
 1 APPPATH/Helpers/global_helper.php(505): CodeIgniter\Debug\Exceptions->errorHandler()
 2 APPPATH/Controllers/Malipo.php(399): doProcessGlobalTransaction()
 3 SYSTEMPATH/CodeIgniter.php(896): App\Controllers\Malipo->nmbrecon()
 4 SYSTEMPATH/CodeIgniter.php(466): CodeIgniter\CodeIgniter->runController()
 5 SYSTEMPATH/CodeIgniter.php(349): CodeIgniter\CodeIgniter->handleRequest()
 6 FCPATH/index.php(57): CodeIgniter\CodeIgniter->run()
CRITICAL - 2024-12-03 13:58:05 --> Undefined property: stdClass::$bill_num
in APPPATH/Helpers/global_helper.php on line 505.
 1 APPPATH/Helpers/global_helper.php(505): CodeIgniter\Debug\Exceptions->errorHandler()
 2 APPPATH/Controllers/Malipo.php(399): doProcessGlobalTransaction()
 3 SYSTEMPATH/CodeIgniter.php(896): App\Controllers\Malipo->nmbrecon()
 4 SYSTEMPATH/CodeIgniter.php(466): CodeIgniter\CodeIgniter->runController()
 5 SYSTEMPATH/CodeIgniter.php(349): CodeIgniter\CodeIgniter->handleRequest()
 6 FCPATH/index.php(57): CodeIgniter\CodeIgniter->run()
CRITICAL - 2024-12-03 14:00:05 --> Undefined property: stdClass::$bill_num
in APPPATH/Helpers/global_helper.php on line 505.
 1 APPPATH/Helpers/global_helper.php(505): CodeIgniter\Debug\Exceptions->errorHandler()
 2 APPPATH/Controllers/Malipo.php(399): doProcessGlobalTransaction()
 3 SYSTEMPATH/CodeIgniter.php(896): App\Controllers\Malipo->nmbrecon()
 4 SYSTEMPATH/CodeIgniter.php(466): CodeIgniter\CodeIgniter->runController()
 5 SYSTEMPATH/CodeIgniter.php(349): CodeIgniter\CodeIgniter->handleRequest()
 6 FCPATH/index.php(57): CodeIgniter\CodeIgniter->run()
CRITICAL - 2024-12-03 14:00:59 --> Undefined array key "data"
in APPPATH/Helpers/global_helper.php on line 154.
 1 APPPATH/Helpers/global_helper.php(154): CodeIgniter\Debug\Exceptions->errorHandler()
 2 APPPATH/Controllers/Malipo.php(294): dispResponseCRDBValidate()
 3 SYSTEMPATH/CodeIgniter.php(896): App\Controllers\Malipo->crdbverify()
 4 SYSTEMPATH/CodeIgniter.php(466): CodeIgniter\CodeIgniter->runController()
 5 SYSTEMPATH/CodeIgniter.php(349): CodeIgniter\CodeIgniter->handleRequest()
 6 FCPATH/index.php(57): CodeIgniter\CodeIgniter->run()
CRITICAL - 2024-12-03 14:02:05 --> Undefined property: stdClass::$bill_num
in APPPATH/Helpers/global_helper.php on line 505.
 1 APPPATH/Helpers/global_helper.php(505): CodeIgniter\Debug\Exceptions->errorHandler()
 2 APPPATH/Controllers/Malipo.php(399): doProcessGlobalTransaction()
 3 SYSTEMPATH/CodeIgniter.php(896): App\Controllers\Malipo->nmbrecon()
 4 SYSTEMPATH/CodeIgniter.php(466): CodeIgniter\CodeIgniter->runController()
 5 SYSTEMPATH/CodeIgniter.php(349): CodeIgniter\CodeIgniter->handleRequest()
 6 FCPATH/index.php(57): CodeIgniter\CodeIgniter->run()
CRITICAL - 2024-12-03 14:04:05 --> Undefined property: stdClass::$bill_num
in APPPATH/Helpers/global_helper.php on line 505.
 1 APPPATH/Helpers/global_helper.php(505): CodeIgniter\Debug\Exceptions->errorHandler()
 2 APPPATH/Controllers/Malipo.php(399): doProcessGlobalTransaction()
 3 SYSTEMPATH/CodeIgniter.php(896): App\Controllers\Malipo->nmbrecon()
 4 SYSTEMPATH/CodeIgniter.php(466): CodeIgniter\CodeIgniter->runController()
 5 SYSTEMPATH/CodeIgniter.php(349): CodeIgniter\CodeIgniter->handleRequest()
 6 FCPATH/index.php(57): CodeIgniter\CodeIgniter->run()
CRITICAL - 2024-12-03 14:06:05 --> Undefined property: stdClass::$bill_num
in APPPATH/Helpers/global_helper.php on line 505.
 1 APPPATH/Helpers/global_helper.php(505): CodeIgniter\Debug\Exceptions->errorHandler()
 2 APPPATH/Controllers/Malipo.php(399): doProcessGlobalTransaction()
 3 SYSTEMPATH/CodeIgniter.php(896): App\Controllers\Malipo->nmbrecon()
 4 SYSTEMPATH/CodeIgniter.php(466): CodeIgniter\CodeIgniter->runController()
 5 SYSTEMPATH/CodeIgniter.php(349): CodeIgniter\CodeIgniter->handleRequest()
 6 FCPATH/index.php(57): CodeIgniter\CodeIgniter->run()
CRITICAL - 2024-12-03 14:08:05 --> Undefined property: stdClass::$bill_num
in APPPATH/Helpers/global_helper.php on line 505.
 1 APPPATH/Helpers/global_helper.php(505): CodeIgniter\Debug\Exceptions->errorHandler()
 2 APPPATH/Controllers/Malipo.php(399): doProcessGlobalTransaction()
 3 SYSTEMPATH/CodeIgniter.php(896): App\Controllers\Malipo->nmbrecon()
 4 SYSTEMPATH/CodeIgniter.php(466): CodeIgniter\CodeIgniter->runController()
 5 SYSTEMPATH/CodeIgniter.php(349): CodeIgniter\CodeIgniter->handleRequest()
 6 FCPATH/index.php(57): CodeIgniter\CodeIgniter->run()
CRITICAL - 2024-12-03 14:10:05 --> Undefined property: stdClass::$bill_num
in APPPATH/Helpers/global_helper.php on line 505.
 1 APPPATH/Helpers/global_helper.php(505): CodeIgniter\Debug\Exceptions->errorHandler()
 2 APPPATH/Controllers/Malipo.php(399): doProcessGlobalTransaction()
 3 SYSTEMPATH/CodeIgniter.php(896): App\Controllers\Malipo->nmbrecon()
 4 SYSTEMPATH/CodeIgniter.php(466): CodeIgniter\CodeIgniter->runController()
 5 SYSTEMPATH/CodeIgniter.php(349): CodeIgniter\CodeIgniter->handleRequest()
 6 FCPATH/index.php(57): CodeIgniter\CodeIgniter->run()
CRITICAL - 2024-12-03 14:12:05 --> Undefined property: stdClass::$bill_num
in APPPATH/Helpers/global_helper.php on line 505.
 1 APPPATH/Helpers/global_helper.php(505): CodeIgniter\Debug\Exceptions->errorHandler()
 2 APPPATH/Controllers/Malipo.php(399): doProcessGlobalTransaction()
 3 SYSTEMPATH/CodeIgniter.php(896): App\Controllers\Malipo->nmbrecon()
 4 SYSTEMPATH/CodeIgniter.php(466): CodeIgniter\CodeIgniter->runController()
 5 SYSTEMPATH/CodeIgniter.php(349): CodeIgniter\CodeIgniter->handleRequest()
 6 FCPATH/index.php(57): CodeIgniter\CodeIgniter->run()
CRITICAL - 2024-12-03 14:14:04 --> Undefined property: stdClass::$bill_num
in APPPATH/Helpers/global_helper.php on line 505.
 1 APPPATH/Helpers/global_helper.php(505): CodeIgniter\Debug\Exceptions->errorHandler()
 2 APPPATH/Controllers/Malipo.php(399): doProcessGlobalTransaction()
 3 SYSTEMPATH/CodeIgniter.php(896): App\Controllers\Malipo->nmbrecon()
 4 SYSTEMPATH/CodeIgniter.php(466): CodeIgniter\CodeIgniter->runController()
 5 SYSTEMPATH/CodeIgniter.php(349): CodeIgniter\CodeIgniter->handleRequest()
 6 FCPATH/index.php(57): CodeIgniter\CodeIgniter->run()
CRITICAL - 2024-12-03 14:16:05 --> Undefined property: stdClass::$bill_num
in APPPATH/Helpers/global_helper.php on line 505.
 1 APPPATH/Helpers/global_helper.php(505): CodeIgniter\Debug\Exceptions->errorHandler()
 2 APPPATH/Controllers/Malipo.php(399): doProcessGlobalTransaction()
 3 SYSTEMPATH/CodeIgniter.php(896): App\Controllers\Malipo->nmbrecon()
 4 SYSTEMPATH/CodeIgniter.php(466): CodeIgniter\CodeIgniter->runController()
 5 SYSTEMPATH/CodeIgniter.php(349): CodeIgniter\CodeIgniter->handleRequest()
 6 FCPATH/index.php(57): CodeIgniter\CodeIgniter->run()
CRITICAL - 2024-12-03 14:18:05 --> Undefined property: stdClass::$bill_num
in APPPATH/Helpers/global_helper.php on line 505.
 1 APPPATH/Helpers/global_helper.php(505): CodeIgniter\Debug\Exceptions->errorHandler()
 2 APPPATH/Controllers/Malipo.php(399): doProcessGlobalTransaction()
 3 SYSTEMPATH/CodeIgniter.php(896): App\Controllers\Malipo->nmbrecon()
 4 SYSTEMPATH/CodeIgniter.php(466): CodeIgniter\CodeIgniter->runController()
 5 SYSTEMPATH/CodeIgniter.php(349): CodeIgniter\CodeIgniter->handleRequest()
 6 FCPATH/index.php(57): CodeIgniter\CodeIgniter->run()
CRITICAL - 2024-12-03 14:20:05 --> Undefined property: stdClass::$bill_num
in APPPATH/Helpers/global_helper.php on line 505.
 1 APPPATH/Helpers/global_helper.php(505): CodeIgniter\Debug\Exceptions->errorHandler()
 2 APPPATH/Controllers/Malipo.php(399): doProcessGlobalTransaction()
 3 SYSTEMPATH/CodeIgniter.php(896): App\Controllers\Malipo->nmbrecon()
 4 SYSTEMPATH/CodeIgniter.php(466): CodeIgniter\CodeIgniter->runController()
 5 SYSTEMPATH/CodeIgniter.php(349): CodeIgniter\CodeIgniter->handleRequest()
 6 FCPATH/index.php(57): CodeIgniter\CodeIgniter->run()
CRITICAL - 2024-12-03 14:22:06 --> Undefined property: stdClass::$bill_num
in APPPATH/Helpers/global_helper.php on line 505.
 1 APPPATH/Helpers/global_helper.php(505): CodeIgniter\Debug\Exceptions->errorHandler()
 2 APPPATH/Controllers/Malipo.php(399): doProcessGlobalTransaction()
 3 SYSTEMPATH/CodeIgniter.php(896): App\Controllers\Malipo->nmbrecon()
 4 SYSTEMPATH/CodeIgniter.php(466): CodeIgniter\CodeIgniter->runController()
 5 SYSTEMPATH/CodeIgniter.php(349): CodeIgniter\CodeIgniter->handleRequest()
 6 FCPATH/index.php(57): CodeIgniter\CodeIgniter->run()
CRITICAL - 2024-12-03 14:24:05 --> Undefined property: stdClass::$bill_num
in APPPATH/Helpers/global_helper.php on line 505.
 1 APPPATH/Helpers/global_helper.php(505): CodeIgniter\Debug\Exceptions->errorHandler()
 2 APPPATH/Controllers/Malipo.php(399): doProcessGlobalTransaction()
 3 SYSTEMPATH/CodeIgniter.php(896): App\Controllers\Malipo->nmbrecon()
 4 SYSTEMPATH/CodeIgniter.php(466): CodeIgniter\CodeIgniter->runController()
 5 SYSTEMPATH/CodeIgniter.php(349): CodeIgniter\CodeIgniter->handleRequest()
 6 FCPATH/index.php(57): CodeIgniter\CodeIgniter->run()
CRITICAL - 2024-12-03 14:26:04 --> Undefined property: stdClass::$bill_num
in APPPATH/Helpers/global_helper.php on line 505.
 1 APPPATH/Helpers/global_helper.php(505): CodeIgniter\Debug\Exceptions->errorHandler()
 2 APPPATH/Controllers/Malipo.php(399): doProcessGlobalTransaction()
 3 SYSTEMPATH/CodeIgniter.php(896): App\Controllers\Malipo->nmbrecon()
 4 SYSTEMPATH/CodeIgniter.php(466): CodeIgniter\CodeIgniter->runController()
 5 SYSTEMPATH/CodeIgniter.php(349): CodeIgniter\CodeIgniter->handleRequest()
 6 FCPATH/index.php(57): CodeIgniter\CodeIgniter->run()
CRITICAL - 2024-12-03 14:28:05 --> Undefined property: stdClass::$bill_num
in APPPATH/Helpers/global_helper.php on line 505.
 1 APPPATH/Helpers/global_helper.php(505): CodeIgniter\Debug\Exceptions->errorHandler()
 2 APPPATH/Controllers/Malipo.php(399): doProcessGlobalTransaction()
 3 SYSTEMPATH/CodeIgniter.php(896): App\Controllers\Malipo->nmbrecon()
 4 SYSTEMPATH/CodeIgniter.php(466): CodeIgniter\CodeIgniter->runController()
 5 SYSTEMPATH/CodeIgniter.php(349): CodeIgniter\CodeIgniter->handleRequest()
 6 FCPATH/index.php(57): CodeIgniter\CodeIgniter->run()
CRITICAL - 2024-12-03 14:30:05 --> Undefined property: stdClass::$bill_num
in APPPATH/Helpers/global_helper.php on line 505.
 1 APPPATH/Helpers/global_helper.php(505): CodeIgniter\Debug\Exceptions->errorHandler()
 2 APPPATH/Controllers/Malipo.php(399): doProcessGlobalTransaction()
 3 SYSTEMPATH/CodeIgniter.php(896): App\Controllers\Malipo->nmbrecon()
 4 SYSTEMPATH/CodeIgniter.php(466): CodeIgniter\CodeIgniter->runController()
 5 SYSTEMPATH/CodeIgniter.php(349): CodeIgniter\CodeIgniter->handleRequest()
 6 FCPATH/index.php(57): CodeIgniter\CodeIgniter->run()
CRITICAL - 2024-12-03 14:32:05 --> Undefined property: stdClass::$bill_num
in APPPATH/Helpers/global_helper.php on line 505.
 1 APPPATH/Helpers/global_helper.php(505): CodeIgniter\Debug\Exceptions->errorHandler()
 2 APPPATH/Controllers/Malipo.php(399): doProcessGlobalTransaction()
 3 SYSTEMPATH/CodeIgniter.php(896): App\Controllers\Malipo->nmbrecon()
 4 SYSTEMPATH/CodeIgniter.php(466): CodeIgniter\CodeIgniter->runController()
 5 SYSTEMPATH/CodeIgniter.php(349): CodeIgniter\CodeIgniter->handleRequest()
 6 FCPATH/index.php(57): CodeIgniter\CodeIgniter->run()
CRITICAL - 2024-12-03 14:34:05 --> Undefined property: stdClass::$bill_num
in APPPATH/Helpers/global_helper.php on line 505.
 1 APPPATH/Helpers/global_helper.php(505): CodeIgniter\Debug\Exceptions->errorHandler()
 2 APPPATH/Controllers/Malipo.php(399): doProcessGlobalTransaction()
 3 SYSTEMPATH/CodeIgniter.php(896): App\Controllers\Malipo->nmbrecon()
 4 SYSTEMPATH/CodeIgniter.php(466): CodeIgniter\CodeIgniter->runController()
 5 SYSTEMPATH/CodeIgniter.php(349): CodeIgniter\CodeIgniter->handleRequest()
 6 FCPATH/index.php(57): CodeIgniter\CodeIgniter->run()
CRITICAL - 2024-12-03 14:36:05 --> Undefined property: stdClass::$bill_num
in APPPATH/Helpers/global_helper.php on line 505.
 1 APPPATH/Helpers/global_helper.php(505): CodeIgniter\Debug\Exceptions->errorHandler()
 2 APPPATH/Controllers/Malipo.php(399): doProcessGlobalTransaction()
 3 SYSTEMPATH/CodeIgniter.php(896): App\Controllers\Malipo->nmbrecon()
 4 SYSTEMPATH/CodeIgniter.php(466): CodeIgniter\CodeIgniter->runController()
 5 SYSTEMPATH/CodeIgniter.php(349): CodeIgniter\CodeIgniter->handleRequest()
 6 FCPATH/index.php(57): CodeIgniter\CodeIgniter->run()
CRITICAL - 2024-12-03 14:38:05 --> Undefined property: stdClass::$bill_num
in APPPATH/Helpers/global_helper.php on line 505.
 1 APPPATH/Helpers/global_helper.php(505): CodeIgniter\Debug\Exceptions->errorHandler()
 2 APPPATH/Controllers/Malipo.php(399): doProcessGlobalTransaction()
 3 SYSTEMPATH/CodeIgniter.php(896): App\Controllers\Malipo->nmbrecon()
 4 SYSTEMPATH/CodeIgniter.php(466): CodeIgniter\CodeIgniter->runController()
 5 SYSTEMPATH/CodeIgniter.php(349): CodeIgniter\CodeIgniter->handleRequest()
 6 FCPATH/index.php(57): CodeIgniter\CodeIgniter->run()
CRITICAL - 2024-12-03 14:40:05 --> Undefined property: stdClass::$bill_num
in APPPATH/Helpers/global_helper.php on line 505.
 1 APPPATH/Helpers/global_helper.php(505): CodeIgniter\Debug\Exceptions->errorHandler()
 2 APPPATH/Controllers/Malipo.php(399): doProcessGlobalTransaction()
 3 SYSTEMPATH/CodeIgniter.php(896): App\Controllers\Malipo->nmbrecon()
 4 SYSTEMPATH/CodeIgniter.php(466): CodeIgniter\CodeIgniter->runController()
 5 SYSTEMPATH/CodeIgniter.php(349): CodeIgniter\CodeIgniter->handleRequest()
 6 FCPATH/index.php(57): CodeIgniter\CodeIgniter->run()
CRITICAL - 2024-12-03 14:42:04 --> Undefined property: stdClass::$bill_num
in APPPATH/Helpers/global_helper.php on line 505.
 1 APPPATH/Helpers/global_helper.php(505): CodeIgniter\Debug\Exceptions->errorHandler()
 2 APPPATH/Controllers/Malipo.php(399): doProcessGlobalTransaction()
 3 SYSTEMPATH/CodeIgniter.php(896): App\Controllers\Malipo->nmbrecon()
 4 SYSTEMPATH/CodeIgniter.php(466): CodeIgniter\CodeIgniter->runController()
 5 SYSTEMPATH/CodeIgniter.php(349): CodeIgniter\CodeIgniter->handleRequest()
 6 FCPATH/index.php(57): CodeIgniter\CodeIgniter->run()
CRITICAL - 2024-12-03 14:44:06 --> Undefined property: stdClass::$bill_num
in APPPATH/Helpers/global_helper.php on line 505.
 1 APPPATH/Helpers/global_helper.php(505): CodeIgniter\Debug\Exceptions->errorHandler()
 2 APPPATH/Controllers/Malipo.php(399): doProcessGlobalTransaction()
 3 SYSTEMPATH/CodeIgniter.php(896): App\Controllers\Malipo->nmbrecon()
 4 SYSTEMPATH/CodeIgniter.php(466): CodeIgniter\CodeIgniter->runController()
 5 SYSTEMPATH/CodeIgniter.php(349): CodeIgniter\CodeIgniter->handleRequest()
 6 FCPATH/index.php(57): CodeIgniter\CodeIgniter->run()
CRITICAL - 2024-12-03 14:46:06 --> Undefined property: stdClass::$bill_num
in APPPATH/Helpers/global_helper.php on line 505.
 1 APPPATH/Helpers/global_helper.php(505): CodeIgniter\Debug\Exceptions->errorHandler()
 2 APPPATH/Controllers/Malipo.php(399): doProcessGlobalTransaction()
 3 SYSTEMPATH/CodeIgniter.php(896): App\Controllers\Malipo->nmbrecon()
 4 SYSTEMPATH/CodeIgniter.php(466): CodeIgniter\CodeIgniter->runController()
 5 SYSTEMPATH/CodeIgniter.php(349): CodeIgniter\CodeIgniter->handleRequest()
 6 FCPATH/index.php(57): CodeIgniter\CodeIgniter->run()
CRITICAL - 2024-12-03 14:48:06 --> Undefined property: stdClass::$bill_num
in APPPATH/Helpers/global_helper.php on line 505.
 1 APPPATH/Helpers/global_helper.php(505): CodeIgniter\Debug\Exceptions->errorHandler()
 2 APPPATH/Controllers/Malipo.php(399): doProcessGlobalTransaction()
 3 SYSTEMPATH/CodeIgniter.php(896): App\Controllers\Malipo->nmbrecon()
 4 SYSTEMPATH/CodeIgniter.php(466): CodeIgniter\CodeIgniter->runController()
 5 SYSTEMPATH/CodeIgniter.php(349): CodeIgniter\CodeIgniter->handleRequest()
 6 FCPATH/index.php(57): CodeIgniter\CodeIgniter->run()
CRITICAL - 2024-12-03 14:50:05 --> Undefined property: stdClass::$bill_num
in APPPATH/Helpers/global_helper.php on line 505.
 1 APPPATH/Helpers/global_helper.php(505): CodeIgniter\Debug\Exceptions->errorHandler()
 2 APPPATH/Controllers/Malipo.php(399): doProcessGlobalTransaction()
 3 SYSTEMPATH/CodeIgniter.php(896): App\Controllers\Malipo->nmbrecon()
 4 SYSTEMPATH/CodeIgniter.php(466): CodeIgniter\CodeIgniter->runController()
 5 SYSTEMPATH/CodeIgniter.php(349): CodeIgniter\CodeIgniter->handleRequest()
 6 FCPATH/index.php(57): CodeIgniter\CodeIgniter->run()
CRITICAL - 2024-12-03 14:52:05 --> Undefined property: stdClass::$bill_num
in APPPATH/Helpers/global_helper.php on line 505.
 1 APPPATH/Helpers/global_helper.php(505): CodeIgniter\Debug\Exceptions->errorHandler()
 2 APPPATH/Controllers/Malipo.php(399): doProcessGlobalTransaction()
 3 SYSTEMPATH/CodeIgniter.php(896): App\Controllers\Malipo->nmbrecon()
 4 SYSTEMPATH/CodeIgniter.php(466): CodeIgniter\CodeIgniter->runController()
 5 SYSTEMPATH/CodeIgniter.php(349): CodeIgniter\CodeIgniter->handleRequest()
 6 FCPATH/index.php(57): CodeIgniter\CodeIgniter->run()
CRITICAL - 2024-12-03 14:54:05 --> Undefined property: stdClass::$bill_num
in APPPATH/Helpers/global_helper.php on line 505.
 1 APPPATH/Helpers/global_helper.php(505): CodeIgniter\Debug\Exceptions->errorHandler()
 2 APPPATH/Controllers/Malipo.php(399): doProcessGlobalTransaction()
 3 SYSTEMPATH/CodeIgniter.php(896): App\Controllers\Malipo->nmbrecon()
 4 SYSTEMPATH/CodeIgniter.php(466): CodeIgniter\CodeIgniter->runController()
 5 SYSTEMPATH/CodeIgniter.php(349): CodeIgniter\CodeIgniter->handleRequest()
 6 FCPATH/index.php(57): CodeIgniter\CodeIgniter->run()
CRITICAL - 2024-12-03 14:56:06 --> Undefined property: stdClass::$bill_num
in APPPATH/Helpers/global_helper.php on line 505.
 1 APPPATH/Helpers/global_helper.php(505): CodeIgniter\Debug\Exceptions->errorHandler()
 2 APPPATH/Controllers/Malipo.php(399): doProcessGlobalTransaction()
 3 SYSTEMPATH/CodeIgniter.php(896): App\Controllers\Malipo->nmbrecon()
 4 SYSTEMPATH/CodeIgniter.php(466): CodeIgniter\CodeIgniter->runController()
 5 SYSTEMPATH/CodeIgniter.php(349): CodeIgniter\CodeIgniter->handleRequest()
 6 FCPATH/index.php(57): CodeIgniter\CodeIgniter->run()
CRITICAL - 2024-12-03 14:58:05 --> Undefined property: stdClass::$bill_num
in APPPATH/Helpers/global_helper.php on line 505.
 1 APPPATH/Helpers/global_helper.php(505): CodeIgniter\Debug\Exceptions->errorHandler()
 2 APPPATH/Controllers/Malipo.php(399): doProcessGlobalTransaction()
 3 SYSTEMPATH/CodeIgniter.php(896): App\Controllers\Malipo->nmbrecon()
 4 SYSTEMPATH/CodeIgniter.php(466): CodeIgniter\CodeIgniter->runController()
 5 SYSTEMPATH/CodeIgniter.php(349): CodeIgniter\CodeIgniter->handleRequest()
 6 FCPATH/index.php(57): CodeIgniter\CodeIgniter->run()
CRITICAL - 2024-12-03 15:00:04 --> Undefined property: stdClass::$bill_num
in APPPATH/Helpers/global_helper.php on line 505.
 1 APPPATH/Helpers/global_helper.php(505): CodeIgniter\Debug\Exceptions->errorHandler()
 2 APPPATH/Controllers/Malipo.php(399): doProcessGlobalTransaction()
 3 SYSTEMPATH/CodeIgniter.php(896): App\Controllers\Malipo->nmbrecon()
 4 SYSTEMPATH/CodeIgniter.php(466): CodeIgniter\CodeIgniter->runController()
 5 SYSTEMPATH/CodeIgniter.php(349): CodeIgniter\CodeIgniter->handleRequest()
 6 FCPATH/index.php(57): CodeIgniter\CodeIgniter->run()
CRITICAL - 2024-12-03 15:02:04 --> Undefined property: stdClass::$bill_num
in APPPATH/Helpers/global_helper.php on line 505.
 1 APPPATH/Helpers/global_helper.php(505): CodeIgniter\Debug\Exceptions->errorHandler()
 2 APPPATH/Controllers/Malipo.php(399): doProcessGlobalTransaction()
 3 SYSTEMPATH/CodeIgniter.php(896): App\Controllers\Malipo->nmbrecon()
 4 SYSTEMPATH/CodeIgniter.php(466): CodeIgniter\CodeIgniter->runController()
 5 SYSTEMPATH/CodeIgniter.php(349): CodeIgniter\CodeIgniter->handleRequest()
 6 FCPATH/index.php(57): CodeIgniter\CodeIgniter->run()
CRITICAL - 2024-12-03 15:02:20 --> Undefined array key "data"
in APPPATH/Helpers/global_helper.php on line 154.
 1 APPPATH/Helpers/global_helper.php(154): CodeIgniter\Debug\Exceptions->errorHandler()
 2 APPPATH/Controllers/Malipo.php(294): dispResponseCRDBValidate()
 3 SYSTEMPATH/CodeIgniter.php(896): App\Controllers\Malipo->crdbverify()
 4 SYSTEMPATH/CodeIgniter.php(466): CodeIgniter\CodeIgniter->runController()
 5 SYSTEMPATH/CodeIgniter.php(349): CodeIgniter\CodeIgniter->handleRequest()
 6 FCPATH/index.php(57): CodeIgniter\CodeIgniter->run()
CRITICAL - 2024-12-03 15:02:48 --> Undefined array key "data"
in APPPATH/Helpers/global_helper.php on line 154.
 1 APPPATH/Helpers/global_helper.php(154): CodeIgniter\Debug\Exceptions->errorHandler()
 2 APPPATH/Controllers/Malipo.php(294): dispResponseCRDBValidate()
 3 SYSTEMPATH/CodeIgniter.php(896): App\Controllers\Malipo->crdbverify()
 4 SYSTEMPATH/CodeIgniter.php(466): CodeIgniter\CodeIgniter->runController()
 5 SYSTEMPATH/CodeIgniter.php(349): CodeIgniter\CodeIgniter->handleRequest()
 6 FCPATH/index.php(57): CodeIgniter\CodeIgniter->run()
CRITICAL - 2024-12-03 15:02:49 --> Undefined array key "data"
in APPPATH/Helpers/global_helper.php on line 154.
 1 APPPATH/Helpers/global_helper.php(154): CodeIgniter\Debug\Exceptions->errorHandler()
 2 APPPATH/Controllers/Malipo.php(294): dispResponseCRDBValidate()
 3 SYSTEMPATH/CodeIgniter.php(896): App\Controllers\Malipo->crdbverify()
 4 SYSTEMPATH/CodeIgniter.php(466): CodeIgniter\CodeIgniter->runController()
 5 SYSTEMPATH/CodeIgniter.php(349): CodeIgniter\CodeIgniter->handleRequest()
 6 FCPATH/index.php(57): CodeIgniter\CodeIgniter->run()
CRITICAL - 2024-12-03 15:04:05 --> Undefined property: stdClass::$bill_num
in APPPATH/Helpers/global_helper.php on line 505.
 1 APPPATH/Helpers/global_helper.php(505): CodeIgniter\Debug\Exceptions->errorHandler()
 2 APPPATH/Controllers/Malipo.php(399): doProcessGlobalTransaction()
 3 SYSTEMPATH/CodeIgniter.php(896): App\Controllers\Malipo->nmbrecon()
 4 SYSTEMPATH/CodeIgniter.php(466): CodeIgniter\CodeIgniter->runController()
 5 SYSTEMPATH/CodeIgniter.php(349): CodeIgniter\CodeIgniter->handleRequest()
 6 FCPATH/index.php(57): CodeIgniter\CodeIgniter->run()
CRITICAL - 2024-12-03 15:06:05 --> Undefined property: stdClass::$bill_num
in APPPATH/Helpers/global_helper.php on line 505.
 1 APPPATH/Helpers/global_helper.php(505): CodeIgniter\Debug\Exceptions->errorHandler()
 2 APPPATH/Controllers/Malipo.php(399): doProcessGlobalTransaction()
 3 SYSTEMPATH/CodeIgniter.php(896): App\Controllers\Malipo->nmbrecon()
 4 SYSTEMPATH/CodeIgniter.php(466): CodeIgniter\CodeIgniter->runController()
 5 SYSTEMPATH/CodeIgniter.php(349): CodeIgniter\CodeIgniter->handleRequest()
 6 FCPATH/index.php(57): CodeIgniter\CodeIgniter->run()
CRITICAL - 2024-12-03 15:08:05 --> Undefined property: stdClass::$bill_num
in APPPATH/Helpers/global_helper.php on line 505.
 1 APPPATH/Helpers/global_helper.php(505): CodeIgniter\Debug\Exceptions->errorHandler()
 2 APPPATH/Controllers/Malipo.php(399): doProcessGlobalTransaction()
 3 SYSTEMPATH/CodeIgniter.php(896): App\Controllers\Malipo->nmbrecon()
 4 SYSTEMPATH/CodeIgniter.php(466): CodeIgniter\CodeIgniter->runController()
 5 SYSTEMPATH/CodeIgniter.php(349): CodeIgniter\CodeIgniter->handleRequest()
 6 FCPATH/index.php(57): CodeIgniter\CodeIgniter->run()
CRITICAL - 2024-12-03 15:10:05 --> Undefined property: stdClass::$bill_num
in APPPATH/Helpers/global_helper.php on line 505.
 1 APPPATH/Helpers/global_helper.php(505): CodeIgniter\Debug\Exceptions->errorHandler()
 2 APPPATH/Controllers/Malipo.php(399): doProcessGlobalTransaction()
 3 SYSTEMPATH/CodeIgniter.php(896): App\Controllers\Malipo->nmbrecon()
 4 SYSTEMPATH/CodeIgniter.php(466): CodeIgniter\CodeIgniter->runController()
 5 SYSTEMPATH/CodeIgniter.php(349): CodeIgniter\CodeIgniter->handleRequest()
 6 FCPATH/index.php(57): CodeIgniter\CodeIgniter->run()
CRITICAL - 2024-12-03 15:12:04 --> Undefined property: stdClass::$bill_num
in APPPATH/Helpers/global_helper.php on line 505.
 1 APPPATH/Helpers/global_helper.php(505): CodeIgniter\Debug\Exceptions->errorHandler()
 2 APPPATH/Controllers/Malipo.php(399): doProcessGlobalTransaction()
 3 SYSTEMPATH/CodeIgniter.php(896): App\Controllers\Malipo->nmbrecon()
 4 SYSTEMPATH/CodeIgniter.php(466): CodeIgniter\CodeIgniter->runController()
 5 SYSTEMPATH/CodeIgniter.php(349): CodeIgniter\CodeIgniter->handleRequest()
 6 FCPATH/index.php(57): CodeIgniter\CodeIgniter->run()
CRITICAL - 2024-12-03 15:14:05 --> Undefined property: stdClass::$bill_num
in APPPATH/Helpers/global_helper.php on line 505.
 1 APPPATH/Helpers/global_helper.php(505): CodeIgniter\Debug\Exceptions->errorHandler()
 2 APPPATH/Controllers/Malipo.php(399): doProcessGlobalTransaction()
 3 SYSTEMPATH/CodeIgniter.php(896): App\Controllers\Malipo->nmbrecon()
 4 SYSTEMPATH/CodeIgniter.php(466): CodeIgniter\CodeIgniter->runController()
 5 SYSTEMPATH/CodeIgniter.php(349): CodeIgniter\CodeIgniter->handleRequest()
 6 FCPATH/index.php(57): CodeIgniter\CodeIgniter->run()
CRITICAL - 2024-12-03 15:16:04 --> Undefined property: stdClass::$bill_num
in APPPATH/Helpers/global_helper.php on line 505.
 1 APPPATH/Helpers/global_helper.php(505): CodeIgniter\Debug\Exceptions->errorHandler()
 2 APPPATH/Controllers/Malipo.php(399): doProcessGlobalTransaction()
 3 SYSTEMPATH/CodeIgniter.php(896): App\Controllers\Malipo->nmbrecon()
 4 SYSTEMPATH/CodeIgniter.php(466): CodeIgniter\CodeIgniter->runController()
 5 SYSTEMPATH/CodeIgniter.php(349): CodeIgniter\CodeIgniter->handleRequest()
 6 FCPATH/index.php(57): CodeIgniter\CodeIgniter->run()
CRITICAL - 2024-12-03 15:18:05 --> Undefined property: stdClass::$bill_num
in APPPATH/Helpers/global_helper.php on line 505.
 1 APPPATH/Helpers/global_helper.php(505): CodeIgniter\Debug\Exceptions->errorHandler()
 2 APPPATH/Controllers/Malipo.php(399): doProcessGlobalTransaction()
 3 SYSTEMPATH/CodeIgniter.php(896): App\Controllers\Malipo->nmbrecon()
 4 SYSTEMPATH/CodeIgniter.php(466): CodeIgniter\CodeIgniter->runController()
 5 SYSTEMPATH/CodeIgniter.php(349): CodeIgniter\CodeIgniter->handleRequest()
 6 FCPATH/index.php(57): CodeIgniter\CodeIgniter->run()
CRITICAL - 2024-12-03 15:20:05 --> Undefined property: stdClass::$bill_num
in APPPATH/Helpers/global_helper.php on line 505.
 1 APPPATH/Helpers/global_helper.php(505): CodeIgniter\Debug\Exceptions->errorHandler()
 2 APPPATH/Controllers/Malipo.php(399): doProcessGlobalTransaction()
 3 SYSTEMPATH/CodeIgniter.php(896): App\Controllers\Malipo->nmbrecon()
 4 SYSTEMPATH/CodeIgniter.php(466): CodeIgniter\CodeIgniter->runController()
 5 SYSTEMPATH/CodeIgniter.php(349): CodeIgniter\CodeIgniter->handleRequest()
 6 FCPATH/index.php(57): CodeIgniter\CodeIgniter->run()
CRITICAL - 2024-12-03 15:22:05 --> Undefined property: stdClass::$bill_num
in APPPATH/Helpers/global_helper.php on line 505.
 1 APPPATH/Helpers/global_helper.php(505): CodeIgniter\Debug\Exceptions->errorHandler()
 2 APPPATH/Controllers/Malipo.php(399): doProcessGlobalTransaction()
 3 SYSTEMPATH/CodeIgniter.php(896): App\Controllers\Malipo->nmbrecon()
 4 SYSTEMPATH/CodeIgniter.php(466): CodeIgniter\CodeIgniter->runController()
 5 SYSTEMPATH/CodeIgniter.php(349): CodeIgniter\CodeIgniter->handleRequest()
 6 FCPATH/index.php(57): CodeIgniter\CodeIgniter->run()
CRITICAL - 2024-12-03 15:24:05 --> Undefined property: stdClass::$bill_num
in APPPATH/Helpers/global_helper.php on line 505.
 1 APPPATH/Helpers/global_helper.php(505): CodeIgniter\Debug\Exceptions->errorHandler()
 2 APPPATH/Controllers/Malipo.php(399): doProcessGlobalTransaction()
 3 SYSTEMPATH/CodeIgniter.php(896): App\Controllers\Malipo->nmbrecon()
 4 SYSTEMPATH/CodeIgniter.php(466): CodeIgniter\CodeIgniter->runController()
 5 SYSTEMPATH/CodeIgniter.php(349): CodeIgniter\CodeIgniter->handleRequest()
 6 FCPATH/index.php(57): CodeIgniter\CodeIgniter->run()
CRITICAL - 2024-12-03 15:26:05 --> Undefined property: stdClass::$bill_num
in APPPATH/Helpers/global_helper.php on line 505.
 1 APPPATH/Helpers/global_helper.php(505): CodeIgniter\Debug\Exceptions->errorHandler()
 2 APPPATH/Controllers/Malipo.php(399): doProcessGlobalTransaction()
 3 SYSTEMPATH/CodeIgniter.php(896): App\Controllers\Malipo->nmbrecon()
 4 SYSTEMPATH/CodeIgniter.php(466): CodeIgniter\CodeIgniter->runController()
 5 SYSTEMPATH/CodeIgniter.php(349): CodeIgniter\CodeIgniter->handleRequest()
 6 FCPATH/index.php(57): CodeIgniter\CodeIgniter->run()
CRITICAL - 2024-12-03 15:28:05 --> Undefined property: stdClass::$bill_num
in APPPATH/Helpers/global_helper.php on line 505.
 1 APPPATH/Helpers/global_helper.php(505): CodeIgniter\Debug\Exceptions->errorHandler()
 2 APPPATH/Controllers/Malipo.php(399): doProcessGlobalTransaction()
 3 SYSTEMPATH/CodeIgniter.php(896): App\Controllers\Malipo->nmbrecon()
 4 SYSTEMPATH/CodeIgniter.php(466): CodeIgniter\CodeIgniter->runController()
 5 SYSTEMPATH/CodeIgniter.php(349): CodeIgniter\CodeIgniter->handleRequest()
 6 FCPATH/index.php(57): CodeIgniter\CodeIgniter->run()
CRITICAL - 2024-12-03 15:30:05 --> Undefined property: stdClass::$bill_num
in APPPATH/Helpers/global_helper.php on line 505.
 1 APPPATH/Helpers/global_helper.php(505): CodeIgniter\Debug\Exceptions->errorHandler()
 2 APPPATH/Controllers/Malipo.php(399): doProcessGlobalTransaction()
 3 SYSTEMPATH/CodeIgniter.php(896): App\Controllers\Malipo->nmbrecon()
 4 SYSTEMPATH/CodeIgniter.php(466): CodeIgniter\CodeIgniter->runController()
 5 SYSTEMPATH/CodeIgniter.php(349): CodeIgniter\CodeIgniter->handleRequest()
 6 FCPATH/index.php(57): CodeIgniter\CodeIgniter->run()
CRITICAL - 2024-12-03 15:32:05 --> Undefined property: stdClass::$bill_num
in APPPATH/Helpers/global_helper.php on line 505.
 1 APPPATH/Helpers/global_helper.php(505): CodeIgniter\Debug\Exceptions->errorHandler()
 2 APPPATH/Controllers/Malipo.php(399): doProcessGlobalTransaction()
 3 SYSTEMPATH/CodeIgniter.php(896): App\Controllers\Malipo->nmbrecon()
 4 SYSTEMPATH/CodeIgniter.php(466): CodeIgniter\CodeIgniter->runController()
 5 SYSTEMPATH/CodeIgniter.php(349): CodeIgniter\CodeIgniter->handleRequest()
 6 FCPATH/index.php(57): CodeIgniter\CodeIgniter->run()
CRITICAL - 2024-12-03 15:34:06 --> Undefined property: stdClass::$bill_num
in APPPATH/Helpers/global_helper.php on line 505.
 1 APPPATH/Helpers/global_helper.php(505): CodeIgniter\Debug\Exceptions->errorHandler()
 2 APPPATH/Controllers/Malipo.php(399): doProcessGlobalTransaction()
 3 SYSTEMPATH/CodeIgniter.php(896): App\Controllers\Malipo->nmbrecon()
 4 SYSTEMPATH/CodeIgniter.php(466): CodeIgniter\CodeIgniter->runController()
 5 SYSTEMPATH/CodeIgniter.php(349): CodeIgniter\CodeIgniter->handleRequest()
 6 FCPATH/index.php(57): CodeIgniter\CodeIgniter->run()
CRITICAL - 2024-12-03 15:36:05 --> Undefined property: stdClass::$bill_num
in APPPATH/Helpers/global_helper.php on line 505.
 1 APPPATH/Helpers/global_helper.php(505): CodeIgniter\Debug\Exceptions->errorHandler()
 2 APPPATH/Controllers/Malipo.php(399): doProcessGlobalTransaction()
 3 SYSTEMPATH/CodeIgniter.php(896): App\Controllers\Malipo->nmbrecon()
 4 SYSTEMPATH/CodeIgniter.php(466): CodeIgniter\CodeIgniter->runController()
 5 SYSTEMPATH/CodeIgniter.php(349): CodeIgniter\CodeIgniter->handleRequest()
 6 FCPATH/index.php(57): CodeIgniter\CodeIgniter->run()
CRITICAL - 2024-12-03 15:38:05 --> Undefined property: stdClass::$bill_num
in APPPATH/Helpers/global_helper.php on line 505.
 1 APPPATH/Helpers/global_helper.php(505): CodeIgniter\Debug\Exceptions->errorHandler()
 2 APPPATH/Controllers/Malipo.php(399): doProcessGlobalTransaction()
 3 SYSTEMPATH/CodeIgniter.php(896): App\Controllers\Malipo->nmbrecon()
 4 SYSTEMPATH/CodeIgniter.php(466): CodeIgniter\CodeIgniter->runController()
 5 SYSTEMPATH/CodeIgniter.php(349): CodeIgniter\CodeIgniter->handleRequest()
 6 FCPATH/index.php(57): CodeIgniter\CodeIgniter->run()
CRITICAL - 2024-12-03 15:40:04 --> Undefined property: stdClass::$bill_num
in APPPATH/Helpers/global_helper.php on line 505.
 1 APPPATH/Helpers/global_helper.php(505): CodeIgniter\Debug\Exceptions->errorHandler()
 2 APPPATH/Controllers/Malipo.php(399): doProcessGlobalTransaction()
 3 SYSTEMPATH/CodeIgniter.php(896): App\Controllers\Malipo->nmbrecon()
 4 SYSTEMPATH/CodeIgniter.php(466): CodeIgniter\CodeIgniter->runController()
 5 SYSTEMPATH/CodeIgniter.php(349): CodeIgniter\CodeIgniter->handleRequest()
 6 FCPATH/index.php(57): CodeIgniter\CodeIgniter->run()
CRITICAL - 2024-12-03 15:42:05 --> Undefined property: stdClass::$bill_num
in APPPATH/Helpers/global_helper.php on line 505.
 1 APPPATH/Helpers/global_helper.php(505): CodeIgniter\Debug\Exceptions->errorHandler()
 2 APPPATH/Controllers/Malipo.php(399): doProcessGlobalTransaction()
 3 SYSTEMPATH/CodeIgniter.php(896): App\Controllers\Malipo->nmbrecon()
 4 SYSTEMPATH/CodeIgniter.php(466): CodeIgniter\CodeIgniter->runController()
 5 SYSTEMPATH/CodeIgniter.php(349): CodeIgniter\CodeIgniter->handleRequest()
 6 FCPATH/index.php(57): CodeIgniter\CodeIgniter->run()
CRITICAL - 2024-12-03 15:44:05 --> Undefined property: stdClass::$bill_num
in APPPATH/Helpers/global_helper.php on line 505.
 1 APPPATH/Helpers/global_helper.php(505): CodeIgniter\Debug\Exceptions->errorHandler()
 2 APPPATH/Controllers/Malipo.php(399): doProcessGlobalTransaction()
 3 SYSTEMPATH/CodeIgniter.php(896): App\Controllers\Malipo->nmbrecon()
 4 SYSTEMPATH/CodeIgniter.php(466): CodeIgniter\CodeIgniter->runController()
 5 SYSTEMPATH/CodeIgniter.php(349): CodeIgniter\CodeIgniter->handleRequest()
 6 FCPATH/index.php(57): CodeIgniter\CodeIgniter->run()
CRITICAL - 2024-12-03 15:46:06 --> Undefined property: stdClass::$bill_num
in APPPATH/Helpers/global_helper.php on line 505.
 1 APPPATH/Helpers/global_helper.php(505): CodeIgniter\Debug\Exceptions->errorHandler()
 2 APPPATH/Controllers/Malipo.php(399): doProcessGlobalTransaction()
 3 SYSTEMPATH/CodeIgniter.php(896): App\Controllers\Malipo->nmbrecon()
 4 SYSTEMPATH/CodeIgniter.php(466): CodeIgniter\CodeIgniter->runController()
 5 SYSTEMPATH/CodeIgniter.php(349): CodeIgniter\CodeIgniter->handleRequest()
 6 FCPATH/index.php(57): CodeIgniter\CodeIgniter->run()
CRITICAL - 2024-12-03 15:48:05 --> Undefined property: stdClass::$bill_num
in APPPATH/Helpers/global_helper.php on line 505.
 1 APPPATH/Helpers/global_helper.php(505): CodeIgniter\Debug\Exceptions->errorHandler()
 2 APPPATH/Controllers/Malipo.php(399): doProcessGlobalTransaction()
 3 SYSTEMPATH/CodeIgniter.php(896): App\Controllers\Malipo->nmbrecon()
 4 SYSTEMPATH/CodeIgniter.php(466): CodeIgniter\CodeIgniter->runController()
 5 SYSTEMPATH/CodeIgniter.php(349): CodeIgniter\CodeIgniter->handleRequest()
 6 FCPATH/index.php(57): CodeIgniter\CodeIgniter->run()
CRITICAL - 2024-12-03 15:50:05 --> Undefined property: stdClass::$bill_num
in APPPATH/Helpers/global_helper.php on line 505.
 1 APPPATH/Helpers/global_helper.php(505): CodeIgniter\Debug\Exceptions->errorHandler()
 2 APPPATH/Controllers/Malipo.php(399): doProcessGlobalTransaction()
 3 SYSTEMPATH/CodeIgniter.php(896): App\Controllers\Malipo->nmbrecon()
 4 SYSTEMPATH/CodeIgniter.php(466): CodeIgniter\CodeIgniter->runController()
 5 SYSTEMPATH/CodeIgniter.php(349): CodeIgniter\CodeIgniter->handleRequest()
 6 FCPATH/index.php(57): CodeIgniter\CodeIgniter->run()
CRITICAL - 2024-12-03 15:52:05 --> Undefined property: stdClass::$bill_num
in APPPATH/Helpers/global_helper.php on line 505.
 1 APPPATH/Helpers/global_helper.php(505): CodeIgniter\Debug\Exceptions->errorHandler()
 2 APPPATH/Controllers/Malipo.php(399): doProcessGlobalTransaction()
 3 SYSTEMPATH/CodeIgniter.php(896): App\Controllers\Malipo->nmbrecon()
 4 SYSTEMPATH/CodeIgniter.php(466): CodeIgniter\CodeIgniter->runController()
 5 SYSTEMPATH/CodeIgniter.php(349): CodeIgniter\CodeIgniter->handleRequest()
 6 FCPATH/index.php(57): CodeIgniter\CodeIgniter->run()
CRITICAL - 2024-12-03 15:54:04 --> Undefined property: stdClass::$bill_num
in APPPATH/Helpers/global_helper.php on line 505.
 1 APPPATH/Helpers/global_helper.php(505): CodeIgniter\Debug\Exceptions->errorHandler()
 2 APPPATH/Controllers/Malipo.php(399): doProcessGlobalTransaction()
 3 SYSTEMPATH/CodeIgniter.php(896): App\Controllers\Malipo->nmbrecon()
 4 SYSTEMPATH/CodeIgniter.php(466): CodeIgniter\CodeIgniter->runController()
 5 SYSTEMPATH/CodeIgniter.php(349): CodeIgniter\CodeIgniter->handleRequest()
 6 FCPATH/index.php(57): CodeIgniter\CodeIgniter->run()
CRITICAL - 2024-12-03 15:56:05 --> Undefined property: stdClass::$bill_num
in APPPATH/Helpers/global_helper.php on line 505.
 1 APPPATH/Helpers/global_helper.php(505): CodeIgniter\Debug\Exceptions->errorHandler()
 2 APPPATH/Controllers/Malipo.php(399): doProcessGlobalTransaction()
 3 SYSTEMPATH/CodeIgniter.php(896): App\Controllers\Malipo->nmbrecon()
 4 SYSTEMPATH/CodeIgniter.php(466): CodeIgniter\CodeIgniter->runController()
 5 SYSTEMPATH/CodeIgniter.php(349): CodeIgniter\CodeIgniter->handleRequest()
 6 FCPATH/index.php(57): CodeIgniter\CodeIgniter->run()
CRITICAL - 2024-12-03 15:58:06 --> Undefined property: stdClass::$bill_num
in APPPATH/Helpers/global_helper.php on line 505.
 1 APPPATH/Helpers/global_helper.php(505): CodeIgniter\Debug\Exceptions->errorHandler()
 2 APPPATH/Controllers/Malipo.php(399): doProcessGlobalTransaction()
 3 SYSTEMPATH/CodeIgniter.php(896): App\Controllers\Malipo->nmbrecon()
 4 SYSTEMPATH/CodeIgniter.php(466): CodeIgniter\CodeIgniter->runController()
 5 SYSTEMPATH/CodeIgniter.php(349): CodeIgniter\CodeIgniter->handleRequest()
 6 FCPATH/index.php(57): CodeIgniter\CodeIgniter->run()
CRITICAL - 2024-12-03 16:00:05 --> Undefined property: stdClass::$bill_num
in APPPATH/Helpers/global_helper.php on line 505.
 1 APPPATH/Helpers/global_helper.php(505): CodeIgniter\Debug\Exceptions->errorHandler()
 2 APPPATH/Controllers/Malipo.php(399): doProcessGlobalTransaction()
 3 SYSTEMPATH/CodeIgniter.php(896): App\Controllers\Malipo->nmbrecon()
 4 SYSTEMPATH/CodeIgniter.php(466): CodeIgniter\CodeIgniter->runController()
 5 SYSTEMPATH/CodeIgniter.php(349): CodeIgniter\CodeIgniter->handleRequest()
 6 FCPATH/index.php(57): CodeIgniter\CodeIgniter->run()
CRITICAL - 2024-12-03 16:02:05 --> Undefined property: stdClass::$bill_num
in APPPATH/Helpers/global_helper.php on line 505.
 1 APPPATH/Helpers/global_helper.php(505): CodeIgniter\Debug\Exceptions->errorHandler()
 2 APPPATH/Controllers/Malipo.php(399): doProcessGlobalTransaction()
 3 SYSTEMPATH/CodeIgniter.php(896): App\Controllers\Malipo->nmbrecon()
 4 SYSTEMPATH/CodeIgniter.php(466): CodeIgniter\CodeIgniter->runController()
 5 SYSTEMPATH/CodeIgniter.php(349): CodeIgniter\CodeIgniter->handleRequest()
 6 FCPATH/index.php(57): CodeIgniter\CodeIgniter->run()
CRITICAL - 2024-12-03 16:04:05 --> Undefined property: stdClass::$bill_num
in APPPATH/Helpers/global_helper.php on line 505.
 1 APPPATH/Helpers/global_helper.php(505): CodeIgniter\Debug\Exceptions->errorHandler()
 2 APPPATH/Controllers/Malipo.php(399): doProcessGlobalTransaction()
 3 SYSTEMPATH/CodeIgniter.php(896): App\Controllers\Malipo->nmbrecon()
 4 SYSTEMPATH/CodeIgniter.php(466): CodeIgniter\CodeIgniter->runController()
 5 SYSTEMPATH/CodeIgniter.php(349): CodeIgniter\CodeIgniter->handleRequest()
 6 FCPATH/index.php(57): CodeIgniter\CodeIgniter->run()
CRITICAL - 2024-12-03 16:05:19 --> Undefined property: stdClass::$reference
in APPPATH/Helpers/global_helper.php on line 914.
 1 APPPATH/Helpers/global_helper.php(914): CodeIgniter\Debug\Exceptions->errorHandler()
 2 APPPATH/Controllers/Malipo.php(476): nmbGenSubmitJson()
 3 SYSTEMPATH/CodeIgniter.php(896): App\Controllers\Malipo->nmbbillrequest()
 4 SYSTEMPATH/CodeIgniter.php(466): CodeIgniter\CodeIgniter->runController()
 5 SYSTEMPATH/CodeIgniter.php(349): CodeIgniter\CodeIgniter->handleRequest()
 6 FCPATH/index.php(57): CodeIgniter\CodeIgniter->run()
CRITICAL - 2024-12-03 16:06:05 --> Undefined property: stdClass::$bill_num
in APPPATH/Helpers/global_helper.php on line 505.
 1 APPPATH/Helpers/global_helper.php(505): CodeIgniter\Debug\Exceptions->errorHandler()
 2 APPPATH/Controllers/Malipo.php(399): doProcessGlobalTransaction()
 3 SYSTEMPATH/CodeIgniter.php(896): App\Controllers\Malipo->nmbrecon()
 4 SYSTEMPATH/CodeIgniter.php(466): CodeIgniter\CodeIgniter->runController()
 5 SYSTEMPATH/CodeIgniter.php(349): CodeIgniter\CodeIgniter->handleRequest()
 6 FCPATH/index.php(57): CodeIgniter\CodeIgniter->run()
CRITICAL - 2024-12-03 16:08:05 --> Undefined property: stdClass::$bill_num
in APPPATH/Helpers/global_helper.php on line 505.
 1 APPPATH/Helpers/global_helper.php(505): CodeIgniter\Debug\Exceptions->errorHandler()
 2 APPPATH/Controllers/Malipo.php(399): doProcessGlobalTransaction()
 3 SYSTEMPATH/CodeIgniter.php(896): App\Controllers\Malipo->nmbrecon()
 4 SYSTEMPATH/CodeIgniter.php(466): CodeIgniter\CodeIgniter->runController()
 5 SYSTEMPATH/CodeIgniter.php(349): CodeIgniter\CodeIgniter->handleRequest()
 6 FCPATH/index.php(57): CodeIgniter\CodeIgniter->run()
CRITICAL - 2024-12-03 16:10:05 --> Undefined property: stdClass::$bill_num
in APPPATH/Helpers/global_helper.php on line 505.
 1 APPPATH/Helpers/global_helper.php(505): CodeIgniter\Debug\Exceptions->errorHandler()
 2 APPPATH/Controllers/Malipo.php(399): doProcessGlobalTransaction()
 3 SYSTEMPATH/CodeIgniter.php(896): App\Controllers\Malipo->nmbrecon()
 4 SYSTEMPATH/CodeIgniter.php(466): CodeIgniter\CodeIgniter->runController()
 5 SYSTEMPATH/CodeIgniter.php(349): CodeIgniter\CodeIgniter->handleRequest()
 6 FCPATH/index.php(57): CodeIgniter\CodeIgniter->run()
CRITICAL - 2024-12-03 16:12:05 --> Undefined property: stdClass::$bill_num
in APPPATH/Helpers/global_helper.php on line 505.
 1 APPPATH/Helpers/global_helper.php(505): CodeIgniter\Debug\Exceptions->errorHandler()
 2 APPPATH/Controllers/Malipo.php(399): doProcessGlobalTransaction()
 3 SYSTEMPATH/CodeIgniter.php(896): App\Controllers\Malipo->nmbrecon()
 4 SYSTEMPATH/CodeIgniter.php(466): CodeIgniter\CodeIgniter->runController()
 5 SYSTEMPATH/CodeIgniter.php(349): CodeIgniter\CodeIgniter->handleRequest()
 6 FCPATH/index.php(57): CodeIgniter\CodeIgniter->run()
CRITICAL - 2024-12-03 16:14:05 --> Undefined property: stdClass::$bill_num
in APPPATH/Helpers/global_helper.php on line 505.
 1 APPPATH/Helpers/global_helper.php(505): CodeIgniter\Debug\Exceptions->errorHandler()
 2 APPPATH/Controllers/Malipo.php(399): doProcessGlobalTransaction()
 3 SYSTEMPATH/CodeIgniter.php(896): App\Controllers\Malipo->nmbrecon()
 4 SYSTEMPATH/CodeIgniter.php(466): CodeIgniter\CodeIgniter->runController()
 5 SYSTEMPATH/CodeIgniter.php(349): CodeIgniter\CodeIgniter->handleRequest()
 6 FCPATH/index.php(57): CodeIgniter\CodeIgniter->run()
CRITICAL - 2024-12-03 16:16:05 --> Undefined property: stdClass::$bill_num
in APPPATH/Helpers/global_helper.php on line 505.
 1 APPPATH/Helpers/global_helper.php(505): CodeIgniter\Debug\Exceptions->errorHandler()
 2 APPPATH/Controllers/Malipo.php(399): doProcessGlobalTransaction()
 3 SYSTEMPATH/CodeIgniter.php(896): App\Controllers\Malipo->nmbrecon()
 4 SYSTEMPATH/CodeIgniter.php(466): CodeIgniter\CodeIgniter->runController()
 5 SYSTEMPATH/CodeIgniter.php(349): CodeIgniter\CodeIgniter->handleRequest()
 6 FCPATH/index.php(57): CodeIgniter\CodeIgniter->run()
CRITICAL - 2024-12-03 16:18:05 --> Undefined property: stdClass::$bill_num
in APPPATH/Helpers/global_helper.php on line 505.
 1 APPPATH/Helpers/global_helper.php(505): CodeIgniter\Debug\Exceptions->errorHandler()
 2 APPPATH/Controllers/Malipo.php(399): doProcessGlobalTransaction()
 3 SYSTEMPATH/CodeIgniter.php(896): App\Controllers\Malipo->nmbrecon()
 4 SYSTEMPATH/CodeIgniter.php(466): CodeIgniter\CodeIgniter->runController()
 5 SYSTEMPATH/CodeIgniter.php(349): CodeIgniter\CodeIgniter->handleRequest()
 6 FCPATH/index.php(57): CodeIgniter\CodeIgniter->run()
CRITICAL - 2024-12-03 16:20:05 --> Undefined property: stdClass::$bill_num
in APPPATH/Helpers/global_helper.php on line 505.
 1 APPPATH/Helpers/global_helper.php(505): CodeIgniter\Debug\Exceptions->errorHandler()
 2 APPPATH/Controllers/Malipo.php(399): doProcessGlobalTransaction()
 3 SYSTEMPATH/CodeIgniter.php(896): App\Controllers\Malipo->nmbrecon()
 4 SYSTEMPATH/CodeIgniter.php(466): CodeIgniter\CodeIgniter->runController()
 5 SYSTEMPATH/CodeIgniter.php(349): CodeIgniter\CodeIgniter->handleRequest()
 6 FCPATH/index.php(57): CodeIgniter\CodeIgniter->run()
CRITICAL - 2024-12-03 16:22:05 --> Undefined property: stdClass::$bill_num
in APPPATH/Helpers/global_helper.php on line 505.
 1 APPPATH/Helpers/global_helper.php(505): CodeIgniter\Debug\Exceptions->errorHandler()
 2 APPPATH/Controllers/Malipo.php(399): doProcessGlobalTransaction()
 3 SYSTEMPATH/CodeIgniter.php(896): App\Controllers\Malipo->nmbrecon()
 4 SYSTEMPATH/CodeIgniter.php(466): CodeIgniter\CodeIgniter->runController()
 5 SYSTEMPATH/CodeIgniter.php(349): CodeIgniter\CodeIgniter->handleRequest()
 6 FCPATH/index.php(57): CodeIgniter\CodeIgniter->run()
CRITICAL - 2024-12-03 16:24:05 --> Undefined property: stdClass::$bill_num
in APPPATH/Helpers/global_helper.php on line 505.
 1 APPPATH/Helpers/global_helper.php(505): CodeIgniter\Debug\Exceptions->errorHandler()
 2 APPPATH/Controllers/Malipo.php(399): doProcessGlobalTransaction()
 3 SYSTEMPATH/CodeIgniter.php(896): App\Controllers\Malipo->nmbrecon()
 4 SYSTEMPATH/CodeIgniter.php(466): CodeIgniter\CodeIgniter->runController()
 5 SYSTEMPATH/CodeIgniter.php(349): CodeIgniter\CodeIgniter->handleRequest()
 6 FCPATH/index.php(57): CodeIgniter\CodeIgniter->run()
CRITICAL - 2024-12-03 16:26:05 --> Undefined property: stdClass::$bill_num
in APPPATH/Helpers/global_helper.php on line 505.
 1 APPPATH/Helpers/global_helper.php(505): CodeIgniter\Debug\Exceptions->errorHandler()
 2 APPPATH/Controllers/Malipo.php(399): doProcessGlobalTransaction()
 3 SYSTEMPATH/CodeIgniter.php(896): App\Controllers\Malipo->nmbrecon()
 4 SYSTEMPATH/CodeIgniter.php(466): CodeIgniter\CodeIgniter->runController()
 5 SYSTEMPATH/CodeIgniter.php(349): CodeIgniter\CodeIgniter->handleRequest()
 6 FCPATH/index.php(57): CodeIgniter\CodeIgniter->run()
CRITICAL - 2024-12-03 16:28:05 --> Undefined property: stdClass::$bill_num
in APPPATH/Helpers/global_helper.php on line 505.
 1 APPPATH/Helpers/global_helper.php(505): CodeIgniter\Debug\Exceptions->errorHandler()
 2 APPPATH/Controllers/Malipo.php(399): doProcessGlobalTransaction()
 3 SYSTEMPATH/CodeIgniter.php(896): App\Controllers\Malipo->nmbrecon()
 4 SYSTEMPATH/CodeIgniter.php(466): CodeIgniter\CodeIgniter->runController()
 5 SYSTEMPATH/CodeIgniter.php(349): CodeIgniter\CodeIgniter->handleRequest()
 6 FCPATH/index.php(57): CodeIgniter\CodeIgniter->run()
CRITICAL - 2024-12-03 16:30:05 --> Undefined property: stdClass::$bill_num
in APPPATH/Helpers/global_helper.php on line 505.
 1 APPPATH/Helpers/global_helper.php(505): CodeIgniter\Debug\Exceptions->errorHandler()
 2 APPPATH/Controllers/Malipo.php(399): doProcessGlobalTransaction()
 3 SYSTEMPATH/CodeIgniter.php(896): App\Controllers\Malipo->nmbrecon()
 4 SYSTEMPATH/CodeIgniter.php(466): CodeIgniter\CodeIgniter->runController()
 5 SYSTEMPATH/CodeIgniter.php(349): CodeIgniter\CodeIgniter->handleRequest()
 6 FCPATH/index.php(57): CodeIgniter\CodeIgniter->run()
CRITICAL - 2024-12-03 16:32:05 --> Undefined property: stdClass::$bill_num
in APPPATH/Helpers/global_helper.php on line 505.
 1 APPPATH/Helpers/global_helper.php(505): CodeIgniter\Debug\Exceptions->errorHandler()
 2 APPPATH/Controllers/Malipo.php(399): doProcessGlobalTransaction()
 3 SYSTEMPATH/CodeIgniter.php(896): App\Controllers\Malipo->nmbrecon()
 4 SYSTEMPATH/CodeIgniter.php(466): CodeIgniter\CodeIgniter->runController()
 5 SYSTEMPATH/CodeIgniter.php(349): CodeIgniter\CodeIgniter->handleRequest()
 6 FCPATH/index.php(57): CodeIgniter\CodeIgniter->run()
CRITICAL - 2024-12-03 16:34:05 --> Undefined property: stdClass::$bill_num
in APPPATH/Helpers/global_helper.php on line 505.
 1 APPPATH/Helpers/global_helper.php(505): CodeIgniter\Debug\Exceptions->errorHandler()
 2 APPPATH/Controllers/Malipo.php(399): doProcessGlobalTransaction()
 3 SYSTEMPATH/CodeIgniter.php(896): App\Controllers\Malipo->nmbrecon()
 4 SYSTEMPATH/CodeIgniter.php(466): CodeIgniter\CodeIgniter->runController()
 5 SYSTEMPATH/CodeIgniter.php(349): CodeIgniter\CodeIgniter->handleRequest()
 6 FCPATH/index.php(57): CodeIgniter\CodeIgniter->run()
CRITICAL - 2024-12-03 16:36:04 --> Undefined property: stdClass::$bill_num
in APPPATH/Helpers/global_helper.php on line 505.
 1 APPPATH/Helpers/global_helper.php(505): CodeIgniter\Debug\Exceptions->errorHandler()
 2 APPPATH/Controllers/Malipo.php(399): doProcessGlobalTransaction()
 3 SYSTEMPATH/CodeIgniter.php(896): App\Controllers\Malipo->nmbrecon()
 4 SYSTEMPATH/CodeIgniter.php(466): CodeIgniter\CodeIgniter->runController()
 5 SYSTEMPATH/CodeIgniter.php(349): CodeIgniter\CodeIgniter->handleRequest()
 6 FCPATH/index.php(57): CodeIgniter\CodeIgniter->run()
CRITICAL - 2024-12-03 16:38:05 --> Undefined property: stdClass::$bill_num
in APPPATH/Helpers/global_helper.php on line 505.
 1 APPPATH/Helpers/global_helper.php(505): CodeIgniter\Debug\Exceptions->errorHandler()
 2 APPPATH/Controllers/Malipo.php(399): doProcessGlobalTransaction()
 3 SYSTEMPATH/CodeIgniter.php(896): App\Controllers\Malipo->nmbrecon()
 4 SYSTEMPATH/CodeIgniter.php(466): CodeIgniter\CodeIgniter->runController()
 5 SYSTEMPATH/CodeIgniter.php(349): CodeIgniter\CodeIgniter->handleRequest()
 6 FCPATH/index.php(57): CodeIgniter\CodeIgniter->run()
CRITICAL - 2024-12-03 16:40:05 --> Undefined property: stdClass::$bill_num
in APPPATH/Helpers/global_helper.php on line 505.
 1 APPPATH/Helpers/global_helper.php(505): CodeIgniter\Debug\Exceptions->errorHandler()
 2 APPPATH/Controllers/Malipo.php(399): doProcessGlobalTransaction()
 3 SYSTEMPATH/CodeIgniter.php(896): App\Controllers\Malipo->nmbrecon()
 4 SYSTEMPATH/CodeIgniter.php(466): CodeIgniter\CodeIgniter->runController()
 5 SYSTEMPATH/CodeIgniter.php(349): CodeIgniter\CodeIgniter->handleRequest()
 6 FCPATH/index.php(57): CodeIgniter\CodeIgniter->run()
CRITICAL - 2024-12-03 16:42:05 --> Undefined property: stdClass::$bill_num
in APPPATH/Helpers/global_helper.php on line 505.
 1 APPPATH/Helpers/global_helper.php(505): CodeIgniter\Debug\Exceptions->errorHandler()
 2 APPPATH/Controllers/Malipo.php(399): doProcessGlobalTransaction()
 3 SYSTEMPATH/CodeIgniter.php(896): App\Controllers\Malipo->nmbrecon()
 4 SYSTEMPATH/CodeIgniter.php(466): CodeIgniter\CodeIgniter->runController()
 5 SYSTEMPATH/CodeIgniter.php(349): CodeIgniter\CodeIgniter->handleRequest()
 6 FCPATH/index.php(57): CodeIgniter\CodeIgniter->run()
CRITICAL - 2024-12-03 16:44:05 --> Undefined property: stdClass::$bill_num
in APPPATH/Helpers/global_helper.php on line 505.
 1 APPPATH/Helpers/global_helper.php(505): CodeIgniter\Debug\Exceptions->errorHandler()
 2 APPPATH/Controllers/Malipo.php(399): doProcessGlobalTransaction()
 3 SYSTEMPATH/CodeIgniter.php(896): App\Controllers\Malipo->nmbrecon()
 4 SYSTEMPATH/CodeIgniter.php(466): CodeIgniter\CodeIgniter->runController()
 5 SYSTEMPATH/CodeIgniter.php(349): CodeIgniter\CodeIgniter->handleRequest()
 6 FCPATH/index.php(57): CodeIgniter\CodeIgniter->run()
CRITICAL - 2024-12-03 16:46:04 --> Undefined property: stdClass::$bill_num
in APPPATH/Helpers/global_helper.php on line 505.
 1 APPPATH/Helpers/global_helper.php(505): CodeIgniter\Debug\Exceptions->errorHandler()
 2 APPPATH/Controllers/Malipo.php(399): doProcessGlobalTransaction()
 3 SYSTEMPATH/CodeIgniter.php(896): App\Controllers\Malipo->nmbrecon()
 4 SYSTEMPATH/CodeIgniter.php(466): CodeIgniter\CodeIgniter->runController()
 5 SYSTEMPATH/CodeIgniter.php(349): CodeIgniter\CodeIgniter->handleRequest()
 6 FCPATH/index.php(57): CodeIgniter\CodeIgniter->run()
CRITICAL - 2024-12-03 16:48:05 --> Undefined property: stdClass::$bill_num
in APPPATH/Helpers/global_helper.php on line 505.
 1 APPPATH/Helpers/global_helper.php(505): CodeIgniter\Debug\Exceptions->errorHandler()
 2 APPPATH/Controllers/Malipo.php(399): doProcessGlobalTransaction()
 3 SYSTEMPATH/CodeIgniter.php(896): App\Controllers\Malipo->nmbrecon()
 4 SYSTEMPATH/CodeIgniter.php(466): CodeIgniter\CodeIgniter->runController()
 5 SYSTEMPATH/CodeIgniter.php(349): CodeIgniter\CodeIgniter->handleRequest()
 6 FCPATH/index.php(57): CodeIgniter\CodeIgniter->run()
CRITICAL - 2024-12-03 16:50:05 --> Undefined property: stdClass::$bill_num
in APPPATH/Helpers/global_helper.php on line 505.
 1 APPPATH/Helpers/global_helper.php(505): CodeIgniter\Debug\Exceptions->errorHandler()
 2 APPPATH/Controllers/Malipo.php(399): doProcessGlobalTransaction()
 3 SYSTEMPATH/CodeIgniter.php(896): App\Controllers\Malipo->nmbrecon()
 4 SYSTEMPATH/CodeIgniter.php(466): CodeIgniter\CodeIgniter->runController()
 5 SYSTEMPATH/CodeIgniter.php(349): CodeIgniter\CodeIgniter->handleRequest()
 6 FCPATH/index.php(57): CodeIgniter\CodeIgniter->run()
CRITICAL - 2024-12-03 16:52:05 --> Undefined property: stdClass::$bill_num
in APPPATH/Helpers/global_helper.php on line 505.
 1 APPPATH/Helpers/global_helper.php(505): CodeIgniter\Debug\Exceptions->errorHandler()
 2 APPPATH/Controllers/Malipo.php(399): doProcessGlobalTransaction()
 3 SYSTEMPATH/CodeIgniter.php(896): App\Controllers\Malipo->nmbrecon()
 4 SYSTEMPATH/CodeIgniter.php(466): CodeIgniter\CodeIgniter->runController()
 5 SYSTEMPATH/CodeIgniter.php(349): CodeIgniter\CodeIgniter->handleRequest()
 6 FCPATH/index.php(57): CodeIgniter\CodeIgniter->run()
CRITICAL - 2024-12-03 16:54:05 --> Undefined property: stdClass::$bill_num
in APPPATH/Helpers/global_helper.php on line 505.
 1 APPPATH/Helpers/global_helper.php(505): CodeIgniter\Debug\Exceptions->errorHandler()
 2 APPPATH/Controllers/Malipo.php(399): doProcessGlobalTransaction()
 3 SYSTEMPATH/CodeIgniter.php(896): App\Controllers\Malipo->nmbrecon()
 4 SYSTEMPATH/CodeIgniter.php(466): CodeIgniter\CodeIgniter->runController()
 5 SYSTEMPATH/CodeIgniter.php(349): CodeIgniter\CodeIgniter->handleRequest()
 6 FCPATH/index.php(57): CodeIgniter\CodeIgniter->run()
CRITICAL - 2024-12-03 16:56:05 --> Undefined property: stdClass::$bill_num
in APPPATH/Helpers/global_helper.php on line 505.
 1 APPPATH/Helpers/global_helper.php(505): CodeIgniter\Debug\Exceptions->errorHandler()
 2 APPPATH/Controllers/Malipo.php(399): doProcessGlobalTransaction()
 3 SYSTEMPATH/CodeIgniter.php(896): App\Controllers\Malipo->nmbrecon()
 4 SYSTEMPATH/CodeIgniter.php(466): CodeIgniter\CodeIgniter->runController()
 5 SYSTEMPATH/CodeIgniter.php(349): CodeIgniter\CodeIgniter->handleRequest()
 6 FCPATH/index.php(57): CodeIgniter\CodeIgniter->run()
CRITICAL - 2024-12-03 16:58:04 --> Undefined property: stdClass::$bill_num
in APPPATH/Helpers/global_helper.php on line 505.
 1 APPPATH/Helpers/global_helper.php(505): CodeIgniter\Debug\Exceptions->errorHandler()
 2 APPPATH/Controllers/Malipo.php(399): doProcessGlobalTransaction()
 3 SYSTEMPATH/CodeIgniter.php(896): App\Controllers\Malipo->nmbrecon()
 4 SYSTEMPATH/CodeIgniter.php(466): CodeIgniter\CodeIgniter->runController()
 5 SYSTEMPATH/CodeIgniter.php(349): CodeIgniter\CodeIgniter->handleRequest()
 6 FCPATH/index.php(57): CodeIgniter\CodeIgniter->run()
CRITICAL - 2024-12-03 17:00:05 --> Undefined property: stdClass::$bill_num
in APPPATH/Helpers/global_helper.php on line 505.
 1 APPPATH/Helpers/global_helper.php(505): CodeIgniter\Debug\Exceptions->errorHandler()
 2 APPPATH/Controllers/Malipo.php(399): doProcessGlobalTransaction()
 3 SYSTEMPATH/CodeIgniter.php(896): App\Controllers\Malipo->nmbrecon()
 4 SYSTEMPATH/CodeIgniter.php(466): CodeIgniter\CodeIgniter->runController()
 5 SYSTEMPATH/CodeIgniter.php(349): CodeIgniter\CodeIgniter->handleRequest()
 6 FCPATH/index.php(57): CodeIgniter\CodeIgniter->run()
CRITICAL - 2024-12-03 17:02:05 --> Undefined property: stdClass::$bill_num
in APPPATH/Helpers/global_helper.php on line 505.
 1 APPPATH/Helpers/global_helper.php(505): CodeIgniter\Debug\Exceptions->errorHandler()
 2 APPPATH/Controllers/Malipo.php(399): doProcessGlobalTransaction()
 3 SYSTEMPATH/CodeIgniter.php(896): App\Controllers\Malipo->nmbrecon()
 4 SYSTEMPATH/CodeIgniter.php(466): CodeIgniter\CodeIgniter->runController()
 5 SYSTEMPATH/CodeIgniter.php(349): CodeIgniter\CodeIgniter->handleRequest()
 6 FCPATH/index.php(57): CodeIgniter\CodeIgniter->run()
CRITICAL - 2024-12-03 17:04:05 --> Undefined property: stdClass::$bill_num
in APPPATH/Helpers/global_helper.php on line 505.
 1 APPPATH/Helpers/global_helper.php(505): CodeIgniter\Debug\Exceptions->errorHandler()
 2 APPPATH/Controllers/Malipo.php(399): doProcessGlobalTransaction()
 3 SYSTEMPATH/CodeIgniter.php(896): App\Controllers\Malipo->nmbrecon()
 4 SYSTEMPATH/CodeIgniter.php(466): CodeIgniter\CodeIgniter->runController()
 5 SYSTEMPATH/CodeIgniter.php(349): CodeIgniter\CodeIgniter->handleRequest()
 6 FCPATH/index.php(57): CodeIgniter\CodeIgniter->run()
CRITICAL - 2024-12-03 17:06:05 --> Undefined property: stdClass::$bill_num
in APPPATH/Helpers/global_helper.php on line 505.
 1 APPPATH/Helpers/global_helper.php(505): CodeIgniter\Debug\Exceptions->errorHandler()
 2 APPPATH/Controllers/Malipo.php(399): doProcessGlobalTransaction()
 3 SYSTEMPATH/CodeIgniter.php(896): App\Controllers\Malipo->nmbrecon()
 4 SYSTEMPATH/CodeIgniter.php(466): CodeIgniter\CodeIgniter->runController()
 5 SYSTEMPATH/CodeIgniter.php(349): CodeIgniter\CodeIgniter->handleRequest()
 6 FCPATH/index.php(57): CodeIgniter\CodeIgniter->run()
CRITICAL - 2024-12-03 17:08:05 --> Undefined property: stdClass::$bill_num
in APPPATH/Helpers/global_helper.php on line 505.
 1 APPPATH/Helpers/global_helper.php(505): CodeIgniter\Debug\Exceptions->errorHandler()
 2 APPPATH/Controllers/Malipo.php(399): doProcessGlobalTransaction()
 3 SYSTEMPATH/CodeIgniter.php(896): App\Controllers\Malipo->nmbrecon()
 4 SYSTEMPATH/CodeIgniter.php(466): CodeIgniter\CodeIgniter->runController()
 5 SYSTEMPATH/CodeIgniter.php(349): CodeIgniter\CodeIgniter->handleRequest()
 6 FCPATH/index.php(57): CodeIgniter\CodeIgniter->run()
CRITICAL - 2024-12-03 17:10:05 --> Undefined property: stdClass::$bill_num
in APPPATH/Helpers/global_helper.php on line 505.
 1 APPPATH/Helpers/global_helper.php(505): CodeIgniter\Debug\Exceptions->errorHandler()
 2 APPPATH/Controllers/Malipo.php(399): doProcessGlobalTransaction()
 3 SYSTEMPATH/CodeIgniter.php(896): App\Controllers\Malipo->nmbrecon()
 4 SYSTEMPATH/CodeIgniter.php(466): CodeIgniter\CodeIgniter->runController()
 5 SYSTEMPATH/CodeIgniter.php(349): CodeIgniter\CodeIgniter->handleRequest()
 6 FCPATH/index.php(57): CodeIgniter\CodeIgniter->run()
CRITICAL - 2024-12-03 17:12:04 --> Undefined property: stdClass::$bill_num
in APPPATH/Helpers/global_helper.php on line 505.
 1 APPPATH/Helpers/global_helper.php(505): CodeIgniter\Debug\Exceptions->errorHandler()
 2 APPPATH/Controllers/Malipo.php(399): doProcessGlobalTransaction()
 3 SYSTEMPATH/CodeIgniter.php(896): App\Controllers\Malipo->nmbrecon()
 4 SYSTEMPATH/CodeIgniter.php(466): CodeIgniter\CodeIgniter->runController()
 5 SYSTEMPATH/CodeIgniter.php(349): CodeIgniter\CodeIgniter->handleRequest()
 6 FCPATH/index.php(57): CodeIgniter\CodeIgniter->run()
CRITICAL - 2024-12-03 17:14:05 --> Undefined property: stdClass::$bill_num
in APPPATH/Helpers/global_helper.php on line 505.
 1 APPPATH/Helpers/global_helper.php(505): CodeIgniter\Debug\Exceptions->errorHandler()
 2 APPPATH/Controllers/Malipo.php(399): doProcessGlobalTransaction()
 3 SYSTEMPATH/CodeIgniter.php(896): App\Controllers\Malipo->nmbrecon()
 4 SYSTEMPATH/CodeIgniter.php(466): CodeIgniter\CodeIgniter->runController()
 5 SYSTEMPATH/CodeIgniter.php(349): CodeIgniter\CodeIgniter->handleRequest()
 6 FCPATH/index.php(57): CodeIgniter\CodeIgniter->run()
CRITICAL - 2024-12-03 17:16:05 --> Undefined property: stdClass::$bill_num
in APPPATH/Helpers/global_helper.php on line 505.
 1 APPPATH/Helpers/global_helper.php(505): CodeIgniter\Debug\Exceptions->errorHandler()
 2 APPPATH/Controllers/Malipo.php(399): doProcessGlobalTransaction()
 3 SYSTEMPATH/CodeIgniter.php(896): App\Controllers\Malipo->nmbrecon()
 4 SYSTEMPATH/CodeIgniter.php(466): CodeIgniter\CodeIgniter->runController()
 5 SYSTEMPATH/CodeIgniter.php(349): CodeIgniter\CodeIgniter->handleRequest()
 6 FCPATH/index.php(57): CodeIgniter\CodeIgniter->run()
CRITICAL - 2024-12-03 17:18:05 --> Undefined property: stdClass::$bill_num
in APPPATH/Helpers/global_helper.php on line 505.
 1 APPPATH/Helpers/global_helper.php(505): CodeIgniter\Debug\Exceptions->errorHandler()
 2 APPPATH/Controllers/Malipo.php(399): doProcessGlobalTransaction()
 3 SYSTEMPATH/CodeIgniter.php(896): App\Controllers\Malipo->nmbrecon()
 4 SYSTEMPATH/CodeIgniter.php(466): CodeIgniter\CodeIgniter->runController()
 5 SYSTEMPATH/CodeIgniter.php(349): CodeIgniter\CodeIgniter->handleRequest()
 6 FCPATH/index.php(57): CodeIgniter\CodeIgniter->run()
CRITICAL - 2024-12-03 17:20:05 --> Undefined property: stdClass::$bill_num
in APPPATH/Helpers/global_helper.php on line 505.
 1 APPPATH/Helpers/global_helper.php(505): CodeIgniter\Debug\Exceptions->errorHandler()
 2 APPPATH/Controllers/Malipo.php(399): doProcessGlobalTransaction()
 3 SYSTEMPATH/CodeIgniter.php(896): App\Controllers\Malipo->nmbrecon()
 4 SYSTEMPATH/CodeIgniter.php(466): CodeIgniter\CodeIgniter->runController()
 5 SYSTEMPATH/CodeIgniter.php(349): CodeIgniter\CodeIgniter->handleRequest()
 6 FCPATH/index.php(57): CodeIgniter\CodeIgniter->run()
CRITICAL - 2024-12-03 17:22:04 --> Undefined property: stdClass::$bill_num
in APPPATH/Helpers/global_helper.php on line 505.
 1 APPPATH/Helpers/global_helper.php(505): CodeIgniter\Debug\Exceptions->errorHandler()
 2 APPPATH/Controllers/Malipo.php(399): doProcessGlobalTransaction()
 3 SYSTEMPATH/CodeIgniter.php(896): App\Controllers\Malipo->nmbrecon()
 4 SYSTEMPATH/CodeIgniter.php(466): CodeIgniter\CodeIgniter->runController()
 5 SYSTEMPATH/CodeIgniter.php(349): CodeIgniter\CodeIgniter->handleRequest()
 6 FCPATH/index.php(57): CodeIgniter\CodeIgniter->run()
CRITICAL - 2024-12-03 17:24:05 --> Undefined property: stdClass::$bill_num
in APPPATH/Helpers/global_helper.php on line 505.
 1 APPPATH/Helpers/global_helper.php(505): CodeIgniter\Debug\Exceptions->errorHandler()
 2 APPPATH/Controllers/Malipo.php(399): doProcessGlobalTransaction()
 3 SYSTEMPATH/CodeIgniter.php(896): App\Controllers\Malipo->nmbrecon()
 4 SYSTEMPATH/CodeIgniter.php(466): CodeIgniter\CodeIgniter->runController()
 5 SYSTEMPATH/CodeIgniter.php(349): CodeIgniter\CodeIgniter->handleRequest()
 6 FCPATH/index.php(57): CodeIgniter\CodeIgniter->run()
CRITICAL - 2024-12-03 17:26:05 --> Undefined property: stdClass::$bill_num
in APPPATH/Helpers/global_helper.php on line 505.
 1 APPPATH/Helpers/global_helper.php(505): CodeIgniter\Debug\Exceptions->errorHandler()
 2 APPPATH/Controllers/Malipo.php(399): doProcessGlobalTransaction()
 3 SYSTEMPATH/CodeIgniter.php(896): App\Controllers\Malipo->nmbrecon()
 4 SYSTEMPATH/CodeIgniter.php(466): CodeIgniter\CodeIgniter->runController()
 5 SYSTEMPATH/CodeIgniter.php(349): CodeIgniter\CodeIgniter->handleRequest()
 6 FCPATH/index.php(57): CodeIgniter\CodeIgniter->run()
CRITICAL - 2024-12-03 17:28:05 --> Undefined property: stdClass::$bill_num
in APPPATH/Helpers/global_helper.php on line 505.
 1 APPPATH/Helpers/global_helper.php(505): CodeIgniter\Debug\Exceptions->errorHandler()
 2 APPPATH/Controllers/Malipo.php(399): doProcessGlobalTransaction()
 3 SYSTEMPATH/CodeIgniter.php(896): App\Controllers\Malipo->nmbrecon()
 4 SYSTEMPATH/CodeIgniter.php(466): CodeIgniter\CodeIgniter->runController()
 5 SYSTEMPATH/CodeIgniter.php(349): CodeIgniter\CodeIgniter->handleRequest()
 6 FCPATH/index.php(57): CodeIgniter\CodeIgniter->run()
CRITICAL - 2024-12-03 17:30:06 --> Undefined property: stdClass::$bill_num
in APPPATH/Helpers/global_helper.php on line 505.
 1 APPPATH/Helpers/global_helper.php(505): CodeIgniter\Debug\Exceptions->errorHandler()
 2 APPPATH/Controllers/Malipo.php(399): doProcessGlobalTransaction()
 3 SYSTEMPATH/CodeIgniter.php(896): App\Controllers\Malipo->nmbrecon()
 4 SYSTEMPATH/CodeIgniter.php(466): CodeIgniter\CodeIgniter->runController()
 5 SYSTEMPATH/CodeIgniter.php(349): CodeIgniter\CodeIgniter->handleRequest()
 6 FCPATH/index.php(57): CodeIgniter\CodeIgniter->run()
CRITICAL - 2024-12-03 17:32:06 --> Undefined property: stdClass::$bill_num
in APPPATH/Helpers/global_helper.php on line 505.
 1 APPPATH/Helpers/global_helper.php(505): CodeIgniter\Debug\Exceptions->errorHandler()
 2 APPPATH/Controllers/Malipo.php(399): doProcessGlobalTransaction()
 3 SYSTEMPATH/CodeIgniter.php(896): App\Controllers\Malipo->nmbrecon()
 4 SYSTEMPATH/CodeIgniter.php(466): CodeIgniter\CodeIgniter->runController()
 5 SYSTEMPATH/CodeIgniter.php(349): CodeIgniter\CodeIgniter->handleRequest()
 6 FCPATH/index.php(57): CodeIgniter\CodeIgniter->run()
CRITICAL - 2024-12-03 17:34:04 --> Undefined property: stdClass::$bill_num
in APPPATH/Helpers/global_helper.php on line 505.
 1 APPPATH/Helpers/global_helper.php(505): CodeIgniter\Debug\Exceptions->errorHandler()
 2 APPPATH/Controllers/Malipo.php(399): doProcessGlobalTransaction()
 3 SYSTEMPATH/CodeIgniter.php(896): App\Controllers\Malipo->nmbrecon()
 4 SYSTEMPATH/CodeIgniter.php(466): CodeIgniter\CodeIgniter->runController()
 5 SYSTEMPATH/CodeIgniter.php(349): CodeIgniter\CodeIgniter->handleRequest()
 6 FCPATH/index.php(57): CodeIgniter\CodeIgniter->run()
CRITICAL - 2024-12-03 17:36:05 --> Undefined property: stdClass::$bill_num
in APPPATH/Helpers/global_helper.php on line 505.
 1 APPPATH/Helpers/global_helper.php(505): CodeIgniter\Debug\Exceptions->errorHandler()
 2 APPPATH/Controllers/Malipo.php(399): doProcessGlobalTransaction()
 3 SYSTEMPATH/CodeIgniter.php(896): App\Controllers\Malipo->nmbrecon()
 4 SYSTEMPATH/CodeIgniter.php(466): CodeIgniter\CodeIgniter->runController()
 5 SYSTEMPATH/CodeIgniter.php(349): CodeIgniter\CodeIgniter->handleRequest()
 6 FCPATH/index.php(57): CodeIgniter\CodeIgniter->run()
CRITICAL - 2024-12-03 17:38:05 --> Undefined property: stdClass::$bill_num
in APPPATH/Helpers/global_helper.php on line 505.
 1 APPPATH/Helpers/global_helper.php(505): CodeIgniter\Debug\Exceptions->errorHandler()
 2 APPPATH/Controllers/Malipo.php(399): doProcessGlobalTransaction()
 3 SYSTEMPATH/CodeIgniter.php(896): App\Controllers\Malipo->nmbrecon()
 4 SYSTEMPATH/CodeIgniter.php(466): CodeIgniter\CodeIgniter->runController()
 5 SYSTEMPATH/CodeIgniter.php(349): CodeIgniter\CodeIgniter->handleRequest()
 6 FCPATH/index.php(57): CodeIgniter\CodeIgniter->run()
CRITICAL - 2024-12-03 17:40:05 --> Undefined property: stdClass::$bill_num
in APPPATH/Helpers/global_helper.php on line 505.
 1 APPPATH/Helpers/global_helper.php(505): CodeIgniter\Debug\Exceptions->errorHandler()
 2 APPPATH/Controllers/Malipo.php(399): doProcessGlobalTransaction()
 3 SYSTEMPATH/CodeIgniter.php(896): App\Controllers\Malipo->nmbrecon()
 4 SYSTEMPATH/CodeIgniter.php(466): CodeIgniter\CodeIgniter->runController()
 5 SYSTEMPATH/CodeIgniter.php(349): CodeIgniter\CodeIgniter->handleRequest()
 6 FCPATH/index.php(57): CodeIgniter\CodeIgniter->run()
CRITICAL - 2024-12-03 17:42:05 --> Undefined property: stdClass::$bill_num
in APPPATH/Helpers/global_helper.php on line 505.
 1 APPPATH/Helpers/global_helper.php(505): CodeIgniter\Debug\Exceptions->errorHandler()
 2 APPPATH/Controllers/Malipo.php(399): doProcessGlobalTransaction()
 3 SYSTEMPATH/CodeIgniter.php(896): App\Controllers\Malipo->nmbrecon()
 4 SYSTEMPATH/CodeIgniter.php(466): CodeIgniter\CodeIgniter->runController()
 5 SYSTEMPATH/CodeIgniter.php(349): CodeIgniter\CodeIgniter->handleRequest()
 6 FCPATH/index.php(57): CodeIgniter\CodeIgniter->run()
CRITICAL - 2024-12-03 17:44:05 --> Undefined property: stdClass::$bill_num
in APPPATH/Helpers/global_helper.php on line 505.
 1 APPPATH/Helpers/global_helper.php(505): CodeIgniter\Debug\Exceptions->errorHandler()
 2 APPPATH/Controllers/Malipo.php(399): doProcessGlobalTransaction()
 3 SYSTEMPATH/CodeIgniter.php(896): App\Controllers\Malipo->nmbrecon()
 4 SYSTEMPATH/CodeIgniter.php(466): CodeIgniter\CodeIgniter->runController()
 5 SYSTEMPATH/CodeIgniter.php(349): CodeIgniter\CodeIgniter->handleRequest()
 6 FCPATH/index.php(57): CodeIgniter\CodeIgniter->run()
CRITICAL - 2024-12-03 17:46:04 --> Undefined property: stdClass::$bill_num
in APPPATH/Helpers/global_helper.php on line 505.
 1 APPPATH/Helpers/global_helper.php(505): CodeIgniter\Debug\Exceptions->errorHandler()
 2 APPPATH/Controllers/Malipo.php(399): doProcessGlobalTransaction()
 3 SYSTEMPATH/CodeIgniter.php(896): App\Controllers\Malipo->nmbrecon()
 4 SYSTEMPATH/CodeIgniter.php(466): CodeIgniter\CodeIgniter->runController()
 5 SYSTEMPATH/CodeIgniter.php(349): CodeIgniter\CodeIgniter->handleRequest()
 6 FCPATH/index.php(57): CodeIgniter\CodeIgniter->run()
CRITICAL - 2024-12-03 17:48:05 --> Undefined property: stdClass::$bill_num
in APPPATH/Helpers/global_helper.php on line 505.
 1 APPPATH/Helpers/global_helper.php(505): CodeIgniter\Debug\Exceptions->errorHandler()
 2 APPPATH/Controllers/Malipo.php(399): doProcessGlobalTransaction()
 3 SYSTEMPATH/CodeIgniter.php(896): App\Controllers\Malipo->nmbrecon()
 4 SYSTEMPATH/CodeIgniter.php(466): CodeIgniter\CodeIgniter->runController()
 5 SYSTEMPATH/CodeIgniter.php(349): CodeIgniter\CodeIgniter->handleRequest()
 6 FCPATH/index.php(57): CodeIgniter\CodeIgniter->run()
CRITICAL - 2024-12-03 17:50:05 --> Undefined property: stdClass::$bill_num
in APPPATH/Helpers/global_helper.php on line 505.
 1 APPPATH/Helpers/global_helper.php(505): CodeIgniter\Debug\Exceptions->errorHandler()
 2 APPPATH/Controllers/Malipo.php(399): doProcessGlobalTransaction()
 3 SYSTEMPATH/CodeIgniter.php(896): App\Controllers\Malipo->nmbrecon()
 4 SYSTEMPATH/CodeIgniter.php(466): CodeIgniter\CodeIgniter->runController()
 5 SYSTEMPATH/CodeIgniter.php(349): CodeIgniter\CodeIgniter->handleRequest()
 6 FCPATH/index.php(57): CodeIgniter\CodeIgniter->run()
CRITICAL - 2024-12-03 17:52:05 --> Undefined property: stdClass::$bill_num
in APPPATH/Helpers/global_helper.php on line 505.
 1 APPPATH/Helpers/global_helper.php(505): CodeIgniter\Debug\Exceptions->errorHandler()
 2 APPPATH/Controllers/Malipo.php(399): doProcessGlobalTransaction()
 3 SYSTEMPATH/CodeIgniter.php(896): App\Controllers\Malipo->nmbrecon()
 4 SYSTEMPATH/CodeIgniter.php(466): CodeIgniter\CodeIgniter->runController()
 5 SYSTEMPATH/CodeIgniter.php(349): CodeIgniter\CodeIgniter->handleRequest()
 6 FCPATH/index.php(57): CodeIgniter\CodeIgniter->run()
CRITICAL - 2024-12-03 17:54:06 --> Undefined property: stdClass::$bill_num
in APPPATH/Helpers/global_helper.php on line 505.
 1 APPPATH/Helpers/global_helper.php(505): CodeIgniter\Debug\Exceptions->errorHandler()
 2 APPPATH/Controllers/Malipo.php(399): doProcessGlobalTransaction()
 3 SYSTEMPATH/CodeIgniter.php(896): App\Controllers\Malipo->nmbrecon()
 4 SYSTEMPATH/CodeIgniter.php(466): CodeIgniter\CodeIgniter->runController()
 5 SYSTEMPATH/CodeIgniter.php(349): CodeIgniter\CodeIgniter->handleRequest()
 6 FCPATH/index.php(57): CodeIgniter\CodeIgniter->run()
CRITICAL - 2024-12-03 17:56:06 --> Undefined property: stdClass::$bill_num
in APPPATH/Helpers/global_helper.php on line 505.
 1 APPPATH/Helpers/global_helper.php(505): CodeIgniter\Debug\Exceptions->errorHandler()
 2 APPPATH/Controllers/Malipo.php(399): doProcessGlobalTransaction()
 3 SYSTEMPATH/CodeIgniter.php(896): App\Controllers\Malipo->nmbrecon()
 4 SYSTEMPATH/CodeIgniter.php(466): CodeIgniter\CodeIgniter->runController()
 5 SYSTEMPATH/CodeIgniter.php(349): CodeIgniter\CodeIgniter->handleRequest()
 6 FCPATH/index.php(57): CodeIgniter\CodeIgniter->run()
CRITICAL - 2024-12-03 17:58:05 --> Undefined property: stdClass::$bill_num
in APPPATH/Helpers/global_helper.php on line 505.
 1 APPPATH/Helpers/global_helper.php(505): CodeIgniter\Debug\Exceptions->errorHandler()
 2 APPPATH/Controllers/Malipo.php(399): doProcessGlobalTransaction()
 3 SYSTEMPATH/CodeIgniter.php(896): App\Controllers\Malipo->nmbrecon()
 4 SYSTEMPATH/CodeIgniter.php(466): CodeIgniter\CodeIgniter->runController()
 5 SYSTEMPATH/CodeIgniter.php(349): CodeIgniter\CodeIgniter->handleRequest()
 6 FCPATH/index.php(57): CodeIgniter\CodeIgniter->run()
CRITICAL - 2024-12-03 18:00:05 --> Undefined property: stdClass::$bill_num
in APPPATH/Helpers/global_helper.php on line 505.
 1 APPPATH/Helpers/global_helper.php(505): CodeIgniter\Debug\Exceptions->errorHandler()
 2 APPPATH/Controllers/Malipo.php(399): doProcessGlobalTransaction()
 3 SYSTEMPATH/CodeIgniter.php(896): App\Controllers\Malipo->nmbrecon()
 4 SYSTEMPATH/CodeIgniter.php(466): CodeIgniter\CodeIgniter->runController()
 5 SYSTEMPATH/CodeIgniter.php(349): CodeIgniter\CodeIgniter->handleRequest()
 6 FCPATH/index.php(57): CodeIgniter\CodeIgniter->run()
CRITICAL - 2024-12-03 18:02:05 --> Undefined property: stdClass::$bill_num
in APPPATH/Helpers/global_helper.php on line 505.
 1 APPPATH/Helpers/global_helper.php(505): CodeIgniter\Debug\Exceptions->errorHandler()
 2 APPPATH/Controllers/Malipo.php(399): doProcessGlobalTransaction()
 3 SYSTEMPATH/CodeIgniter.php(896): App\Controllers\Malipo->nmbrecon()
 4 SYSTEMPATH/CodeIgniter.php(466): CodeIgniter\CodeIgniter->runController()
 5 SYSTEMPATH/CodeIgniter.php(349): CodeIgniter\CodeIgniter->handleRequest()
 6 FCPATH/index.php(57): CodeIgniter\CodeIgniter->run()
CRITICAL - 2024-12-03 18:04:07 --> Undefined property: stdClass::$bill_num
in APPPATH/Helpers/global_helper.php on line 505.
 1 APPPATH/Helpers/global_helper.php(505): CodeIgniter\Debug\Exceptions->errorHandler()
 2 APPPATH/Controllers/Malipo.php(399): doProcessGlobalTransaction()
 3 SYSTEMPATH/CodeIgniter.php(896): App\Controllers\Malipo->nmbrecon()
 4 SYSTEMPATH/CodeIgniter.php(466): CodeIgniter\CodeIgniter->runController()
 5 SYSTEMPATH/CodeIgniter.php(349): CodeIgniter\CodeIgniter->handleRequest()
 6 FCPATH/index.php(57): CodeIgniter\CodeIgniter->run()
CRITICAL - 2024-12-03 18:06:05 --> Undefined property: stdClass::$bill_num
in APPPATH/Helpers/global_helper.php on line 505.
 1 APPPATH/Helpers/global_helper.php(505): CodeIgniter\Debug\Exceptions->errorHandler()
 2 APPPATH/Controllers/Malipo.php(399): doProcessGlobalTransaction()
 3 SYSTEMPATH/CodeIgniter.php(896): App\Controllers\Malipo->nmbrecon()
 4 SYSTEMPATH/CodeIgniter.php(466): CodeIgniter\CodeIgniter->runController()
 5 SYSTEMPATH/CodeIgniter.php(349): CodeIgniter\CodeIgniter->handleRequest()
 6 FCPATH/index.php(57): CodeIgniter\CodeIgniter->run()
CRITICAL - 2024-12-03 18:08:05 --> Undefined property: stdClass::$bill_num
in APPPATH/Helpers/global_helper.php on line 505.
 1 APPPATH/Helpers/global_helper.php(505): CodeIgniter\Debug\Exceptions->errorHandler()
 2 APPPATH/Controllers/Malipo.php(399): doProcessGlobalTransaction()
 3 SYSTEMPATH/CodeIgniter.php(896): App\Controllers\Malipo->nmbrecon()
 4 SYSTEMPATH/CodeIgniter.php(466): CodeIgniter\CodeIgniter->runController()
 5 SYSTEMPATH/CodeIgniter.php(349): CodeIgniter\CodeIgniter->handleRequest()
 6 FCPATH/index.php(57): CodeIgniter\CodeIgniter->run()
CRITICAL - 2024-12-03 18:10:04 --> Undefined property: stdClass::$bill_num
in APPPATH/Helpers/global_helper.php on line 505.
 1 APPPATH/Helpers/global_helper.php(505): CodeIgniter\Debug\Exceptions->errorHandler()
 2 APPPATH/Controllers/Malipo.php(399): doProcessGlobalTransaction()
 3 SYSTEMPATH/CodeIgniter.php(896): App\Controllers\Malipo->nmbrecon()
 4 SYSTEMPATH/CodeIgniter.php(466): CodeIgniter\CodeIgniter->runController()
 5 SYSTEMPATH/CodeIgniter.php(349): CodeIgniter\CodeIgniter->handleRequest()
 6 FCPATH/index.php(57): CodeIgniter\CodeIgniter->run()
CRITICAL - 2024-12-03 18:12:05 --> Undefined property: stdClass::$bill_num
in APPPATH/Helpers/global_helper.php on line 505.
 1 APPPATH/Helpers/global_helper.php(505): CodeIgniter\Debug\Exceptions->errorHandler()
 2 APPPATH/Controllers/Malipo.php(399): doProcessGlobalTransaction()
 3 SYSTEMPATH/CodeIgniter.php(896): App\Controllers\Malipo->nmbrecon()
 4 SYSTEMPATH/CodeIgniter.php(466): CodeIgniter\CodeIgniter->runController()
 5 SYSTEMPATH/CodeIgniter.php(349): CodeIgniter\CodeIgniter->handleRequest()
 6 FCPATH/index.php(57): CodeIgniter\CodeIgniter->run()
CRITICAL - 2024-12-03 18:14:05 --> Undefined property: stdClass::$bill_num
in APPPATH/Helpers/global_helper.php on line 505.
 1 APPPATH/Helpers/global_helper.php(505): CodeIgniter\Debug\Exceptions->errorHandler()
 2 APPPATH/Controllers/Malipo.php(399): doProcessGlobalTransaction()
 3 SYSTEMPATH/CodeIgniter.php(896): App\Controllers\Malipo->nmbrecon()
 4 SYSTEMPATH/CodeIgniter.php(466): CodeIgniter\CodeIgniter->runController()
 5 SYSTEMPATH/CodeIgniter.php(349): CodeIgniter\CodeIgniter->handleRequest()
 6 FCPATH/index.php(57): CodeIgniter\CodeIgniter->run()
CRITICAL - 2024-12-03 18:16:05 --> Undefined property: stdClass::$bill_num
in APPPATH/Helpers/global_helper.php on line 505.
 1 APPPATH/Helpers/global_helper.php(505): CodeIgniter\Debug\Exceptions->errorHandler()
 2 APPPATH/Controllers/Malipo.php(399): doProcessGlobalTransaction()
 3 SYSTEMPATH/CodeIgniter.php(896): App\Controllers\Malipo->nmbrecon()
 4 SYSTEMPATH/CodeIgniter.php(466): CodeIgniter\CodeIgniter->runController()
 5 SYSTEMPATH/CodeIgniter.php(349): CodeIgniter\CodeIgniter->handleRequest()
 6 FCPATH/index.php(57): CodeIgniter\CodeIgniter->run()
CRITICAL - 2024-12-03 18:18:05 --> Undefined property: stdClass::$bill_num
in APPPATH/Helpers/global_helper.php on line 505.
 1 APPPATH/Helpers/global_helper.php(505): CodeIgniter\Debug\Exceptions->errorHandler()
 2 APPPATH/Controllers/Malipo.php(399): doProcessGlobalTransaction()
 3 SYSTEMPATH/CodeIgniter.php(896): App\Controllers\Malipo->nmbrecon()
 4 SYSTEMPATH/CodeIgniter.php(466): CodeIgniter\CodeIgniter->runController()
 5 SYSTEMPATH/CodeIgniter.php(349): CodeIgniter\CodeIgniter->handleRequest()
 6 FCPATH/index.php(57): CodeIgniter\CodeIgniter->run()
CRITICAL - 2024-12-03 18:20:06 --> Undefined property: stdClass::$bill_num
in APPPATH/Helpers/global_helper.php on line 505.
 1 APPPATH/Helpers/global_helper.php(505): CodeIgniter\Debug\Exceptions->errorHandler()
 2 APPPATH/Controllers/Malipo.php(399): doProcessGlobalTransaction()
 3 SYSTEMPATH/CodeIgniter.php(896): App\Controllers\Malipo->nmbrecon()
 4 SYSTEMPATH/CodeIgniter.php(466): CodeIgniter\CodeIgniter->runController()
 5 SYSTEMPATH/CodeIgniter.php(349): CodeIgniter\CodeIgniter->handleRequest()
 6 FCPATH/index.php(57): CodeIgniter\CodeIgniter->run()
CRITICAL - 2024-12-03 18:22:05 --> Undefined property: stdClass::$bill_num
in APPPATH/Helpers/global_helper.php on line 505.
 1 APPPATH/Helpers/global_helper.php(505): CodeIgniter\Debug\Exceptions->errorHandler()
 2 APPPATH/Controllers/Malipo.php(399): doProcessGlobalTransaction()
 3 SYSTEMPATH/CodeIgniter.php(896): App\Controllers\Malipo->nmbrecon()
 4 SYSTEMPATH/CodeIgniter.php(466): CodeIgniter\CodeIgniter->runController()
 5 SYSTEMPATH/CodeIgniter.php(349): CodeIgniter\CodeIgniter->handleRequest()
 6 FCPATH/index.php(57): CodeIgniter\CodeIgniter->run()
CRITICAL - 2024-12-03 18:24:05 --> Undefined property: stdClass::$bill_num
in APPPATH/Helpers/global_helper.php on line 505.
 1 APPPATH/Helpers/global_helper.php(505): CodeIgniter\Debug\Exceptions->errorHandler()
 2 APPPATH/Controllers/Malipo.php(399): doProcessGlobalTransaction()
 3 SYSTEMPATH/CodeIgniter.php(896): App\Controllers\Malipo->nmbrecon()
 4 SYSTEMPATH/CodeIgniter.php(466): CodeIgniter\CodeIgniter->runController()
 5 SYSTEMPATH/CodeIgniter.php(349): CodeIgniter\CodeIgniter->handleRequest()
 6 FCPATH/index.php(57): CodeIgniter\CodeIgniter->run()
CRITICAL - 2024-12-03 18:26:05 --> Undefined property: stdClass::$bill_num
in APPPATH/Helpers/global_helper.php on line 505.
 1 APPPATH/Helpers/global_helper.php(505): CodeIgniter\Debug\Exceptions->errorHandler()
 2 APPPATH/Controllers/Malipo.php(399): doProcessGlobalTransaction()
 3 SYSTEMPATH/CodeIgniter.php(896): App\Controllers\Malipo->nmbrecon()
 4 SYSTEMPATH/CodeIgniter.php(466): CodeIgniter\CodeIgniter->runController()
 5 SYSTEMPATH/CodeIgniter.php(349): CodeIgniter\CodeIgniter->handleRequest()
 6 FCPATH/index.php(57): CodeIgniter\CodeIgniter->run()
CRITICAL - 2024-12-03 18:28:06 --> Undefined property: stdClass::$bill_num
in APPPATH/Helpers/global_helper.php on line 505.
 1 APPPATH/Helpers/global_helper.php(505): CodeIgniter\Debug\Exceptions->errorHandler()
 2 APPPATH/Controllers/Malipo.php(399): doProcessGlobalTransaction()
 3 SYSTEMPATH/CodeIgniter.php(896): App\Controllers\Malipo->nmbrecon()
 4 SYSTEMPATH/CodeIgniter.php(466): CodeIgniter\CodeIgniter->runController()
 5 SYSTEMPATH/CodeIgniter.php(349): CodeIgniter\CodeIgniter->handleRequest()
 6 FCPATH/index.php(57): CodeIgniter\CodeIgniter->run()
CRITICAL - 2024-12-03 18:30:05 --> Undefined property: stdClass::$bill_num
in APPPATH/Helpers/global_helper.php on line 505.
 1 APPPATH/Helpers/global_helper.php(505): CodeIgniter\Debug\Exceptions->errorHandler()
 2 APPPATH/Controllers/Malipo.php(399): doProcessGlobalTransaction()
 3 SYSTEMPATH/CodeIgniter.php(896): App\Controllers\Malipo->nmbrecon()
 4 SYSTEMPATH/CodeIgniter.php(466): CodeIgniter\CodeIgniter->runController()
 5 SYSTEMPATH/CodeIgniter.php(349): CodeIgniter\CodeIgniter->handleRequest()
 6 FCPATH/index.php(57): CodeIgniter\CodeIgniter->run()
CRITICAL - 2024-12-03 18:32:06 --> Undefined property: stdClass::$bill_num
in APPPATH/Helpers/global_helper.php on line 505.
 1 APPPATH/Helpers/global_helper.php(505): CodeIgniter\Debug\Exceptions->errorHandler()
 2 APPPATH/Controllers/Malipo.php(399): doProcessGlobalTransaction()
 3 SYSTEMPATH/CodeIgniter.php(896): App\Controllers\Malipo->nmbrecon()
 4 SYSTEMPATH/CodeIgniter.php(466): CodeIgniter\CodeIgniter->runController()
 5 SYSTEMPATH/CodeIgniter.php(349): CodeIgniter\CodeIgniter->handleRequest()
 6 FCPATH/index.php(57): CodeIgniter\CodeIgniter->run()
CRITICAL - 2024-12-03 18:34:05 --> Undefined property: stdClass::$bill_num
in APPPATH/Helpers/global_helper.php on line 505.
 1 APPPATH/Helpers/global_helper.php(505): CodeIgniter\Debug\Exceptions->errorHandler()
 2 APPPATH/Controllers/Malipo.php(399): doProcessGlobalTransaction()
 3 SYSTEMPATH/CodeIgniter.php(896): App\Controllers\Malipo->nmbrecon()
 4 SYSTEMPATH/CodeIgniter.php(466): CodeIgniter\CodeIgniter->runController()
 5 SYSTEMPATH/CodeIgniter.php(349): CodeIgniter\CodeIgniter->handleRequest()
 6 FCPATH/index.php(57): CodeIgniter\CodeIgniter->run()
CRITICAL - 2024-12-03 18:36:05 --> Undefined property: stdClass::$bill_num
in APPPATH/Helpers/global_helper.php on line 505.
 1 APPPATH/Helpers/global_helper.php(505): CodeIgniter\Debug\Exceptions->errorHandler()
 2 APPPATH/Controllers/Malipo.php(399): doProcessGlobalTransaction()
 3 SYSTEMPATH/CodeIgniter.php(896): App\Controllers\Malipo->nmbrecon()
 4 SYSTEMPATH/CodeIgniter.php(466): CodeIgniter\CodeIgniter->runController()
 5 SYSTEMPATH/CodeIgniter.php(349): CodeIgniter\CodeIgniter->handleRequest()
 6 FCPATH/index.php(57): CodeIgniter\CodeIgniter->run()
CRITICAL - 2024-12-03 18:38:06 --> Undefined property: stdClass::$bill_num
in APPPATH/Helpers/global_helper.php on line 505.
 1 APPPATH/Helpers/global_helper.php(505): CodeIgniter\Debug\Exceptions->errorHandler()
 2 APPPATH/Controllers/Malipo.php(399): doProcessGlobalTransaction()
 3 SYSTEMPATH/CodeIgniter.php(896): App\Controllers\Malipo->nmbrecon()
 4 SYSTEMPATH/CodeIgniter.php(466): CodeIgniter\CodeIgniter->runController()
 5 SYSTEMPATH/CodeIgniter.php(349): CodeIgniter\CodeIgniter->handleRequest()
 6 FCPATH/index.php(57): CodeIgniter\CodeIgniter->run()
CRITICAL - 2024-12-03 18:40:06 --> Undefined property: stdClass::$bill_num
in APPPATH/Helpers/global_helper.php on line 505.
 1 APPPATH/Helpers/global_helper.php(505): CodeIgniter\Debug\Exceptions->errorHandler()
 2 APPPATH/Controllers/Malipo.php(399): doProcessGlobalTransaction()
 3 SYSTEMPATH/CodeIgniter.php(896): App\Controllers\Malipo->nmbrecon()
 4 SYSTEMPATH/CodeIgniter.php(466): CodeIgniter\CodeIgniter->runController()
 5 SYSTEMPATH/CodeIgniter.php(349): CodeIgniter\CodeIgniter->handleRequest()
 6 FCPATH/index.php(57): CodeIgniter\CodeIgniter->run()
CRITICAL - 2024-12-03 18:42:06 --> Undefined property: stdClass::$bill_num
in APPPATH/Helpers/global_helper.php on line 505.
 1 APPPATH/Helpers/global_helper.php(505): CodeIgniter\Debug\Exceptions->errorHandler()
 2 APPPATH/Controllers/Malipo.php(399): doProcessGlobalTransaction()
 3 SYSTEMPATH/CodeIgniter.php(896): App\Controllers\Malipo->nmbrecon()
 4 SYSTEMPATH/CodeIgniter.php(466): CodeIgniter\CodeIgniter->runController()
 5 SYSTEMPATH/CodeIgniter.php(349): CodeIgniter\CodeIgniter->handleRequest()
 6 FCPATH/index.php(57): CodeIgniter\CodeIgniter->run()
CRITICAL - 2024-12-03 18:44:06 --> Undefined property: stdClass::$bill_num
in APPPATH/Helpers/global_helper.php on line 505.
 1 APPPATH/Helpers/global_helper.php(505): CodeIgniter\Debug\Exceptions->errorHandler()
 2 APPPATH/Controllers/Malipo.php(399): doProcessGlobalTransaction()
 3 SYSTEMPATH/CodeIgniter.php(896): App\Controllers\Malipo->nmbrecon()
 4 SYSTEMPATH/CodeIgniter.php(466): CodeIgniter\CodeIgniter->runController()
 5 SYSTEMPATH/CodeIgniter.php(349): CodeIgniter\CodeIgniter->handleRequest()
 6 FCPATH/index.php(57): CodeIgniter\CodeIgniter->run()
CRITICAL - 2024-12-03 18:46:05 --> Undefined property: stdClass::$bill_num
in APPPATH/Helpers/global_helper.php on line 505.
 1 APPPATH/Helpers/global_helper.php(505): CodeIgniter\Debug\Exceptions->errorHandler()
 2 APPPATH/Controllers/Malipo.php(399): doProcessGlobalTransaction()
 3 SYSTEMPATH/CodeIgniter.php(896): App\Controllers\Malipo->nmbrecon()
 4 SYSTEMPATH/CodeIgniter.php(466): CodeIgniter\CodeIgniter->runController()
 5 SYSTEMPATH/CodeIgniter.php(349): CodeIgniter\CodeIgniter->handleRequest()
 6 FCPATH/index.php(57): CodeIgniter\CodeIgniter->run()
CRITICAL - 2024-12-03 18:48:05 --> Undefined property: stdClass::$bill_num
in APPPATH/Helpers/global_helper.php on line 505.
 1 APPPATH/Helpers/global_helper.php(505): CodeIgniter\Debug\Exceptions->errorHandler()
 2 APPPATH/Controllers/Malipo.php(399): doProcessGlobalTransaction()
 3 SYSTEMPATH/CodeIgniter.php(896): App\Controllers\Malipo->nmbrecon()
 4 SYSTEMPATH/CodeIgniter.php(466): CodeIgniter\CodeIgniter->runController()
 5 SYSTEMPATH/CodeIgniter.php(349): CodeIgniter\CodeIgniter->handleRequest()
 6 FCPATH/index.php(57): CodeIgniter\CodeIgniter->run()
CRITICAL - 2024-12-03 18:50:05 --> Undefined property: stdClass::$bill_num
in APPPATH/Helpers/global_helper.php on line 505.
 1 APPPATH/Helpers/global_helper.php(505): CodeIgniter\Debug\Exceptions->errorHandler()
 2 APPPATH/Controllers/Malipo.php(399): doProcessGlobalTransaction()
 3 SYSTEMPATH/CodeIgniter.php(896): App\Controllers\Malipo->nmbrecon()
 4 SYSTEMPATH/CodeIgniter.php(466): CodeIgniter\CodeIgniter->runController()
 5 SYSTEMPATH/CodeIgniter.php(349): CodeIgniter\CodeIgniter->handleRequest()
 6 FCPATH/index.php(57): CodeIgniter\CodeIgniter->run()
CRITICAL - 2024-12-03 18:52:05 --> Undefined property: stdClass::$bill_num
in APPPATH/Helpers/global_helper.php on line 505.
 1 APPPATH/Helpers/global_helper.php(505): CodeIgniter\Debug\Exceptions->errorHandler()
 2 APPPATH/Controllers/Malipo.php(399): doProcessGlobalTransaction()
 3 SYSTEMPATH/CodeIgniter.php(896): App\Controllers\Malipo->nmbrecon()
 4 SYSTEMPATH/CodeIgniter.php(466): CodeIgniter\CodeIgniter->runController()
 5 SYSTEMPATH/CodeIgniter.php(349): CodeIgniter\CodeIgniter->handleRequest()
 6 FCPATH/index.php(57): CodeIgniter\CodeIgniter->run()
CRITICAL - 2024-12-03 18:54:05 --> Undefined property: stdClass::$bill_num
in APPPATH/Helpers/global_helper.php on line 505.
 1 APPPATH/Helpers/global_helper.php(505): CodeIgniter\Debug\Exceptions->errorHandler()
 2 APPPATH/Controllers/Malipo.php(399): doProcessGlobalTransaction()
 3 SYSTEMPATH/CodeIgniter.php(896): App\Controllers\Malipo->nmbrecon()
 4 SYSTEMPATH/CodeIgniter.php(466): CodeIgniter\CodeIgniter->runController()
 5 SYSTEMPATH/CodeIgniter.php(349): CodeIgniter\CodeIgniter->handleRequest()
 6 FCPATH/index.php(57): CodeIgniter\CodeIgniter->run()
CRITICAL - 2024-12-03 18:56:06 --> Undefined property: stdClass::$bill_num
in APPPATH/Helpers/global_helper.php on line 505.
 1 APPPATH/Helpers/global_helper.php(505): CodeIgniter\Debug\Exceptions->errorHandler()
 2 APPPATH/Controllers/Malipo.php(399): doProcessGlobalTransaction()
 3 SYSTEMPATH/CodeIgniter.php(896): App\Controllers\Malipo->nmbrecon()
 4 SYSTEMPATH/CodeIgniter.php(466): CodeIgniter\CodeIgniter->runController()
 5 SYSTEMPATH/CodeIgniter.php(349): CodeIgniter\CodeIgniter->handleRequest()
 6 FCPATH/index.php(57): CodeIgniter\CodeIgniter->run()
CRITICAL - 2024-12-03 18:58:05 --> Undefined property: stdClass::$bill_num
in APPPATH/Helpers/global_helper.php on line 505.
 1 APPPATH/Helpers/global_helper.php(505): CodeIgniter\Debug\Exceptions->errorHandler()
 2 APPPATH/Controllers/Malipo.php(399): doProcessGlobalTransaction()
 3 SYSTEMPATH/CodeIgniter.php(896): App\Controllers\Malipo->nmbrecon()
 4 SYSTEMPATH/CodeIgniter.php(466): CodeIgniter\CodeIgniter->runController()
 5 SYSTEMPATH/CodeIgniter.php(349): CodeIgniter\CodeIgniter->handleRequest()
 6 FCPATH/index.php(57): CodeIgniter\CodeIgniter->run()
CRITICAL - 2024-12-03 19:00:05 --> Undefined property: stdClass::$bill_num
in APPPATH/Helpers/global_helper.php on line 505.
 1 APPPATH/Helpers/global_helper.php(505): CodeIgniter\Debug\Exceptions->errorHandler()
 2 APPPATH/Controllers/Malipo.php(399): doProcessGlobalTransaction()
 3 SYSTEMPATH/CodeIgniter.php(896): App\Controllers\Malipo->nmbrecon()
 4 SYSTEMPATH/CodeIgniter.php(466): CodeIgniter\CodeIgniter->runController()
 5 SYSTEMPATH/CodeIgniter.php(349): CodeIgniter\CodeIgniter->handleRequest()
 6 FCPATH/index.php(57): CodeIgniter\CodeIgniter->run()
CRITICAL - 2024-12-03 19:02:05 --> Undefined property: stdClass::$bill_num
in APPPATH/Helpers/global_helper.php on line 505.
 1 APPPATH/Helpers/global_helper.php(505): CodeIgniter\Debug\Exceptions->errorHandler()
 2 APPPATH/Controllers/Malipo.php(399): doProcessGlobalTransaction()
 3 SYSTEMPATH/CodeIgniter.php(896): App\Controllers\Malipo->nmbrecon()
 4 SYSTEMPATH/CodeIgniter.php(466): CodeIgniter\CodeIgniter->runController()
 5 SYSTEMPATH/CodeIgniter.php(349): CodeIgniter\CodeIgniter->handleRequest()
 6 FCPATH/index.php(57): CodeIgniter\CodeIgniter->run()
CRITICAL - 2024-12-03 19:04:06 --> Undefined property: stdClass::$bill_num
in APPPATH/Helpers/global_helper.php on line 505.
 1 APPPATH/Helpers/global_helper.php(505): CodeIgniter\Debug\Exceptions->errorHandler()
 2 APPPATH/Controllers/Malipo.php(399): doProcessGlobalTransaction()
 3 SYSTEMPATH/CodeIgniter.php(896): App\Controllers\Malipo->nmbrecon()
 4 SYSTEMPATH/CodeIgniter.php(466): CodeIgniter\CodeIgniter->runController()
 5 SYSTEMPATH/CodeIgniter.php(349): CodeIgniter\CodeIgniter->handleRequest()
 6 FCPATH/index.php(57): CodeIgniter\CodeIgniter->run()
CRITICAL - 2024-12-03 19:06:05 --> Undefined property: stdClass::$bill_num
in APPPATH/Helpers/global_helper.php on line 505.
 1 APPPATH/Helpers/global_helper.php(505): CodeIgniter\Debug\Exceptions->errorHandler()
 2 APPPATH/Controllers/Malipo.php(399): doProcessGlobalTransaction()
 3 SYSTEMPATH/CodeIgniter.php(896): App\Controllers\Malipo->nmbrecon()
 4 SYSTEMPATH/CodeIgniter.php(466): CodeIgniter\CodeIgniter->runController()
 5 SYSTEMPATH/CodeIgniter.php(349): CodeIgniter\CodeIgniter->handleRequest()
 6 FCPATH/index.php(57): CodeIgniter\CodeIgniter->run()
CRITICAL - 2024-12-03 19:08:06 --> Undefined property: stdClass::$bill_num
in APPPATH/Helpers/global_helper.php on line 505.
 1 APPPATH/Helpers/global_helper.php(505): CodeIgniter\Debug\Exceptions->errorHandler()
 2 APPPATH/Controllers/Malipo.php(399): doProcessGlobalTransaction()
 3 SYSTEMPATH/CodeIgniter.php(896): App\Controllers\Malipo->nmbrecon()
 4 SYSTEMPATH/CodeIgniter.php(466): CodeIgniter\CodeIgniter->runController()
 5 SYSTEMPATH/CodeIgniter.php(349): CodeIgniter\CodeIgniter->handleRequest()
 6 FCPATH/index.php(57): CodeIgniter\CodeIgniter->run()
CRITICAL - 2024-12-03 19:10:05 --> Undefined property: stdClass::$bill_num
in APPPATH/Helpers/global_helper.php on line 505.
 1 APPPATH/Helpers/global_helper.php(505): CodeIgniter\Debug\Exceptions->errorHandler()
 2 APPPATH/Controllers/Malipo.php(399): doProcessGlobalTransaction()
 3 SYSTEMPATH/CodeIgniter.php(896): App\Controllers\Malipo->nmbrecon()
 4 SYSTEMPATH/CodeIgniter.php(466): CodeIgniter\CodeIgniter->runController()
 5 SYSTEMPATH/CodeIgniter.php(349): CodeIgniter\CodeIgniter->handleRequest()
 6 FCPATH/index.php(57): CodeIgniter\CodeIgniter->run()
CRITICAL - 2024-12-03 19:12:05 --> Undefined property: stdClass::$bill_num
in APPPATH/Helpers/global_helper.php on line 505.
 1 APPPATH/Helpers/global_helper.php(505): CodeIgniter\Debug\Exceptions->errorHandler()
 2 APPPATH/Controllers/Malipo.php(399): doProcessGlobalTransaction()
 3 SYSTEMPATH/CodeIgniter.php(896): App\Controllers\Malipo->nmbrecon()
 4 SYSTEMPATH/CodeIgniter.php(466): CodeIgniter\CodeIgniter->runController()
 5 SYSTEMPATH/CodeIgniter.php(349): CodeIgniter\CodeIgniter->handleRequest()
 6 FCPATH/index.php(57): CodeIgniter\CodeIgniter->run()
CRITICAL - 2024-12-03 19:14:04 --> Undefined property: stdClass::$bill_num
in APPPATH/Helpers/global_helper.php on line 505.
 1 APPPATH/Helpers/global_helper.php(505): CodeIgniter\Debug\Exceptions->errorHandler()
 2 APPPATH/Controllers/Malipo.php(399): doProcessGlobalTransaction()
 3 SYSTEMPATH/CodeIgniter.php(896): App\Controllers\Malipo->nmbrecon()
 4 SYSTEMPATH/CodeIgniter.php(466): CodeIgniter\CodeIgniter->runController()
 5 SYSTEMPATH/CodeIgniter.php(349): CodeIgniter\CodeIgniter->handleRequest()
 6 FCPATH/index.php(57): CodeIgniter\CodeIgniter->run()
CRITICAL - 2024-12-03 19:16:05 --> Undefined property: stdClass::$bill_num
in APPPATH/Helpers/global_helper.php on line 505.
 1 APPPATH/Helpers/global_helper.php(505): CodeIgniter\Debug\Exceptions->errorHandler()
 2 APPPATH/Controllers/Malipo.php(399): doProcessGlobalTransaction()
 3 SYSTEMPATH/CodeIgniter.php(896): App\Controllers\Malipo->nmbrecon()
 4 SYSTEMPATH/CodeIgniter.php(466): CodeIgniter\CodeIgniter->runController()
 5 SYSTEMPATH/CodeIgniter.php(349): CodeIgniter\CodeIgniter->handleRequest()
 6 FCPATH/index.php(57): CodeIgniter\CodeIgniter->run()
CRITICAL - 2024-12-03 19:18:06 --> Undefined property: stdClass::$bill_num
in APPPATH/Helpers/global_helper.php on line 505.
 1 APPPATH/Helpers/global_helper.php(505): CodeIgniter\Debug\Exceptions->errorHandler()
 2 APPPATH/Controllers/Malipo.php(399): doProcessGlobalTransaction()
 3 SYSTEMPATH/CodeIgniter.php(896): App\Controllers\Malipo->nmbrecon()
 4 SYSTEMPATH/CodeIgniter.php(466): CodeIgniter\CodeIgniter->runController()
 5 SYSTEMPATH/CodeIgniter.php(349): CodeIgniter\CodeIgniter->handleRequest()
 6 FCPATH/index.php(57): CodeIgniter\CodeIgniter->run()
CRITICAL - 2024-12-03 19:20:05 --> Undefined property: stdClass::$bill_num
in APPPATH/Helpers/global_helper.php on line 505.
 1 APPPATH/Helpers/global_helper.php(505): CodeIgniter\Debug\Exceptions->errorHandler()
 2 APPPATH/Controllers/Malipo.php(399): doProcessGlobalTransaction()
 3 SYSTEMPATH/CodeIgniter.php(896): App\Controllers\Malipo->nmbrecon()
 4 SYSTEMPATH/CodeIgniter.php(466): CodeIgniter\CodeIgniter->runController()
 5 SYSTEMPATH/CodeIgniter.php(349): CodeIgniter\CodeIgniter->handleRequest()
 6 FCPATH/index.php(57): CodeIgniter\CodeIgniter->run()
CRITICAL - 2024-12-03 19:22:05 --> Undefined property: stdClass::$bill_num
in APPPATH/Helpers/global_helper.php on line 505.
 1 APPPATH/Helpers/global_helper.php(505): CodeIgniter\Debug\Exceptions->errorHandler()
 2 APPPATH/Controllers/Malipo.php(399): doProcessGlobalTransaction()
 3 SYSTEMPATH/CodeIgniter.php(896): App\Controllers\Malipo->nmbrecon()
 4 SYSTEMPATH/CodeIgniter.php(466): CodeIgniter\CodeIgniter->runController()
 5 SYSTEMPATH/CodeIgniter.php(349): CodeIgniter\CodeIgniter->handleRequest()
 6 FCPATH/index.php(57): CodeIgniter\CodeIgniter->run()
CRITICAL - 2024-12-03 19:24:04 --> Undefined property: stdClass::$bill_num
in APPPATH/Helpers/global_helper.php on line 505.
 1 APPPATH/Helpers/global_helper.php(505): CodeIgniter\Debug\Exceptions->errorHandler()
 2 APPPATH/Controllers/Malipo.php(399): doProcessGlobalTransaction()
 3 SYSTEMPATH/CodeIgniter.php(896): App\Controllers\Malipo->nmbrecon()
 4 SYSTEMPATH/CodeIgniter.php(466): CodeIgniter\CodeIgniter->runController()
 5 SYSTEMPATH/CodeIgniter.php(349): CodeIgniter\CodeIgniter->handleRequest()
 6 FCPATH/index.php(57): CodeIgniter\CodeIgniter->run()
CRITICAL - 2024-12-03 19:26:04 --> Undefined property: stdClass::$bill_num
in APPPATH/Helpers/global_helper.php on line 505.
 1 APPPATH/Helpers/global_helper.php(505): CodeIgniter\Debug\Exceptions->errorHandler()
 2 APPPATH/Controllers/Malipo.php(399): doProcessGlobalTransaction()
 3 SYSTEMPATH/CodeIgniter.php(896): App\Controllers\Malipo->nmbrecon()
 4 SYSTEMPATH/CodeIgniter.php(466): CodeIgniter\CodeIgniter->runController()
 5 SYSTEMPATH/CodeIgniter.php(349): CodeIgniter\CodeIgniter->handleRequest()
 6 FCPATH/index.php(57): CodeIgniter\CodeIgniter->run()
CRITICAL - 2024-12-03 19:28:06 --> Undefined property: stdClass::$bill_num
in APPPATH/Helpers/global_helper.php on line 505.
 1 APPPATH/Helpers/global_helper.php(505): CodeIgniter\Debug\Exceptions->errorHandler()
 2 APPPATH/Controllers/Malipo.php(399): doProcessGlobalTransaction()
 3 SYSTEMPATH/CodeIgniter.php(896): App\Controllers\Malipo->nmbrecon()
 4 SYSTEMPATH/CodeIgniter.php(466): CodeIgniter\CodeIgniter->runController()
 5 SYSTEMPATH/CodeIgniter.php(349): CodeIgniter\CodeIgniter->handleRequest()
 6 FCPATH/index.php(57): CodeIgniter\CodeIgniter->run()
CRITICAL - 2024-12-03 19:30:05 --> Undefined property: stdClass::$bill_num
in APPPATH/Helpers/global_helper.php on line 505.
 1 APPPATH/Helpers/global_helper.php(505): CodeIgniter\Debug\Exceptions->errorHandler()
 2 APPPATH/Controllers/Malipo.php(399): doProcessGlobalTransaction()
 3 SYSTEMPATH/CodeIgniter.php(896): App\Controllers\Malipo->nmbrecon()
 4 SYSTEMPATH/CodeIgniter.php(466): CodeIgniter\CodeIgniter->runController()
 5 SYSTEMPATH/CodeIgniter.php(349): CodeIgniter\CodeIgniter->handleRequest()
 6 FCPATH/index.php(57): CodeIgniter\CodeIgniter->run()
CRITICAL - 2024-12-03 19:32:05 --> Undefined property: stdClass::$bill_num
in APPPATH/Helpers/global_helper.php on line 505.
 1 APPPATH/Helpers/global_helper.php(505): CodeIgniter\Debug\Exceptions->errorHandler()
 2 APPPATH/Controllers/Malipo.php(399): doProcessGlobalTransaction()
 3 SYSTEMPATH/CodeIgniter.php(896): App\Controllers\Malipo->nmbrecon()
 4 SYSTEMPATH/CodeIgniter.php(466): CodeIgniter\CodeIgniter->runController()
 5 SYSTEMPATH/CodeIgniter.php(349): CodeIgniter\CodeIgniter->handleRequest()
 6 FCPATH/index.php(57): CodeIgniter\CodeIgniter->run()
CRITICAL - 2024-12-03 19:34:05 --> Undefined property: stdClass::$bill_num
in APPPATH/Helpers/global_helper.php on line 505.
 1 APPPATH/Helpers/global_helper.php(505): CodeIgniter\Debug\Exceptions->errorHandler()
 2 APPPATH/Controllers/Malipo.php(399): doProcessGlobalTransaction()
 3 SYSTEMPATH/CodeIgniter.php(896): App\Controllers\Malipo->nmbrecon()
 4 SYSTEMPATH/CodeIgniter.php(466): CodeIgniter\CodeIgniter->runController()
 5 SYSTEMPATH/CodeIgniter.php(349): CodeIgniter\CodeIgniter->handleRequest()
 6 FCPATH/index.php(57): CodeIgniter\CodeIgniter->run()
CRITICAL - 2024-12-03 19:36:05 --> Undefined property: stdClass::$bill_num
in APPPATH/Helpers/global_helper.php on line 505.
 1 APPPATH/Helpers/global_helper.php(505): CodeIgniter\Debug\Exceptions->errorHandler()
 2 APPPATH/Controllers/Malipo.php(399): doProcessGlobalTransaction()
 3 SYSTEMPATH/CodeIgniter.php(896): App\Controllers\Malipo->nmbrecon()
 4 SYSTEMPATH/CodeIgniter.php(466): CodeIgniter\CodeIgniter->runController()
 5 SYSTEMPATH/CodeIgniter.php(349): CodeIgniter\CodeIgniter->handleRequest()
 6 FCPATH/index.php(57): CodeIgniter\CodeIgniter->run()
CRITICAL - 2024-12-03 19:38:05 --> Undefined property: stdClass::$bill_num
in APPPATH/Helpers/global_helper.php on line 505.
 1 APPPATH/Helpers/global_helper.php(505): CodeIgniter\Debug\Exceptions->errorHandler()
 2 APPPATH/Controllers/Malipo.php(399): doProcessGlobalTransaction()
 3 SYSTEMPATH/CodeIgniter.php(896): App\Controllers\Malipo->nmbrecon()
 4 SYSTEMPATH/CodeIgniter.php(466): CodeIgniter\CodeIgniter->runController()
 5 SYSTEMPATH/CodeIgniter.php(349): CodeIgniter\CodeIgniter->handleRequest()
 6 FCPATH/index.php(57): CodeIgniter\CodeIgniter->run()
CRITICAL - 2024-12-03 19:40:05 --> Undefined property: stdClass::$bill_num
in APPPATH/Helpers/global_helper.php on line 505.
 1 APPPATH/Helpers/global_helper.php(505): CodeIgniter\Debug\Exceptions->errorHandler()
 2 APPPATH/Controllers/Malipo.php(399): doProcessGlobalTransaction()
 3 SYSTEMPATH/CodeIgniter.php(896): App\Controllers\Malipo->nmbrecon()
 4 SYSTEMPATH/CodeIgniter.php(466): CodeIgniter\CodeIgniter->runController()
 5 SYSTEMPATH/CodeIgniter.php(349): CodeIgniter\CodeIgniter->handleRequest()
 6 FCPATH/index.php(57): CodeIgniter\CodeIgniter->run()
CRITICAL - 2024-12-03 19:42:05 --> Undefined property: stdClass::$bill_num
in APPPATH/Helpers/global_helper.php on line 505.
 1 APPPATH/Helpers/global_helper.php(505): CodeIgniter\Debug\Exceptions->errorHandler()
 2 APPPATH/Controllers/Malipo.php(399): doProcessGlobalTransaction()
 3 SYSTEMPATH/CodeIgniter.php(896): App\Controllers\Malipo->nmbrecon()
 4 SYSTEMPATH/CodeIgniter.php(466): CodeIgniter\CodeIgniter->runController()
 5 SYSTEMPATH/CodeIgniter.php(349): CodeIgniter\CodeIgniter->handleRequest()
 6 FCPATH/index.php(57): CodeIgniter\CodeIgniter->run()
CRITICAL - 2024-12-03 19:44:05 --> Undefined property: stdClass::$bill_num
in APPPATH/Helpers/global_helper.php on line 505.
 1 APPPATH/Helpers/global_helper.php(505): CodeIgniter\Debug\Exceptions->errorHandler()
 2 APPPATH/Controllers/Malipo.php(399): doProcessGlobalTransaction()
 3 SYSTEMPATH/CodeIgniter.php(896): App\Controllers\Malipo->nmbrecon()
 4 SYSTEMPATH/CodeIgniter.php(466): CodeIgniter\CodeIgniter->runController()
 5 SYSTEMPATH/CodeIgniter.php(349): CodeIgniter\CodeIgniter->handleRequest()
 6 FCPATH/index.php(57): CodeIgniter\CodeIgniter->run()
CRITICAL - 2024-12-03 19:46:05 --> Undefined property: stdClass::$bill_num
in APPPATH/Helpers/global_helper.php on line 505.
 1 APPPATH/Helpers/global_helper.php(505): CodeIgniter\Debug\Exceptions->errorHandler()
 2 APPPATH/Controllers/Malipo.php(399): doProcessGlobalTransaction()
 3 SYSTEMPATH/CodeIgniter.php(896): App\Controllers\Malipo->nmbrecon()
 4 SYSTEMPATH/CodeIgniter.php(466): CodeIgniter\CodeIgniter->runController()
 5 SYSTEMPATH/CodeIgniter.php(349): CodeIgniter\CodeIgniter->handleRequest()
 6 FCPATH/index.php(57): CodeIgniter\CodeIgniter->run()
CRITICAL - 2024-12-03 19:48:04 --> Undefined property: stdClass::$bill_num
in APPPATH/Helpers/global_helper.php on line 505.
 1 APPPATH/Helpers/global_helper.php(505): CodeIgniter\Debug\Exceptions->errorHandler()
 2 APPPATH/Controllers/Malipo.php(399): doProcessGlobalTransaction()
 3 SYSTEMPATH/CodeIgniter.php(896): App\Controllers\Malipo->nmbrecon()
 4 SYSTEMPATH/CodeIgniter.php(466): CodeIgniter\CodeIgniter->runController()
 5 SYSTEMPATH/CodeIgniter.php(349): CodeIgniter\CodeIgniter->handleRequest()
 6 FCPATH/index.php(57): CodeIgniter\CodeIgniter->run()
CRITICAL - 2024-12-03 19:50:05 --> Undefined property: stdClass::$bill_num
in APPPATH/Helpers/global_helper.php on line 505.
 1 APPPATH/Helpers/global_helper.php(505): CodeIgniter\Debug\Exceptions->errorHandler()
 2 APPPATH/Controllers/Malipo.php(399): doProcessGlobalTransaction()
 3 SYSTEMPATH/CodeIgniter.php(896): App\Controllers\Malipo->nmbrecon()
 4 SYSTEMPATH/CodeIgniter.php(466): CodeIgniter\CodeIgniter->runController()
 5 SYSTEMPATH/CodeIgniter.php(349): CodeIgniter\CodeIgniter->handleRequest()
 6 FCPATH/index.php(57): CodeIgniter\CodeIgniter->run()
CRITICAL - 2024-12-03 19:52:05 --> Undefined property: stdClass::$bill_num
in APPPATH/Helpers/global_helper.php on line 505.
 1 APPPATH/Helpers/global_helper.php(505): CodeIgniter\Debug\Exceptions->errorHandler()
 2 APPPATH/Controllers/Malipo.php(399): doProcessGlobalTransaction()
 3 SYSTEMPATH/CodeIgniter.php(896): App\Controllers\Malipo->nmbrecon()
 4 SYSTEMPATH/CodeIgniter.php(466): CodeIgniter\CodeIgniter->runController()
 5 SYSTEMPATH/CodeIgniter.php(349): CodeIgniter\CodeIgniter->handleRequest()
 6 FCPATH/index.php(57): CodeIgniter\CodeIgniter->run()
CRITICAL - 2024-12-03 19:54:05 --> Undefined property: stdClass::$bill_num
in APPPATH/Helpers/global_helper.php on line 505.
 1 APPPATH/Helpers/global_helper.php(505): CodeIgniter\Debug\Exceptions->errorHandler()
 2 APPPATH/Controllers/Malipo.php(399): doProcessGlobalTransaction()
 3 SYSTEMPATH/CodeIgniter.php(896): App\Controllers\Malipo->nmbrecon()
 4 SYSTEMPATH/CodeIgniter.php(466): CodeIgniter\CodeIgniter->runController()
 5 SYSTEMPATH/CodeIgniter.php(349): CodeIgniter\CodeIgniter->handleRequest()
 6 FCPATH/index.php(57): CodeIgniter\CodeIgniter->run()
CRITICAL - 2024-12-03 19:56:05 --> Undefined property: stdClass::$bill_num
in APPPATH/Helpers/global_helper.php on line 505.
 1 APPPATH/Helpers/global_helper.php(505): CodeIgniter\Debug\Exceptions->errorHandler()
 2 APPPATH/Controllers/Malipo.php(399): doProcessGlobalTransaction()
 3 SYSTEMPATH/CodeIgniter.php(896): App\Controllers\Malipo->nmbrecon()
 4 SYSTEMPATH/CodeIgniter.php(466): CodeIgniter\CodeIgniter->runController()
 5 SYSTEMPATH/CodeIgniter.php(349): CodeIgniter\CodeIgniter->handleRequest()
 6 FCPATH/index.php(57): CodeIgniter\CodeIgniter->run()
CRITICAL - 2024-12-03 19:58:05 --> Undefined property: stdClass::$bill_num
in APPPATH/Helpers/global_helper.php on line 505.
 1 APPPATH/Helpers/global_helper.php(505): CodeIgniter\Debug\Exceptions->errorHandler()
 2 APPPATH/Controllers/Malipo.php(399): doProcessGlobalTransaction()
 3 SYSTEMPATH/CodeIgniter.php(896): App\Controllers\Malipo->nmbrecon()
 4 SYSTEMPATH/CodeIgniter.php(466): CodeIgniter\CodeIgniter->runController()
 5 SYSTEMPATH/CodeIgniter.php(349): CodeIgniter\CodeIgniter->handleRequest()
 6 FCPATH/index.php(57): CodeIgniter\CodeIgniter->run()
CRITICAL - 2024-12-03 20:00:04 --> Undefined property: stdClass::$bill_num
in APPPATH/Helpers/global_helper.php on line 505.
 1 APPPATH/Helpers/global_helper.php(505): CodeIgniter\Debug\Exceptions->errorHandler()
 2 APPPATH/Controllers/Malipo.php(399): doProcessGlobalTransaction()
 3 SYSTEMPATH/CodeIgniter.php(896): App\Controllers\Malipo->nmbrecon()
 4 SYSTEMPATH/CodeIgniter.php(466): CodeIgniter\CodeIgniter->runController()
 5 SYSTEMPATH/CodeIgniter.php(349): CodeIgniter\CodeIgniter->handleRequest()
 6 FCPATH/index.php(57): CodeIgniter\CodeIgniter->run()
CRITICAL - 2024-12-03 20:02:05 --> Undefined property: stdClass::$bill_num
in APPPATH/Helpers/global_helper.php on line 505.
 1 APPPATH/Helpers/global_helper.php(505): CodeIgniter\Debug\Exceptions->errorHandler()
 2 APPPATH/Controllers/Malipo.php(399): doProcessGlobalTransaction()
 3 SYSTEMPATH/CodeIgniter.php(896): App\Controllers\Malipo->nmbrecon()
 4 SYSTEMPATH/CodeIgniter.php(466): CodeIgniter\CodeIgniter->runController()
 5 SYSTEMPATH/CodeIgniter.php(349): CodeIgniter\CodeIgniter->handleRequest()
 6 FCPATH/index.php(57): CodeIgniter\CodeIgniter->run()
CRITICAL - 2024-12-03 20:04:05 --> Undefined property: stdClass::$bill_num
in APPPATH/Helpers/global_helper.php on line 505.
 1 APPPATH/Helpers/global_helper.php(505): CodeIgniter\Debug\Exceptions->errorHandler()
 2 APPPATH/Controllers/Malipo.php(399): doProcessGlobalTransaction()
 3 SYSTEMPATH/CodeIgniter.php(896): App\Controllers\Malipo->nmbrecon()
 4 SYSTEMPATH/CodeIgniter.php(466): CodeIgniter\CodeIgniter->runController()
 5 SYSTEMPATH/CodeIgniter.php(349): CodeIgniter\CodeIgniter->handleRequest()
 6 FCPATH/index.php(57): CodeIgniter\CodeIgniter->run()
CRITICAL - 2024-12-03 20:06:06 --> Undefined property: stdClass::$bill_num
in APPPATH/Helpers/global_helper.php on line 505.
 1 APPPATH/Helpers/global_helper.php(505): CodeIgniter\Debug\Exceptions->errorHandler()
 2 APPPATH/Controllers/Malipo.php(399): doProcessGlobalTransaction()
 3 SYSTEMPATH/CodeIgniter.php(896): App\Controllers\Malipo->nmbrecon()
 4 SYSTEMPATH/CodeIgniter.php(466): CodeIgniter\CodeIgniter->runController()
 5 SYSTEMPATH/CodeIgniter.php(349): CodeIgniter\CodeIgniter->handleRequest()
 6 FCPATH/index.php(57): CodeIgniter\CodeIgniter->run()
CRITICAL - 2024-12-03 20:08:05 --> Undefined property: stdClass::$bill_num
in APPPATH/Helpers/global_helper.php on line 505.
 1 APPPATH/Helpers/global_helper.php(505): CodeIgniter\Debug\Exceptions->errorHandler()
 2 APPPATH/Controllers/Malipo.php(399): doProcessGlobalTransaction()
 3 SYSTEMPATH/CodeIgniter.php(896): App\Controllers\Malipo->nmbrecon()
 4 SYSTEMPATH/CodeIgniter.php(466): CodeIgniter\CodeIgniter->runController()
 5 SYSTEMPATH/CodeIgniter.php(349): CodeIgniter\CodeIgniter->handleRequest()
 6 FCPATH/index.php(57): CodeIgniter\CodeIgniter->run()
CRITICAL - 2024-12-03 20:10:05 --> Undefined property: stdClass::$bill_num
in APPPATH/Helpers/global_helper.php on line 505.
 1 APPPATH/Helpers/global_helper.php(505): CodeIgniter\Debug\Exceptions->errorHandler()
 2 APPPATH/Controllers/Malipo.php(399): doProcessGlobalTransaction()
 3 SYSTEMPATH/CodeIgniter.php(896): App\Controllers\Malipo->nmbrecon()
 4 SYSTEMPATH/CodeIgniter.php(466): CodeIgniter\CodeIgniter->runController()
 5 SYSTEMPATH/CodeIgniter.php(349): CodeIgniter\CodeIgniter->handleRequest()
 6 FCPATH/index.php(57): CodeIgniter\CodeIgniter->run()
CRITICAL - 2024-12-03 20:12:04 --> Undefined property: stdClass::$bill_num
in APPPATH/Helpers/global_helper.php on line 505.
 1 APPPATH/Helpers/global_helper.php(505): CodeIgniter\Debug\Exceptions->errorHandler()
 2 APPPATH/Controllers/Malipo.php(399): doProcessGlobalTransaction()
 3 SYSTEMPATH/CodeIgniter.php(896): App\Controllers\Malipo->nmbrecon()
 4 SYSTEMPATH/CodeIgniter.php(466): CodeIgniter\CodeIgniter->runController()
 5 SYSTEMPATH/CodeIgniter.php(349): CodeIgniter\CodeIgniter->handleRequest()
 6 FCPATH/index.php(57): CodeIgniter\CodeIgniter->run()
CRITICAL - 2024-12-03 20:14:05 --> Undefined property: stdClass::$bill_num
in APPPATH/Helpers/global_helper.php on line 505.
 1 APPPATH/Helpers/global_helper.php(505): CodeIgniter\Debug\Exceptions->errorHandler()
 2 APPPATH/Controllers/Malipo.php(399): doProcessGlobalTransaction()
 3 SYSTEMPATH/CodeIgniter.php(896): App\Controllers\Malipo->nmbrecon()
 4 SYSTEMPATH/CodeIgniter.php(466): CodeIgniter\CodeIgniter->runController()
 5 SYSTEMPATH/CodeIgniter.php(349): CodeIgniter\CodeIgniter->handleRequest()
 6 FCPATH/index.php(57): CodeIgniter\CodeIgniter->run()
CRITICAL - 2024-12-03 20:16:04 --> Undefined property: stdClass::$bill_num
in APPPATH/Helpers/global_helper.php on line 505.
 1 APPPATH/Helpers/global_helper.php(505): CodeIgniter\Debug\Exceptions->errorHandler()
 2 APPPATH/Controllers/Malipo.php(399): doProcessGlobalTransaction()
 3 SYSTEMPATH/CodeIgniter.php(896): App\Controllers\Malipo->nmbrecon()
 4 SYSTEMPATH/CodeIgniter.php(466): CodeIgniter\CodeIgniter->runController()
 5 SYSTEMPATH/CodeIgniter.php(349): CodeIgniter\CodeIgniter->handleRequest()
 6 FCPATH/index.php(57): CodeIgniter\CodeIgniter->run()
CRITICAL - 2024-12-03 20:18:05 --> Undefined property: stdClass::$bill_num
in APPPATH/Helpers/global_helper.php on line 505.
 1 APPPATH/Helpers/global_helper.php(505): CodeIgniter\Debug\Exceptions->errorHandler()
 2 APPPATH/Controllers/Malipo.php(399): doProcessGlobalTransaction()
 3 SYSTEMPATH/CodeIgniter.php(896): App\Controllers\Malipo->nmbrecon()
 4 SYSTEMPATH/CodeIgniter.php(466): CodeIgniter\CodeIgniter->runController()
 5 SYSTEMPATH/CodeIgniter.php(349): CodeIgniter\CodeIgniter->handleRequest()
 6 FCPATH/index.php(57): CodeIgniter\CodeIgniter->run()
CRITICAL - 2024-12-03 20:20:06 --> Undefined property: stdClass::$bill_num
in APPPATH/Helpers/global_helper.php on line 505.
 1 APPPATH/Helpers/global_helper.php(505): CodeIgniter\Debug\Exceptions->errorHandler()
 2 APPPATH/Controllers/Malipo.php(399): doProcessGlobalTransaction()
 3 SYSTEMPATH/CodeIgniter.php(896): App\Controllers\Malipo->nmbrecon()
 4 SYSTEMPATH/CodeIgniter.php(466): CodeIgniter\CodeIgniter->runController()
 5 SYSTEMPATH/CodeIgniter.php(349): CodeIgniter\CodeIgniter->handleRequest()
 6 FCPATH/index.php(57): CodeIgniter\CodeIgniter->run()
CRITICAL - 2024-12-03 20:22:05 --> Undefined property: stdClass::$bill_num
in APPPATH/Helpers/global_helper.php on line 505.
 1 APPPATH/Helpers/global_helper.php(505): CodeIgniter\Debug\Exceptions->errorHandler()
 2 APPPATH/Controllers/Malipo.php(399): doProcessGlobalTransaction()
 3 SYSTEMPATH/CodeIgniter.php(896): App\Controllers\Malipo->nmbrecon()
 4 SYSTEMPATH/CodeIgniter.php(466): CodeIgniter\CodeIgniter->runController()
 5 SYSTEMPATH/CodeIgniter.php(349): CodeIgniter\CodeIgniter->handleRequest()
 6 FCPATH/index.php(57): CodeIgniter\CodeIgniter->run()
CRITICAL - 2024-12-03 20:24:05 --> Undefined property: stdClass::$bill_num
in APPPATH/Helpers/global_helper.php on line 505.
 1 APPPATH/Helpers/global_helper.php(505): CodeIgniter\Debug\Exceptions->errorHandler()
 2 APPPATH/Controllers/Malipo.php(399): doProcessGlobalTransaction()
 3 SYSTEMPATH/CodeIgniter.php(896): App\Controllers\Malipo->nmbrecon()
 4 SYSTEMPATH/CodeIgniter.php(466): CodeIgniter\CodeIgniter->runController()
 5 SYSTEMPATH/CodeIgniter.php(349): CodeIgniter\CodeIgniter->handleRequest()
 6 FCPATH/index.php(57): CodeIgniter\CodeIgniter->run()
CRITICAL - 2024-12-03 20:26:05 --> Undefined property: stdClass::$bill_num
in APPPATH/Helpers/global_helper.php on line 505.
 1 APPPATH/Helpers/global_helper.php(505): CodeIgniter\Debug\Exceptions->errorHandler()
 2 APPPATH/Controllers/Malipo.php(399): doProcessGlobalTransaction()
 3 SYSTEMPATH/CodeIgniter.php(896): App\Controllers\Malipo->nmbrecon()
 4 SYSTEMPATH/CodeIgniter.php(466): CodeIgniter\CodeIgniter->runController()
 5 SYSTEMPATH/CodeIgniter.php(349): CodeIgniter\CodeIgniter->handleRequest()
 6 FCPATH/index.php(57): CodeIgniter\CodeIgniter->run()
CRITICAL - 2024-12-03 20:28:05 --> Undefined property: stdClass::$bill_num
in APPPATH/Helpers/global_helper.php on line 505.
 1 APPPATH/Helpers/global_helper.php(505): CodeIgniter\Debug\Exceptions->errorHandler()
 2 APPPATH/Controllers/Malipo.php(399): doProcessGlobalTransaction()
 3 SYSTEMPATH/CodeIgniter.php(896): App\Controllers\Malipo->nmbrecon()
 4 SYSTEMPATH/CodeIgniter.php(466): CodeIgniter\CodeIgniter->runController()
 5 SYSTEMPATH/CodeIgniter.php(349): CodeIgniter\CodeIgniter->handleRequest()
 6 FCPATH/index.php(57): CodeIgniter\CodeIgniter->run()
CRITICAL - 2024-12-03 20:30:05 --> Undefined property: stdClass::$bill_num
in APPPATH/Helpers/global_helper.php on line 505.
 1 APPPATH/Helpers/global_helper.php(505): CodeIgniter\Debug\Exceptions->errorHandler()
 2 APPPATH/Controllers/Malipo.php(399): doProcessGlobalTransaction()
 3 SYSTEMPATH/CodeIgniter.php(896): App\Controllers\Malipo->nmbrecon()
 4 SYSTEMPATH/CodeIgniter.php(466): CodeIgniter\CodeIgniter->runController()
 5 SYSTEMPATH/CodeIgniter.php(349): CodeIgniter\CodeIgniter->handleRequest()
 6 FCPATH/index.php(57): CodeIgniter\CodeIgniter->run()
CRITICAL - 2024-12-03 20:32:06 --> Undefined property: stdClass::$bill_num
in APPPATH/Helpers/global_helper.php on line 505.
 1 APPPATH/Helpers/global_helper.php(505): CodeIgniter\Debug\Exceptions->errorHandler()
 2 APPPATH/Controllers/Malipo.php(399): doProcessGlobalTransaction()
 3 SYSTEMPATH/CodeIgniter.php(896): App\Controllers\Malipo->nmbrecon()
 4 SYSTEMPATH/CodeIgniter.php(466): CodeIgniter\CodeIgniter->runController()
 5 SYSTEMPATH/CodeIgniter.php(349): CodeIgniter\CodeIgniter->handleRequest()
 6 FCPATH/index.php(57): CodeIgniter\CodeIgniter->run()
CRITICAL - 2024-12-03 20:34:05 --> Undefined property: stdClass::$bill_num
in APPPATH/Helpers/global_helper.php on line 505.
 1 APPPATH/Helpers/global_helper.php(505): CodeIgniter\Debug\Exceptions->errorHandler()
 2 APPPATH/Controllers/Malipo.php(399): doProcessGlobalTransaction()
 3 SYSTEMPATH/CodeIgniter.php(896): App\Controllers\Malipo->nmbrecon()
 4 SYSTEMPATH/CodeIgniter.php(466): CodeIgniter\CodeIgniter->runController()
 5 SYSTEMPATH/CodeIgniter.php(349): CodeIgniter\CodeIgniter->handleRequest()
 6 FCPATH/index.php(57): CodeIgniter\CodeIgniter->run()
CRITICAL - 2024-12-03 20:36:05 --> Undefined property: stdClass::$bill_num
in APPPATH/Helpers/global_helper.php on line 505.
 1 APPPATH/Helpers/global_helper.php(505): CodeIgniter\Debug\Exceptions->errorHandler()
 2 APPPATH/Controllers/Malipo.php(399): doProcessGlobalTransaction()
 3 SYSTEMPATH/CodeIgniter.php(896): App\Controllers\Malipo->nmbrecon()
 4 SYSTEMPATH/CodeIgniter.php(466): CodeIgniter\CodeIgniter->runController()
 5 SYSTEMPATH/CodeIgniter.php(349): CodeIgniter\CodeIgniter->handleRequest()
 6 FCPATH/index.php(57): CodeIgniter\CodeIgniter->run()
CRITICAL - 2024-12-03 20:38:05 --> Undefined property: stdClass::$bill_num
in APPPATH/Helpers/global_helper.php on line 505.
 1 APPPATH/Helpers/global_helper.php(505): CodeIgniter\Debug\Exceptions->errorHandler()
 2 APPPATH/Controllers/Malipo.php(399): doProcessGlobalTransaction()
 3 SYSTEMPATH/CodeIgniter.php(896): App\Controllers\Malipo->nmbrecon()
 4 SYSTEMPATH/CodeIgniter.php(466): CodeIgniter\CodeIgniter->runController()
 5 SYSTEMPATH/CodeIgniter.php(349): CodeIgniter\CodeIgniter->handleRequest()
 6 FCPATH/index.php(57): CodeIgniter\CodeIgniter->run()
CRITICAL - 2024-12-03 20:40:05 --> Undefined property: stdClass::$bill_num
in APPPATH/Helpers/global_helper.php on line 505.
 1 APPPATH/Helpers/global_helper.php(505): CodeIgniter\Debug\Exceptions->errorHandler()
 2 APPPATH/Controllers/Malipo.php(399): doProcessGlobalTransaction()
 3 SYSTEMPATH/CodeIgniter.php(896): App\Controllers\Malipo->nmbrecon()
 4 SYSTEMPATH/CodeIgniter.php(466): CodeIgniter\CodeIgniter->runController()
 5 SYSTEMPATH/CodeIgniter.php(349): CodeIgniter\CodeIgniter->handleRequest()
 6 FCPATH/index.php(57): CodeIgniter\CodeIgniter->run()
CRITICAL - 2024-12-03 20:42:05 --> Undefined property: stdClass::$bill_num
in APPPATH/Helpers/global_helper.php on line 505.
 1 APPPATH/Helpers/global_helper.php(505): CodeIgniter\Debug\Exceptions->errorHandler()
 2 APPPATH/Controllers/Malipo.php(399): doProcessGlobalTransaction()
 3 SYSTEMPATH/CodeIgniter.php(896): App\Controllers\Malipo->nmbrecon()
 4 SYSTEMPATH/CodeIgniter.php(466): CodeIgniter\CodeIgniter->runController()
 5 SYSTEMPATH/CodeIgniter.php(349): CodeIgniter\CodeIgniter->handleRequest()
 6 FCPATH/index.php(57): CodeIgniter\CodeIgniter->run()
CRITICAL - 2024-12-03 20:44:05 --> Undefined property: stdClass::$bill_num
in APPPATH/Helpers/global_helper.php on line 505.
 1 APPPATH/Helpers/global_helper.php(505): CodeIgniter\Debug\Exceptions->errorHandler()
 2 APPPATH/Controllers/Malipo.php(399): doProcessGlobalTransaction()
 3 SYSTEMPATH/CodeIgniter.php(896): App\Controllers\Malipo->nmbrecon()
 4 SYSTEMPATH/CodeIgniter.php(466): CodeIgniter\CodeIgniter->runController()
 5 SYSTEMPATH/CodeIgniter.php(349): CodeIgniter\CodeIgniter->handleRequest()
 6 FCPATH/index.php(57): CodeIgniter\CodeIgniter->run()
CRITICAL - 2024-12-03 20:46:05 --> Undefined property: stdClass::$bill_num
in APPPATH/Helpers/global_helper.php on line 505.
 1 APPPATH/Helpers/global_helper.php(505): CodeIgniter\Debug\Exceptions->errorHandler()
 2 APPPATH/Controllers/Malipo.php(399): doProcessGlobalTransaction()
 3 SYSTEMPATH/CodeIgniter.php(896): App\Controllers\Malipo->nmbrecon()
 4 SYSTEMPATH/CodeIgniter.php(466): CodeIgniter\CodeIgniter->runController()
 5 SYSTEMPATH/CodeIgniter.php(349): CodeIgniter\CodeIgniter->handleRequest()
 6 FCPATH/index.php(57): CodeIgniter\CodeIgniter->run()
CRITICAL - 2024-12-03 20:48:04 --> Undefined property: stdClass::$bill_num
in APPPATH/Helpers/global_helper.php on line 505.
 1 APPPATH/Helpers/global_helper.php(505): CodeIgniter\Debug\Exceptions->errorHandler()
 2 APPPATH/Controllers/Malipo.php(399): doProcessGlobalTransaction()
 3 SYSTEMPATH/CodeIgniter.php(896): App\Controllers\Malipo->nmbrecon()
 4 SYSTEMPATH/CodeIgniter.php(466): CodeIgniter\CodeIgniter->runController()
 5 SYSTEMPATH/CodeIgniter.php(349): CodeIgniter\CodeIgniter->handleRequest()
 6 FCPATH/index.php(57): CodeIgniter\CodeIgniter->run()
CRITICAL - 2024-12-03 20:50:04 --> Undefined property: stdClass::$bill_num
in APPPATH/Helpers/global_helper.php on line 505.
 1 APPPATH/Helpers/global_helper.php(505): CodeIgniter\Debug\Exceptions->errorHandler()
 2 APPPATH/Controllers/Malipo.php(399): doProcessGlobalTransaction()
 3 SYSTEMPATH/CodeIgniter.php(896): App\Controllers\Malipo->nmbrecon()
 4 SYSTEMPATH/CodeIgniter.php(466): CodeIgniter\CodeIgniter->runController()
 5 SYSTEMPATH/CodeIgniter.php(349): CodeIgniter\CodeIgniter->handleRequest()
 6 FCPATH/index.php(57): CodeIgniter\CodeIgniter->run()
CRITICAL - 2024-12-03 20:52:05 --> Undefined property: stdClass::$bill_num
in APPPATH/Helpers/global_helper.php on line 505.
 1 APPPATH/Helpers/global_helper.php(505): CodeIgniter\Debug\Exceptions->errorHandler()
 2 APPPATH/Controllers/Malipo.php(399): doProcessGlobalTransaction()
 3 SYSTEMPATH/CodeIgniter.php(896): App\Controllers\Malipo->nmbrecon()
 4 SYSTEMPATH/CodeIgniter.php(466): CodeIgniter\CodeIgniter->runController()
 5 SYSTEMPATH/CodeIgniter.php(349): CodeIgniter\CodeIgniter->handleRequest()
 6 FCPATH/index.php(57): CodeIgniter\CodeIgniter->run()
CRITICAL - 2024-12-03 20:54:05 --> Undefined property: stdClass::$bill_num
in APPPATH/Helpers/global_helper.php on line 505.
 1 APPPATH/Helpers/global_helper.php(505): CodeIgniter\Debug\Exceptions->errorHandler()
 2 APPPATH/Controllers/Malipo.php(399): doProcessGlobalTransaction()
 3 SYSTEMPATH/CodeIgniter.php(896): App\Controllers\Malipo->nmbrecon()
 4 SYSTEMPATH/CodeIgniter.php(466): CodeIgniter\CodeIgniter->runController()
 5 SYSTEMPATH/CodeIgniter.php(349): CodeIgniter\CodeIgniter->handleRequest()
 6 FCPATH/index.php(57): CodeIgniter\CodeIgniter->run()
CRITICAL - 2024-12-03 20:56:05 --> Undefined property: stdClass::$bill_num
in APPPATH/Helpers/global_helper.php on line 505.
 1 APPPATH/Helpers/global_helper.php(505): CodeIgniter\Debug\Exceptions->errorHandler()
 2 APPPATH/Controllers/Malipo.php(399): doProcessGlobalTransaction()
 3 SYSTEMPATH/CodeIgniter.php(896): App\Controllers\Malipo->nmbrecon()
 4 SYSTEMPATH/CodeIgniter.php(466): CodeIgniter\CodeIgniter->runController()
 5 SYSTEMPATH/CodeIgniter.php(349): CodeIgniter\CodeIgniter->handleRequest()
 6 FCPATH/index.php(57): CodeIgniter\CodeIgniter->run()
CRITICAL - 2024-12-03 20:58:05 --> Undefined property: stdClass::$bill_num
in APPPATH/Helpers/global_helper.php on line 505.
 1 APPPATH/Helpers/global_helper.php(505): CodeIgniter\Debug\Exceptions->errorHandler()
 2 APPPATH/Controllers/Malipo.php(399): doProcessGlobalTransaction()
 3 SYSTEMPATH/CodeIgniter.php(896): App\Controllers\Malipo->nmbrecon()
 4 SYSTEMPATH/CodeIgniter.php(466): CodeIgniter\CodeIgniter->runController()
 5 SYSTEMPATH/CodeIgniter.php(349): CodeIgniter\CodeIgniter->handleRequest()
 6 FCPATH/index.php(57): CodeIgniter\CodeIgniter->run()
CRITICAL - 2024-12-03 21:00:04 --> Undefined property: stdClass::$bill_num
in APPPATH/Helpers/global_helper.php on line 505.
 1 APPPATH/Helpers/global_helper.php(505): CodeIgniter\Debug\Exceptions->errorHandler()
 2 APPPATH/Controllers/Malipo.php(399): doProcessGlobalTransaction()
 3 SYSTEMPATH/CodeIgniter.php(896): App\Controllers\Malipo->nmbrecon()
 4 SYSTEMPATH/CodeIgniter.php(466): CodeIgniter\CodeIgniter->runController()
 5 SYSTEMPATH/CodeIgniter.php(349): CodeIgniter\CodeIgniter->handleRequest()
 6 FCPATH/index.php(57): CodeIgniter\CodeIgniter->run()
CRITICAL - 2024-12-03 21:02:04 --> Undefined property: stdClass::$bill_num
in APPPATH/Helpers/global_helper.php on line 505.
 1 APPPATH/Helpers/global_helper.php(505): CodeIgniter\Debug\Exceptions->errorHandler()
 2 APPPATH/Controllers/Malipo.php(399): doProcessGlobalTransaction()
 3 SYSTEMPATH/CodeIgniter.php(896): App\Controllers\Malipo->nmbrecon()
 4 SYSTEMPATH/CodeIgniter.php(466): CodeIgniter\CodeIgniter->runController()
 5 SYSTEMPATH/CodeIgniter.php(349): CodeIgniter\CodeIgniter->handleRequest()
 6 FCPATH/index.php(57): CodeIgniter\CodeIgniter->run()
CRITICAL - 2024-12-03 21:04:05 --> Undefined property: stdClass::$bill_num
in APPPATH/Helpers/global_helper.php on line 505.
 1 APPPATH/Helpers/global_helper.php(505): CodeIgniter\Debug\Exceptions->errorHandler()
 2 APPPATH/Controllers/Malipo.php(399): doProcessGlobalTransaction()
 3 SYSTEMPATH/CodeIgniter.php(896): App\Controllers\Malipo->nmbrecon()
 4 SYSTEMPATH/CodeIgniter.php(466): CodeIgniter\CodeIgniter->runController()
 5 SYSTEMPATH/CodeIgniter.php(349): CodeIgniter\CodeIgniter->handleRequest()
 6 FCPATH/index.php(57): CodeIgniter\CodeIgniter->run()
CRITICAL - 2024-12-03 21:06:05 --> Undefined property: stdClass::$bill_num
in APPPATH/Helpers/global_helper.php on line 505.
 1 APPPATH/Helpers/global_helper.php(505): CodeIgniter\Debug\Exceptions->errorHandler()
 2 APPPATH/Controllers/Malipo.php(399): doProcessGlobalTransaction()
 3 SYSTEMPATH/CodeIgniter.php(896): App\Controllers\Malipo->nmbrecon()
 4 SYSTEMPATH/CodeIgniter.php(466): CodeIgniter\CodeIgniter->runController()
 5 SYSTEMPATH/CodeIgniter.php(349): CodeIgniter\CodeIgniter->handleRequest()
 6 FCPATH/index.php(57): CodeIgniter\CodeIgniter->run()
CRITICAL - 2024-12-03 21:08:05 --> Undefined property: stdClass::$bill_num
in APPPATH/Helpers/global_helper.php on line 505.
 1 APPPATH/Helpers/global_helper.php(505): CodeIgniter\Debug\Exceptions->errorHandler()
 2 APPPATH/Controllers/Malipo.php(399): doProcessGlobalTransaction()
 3 SYSTEMPATH/CodeIgniter.php(896): App\Controllers\Malipo->nmbrecon()
 4 SYSTEMPATH/CodeIgniter.php(466): CodeIgniter\CodeIgniter->runController()
 5 SYSTEMPATH/CodeIgniter.php(349): CodeIgniter\CodeIgniter->handleRequest()
 6 FCPATH/index.php(57): CodeIgniter\CodeIgniter->run()
CRITICAL - 2024-12-03 21:10:05 --> Undefined property: stdClass::$bill_num
in APPPATH/Helpers/global_helper.php on line 505.
 1 APPPATH/Helpers/global_helper.php(505): CodeIgniter\Debug\Exceptions->errorHandler()
 2 APPPATH/Controllers/Malipo.php(399): doProcessGlobalTransaction()
 3 SYSTEMPATH/CodeIgniter.php(896): App\Controllers\Malipo->nmbrecon()
 4 SYSTEMPATH/CodeIgniter.php(466): CodeIgniter\CodeIgniter->runController()
 5 SYSTEMPATH/CodeIgniter.php(349): CodeIgniter\CodeIgniter->handleRequest()
 6 FCPATH/index.php(57): CodeIgniter\CodeIgniter->run()
CRITICAL - 2024-12-03 21:12:04 --> Undefined property: stdClass::$bill_num
in APPPATH/Helpers/global_helper.php on line 505.
 1 APPPATH/Helpers/global_helper.php(505): CodeIgniter\Debug\Exceptions->errorHandler()
 2 APPPATH/Controllers/Malipo.php(399): doProcessGlobalTransaction()
 3 SYSTEMPATH/CodeIgniter.php(896): App\Controllers\Malipo->nmbrecon()
 4 SYSTEMPATH/CodeIgniter.php(466): CodeIgniter\CodeIgniter->runController()
 5 SYSTEMPATH/CodeIgniter.php(349): CodeIgniter\CodeIgniter->handleRequest()
 6 FCPATH/index.php(57): CodeIgniter\CodeIgniter->run()
CRITICAL - 2024-12-03 21:14:05 --> Undefined property: stdClass::$bill_num
in APPPATH/Helpers/global_helper.php on line 505.
 1 APPPATH/Helpers/global_helper.php(505): CodeIgniter\Debug\Exceptions->errorHandler()
 2 APPPATH/Controllers/Malipo.php(399): doProcessGlobalTransaction()
 3 SYSTEMPATH/CodeIgniter.php(896): App\Controllers\Malipo->nmbrecon()
 4 SYSTEMPATH/CodeIgniter.php(466): CodeIgniter\CodeIgniter->runController()
 5 SYSTEMPATH/CodeIgniter.php(349): CodeIgniter\CodeIgniter->handleRequest()
 6 FCPATH/index.php(57): CodeIgniter\CodeIgniter->run()
CRITICAL - 2024-12-03 21:16:04 --> Undefined property: stdClass::$bill_num
in APPPATH/Helpers/global_helper.php on line 505.
 1 APPPATH/Helpers/global_helper.php(505): CodeIgniter\Debug\Exceptions->errorHandler()
 2 APPPATH/Controllers/Malipo.php(399): doProcessGlobalTransaction()
 3 SYSTEMPATH/CodeIgniter.php(896): App\Controllers\Malipo->nmbrecon()
 4 SYSTEMPATH/CodeIgniter.php(466): CodeIgniter\CodeIgniter->runController()
 5 SYSTEMPATH/CodeIgniter.php(349): CodeIgniter\CodeIgniter->handleRequest()
 6 FCPATH/index.php(57): CodeIgniter\CodeIgniter->run()
CRITICAL - 2024-12-03 21:18:05 --> Undefined property: stdClass::$bill_num
in APPPATH/Helpers/global_helper.php on line 505.
 1 APPPATH/Helpers/global_helper.php(505): CodeIgniter\Debug\Exceptions->errorHandler()
 2 APPPATH/Controllers/Malipo.php(399): doProcessGlobalTransaction()
 3 SYSTEMPATH/CodeIgniter.php(896): App\Controllers\Malipo->nmbrecon()
 4 SYSTEMPATH/CodeIgniter.php(466): CodeIgniter\CodeIgniter->runController()
 5 SYSTEMPATH/CodeIgniter.php(349): CodeIgniter\CodeIgniter->handleRequest()
 6 FCPATH/index.php(57): CodeIgniter\CodeIgniter->run()
CRITICAL - 2024-12-03 21:20:05 --> Undefined property: stdClass::$bill_num
in APPPATH/Helpers/global_helper.php on line 505.
 1 APPPATH/Helpers/global_helper.php(505): CodeIgniter\Debug\Exceptions->errorHandler()
 2 APPPATH/Controllers/Malipo.php(399): doProcessGlobalTransaction()
 3 SYSTEMPATH/CodeIgniter.php(896): App\Controllers\Malipo->nmbrecon()
 4 SYSTEMPATH/CodeIgniter.php(466): CodeIgniter\CodeIgniter->runController()
 5 SYSTEMPATH/CodeIgniter.php(349): CodeIgniter\CodeIgniter->handleRequest()
 6 FCPATH/index.php(57): CodeIgniter\CodeIgniter->run()
CRITICAL - 2024-12-03 21:22:06 --> Undefined property: stdClass::$bill_num
in APPPATH/Helpers/global_helper.php on line 505.
 1 APPPATH/Helpers/global_helper.php(505): CodeIgniter\Debug\Exceptions->errorHandler()
 2 APPPATH/Controllers/Malipo.php(399): doProcessGlobalTransaction()
 3 SYSTEMPATH/CodeIgniter.php(896): App\Controllers\Malipo->nmbrecon()
 4 SYSTEMPATH/CodeIgniter.php(466): CodeIgniter\CodeIgniter->runController()
 5 SYSTEMPATH/CodeIgniter.php(349): CodeIgniter\CodeIgniter->handleRequest()
 6 FCPATH/index.php(57): CodeIgniter\CodeIgniter->run()
CRITICAL - 2024-12-03 21:24:04 --> Undefined property: stdClass::$bill_num
in APPPATH/Helpers/global_helper.php on line 505.
 1 APPPATH/Helpers/global_helper.php(505): CodeIgniter\Debug\Exceptions->errorHandler()
 2 APPPATH/Controllers/Malipo.php(399): doProcessGlobalTransaction()
 3 SYSTEMPATH/CodeIgniter.php(896): App\Controllers\Malipo->nmbrecon()
 4 SYSTEMPATH/CodeIgniter.php(466): CodeIgniter\CodeIgniter->runController()
 5 SYSTEMPATH/CodeIgniter.php(349): CodeIgniter\CodeIgniter->handleRequest()
 6 FCPATH/index.php(57): CodeIgniter\CodeIgniter->run()
CRITICAL - 2024-12-03 21:26:04 --> Undefined property: stdClass::$bill_num
in APPPATH/Helpers/global_helper.php on line 505.
 1 APPPATH/Helpers/global_helper.php(505): CodeIgniter\Debug\Exceptions->errorHandler()
 2 APPPATH/Controllers/Malipo.php(399): doProcessGlobalTransaction()
 3 SYSTEMPATH/CodeIgniter.php(896): App\Controllers\Malipo->nmbrecon()
 4 SYSTEMPATH/CodeIgniter.php(466): CodeIgniter\CodeIgniter->runController()
 5 SYSTEMPATH/CodeIgniter.php(349): CodeIgniter\CodeIgniter->handleRequest()
 6 FCPATH/index.php(57): CodeIgniter\CodeIgniter->run()
CRITICAL - 2024-12-03 21:28:05 --> Undefined property: stdClass::$bill_num
in APPPATH/Helpers/global_helper.php on line 505.
 1 APPPATH/Helpers/global_helper.php(505): CodeIgniter\Debug\Exceptions->errorHandler()
 2 APPPATH/Controllers/Malipo.php(399): doProcessGlobalTransaction()
 3 SYSTEMPATH/CodeIgniter.php(896): App\Controllers\Malipo->nmbrecon()
 4 SYSTEMPATH/CodeIgniter.php(466): CodeIgniter\CodeIgniter->runController()
 5 SYSTEMPATH/CodeIgniter.php(349): CodeIgniter\CodeIgniter->handleRequest()
 6 FCPATH/index.php(57): CodeIgniter\CodeIgniter->run()
CRITICAL - 2024-12-03 21:30:05 --> Undefined property: stdClass::$bill_num
in APPPATH/Helpers/global_helper.php on line 505.
 1 APPPATH/Helpers/global_helper.php(505): CodeIgniter\Debug\Exceptions->errorHandler()
 2 APPPATH/Controllers/Malipo.php(399): doProcessGlobalTransaction()
 3 SYSTEMPATH/CodeIgniter.php(896): App\Controllers\Malipo->nmbrecon()
 4 SYSTEMPATH/CodeIgniter.php(466): CodeIgniter\CodeIgniter->runController()
 5 SYSTEMPATH/CodeIgniter.php(349): CodeIgniter\CodeIgniter->handleRequest()
 6 FCPATH/index.php(57): CodeIgniter\CodeIgniter->run()
CRITICAL - 2024-12-03 21:32:05 --> Undefined property: stdClass::$bill_num
in APPPATH/Helpers/global_helper.php on line 505.
 1 APPPATH/Helpers/global_helper.php(505): CodeIgniter\Debug\Exceptions->errorHandler()
 2 APPPATH/Controllers/Malipo.php(399): doProcessGlobalTransaction()
 3 SYSTEMPATH/CodeIgniter.php(896): App\Controllers\Malipo->nmbrecon()
 4 SYSTEMPATH/CodeIgniter.php(466): CodeIgniter\CodeIgniter->runController()
 5 SYSTEMPATH/CodeIgniter.php(349): CodeIgniter\CodeIgniter->handleRequest()
 6 FCPATH/index.php(57): CodeIgniter\CodeIgniter->run()
CRITICAL - 2024-12-03 21:34:05 --> Undefined property: stdClass::$bill_num
in APPPATH/Helpers/global_helper.php on line 505.
 1 APPPATH/Helpers/global_helper.php(505): CodeIgniter\Debug\Exceptions->errorHandler()
 2 APPPATH/Controllers/Malipo.php(399): doProcessGlobalTransaction()
 3 SYSTEMPATH/CodeIgniter.php(896): App\Controllers\Malipo->nmbrecon()
 4 SYSTEMPATH/CodeIgniter.php(466): CodeIgniter\CodeIgniter->runController()
 5 SYSTEMPATH/CodeIgniter.php(349): CodeIgniter\CodeIgniter->handleRequest()
 6 FCPATH/index.php(57): CodeIgniter\CodeIgniter->run()
CRITICAL - 2024-12-03 21:36:05 --> Undefined property: stdClass::$bill_num
in APPPATH/Helpers/global_helper.php on line 505.
 1 APPPATH/Helpers/global_helper.php(505): CodeIgniter\Debug\Exceptions->errorHandler()
 2 APPPATH/Controllers/Malipo.php(399): doProcessGlobalTransaction()
 3 SYSTEMPATH/CodeIgniter.php(896): App\Controllers\Malipo->nmbrecon()
 4 SYSTEMPATH/CodeIgniter.php(466): CodeIgniter\CodeIgniter->runController()
 5 SYSTEMPATH/CodeIgniter.php(349): CodeIgniter\CodeIgniter->handleRequest()
 6 FCPATH/index.php(57): CodeIgniter\CodeIgniter->run()
CRITICAL - 2024-12-03 21:38:04 --> Undefined property: stdClass::$bill_num
in APPPATH/Helpers/global_helper.php on line 505.
 1 APPPATH/Helpers/global_helper.php(505): CodeIgniter\Debug\Exceptions->errorHandler()
 2 APPPATH/Controllers/Malipo.php(399): doProcessGlobalTransaction()
 3 SYSTEMPATH/CodeIgniter.php(896): App\Controllers\Malipo->nmbrecon()
 4 SYSTEMPATH/CodeIgniter.php(466): CodeIgniter\CodeIgniter->runController()
 5 SYSTEMPATH/CodeIgniter.php(349): CodeIgniter\CodeIgniter->handleRequest()
 6 FCPATH/index.php(57): CodeIgniter\CodeIgniter->run()
CRITICAL - 2024-12-03 21:40:05 --> Undefined property: stdClass::$bill_num
in APPPATH/Helpers/global_helper.php on line 505.
 1 APPPATH/Helpers/global_helper.php(505): CodeIgniter\Debug\Exceptions->errorHandler()
 2 APPPATH/Controllers/Malipo.php(399): doProcessGlobalTransaction()
 3 SYSTEMPATH/CodeIgniter.php(896): App\Controllers\Malipo->nmbrecon()
 4 SYSTEMPATH/CodeIgniter.php(466): CodeIgniter\CodeIgniter->runController()
 5 SYSTEMPATH/CodeIgniter.php(349): CodeIgniter\CodeIgniter->handleRequest()
 6 FCPATH/index.php(57): CodeIgniter\CodeIgniter->run()
CRITICAL - 2024-12-03 21:42:05 --> Undefined property: stdClass::$bill_num
in APPPATH/Helpers/global_helper.php on line 505.
 1 APPPATH/Helpers/global_helper.php(505): CodeIgniter\Debug\Exceptions->errorHandler()
 2 APPPATH/Controllers/Malipo.php(399): doProcessGlobalTransaction()
 3 SYSTEMPATH/CodeIgniter.php(896): App\Controllers\Malipo->nmbrecon()
 4 SYSTEMPATH/CodeIgniter.php(466): CodeIgniter\CodeIgniter->runController()
 5 SYSTEMPATH/CodeIgniter.php(349): CodeIgniter\CodeIgniter->handleRequest()
 6 FCPATH/index.php(57): CodeIgniter\CodeIgniter->run()
CRITICAL - 2024-12-03 21:44:05 --> Undefined property: stdClass::$bill_num
in APPPATH/Helpers/global_helper.php on line 505.
 1 APPPATH/Helpers/global_helper.php(505): CodeIgniter\Debug\Exceptions->errorHandler()
 2 APPPATH/Controllers/Malipo.php(399): doProcessGlobalTransaction()
 3 SYSTEMPATH/CodeIgniter.php(896): App\Controllers\Malipo->nmbrecon()
 4 SYSTEMPATH/CodeIgniter.php(466): CodeIgniter\CodeIgniter->runController()
 5 SYSTEMPATH/CodeIgniter.php(349): CodeIgniter\CodeIgniter->handleRequest()
 6 FCPATH/index.php(57): CodeIgniter\CodeIgniter->run()
CRITICAL - 2024-12-03 21:46:05 --> Undefined property: stdClass::$bill_num
in APPPATH/Helpers/global_helper.php on line 505.
 1 APPPATH/Helpers/global_helper.php(505): CodeIgniter\Debug\Exceptions->errorHandler()
 2 APPPATH/Controllers/Malipo.php(399): doProcessGlobalTransaction()
 3 SYSTEMPATH/CodeIgniter.php(896): App\Controllers\Malipo->nmbrecon()
 4 SYSTEMPATH/CodeIgniter.php(466): CodeIgniter\CodeIgniter->runController()
 5 SYSTEMPATH/CodeIgniter.php(349): CodeIgniter\CodeIgniter->handleRequest()
 6 FCPATH/index.php(57): CodeIgniter\CodeIgniter->run()
CRITICAL - 2024-12-03 21:48:04 --> Undefined property: stdClass::$bill_num
in APPPATH/Helpers/global_helper.php on line 505.
 1 APPPATH/Helpers/global_helper.php(505): CodeIgniter\Debug\Exceptions->errorHandler()
 2 APPPATH/Controllers/Malipo.php(399): doProcessGlobalTransaction()
 3 SYSTEMPATH/CodeIgniter.php(896): App\Controllers\Malipo->nmbrecon()
 4 SYSTEMPATH/CodeIgniter.php(466): CodeIgniter\CodeIgniter->runController()
 5 SYSTEMPATH/CodeIgniter.php(349): CodeIgniter\CodeIgniter->handleRequest()
 6 FCPATH/index.php(57): CodeIgniter\CodeIgniter->run()
CRITICAL - 2024-12-03 21:50:04 --> Undefined property: stdClass::$bill_num
in APPPATH/Helpers/global_helper.php on line 505.
 1 APPPATH/Helpers/global_helper.php(505): CodeIgniter\Debug\Exceptions->errorHandler()
 2 APPPATH/Controllers/Malipo.php(399): doProcessGlobalTransaction()
 3 SYSTEMPATH/CodeIgniter.php(896): App\Controllers\Malipo->nmbrecon()
 4 SYSTEMPATH/CodeIgniter.php(466): CodeIgniter\CodeIgniter->runController()
 5 SYSTEMPATH/CodeIgniter.php(349): CodeIgniter\CodeIgniter->handleRequest()
 6 FCPATH/index.php(57): CodeIgniter\CodeIgniter->run()
CRITICAL - 2024-12-03 21:52:05 --> Undefined property: stdClass::$bill_num
in APPPATH/Helpers/global_helper.php on line 505.
 1 APPPATH/Helpers/global_helper.php(505): CodeIgniter\Debug\Exceptions->errorHandler()
 2 APPPATH/Controllers/Malipo.php(399): doProcessGlobalTransaction()
 3 SYSTEMPATH/CodeIgniter.php(896): App\Controllers\Malipo->nmbrecon()
 4 SYSTEMPATH/CodeIgniter.php(466): CodeIgniter\CodeIgniter->runController()
 5 SYSTEMPATH/CodeIgniter.php(349): CodeIgniter\CodeIgniter->handleRequest()
 6 FCPATH/index.php(57): CodeIgniter\CodeIgniter->run()
CRITICAL - 2024-12-03 21:54:05 --> Undefined property: stdClass::$bill_num
in APPPATH/Helpers/global_helper.php on line 505.
 1 APPPATH/Helpers/global_helper.php(505): CodeIgniter\Debug\Exceptions->errorHandler()
 2 APPPATH/Controllers/Malipo.php(399): doProcessGlobalTransaction()
 3 SYSTEMPATH/CodeIgniter.php(896): App\Controllers\Malipo->nmbrecon()
 4 SYSTEMPATH/CodeIgniter.php(466): CodeIgniter\CodeIgniter->runController()
 5 SYSTEMPATH/CodeIgniter.php(349): CodeIgniter\CodeIgniter->handleRequest()
 6 FCPATH/index.php(57): CodeIgniter\CodeIgniter->run()
CRITICAL - 2024-12-03 21:56:05 --> Undefined property: stdClass::$bill_num
in APPPATH/Helpers/global_helper.php on line 505.
 1 APPPATH/Helpers/global_helper.php(505): CodeIgniter\Debug\Exceptions->errorHandler()
 2 APPPATH/Controllers/Malipo.php(399): doProcessGlobalTransaction()
 3 SYSTEMPATH/CodeIgniter.php(896): App\Controllers\Malipo->nmbrecon()
 4 SYSTEMPATH/CodeIgniter.php(466): CodeIgniter\CodeIgniter->runController()
 5 SYSTEMPATH/CodeIgniter.php(349): CodeIgniter\CodeIgniter->handleRequest()
 6 FCPATH/index.php(57): CodeIgniter\CodeIgniter->run()
CRITICAL - 2024-12-03 21:58:05 --> Undefined property: stdClass::$bill_num
in APPPATH/Helpers/global_helper.php on line 505.
 1 APPPATH/Helpers/global_helper.php(505): CodeIgniter\Debug\Exceptions->errorHandler()
 2 APPPATH/Controllers/Malipo.php(399): doProcessGlobalTransaction()
 3 SYSTEMPATH/CodeIgniter.php(896): App\Controllers\Malipo->nmbrecon()
 4 SYSTEMPATH/CodeIgniter.php(466): CodeIgniter\CodeIgniter->runController()
 5 SYSTEMPATH/CodeIgniter.php(349): CodeIgniter\CodeIgniter->handleRequest()
 6 FCPATH/index.php(57): CodeIgniter\CodeIgniter->run()
CRITICAL - 2024-12-03 22:00:05 --> Undefined property: stdClass::$bill_num
in APPPATH/Helpers/global_helper.php on line 505.
 1 APPPATH/Helpers/global_helper.php(505): CodeIgniter\Debug\Exceptions->errorHandler()
 2 APPPATH/Controllers/Malipo.php(399): doProcessGlobalTransaction()
 3 SYSTEMPATH/CodeIgniter.php(896): App\Controllers\Malipo->nmbrecon()
 4 SYSTEMPATH/CodeIgniter.php(466): CodeIgniter\CodeIgniter->runController()
 5 SYSTEMPATH/CodeIgniter.php(349): CodeIgniter\CodeIgniter->handleRequest()
 6 FCPATH/index.php(57): CodeIgniter\CodeIgniter->run()
CRITICAL - 2024-12-03 22:02:04 --> Undefined property: stdClass::$bill_num
in APPPATH/Helpers/global_helper.php on line 505.
 1 APPPATH/Helpers/global_helper.php(505): CodeIgniter\Debug\Exceptions->errorHandler()
 2 APPPATH/Controllers/Malipo.php(399): doProcessGlobalTransaction()
 3 SYSTEMPATH/CodeIgniter.php(896): App\Controllers\Malipo->nmbrecon()
 4 SYSTEMPATH/CodeIgniter.php(466): CodeIgniter\CodeIgniter->runController()
 5 SYSTEMPATH/CodeIgniter.php(349): CodeIgniter\CodeIgniter->handleRequest()
 6 FCPATH/index.php(57): CodeIgniter\CodeIgniter->run()
CRITICAL - 2024-12-03 22:04:05 --> Undefined property: stdClass::$bill_num
in APPPATH/Helpers/global_helper.php on line 505.
 1 APPPATH/Helpers/global_helper.php(505): CodeIgniter\Debug\Exceptions->errorHandler()
 2 APPPATH/Controllers/Malipo.php(399): doProcessGlobalTransaction()
 3 SYSTEMPATH/CodeIgniter.php(896): App\Controllers\Malipo->nmbrecon()
 4 SYSTEMPATH/CodeIgniter.php(466): CodeIgniter\CodeIgniter->runController()
 5 SYSTEMPATH/CodeIgniter.php(349): CodeIgniter\CodeIgniter->handleRequest()
 6 FCPATH/index.php(57): CodeIgniter\CodeIgniter->run()
CRITICAL - 2024-12-03 22:06:04 --> Undefined property: stdClass::$bill_num
in APPPATH/Helpers/global_helper.php on line 505.
 1 APPPATH/Helpers/global_helper.php(505): CodeIgniter\Debug\Exceptions->errorHandler()
 2 APPPATH/Controllers/Malipo.php(399): doProcessGlobalTransaction()
 3 SYSTEMPATH/CodeIgniter.php(896): App\Controllers\Malipo->nmbrecon()
 4 SYSTEMPATH/CodeIgniter.php(466): CodeIgniter\CodeIgniter->runController()
 5 SYSTEMPATH/CodeIgniter.php(349): CodeIgniter\CodeIgniter->handleRequest()
 6 FCPATH/index.php(57): CodeIgniter\CodeIgniter->run()
CRITICAL - 2024-12-03 22:08:05 --> Undefined property: stdClass::$bill_num
in APPPATH/Helpers/global_helper.php on line 505.
 1 APPPATH/Helpers/global_helper.php(505): CodeIgniter\Debug\Exceptions->errorHandler()
 2 APPPATH/Controllers/Malipo.php(399): doProcessGlobalTransaction()
 3 SYSTEMPATH/CodeIgniter.php(896): App\Controllers\Malipo->nmbrecon()
 4 SYSTEMPATH/CodeIgniter.php(466): CodeIgniter\CodeIgniter->runController()
 5 SYSTEMPATH/CodeIgniter.php(349): CodeIgniter\CodeIgniter->handleRequest()
 6 FCPATH/index.php(57): CodeIgniter\CodeIgniter->run()
CRITICAL - 2024-12-03 22:10:05 --> Undefined property: stdClass::$bill_num
in APPPATH/Helpers/global_helper.php on line 505.
 1 APPPATH/Helpers/global_helper.php(505): CodeIgniter\Debug\Exceptions->errorHandler()
 2 APPPATH/Controllers/Malipo.php(399): doProcessGlobalTransaction()
 3 SYSTEMPATH/CodeIgniter.php(896): App\Controllers\Malipo->nmbrecon()
 4 SYSTEMPATH/CodeIgniter.php(466): CodeIgniter\CodeIgniter->runController()
 5 SYSTEMPATH/CodeIgniter.php(349): CodeIgniter\CodeIgniter->handleRequest()
 6 FCPATH/index.php(57): CodeIgniter\CodeIgniter->run()
CRITICAL - 2024-12-03 22:12:05 --> Undefined property: stdClass::$bill_num
in APPPATH/Helpers/global_helper.php on line 505.
 1 APPPATH/Helpers/global_helper.php(505): CodeIgniter\Debug\Exceptions->errorHandler()
 2 APPPATH/Controllers/Malipo.php(399): doProcessGlobalTransaction()
 3 SYSTEMPATH/CodeIgniter.php(896): App\Controllers\Malipo->nmbrecon()
 4 SYSTEMPATH/CodeIgniter.php(466): CodeIgniter\CodeIgniter->runController()
 5 SYSTEMPATH/CodeIgniter.php(349): CodeIgniter\CodeIgniter->handleRequest()
 6 FCPATH/index.php(57): CodeIgniter\CodeIgniter->run()
CRITICAL - 2024-12-03 22:14:04 --> Undefined property: stdClass::$bill_num
in APPPATH/Helpers/global_helper.php on line 505.
 1 APPPATH/Helpers/global_helper.php(505): CodeIgniter\Debug\Exceptions->errorHandler()
 2 APPPATH/Controllers/Malipo.php(399): doProcessGlobalTransaction()
 3 SYSTEMPATH/CodeIgniter.php(896): App\Controllers\Malipo->nmbrecon()
 4 SYSTEMPATH/CodeIgniter.php(466): CodeIgniter\CodeIgniter->runController()
 5 SYSTEMPATH/CodeIgniter.php(349): CodeIgniter\CodeIgniter->handleRequest()
 6 FCPATH/index.php(57): CodeIgniter\CodeIgniter->run()
CRITICAL - 2024-12-03 22:16:04 --> Undefined property: stdClass::$bill_num
in APPPATH/Helpers/global_helper.php on line 505.
 1 APPPATH/Helpers/global_helper.php(505): CodeIgniter\Debug\Exceptions->errorHandler()
 2 APPPATH/Controllers/Malipo.php(399): doProcessGlobalTransaction()
 3 SYSTEMPATH/CodeIgniter.php(896): App\Controllers\Malipo->nmbrecon()
 4 SYSTEMPATH/CodeIgniter.php(466): CodeIgniter\CodeIgniter->runController()
 5 SYSTEMPATH/CodeIgniter.php(349): CodeIgniter\CodeIgniter->handleRequest()
 6 FCPATH/index.php(57): CodeIgniter\CodeIgniter->run()
CRITICAL - 2024-12-03 22:18:05 --> Undefined property: stdClass::$bill_num
in APPPATH/Helpers/global_helper.php on line 505.
 1 APPPATH/Helpers/global_helper.php(505): CodeIgniter\Debug\Exceptions->errorHandler()
 2 APPPATH/Controllers/Malipo.php(399): doProcessGlobalTransaction()
 3 SYSTEMPATH/CodeIgniter.php(896): App\Controllers\Malipo->nmbrecon()
 4 SYSTEMPATH/CodeIgniter.php(466): CodeIgniter\CodeIgniter->runController()
 5 SYSTEMPATH/CodeIgniter.php(349): CodeIgniter\CodeIgniter->handleRequest()
 6 FCPATH/index.php(57): CodeIgniter\CodeIgniter->run()
CRITICAL - 2024-12-03 22:20:05 --> Undefined property: stdClass::$bill_num
in APPPATH/Helpers/global_helper.php on line 505.
 1 APPPATH/Helpers/global_helper.php(505): CodeIgniter\Debug\Exceptions->errorHandler()
 2 APPPATH/Controllers/Malipo.php(399): doProcessGlobalTransaction()
 3 SYSTEMPATH/CodeIgniter.php(896): App\Controllers\Malipo->nmbrecon()
 4 SYSTEMPATH/CodeIgniter.php(466): CodeIgniter\CodeIgniter->runController()
 5 SYSTEMPATH/CodeIgniter.php(349): CodeIgniter\CodeIgniter->handleRequest()
 6 FCPATH/index.php(57): CodeIgniter\CodeIgniter->run()
CRITICAL - 2024-12-03 22:22:05 --> Undefined property: stdClass::$bill_num
in APPPATH/Helpers/global_helper.php on line 505.
 1 APPPATH/Helpers/global_helper.php(505): CodeIgniter\Debug\Exceptions->errorHandler()
 2 APPPATH/Controllers/Malipo.php(399): doProcessGlobalTransaction()
 3 SYSTEMPATH/CodeIgniter.php(896): App\Controllers\Malipo->nmbrecon()
 4 SYSTEMPATH/CodeIgniter.php(466): CodeIgniter\CodeIgniter->runController()
 5 SYSTEMPATH/CodeIgniter.php(349): CodeIgniter\CodeIgniter->handleRequest()
 6 FCPATH/index.php(57): CodeIgniter\CodeIgniter->run()
CRITICAL - 2024-12-03 22:24:06 --> Undefined property: stdClass::$bill_num
in APPPATH/Helpers/global_helper.php on line 505.
 1 APPPATH/Helpers/global_helper.php(505): CodeIgniter\Debug\Exceptions->errorHandler()
 2 APPPATH/Controllers/Malipo.php(399): doProcessGlobalTransaction()
 3 SYSTEMPATH/CodeIgniter.php(896): App\Controllers\Malipo->nmbrecon()
 4 SYSTEMPATH/CodeIgniter.php(466): CodeIgniter\CodeIgniter->runController()
 5 SYSTEMPATH/CodeIgniter.php(349): CodeIgniter\CodeIgniter->handleRequest()
 6 FCPATH/index.php(57): CodeIgniter\CodeIgniter->run()
CRITICAL - 2024-12-03 22:26:05 --> Undefined property: stdClass::$bill_num
in APPPATH/Helpers/global_helper.php on line 505.
 1 APPPATH/Helpers/global_helper.php(505): CodeIgniter\Debug\Exceptions->errorHandler()
 2 APPPATH/Controllers/Malipo.php(399): doProcessGlobalTransaction()
 3 SYSTEMPATH/CodeIgniter.php(896): App\Controllers\Malipo->nmbrecon()
 4 SYSTEMPATH/CodeIgniter.php(466): CodeIgniter\CodeIgniter->runController()
 5 SYSTEMPATH/CodeIgniter.php(349): CodeIgniter\CodeIgniter->handleRequest()
 6 FCPATH/index.php(57): CodeIgniter\CodeIgniter->run()
CRITICAL - 2024-12-03 22:28:05 --> Undefined property: stdClass::$bill_num
in APPPATH/Helpers/global_helper.php on line 505.
 1 APPPATH/Helpers/global_helper.php(505): CodeIgniter\Debug\Exceptions->errorHandler()
 2 APPPATH/Controllers/Malipo.php(399): doProcessGlobalTransaction()
 3 SYSTEMPATH/CodeIgniter.php(896): App\Controllers\Malipo->nmbrecon()
 4 SYSTEMPATH/CodeIgniter.php(466): CodeIgniter\CodeIgniter->runController()
 5 SYSTEMPATH/CodeIgniter.php(349): CodeIgniter\CodeIgniter->handleRequest()
 6 FCPATH/index.php(57): CodeIgniter\CodeIgniter->run()
CRITICAL - 2024-12-03 22:30:05 --> Undefined property: stdClass::$bill_num
in APPPATH/Helpers/global_helper.php on line 505.
 1 APPPATH/Helpers/global_helper.php(505): CodeIgniter\Debug\Exceptions->errorHandler()
 2 APPPATH/Controllers/Malipo.php(399): doProcessGlobalTransaction()
 3 SYSTEMPATH/CodeIgniter.php(896): App\Controllers\Malipo->nmbrecon()
 4 SYSTEMPATH/CodeIgniter.php(466): CodeIgniter\CodeIgniter->runController()
 5 SYSTEMPATH/CodeIgniter.php(349): CodeIgniter\CodeIgniter->handleRequest()
 6 FCPATH/index.php(57): CodeIgniter\CodeIgniter->run()
CRITICAL - 2024-12-03 22:32:05 --> Undefined property: stdClass::$bill_num
in APPPATH/Helpers/global_helper.php on line 505.
 1 APPPATH/Helpers/global_helper.php(505): CodeIgniter\Debug\Exceptions->errorHandler()
 2 APPPATH/Controllers/Malipo.php(399): doProcessGlobalTransaction()
 3 SYSTEMPATH/CodeIgniter.php(896): App\Controllers\Malipo->nmbrecon()
 4 SYSTEMPATH/CodeIgniter.php(466): CodeIgniter\CodeIgniter->runController()
 5 SYSTEMPATH/CodeIgniter.php(349): CodeIgniter\CodeIgniter->handleRequest()
 6 FCPATH/index.php(57): CodeIgniter\CodeIgniter->run()
CRITICAL - 2024-12-03 22:34:05 --> Undefined property: stdClass::$bill_num
in APPPATH/Helpers/global_helper.php on line 505.
 1 APPPATH/Helpers/global_helper.php(505): CodeIgniter\Debug\Exceptions->errorHandler()
 2 APPPATH/Controllers/Malipo.php(399): doProcessGlobalTransaction()
 3 SYSTEMPATH/CodeIgniter.php(896): App\Controllers\Malipo->nmbrecon()
 4 SYSTEMPATH/CodeIgniter.php(466): CodeIgniter\CodeIgniter->runController()
 5 SYSTEMPATH/CodeIgniter.php(349): CodeIgniter\CodeIgniter->handleRequest()
 6 FCPATH/index.php(57): CodeIgniter\CodeIgniter->run()
CRITICAL - 2024-12-03 22:36:05 --> Undefined property: stdClass::$bill_num
in APPPATH/Helpers/global_helper.php on line 505.
 1 APPPATH/Helpers/global_helper.php(505): CodeIgniter\Debug\Exceptions->errorHandler()
 2 APPPATH/Controllers/Malipo.php(399): doProcessGlobalTransaction()
 3 SYSTEMPATH/CodeIgniter.php(896): App\Controllers\Malipo->nmbrecon()
 4 SYSTEMPATH/CodeIgniter.php(466): CodeIgniter\CodeIgniter->runController()
 5 SYSTEMPATH/CodeIgniter.php(349): CodeIgniter\CodeIgniter->handleRequest()
 6 FCPATH/index.php(57): CodeIgniter\CodeIgniter->run()
CRITICAL - 2024-12-03 22:38:05 --> Undefined property: stdClass::$bill_num
in APPPATH/Helpers/global_helper.php on line 505.
 1 APPPATH/Helpers/global_helper.php(505): CodeIgniter\Debug\Exceptions->errorHandler()
 2 APPPATH/Controllers/Malipo.php(399): doProcessGlobalTransaction()
 3 SYSTEMPATH/CodeIgniter.php(896): App\Controllers\Malipo->nmbrecon()
 4 SYSTEMPATH/CodeIgniter.php(466): CodeIgniter\CodeIgniter->runController()
 5 SYSTEMPATH/CodeIgniter.php(349): CodeIgniter\CodeIgniter->handleRequest()
 6 FCPATH/index.php(57): CodeIgniter\CodeIgniter->run()
CRITICAL - 2024-12-03 22:40:05 --> Undefined property: stdClass::$bill_num
in APPPATH/Helpers/global_helper.php on line 505.
 1 APPPATH/Helpers/global_helper.php(505): CodeIgniter\Debug\Exceptions->errorHandler()
 2 APPPATH/Controllers/Malipo.php(399): doProcessGlobalTransaction()
 3 SYSTEMPATH/CodeIgniter.php(896): App\Controllers\Malipo->nmbrecon()
 4 SYSTEMPATH/CodeIgniter.php(466): CodeIgniter\CodeIgniter->runController()
 5 SYSTEMPATH/CodeIgniter.php(349): CodeIgniter\CodeIgniter->handleRequest()
 6 FCPATH/index.php(57): CodeIgniter\CodeIgniter->run()
CRITICAL - 2024-12-03 22:42:05 --> Undefined property: stdClass::$bill_num
in APPPATH/Helpers/global_helper.php on line 505.
 1 APPPATH/Helpers/global_helper.php(505): CodeIgniter\Debug\Exceptions->errorHandler()
 2 APPPATH/Controllers/Malipo.php(399): doProcessGlobalTransaction()
 3 SYSTEMPATH/CodeIgniter.php(896): App\Controllers\Malipo->nmbrecon()
 4 SYSTEMPATH/CodeIgniter.php(466): CodeIgniter\CodeIgniter->runController()
 5 SYSTEMPATH/CodeIgniter.php(349): CodeIgniter\CodeIgniter->handleRequest()
 6 FCPATH/index.php(57): CodeIgniter\CodeIgniter->run()
CRITICAL - 2024-12-03 22:44:05 --> Undefined property: stdClass::$bill_num
in APPPATH/Helpers/global_helper.php on line 505.
 1 APPPATH/Helpers/global_helper.php(505): CodeIgniter\Debug\Exceptions->errorHandler()
 2 APPPATH/Controllers/Malipo.php(399): doProcessGlobalTransaction()
 3 SYSTEMPATH/CodeIgniter.php(896): App\Controllers\Malipo->nmbrecon()
 4 SYSTEMPATH/CodeIgniter.php(466): CodeIgniter\CodeIgniter->runController()
 5 SYSTEMPATH/CodeIgniter.php(349): CodeIgniter\CodeIgniter->handleRequest()
 6 FCPATH/index.php(57): CodeIgniter\CodeIgniter->run()
CRITICAL - 2024-12-03 22:46:05 --> Undefined property: stdClass::$bill_num
in APPPATH/Helpers/global_helper.php on line 505.
 1 APPPATH/Helpers/global_helper.php(505): CodeIgniter\Debug\Exceptions->errorHandler()
 2 APPPATH/Controllers/Malipo.php(399): doProcessGlobalTransaction()
 3 SYSTEMPATH/CodeIgniter.php(896): App\Controllers\Malipo->nmbrecon()
 4 SYSTEMPATH/CodeIgniter.php(466): CodeIgniter\CodeIgniter->runController()
 5 SYSTEMPATH/CodeIgniter.php(349): CodeIgniter\CodeIgniter->handleRequest()
 6 FCPATH/index.php(57): CodeIgniter\CodeIgniter->run()
CRITICAL - 2024-12-03 22:48:05 --> Undefined property: stdClass::$bill_num
in APPPATH/Helpers/global_helper.php on line 505.
 1 APPPATH/Helpers/global_helper.php(505): CodeIgniter\Debug\Exceptions->errorHandler()
 2 APPPATH/Controllers/Malipo.php(399): doProcessGlobalTransaction()
 3 SYSTEMPATH/CodeIgniter.php(896): App\Controllers\Malipo->nmbrecon()
 4 SYSTEMPATH/CodeIgniter.php(466): CodeIgniter\CodeIgniter->runController()
 5 SYSTEMPATH/CodeIgniter.php(349): CodeIgniter\CodeIgniter->handleRequest()
 6 FCPATH/index.php(57): CodeIgniter\CodeIgniter->run()
CRITICAL - 2024-12-03 22:50:04 --> Undefined property: stdClass::$bill_num
in APPPATH/Helpers/global_helper.php on line 505.
 1 APPPATH/Helpers/global_helper.php(505): CodeIgniter\Debug\Exceptions->errorHandler()
 2 APPPATH/Controllers/Malipo.php(399): doProcessGlobalTransaction()
 3 SYSTEMPATH/CodeIgniter.php(896): App\Controllers\Malipo->nmbrecon()
 4 SYSTEMPATH/CodeIgniter.php(466): CodeIgniter\CodeIgniter->runController()
 5 SYSTEMPATH/CodeIgniter.php(349): CodeIgniter\CodeIgniter->handleRequest()
 6 FCPATH/index.php(57): CodeIgniter\CodeIgniter->run()
CRITICAL - 2024-12-03 22:52:04 --> Undefined property: stdClass::$bill_num
in APPPATH/Helpers/global_helper.php on line 505.
 1 APPPATH/Helpers/global_helper.php(505): CodeIgniter\Debug\Exceptions->errorHandler()
 2 APPPATH/Controllers/Malipo.php(399): doProcessGlobalTransaction()
 3 SYSTEMPATH/CodeIgniter.php(896): App\Controllers\Malipo->nmbrecon()
 4 SYSTEMPATH/CodeIgniter.php(466): CodeIgniter\CodeIgniter->runController()
 5 SYSTEMPATH/CodeIgniter.php(349): CodeIgniter\CodeIgniter->handleRequest()
 6 FCPATH/index.php(57): CodeIgniter\CodeIgniter->run()
CRITICAL - 2024-12-03 22:54:05 --> Undefined property: stdClass::$bill_num
in APPPATH/Helpers/global_helper.php on line 505.
 1 APPPATH/Helpers/global_helper.php(505): CodeIgniter\Debug\Exceptions->errorHandler()
 2 APPPATH/Controllers/Malipo.php(399): doProcessGlobalTransaction()
 3 SYSTEMPATH/CodeIgniter.php(896): App\Controllers\Malipo->nmbrecon()
 4 SYSTEMPATH/CodeIgniter.php(466): CodeIgniter\CodeIgniter->runController()
 5 SYSTEMPATH/CodeIgniter.php(349): CodeIgniter\CodeIgniter->handleRequest()
 6 FCPATH/index.php(57): CodeIgniter\CodeIgniter->run()
CRITICAL - 2024-12-03 22:56:05 --> Undefined property: stdClass::$bill_num
in APPPATH/Helpers/global_helper.php on line 505.
 1 APPPATH/Helpers/global_helper.php(505): CodeIgniter\Debug\Exceptions->errorHandler()
 2 APPPATH/Controllers/Malipo.php(399): doProcessGlobalTransaction()
 3 SYSTEMPATH/CodeIgniter.php(896): App\Controllers\Malipo->nmbrecon()
 4 SYSTEMPATH/CodeIgniter.php(466): CodeIgniter\CodeIgniter->runController()
 5 SYSTEMPATH/CodeIgniter.php(349): CodeIgniter\CodeIgniter->handleRequest()
 6 FCPATH/index.php(57): CodeIgniter\CodeIgniter->run()
CRITICAL - 2024-12-03 22:58:05 --> Undefined property: stdClass::$bill_num
in APPPATH/Helpers/global_helper.php on line 505.
 1 APPPATH/Helpers/global_helper.php(505): CodeIgniter\Debug\Exceptions->errorHandler()
 2 APPPATH/Controllers/Malipo.php(399): doProcessGlobalTransaction()
 3 SYSTEMPATH/CodeIgniter.php(896): App\Controllers\Malipo->nmbrecon()
 4 SYSTEMPATH/CodeIgniter.php(466): CodeIgniter\CodeIgniter->runController()
 5 SYSTEMPATH/CodeIgniter.php(349): CodeIgniter\CodeIgniter->handleRequest()
 6 FCPATH/index.php(57): CodeIgniter\CodeIgniter->run()
CRITICAL - 2024-12-03 23:00:05 --> Undefined property: stdClass::$bill_num
in APPPATH/Helpers/global_helper.php on line 505.
 1 APPPATH/Helpers/global_helper.php(505): CodeIgniter\Debug\Exceptions->errorHandler()
 2 APPPATH/Controllers/Malipo.php(399): doProcessGlobalTransaction()
 3 SYSTEMPATH/CodeIgniter.php(896): App\Controllers\Malipo->nmbrecon()
 4 SYSTEMPATH/CodeIgniter.php(466): CodeIgniter\CodeIgniter->runController()
 5 SYSTEMPATH/CodeIgniter.php(349): CodeIgniter\CodeIgniter->handleRequest()
 6 FCPATH/index.php(57): CodeIgniter\CodeIgniter->run()
CRITICAL - 2024-12-03 23:02:05 --> Undefined property: stdClass::$bill_num
in APPPATH/Helpers/global_helper.php on line 505.
 1 APPPATH/Helpers/global_helper.php(505): CodeIgniter\Debug\Exceptions->errorHandler()
 2 APPPATH/Controllers/Malipo.php(399): doProcessGlobalTransaction()
 3 SYSTEMPATH/CodeIgniter.php(896): App\Controllers\Malipo->nmbrecon()
 4 SYSTEMPATH/CodeIgniter.php(466): CodeIgniter\CodeIgniter->runController()
 5 SYSTEMPATH/CodeIgniter.php(349): CodeIgniter\CodeIgniter->handleRequest()
 6 FCPATH/index.php(57): CodeIgniter\CodeIgniter->run()
CRITICAL - 2024-12-03 23:04:05 --> Undefined property: stdClass::$bill_num
in APPPATH/Helpers/global_helper.php on line 505.
 1 APPPATH/Helpers/global_helper.php(505): CodeIgniter\Debug\Exceptions->errorHandler()
 2 APPPATH/Controllers/Malipo.php(399): doProcessGlobalTransaction()
 3 SYSTEMPATH/CodeIgniter.php(896): App\Controllers\Malipo->nmbrecon()
 4 SYSTEMPATH/CodeIgniter.php(466): CodeIgniter\CodeIgniter->runController()
 5 SYSTEMPATH/CodeIgniter.php(349): CodeIgniter\CodeIgniter->handleRequest()
 6 FCPATH/index.php(57): CodeIgniter\CodeIgniter->run()
CRITICAL - 2024-12-03 23:06:05 --> Undefined property: stdClass::$bill_num
in APPPATH/Helpers/global_helper.php on line 505.
 1 APPPATH/Helpers/global_helper.php(505): CodeIgniter\Debug\Exceptions->errorHandler()
 2 APPPATH/Controllers/Malipo.php(399): doProcessGlobalTransaction()
 3 SYSTEMPATH/CodeIgniter.php(896): App\Controllers\Malipo->nmbrecon()
 4 SYSTEMPATH/CodeIgniter.php(466): CodeIgniter\CodeIgniter->runController()
 5 SYSTEMPATH/CodeIgniter.php(349): CodeIgniter\CodeIgniter->handleRequest()
 6 FCPATH/index.php(57): CodeIgniter\CodeIgniter->run()
CRITICAL - 2024-12-03 23:08:05 --> Undefined property: stdClass::$bill_num
in APPPATH/Helpers/global_helper.php on line 505.
 1 APPPATH/Helpers/global_helper.php(505): CodeIgniter\Debug\Exceptions->errorHandler()
 2 APPPATH/Controllers/Malipo.php(399): doProcessGlobalTransaction()
 3 SYSTEMPATH/CodeIgniter.php(896): App\Controllers\Malipo->nmbrecon()
 4 SYSTEMPATH/CodeIgniter.php(466): CodeIgniter\CodeIgniter->runController()
 5 SYSTEMPATH/CodeIgniter.php(349): CodeIgniter\CodeIgniter->handleRequest()
 6 FCPATH/index.php(57): CodeIgniter\CodeIgniter->run()
CRITICAL - 2024-12-03 23:10:05 --> Undefined property: stdClass::$bill_num
in APPPATH/Helpers/global_helper.php on line 505.
 1 APPPATH/Helpers/global_helper.php(505): CodeIgniter\Debug\Exceptions->errorHandler()
 2 APPPATH/Controllers/Malipo.php(399): doProcessGlobalTransaction()
 3 SYSTEMPATH/CodeIgniter.php(896): App\Controllers\Malipo->nmbrecon()
 4 SYSTEMPATH/CodeIgniter.php(466): CodeIgniter\CodeIgniter->runController()
 5 SYSTEMPATH/CodeIgniter.php(349): CodeIgniter\CodeIgniter->handleRequest()
 6 FCPATH/index.php(57): CodeIgniter\CodeIgniter->run()
CRITICAL - 2024-12-03 23:12:06 --> Undefined property: stdClass::$bill_num
in APPPATH/Helpers/global_helper.php on line 505.
 1 APPPATH/Helpers/global_helper.php(505): CodeIgniter\Debug\Exceptions->errorHandler()
 2 APPPATH/Controllers/Malipo.php(399): doProcessGlobalTransaction()
 3 SYSTEMPATH/CodeIgniter.php(896): App\Controllers\Malipo->nmbrecon()
 4 SYSTEMPATH/CodeIgniter.php(466): CodeIgniter\CodeIgniter->runController()
 5 SYSTEMPATH/CodeIgniter.php(349): CodeIgniter\CodeIgniter->handleRequest()
 6 FCPATH/index.php(57): CodeIgniter\CodeIgniter->run()
CRITICAL - 2024-12-03 23:14:05 --> Undefined property: stdClass::$bill_num
in APPPATH/Helpers/global_helper.php on line 505.
 1 APPPATH/Helpers/global_helper.php(505): CodeIgniter\Debug\Exceptions->errorHandler()
 2 APPPATH/Controllers/Malipo.php(399): doProcessGlobalTransaction()
 3 SYSTEMPATH/CodeIgniter.php(896): App\Controllers\Malipo->nmbrecon()
 4 SYSTEMPATH/CodeIgniter.php(466): CodeIgniter\CodeIgniter->runController()
 5 SYSTEMPATH/CodeIgniter.php(349): CodeIgniter\CodeIgniter->handleRequest()
 6 FCPATH/index.php(57): CodeIgniter\CodeIgniter->run()
CRITICAL - 2024-12-03 23:16:05 --> Undefined property: stdClass::$bill_num
in APPPATH/Helpers/global_helper.php on line 505.
 1 APPPATH/Helpers/global_helper.php(505): CodeIgniter\Debug\Exceptions->errorHandler()
 2 APPPATH/Controllers/Malipo.php(399): doProcessGlobalTransaction()
 3 SYSTEMPATH/CodeIgniter.php(896): App\Controllers\Malipo->nmbrecon()
 4 SYSTEMPATH/CodeIgniter.php(466): CodeIgniter\CodeIgniter->runController()
 5 SYSTEMPATH/CodeIgniter.php(349): CodeIgniter\CodeIgniter->handleRequest()
 6 FCPATH/index.php(57): CodeIgniter\CodeIgniter->run()
CRITICAL - 2024-12-03 23:18:05 --> Undefined property: stdClass::$bill_num
in APPPATH/Helpers/global_helper.php on line 505.
 1 APPPATH/Helpers/global_helper.php(505): CodeIgniter\Debug\Exceptions->errorHandler()
 2 APPPATH/Controllers/Malipo.php(399): doProcessGlobalTransaction()
 3 SYSTEMPATH/CodeIgniter.php(896): App\Controllers\Malipo->nmbrecon()
 4 SYSTEMPATH/CodeIgniter.php(466): CodeIgniter\CodeIgniter->runController()
 5 SYSTEMPATH/CodeIgniter.php(349): CodeIgniter\CodeIgniter->handleRequest()
 6 FCPATH/index.php(57): CodeIgniter\CodeIgniter->run()
CRITICAL - 2024-12-03 23:20:06 --> Undefined property: stdClass::$bill_num
in APPPATH/Helpers/global_helper.php on line 505.
 1 APPPATH/Helpers/global_helper.php(505): CodeIgniter\Debug\Exceptions->errorHandler()
 2 APPPATH/Controllers/Malipo.php(399): doProcessGlobalTransaction()
 3 SYSTEMPATH/CodeIgniter.php(896): App\Controllers\Malipo->nmbrecon()
 4 SYSTEMPATH/CodeIgniter.php(466): CodeIgniter\CodeIgniter->runController()
 5 SYSTEMPATH/CodeIgniter.php(349): CodeIgniter\CodeIgniter->handleRequest()
 6 FCPATH/index.php(57): CodeIgniter\CodeIgniter->run()
CRITICAL - 2024-12-03 23:22:05 --> Undefined property: stdClass::$bill_num
in APPPATH/Helpers/global_helper.php on line 505.
 1 APPPATH/Helpers/global_helper.php(505): CodeIgniter\Debug\Exceptions->errorHandler()
 2 APPPATH/Controllers/Malipo.php(399): doProcessGlobalTransaction()
 3 SYSTEMPATH/CodeIgniter.php(896): App\Controllers\Malipo->nmbrecon()
 4 SYSTEMPATH/CodeIgniter.php(466): CodeIgniter\CodeIgniter->runController()
 5 SYSTEMPATH/CodeIgniter.php(349): CodeIgniter\CodeIgniter->handleRequest()
 6 FCPATH/index.php(57): CodeIgniter\CodeIgniter->run()
CRITICAL - 2024-12-03 23:24:05 --> Undefined property: stdClass::$bill_num
in APPPATH/Helpers/global_helper.php on line 505.
 1 APPPATH/Helpers/global_helper.php(505): CodeIgniter\Debug\Exceptions->errorHandler()
 2 APPPATH/Controllers/Malipo.php(399): doProcessGlobalTransaction()
 3 SYSTEMPATH/CodeIgniter.php(896): App\Controllers\Malipo->nmbrecon()
 4 SYSTEMPATH/CodeIgniter.php(466): CodeIgniter\CodeIgniter->runController()
 5 SYSTEMPATH/CodeIgniter.php(349): CodeIgniter\CodeIgniter->handleRequest()
 6 FCPATH/index.php(57): CodeIgniter\CodeIgniter->run()
CRITICAL - 2024-12-03 23:26:04 --> Undefined property: stdClass::$bill_num
in APPPATH/Helpers/global_helper.php on line 505.
 1 APPPATH/Helpers/global_helper.php(505): CodeIgniter\Debug\Exceptions->errorHandler()
 2 APPPATH/Controllers/Malipo.php(399): doProcessGlobalTransaction()
 3 SYSTEMPATH/CodeIgniter.php(896): App\Controllers\Malipo->nmbrecon()
 4 SYSTEMPATH/CodeIgniter.php(466): CodeIgniter\CodeIgniter->runController()
 5 SYSTEMPATH/CodeIgniter.php(349): CodeIgniter\CodeIgniter->handleRequest()
 6 FCPATH/index.php(57): CodeIgniter\CodeIgniter->run()
CRITICAL - 2024-12-03 23:28:04 --> Undefined property: stdClass::$bill_num
in APPPATH/Helpers/global_helper.php on line 505.
 1 APPPATH/Helpers/global_helper.php(505): CodeIgniter\Debug\Exceptions->errorHandler()
 2 APPPATH/Controllers/Malipo.php(399): doProcessGlobalTransaction()
 3 SYSTEMPATH/CodeIgniter.php(896): App\Controllers\Malipo->nmbrecon()
 4 SYSTEMPATH/CodeIgniter.php(466): CodeIgniter\CodeIgniter->runController()
 5 SYSTEMPATH/CodeIgniter.php(349): CodeIgniter\CodeIgniter->handleRequest()
 6 FCPATH/index.php(57): CodeIgniter\CodeIgniter->run()
CRITICAL - 2024-12-03 23:30:05 --> Undefined property: stdClass::$bill_num
in APPPATH/Helpers/global_helper.php on line 505.
 1 APPPATH/Helpers/global_helper.php(505): CodeIgniter\Debug\Exceptions->errorHandler()
 2 APPPATH/Controllers/Malipo.php(399): doProcessGlobalTransaction()
 3 SYSTEMPATH/CodeIgniter.php(896): App\Controllers\Malipo->nmbrecon()
 4 SYSTEMPATH/CodeIgniter.php(466): CodeIgniter\CodeIgniter->runController()
 5 SYSTEMPATH/CodeIgniter.php(349): CodeIgniter\CodeIgniter->handleRequest()
 6 FCPATH/index.php(57): CodeIgniter\CodeIgniter->run()
CRITICAL - 2024-12-03 23:32:05 --> Undefined property: stdClass::$bill_num
in APPPATH/Helpers/global_helper.php on line 505.
 1 APPPATH/Helpers/global_helper.php(505): CodeIgniter\Debug\Exceptions->errorHandler()
 2 APPPATH/Controllers/Malipo.php(399): doProcessGlobalTransaction()
 3 SYSTEMPATH/CodeIgniter.php(896): App\Controllers\Malipo->nmbrecon()
 4 SYSTEMPATH/CodeIgniter.php(466): CodeIgniter\CodeIgniter->runController()
 5 SYSTEMPATH/CodeIgniter.php(349): CodeIgniter\CodeIgniter->handleRequest()
 6 FCPATH/index.php(57): CodeIgniter\CodeIgniter->run()
CRITICAL - 2024-12-03 23:34:05 --> Undefined property: stdClass::$bill_num
in APPPATH/Helpers/global_helper.php on line 505.
 1 APPPATH/Helpers/global_helper.php(505): CodeIgniter\Debug\Exceptions->errorHandler()
 2 APPPATH/Controllers/Malipo.php(399): doProcessGlobalTransaction()
 3 SYSTEMPATH/CodeIgniter.php(896): App\Controllers\Malipo->nmbrecon()
 4 SYSTEMPATH/CodeIgniter.php(466): CodeIgniter\CodeIgniter->runController()
 5 SYSTEMPATH/CodeIgniter.php(349): CodeIgniter\CodeIgniter->handleRequest()
 6 FCPATH/index.php(57): CodeIgniter\CodeIgniter->run()
CRITICAL - 2024-12-03 23:36:05 --> Undefined property: stdClass::$bill_num
in APPPATH/Helpers/global_helper.php on line 505.
 1 APPPATH/Helpers/global_helper.php(505): CodeIgniter\Debug\Exceptions->errorHandler()
 2 APPPATH/Controllers/Malipo.php(399): doProcessGlobalTransaction()
 3 SYSTEMPATH/CodeIgniter.php(896): App\Controllers\Malipo->nmbrecon()
 4 SYSTEMPATH/CodeIgniter.php(466): CodeIgniter\CodeIgniter->runController()
 5 SYSTEMPATH/CodeIgniter.php(349): CodeIgniter\CodeIgniter->handleRequest()
 6 FCPATH/index.php(57): CodeIgniter\CodeIgniter->run()
CRITICAL - 2024-12-03 23:38:04 --> Undefined property: stdClass::$bill_num
in APPPATH/Helpers/global_helper.php on line 505.
 1 APPPATH/Helpers/global_helper.php(505): CodeIgniter\Debug\Exceptions->errorHandler()
 2 APPPATH/Controllers/Malipo.php(399): doProcessGlobalTransaction()
 3 SYSTEMPATH/CodeIgniter.php(896): App\Controllers\Malipo->nmbrecon()
 4 SYSTEMPATH/CodeIgniter.php(466): CodeIgniter\CodeIgniter->runController()
 5 SYSTEMPATH/CodeIgniter.php(349): CodeIgniter\CodeIgniter->handleRequest()
 6 FCPATH/index.php(57): CodeIgniter\CodeIgniter->run()
CRITICAL - 2024-12-03 23:40:04 --> Undefined property: stdClass::$bill_num
in APPPATH/Helpers/global_helper.php on line 505.
 1 APPPATH/Helpers/global_helper.php(505): CodeIgniter\Debug\Exceptions->errorHandler()
 2 APPPATH/Controllers/Malipo.php(399): doProcessGlobalTransaction()
 3 SYSTEMPATH/CodeIgniter.php(896): App\Controllers\Malipo->nmbrecon()
 4 SYSTEMPATH/CodeIgniter.php(466): CodeIgniter\CodeIgniter->runController()
 5 SYSTEMPATH/CodeIgniter.php(349): CodeIgniter\CodeIgniter->handleRequest()
 6 FCPATH/index.php(57): CodeIgniter\CodeIgniter->run()
CRITICAL - 2024-12-03 23:42:04 --> Undefined property: stdClass::$bill_num
in APPPATH/Helpers/global_helper.php on line 505.
 1 APPPATH/Helpers/global_helper.php(505): CodeIgniter\Debug\Exceptions->errorHandler()
 2 APPPATH/Controllers/Malipo.php(399): doProcessGlobalTransaction()
 3 SYSTEMPATH/CodeIgniter.php(896): App\Controllers\Malipo->nmbrecon()
 4 SYSTEMPATH/CodeIgniter.php(466): CodeIgniter\CodeIgniter->runController()
 5 SYSTEMPATH/CodeIgniter.php(349): CodeIgniter\CodeIgniter->handleRequest()
 6 FCPATH/index.php(57): CodeIgniter\CodeIgniter->run()
CRITICAL - 2024-12-03 23:44:04 --> Undefined property: stdClass::$bill_num
in APPPATH/Helpers/global_helper.php on line 505.
 1 APPPATH/Helpers/global_helper.php(505): CodeIgniter\Debug\Exceptions->errorHandler()
 2 APPPATH/Controllers/Malipo.php(399): doProcessGlobalTransaction()
 3 SYSTEMPATH/CodeIgniter.php(896): App\Controllers\Malipo->nmbrecon()
 4 SYSTEMPATH/CodeIgniter.php(466): CodeIgniter\CodeIgniter->runController()
 5 SYSTEMPATH/CodeIgniter.php(349): CodeIgniter\CodeIgniter->handleRequest()
 6 FCPATH/index.php(57): CodeIgniter\CodeIgniter->run()
CRITICAL - 2024-12-03 23:46:05 --> Undefined property: stdClass::$bill_num
in APPPATH/Helpers/global_helper.php on line 505.
 1 APPPATH/Helpers/global_helper.php(505): CodeIgniter\Debug\Exceptions->errorHandler()
 2 APPPATH/Controllers/Malipo.php(399): doProcessGlobalTransaction()
 3 SYSTEMPATH/CodeIgniter.php(896): App\Controllers\Malipo->nmbrecon()
 4 SYSTEMPATH/CodeIgniter.php(466): CodeIgniter\CodeIgniter->runController()
 5 SYSTEMPATH/CodeIgniter.php(349): CodeIgniter\CodeIgniter->handleRequest()
 6 FCPATH/index.php(57): CodeIgniter\CodeIgniter->run()
CRITICAL - 2024-12-03 23:48:05 --> Undefined property: stdClass::$bill_num
in APPPATH/Helpers/global_helper.php on line 505.
 1 APPPATH/Helpers/global_helper.php(505): CodeIgniter\Debug\Exceptions->errorHandler()
 2 APPPATH/Controllers/Malipo.php(399): doProcessGlobalTransaction()
 3 SYSTEMPATH/CodeIgniter.php(896): App\Controllers\Malipo->nmbrecon()
 4 SYSTEMPATH/CodeIgniter.php(466): CodeIgniter\CodeIgniter->runController()
 5 SYSTEMPATH/CodeIgniter.php(349): CodeIgniter\CodeIgniter->handleRequest()
 6 FCPATH/index.php(57): CodeIgniter\CodeIgniter->run()
CRITICAL - 2024-12-03 23:50:04 --> Undefined property: stdClass::$bill_num
in APPPATH/Helpers/global_helper.php on line 505.
 1 APPPATH/Helpers/global_helper.php(505): CodeIgniter\Debug\Exceptions->errorHandler()
 2 APPPATH/Controllers/Malipo.php(399): doProcessGlobalTransaction()
 3 SYSTEMPATH/CodeIgniter.php(896): App\Controllers\Malipo->nmbrecon()
 4 SYSTEMPATH/CodeIgniter.php(466): CodeIgniter\CodeIgniter->runController()
 5 SYSTEMPATH/CodeIgniter.php(349): CodeIgniter\CodeIgniter->handleRequest()
 6 FCPATH/index.php(57): CodeIgniter\CodeIgniter->run()
CRITICAL - 2024-12-03 23:52:04 --> Undefined property: stdClass::$bill_num
in APPPATH/Helpers/global_helper.php on line 505.
 1 APPPATH/Helpers/global_helper.php(505): CodeIgniter\Debug\Exceptions->errorHandler()
 2 APPPATH/Controllers/Malipo.php(399): doProcessGlobalTransaction()
 3 SYSTEMPATH/CodeIgniter.php(896): App\Controllers\Malipo->nmbrecon()
 4 SYSTEMPATH/CodeIgniter.php(466): CodeIgniter\CodeIgniter->runController()
 5 SYSTEMPATH/CodeIgniter.php(349): CodeIgniter\CodeIgniter->handleRequest()
 6 FCPATH/index.php(57): CodeIgniter\CodeIgniter->run()
CRITICAL - 2024-12-03 23:54:04 --> Undefined property: stdClass::$bill_num
in APPPATH/Helpers/global_helper.php on line 505.
 1 APPPATH/Helpers/global_helper.php(505): CodeIgniter\Debug\Exceptions->errorHandler()
 2 APPPATH/Controllers/Malipo.php(399): doProcessGlobalTransaction()
 3 SYSTEMPATH/CodeIgniter.php(896): App\Controllers\Malipo->nmbrecon()
 4 SYSTEMPATH/CodeIgniter.php(466): CodeIgniter\CodeIgniter->runController()
 5 SYSTEMPATH/CodeIgniter.php(349): CodeIgniter\CodeIgniter->handleRequest()
 6 FCPATH/index.php(57): CodeIgniter\CodeIgniter->run()
CRITICAL - 2024-12-03 23:56:04 --> Undefined property: stdClass::$bill_num
in APPPATH/Helpers/global_helper.php on line 505.
 1 APPPATH/Helpers/global_helper.php(505): CodeIgniter\Debug\Exceptions->errorHandler()
 2 APPPATH/Controllers/Malipo.php(399): doProcessGlobalTransaction()
 3 SYSTEMPATH/CodeIgniter.php(896): App\Controllers\Malipo->nmbrecon()
 4 SYSTEMPATH/CodeIgniter.php(466): CodeIgniter\CodeIgniter->runController()
 5 SYSTEMPATH/CodeIgniter.php(349): CodeIgniter\CodeIgniter->handleRequest()
 6 FCPATH/index.php(57): CodeIgniter\CodeIgniter->run()
CRITICAL - 2024-12-03 23:58:04 --> Undefined property: stdClass::$bill_num
in APPPATH/Helpers/global_helper.php on line 505.
 1 APPPATH/Helpers/global_helper.php(505): CodeIgniter\Debug\Exceptions->errorHandler()
 2 APPPATH/Controllers/Malipo.php(399): doProcessGlobalTransaction()
 3 SYSTEMPATH/CodeIgniter.php(896): App\Controllers\Malipo->nmbrecon()
 4 SYSTEMPATH/CodeIgniter.php(466): CodeIgniter\CodeIgniter->runController()
 5 SYSTEMPATH/CodeIgniter.php(349): CodeIgniter\CodeIgniter->handleRequest()
 6 FCPATH/index.php(57): CodeIgniter\CodeIgniter->run()
