CRITICAL - 2024-11-08 08:58:47 --> Undefined array key "data"
in APPPATH/Helpers/global_helper.php on line 154.
 1 APPPATH/Helpers/global_helper.php(154): CodeIgniter\Debug\Exceptions->errorHandler()
 2 APPPATH/Controllers/Malipo.php(294): dispResponseCRDBValidate()
 3 SYSTEMPATH/CodeIgniter.php(896): App\Controllers\Malipo->crdbverify()
 4 SYSTEMPATH/CodeIgniter.php(466): CodeIgniter\CodeIgniter->runController()
 5 SYSTEMPATH/CodeIgniter.php(349): CodeIgniter\CodeIgniter->handleRequest()
 6 FCPATH/index.php(57): CodeIgniter\CodeIgniter->run()
CRITICAL - 2024-11-08 09:34:46 --> Undefined property: stdClass::$reference
in APPPATH/Helpers/global_helper.php on line 914.
 1 APPPATH/Helpers/global_helper.php(914): CodeIgniter\Debug\Exceptions->errorHandler()
 2 APPPATH/Controllers/Malipo.php(476): nmbGenSubmitJson()
 3 SYSTEMPATH/CodeIgniter.php(896): App\Controllers\Malipo->nmbbillrequest()
 4 SYSTEMPATH/CodeIgniter.php(466): CodeIgniter\CodeIgniter->runController()
 5 SYSTEMPATH/CodeIgniter.php(349): CodeIgniter\CodeIgniter->handleRequest()
 6 FCPATH/index.php(57): CodeIgniter\CodeIgniter->run()
CRITICAL - 2024-11-08 09:41:55 --> Undefined property: stdClass::$reference
in APPPATH/Helpers/global_helper.php on line 914.
 1 APPPATH/Helpers/global_helper.php(914): CodeIgniter\Debug\Exceptions->errorHandler()
 2 APPPATH/Controllers/Malipo.php(476): nmbGenSubmitJson()
 3 SYSTEMPATH/CodeIgniter.php(896): App\Controllers\Malipo->nmbbillrequest()
 4 SYSTEMPATH/CodeIgniter.php(466): CodeIgniter\CodeIgniter->runController()
 5 SYSTEMPATH/CodeIgniter.php(349): CodeIgniter\CodeIgniter->handleRequest()
 6 FCPATH/index.php(57): CodeIgniter\CodeIgniter->run()
CRITICAL - 2024-11-08 09:45:04 --> Undefined property: stdClass::$bill_num
in APPPATH/Helpers/global_helper.php on line 505.
 1 APPPATH/Helpers/global_helper.php(505): CodeIgniter\Debug\Exceptions->errorHandler()
 2 APPPATH/Helpers/global_helper.php(488): doProcessGlobalTransaction()
 3 APPPATH/Controllers/Malipo.php(502): doProcessNMBTransaction()
 4 SYSTEMPATH/CodeIgniter.php(896): App\Controllers\Malipo->nmbprocesscallback()
 5 SYSTEMPATH/CodeIgniter.php(466): CodeIgniter\CodeIgniter->runController()
 6 SYSTEMPATH/CodeIgniter.php(349): CodeIgniter\CodeIgniter->handleRequest()
 7 FCPATH/index.php(57): CodeIgniter\CodeIgniter->run()
CRITICAL - 2024-11-08 10:14:40 --> Undefined array key "data"
in APPPATH/Helpers/global_helper.php on line 154.
 1 APPPATH/Helpers/global_helper.php(154): CodeIgniter\Debug\Exceptions->errorHandler()
 2 APPPATH/Controllers/Malipo.php(294): dispResponseCRDBValidate()
 3 SYSTEMPATH/CodeIgniter.php(896): App\Controllers\Malipo->crdbverify()
 4 SYSTEMPATH/CodeIgniter.php(466): CodeIgniter\CodeIgniter->runController()
 5 SYSTEMPATH/CodeIgniter.php(349): CodeIgniter\CodeIgniter->handleRequest()
 6 FCPATH/index.php(57): CodeIgniter\CodeIgniter->run()
CRITICAL - 2024-11-08 10:14:40 --> Undefined array key "data"
in APPPATH/Helpers/global_helper.php on line 154.
 1 APPPATH/Helpers/global_helper.php(154): CodeIgniter\Debug\Exceptions->errorHandler()
 2 APPPATH/Controllers/Malipo.php(294): dispResponseCRDBValidate()
 3 SYSTEMPATH/CodeIgniter.php(896): App\Controllers\Malipo->crdbverify()
 4 SYSTEMPATH/CodeIgniter.php(466): CodeIgniter\CodeIgniter->runController()
 5 SYSTEMPATH/CodeIgniter.php(349): CodeIgniter\CodeIgniter->handleRequest()
 6 FCPATH/index.php(57): CodeIgniter\CodeIgniter->run()
ERROR - 2024-11-08 11:05:01 --> Got error 4009 'Cluster Failure' from NDBCLUSTER
CRITICAL - 2024-11-08 11:05:01 --> Got error 4009 'Cluster Failure' from NDBCLUSTER
in SYSTEMPATH/Database/MySQLi/Connection.php on line 292.
 1 SYSTEMPATH/Database/MySQLi/Connection.php(292): mysqli->query()
 2 SYSTEMPATH/Database/BaseConnection.php(695): CodeIgniter\Database\MySQLi\Connection->execute()
 3 SYSTEMPATH/Database/BaseConnection.php(609): CodeIgniter\Database\BaseConnection->simpleQuery()
 4 APPPATH/Models/Engine.php(554): CodeIgniter\Database\BaseConnection->query()
 5 APPPATH/Controllers/BaseController.php(77): App\Models\Engine->getLanguages()
 6 SYSTEMPATH/CodeIgniter.php(859): App\Controllers\BaseController->initController()
 7 SYSTEMPATH/CodeIgniter.php(457): CodeIgniter\CodeIgniter->createController()
 8 SYSTEMPATH/CodeIgniter.php(349): CodeIgniter\CodeIgniter->handleRequest()
 9 FCPATH/index.php(57): CodeIgniter\CodeIgniter->run()
ERROR - 2024-11-08 11:05:01 --> Got error 4009 'Cluster Failure' from NDBCLUSTER
CRITICAL - 2024-11-08 11:05:01 --> Got error 4009 'Cluster Failure' from NDBCLUSTER
in SYSTEMPATH/Database/MySQLi/Connection.php on line 292.
 1 SYSTEMPATH/Database/MySQLi/Connection.php(292): mysqli->query()
 2 SYSTEMPATH/Database/BaseConnection.php(695): CodeIgniter\Database\MySQLi\Connection->execute()
 3 SYSTEMPATH/Database/BaseConnection.php(609): CodeIgniter\Database\BaseConnection->simpleQuery()
 4 APPPATH/Models/Engine.php(554): CodeIgniter\Database\BaseConnection->query()
 5 APPPATH/Controllers/BaseController.php(77): App\Models\Engine->getLanguages()
 6 SYSTEMPATH/CodeIgniter.php(859): App\Controllers\BaseController->initController()
 7 SYSTEMPATH/CodeIgniter.php(457): CodeIgniter\CodeIgniter->createController()
 8 SYSTEMPATH/CodeIgniter.php(349): CodeIgniter\CodeIgniter->handleRequest()
 9 FCPATH/index.php(57): CodeIgniter\CodeIgniter->run()
ERROR - 2024-11-08 11:05:01 --> Got error 4009 'Cluster Failure' from NDBCLUSTER
CRITICAL - 2024-11-08 11:05:01 --> Got error 4009 'Cluster Failure' from NDBCLUSTER
in SYSTEMPATH/Database/MySQLi/Connection.php on line 292.
 1 SYSTEMPATH/Database/MySQLi/Connection.php(292): mysqli->query()
 2 SYSTEMPATH/Database/BaseConnection.php(695): CodeIgniter\Database\MySQLi\Connection->execute()
 3 SYSTEMPATH/Database/BaseConnection.php(609): CodeIgniter\Database\BaseConnection->simpleQuery()
 4 APPPATH/Models/Engine.php(554): CodeIgniter\Database\BaseConnection->query()
 5 APPPATH/Controllers/BaseController.php(77): App\Models\Engine->getLanguages()
 6 SYSTEMPATH/CodeIgniter.php(859): App\Controllers\BaseController->initController()
 7 SYSTEMPATH/CodeIgniter.php(457): CodeIgniter\CodeIgniter->createController()
 8 SYSTEMPATH/CodeIgniter.php(349): CodeIgniter\CodeIgniter->handleRequest()
 9 FCPATH/index.php(57): CodeIgniter\CodeIgniter->run()
ERROR - 2024-11-08 11:05:01 --> Got error 4009 'Cluster Failure' from NDBCLUSTER
CRITICAL - 2024-11-08 11:05:01 --> Got error 4009 'Cluster Failure' from NDBCLUSTER
in SYSTEMPATH/Database/MySQLi/Connection.php on line 292.
 1 SYSTEMPATH/Database/MySQLi/Connection.php(292): mysqli->query()
 2 SYSTEMPATH/Database/BaseConnection.php(695): CodeIgniter\Database\MySQLi\Connection->execute()
 3 SYSTEMPATH/Database/BaseConnection.php(609): CodeIgniter\Database\BaseConnection->simpleQuery()
 4 APPPATH/Models/Engine.php(554): CodeIgniter\Database\BaseConnection->query()
 5 APPPATH/Controllers/BaseController.php(77): App\Models\Engine->getLanguages()
 6 SYSTEMPATH/CodeIgniter.php(859): App\Controllers\BaseController->initController()
 7 SYSTEMPATH/CodeIgniter.php(457): CodeIgniter\CodeIgniter->createController()
 8 SYSTEMPATH/CodeIgniter.php(349): CodeIgniter\CodeIgniter->handleRequest()
 9 FCPATH/index.php(57): CodeIgniter\CodeIgniter->run()
ERROR - 2024-11-08 11:05:01 --> Got error 4009 'Cluster Failure' from NDBCLUSTER
CRITICAL - 2024-11-08 11:05:01 --> Got error 4009 'Cluster Failure' from NDBCLUSTER
in SYSTEMPATH/Database/MySQLi/Connection.php on line 292.
 1 SYSTEMPATH/Database/MySQLi/Connection.php(292): mysqli->query()
 2 SYSTEMPATH/Database/BaseConnection.php(695): CodeIgniter\Database\MySQLi\Connection->execute()
 3 SYSTEMPATH/Database/BaseConnection.php(609): CodeIgniter\Database\BaseConnection->simpleQuery()
 4 APPPATH/Models/Engine.php(554): CodeIgniter\Database\BaseConnection->query()
 5 APPPATH/Controllers/BaseController.php(77): App\Models\Engine->getLanguages()
 6 SYSTEMPATH/CodeIgniter.php(859): App\Controllers\BaseController->initController()
 7 SYSTEMPATH/CodeIgniter.php(457): CodeIgniter\CodeIgniter->createController()
 8 SYSTEMPATH/CodeIgniter.php(349): CodeIgniter\CodeIgniter->handleRequest()
 9 FCPATH/index.php(57): CodeIgniter\CodeIgniter->run()
CRITICAL - 2024-11-08 11:24:55 --> Undefined array key "data"
in APPPATH/Helpers/global_helper.php on line 154.
 1 APPPATH/Helpers/global_helper.php(154): CodeIgniter\Debug\Exceptions->errorHandler()
 2 APPPATH/Controllers/Malipo.php(294): dispResponseCRDBValidate()
 3 SYSTEMPATH/CodeIgniter.php(896): App\Controllers\Malipo->crdbverify()
 4 SYSTEMPATH/CodeIgniter.php(466): CodeIgniter\CodeIgniter->runController()
 5 SYSTEMPATH/CodeIgniter.php(349): CodeIgniter\CodeIgniter->handleRequest()
 6 FCPATH/index.php(57): CodeIgniter\CodeIgniter->run()
ERROR - 2024-11-08 11:38:17 --> Got temporary error 4028 'Node failure caused abort of transaction' from NDBCLUSTER
CRITICAL - 2024-11-08 11:38:17 --> Got temporary error 4028 'Node failure caused abort of transaction' from NDBCLUSTER
in SYSTEMPATH/Database/MySQLi/Connection.php on line 292.
 1 SYSTEMPATH/Database/MySQLi/Connection.php(292): mysqli->query()
 2 SYSTEMPATH/Database/BaseConnection.php(695): CodeIgniter\Database\MySQLi\Connection->execute()
 3 SYSTEMPATH/Database/BaseConnection.php(609): CodeIgniter\Database\BaseConnection->simpleQuery()
 4 APPPATH/Models/Engine.php(2377): CodeIgniter\Database\BaseConnection->query()
 5 APPPATH/Models/Engine.php(275): App\Models\Engine->getBillToSynch()
 6 APPPATH/Controllers/Api.php(42): App\Models\Engine->doSynchBillPaymentsEHMS()
 7 SYSTEMPATH/CodeIgniter.php(896): App\Controllers\Api->postbillpayment()
 8 SYSTEMPATH/CodeIgniter.php(466): CodeIgniter\CodeIgniter->runController()
 9 SYSTEMPATH/CodeIgniter.php(349): CodeIgniter\CodeIgniter->handleRequest()
10 FCPATH/index.php(57): CodeIgniter\CodeIgniter->run()
ERROR - 2024-11-08 11:38:24 --> Got error 4009 'Cluster Failure' from NDBCLUSTER
CRITICAL - 2024-11-08 11:38:24 --> Got error 4009 'Cluster Failure' from NDBCLUSTER
in SYSTEMPATH/Database/MySQLi/Connection.php on line 292.
 1 SYSTEMPATH/Database/MySQLi/Connection.php(292): mysqli->query()
 2 SYSTEMPATH/Database/BaseConnection.php(695): CodeIgniter\Database\MySQLi\Connection->execute()
 3 SYSTEMPATH/Database/BaseConnection.php(609): CodeIgniter\Database\BaseConnection->simpleQuery()
 4 APPPATH/Models/Engine.php(554): CodeIgniter\Database\BaseConnection->query()
 5 APPPATH/Controllers/BaseController.php(77): App\Models\Engine->getLanguages()
 6 SYSTEMPATH/CodeIgniter.php(859): App\Controllers\BaseController->initController()
 7 SYSTEMPATH/CodeIgniter.php(457): CodeIgniter\CodeIgniter->createController()
 8 SYSTEMPATH/CodeIgniter.php(349): CodeIgniter\CodeIgniter->handleRequest()
 9 FCPATH/index.php(57): CodeIgniter\CodeIgniter->run()
ERROR - 2024-11-08 11:43:21 --> Got error 4009 'Cluster Failure' from NDBCLUSTER
CRITICAL - 2024-11-08 11:43:21 --> Got error 4009 'Cluster Failure' from NDBCLUSTER
in SYSTEMPATH/Database/MySQLi/Connection.php on line 292.
 1 SYSTEMPATH/Database/MySQLi/Connection.php(292): mysqli->query()
 2 SYSTEMPATH/Database/BaseConnection.php(695): CodeIgniter\Database\MySQLi\Connection->execute()
 3 SYSTEMPATH/Database/BaseConnection.php(609): CodeIgniter\Database\BaseConnection->simpleQuery()
 4 APPPATH/Models/Engine.php(554): CodeIgniter\Database\BaseConnection->query()
 5 APPPATH/Controllers/BaseController.php(77): App\Models\Engine->getLanguages()
 6 SYSTEMPATH/CodeIgniter.php(859): App\Controllers\BaseController->initController()
 7 SYSTEMPATH/CodeIgniter.php(457): CodeIgniter\CodeIgniter->createController()
 8 SYSTEMPATH/CodeIgniter.php(349): CodeIgniter\CodeIgniter->handleRequest()
 9 FCPATH/index.php(57): CodeIgniter\CodeIgniter->run()
ERROR - 2024-11-08 11:43:21 --> Got error 4009 'Cluster Failure' from NDBCLUSTER
CRITICAL - 2024-11-08 11:43:21 --> Got error 4009 'Cluster Failure' from NDBCLUSTER
in SYSTEMPATH/Database/MySQLi/Connection.php on line 292.
 1 SYSTEMPATH/Database/MySQLi/Connection.php(292): mysqli->query()
 2 SYSTEMPATH/Database/BaseConnection.php(695): CodeIgniter\Database\MySQLi\Connection->execute()
 3 SYSTEMPATH/Database/BaseConnection.php(609): CodeIgniter\Database\BaseConnection->simpleQuery()
 4 APPPATH/Models/Engine.php(554): CodeIgniter\Database\BaseConnection->query()
 5 APPPATH/Controllers/BaseController.php(77): App\Models\Engine->getLanguages()
 6 SYSTEMPATH/CodeIgniter.php(859): App\Controllers\BaseController->initController()
 7 SYSTEMPATH/CodeIgniter.php(457): CodeIgniter\CodeIgniter->createController()
 8 SYSTEMPATH/CodeIgniter.php(349): CodeIgniter\CodeIgniter->handleRequest()
 9 FCPATH/index.php(57): CodeIgniter\CodeIgniter->run()
CRITICAL - 2024-11-08 11:48:14 --> Undefined array key "data"
in APPPATH/Helpers/global_helper.php on line 154.
 1 APPPATH/Helpers/global_helper.php(154): CodeIgniter\Debug\Exceptions->errorHandler()
 2 APPPATH/Controllers/Malipo.php(294): dispResponseCRDBValidate()
 3 SYSTEMPATH/CodeIgniter.php(896): App\Controllers\Malipo->crdbverify()
 4 SYSTEMPATH/CodeIgniter.php(466): CodeIgniter\CodeIgniter->runController()
 5 SYSTEMPATH/CodeIgniter.php(349): CodeIgniter\CodeIgniter->handleRequest()
 6 FCPATH/index.php(57): CodeIgniter\CodeIgniter->run()
ERROR - 2024-11-08 12:16:34 --> Got error 4009 'Cluster Failure' from NDBCLUSTER
ERROR - 2024-11-08 12:16:34 --> Got error 4009 'Cluster Failure' from NDBCLUSTER
CRITICAL - 2024-11-08 12:16:34 --> Got error 4009 'Cluster Failure' from NDBCLUSTER
in SYSTEMPATH/Database/MySQLi/Connection.php on line 292.
 1 SYSTEMPATH/Database/MySQLi/Connection.php(292): mysqli->query()
 2 SYSTEMPATH/Database/BaseConnection.php(695): CodeIgniter\Database\MySQLi\Connection->execute()
 3 SYSTEMPATH/Database/BaseConnection.php(609): CodeIgniter\Database\BaseConnection->simpleQuery()
 4 APPPATH/Models/Engine.php(554): CodeIgniter\Database\BaseConnection->query()
 5 APPPATH/Controllers/BaseController.php(77): App\Models\Engine->getLanguages()
 6 SYSTEMPATH/CodeIgniter.php(859): App\Controllers\BaseController->initController()
 7 SYSTEMPATH/CodeIgniter.php(457): CodeIgniter\CodeIgniter->createController()
 8 SYSTEMPATH/CodeIgniter.php(349): CodeIgniter\CodeIgniter->handleRequest()
 9 FCPATH/index.php(57): CodeIgniter\CodeIgniter->run()
CRITICAL - 2024-11-08 12:16:34 --> Got error 4009 'Cluster Failure' from NDBCLUSTER
in SYSTEMPATH/Database/MySQLi/Connection.php on line 292.
 1 SYSTEMPATH/Database/MySQLi/Connection.php(292): mysqli->query()
 2 SYSTEMPATH/Database/BaseConnection.php(695): CodeIgniter\Database\MySQLi\Connection->execute()
 3 SYSTEMPATH/Database/BaseConnection.php(609): CodeIgniter\Database\BaseConnection->simpleQuery()
 4 APPPATH/Models/Engine.php(554): CodeIgniter\Database\BaseConnection->query()
 5 APPPATH/Controllers/BaseController.php(77): App\Models\Engine->getLanguages()
 6 SYSTEMPATH/CodeIgniter.php(859): App\Controllers\BaseController->initController()
 7 SYSTEMPATH/CodeIgniter.php(457): CodeIgniter\CodeIgniter->createController()
 8 SYSTEMPATH/CodeIgniter.php(349): CodeIgniter\CodeIgniter->handleRequest()
 9 FCPATH/index.php(57): CodeIgniter\CodeIgniter->run()
CRITICAL - 2024-11-08 12:24:56 --> Undefined array key "data"
in APPPATH/Helpers/global_helper.php on line 154.
 1 APPPATH/Helpers/global_helper.php(154): CodeIgniter\Debug\Exceptions->errorHandler()
 2 APPPATH/Controllers/Malipo.php(294): dispResponseCRDBValidate()
 3 SYSTEMPATH/CodeIgniter.php(896): App\Controllers\Malipo->crdbverify()
 4 SYSTEMPATH/CodeIgniter.php(466): CodeIgniter\CodeIgniter->runController()
 5 SYSTEMPATH/CodeIgniter.php(349): CodeIgniter\CodeIgniter->handleRequest()
 6 FCPATH/index.php(57): CodeIgniter\CodeIgniter->run()
CRITICAL - 2024-11-08 12:58:01 --> Undefined array key "data"
in APPPATH/Helpers/global_helper.php on line 154.
 1 APPPATH/Helpers/global_helper.php(154): CodeIgniter\Debug\Exceptions->errorHandler()
 2 APPPATH/Controllers/Malipo.php(294): dispResponseCRDBValidate()
 3 SYSTEMPATH/CodeIgniter.php(896): App\Controllers\Malipo->crdbverify()
 4 SYSTEMPATH/CodeIgniter.php(466): CodeIgniter\CodeIgniter->runController()
 5 SYSTEMPATH/CodeIgniter.php(349): CodeIgniter\CodeIgniter->handleRequest()
 6 FCPATH/index.php(57): CodeIgniter\CodeIgniter->run()
CRITICAL - 2024-11-08 12:58:01 --> Undefined array key "data"
in APPPATH/Helpers/global_helper.php on line 154.
 1 APPPATH/Helpers/global_helper.php(154): CodeIgniter\Debug\Exceptions->errorHandler()
 2 APPPATH/Controllers/Malipo.php(294): dispResponseCRDBValidate()
 3 SYSTEMPATH/CodeIgniter.php(896): App\Controllers\Malipo->crdbverify()
 4 SYSTEMPATH/CodeIgniter.php(466): CodeIgniter\CodeIgniter->runController()
 5 SYSTEMPATH/CodeIgniter.php(349): CodeIgniter\CodeIgniter->handleRequest()
 6 FCPATH/index.php(57): CodeIgniter\CodeIgniter->run()
ERROR - 2024-11-08 13:01:06 --> Got error 4009 'Cluster Failure' from NDBCLUSTER
CRITICAL - 2024-11-08 13:01:06 --> Got error 4009 'Cluster Failure' from NDBCLUSTER
in SYSTEMPATH/Database/MySQLi/Connection.php on line 292.
 1 SYSTEMPATH/Database/MySQLi/Connection.php(292): mysqli->query()
 2 SYSTEMPATH/Database/BaseConnection.php(695): CodeIgniter\Database\MySQLi\Connection->execute()
 3 SYSTEMPATH/Database/BaseConnection.php(609): CodeIgniter\Database\BaseConnection->simpleQuery()
 4 APPPATH/Models/Engine.php(554): CodeIgniter\Database\BaseConnection->query()
 5 APPPATH/Controllers/BaseController.php(77): App\Models\Engine->getLanguages()
 6 SYSTEMPATH/CodeIgniter.php(859): App\Controllers\BaseController->initController()
 7 SYSTEMPATH/CodeIgniter.php(457): CodeIgniter\CodeIgniter->createController()
 8 SYSTEMPATH/CodeIgniter.php(349): CodeIgniter\CodeIgniter->handleRequest()
 9 FCPATH/index.php(57): CodeIgniter\CodeIgniter->run()
ERROR - 2024-11-08 13:01:06 --> Got error 4009 'Cluster Failure' from NDBCLUSTER
CRITICAL - 2024-11-08 13:01:06 --> Got error 4009 'Cluster Failure' from NDBCLUSTER
in SYSTEMPATH/Database/MySQLi/Connection.php on line 292.
 1 SYSTEMPATH/Database/MySQLi/Connection.php(292): mysqli->query()
 2 SYSTEMPATH/Database/BaseConnection.php(695): CodeIgniter\Database\MySQLi\Connection->execute()
 3 SYSTEMPATH/Database/BaseConnection.php(609): CodeIgniter\Database\BaseConnection->simpleQuery()
 4 APPPATH/Models/Engine.php(554): CodeIgniter\Database\BaseConnection->query()
 5 APPPATH/Controllers/BaseController.php(77): App\Models\Engine->getLanguages()
 6 SYSTEMPATH/CodeIgniter.php(859): App\Controllers\BaseController->initController()
 7 SYSTEMPATH/CodeIgniter.php(457): CodeIgniter\CodeIgniter->createController()
 8 SYSTEMPATH/CodeIgniter.php(349): CodeIgniter\CodeIgniter->handleRequest()
 9 FCPATH/index.php(57): CodeIgniter\CodeIgniter->run()
ERROR - 2024-11-08 13:10:59 --> Got error 4009 'Cluster Failure' from NDBCLUSTER
CRITICAL - 2024-11-08 13:10:59 --> Got error 4009 'Cluster Failure' from NDBCLUSTER
in SYSTEMPATH/Database/MySQLi/Connection.php on line 292.
 1 SYSTEMPATH/Database/MySQLi/Connection.php(292): mysqli->query()
 2 SYSTEMPATH/Database/BaseConnection.php(695): CodeIgniter\Database\MySQLi\Connection->execute()
 3 SYSTEMPATH/Database/BaseConnection.php(609): CodeIgniter\Database\BaseConnection->simpleQuery()
 4 APPPATH/Models/Engine.php(554): CodeIgniter\Database\BaseConnection->query()
 5 APPPATH/Controllers/BaseController.php(77): App\Models\Engine->getLanguages()
 6 SYSTEMPATH/CodeIgniter.php(859): App\Controllers\BaseController->initController()
 7 SYSTEMPATH/CodeIgniter.php(457): CodeIgniter\CodeIgniter->createController()
 8 SYSTEMPATH/CodeIgniter.php(349): CodeIgniter\CodeIgniter->handleRequest()
 9 FCPATH/index.php(57): CodeIgniter\CodeIgniter->run()
ERROR - 2024-11-08 13:39:04 --> Got error 4009 'Cluster Failure' from NDBCLUSTER
CRITICAL - 2024-11-08 13:39:04 --> Got error 4009 'Cluster Failure' from NDBCLUSTER
in SYSTEMPATH/Database/MySQLi/Connection.php on line 292.
 1 SYSTEMPATH/Database/MySQLi/Connection.php(292): mysqli->query()
 2 SYSTEMPATH/Database/BaseConnection.php(695): CodeIgniter\Database\MySQLi\Connection->execute()
 3 SYSTEMPATH/Database/BaseConnection.php(609): CodeIgniter\Database\BaseConnection->simpleQuery()
 4 APPPATH/Models/Engine.php(554): CodeIgniter\Database\BaseConnection->query()
 5 APPPATH/Controllers/BaseController.php(77): App\Models\Engine->getLanguages()
 6 SYSTEMPATH/CodeIgniter.php(859): App\Controllers\BaseController->initController()
 7 SYSTEMPATH/CodeIgniter.php(457): CodeIgniter\CodeIgniter->createController()
 8 SYSTEMPATH/CodeIgniter.php(349): CodeIgniter\CodeIgniter->handleRequest()
 9 FCPATH/index.php(57): CodeIgniter\CodeIgniter->run()
ERROR - 2024-11-08 13:39:04 --> Got error 4009 'Cluster Failure' from NDBCLUSTER
CRITICAL - 2024-11-08 13:39:04 --> Got error 4009 'Cluster Failure' from NDBCLUSTER
in SYSTEMPATH/Database/MySQLi/Connection.php on line 292.
 1 SYSTEMPATH/Database/MySQLi/Connection.php(292): mysqli->query()
 2 SYSTEMPATH/Database/BaseConnection.php(695): CodeIgniter\Database\MySQLi\Connection->execute()
 3 SYSTEMPATH/Database/BaseConnection.php(609): CodeIgniter\Database\BaseConnection->simpleQuery()
 4 APPPATH/Models/Engine.php(554): CodeIgniter\Database\BaseConnection->query()
 5 APPPATH/Controllers/BaseController.php(77): App\Models\Engine->getLanguages()
 6 SYSTEMPATH/CodeIgniter.php(859): App\Controllers\BaseController->initController()
 7 SYSTEMPATH/CodeIgniter.php(457): CodeIgniter\CodeIgniter->createController()
 8 SYSTEMPATH/CodeIgniter.php(349): CodeIgniter\CodeIgniter->handleRequest()
 9 FCPATH/index.php(57): CodeIgniter\CodeIgniter->run()
ERROR - 2024-11-08 13:39:06 --> Got error 4009 'Cluster Failure' from NDBCLUSTER
CRITICAL - 2024-11-08 13:39:06 --> Got error 4009 'Cluster Failure' from NDBCLUSTER
in SYSTEMPATH/Database/MySQLi/Connection.php on line 292.
 1 SYSTEMPATH/Database/MySQLi/Connection.php(292): mysqli->query()
 2 SYSTEMPATH/Database/BaseConnection.php(695): CodeIgniter\Database\MySQLi\Connection->execute()
 3 SYSTEMPATH/Database/BaseConnection.php(609): CodeIgniter\Database\BaseConnection->simpleQuery()
 4 APPPATH/Models/Engine.php(554): CodeIgniter\Database\BaseConnection->query()
 5 APPPATH/Controllers/BaseController.php(77): App\Models\Engine->getLanguages()
 6 SYSTEMPATH/CodeIgniter.php(859): App\Controllers\BaseController->initController()
 7 SYSTEMPATH/CodeIgniter.php(457): CodeIgniter\CodeIgniter->createController()
 8 SYSTEMPATH/CodeIgniter.php(349): CodeIgniter\CodeIgniter->handleRequest()
 9 FCPATH/index.php(57): CodeIgniter\CodeIgniter->run()
ERROR - 2024-11-08 13:47:12 --> Got error 4009 'Cluster Failure' from NDBCLUSTER
CRITICAL - 2024-11-08 13:47:12 --> Got error 4009 'Cluster Failure' from NDBCLUSTER
in SYSTEMPATH/Database/MySQLi/Connection.php on line 292.
 1 SYSTEMPATH/Database/MySQLi/Connection.php(292): mysqli->query()
 2 SYSTEMPATH/Database/BaseConnection.php(695): CodeIgniter\Database\MySQLi\Connection->execute()
 3 SYSTEMPATH/Database/BaseConnection.php(609): CodeIgniter\Database\BaseConnection->simpleQuery()
 4 APPPATH/Models/Engine.php(554): CodeIgniter\Database\BaseConnection->query()
 5 APPPATH/Controllers/BaseController.php(77): App\Models\Engine->getLanguages()
 6 SYSTEMPATH/CodeIgniter.php(859): App\Controllers\BaseController->initController()
 7 SYSTEMPATH/CodeIgniter.php(457): CodeIgniter\CodeIgniter->createController()
 8 SYSTEMPATH/CodeIgniter.php(349): CodeIgniter\CodeIgniter->handleRequest()
 9 FCPATH/index.php(57): CodeIgniter\CodeIgniter->run()
CRITICAL - 2024-11-08 14:42:52 --> Error: Maximum execution time of 300 seconds exceeded
in SYSTEMPATH/Database/MySQLi/Connection.php on line 292.

CRITICAL - 2024-11-08 15:33:28 --> Undefined array key "data"
in APPPATH/Helpers/global_helper.php on line 154.
 1 APPPATH/Helpers/global_helper.php(154): CodeIgniter\Debug\Exceptions->errorHandler()
 2 APPPATH/Controllers/Malipo.php(294): dispResponseCRDBValidate()
 3 SYSTEMPATH/CodeIgniter.php(896): App\Controllers\Malipo->crdbverify()
 4 SYSTEMPATH/CodeIgniter.php(466): CodeIgniter\CodeIgniter->runController()
 5 SYSTEMPATH/CodeIgniter.php(349): CodeIgniter\CodeIgniter->handleRequest()
 6 FCPATH/index.php(57): CodeIgniter\CodeIgniter->run()
CRITICAL - 2024-11-08 15:34:10 --> Undefined array key "data"
in APPPATH/Helpers/global_helper.php on line 154.
 1 APPPATH/Helpers/global_helper.php(154): CodeIgniter\Debug\Exceptions->errorHandler()
 2 APPPATH/Controllers/Malipo.php(294): dispResponseCRDBValidate()
 3 SYSTEMPATH/CodeIgniter.php(896): App\Controllers\Malipo->crdbverify()
 4 SYSTEMPATH/CodeIgniter.php(466): CodeIgniter\CodeIgniter->runController()
 5 SYSTEMPATH/CodeIgniter.php(349): CodeIgniter\CodeIgniter->handleRequest()
 6 FCPATH/index.php(57): CodeIgniter\CodeIgniter->run()
CRITICAL - 2024-11-08 16:14:55 --> Undefined array key "data"
in APPPATH/Helpers/global_helper.php on line 154.
 1 APPPATH/Helpers/global_helper.php(154): CodeIgniter\Debug\Exceptions->errorHandler()
 2 APPPATH/Controllers/Malipo.php(294): dispResponseCRDBValidate()
 3 SYSTEMPATH/CodeIgniter.php(896): App\Controllers\Malipo->crdbverify()
 4 SYSTEMPATH/CodeIgniter.php(466): CodeIgniter\CodeIgniter->runController()
 5 SYSTEMPATH/CodeIgniter.php(349): CodeIgniter\CodeIgniter->handleRequest()
 6 FCPATH/index.php(57): CodeIgniter\CodeIgniter->run()
ERROR - 2024-11-08 16:16:57 --> Got error 4009 'Cluster Failure' from NDBCLUSTER
CRITICAL - 2024-11-08 16:16:57 --> Got error 4009 'Cluster Failure' from NDBCLUSTER
in SYSTEMPATH/Database/MySQLi/Connection.php on line 292.
 1 SYSTEMPATH/Database/MySQLi/Connection.php(292): mysqli->query()
 2 SYSTEMPATH/Database/BaseConnection.php(695): CodeIgniter\Database\MySQLi\Connection->execute()
 3 SYSTEMPATH/Database/BaseConnection.php(609): CodeIgniter\Database\BaseConnection->simpleQuery()
 4 APPPATH/Models/Engine.php(554): CodeIgniter\Database\BaseConnection->query()
 5 APPPATH/Controllers/BaseController.php(77): App\Models\Engine->getLanguages()
 6 SYSTEMPATH/CodeIgniter.php(859): App\Controllers\BaseController->initController()
 7 SYSTEMPATH/CodeIgniter.php(457): CodeIgniter\CodeIgniter->createController()
 8 SYSTEMPATH/CodeIgniter.php(349): CodeIgniter\CodeIgniter->handleRequest()
 9 FCPATH/index.php(57): CodeIgniter\CodeIgniter->run()
CRITICAL - 2024-11-08 17:03:06 --> Undefined property: stdClass::$reference
in APPPATH/Helpers/global_helper.php on line 914.
 1 APPPATH/Helpers/global_helper.php(914): CodeIgniter\Debug\Exceptions->errorHandler()
 2 APPPATH/Controllers/Malipo.php(476): nmbGenSubmitJson()
 3 SYSTEMPATH/CodeIgniter.php(896): App\Controllers\Malipo->nmbbillrequest()
 4 SYSTEMPATH/CodeIgniter.php(466): CodeIgniter\CodeIgniter->runController()
 5 SYSTEMPATH/CodeIgniter.php(349): CodeIgniter\CodeIgniter->handleRequest()
 6 FCPATH/index.php(57): CodeIgniter\CodeIgniter->run()
CRITICAL - 2024-11-08 17:17:49 --> Undefined property: stdClass::$bill_num
in APPPATH/Helpers/global_helper.php on line 505.
 1 APPPATH/Helpers/global_helper.php(505): CodeIgniter\Debug\Exceptions->errorHandler()
 2 APPPATH/Helpers/global_helper.php(488): doProcessGlobalTransaction()
 3 APPPATH/Controllers/Malipo.php(502): doProcessNMBTransaction()
 4 SYSTEMPATH/CodeIgniter.php(896): App\Controllers\Malipo->nmbprocesscallback()
 5 SYSTEMPATH/CodeIgniter.php(466): CodeIgniter\CodeIgniter->runController()
 6 SYSTEMPATH/CodeIgniter.php(349): CodeIgniter\CodeIgniter->handleRequest()
 7 FCPATH/index.php(57): CodeIgniter\CodeIgniter->run()
CRITICAL - 2024-11-08 17:18:05 --> Undefined property: stdClass::$bill_num
in APPPATH/Helpers/global_helper.php on line 505.
 1 APPPATH/Helpers/global_helper.php(505): CodeIgniter\Debug\Exceptions->errorHandler()
 2 APPPATH/Controllers/Malipo.php(399): doProcessGlobalTransaction()
 3 SYSTEMPATH/CodeIgniter.php(896): App\Controllers\Malipo->nmbrecon()
 4 SYSTEMPATH/CodeIgniter.php(466): CodeIgniter\CodeIgniter->runController()
 5 SYSTEMPATH/CodeIgniter.php(349): CodeIgniter\CodeIgniter->handleRequest()
 6 FCPATH/index.php(57): CodeIgniter\CodeIgniter->run()
CRITICAL - 2024-11-08 17:20:05 --> Undefined property: stdClass::$bill_num
in APPPATH/Helpers/global_helper.php on line 505.
 1 APPPATH/Helpers/global_helper.php(505): CodeIgniter\Debug\Exceptions->errorHandler()
 2 APPPATH/Controllers/Malipo.php(399): doProcessGlobalTransaction()
 3 SYSTEMPATH/CodeIgniter.php(896): App\Controllers\Malipo->nmbrecon()
 4 SYSTEMPATH/CodeIgniter.php(466): CodeIgniter\CodeIgniter->runController()
 5 SYSTEMPATH/CodeIgniter.php(349): CodeIgniter\CodeIgniter->handleRequest()
 6 FCPATH/index.php(57): CodeIgniter\CodeIgniter->run()
CRITICAL - 2024-11-08 17:22:05 --> Undefined property: stdClass::$bill_num
in APPPATH/Helpers/global_helper.php on line 505.
 1 APPPATH/Helpers/global_helper.php(505): CodeIgniter\Debug\Exceptions->errorHandler()
 2 APPPATH/Controllers/Malipo.php(399): doProcessGlobalTransaction()
 3 SYSTEMPATH/CodeIgniter.php(896): App\Controllers\Malipo->nmbrecon()
 4 SYSTEMPATH/CodeIgniter.php(466): CodeIgniter\CodeIgniter->runController()
 5 SYSTEMPATH/CodeIgniter.php(349): CodeIgniter\CodeIgniter->handleRequest()
 6 FCPATH/index.php(57): CodeIgniter\CodeIgniter->run()
CRITICAL - 2024-11-08 17:23:17 --> Undefined property: stdClass::$reference
in APPPATH/Helpers/global_helper.php on line 914.
 1 APPPATH/Helpers/global_helper.php(914): CodeIgniter\Debug\Exceptions->errorHandler()
 2 APPPATH/Controllers/Malipo.php(476): nmbGenSubmitJson()
 3 SYSTEMPATH/CodeIgniter.php(896): App\Controllers\Malipo->nmbbillrequest()
 4 SYSTEMPATH/CodeIgniter.php(466): CodeIgniter\CodeIgniter->runController()
 5 SYSTEMPATH/CodeIgniter.php(349): CodeIgniter\CodeIgniter->handleRequest()
 6 FCPATH/index.php(57): CodeIgniter\CodeIgniter->run()
CRITICAL - 2024-11-08 17:24:05 --> Undefined property: stdClass::$bill_num
in APPPATH/Helpers/global_helper.php on line 505.
 1 APPPATH/Helpers/global_helper.php(505): CodeIgniter\Debug\Exceptions->errorHandler()
 2 APPPATH/Controllers/Malipo.php(399): doProcessGlobalTransaction()
 3 SYSTEMPATH/CodeIgniter.php(896): App\Controllers\Malipo->nmbrecon()
 4 SYSTEMPATH/CodeIgniter.php(466): CodeIgniter\CodeIgniter->runController()
 5 SYSTEMPATH/CodeIgniter.php(349): CodeIgniter\CodeIgniter->handleRequest()
 6 FCPATH/index.php(57): CodeIgniter\CodeIgniter->run()
CRITICAL - 2024-11-08 17:26:05 --> Undefined property: stdClass::$bill_num
in APPPATH/Helpers/global_helper.php on line 505.
 1 APPPATH/Helpers/global_helper.php(505): CodeIgniter\Debug\Exceptions->errorHandler()
 2 APPPATH/Controllers/Malipo.php(399): doProcessGlobalTransaction()
 3 SYSTEMPATH/CodeIgniter.php(896): App\Controllers\Malipo->nmbrecon()
 4 SYSTEMPATH/CodeIgniter.php(466): CodeIgniter\CodeIgniter->runController()
 5 SYSTEMPATH/CodeIgniter.php(349): CodeIgniter\CodeIgniter->handleRequest()
 6 FCPATH/index.php(57): CodeIgniter\CodeIgniter->run()
CRITICAL - 2024-11-08 17:28:05 --> Undefined property: stdClass::$bill_num
in APPPATH/Helpers/global_helper.php on line 505.
 1 APPPATH/Helpers/global_helper.php(505): CodeIgniter\Debug\Exceptions->errorHandler()
 2 APPPATH/Controllers/Malipo.php(399): doProcessGlobalTransaction()
 3 SYSTEMPATH/CodeIgniter.php(896): App\Controllers\Malipo->nmbrecon()
 4 SYSTEMPATH/CodeIgniter.php(466): CodeIgniter\CodeIgniter->runController()
 5 SYSTEMPATH/CodeIgniter.php(349): CodeIgniter\CodeIgniter->handleRequest()
 6 FCPATH/index.php(57): CodeIgniter\CodeIgniter->run()
CRITICAL - 2024-11-08 17:30:05 --> Undefined property: stdClass::$bill_num
in APPPATH/Helpers/global_helper.php on line 505.
 1 APPPATH/Helpers/global_helper.php(505): CodeIgniter\Debug\Exceptions->errorHandler()
 2 APPPATH/Controllers/Malipo.php(399): doProcessGlobalTransaction()
 3 SYSTEMPATH/CodeIgniter.php(896): App\Controllers\Malipo->nmbrecon()
 4 SYSTEMPATH/CodeIgniter.php(466): CodeIgniter\CodeIgniter->runController()
 5 SYSTEMPATH/CodeIgniter.php(349): CodeIgniter\CodeIgniter->handleRequest()
 6 FCPATH/index.php(57): CodeIgniter\CodeIgniter->run()
CRITICAL - 2024-11-08 17:32:05 --> Undefined property: stdClass::$bill_num
in APPPATH/Helpers/global_helper.php on line 505.
 1 APPPATH/Helpers/global_helper.php(505): CodeIgniter\Debug\Exceptions->errorHandler()
 2 APPPATH/Controllers/Malipo.php(399): doProcessGlobalTransaction()
 3 SYSTEMPATH/CodeIgniter.php(896): App\Controllers\Malipo->nmbrecon()
 4 SYSTEMPATH/CodeIgniter.php(466): CodeIgniter\CodeIgniter->runController()
 5 SYSTEMPATH/CodeIgniter.php(349): CodeIgniter\CodeIgniter->handleRequest()
 6 FCPATH/index.php(57): CodeIgniter\CodeIgniter->run()
CRITICAL - 2024-11-08 17:34:05 --> Undefined property: stdClass::$bill_num
in APPPATH/Helpers/global_helper.php on line 505.
 1 APPPATH/Helpers/global_helper.php(505): CodeIgniter\Debug\Exceptions->errorHandler()
 2 APPPATH/Controllers/Malipo.php(399): doProcessGlobalTransaction()
 3 SYSTEMPATH/CodeIgniter.php(896): App\Controllers\Malipo->nmbrecon()
 4 SYSTEMPATH/CodeIgniter.php(466): CodeIgniter\CodeIgniter->runController()
 5 SYSTEMPATH/CodeIgniter.php(349): CodeIgniter\CodeIgniter->handleRequest()
 6 FCPATH/index.php(57): CodeIgniter\CodeIgniter->run()
CRITICAL - 2024-11-08 17:36:05 --> Undefined property: stdClass::$bill_num
in APPPATH/Helpers/global_helper.php on line 505.
 1 APPPATH/Helpers/global_helper.php(505): CodeIgniter\Debug\Exceptions->errorHandler()
 2 APPPATH/Controllers/Malipo.php(399): doProcessGlobalTransaction()
 3 SYSTEMPATH/CodeIgniter.php(896): App\Controllers\Malipo->nmbrecon()
 4 SYSTEMPATH/CodeIgniter.php(466): CodeIgniter\CodeIgniter->runController()
 5 SYSTEMPATH/CodeIgniter.php(349): CodeIgniter\CodeIgniter->handleRequest()
 6 FCPATH/index.php(57): CodeIgniter\CodeIgniter->run()
CRITICAL - 2024-11-08 17:37:57 --> Undefined property: stdClass::$reference
in APPPATH/Helpers/global_helper.php on line 914.
 1 APPPATH/Helpers/global_helper.php(914): CodeIgniter\Debug\Exceptions->errorHandler()
 2 APPPATH/Controllers/Malipo.php(476): nmbGenSubmitJson()
 3 SYSTEMPATH/CodeIgniter.php(896): App\Controllers\Malipo->nmbbillrequest()
 4 SYSTEMPATH/CodeIgniter.php(466): CodeIgniter\CodeIgniter->runController()
 5 SYSTEMPATH/CodeIgniter.php(349): CodeIgniter\CodeIgniter->handleRequest()
 6 FCPATH/index.php(57): CodeIgniter\CodeIgniter->run()
CRITICAL - 2024-11-08 17:38:04 --> Undefined property: stdClass::$bill_num
in APPPATH/Helpers/global_helper.php on line 505.
 1 APPPATH/Helpers/global_helper.php(505): CodeIgniter\Debug\Exceptions->errorHandler()
 2 APPPATH/Controllers/Malipo.php(399): doProcessGlobalTransaction()
 3 SYSTEMPATH/CodeIgniter.php(896): App\Controllers\Malipo->nmbrecon()
 4 SYSTEMPATH/CodeIgniter.php(466): CodeIgniter\CodeIgniter->runController()
 5 SYSTEMPATH/CodeIgniter.php(349): CodeIgniter\CodeIgniter->handleRequest()
 6 FCPATH/index.php(57): CodeIgniter\CodeIgniter->run()
CRITICAL - 2024-11-08 17:40:05 --> Undefined property: stdClass::$bill_num
in APPPATH/Helpers/global_helper.php on line 505.
 1 APPPATH/Helpers/global_helper.php(505): CodeIgniter\Debug\Exceptions->errorHandler()
 2 APPPATH/Controllers/Malipo.php(399): doProcessGlobalTransaction()
 3 SYSTEMPATH/CodeIgniter.php(896): App\Controllers\Malipo->nmbrecon()
 4 SYSTEMPATH/CodeIgniter.php(466): CodeIgniter\CodeIgniter->runController()
 5 SYSTEMPATH/CodeIgniter.php(349): CodeIgniter\CodeIgniter->handleRequest()
 6 FCPATH/index.php(57): CodeIgniter\CodeIgniter->run()
CRITICAL - 2024-11-08 17:42:05 --> Undefined property: stdClass::$bill_num
in APPPATH/Helpers/global_helper.php on line 505.
 1 APPPATH/Helpers/global_helper.php(505): CodeIgniter\Debug\Exceptions->errorHandler()
 2 APPPATH/Controllers/Malipo.php(399): doProcessGlobalTransaction()
 3 SYSTEMPATH/CodeIgniter.php(896): App\Controllers\Malipo->nmbrecon()
 4 SYSTEMPATH/CodeIgniter.php(466): CodeIgniter\CodeIgniter->runController()
 5 SYSTEMPATH/CodeIgniter.php(349): CodeIgniter\CodeIgniter->handleRequest()
 6 FCPATH/index.php(57): CodeIgniter\CodeIgniter->run()
CRITICAL - 2024-11-08 17:44:05 --> Undefined property: stdClass::$bill_num
in APPPATH/Helpers/global_helper.php on line 505.
 1 APPPATH/Helpers/global_helper.php(505): CodeIgniter\Debug\Exceptions->errorHandler()
 2 APPPATH/Controllers/Malipo.php(399): doProcessGlobalTransaction()
 3 SYSTEMPATH/CodeIgniter.php(896): App\Controllers\Malipo->nmbrecon()
 4 SYSTEMPATH/CodeIgniter.php(466): CodeIgniter\CodeIgniter->runController()
 5 SYSTEMPATH/CodeIgniter.php(349): CodeIgniter\CodeIgniter->handleRequest()
 6 FCPATH/index.php(57): CodeIgniter\CodeIgniter->run()
CRITICAL - 2024-11-08 17:46:05 --> Undefined property: stdClass::$bill_num
in APPPATH/Helpers/global_helper.php on line 505.
 1 APPPATH/Helpers/global_helper.php(505): CodeIgniter\Debug\Exceptions->errorHandler()
 2 APPPATH/Controllers/Malipo.php(399): doProcessGlobalTransaction()
 3 SYSTEMPATH/CodeIgniter.php(896): App\Controllers\Malipo->nmbrecon()
 4 SYSTEMPATH/CodeIgniter.php(466): CodeIgniter\CodeIgniter->runController()
 5 SYSTEMPATH/CodeIgniter.php(349): CodeIgniter\CodeIgniter->handleRequest()
 6 FCPATH/index.php(57): CodeIgniter\CodeIgniter->run()
CRITICAL - 2024-11-08 17:48:05 --> Undefined property: stdClass::$bill_num
in APPPATH/Helpers/global_helper.php on line 505.
 1 APPPATH/Helpers/global_helper.php(505): CodeIgniter\Debug\Exceptions->errorHandler()
 2 APPPATH/Controllers/Malipo.php(399): doProcessGlobalTransaction()
 3 SYSTEMPATH/CodeIgniter.php(896): App\Controllers\Malipo->nmbrecon()
 4 SYSTEMPATH/CodeIgniter.php(466): CodeIgniter\CodeIgniter->runController()
 5 SYSTEMPATH/CodeIgniter.php(349): CodeIgniter\CodeIgniter->handleRequest()
 6 FCPATH/index.php(57): CodeIgniter\CodeIgniter->run()
CRITICAL - 2024-11-08 17:50:05 --> Undefined property: stdClass::$bill_num
in APPPATH/Helpers/global_helper.php on line 505.
 1 APPPATH/Helpers/global_helper.php(505): CodeIgniter\Debug\Exceptions->errorHandler()
 2 APPPATH/Controllers/Malipo.php(399): doProcessGlobalTransaction()
 3 SYSTEMPATH/CodeIgniter.php(896): App\Controllers\Malipo->nmbrecon()
 4 SYSTEMPATH/CodeIgniter.php(466): CodeIgniter\CodeIgniter->runController()
 5 SYSTEMPATH/CodeIgniter.php(349): CodeIgniter\CodeIgniter->handleRequest()
 6 FCPATH/index.php(57): CodeIgniter\CodeIgniter->run()
CRITICAL - 2024-11-08 17:52:05 --> Undefined property: stdClass::$bill_num
in APPPATH/Helpers/global_helper.php on line 505.
 1 APPPATH/Helpers/global_helper.php(505): CodeIgniter\Debug\Exceptions->errorHandler()
 2 APPPATH/Controllers/Malipo.php(399): doProcessGlobalTransaction()
 3 SYSTEMPATH/CodeIgniter.php(896): App\Controllers\Malipo->nmbrecon()
 4 SYSTEMPATH/CodeIgniter.php(466): CodeIgniter\CodeIgniter->runController()
 5 SYSTEMPATH/CodeIgniter.php(349): CodeIgniter\CodeIgniter->handleRequest()
 6 FCPATH/index.php(57): CodeIgniter\CodeIgniter->run()
CRITICAL - 2024-11-08 17:54:05 --> Undefined property: stdClass::$bill_num
in APPPATH/Helpers/global_helper.php on line 505.
 1 APPPATH/Helpers/global_helper.php(505): CodeIgniter\Debug\Exceptions->errorHandler()
 2 APPPATH/Controllers/Malipo.php(399): doProcessGlobalTransaction()
 3 SYSTEMPATH/CodeIgniter.php(896): App\Controllers\Malipo->nmbrecon()
 4 SYSTEMPATH/CodeIgniter.php(466): CodeIgniter\CodeIgniter->runController()
 5 SYSTEMPATH/CodeIgniter.php(349): CodeIgniter\CodeIgniter->handleRequest()
 6 FCPATH/index.php(57): CodeIgniter\CodeIgniter->run()
CRITICAL - 2024-11-08 17:56:05 --> Undefined property: stdClass::$bill_num
in APPPATH/Helpers/global_helper.php on line 505.
 1 APPPATH/Helpers/global_helper.php(505): CodeIgniter\Debug\Exceptions->errorHandler()
 2 APPPATH/Controllers/Malipo.php(399): doProcessGlobalTransaction()
 3 SYSTEMPATH/CodeIgniter.php(896): App\Controllers\Malipo->nmbrecon()
 4 SYSTEMPATH/CodeIgniter.php(466): CodeIgniter\CodeIgniter->runController()
 5 SYSTEMPATH/CodeIgniter.php(349): CodeIgniter\CodeIgniter->handleRequest()
 6 FCPATH/index.php(57): CodeIgniter\CodeIgniter->run()
CRITICAL - 2024-11-08 17:58:05 --> Undefined property: stdClass::$bill_num
in APPPATH/Helpers/global_helper.php on line 505.
 1 APPPATH/Helpers/global_helper.php(505): CodeIgniter\Debug\Exceptions->errorHandler()
 2 APPPATH/Controllers/Malipo.php(399): doProcessGlobalTransaction()
 3 SYSTEMPATH/CodeIgniter.php(896): App\Controllers\Malipo->nmbrecon()
 4 SYSTEMPATH/CodeIgniter.php(466): CodeIgniter\CodeIgniter->runController()
 5 SYSTEMPATH/CodeIgniter.php(349): CodeIgniter\CodeIgniter->handleRequest()
 6 FCPATH/index.php(57): CodeIgniter\CodeIgniter->run()
CRITICAL - 2024-11-08 18:00:06 --> Undefined property: stdClass::$bill_num
in APPPATH/Helpers/global_helper.php on line 505.
 1 APPPATH/Helpers/global_helper.php(505): CodeIgniter\Debug\Exceptions->errorHandler()
 2 APPPATH/Controllers/Malipo.php(399): doProcessGlobalTransaction()
 3 SYSTEMPATH/CodeIgniter.php(896): App\Controllers\Malipo->nmbrecon()
 4 SYSTEMPATH/CodeIgniter.php(466): CodeIgniter\CodeIgniter->runController()
 5 SYSTEMPATH/CodeIgniter.php(349): CodeIgniter\CodeIgniter->handleRequest()
 6 FCPATH/index.php(57): CodeIgniter\CodeIgniter->run()
CRITICAL - 2024-11-08 18:02:05 --> Undefined property: stdClass::$bill_num
in APPPATH/Helpers/global_helper.php on line 505.
 1 APPPATH/Helpers/global_helper.php(505): CodeIgniter\Debug\Exceptions->errorHandler()
 2 APPPATH/Controllers/Malipo.php(399): doProcessGlobalTransaction()
 3 SYSTEMPATH/CodeIgniter.php(896): App\Controllers\Malipo->nmbrecon()
 4 SYSTEMPATH/CodeIgniter.php(466): CodeIgniter\CodeIgniter->runController()
 5 SYSTEMPATH/CodeIgniter.php(349): CodeIgniter\CodeIgniter->handleRequest()
 6 FCPATH/index.php(57): CodeIgniter\CodeIgniter->run()
CRITICAL - 2024-11-08 18:04:04 --> Undefined property: stdClass::$bill_num
in APPPATH/Helpers/global_helper.php on line 505.
 1 APPPATH/Helpers/global_helper.php(505): CodeIgniter\Debug\Exceptions->errorHandler()
 2 APPPATH/Controllers/Malipo.php(399): doProcessGlobalTransaction()
 3 SYSTEMPATH/CodeIgniter.php(896): App\Controllers\Malipo->nmbrecon()
 4 SYSTEMPATH/CodeIgniter.php(466): CodeIgniter\CodeIgniter->runController()
 5 SYSTEMPATH/CodeIgniter.php(349): CodeIgniter\CodeIgniter->handleRequest()
 6 FCPATH/index.php(57): CodeIgniter\CodeIgniter->run()
CRITICAL - 2024-11-08 18:06:04 --> Undefined property: stdClass::$bill_num
in APPPATH/Helpers/global_helper.php on line 505.
 1 APPPATH/Helpers/global_helper.php(505): CodeIgniter\Debug\Exceptions->errorHandler()
 2 APPPATH/Controllers/Malipo.php(399): doProcessGlobalTransaction()
 3 SYSTEMPATH/CodeIgniter.php(896): App\Controllers\Malipo->nmbrecon()
 4 SYSTEMPATH/CodeIgniter.php(466): CodeIgniter\CodeIgniter->runController()
 5 SYSTEMPATH/CodeIgniter.php(349): CodeIgniter\CodeIgniter->handleRequest()
 6 FCPATH/index.php(57): CodeIgniter\CodeIgniter->run()
CRITICAL - 2024-11-08 18:08:05 --> Undefined property: stdClass::$bill_num
in APPPATH/Helpers/global_helper.php on line 505.
 1 APPPATH/Helpers/global_helper.php(505): CodeIgniter\Debug\Exceptions->errorHandler()
 2 APPPATH/Controllers/Malipo.php(399): doProcessGlobalTransaction()
 3 SYSTEMPATH/CodeIgniter.php(896): App\Controllers\Malipo->nmbrecon()
 4 SYSTEMPATH/CodeIgniter.php(466): CodeIgniter\CodeIgniter->runController()
 5 SYSTEMPATH/CodeIgniter.php(349): CodeIgniter\CodeIgniter->handleRequest()
 6 FCPATH/index.php(57): CodeIgniter\CodeIgniter->run()
CRITICAL - 2024-11-08 18:10:05 --> Undefined property: stdClass::$bill_num
in APPPATH/Helpers/global_helper.php on line 505.
 1 APPPATH/Helpers/global_helper.php(505): CodeIgniter\Debug\Exceptions->errorHandler()
 2 APPPATH/Controllers/Malipo.php(399): doProcessGlobalTransaction()
 3 SYSTEMPATH/CodeIgniter.php(896): App\Controllers\Malipo->nmbrecon()
 4 SYSTEMPATH/CodeIgniter.php(466): CodeIgniter\CodeIgniter->runController()
 5 SYSTEMPATH/CodeIgniter.php(349): CodeIgniter\CodeIgniter->handleRequest()
 6 FCPATH/index.php(57): CodeIgniter\CodeIgniter->run()
CRITICAL - 2024-11-08 18:12:05 --> Undefined property: stdClass::$bill_num
in APPPATH/Helpers/global_helper.php on line 505.
 1 APPPATH/Helpers/global_helper.php(505): CodeIgniter\Debug\Exceptions->errorHandler()
 2 APPPATH/Controllers/Malipo.php(399): doProcessGlobalTransaction()
 3 SYSTEMPATH/CodeIgniter.php(896): App\Controllers\Malipo->nmbrecon()
 4 SYSTEMPATH/CodeIgniter.php(466): CodeIgniter\CodeIgniter->runController()
 5 SYSTEMPATH/CodeIgniter.php(349): CodeIgniter\CodeIgniter->handleRequest()
 6 FCPATH/index.php(57): CodeIgniter\CodeIgniter->run()
CRITICAL - 2024-11-08 18:14:05 --> Undefined property: stdClass::$bill_num
in APPPATH/Helpers/global_helper.php on line 505.
 1 APPPATH/Helpers/global_helper.php(505): CodeIgniter\Debug\Exceptions->errorHandler()
 2 APPPATH/Controllers/Malipo.php(399): doProcessGlobalTransaction()
 3 SYSTEMPATH/CodeIgniter.php(896): App\Controllers\Malipo->nmbrecon()
 4 SYSTEMPATH/CodeIgniter.php(466): CodeIgniter\CodeIgniter->runController()
 5 SYSTEMPATH/CodeIgniter.php(349): CodeIgniter\CodeIgniter->handleRequest()
 6 FCPATH/index.php(57): CodeIgniter\CodeIgniter->run()
CRITICAL - 2024-11-08 18:16:04 --> Undefined property: stdClass::$bill_num
in APPPATH/Helpers/global_helper.php on line 505.
 1 APPPATH/Helpers/global_helper.php(505): CodeIgniter\Debug\Exceptions->errorHandler()
 2 APPPATH/Controllers/Malipo.php(399): doProcessGlobalTransaction()
 3 SYSTEMPATH/CodeIgniter.php(896): App\Controllers\Malipo->nmbrecon()
 4 SYSTEMPATH/CodeIgniter.php(466): CodeIgniter\CodeIgniter->runController()
 5 SYSTEMPATH/CodeIgniter.php(349): CodeIgniter\CodeIgniter->handleRequest()
 6 FCPATH/index.php(57): CodeIgniter\CodeIgniter->run()
CRITICAL - 2024-11-08 18:18:06 --> Undefined property: stdClass::$bill_num
in APPPATH/Helpers/global_helper.php on line 505.
 1 APPPATH/Helpers/global_helper.php(505): CodeIgniter\Debug\Exceptions->errorHandler()
 2 APPPATH/Controllers/Malipo.php(399): doProcessGlobalTransaction()
 3 SYSTEMPATH/CodeIgniter.php(896): App\Controllers\Malipo->nmbrecon()
 4 SYSTEMPATH/CodeIgniter.php(466): CodeIgniter\CodeIgniter->runController()
 5 SYSTEMPATH/CodeIgniter.php(349): CodeIgniter\CodeIgniter->handleRequest()
 6 FCPATH/index.php(57): CodeIgniter\CodeIgniter->run()
CRITICAL - 2024-11-08 18:19:57 --> Undefined property: stdClass::$reference
in APPPATH/Helpers/global_helper.php on line 914.
 1 APPPATH/Helpers/global_helper.php(914): CodeIgniter\Debug\Exceptions->errorHandler()
 2 APPPATH/Controllers/Malipo.php(476): nmbGenSubmitJson()
 3 SYSTEMPATH/CodeIgniter.php(896): App\Controllers\Malipo->nmbbillrequest()
 4 SYSTEMPATH/CodeIgniter.php(466): CodeIgniter\CodeIgniter->runController()
 5 SYSTEMPATH/CodeIgniter.php(349): CodeIgniter\CodeIgniter->handleRequest()
 6 FCPATH/index.php(57): CodeIgniter\CodeIgniter->run()
CRITICAL - 2024-11-08 18:20:08 --> Undefined property: stdClass::$bill_num
in APPPATH/Helpers/global_helper.php on line 505.
 1 APPPATH/Helpers/global_helper.php(505): CodeIgniter\Debug\Exceptions->errorHandler()
 2 APPPATH/Controllers/Malipo.php(399): doProcessGlobalTransaction()
 3 SYSTEMPATH/CodeIgniter.php(896): App\Controllers\Malipo->nmbrecon()
 4 SYSTEMPATH/CodeIgniter.php(466): CodeIgniter\CodeIgniter->runController()
 5 SYSTEMPATH/CodeIgniter.php(349): CodeIgniter\CodeIgniter->handleRequest()
 6 FCPATH/index.php(57): CodeIgniter\CodeIgniter->run()
CRITICAL - 2024-11-08 18:22:05 --> Undefined property: stdClass::$bill_num
in APPPATH/Helpers/global_helper.php on line 505.
 1 APPPATH/Helpers/global_helper.php(505): CodeIgniter\Debug\Exceptions->errorHandler()
 2 APPPATH/Controllers/Malipo.php(399): doProcessGlobalTransaction()
 3 SYSTEMPATH/CodeIgniter.php(896): App\Controllers\Malipo->nmbrecon()
 4 SYSTEMPATH/CodeIgniter.php(466): CodeIgniter\CodeIgniter->runController()
 5 SYSTEMPATH/CodeIgniter.php(349): CodeIgniter\CodeIgniter->handleRequest()
 6 FCPATH/index.php(57): CodeIgniter\CodeIgniter->run()
CRITICAL - 2024-11-08 18:24:05 --> Undefined property: stdClass::$bill_num
in APPPATH/Helpers/global_helper.php on line 505.
 1 APPPATH/Helpers/global_helper.php(505): CodeIgniter\Debug\Exceptions->errorHandler()
 2 APPPATH/Controllers/Malipo.php(399): doProcessGlobalTransaction()
 3 SYSTEMPATH/CodeIgniter.php(896): App\Controllers\Malipo->nmbrecon()
 4 SYSTEMPATH/CodeIgniter.php(466): CodeIgniter\CodeIgniter->runController()
 5 SYSTEMPATH/CodeIgniter.php(349): CodeIgniter\CodeIgniter->handleRequest()
 6 FCPATH/index.php(57): CodeIgniter\CodeIgniter->run()
CRITICAL - 2024-11-08 18:26:05 --> Undefined property: stdClass::$bill_num
in APPPATH/Helpers/global_helper.php on line 505.
 1 APPPATH/Helpers/global_helper.php(505): CodeIgniter\Debug\Exceptions->errorHandler()
 2 APPPATH/Controllers/Malipo.php(399): doProcessGlobalTransaction()
 3 SYSTEMPATH/CodeIgniter.php(896): App\Controllers\Malipo->nmbrecon()
 4 SYSTEMPATH/CodeIgniter.php(466): CodeIgniter\CodeIgniter->runController()
 5 SYSTEMPATH/CodeIgniter.php(349): CodeIgniter\CodeIgniter->handleRequest()
 6 FCPATH/index.php(57): CodeIgniter\CodeIgniter->run()
CRITICAL - 2024-11-08 18:28:05 --> Undefined property: stdClass::$bill_num
in APPPATH/Helpers/global_helper.php on line 505.
 1 APPPATH/Helpers/global_helper.php(505): CodeIgniter\Debug\Exceptions->errorHandler()
 2 APPPATH/Controllers/Malipo.php(399): doProcessGlobalTransaction()
 3 SYSTEMPATH/CodeIgniter.php(896): App\Controllers\Malipo->nmbrecon()
 4 SYSTEMPATH/CodeIgniter.php(466): CodeIgniter\CodeIgniter->runController()
 5 SYSTEMPATH/CodeIgniter.php(349): CodeIgniter\CodeIgniter->handleRequest()
 6 FCPATH/index.php(57): CodeIgniter\CodeIgniter->run()
CRITICAL - 2024-11-08 18:30:04 --> Undefined property: stdClass::$bill_num
in APPPATH/Helpers/global_helper.php on line 505.
 1 APPPATH/Helpers/global_helper.php(505): CodeIgniter\Debug\Exceptions->errorHandler()
 2 APPPATH/Controllers/Malipo.php(399): doProcessGlobalTransaction()
 3 SYSTEMPATH/CodeIgniter.php(896): App\Controllers\Malipo->nmbrecon()
 4 SYSTEMPATH/CodeIgniter.php(466): CodeIgniter\CodeIgniter->runController()
 5 SYSTEMPATH/CodeIgniter.php(349): CodeIgniter\CodeIgniter->handleRequest()
 6 FCPATH/index.php(57): CodeIgniter\CodeIgniter->run()
CRITICAL - 2024-11-08 18:32:05 --> Undefined property: stdClass::$bill_num
in APPPATH/Helpers/global_helper.php on line 505.
 1 APPPATH/Helpers/global_helper.php(505): CodeIgniter\Debug\Exceptions->errorHandler()
 2 APPPATH/Controllers/Malipo.php(399): doProcessGlobalTransaction()
 3 SYSTEMPATH/CodeIgniter.php(896): App\Controllers\Malipo->nmbrecon()
 4 SYSTEMPATH/CodeIgniter.php(466): CodeIgniter\CodeIgniter->runController()
 5 SYSTEMPATH/CodeIgniter.php(349): CodeIgniter\CodeIgniter->handleRequest()
 6 FCPATH/index.php(57): CodeIgniter\CodeIgniter->run()
CRITICAL - 2024-11-08 18:34:08 --> Undefined property: stdClass::$bill_num
in APPPATH/Helpers/global_helper.php on line 505.
 1 APPPATH/Helpers/global_helper.php(505): CodeIgniter\Debug\Exceptions->errorHandler()
 2 APPPATH/Controllers/Malipo.php(399): doProcessGlobalTransaction()
 3 SYSTEMPATH/CodeIgniter.php(896): App\Controllers\Malipo->nmbrecon()
 4 SYSTEMPATH/CodeIgniter.php(466): CodeIgniter\CodeIgniter->runController()
 5 SYSTEMPATH/CodeIgniter.php(349): CodeIgniter\CodeIgniter->handleRequest()
 6 FCPATH/index.php(57): CodeIgniter\CodeIgniter->run()
CRITICAL - 2024-11-08 18:36:05 --> Undefined property: stdClass::$bill_num
in APPPATH/Helpers/global_helper.php on line 505.
 1 APPPATH/Helpers/global_helper.php(505): CodeIgniter\Debug\Exceptions->errorHandler()
 2 APPPATH/Controllers/Malipo.php(399): doProcessGlobalTransaction()
 3 SYSTEMPATH/CodeIgniter.php(896): App\Controllers\Malipo->nmbrecon()
 4 SYSTEMPATH/CodeIgniter.php(466): CodeIgniter\CodeIgniter->runController()
 5 SYSTEMPATH/CodeIgniter.php(349): CodeIgniter\CodeIgniter->handleRequest()
 6 FCPATH/index.php(57): CodeIgniter\CodeIgniter->run()
CRITICAL - 2024-11-08 18:38:04 --> Undefined property: stdClass::$bill_num
in APPPATH/Helpers/global_helper.php on line 505.
 1 APPPATH/Helpers/global_helper.php(505): CodeIgniter\Debug\Exceptions->errorHandler()
 2 APPPATH/Controllers/Malipo.php(399): doProcessGlobalTransaction()
 3 SYSTEMPATH/CodeIgniter.php(896): App\Controllers\Malipo->nmbrecon()
 4 SYSTEMPATH/CodeIgniter.php(466): CodeIgniter\CodeIgniter->runController()
 5 SYSTEMPATH/CodeIgniter.php(349): CodeIgniter\CodeIgniter->handleRequest()
 6 FCPATH/index.php(57): CodeIgniter\CodeIgniter->run()
CRITICAL - 2024-11-08 18:40:05 --> Undefined property: stdClass::$bill_num
in APPPATH/Helpers/global_helper.php on line 505.
 1 APPPATH/Helpers/global_helper.php(505): CodeIgniter\Debug\Exceptions->errorHandler()
 2 APPPATH/Controllers/Malipo.php(399): doProcessGlobalTransaction()
 3 SYSTEMPATH/CodeIgniter.php(896): App\Controllers\Malipo->nmbrecon()
 4 SYSTEMPATH/CodeIgniter.php(466): CodeIgniter\CodeIgniter->runController()
 5 SYSTEMPATH/CodeIgniter.php(349): CodeIgniter\CodeIgniter->handleRequest()
 6 FCPATH/index.php(57): CodeIgniter\CodeIgniter->run()
CRITICAL - 2024-11-08 18:42:05 --> Undefined property: stdClass::$bill_num
in APPPATH/Helpers/global_helper.php on line 505.
 1 APPPATH/Helpers/global_helper.php(505): CodeIgniter\Debug\Exceptions->errorHandler()
 2 APPPATH/Controllers/Malipo.php(399): doProcessGlobalTransaction()
 3 SYSTEMPATH/CodeIgniter.php(896): App\Controllers\Malipo->nmbrecon()
 4 SYSTEMPATH/CodeIgniter.php(466): CodeIgniter\CodeIgniter->runController()
 5 SYSTEMPATH/CodeIgniter.php(349): CodeIgniter\CodeIgniter->handleRequest()
 6 FCPATH/index.php(57): CodeIgniter\CodeIgniter->run()
CRITICAL - 2024-11-08 18:44:05 --> Undefined property: stdClass::$bill_num
in APPPATH/Helpers/global_helper.php on line 505.
 1 APPPATH/Helpers/global_helper.php(505): CodeIgniter\Debug\Exceptions->errorHandler()
 2 APPPATH/Controllers/Malipo.php(399): doProcessGlobalTransaction()
 3 SYSTEMPATH/CodeIgniter.php(896): App\Controllers\Malipo->nmbrecon()
 4 SYSTEMPATH/CodeIgniter.php(466): CodeIgniter\CodeIgniter->runController()
 5 SYSTEMPATH/CodeIgniter.php(349): CodeIgniter\CodeIgniter->handleRequest()
 6 FCPATH/index.php(57): CodeIgniter\CodeIgniter->run()
CRITICAL - 2024-11-08 18:46:05 --> Undefined property: stdClass::$bill_num
in APPPATH/Helpers/global_helper.php on line 505.
 1 APPPATH/Helpers/global_helper.php(505): CodeIgniter\Debug\Exceptions->errorHandler()
 2 APPPATH/Controllers/Malipo.php(399): doProcessGlobalTransaction()
 3 SYSTEMPATH/CodeIgniter.php(896): App\Controllers\Malipo->nmbrecon()
 4 SYSTEMPATH/CodeIgniter.php(466): CodeIgniter\CodeIgniter->runController()
 5 SYSTEMPATH/CodeIgniter.php(349): CodeIgniter\CodeIgniter->handleRequest()
 6 FCPATH/index.php(57): CodeIgniter\CodeIgniter->run()
CRITICAL - 2024-11-08 18:48:05 --> Undefined property: stdClass::$bill_num
in APPPATH/Helpers/global_helper.php on line 505.
 1 APPPATH/Helpers/global_helper.php(505): CodeIgniter\Debug\Exceptions->errorHandler()
 2 APPPATH/Controllers/Malipo.php(399): doProcessGlobalTransaction()
 3 SYSTEMPATH/CodeIgniter.php(896): App\Controllers\Malipo->nmbrecon()
 4 SYSTEMPATH/CodeIgniter.php(466): CodeIgniter\CodeIgniter->runController()
 5 SYSTEMPATH/CodeIgniter.php(349): CodeIgniter\CodeIgniter->handleRequest()
 6 FCPATH/index.php(57): CodeIgniter\CodeIgniter->run()
CRITICAL - 2024-11-08 18:50:05 --> Undefined property: stdClass::$bill_num
in APPPATH/Helpers/global_helper.php on line 505.
 1 APPPATH/Helpers/global_helper.php(505): CodeIgniter\Debug\Exceptions->errorHandler()
 2 APPPATH/Controllers/Malipo.php(399): doProcessGlobalTransaction()
 3 SYSTEMPATH/CodeIgniter.php(896): App\Controllers\Malipo->nmbrecon()
 4 SYSTEMPATH/CodeIgniter.php(466): CodeIgniter\CodeIgniter->runController()
 5 SYSTEMPATH/CodeIgniter.php(349): CodeIgniter\CodeIgniter->handleRequest()
 6 FCPATH/index.php(57): CodeIgniter\CodeIgniter->run()
CRITICAL - 2024-11-08 18:50:13 --> Undefined array key "data"
in APPPATH/Helpers/global_helper.php on line 154.
 1 APPPATH/Helpers/global_helper.php(154): CodeIgniter\Debug\Exceptions->errorHandler()
 2 APPPATH/Controllers/Malipo.php(294): dispResponseCRDBValidate()
 3 SYSTEMPATH/CodeIgniter.php(896): App\Controllers\Malipo->crdbverify()
 4 SYSTEMPATH/CodeIgniter.php(466): CodeIgniter\CodeIgniter->runController()
 5 SYSTEMPATH/CodeIgniter.php(349): CodeIgniter\CodeIgniter->handleRequest()
 6 FCPATH/index.php(57): CodeIgniter\CodeIgniter->run()
CRITICAL - 2024-11-08 18:52:04 --> Undefined property: stdClass::$bill_num
in APPPATH/Helpers/global_helper.php on line 505.
 1 APPPATH/Helpers/global_helper.php(505): CodeIgniter\Debug\Exceptions->errorHandler()
 2 APPPATH/Controllers/Malipo.php(399): doProcessGlobalTransaction()
 3 SYSTEMPATH/CodeIgniter.php(896): App\Controllers\Malipo->nmbrecon()
 4 SYSTEMPATH/CodeIgniter.php(466): CodeIgniter\CodeIgniter->runController()
 5 SYSTEMPATH/CodeIgniter.php(349): CodeIgniter\CodeIgniter->handleRequest()
 6 FCPATH/index.php(57): CodeIgniter\CodeIgniter->run()
CRITICAL - 2024-11-08 18:54:05 --> Undefined property: stdClass::$bill_num
in APPPATH/Helpers/global_helper.php on line 505.
 1 APPPATH/Helpers/global_helper.php(505): CodeIgniter\Debug\Exceptions->errorHandler()
 2 APPPATH/Controllers/Malipo.php(399): doProcessGlobalTransaction()
 3 SYSTEMPATH/CodeIgniter.php(896): App\Controllers\Malipo->nmbrecon()
 4 SYSTEMPATH/CodeIgniter.php(466): CodeIgniter\CodeIgniter->runController()
 5 SYSTEMPATH/CodeIgniter.php(349): CodeIgniter\CodeIgniter->handleRequest()
 6 FCPATH/index.php(57): CodeIgniter\CodeIgniter->run()
CRITICAL - 2024-11-08 18:56:05 --> Undefined property: stdClass::$bill_num
in APPPATH/Helpers/global_helper.php on line 505.
 1 APPPATH/Helpers/global_helper.php(505): CodeIgniter\Debug\Exceptions->errorHandler()
 2 APPPATH/Controllers/Malipo.php(399): doProcessGlobalTransaction()
 3 SYSTEMPATH/CodeIgniter.php(896): App\Controllers\Malipo->nmbrecon()
 4 SYSTEMPATH/CodeIgniter.php(466): CodeIgniter\CodeIgniter->runController()
 5 SYSTEMPATH/CodeIgniter.php(349): CodeIgniter\CodeIgniter->handleRequest()
 6 FCPATH/index.php(57): CodeIgniter\CodeIgniter->run()
CRITICAL - 2024-11-08 18:58:05 --> Undefined property: stdClass::$bill_num
in APPPATH/Helpers/global_helper.php on line 505.
 1 APPPATH/Helpers/global_helper.php(505): CodeIgniter\Debug\Exceptions->errorHandler()
 2 APPPATH/Controllers/Malipo.php(399): doProcessGlobalTransaction()
 3 SYSTEMPATH/CodeIgniter.php(896): App\Controllers\Malipo->nmbrecon()
 4 SYSTEMPATH/CodeIgniter.php(466): CodeIgniter\CodeIgniter->runController()
 5 SYSTEMPATH/CodeIgniter.php(349): CodeIgniter\CodeIgniter->handleRequest()
 6 FCPATH/index.php(57): CodeIgniter\CodeIgniter->run()
CRITICAL - 2024-11-08 19:00:07 --> Undefined property: stdClass::$bill_num
in APPPATH/Helpers/global_helper.php on line 505.
 1 APPPATH/Helpers/global_helper.php(505): CodeIgniter\Debug\Exceptions->errorHandler()
 2 APPPATH/Controllers/Malipo.php(399): doProcessGlobalTransaction()
 3 SYSTEMPATH/CodeIgniter.php(896): App\Controllers\Malipo->nmbrecon()
 4 SYSTEMPATH/CodeIgniter.php(466): CodeIgniter\CodeIgniter->runController()
 5 SYSTEMPATH/CodeIgniter.php(349): CodeIgniter\CodeIgniter->handleRequest()
 6 FCPATH/index.php(57): CodeIgniter\CodeIgniter->run()
CRITICAL - 2024-11-08 19:02:04 --> Undefined property: stdClass::$bill_num
in APPPATH/Helpers/global_helper.php on line 505.
 1 APPPATH/Helpers/global_helper.php(505): CodeIgniter\Debug\Exceptions->errorHandler()
 2 APPPATH/Controllers/Malipo.php(399): doProcessGlobalTransaction()
 3 SYSTEMPATH/CodeIgniter.php(896): App\Controllers\Malipo->nmbrecon()
 4 SYSTEMPATH/CodeIgniter.php(466): CodeIgniter\CodeIgniter->runController()
 5 SYSTEMPATH/CodeIgniter.php(349): CodeIgniter\CodeIgniter->handleRequest()
 6 FCPATH/index.php(57): CodeIgniter\CodeIgniter->run()
CRITICAL - 2024-11-08 19:04:05 --> Undefined property: stdClass::$bill_num
in APPPATH/Helpers/global_helper.php on line 505.
 1 APPPATH/Helpers/global_helper.php(505): CodeIgniter\Debug\Exceptions->errorHandler()
 2 APPPATH/Controllers/Malipo.php(399): doProcessGlobalTransaction()
 3 SYSTEMPATH/CodeIgniter.php(896): App\Controllers\Malipo->nmbrecon()
 4 SYSTEMPATH/CodeIgniter.php(466): CodeIgniter\CodeIgniter->runController()
 5 SYSTEMPATH/CodeIgniter.php(349): CodeIgniter\CodeIgniter->handleRequest()
 6 FCPATH/index.php(57): CodeIgniter\CodeIgniter->run()
CRITICAL - 2024-11-08 19:06:05 --> Undefined property: stdClass::$bill_num
in APPPATH/Helpers/global_helper.php on line 505.
 1 APPPATH/Helpers/global_helper.php(505): CodeIgniter\Debug\Exceptions->errorHandler()
 2 APPPATH/Controllers/Malipo.php(399): doProcessGlobalTransaction()
 3 SYSTEMPATH/CodeIgniter.php(896): App\Controllers\Malipo->nmbrecon()
 4 SYSTEMPATH/CodeIgniter.php(466): CodeIgniter\CodeIgniter->runController()
 5 SYSTEMPATH/CodeIgniter.php(349): CodeIgniter\CodeIgniter->handleRequest()
 6 FCPATH/index.php(57): CodeIgniter\CodeIgniter->run()
CRITICAL - 2024-11-08 19:08:05 --> Undefined property: stdClass::$bill_num
in APPPATH/Helpers/global_helper.php on line 505.
 1 APPPATH/Helpers/global_helper.php(505): CodeIgniter\Debug\Exceptions->errorHandler()
 2 APPPATH/Controllers/Malipo.php(399): doProcessGlobalTransaction()
 3 SYSTEMPATH/CodeIgniter.php(896): App\Controllers\Malipo->nmbrecon()
 4 SYSTEMPATH/CodeIgniter.php(466): CodeIgniter\CodeIgniter->runController()
 5 SYSTEMPATH/CodeIgniter.php(349): CodeIgniter\CodeIgniter->handleRequest()
 6 FCPATH/index.php(57): CodeIgniter\CodeIgniter->run()
CRITICAL - 2024-11-08 19:10:05 --> Undefined property: stdClass::$bill_num
in APPPATH/Helpers/global_helper.php on line 505.
 1 APPPATH/Helpers/global_helper.php(505): CodeIgniter\Debug\Exceptions->errorHandler()
 2 APPPATH/Controllers/Malipo.php(399): doProcessGlobalTransaction()
 3 SYSTEMPATH/CodeIgniter.php(896): App\Controllers\Malipo->nmbrecon()
 4 SYSTEMPATH/CodeIgniter.php(466): CodeIgniter\CodeIgniter->runController()
 5 SYSTEMPATH/CodeIgniter.php(349): CodeIgniter\CodeIgniter->handleRequest()
 6 FCPATH/index.php(57): CodeIgniter\CodeIgniter->run()
CRITICAL - 2024-11-08 19:12:06 --> Undefined property: stdClass::$bill_num
in APPPATH/Helpers/global_helper.php on line 505.
 1 APPPATH/Helpers/global_helper.php(505): CodeIgniter\Debug\Exceptions->errorHandler()
 2 APPPATH/Controllers/Malipo.php(399): doProcessGlobalTransaction()
 3 SYSTEMPATH/CodeIgniter.php(896): App\Controllers\Malipo->nmbrecon()
 4 SYSTEMPATH/CodeIgniter.php(466): CodeIgniter\CodeIgniter->runController()
 5 SYSTEMPATH/CodeIgniter.php(349): CodeIgniter\CodeIgniter->handleRequest()
 6 FCPATH/index.php(57): CodeIgniter\CodeIgniter->run()
CRITICAL - 2024-11-08 19:14:05 --> Undefined property: stdClass::$bill_num
in APPPATH/Helpers/global_helper.php on line 505.
 1 APPPATH/Helpers/global_helper.php(505): CodeIgniter\Debug\Exceptions->errorHandler()
 2 APPPATH/Controllers/Malipo.php(399): doProcessGlobalTransaction()
 3 SYSTEMPATH/CodeIgniter.php(896): App\Controllers\Malipo->nmbrecon()
 4 SYSTEMPATH/CodeIgniter.php(466): CodeIgniter\CodeIgniter->runController()
 5 SYSTEMPATH/CodeIgniter.php(349): CodeIgniter\CodeIgniter->handleRequest()
 6 FCPATH/index.php(57): CodeIgniter\CodeIgniter->run()
CRITICAL - 2024-11-08 19:16:04 --> Undefined property: stdClass::$bill_num
in APPPATH/Helpers/global_helper.php on line 505.
 1 APPPATH/Helpers/global_helper.php(505): CodeIgniter\Debug\Exceptions->errorHandler()
 2 APPPATH/Controllers/Malipo.php(399): doProcessGlobalTransaction()
 3 SYSTEMPATH/CodeIgniter.php(896): App\Controllers\Malipo->nmbrecon()
 4 SYSTEMPATH/CodeIgniter.php(466): CodeIgniter\CodeIgniter->runController()
 5 SYSTEMPATH/CodeIgniter.php(349): CodeIgniter\CodeIgniter->handleRequest()
 6 FCPATH/index.php(57): CodeIgniter\CodeIgniter->run()
CRITICAL - 2024-11-08 19:18:05 --> Undefined property: stdClass::$bill_num
in APPPATH/Helpers/global_helper.php on line 505.
 1 APPPATH/Helpers/global_helper.php(505): CodeIgniter\Debug\Exceptions->errorHandler()
 2 APPPATH/Controllers/Malipo.php(399): doProcessGlobalTransaction()
 3 SYSTEMPATH/CodeIgniter.php(896): App\Controllers\Malipo->nmbrecon()
 4 SYSTEMPATH/CodeIgniter.php(466): CodeIgniter\CodeIgniter->runController()
 5 SYSTEMPATH/CodeIgniter.php(349): CodeIgniter\CodeIgniter->handleRequest()
 6 FCPATH/index.php(57): CodeIgniter\CodeIgniter->run()
CRITICAL - 2024-11-08 19:20:05 --> Undefined property: stdClass::$bill_num
in APPPATH/Helpers/global_helper.php on line 505.
 1 APPPATH/Helpers/global_helper.php(505): CodeIgniter\Debug\Exceptions->errorHandler()
 2 APPPATH/Controllers/Malipo.php(399): doProcessGlobalTransaction()
 3 SYSTEMPATH/CodeIgniter.php(896): App\Controllers\Malipo->nmbrecon()
 4 SYSTEMPATH/CodeIgniter.php(466): CodeIgniter\CodeIgniter->runController()
 5 SYSTEMPATH/CodeIgniter.php(349): CodeIgniter\CodeIgniter->handleRequest()
 6 FCPATH/index.php(57): CodeIgniter\CodeIgniter->run()
ERROR - 2024-11-08 19:21:39 --> Got error 4009 'Cluster Failure' from NDBCLUSTER
CRITICAL - 2024-11-08 19:21:39 --> Got error 4009 'Cluster Failure' from NDBCLUSTER
in SYSTEMPATH/Database/MySQLi/Connection.php on line 292.
 1 SYSTEMPATH/Database/MySQLi/Connection.php(292): mysqli->query()
 2 SYSTEMPATH/Database/BaseConnection.php(695): CodeIgniter\Database\MySQLi\Connection->execute()
 3 SYSTEMPATH/Database/BaseConnection.php(609): CodeIgniter\Database\BaseConnection->simpleQuery()
 4 APPPATH/Models/Engine.php(554): CodeIgniter\Database\BaseConnection->query()
 5 APPPATH/Controllers/BaseController.php(77): App\Models\Engine->getLanguages()
 6 SYSTEMPATH/CodeIgniter.php(859): App\Controllers\BaseController->initController()
 7 SYSTEMPATH/CodeIgniter.php(457): CodeIgniter\CodeIgniter->createController()
 8 SYSTEMPATH/CodeIgniter.php(349): CodeIgniter\CodeIgniter->handleRequest()
 9 FCPATH/index.php(57): CodeIgniter\CodeIgniter->run()
CRITICAL - 2024-11-08 19:22:06 --> Undefined property: stdClass::$bill_num
in APPPATH/Helpers/global_helper.php on line 505.
 1 APPPATH/Helpers/global_helper.php(505): CodeIgniter\Debug\Exceptions->errorHandler()
 2 APPPATH/Controllers/Malipo.php(399): doProcessGlobalTransaction()
 3 SYSTEMPATH/CodeIgniter.php(896): App\Controllers\Malipo->nmbrecon()
 4 SYSTEMPATH/CodeIgniter.php(466): CodeIgniter\CodeIgniter->runController()
 5 SYSTEMPATH/CodeIgniter.php(349): CodeIgniter\CodeIgniter->handleRequest()
 6 FCPATH/index.php(57): CodeIgniter\CodeIgniter->run()
CRITICAL - 2024-11-08 19:24:06 --> Undefined property: stdClass::$bill_num
in APPPATH/Helpers/global_helper.php on line 505.
 1 APPPATH/Helpers/global_helper.php(505): CodeIgniter\Debug\Exceptions->errorHandler()
 2 APPPATH/Controllers/Malipo.php(399): doProcessGlobalTransaction()
 3 SYSTEMPATH/CodeIgniter.php(896): App\Controllers\Malipo->nmbrecon()
 4 SYSTEMPATH/CodeIgniter.php(466): CodeIgniter\CodeIgniter->runController()
 5 SYSTEMPATH/CodeIgniter.php(349): CodeIgniter\CodeIgniter->handleRequest()
 6 FCPATH/index.php(57): CodeIgniter\CodeIgniter->run()
CRITICAL - 2024-11-08 19:26:06 --> Undefined property: stdClass::$bill_num
in APPPATH/Helpers/global_helper.php on line 505.
 1 APPPATH/Helpers/global_helper.php(505): CodeIgniter\Debug\Exceptions->errorHandler()
 2 APPPATH/Controllers/Malipo.php(399): doProcessGlobalTransaction()
 3 SYSTEMPATH/CodeIgniter.php(896): App\Controllers\Malipo->nmbrecon()
 4 SYSTEMPATH/CodeIgniter.php(466): CodeIgniter\CodeIgniter->runController()
 5 SYSTEMPATH/CodeIgniter.php(349): CodeIgniter\CodeIgniter->handleRequest()
 6 FCPATH/index.php(57): CodeIgniter\CodeIgniter->run()
CRITICAL - 2024-11-08 19:28:06 --> Undefined property: stdClass::$bill_num
in APPPATH/Helpers/global_helper.php on line 505.
 1 APPPATH/Helpers/global_helper.php(505): CodeIgniter\Debug\Exceptions->errorHandler()
 2 APPPATH/Controllers/Malipo.php(399): doProcessGlobalTransaction()
 3 SYSTEMPATH/CodeIgniter.php(896): App\Controllers\Malipo->nmbrecon()
 4 SYSTEMPATH/CodeIgniter.php(466): CodeIgniter\CodeIgniter->runController()
 5 SYSTEMPATH/CodeIgniter.php(349): CodeIgniter\CodeIgniter->handleRequest()
 6 FCPATH/index.php(57): CodeIgniter\CodeIgniter->run()
CRITICAL - 2024-11-08 19:30:05 --> Undefined property: stdClass::$bill_num
in APPPATH/Helpers/global_helper.php on line 505.
 1 APPPATH/Helpers/global_helper.php(505): CodeIgniter\Debug\Exceptions->errorHandler()
 2 APPPATH/Controllers/Malipo.php(399): doProcessGlobalTransaction()
 3 SYSTEMPATH/CodeIgniter.php(896): App\Controllers\Malipo->nmbrecon()
 4 SYSTEMPATH/CodeIgniter.php(466): CodeIgniter\CodeIgniter->runController()
 5 SYSTEMPATH/CodeIgniter.php(349): CodeIgniter\CodeIgniter->handleRequest()
 6 FCPATH/index.php(57): CodeIgniter\CodeIgniter->run()
CRITICAL - 2024-11-08 19:32:06 --> Undefined property: stdClass::$bill_num
in APPPATH/Helpers/global_helper.php on line 505.
 1 APPPATH/Helpers/global_helper.php(505): CodeIgniter\Debug\Exceptions->errorHandler()
 2 APPPATH/Controllers/Malipo.php(399): doProcessGlobalTransaction()
 3 SYSTEMPATH/CodeIgniter.php(896): App\Controllers\Malipo->nmbrecon()
 4 SYSTEMPATH/CodeIgniter.php(466): CodeIgniter\CodeIgniter->runController()
 5 SYSTEMPATH/CodeIgniter.php(349): CodeIgniter\CodeIgniter->handleRequest()
 6 FCPATH/index.php(57): CodeIgniter\CodeIgniter->run()
CRITICAL - 2024-11-08 19:34:06 --> Undefined property: stdClass::$bill_num
in APPPATH/Helpers/global_helper.php on line 505.
 1 APPPATH/Helpers/global_helper.php(505): CodeIgniter\Debug\Exceptions->errorHandler()
 2 APPPATH/Controllers/Malipo.php(399): doProcessGlobalTransaction()
 3 SYSTEMPATH/CodeIgniter.php(896): App\Controllers\Malipo->nmbrecon()
 4 SYSTEMPATH/CodeIgniter.php(466): CodeIgniter\CodeIgniter->runController()
 5 SYSTEMPATH/CodeIgniter.php(349): CodeIgniter\CodeIgniter->handleRequest()
 6 FCPATH/index.php(57): CodeIgniter\CodeIgniter->run()
CRITICAL - 2024-11-08 19:36:06 --> Undefined property: stdClass::$bill_num
in APPPATH/Helpers/global_helper.php on line 505.
 1 APPPATH/Helpers/global_helper.php(505): CodeIgniter\Debug\Exceptions->errorHandler()
 2 APPPATH/Controllers/Malipo.php(399): doProcessGlobalTransaction()
 3 SYSTEMPATH/CodeIgniter.php(896): App\Controllers\Malipo->nmbrecon()
 4 SYSTEMPATH/CodeIgniter.php(466): CodeIgniter\CodeIgniter->runController()
 5 SYSTEMPATH/CodeIgniter.php(349): CodeIgniter\CodeIgniter->handleRequest()
 6 FCPATH/index.php(57): CodeIgniter\CodeIgniter->run()
CRITICAL - 2024-11-08 19:38:06 --> Undefined property: stdClass::$bill_num
in APPPATH/Helpers/global_helper.php on line 505.
 1 APPPATH/Helpers/global_helper.php(505): CodeIgniter\Debug\Exceptions->errorHandler()
 2 APPPATH/Controllers/Malipo.php(399): doProcessGlobalTransaction()
 3 SYSTEMPATH/CodeIgniter.php(896): App\Controllers\Malipo->nmbrecon()
 4 SYSTEMPATH/CodeIgniter.php(466): CodeIgniter\CodeIgniter->runController()
 5 SYSTEMPATH/CodeIgniter.php(349): CodeIgniter\CodeIgniter->handleRequest()
 6 FCPATH/index.php(57): CodeIgniter\CodeIgniter->run()
CRITICAL - 2024-11-08 19:40:06 --> Undefined property: stdClass::$bill_num
in APPPATH/Helpers/global_helper.php on line 505.
 1 APPPATH/Helpers/global_helper.php(505): CodeIgniter\Debug\Exceptions->errorHandler()
 2 APPPATH/Controllers/Malipo.php(399): doProcessGlobalTransaction()
 3 SYSTEMPATH/CodeIgniter.php(896): App\Controllers\Malipo->nmbrecon()
 4 SYSTEMPATH/CodeIgniter.php(466): CodeIgniter\CodeIgniter->runController()
 5 SYSTEMPATH/CodeIgniter.php(349): CodeIgniter\CodeIgniter->handleRequest()
 6 FCPATH/index.php(57): CodeIgniter\CodeIgniter->run()
CRITICAL - 2024-11-08 19:42:05 --> Undefined property: stdClass::$bill_num
in APPPATH/Helpers/global_helper.php on line 505.
 1 APPPATH/Helpers/global_helper.php(505): CodeIgniter\Debug\Exceptions->errorHandler()
 2 APPPATH/Controllers/Malipo.php(399): doProcessGlobalTransaction()
 3 SYSTEMPATH/CodeIgniter.php(896): App\Controllers\Malipo->nmbrecon()
 4 SYSTEMPATH/CodeIgniter.php(466): CodeIgniter\CodeIgniter->runController()
 5 SYSTEMPATH/CodeIgniter.php(349): CodeIgniter\CodeIgniter->handleRequest()
 6 FCPATH/index.php(57): CodeIgniter\CodeIgniter->run()
CRITICAL - 2024-11-08 19:44:05 --> Undefined property: stdClass::$bill_num
in APPPATH/Helpers/global_helper.php on line 505.
 1 APPPATH/Helpers/global_helper.php(505): CodeIgniter\Debug\Exceptions->errorHandler()
 2 APPPATH/Controllers/Malipo.php(399): doProcessGlobalTransaction()
 3 SYSTEMPATH/CodeIgniter.php(896): App\Controllers\Malipo->nmbrecon()
 4 SYSTEMPATH/CodeIgniter.php(466): CodeIgniter\CodeIgniter->runController()
 5 SYSTEMPATH/CodeIgniter.php(349): CodeIgniter\CodeIgniter->handleRequest()
 6 FCPATH/index.php(57): CodeIgniter\CodeIgniter->run()
CRITICAL - 2024-11-08 19:46:05 --> Undefined property: stdClass::$bill_num
in APPPATH/Helpers/global_helper.php on line 505.
 1 APPPATH/Helpers/global_helper.php(505): CodeIgniter\Debug\Exceptions->errorHandler()
 2 APPPATH/Controllers/Malipo.php(399): doProcessGlobalTransaction()
 3 SYSTEMPATH/CodeIgniter.php(896): App\Controllers\Malipo->nmbrecon()
 4 SYSTEMPATH/CodeIgniter.php(466): CodeIgniter\CodeIgniter->runController()
 5 SYSTEMPATH/CodeIgniter.php(349): CodeIgniter\CodeIgniter->handleRequest()
 6 FCPATH/index.php(57): CodeIgniter\CodeIgniter->run()
CRITICAL - 2024-11-08 19:48:06 --> Undefined property: stdClass::$bill_num
in APPPATH/Helpers/global_helper.php on line 505.
 1 APPPATH/Helpers/global_helper.php(505): CodeIgniter\Debug\Exceptions->errorHandler()
 2 APPPATH/Controllers/Malipo.php(399): doProcessGlobalTransaction()
 3 SYSTEMPATH/CodeIgniter.php(896): App\Controllers\Malipo->nmbrecon()
 4 SYSTEMPATH/CodeIgniter.php(466): CodeIgniter\CodeIgniter->runController()
 5 SYSTEMPATH/CodeIgniter.php(349): CodeIgniter\CodeIgniter->handleRequest()
 6 FCPATH/index.php(57): CodeIgniter\CodeIgniter->run()
CRITICAL - 2024-11-08 19:50:05 --> Undefined property: stdClass::$bill_num
in APPPATH/Helpers/global_helper.php on line 505.
 1 APPPATH/Helpers/global_helper.php(505): CodeIgniter\Debug\Exceptions->errorHandler()
 2 APPPATH/Controllers/Malipo.php(399): doProcessGlobalTransaction()
 3 SYSTEMPATH/CodeIgniter.php(896): App\Controllers\Malipo->nmbrecon()
 4 SYSTEMPATH/CodeIgniter.php(466): CodeIgniter\CodeIgniter->runController()
 5 SYSTEMPATH/CodeIgniter.php(349): CodeIgniter\CodeIgniter->handleRequest()
 6 FCPATH/index.php(57): CodeIgniter\CodeIgniter->run()
CRITICAL - 2024-11-08 19:52:06 --> Undefined property: stdClass::$bill_num
in APPPATH/Helpers/global_helper.php on line 505.
 1 APPPATH/Helpers/global_helper.php(505): CodeIgniter\Debug\Exceptions->errorHandler()
 2 APPPATH/Controllers/Malipo.php(399): doProcessGlobalTransaction()
 3 SYSTEMPATH/CodeIgniter.php(896): App\Controllers\Malipo->nmbrecon()
 4 SYSTEMPATH/CodeIgniter.php(466): CodeIgniter\CodeIgniter->runController()
 5 SYSTEMPATH/CodeIgniter.php(349): CodeIgniter\CodeIgniter->handleRequest()
 6 FCPATH/index.php(57): CodeIgniter\CodeIgniter->run()
CRITICAL - 2024-11-08 19:54:06 --> Undefined property: stdClass::$bill_num
in APPPATH/Helpers/global_helper.php on line 505.
 1 APPPATH/Helpers/global_helper.php(505): CodeIgniter\Debug\Exceptions->errorHandler()
 2 APPPATH/Controllers/Malipo.php(399): doProcessGlobalTransaction()
 3 SYSTEMPATH/CodeIgniter.php(896): App\Controllers\Malipo->nmbrecon()
 4 SYSTEMPATH/CodeIgniter.php(466): CodeIgniter\CodeIgniter->runController()
 5 SYSTEMPATH/CodeIgniter.php(349): CodeIgniter\CodeIgniter->handleRequest()
 6 FCPATH/index.php(57): CodeIgniter\CodeIgniter->run()
CRITICAL - 2024-11-08 19:56:05 --> Undefined property: stdClass::$bill_num
in APPPATH/Helpers/global_helper.php on line 505.
 1 APPPATH/Helpers/global_helper.php(505): CodeIgniter\Debug\Exceptions->errorHandler()
 2 APPPATH/Controllers/Malipo.php(399): doProcessGlobalTransaction()
 3 SYSTEMPATH/CodeIgniter.php(896): App\Controllers\Malipo->nmbrecon()
 4 SYSTEMPATH/CodeIgniter.php(466): CodeIgniter\CodeIgniter->runController()
 5 SYSTEMPATH/CodeIgniter.php(349): CodeIgniter\CodeIgniter->handleRequest()
 6 FCPATH/index.php(57): CodeIgniter\CodeIgniter->run()
CRITICAL - 2024-11-08 19:58:05 --> Undefined property: stdClass::$bill_num
in APPPATH/Helpers/global_helper.php on line 505.
 1 APPPATH/Helpers/global_helper.php(505): CodeIgniter\Debug\Exceptions->errorHandler()
 2 APPPATH/Controllers/Malipo.php(399): doProcessGlobalTransaction()
 3 SYSTEMPATH/CodeIgniter.php(896): App\Controllers\Malipo->nmbrecon()
 4 SYSTEMPATH/CodeIgniter.php(466): CodeIgniter\CodeIgniter->runController()
 5 SYSTEMPATH/CodeIgniter.php(349): CodeIgniter\CodeIgniter->handleRequest()
 6 FCPATH/index.php(57): CodeIgniter\CodeIgniter->run()
CRITICAL - 2024-11-08 20:00:05 --> Undefined property: stdClass::$bill_num
in APPPATH/Helpers/global_helper.php on line 505.
 1 APPPATH/Helpers/global_helper.php(505): CodeIgniter\Debug\Exceptions->errorHandler()
 2 APPPATH/Controllers/Malipo.php(399): doProcessGlobalTransaction()
 3 SYSTEMPATH/CodeIgniter.php(896): App\Controllers\Malipo->nmbrecon()
 4 SYSTEMPATH/CodeIgniter.php(466): CodeIgniter\CodeIgniter->runController()
 5 SYSTEMPATH/CodeIgniter.php(349): CodeIgniter\CodeIgniter->handleRequest()
 6 FCPATH/index.php(57): CodeIgniter\CodeIgniter->run()
CRITICAL - 2024-11-08 20:02:06 --> Undefined property: stdClass::$bill_num
in APPPATH/Helpers/global_helper.php on line 505.
 1 APPPATH/Helpers/global_helper.php(505): CodeIgniter\Debug\Exceptions->errorHandler()
 2 APPPATH/Controllers/Malipo.php(399): doProcessGlobalTransaction()
 3 SYSTEMPATH/CodeIgniter.php(896): App\Controllers\Malipo->nmbrecon()
 4 SYSTEMPATH/CodeIgniter.php(466): CodeIgniter\CodeIgniter->runController()
 5 SYSTEMPATH/CodeIgniter.php(349): CodeIgniter\CodeIgniter->handleRequest()
 6 FCPATH/index.php(57): CodeIgniter\CodeIgniter->run()
CRITICAL - 2024-11-08 20:04:06 --> Undefined property: stdClass::$bill_num
in APPPATH/Helpers/global_helper.php on line 505.
 1 APPPATH/Helpers/global_helper.php(505): CodeIgniter\Debug\Exceptions->errorHandler()
 2 APPPATH/Controllers/Malipo.php(399): doProcessGlobalTransaction()
 3 SYSTEMPATH/CodeIgniter.php(896): App\Controllers\Malipo->nmbrecon()
 4 SYSTEMPATH/CodeIgniter.php(466): CodeIgniter\CodeIgniter->runController()
 5 SYSTEMPATH/CodeIgniter.php(349): CodeIgniter\CodeIgniter->handleRequest()
 6 FCPATH/index.php(57): CodeIgniter\CodeIgniter->run()
CRITICAL - 2024-11-08 20:06:06 --> Undefined property: stdClass::$bill_num
in APPPATH/Helpers/global_helper.php on line 505.
 1 APPPATH/Helpers/global_helper.php(505): CodeIgniter\Debug\Exceptions->errorHandler()
 2 APPPATH/Controllers/Malipo.php(399): doProcessGlobalTransaction()
 3 SYSTEMPATH/CodeIgniter.php(896): App\Controllers\Malipo->nmbrecon()
 4 SYSTEMPATH/CodeIgniter.php(466): CodeIgniter\CodeIgniter->runController()
 5 SYSTEMPATH/CodeIgniter.php(349): CodeIgniter\CodeIgniter->handleRequest()
 6 FCPATH/index.php(57): CodeIgniter\CodeIgniter->run()
CRITICAL - 2024-11-08 20:08:05 --> Undefined property: stdClass::$bill_num
in APPPATH/Helpers/global_helper.php on line 505.
 1 APPPATH/Helpers/global_helper.php(505): CodeIgniter\Debug\Exceptions->errorHandler()
 2 APPPATH/Controllers/Malipo.php(399): doProcessGlobalTransaction()
 3 SYSTEMPATH/CodeIgniter.php(896): App\Controllers\Malipo->nmbrecon()
 4 SYSTEMPATH/CodeIgniter.php(466): CodeIgniter\CodeIgniter->runController()
 5 SYSTEMPATH/CodeIgniter.php(349): CodeIgniter\CodeIgniter->handleRequest()
 6 FCPATH/index.php(57): CodeIgniter\CodeIgniter->run()
CRITICAL - 2024-11-08 20:10:05 --> Undefined property: stdClass::$bill_num
in APPPATH/Helpers/global_helper.php on line 505.
 1 APPPATH/Helpers/global_helper.php(505): CodeIgniter\Debug\Exceptions->errorHandler()
 2 APPPATH/Controllers/Malipo.php(399): doProcessGlobalTransaction()
 3 SYSTEMPATH/CodeIgniter.php(896): App\Controllers\Malipo->nmbrecon()
 4 SYSTEMPATH/CodeIgniter.php(466): CodeIgniter\CodeIgniter->runController()
 5 SYSTEMPATH/CodeIgniter.php(349): CodeIgniter\CodeIgniter->handleRequest()
 6 FCPATH/index.php(57): CodeIgniter\CodeIgniter->run()
CRITICAL - 2024-11-08 20:12:05 --> Undefined property: stdClass::$bill_num
in APPPATH/Helpers/global_helper.php on line 505.
 1 APPPATH/Helpers/global_helper.php(505): CodeIgniter\Debug\Exceptions->errorHandler()
 2 APPPATH/Controllers/Malipo.php(399): doProcessGlobalTransaction()
 3 SYSTEMPATH/CodeIgniter.php(896): App\Controllers\Malipo->nmbrecon()
 4 SYSTEMPATH/CodeIgniter.php(466): CodeIgniter\CodeIgniter->runController()
 5 SYSTEMPATH/CodeIgniter.php(349): CodeIgniter\CodeIgniter->handleRequest()
 6 FCPATH/index.php(57): CodeIgniter\CodeIgniter->run()
CRITICAL - 2024-11-08 20:14:05 --> Undefined property: stdClass::$bill_num
in APPPATH/Helpers/global_helper.php on line 505.
 1 APPPATH/Helpers/global_helper.php(505): CodeIgniter\Debug\Exceptions->errorHandler()
 2 APPPATH/Controllers/Malipo.php(399): doProcessGlobalTransaction()
 3 SYSTEMPATH/CodeIgniter.php(896): App\Controllers\Malipo->nmbrecon()
 4 SYSTEMPATH/CodeIgniter.php(466): CodeIgniter\CodeIgniter->runController()
 5 SYSTEMPATH/CodeIgniter.php(349): CodeIgniter\CodeIgniter->handleRequest()
 6 FCPATH/index.php(57): CodeIgniter\CodeIgniter->run()
CRITICAL - 2024-11-08 20:16:05 --> Undefined property: stdClass::$bill_num
in APPPATH/Helpers/global_helper.php on line 505.
 1 APPPATH/Helpers/global_helper.php(505): CodeIgniter\Debug\Exceptions->errorHandler()
 2 APPPATH/Controllers/Malipo.php(399): doProcessGlobalTransaction()
 3 SYSTEMPATH/CodeIgniter.php(896): App\Controllers\Malipo->nmbrecon()
 4 SYSTEMPATH/CodeIgniter.php(466): CodeIgniter\CodeIgniter->runController()
 5 SYSTEMPATH/CodeIgniter.php(349): CodeIgniter\CodeIgniter->handleRequest()
 6 FCPATH/index.php(57): CodeIgniter\CodeIgniter->run()
CRITICAL - 2024-11-08 20:18:06 --> Undefined property: stdClass::$bill_num
in APPPATH/Helpers/global_helper.php on line 505.
 1 APPPATH/Helpers/global_helper.php(505): CodeIgniter\Debug\Exceptions->errorHandler()
 2 APPPATH/Controllers/Malipo.php(399): doProcessGlobalTransaction()
 3 SYSTEMPATH/CodeIgniter.php(896): App\Controllers\Malipo->nmbrecon()
 4 SYSTEMPATH/CodeIgniter.php(466): CodeIgniter\CodeIgniter->runController()
 5 SYSTEMPATH/CodeIgniter.php(349): CodeIgniter\CodeIgniter->handleRequest()
 6 FCPATH/index.php(57): CodeIgniter\CodeIgniter->run()
CRITICAL - 2024-11-08 20:20:05 --> Undefined property: stdClass::$bill_num
in APPPATH/Helpers/global_helper.php on line 505.
 1 APPPATH/Helpers/global_helper.php(505): CodeIgniter\Debug\Exceptions->errorHandler()
 2 APPPATH/Controllers/Malipo.php(399): doProcessGlobalTransaction()
 3 SYSTEMPATH/CodeIgniter.php(896): App\Controllers\Malipo->nmbrecon()
 4 SYSTEMPATH/CodeIgniter.php(466): CodeIgniter\CodeIgniter->runController()
 5 SYSTEMPATH/CodeIgniter.php(349): CodeIgniter\CodeIgniter->handleRequest()
 6 FCPATH/index.php(57): CodeIgniter\CodeIgniter->run()
CRITICAL - 2024-11-08 20:22:05 --> Undefined property: stdClass::$bill_num
in APPPATH/Helpers/global_helper.php on line 505.
 1 APPPATH/Helpers/global_helper.php(505): CodeIgniter\Debug\Exceptions->errorHandler()
 2 APPPATH/Controllers/Malipo.php(399): doProcessGlobalTransaction()
 3 SYSTEMPATH/CodeIgniter.php(896): App\Controllers\Malipo->nmbrecon()
 4 SYSTEMPATH/CodeIgniter.php(466): CodeIgniter\CodeIgniter->runController()
 5 SYSTEMPATH/CodeIgniter.php(349): CodeIgniter\CodeIgniter->handleRequest()
 6 FCPATH/index.php(57): CodeIgniter\CodeIgniter->run()
CRITICAL - 2024-11-08 20:24:05 --> Undefined property: stdClass::$bill_num
in APPPATH/Helpers/global_helper.php on line 505.
 1 APPPATH/Helpers/global_helper.php(505): CodeIgniter\Debug\Exceptions->errorHandler()
 2 APPPATH/Controllers/Malipo.php(399): doProcessGlobalTransaction()
 3 SYSTEMPATH/CodeIgniter.php(896): App\Controllers\Malipo->nmbrecon()
 4 SYSTEMPATH/CodeIgniter.php(466): CodeIgniter\CodeIgniter->runController()
 5 SYSTEMPATH/CodeIgniter.php(349): CodeIgniter\CodeIgniter->handleRequest()
 6 FCPATH/index.php(57): CodeIgniter\CodeIgniter->run()
CRITICAL - 2024-11-08 20:26:05 --> Undefined property: stdClass::$bill_num
in APPPATH/Helpers/global_helper.php on line 505.
 1 APPPATH/Helpers/global_helper.php(505): CodeIgniter\Debug\Exceptions->errorHandler()
 2 APPPATH/Controllers/Malipo.php(399): doProcessGlobalTransaction()
 3 SYSTEMPATH/CodeIgniter.php(896): App\Controllers\Malipo->nmbrecon()
 4 SYSTEMPATH/CodeIgniter.php(466): CodeIgniter\CodeIgniter->runController()
 5 SYSTEMPATH/CodeIgniter.php(349): CodeIgniter\CodeIgniter->handleRequest()
 6 FCPATH/index.php(57): CodeIgniter\CodeIgniter->run()
CRITICAL - 2024-11-08 20:28:06 --> Undefined property: stdClass::$bill_num
in APPPATH/Helpers/global_helper.php on line 505.
 1 APPPATH/Helpers/global_helper.php(505): CodeIgniter\Debug\Exceptions->errorHandler()
 2 APPPATH/Controllers/Malipo.php(399): doProcessGlobalTransaction()
 3 SYSTEMPATH/CodeIgniter.php(896): App\Controllers\Malipo->nmbrecon()
 4 SYSTEMPATH/CodeIgniter.php(466): CodeIgniter\CodeIgniter->runController()
 5 SYSTEMPATH/CodeIgniter.php(349): CodeIgniter\CodeIgniter->handleRequest()
 6 FCPATH/index.php(57): CodeIgniter\CodeIgniter->run()
CRITICAL - 2024-11-08 20:30:05 --> Undefined property: stdClass::$bill_num
in APPPATH/Helpers/global_helper.php on line 505.
 1 APPPATH/Helpers/global_helper.php(505): CodeIgniter\Debug\Exceptions->errorHandler()
 2 APPPATH/Controllers/Malipo.php(399): doProcessGlobalTransaction()
 3 SYSTEMPATH/CodeIgniter.php(896): App\Controllers\Malipo->nmbrecon()
 4 SYSTEMPATH/CodeIgniter.php(466): CodeIgniter\CodeIgniter->runController()
 5 SYSTEMPATH/CodeIgniter.php(349): CodeIgniter\CodeIgniter->handleRequest()
 6 FCPATH/index.php(57): CodeIgniter\CodeIgniter->run()
CRITICAL - 2024-11-08 20:32:06 --> Undefined property: stdClass::$bill_num
in APPPATH/Helpers/global_helper.php on line 505.
 1 APPPATH/Helpers/global_helper.php(505): CodeIgniter\Debug\Exceptions->errorHandler()
 2 APPPATH/Controllers/Malipo.php(399): doProcessGlobalTransaction()
 3 SYSTEMPATH/CodeIgniter.php(896): App\Controllers\Malipo->nmbrecon()
 4 SYSTEMPATH/CodeIgniter.php(466): CodeIgniter\CodeIgniter->runController()
 5 SYSTEMPATH/CodeIgniter.php(349): CodeIgniter\CodeIgniter->handleRequest()
 6 FCPATH/index.php(57): CodeIgniter\CodeIgniter->run()
CRITICAL - 2024-11-08 20:34:05 --> Undefined property: stdClass::$bill_num
in APPPATH/Helpers/global_helper.php on line 505.
 1 APPPATH/Helpers/global_helper.php(505): CodeIgniter\Debug\Exceptions->errorHandler()
 2 APPPATH/Controllers/Malipo.php(399): doProcessGlobalTransaction()
 3 SYSTEMPATH/CodeIgniter.php(896): App\Controllers\Malipo->nmbrecon()
 4 SYSTEMPATH/CodeIgniter.php(466): CodeIgniter\CodeIgniter->runController()
 5 SYSTEMPATH/CodeIgniter.php(349): CodeIgniter\CodeIgniter->handleRequest()
 6 FCPATH/index.php(57): CodeIgniter\CodeIgniter->run()
ERROR - 2024-11-08 20:35:29 --> Got error 4009 'Cluster Failure' from NDBCLUSTER
CRITICAL - 2024-11-08 20:35:29 --> Got error 4009 'Cluster Failure' from NDBCLUSTER
in SYSTEMPATH/Database/MySQLi/Connection.php on line 292.
 1 SYSTEMPATH/Database/MySQLi/Connection.php(292): mysqli->query()
 2 SYSTEMPATH/Database/BaseConnection.php(695): CodeIgniter\Database\MySQLi\Connection->execute()
 3 SYSTEMPATH/Database/BaseConnection.php(609): CodeIgniter\Database\BaseConnection->simpleQuery()
 4 APPPATH/Models/Engine.php(554): CodeIgniter\Database\BaseConnection->query()
 5 APPPATH/Controllers/BaseController.php(77): App\Models\Engine->getLanguages()
 6 SYSTEMPATH/CodeIgniter.php(859): App\Controllers\BaseController->initController()
 7 SYSTEMPATH/CodeIgniter.php(457): CodeIgniter\CodeIgniter->createController()
 8 SYSTEMPATH/CodeIgniter.php(349): CodeIgniter\CodeIgniter->handleRequest()
 9 FCPATH/index.php(57): CodeIgniter\CodeIgniter->run()
CRITICAL - 2024-11-08 20:36:05 --> Undefined property: stdClass::$bill_num
in APPPATH/Helpers/global_helper.php on line 505.
 1 APPPATH/Helpers/global_helper.php(505): CodeIgniter\Debug\Exceptions->errorHandler()
 2 APPPATH/Controllers/Malipo.php(399): doProcessGlobalTransaction()
 3 SYSTEMPATH/CodeIgniter.php(896): App\Controllers\Malipo->nmbrecon()
 4 SYSTEMPATH/CodeIgniter.php(466): CodeIgniter\CodeIgniter->runController()
 5 SYSTEMPATH/CodeIgniter.php(349): CodeIgniter\CodeIgniter->handleRequest()
 6 FCPATH/index.php(57): CodeIgniter\CodeIgniter->run()
CRITICAL - 2024-11-08 20:38:06 --> Undefined property: stdClass::$bill_num
in APPPATH/Helpers/global_helper.php on line 505.
 1 APPPATH/Helpers/global_helper.php(505): CodeIgniter\Debug\Exceptions->errorHandler()
 2 APPPATH/Controllers/Malipo.php(399): doProcessGlobalTransaction()
 3 SYSTEMPATH/CodeIgniter.php(896): App\Controllers\Malipo->nmbrecon()
 4 SYSTEMPATH/CodeIgniter.php(466): CodeIgniter\CodeIgniter->runController()
 5 SYSTEMPATH/CodeIgniter.php(349): CodeIgniter\CodeIgniter->handleRequest()
 6 FCPATH/index.php(57): CodeIgniter\CodeIgniter->run()
CRITICAL - 2024-11-08 20:40:05 --> Undefined property: stdClass::$bill_num
in APPPATH/Helpers/global_helper.php on line 505.
 1 APPPATH/Helpers/global_helper.php(505): CodeIgniter\Debug\Exceptions->errorHandler()
 2 APPPATH/Controllers/Malipo.php(399): doProcessGlobalTransaction()
 3 SYSTEMPATH/CodeIgniter.php(896): App\Controllers\Malipo->nmbrecon()
 4 SYSTEMPATH/CodeIgniter.php(466): CodeIgniter\CodeIgniter->runController()
 5 SYSTEMPATH/CodeIgniter.php(349): CodeIgniter\CodeIgniter->handleRequest()
 6 FCPATH/index.php(57): CodeIgniter\CodeIgniter->run()
CRITICAL - 2024-11-08 20:42:05 --> Undefined property: stdClass::$bill_num
in APPPATH/Helpers/global_helper.php on line 505.
 1 APPPATH/Helpers/global_helper.php(505): CodeIgniter\Debug\Exceptions->errorHandler()
 2 APPPATH/Controllers/Malipo.php(399): doProcessGlobalTransaction()
 3 SYSTEMPATH/CodeIgniter.php(896): App\Controllers\Malipo->nmbrecon()
 4 SYSTEMPATH/CodeIgniter.php(466): CodeIgniter\CodeIgniter->runController()
 5 SYSTEMPATH/CodeIgniter.php(349): CodeIgniter\CodeIgniter->handleRequest()
 6 FCPATH/index.php(57): CodeIgniter\CodeIgniter->run()
CRITICAL - 2024-11-08 20:44:06 --> Undefined property: stdClass::$bill_num
in APPPATH/Helpers/global_helper.php on line 505.
 1 APPPATH/Helpers/global_helper.php(505): CodeIgniter\Debug\Exceptions->errorHandler()
 2 APPPATH/Controllers/Malipo.php(399): doProcessGlobalTransaction()
 3 SYSTEMPATH/CodeIgniter.php(896): App\Controllers\Malipo->nmbrecon()
 4 SYSTEMPATH/CodeIgniter.php(466): CodeIgniter\CodeIgniter->runController()
 5 SYSTEMPATH/CodeIgniter.php(349): CodeIgniter\CodeIgniter->handleRequest()
 6 FCPATH/index.php(57): CodeIgniter\CodeIgniter->run()
CRITICAL - 2024-11-08 20:46:05 --> Undefined property: stdClass::$bill_num
in APPPATH/Helpers/global_helper.php on line 505.
 1 APPPATH/Helpers/global_helper.php(505): CodeIgniter\Debug\Exceptions->errorHandler()
 2 APPPATH/Controllers/Malipo.php(399): doProcessGlobalTransaction()
 3 SYSTEMPATH/CodeIgniter.php(896): App\Controllers\Malipo->nmbrecon()
 4 SYSTEMPATH/CodeIgniter.php(466): CodeIgniter\CodeIgniter->runController()
 5 SYSTEMPATH/CodeIgniter.php(349): CodeIgniter\CodeIgniter->handleRequest()
 6 FCPATH/index.php(57): CodeIgniter\CodeIgniter->run()
CRITICAL - 2024-11-08 20:48:05 --> Undefined property: stdClass::$bill_num
in APPPATH/Helpers/global_helper.php on line 505.
 1 APPPATH/Helpers/global_helper.php(505): CodeIgniter\Debug\Exceptions->errorHandler()
 2 APPPATH/Controllers/Malipo.php(399): doProcessGlobalTransaction()
 3 SYSTEMPATH/CodeIgniter.php(896): App\Controllers\Malipo->nmbrecon()
 4 SYSTEMPATH/CodeIgniter.php(466): CodeIgniter\CodeIgniter->runController()
 5 SYSTEMPATH/CodeIgniter.php(349): CodeIgniter\CodeIgniter->handleRequest()
 6 FCPATH/index.php(57): CodeIgniter\CodeIgniter->run()
CRITICAL - 2024-11-08 20:50:05 --> Undefined property: stdClass::$bill_num
in APPPATH/Helpers/global_helper.php on line 505.
 1 APPPATH/Helpers/global_helper.php(505): CodeIgniter\Debug\Exceptions->errorHandler()
 2 APPPATH/Controllers/Malipo.php(399): doProcessGlobalTransaction()
 3 SYSTEMPATH/CodeIgniter.php(896): App\Controllers\Malipo->nmbrecon()
 4 SYSTEMPATH/CodeIgniter.php(466): CodeIgniter\CodeIgniter->runController()
 5 SYSTEMPATH/CodeIgniter.php(349): CodeIgniter\CodeIgniter->handleRequest()
 6 FCPATH/index.php(57): CodeIgniter\CodeIgniter->run()
CRITICAL - 2024-11-08 20:52:05 --> Undefined property: stdClass::$bill_num
in APPPATH/Helpers/global_helper.php on line 505.
 1 APPPATH/Helpers/global_helper.php(505): CodeIgniter\Debug\Exceptions->errorHandler()
 2 APPPATH/Controllers/Malipo.php(399): doProcessGlobalTransaction()
 3 SYSTEMPATH/CodeIgniter.php(896): App\Controllers\Malipo->nmbrecon()
 4 SYSTEMPATH/CodeIgniter.php(466): CodeIgniter\CodeIgniter->runController()
 5 SYSTEMPATH/CodeIgniter.php(349): CodeIgniter\CodeIgniter->handleRequest()
 6 FCPATH/index.php(57): CodeIgniter\CodeIgniter->run()
CRITICAL - 2024-11-08 20:54:05 --> Undefined property: stdClass::$bill_num
in APPPATH/Helpers/global_helper.php on line 505.
 1 APPPATH/Helpers/global_helper.php(505): CodeIgniter\Debug\Exceptions->errorHandler()
 2 APPPATH/Controllers/Malipo.php(399): doProcessGlobalTransaction()
 3 SYSTEMPATH/CodeIgniter.php(896): App\Controllers\Malipo->nmbrecon()
 4 SYSTEMPATH/CodeIgniter.php(466): CodeIgniter\CodeIgniter->runController()
 5 SYSTEMPATH/CodeIgniter.php(349): CodeIgniter\CodeIgniter->handleRequest()
 6 FCPATH/index.php(57): CodeIgniter\CodeIgniter->run()
CRITICAL - 2024-11-08 20:56:05 --> Undefined property: stdClass::$bill_num
in APPPATH/Helpers/global_helper.php on line 505.
 1 APPPATH/Helpers/global_helper.php(505): CodeIgniter\Debug\Exceptions->errorHandler()
 2 APPPATH/Controllers/Malipo.php(399): doProcessGlobalTransaction()
 3 SYSTEMPATH/CodeIgniter.php(896): App\Controllers\Malipo->nmbrecon()
 4 SYSTEMPATH/CodeIgniter.php(466): CodeIgniter\CodeIgniter->runController()
 5 SYSTEMPATH/CodeIgniter.php(349): CodeIgniter\CodeIgniter->handleRequest()
 6 FCPATH/index.php(57): CodeIgniter\CodeIgniter->run()
CRITICAL - 2024-11-08 20:58:06 --> Undefined property: stdClass::$bill_num
in APPPATH/Helpers/global_helper.php on line 505.
 1 APPPATH/Helpers/global_helper.php(505): CodeIgniter\Debug\Exceptions->errorHandler()
 2 APPPATH/Controllers/Malipo.php(399): doProcessGlobalTransaction()
 3 SYSTEMPATH/CodeIgniter.php(896): App\Controllers\Malipo->nmbrecon()
 4 SYSTEMPATH/CodeIgniter.php(466): CodeIgniter\CodeIgniter->runController()
 5 SYSTEMPATH/CodeIgniter.php(349): CodeIgniter\CodeIgniter->handleRequest()
 6 FCPATH/index.php(57): CodeIgniter\CodeIgniter->run()
CRITICAL - 2024-11-08 21:00:05 --> Undefined property: stdClass::$bill_num
in APPPATH/Helpers/global_helper.php on line 505.
 1 APPPATH/Helpers/global_helper.php(505): CodeIgniter\Debug\Exceptions->errorHandler()
 2 APPPATH/Controllers/Malipo.php(399): doProcessGlobalTransaction()
 3 SYSTEMPATH/CodeIgniter.php(896): App\Controllers\Malipo->nmbrecon()
 4 SYSTEMPATH/CodeIgniter.php(466): CodeIgniter\CodeIgniter->runController()
 5 SYSTEMPATH/CodeIgniter.php(349): CodeIgniter\CodeIgniter->handleRequest()
 6 FCPATH/index.php(57): CodeIgniter\CodeIgniter->run()
CRITICAL - 2024-11-08 21:02:05 --> Undefined property: stdClass::$bill_num
in APPPATH/Helpers/global_helper.php on line 505.
 1 APPPATH/Helpers/global_helper.php(505): CodeIgniter\Debug\Exceptions->errorHandler()
 2 APPPATH/Controllers/Malipo.php(399): doProcessGlobalTransaction()
 3 SYSTEMPATH/CodeIgniter.php(896): App\Controllers\Malipo->nmbrecon()
 4 SYSTEMPATH/CodeIgniter.php(466): CodeIgniter\CodeIgniter->runController()
 5 SYSTEMPATH/CodeIgniter.php(349): CodeIgniter\CodeIgniter->handleRequest()
 6 FCPATH/index.php(57): CodeIgniter\CodeIgniter->run()
CRITICAL - 2024-11-08 21:04:05 --> Undefined property: stdClass::$bill_num
in APPPATH/Helpers/global_helper.php on line 505.
 1 APPPATH/Helpers/global_helper.php(505): CodeIgniter\Debug\Exceptions->errorHandler()
 2 APPPATH/Controllers/Malipo.php(399): doProcessGlobalTransaction()
 3 SYSTEMPATH/CodeIgniter.php(896): App\Controllers\Malipo->nmbrecon()
 4 SYSTEMPATH/CodeIgniter.php(466): CodeIgniter\CodeIgniter->runController()
 5 SYSTEMPATH/CodeIgniter.php(349): CodeIgniter\CodeIgniter->handleRequest()
 6 FCPATH/index.php(57): CodeIgniter\CodeIgniter->run()
CRITICAL - 2024-11-08 21:06:05 --> Undefined property: stdClass::$bill_num
in APPPATH/Helpers/global_helper.php on line 505.
 1 APPPATH/Helpers/global_helper.php(505): CodeIgniter\Debug\Exceptions->errorHandler()
 2 APPPATH/Controllers/Malipo.php(399): doProcessGlobalTransaction()
 3 SYSTEMPATH/CodeIgniter.php(896): App\Controllers\Malipo->nmbrecon()
 4 SYSTEMPATH/CodeIgniter.php(466): CodeIgniter\CodeIgniter->runController()
 5 SYSTEMPATH/CodeIgniter.php(349): CodeIgniter\CodeIgniter->handleRequest()
 6 FCPATH/index.php(57): CodeIgniter\CodeIgniter->run()
CRITICAL - 2024-11-08 21:08:07 --> Undefined property: stdClass::$bill_num
in APPPATH/Helpers/global_helper.php on line 505.
 1 APPPATH/Helpers/global_helper.php(505): CodeIgniter\Debug\Exceptions->errorHandler()
 2 APPPATH/Controllers/Malipo.php(399): doProcessGlobalTransaction()
 3 SYSTEMPATH/CodeIgniter.php(896): App\Controllers\Malipo->nmbrecon()
 4 SYSTEMPATH/CodeIgniter.php(466): CodeIgniter\CodeIgniter->runController()
 5 SYSTEMPATH/CodeIgniter.php(349): CodeIgniter\CodeIgniter->handleRequest()
 6 FCPATH/index.php(57): CodeIgniter\CodeIgniter->run()
CRITICAL - 2024-11-08 21:10:06 --> Undefined property: stdClass::$bill_num
in APPPATH/Helpers/global_helper.php on line 505.
 1 APPPATH/Helpers/global_helper.php(505): CodeIgniter\Debug\Exceptions->errorHandler()
 2 APPPATH/Controllers/Malipo.php(399): doProcessGlobalTransaction()
 3 SYSTEMPATH/CodeIgniter.php(896): App\Controllers\Malipo->nmbrecon()
 4 SYSTEMPATH/CodeIgniter.php(466): CodeIgniter\CodeIgniter->runController()
 5 SYSTEMPATH/CodeIgniter.php(349): CodeIgniter\CodeIgniter->handleRequest()
 6 FCPATH/index.php(57): CodeIgniter\CodeIgniter->run()
CRITICAL - 2024-11-08 21:12:06 --> Undefined property: stdClass::$bill_num
in APPPATH/Helpers/global_helper.php on line 505.
 1 APPPATH/Helpers/global_helper.php(505): CodeIgniter\Debug\Exceptions->errorHandler()
 2 APPPATH/Controllers/Malipo.php(399): doProcessGlobalTransaction()
 3 SYSTEMPATH/CodeIgniter.php(896): App\Controllers\Malipo->nmbrecon()
 4 SYSTEMPATH/CodeIgniter.php(466): CodeIgniter\CodeIgniter->runController()
 5 SYSTEMPATH/CodeIgniter.php(349): CodeIgniter\CodeIgniter->handleRequest()
 6 FCPATH/index.php(57): CodeIgniter\CodeIgniter->run()
CRITICAL - 2024-11-08 21:14:05 --> Undefined property: stdClass::$bill_num
in APPPATH/Helpers/global_helper.php on line 505.
 1 APPPATH/Helpers/global_helper.php(505): CodeIgniter\Debug\Exceptions->errorHandler()
 2 APPPATH/Controllers/Malipo.php(399): doProcessGlobalTransaction()
 3 SYSTEMPATH/CodeIgniter.php(896): App\Controllers\Malipo->nmbrecon()
 4 SYSTEMPATH/CodeIgniter.php(466): CodeIgniter\CodeIgniter->runController()
 5 SYSTEMPATH/CodeIgniter.php(349): CodeIgniter\CodeIgniter->handleRequest()
 6 FCPATH/index.php(57): CodeIgniter\CodeIgniter->run()
CRITICAL - 2024-11-08 21:16:05 --> Undefined property: stdClass::$bill_num
in APPPATH/Helpers/global_helper.php on line 505.
 1 APPPATH/Helpers/global_helper.php(505): CodeIgniter\Debug\Exceptions->errorHandler()
 2 APPPATH/Controllers/Malipo.php(399): doProcessGlobalTransaction()
 3 SYSTEMPATH/CodeIgniter.php(896): App\Controllers\Malipo->nmbrecon()
 4 SYSTEMPATH/CodeIgniter.php(466): CodeIgniter\CodeIgniter->runController()
 5 SYSTEMPATH/CodeIgniter.php(349): CodeIgniter\CodeIgniter->handleRequest()
 6 FCPATH/index.php(57): CodeIgniter\CodeIgniter->run()
CRITICAL - 2024-11-08 21:18:05 --> Undefined property: stdClass::$bill_num
in APPPATH/Helpers/global_helper.php on line 505.
 1 APPPATH/Helpers/global_helper.php(505): CodeIgniter\Debug\Exceptions->errorHandler()
 2 APPPATH/Controllers/Malipo.php(399): doProcessGlobalTransaction()
 3 SYSTEMPATH/CodeIgniter.php(896): App\Controllers\Malipo->nmbrecon()
 4 SYSTEMPATH/CodeIgniter.php(466): CodeIgniter\CodeIgniter->runController()
 5 SYSTEMPATH/CodeIgniter.php(349): CodeIgniter\CodeIgniter->handleRequest()
 6 FCPATH/index.php(57): CodeIgniter\CodeIgniter->run()
CRITICAL - 2024-11-08 21:20:05 --> Undefined property: stdClass::$bill_num
in APPPATH/Helpers/global_helper.php on line 505.
 1 APPPATH/Helpers/global_helper.php(505): CodeIgniter\Debug\Exceptions->errorHandler()
 2 APPPATH/Controllers/Malipo.php(399): doProcessGlobalTransaction()
 3 SYSTEMPATH/CodeIgniter.php(896): App\Controllers\Malipo->nmbrecon()
 4 SYSTEMPATH/CodeIgniter.php(466): CodeIgniter\CodeIgniter->runController()
 5 SYSTEMPATH/CodeIgniter.php(349): CodeIgniter\CodeIgniter->handleRequest()
 6 FCPATH/index.php(57): CodeIgniter\CodeIgniter->run()
CRITICAL - 2024-11-08 21:22:06 --> Undefined property: stdClass::$bill_num
in APPPATH/Helpers/global_helper.php on line 505.
 1 APPPATH/Helpers/global_helper.php(505): CodeIgniter\Debug\Exceptions->errorHandler()
 2 APPPATH/Controllers/Malipo.php(399): doProcessGlobalTransaction()
 3 SYSTEMPATH/CodeIgniter.php(896): App\Controllers\Malipo->nmbrecon()
 4 SYSTEMPATH/CodeIgniter.php(466): CodeIgniter\CodeIgniter->runController()
 5 SYSTEMPATH/CodeIgniter.php(349): CodeIgniter\CodeIgniter->handleRequest()
 6 FCPATH/index.php(57): CodeIgniter\CodeIgniter->run()
CRITICAL - 2024-11-08 21:24:05 --> Undefined property: stdClass::$bill_num
in APPPATH/Helpers/global_helper.php on line 505.
 1 APPPATH/Helpers/global_helper.php(505): CodeIgniter\Debug\Exceptions->errorHandler()
 2 APPPATH/Controllers/Malipo.php(399): doProcessGlobalTransaction()
 3 SYSTEMPATH/CodeIgniter.php(896): App\Controllers\Malipo->nmbrecon()
 4 SYSTEMPATH/CodeIgniter.php(466): CodeIgniter\CodeIgniter->runController()
 5 SYSTEMPATH/CodeIgniter.php(349): CodeIgniter\CodeIgniter->handleRequest()
 6 FCPATH/index.php(57): CodeIgniter\CodeIgniter->run()
CRITICAL - 2024-11-08 21:26:05 --> Undefined property: stdClass::$bill_num
in APPPATH/Helpers/global_helper.php on line 505.
 1 APPPATH/Helpers/global_helper.php(505): CodeIgniter\Debug\Exceptions->errorHandler()
 2 APPPATH/Controllers/Malipo.php(399): doProcessGlobalTransaction()
 3 SYSTEMPATH/CodeIgniter.php(896): App\Controllers\Malipo->nmbrecon()
 4 SYSTEMPATH/CodeIgniter.php(466): CodeIgniter\CodeIgniter->runController()
 5 SYSTEMPATH/CodeIgniter.php(349): CodeIgniter\CodeIgniter->handleRequest()
 6 FCPATH/index.php(57): CodeIgniter\CodeIgniter->run()
CRITICAL - 2024-11-08 21:28:06 --> Undefined property: stdClass::$bill_num
in APPPATH/Helpers/global_helper.php on line 505.
 1 APPPATH/Helpers/global_helper.php(505): CodeIgniter\Debug\Exceptions->errorHandler()
 2 APPPATH/Controllers/Malipo.php(399): doProcessGlobalTransaction()
 3 SYSTEMPATH/CodeIgniter.php(896): App\Controllers\Malipo->nmbrecon()
 4 SYSTEMPATH/CodeIgniter.php(466): CodeIgniter\CodeIgniter->runController()
 5 SYSTEMPATH/CodeIgniter.php(349): CodeIgniter\CodeIgniter->handleRequest()
 6 FCPATH/index.php(57): CodeIgniter\CodeIgniter->run()
CRITICAL - 2024-11-08 21:30:05 --> Undefined property: stdClass::$bill_num
in APPPATH/Helpers/global_helper.php on line 505.
 1 APPPATH/Helpers/global_helper.php(505): CodeIgniter\Debug\Exceptions->errorHandler()
 2 APPPATH/Controllers/Malipo.php(399): doProcessGlobalTransaction()
 3 SYSTEMPATH/CodeIgniter.php(896): App\Controllers\Malipo->nmbrecon()
 4 SYSTEMPATH/CodeIgniter.php(466): CodeIgniter\CodeIgniter->runController()
 5 SYSTEMPATH/CodeIgniter.php(349): CodeIgniter\CodeIgniter->handleRequest()
 6 FCPATH/index.php(57): CodeIgniter\CodeIgniter->run()
CRITICAL - 2024-11-08 21:32:06 --> Undefined property: stdClass::$bill_num
in APPPATH/Helpers/global_helper.php on line 505.
 1 APPPATH/Helpers/global_helper.php(505): CodeIgniter\Debug\Exceptions->errorHandler()
 2 APPPATH/Controllers/Malipo.php(399): doProcessGlobalTransaction()
 3 SYSTEMPATH/CodeIgniter.php(896): App\Controllers\Malipo->nmbrecon()
 4 SYSTEMPATH/CodeIgniter.php(466): CodeIgniter\CodeIgniter->runController()
 5 SYSTEMPATH/CodeIgniter.php(349): CodeIgniter\CodeIgniter->handleRequest()
 6 FCPATH/index.php(57): CodeIgniter\CodeIgniter->run()
CRITICAL - 2024-11-08 21:34:05 --> Undefined property: stdClass::$bill_num
in APPPATH/Helpers/global_helper.php on line 505.
 1 APPPATH/Helpers/global_helper.php(505): CodeIgniter\Debug\Exceptions->errorHandler()
 2 APPPATH/Controllers/Malipo.php(399): doProcessGlobalTransaction()
 3 SYSTEMPATH/CodeIgniter.php(896): App\Controllers\Malipo->nmbrecon()
 4 SYSTEMPATH/CodeIgniter.php(466): CodeIgniter\CodeIgniter->runController()
 5 SYSTEMPATH/CodeIgniter.php(349): CodeIgniter\CodeIgniter->handleRequest()
 6 FCPATH/index.php(57): CodeIgniter\CodeIgniter->run()
CRITICAL - 2024-11-08 21:36:06 --> Undefined property: stdClass::$bill_num
in APPPATH/Helpers/global_helper.php on line 505.
 1 APPPATH/Helpers/global_helper.php(505): CodeIgniter\Debug\Exceptions->errorHandler()
 2 APPPATH/Controllers/Malipo.php(399): doProcessGlobalTransaction()
 3 SYSTEMPATH/CodeIgniter.php(896): App\Controllers\Malipo->nmbrecon()
 4 SYSTEMPATH/CodeIgniter.php(466): CodeIgniter\CodeIgniter->runController()
 5 SYSTEMPATH/CodeIgniter.php(349): CodeIgniter\CodeIgniter->handleRequest()
 6 FCPATH/index.php(57): CodeIgniter\CodeIgniter->run()
CRITICAL - 2024-11-08 21:38:06 --> Undefined property: stdClass::$bill_num
in APPPATH/Helpers/global_helper.php on line 505.
 1 APPPATH/Helpers/global_helper.php(505): CodeIgniter\Debug\Exceptions->errorHandler()
 2 APPPATH/Controllers/Malipo.php(399): doProcessGlobalTransaction()
 3 SYSTEMPATH/CodeIgniter.php(896): App\Controllers\Malipo->nmbrecon()
 4 SYSTEMPATH/CodeIgniter.php(466): CodeIgniter\CodeIgniter->runController()
 5 SYSTEMPATH/CodeIgniter.php(349): CodeIgniter\CodeIgniter->handleRequest()
 6 FCPATH/index.php(57): CodeIgniter\CodeIgniter->run()
CRITICAL - 2024-11-08 21:40:05 --> Undefined property: stdClass::$bill_num
in APPPATH/Helpers/global_helper.php on line 505.
 1 APPPATH/Helpers/global_helper.php(505): CodeIgniter\Debug\Exceptions->errorHandler()
 2 APPPATH/Controllers/Malipo.php(399): doProcessGlobalTransaction()
 3 SYSTEMPATH/CodeIgniter.php(896): App\Controllers\Malipo->nmbrecon()
 4 SYSTEMPATH/CodeIgniter.php(466): CodeIgniter\CodeIgniter->runController()
 5 SYSTEMPATH/CodeIgniter.php(349): CodeIgniter\CodeIgniter->handleRequest()
 6 FCPATH/index.php(57): CodeIgniter\CodeIgniter->run()
CRITICAL - 2024-11-08 21:42:05 --> Undefined property: stdClass::$bill_num
in APPPATH/Helpers/global_helper.php on line 505.
 1 APPPATH/Helpers/global_helper.php(505): CodeIgniter\Debug\Exceptions->errorHandler()
 2 APPPATH/Controllers/Malipo.php(399): doProcessGlobalTransaction()
 3 SYSTEMPATH/CodeIgniter.php(896): App\Controllers\Malipo->nmbrecon()
 4 SYSTEMPATH/CodeIgniter.php(466): CodeIgniter\CodeIgniter->runController()
 5 SYSTEMPATH/CodeIgniter.php(349): CodeIgniter\CodeIgniter->handleRequest()
 6 FCPATH/index.php(57): CodeIgniter\CodeIgniter->run()
CRITICAL - 2024-11-08 21:44:05 --> Undefined property: stdClass::$bill_num
in APPPATH/Helpers/global_helper.php on line 505.
 1 APPPATH/Helpers/global_helper.php(505): CodeIgniter\Debug\Exceptions->errorHandler()
 2 APPPATH/Controllers/Malipo.php(399): doProcessGlobalTransaction()
 3 SYSTEMPATH/CodeIgniter.php(896): App\Controllers\Malipo->nmbrecon()
 4 SYSTEMPATH/CodeIgniter.php(466): CodeIgniter\CodeIgniter->runController()
 5 SYSTEMPATH/CodeIgniter.php(349): CodeIgniter\CodeIgniter->handleRequest()
 6 FCPATH/index.php(57): CodeIgniter\CodeIgniter->run()
CRITICAL - 2024-11-08 21:46:05 --> Undefined property: stdClass::$bill_num
in APPPATH/Helpers/global_helper.php on line 505.
 1 APPPATH/Helpers/global_helper.php(505): CodeIgniter\Debug\Exceptions->errorHandler()
 2 APPPATH/Controllers/Malipo.php(399): doProcessGlobalTransaction()
 3 SYSTEMPATH/CodeIgniter.php(896): App\Controllers\Malipo->nmbrecon()
 4 SYSTEMPATH/CodeIgniter.php(466): CodeIgniter\CodeIgniter->runController()
 5 SYSTEMPATH/CodeIgniter.php(349): CodeIgniter\CodeIgniter->handleRequest()
 6 FCPATH/index.php(57): CodeIgniter\CodeIgniter->run()
CRITICAL - 2024-11-08 21:48:06 --> Undefined property: stdClass::$bill_num
in APPPATH/Helpers/global_helper.php on line 505.
 1 APPPATH/Helpers/global_helper.php(505): CodeIgniter\Debug\Exceptions->errorHandler()
 2 APPPATH/Controllers/Malipo.php(399): doProcessGlobalTransaction()
 3 SYSTEMPATH/CodeIgniter.php(896): App\Controllers\Malipo->nmbrecon()
 4 SYSTEMPATH/CodeIgniter.php(466): CodeIgniter\CodeIgniter->runController()
 5 SYSTEMPATH/CodeIgniter.php(349): CodeIgniter\CodeIgniter->handleRequest()
 6 FCPATH/index.php(57): CodeIgniter\CodeIgniter->run()
CRITICAL - 2024-11-08 21:50:05 --> Undefined property: stdClass::$bill_num
in APPPATH/Helpers/global_helper.php on line 505.
 1 APPPATH/Helpers/global_helper.php(505): CodeIgniter\Debug\Exceptions->errorHandler()
 2 APPPATH/Controllers/Malipo.php(399): doProcessGlobalTransaction()
 3 SYSTEMPATH/CodeIgniter.php(896): App\Controllers\Malipo->nmbrecon()
 4 SYSTEMPATH/CodeIgniter.php(466): CodeIgniter\CodeIgniter->runController()
 5 SYSTEMPATH/CodeIgniter.php(349): CodeIgniter\CodeIgniter->handleRequest()
 6 FCPATH/index.php(57): CodeIgniter\CodeIgniter->run()
CRITICAL - 2024-11-08 21:52:05 --> Undefined property: stdClass::$bill_num
in APPPATH/Helpers/global_helper.php on line 505.
 1 APPPATH/Helpers/global_helper.php(505): CodeIgniter\Debug\Exceptions->errorHandler()
 2 APPPATH/Controllers/Malipo.php(399): doProcessGlobalTransaction()
 3 SYSTEMPATH/CodeIgniter.php(896): App\Controllers\Malipo->nmbrecon()
 4 SYSTEMPATH/CodeIgniter.php(466): CodeIgniter\CodeIgniter->runController()
 5 SYSTEMPATH/CodeIgniter.php(349): CodeIgniter\CodeIgniter->handleRequest()
 6 FCPATH/index.php(57): CodeIgniter\CodeIgniter->run()
CRITICAL - 2024-11-08 21:54:05 --> Undefined property: stdClass::$bill_num
in APPPATH/Helpers/global_helper.php on line 505.
 1 APPPATH/Helpers/global_helper.php(505): CodeIgniter\Debug\Exceptions->errorHandler()
 2 APPPATH/Controllers/Malipo.php(399): doProcessGlobalTransaction()
 3 SYSTEMPATH/CodeIgniter.php(896): App\Controllers\Malipo->nmbrecon()
 4 SYSTEMPATH/CodeIgniter.php(466): CodeIgniter\CodeIgniter->runController()
 5 SYSTEMPATH/CodeIgniter.php(349): CodeIgniter\CodeIgniter->handleRequest()
 6 FCPATH/index.php(57): CodeIgniter\CodeIgniter->run()
CRITICAL - 2024-11-08 21:56:06 --> Undefined property: stdClass::$bill_num
in APPPATH/Helpers/global_helper.php on line 505.
 1 APPPATH/Helpers/global_helper.php(505): CodeIgniter\Debug\Exceptions->errorHandler()
 2 APPPATH/Controllers/Malipo.php(399): doProcessGlobalTransaction()
 3 SYSTEMPATH/CodeIgniter.php(896): App\Controllers\Malipo->nmbrecon()
 4 SYSTEMPATH/CodeIgniter.php(466): CodeIgniter\CodeIgniter->runController()
 5 SYSTEMPATH/CodeIgniter.php(349): CodeIgniter\CodeIgniter->handleRequest()
 6 FCPATH/index.php(57): CodeIgniter\CodeIgniter->run()
CRITICAL - 2024-11-08 21:58:06 --> Undefined property: stdClass::$bill_num
in APPPATH/Helpers/global_helper.php on line 505.
 1 APPPATH/Helpers/global_helper.php(505): CodeIgniter\Debug\Exceptions->errorHandler()
 2 APPPATH/Controllers/Malipo.php(399): doProcessGlobalTransaction()
 3 SYSTEMPATH/CodeIgniter.php(896): App\Controllers\Malipo->nmbrecon()
 4 SYSTEMPATH/CodeIgniter.php(466): CodeIgniter\CodeIgniter->runController()
 5 SYSTEMPATH/CodeIgniter.php(349): CodeIgniter\CodeIgniter->handleRequest()
 6 FCPATH/index.php(57): CodeIgniter\CodeIgniter->run()
CRITICAL - 2024-11-08 22:00:05 --> Undefined property: stdClass::$bill_num
in APPPATH/Helpers/global_helper.php on line 505.
 1 APPPATH/Helpers/global_helper.php(505): CodeIgniter\Debug\Exceptions->errorHandler()
 2 APPPATH/Controllers/Malipo.php(399): doProcessGlobalTransaction()
 3 SYSTEMPATH/CodeIgniter.php(896): App\Controllers\Malipo->nmbrecon()
 4 SYSTEMPATH/CodeIgniter.php(466): CodeIgniter\CodeIgniter->runController()
 5 SYSTEMPATH/CodeIgniter.php(349): CodeIgniter\CodeIgniter->handleRequest()
 6 FCPATH/index.php(57): CodeIgniter\CodeIgniter->run()
CRITICAL - 2024-11-08 22:02:07 --> Undefined property: stdClass::$bill_num
in APPPATH/Helpers/global_helper.php on line 505.
 1 APPPATH/Helpers/global_helper.php(505): CodeIgniter\Debug\Exceptions->errorHandler()
 2 APPPATH/Controllers/Malipo.php(399): doProcessGlobalTransaction()
 3 SYSTEMPATH/CodeIgniter.php(896): App\Controllers\Malipo->nmbrecon()
 4 SYSTEMPATH/CodeIgniter.php(466): CodeIgniter\CodeIgniter->runController()
 5 SYSTEMPATH/CodeIgniter.php(349): CodeIgniter\CodeIgniter->handleRequest()
 6 FCPATH/index.php(57): CodeIgniter\CodeIgniter->run()
CRITICAL - 2024-11-08 22:04:07 --> Undefined property: stdClass::$bill_num
in APPPATH/Helpers/global_helper.php on line 505.
 1 APPPATH/Helpers/global_helper.php(505): CodeIgniter\Debug\Exceptions->errorHandler()
 2 APPPATH/Controllers/Malipo.php(399): doProcessGlobalTransaction()
 3 SYSTEMPATH/CodeIgniter.php(896): App\Controllers\Malipo->nmbrecon()
 4 SYSTEMPATH/CodeIgniter.php(466): CodeIgniter\CodeIgniter->runController()
 5 SYSTEMPATH/CodeIgniter.php(349): CodeIgniter\CodeIgniter->handleRequest()
 6 FCPATH/index.php(57): CodeIgniter\CodeIgniter->run()
CRITICAL - 2024-11-08 22:06:05 --> Undefined property: stdClass::$bill_num
in APPPATH/Helpers/global_helper.php on line 505.
 1 APPPATH/Helpers/global_helper.php(505): CodeIgniter\Debug\Exceptions->errorHandler()
 2 APPPATH/Controllers/Malipo.php(399): doProcessGlobalTransaction()
 3 SYSTEMPATH/CodeIgniter.php(896): App\Controllers\Malipo->nmbrecon()
 4 SYSTEMPATH/CodeIgniter.php(466): CodeIgniter\CodeIgniter->runController()
 5 SYSTEMPATH/CodeIgniter.php(349): CodeIgniter\CodeIgniter->handleRequest()
 6 FCPATH/index.php(57): CodeIgniter\CodeIgniter->run()
CRITICAL - 2024-11-08 22:08:05 --> Undefined property: stdClass::$bill_num
in APPPATH/Helpers/global_helper.php on line 505.
 1 APPPATH/Helpers/global_helper.php(505): CodeIgniter\Debug\Exceptions->errorHandler()
 2 APPPATH/Controllers/Malipo.php(399): doProcessGlobalTransaction()
 3 SYSTEMPATH/CodeIgniter.php(896): App\Controllers\Malipo->nmbrecon()
 4 SYSTEMPATH/CodeIgniter.php(466): CodeIgniter\CodeIgniter->runController()
 5 SYSTEMPATH/CodeIgniter.php(349): CodeIgniter\CodeIgniter->handleRequest()
 6 FCPATH/index.php(57): CodeIgniter\CodeIgniter->run()
CRITICAL - 2024-11-08 22:10:05 --> Undefined property: stdClass::$bill_num
in APPPATH/Helpers/global_helper.php on line 505.
 1 APPPATH/Helpers/global_helper.php(505): CodeIgniter\Debug\Exceptions->errorHandler()
 2 APPPATH/Controllers/Malipo.php(399): doProcessGlobalTransaction()
 3 SYSTEMPATH/CodeIgniter.php(896): App\Controllers\Malipo->nmbrecon()
 4 SYSTEMPATH/CodeIgniter.php(466): CodeIgniter\CodeIgniter->runController()
 5 SYSTEMPATH/CodeIgniter.php(349): CodeIgniter\CodeIgniter->handleRequest()
 6 FCPATH/index.php(57): CodeIgniter\CodeIgniter->run()
CRITICAL - 2024-11-08 22:12:05 --> Undefined property: stdClass::$bill_num
in APPPATH/Helpers/global_helper.php on line 505.
 1 APPPATH/Helpers/global_helper.php(505): CodeIgniter\Debug\Exceptions->errorHandler()
 2 APPPATH/Controllers/Malipo.php(399): doProcessGlobalTransaction()
 3 SYSTEMPATH/CodeIgniter.php(896): App\Controllers\Malipo->nmbrecon()
 4 SYSTEMPATH/CodeIgniter.php(466): CodeIgniter\CodeIgniter->runController()
 5 SYSTEMPATH/CodeIgniter.php(349): CodeIgniter\CodeIgniter->handleRequest()
 6 FCPATH/index.php(57): CodeIgniter\CodeIgniter->run()
CRITICAL - 2024-11-08 22:14:06 --> Undefined property: stdClass::$bill_num
in APPPATH/Helpers/global_helper.php on line 505.
 1 APPPATH/Helpers/global_helper.php(505): CodeIgniter\Debug\Exceptions->errorHandler()
 2 APPPATH/Controllers/Malipo.php(399): doProcessGlobalTransaction()
 3 SYSTEMPATH/CodeIgniter.php(896): App\Controllers\Malipo->nmbrecon()
 4 SYSTEMPATH/CodeIgniter.php(466): CodeIgniter\CodeIgniter->runController()
 5 SYSTEMPATH/CodeIgniter.php(349): CodeIgniter\CodeIgniter->handleRequest()
 6 FCPATH/index.php(57): CodeIgniter\CodeIgniter->run()
CRITICAL - 2024-11-08 22:16:06 --> Undefined property: stdClass::$bill_num
in APPPATH/Helpers/global_helper.php on line 505.
 1 APPPATH/Helpers/global_helper.php(505): CodeIgniter\Debug\Exceptions->errorHandler()
 2 APPPATH/Controllers/Malipo.php(399): doProcessGlobalTransaction()
 3 SYSTEMPATH/CodeIgniter.php(896): App\Controllers\Malipo->nmbrecon()
 4 SYSTEMPATH/CodeIgniter.php(466): CodeIgniter\CodeIgniter->runController()
 5 SYSTEMPATH/CodeIgniter.php(349): CodeIgniter\CodeIgniter->handleRequest()
 6 FCPATH/index.php(57): CodeIgniter\CodeIgniter->run()
CRITICAL - 2024-11-08 22:18:05 --> Undefined property: stdClass::$bill_num
in APPPATH/Helpers/global_helper.php on line 505.
 1 APPPATH/Helpers/global_helper.php(505): CodeIgniter\Debug\Exceptions->errorHandler()
 2 APPPATH/Controllers/Malipo.php(399): doProcessGlobalTransaction()
 3 SYSTEMPATH/CodeIgniter.php(896): App\Controllers\Malipo->nmbrecon()
 4 SYSTEMPATH/CodeIgniter.php(466): CodeIgniter\CodeIgniter->runController()
 5 SYSTEMPATH/CodeIgniter.php(349): CodeIgniter\CodeIgniter->handleRequest()
 6 FCPATH/index.php(57): CodeIgniter\CodeIgniter->run()
CRITICAL - 2024-11-08 22:20:05 --> Undefined property: stdClass::$bill_num
in APPPATH/Helpers/global_helper.php on line 505.
 1 APPPATH/Helpers/global_helper.php(505): CodeIgniter\Debug\Exceptions->errorHandler()
 2 APPPATH/Controllers/Malipo.php(399): doProcessGlobalTransaction()
 3 SYSTEMPATH/CodeIgniter.php(896): App\Controllers\Malipo->nmbrecon()
 4 SYSTEMPATH/CodeIgniter.php(466): CodeIgniter\CodeIgniter->runController()
 5 SYSTEMPATH/CodeIgniter.php(349): CodeIgniter\CodeIgniter->handleRequest()
 6 FCPATH/index.php(57): CodeIgniter\CodeIgniter->run()
CRITICAL - 2024-11-08 22:22:05 --> Undefined property: stdClass::$bill_num
in APPPATH/Helpers/global_helper.php on line 505.
 1 APPPATH/Helpers/global_helper.php(505): CodeIgniter\Debug\Exceptions->errorHandler()
 2 APPPATH/Controllers/Malipo.php(399): doProcessGlobalTransaction()
 3 SYSTEMPATH/CodeIgniter.php(896): App\Controllers\Malipo->nmbrecon()
 4 SYSTEMPATH/CodeIgniter.php(466): CodeIgniter\CodeIgniter->runController()
 5 SYSTEMPATH/CodeIgniter.php(349): CodeIgniter\CodeIgniter->handleRequest()
 6 FCPATH/index.php(57): CodeIgniter\CodeIgniter->run()
CRITICAL - 2024-11-08 22:24:06 --> Undefined property: stdClass::$bill_num
in APPPATH/Helpers/global_helper.php on line 505.
 1 APPPATH/Helpers/global_helper.php(505): CodeIgniter\Debug\Exceptions->errorHandler()
 2 APPPATH/Controllers/Malipo.php(399): doProcessGlobalTransaction()
 3 SYSTEMPATH/CodeIgniter.php(896): App\Controllers\Malipo->nmbrecon()
 4 SYSTEMPATH/CodeIgniter.php(466): CodeIgniter\CodeIgniter->runController()
 5 SYSTEMPATH/CodeIgniter.php(349): CodeIgniter\CodeIgniter->handleRequest()
 6 FCPATH/index.php(57): CodeIgniter\CodeIgniter->run()
CRITICAL - 2024-11-08 22:26:06 --> Undefined property: stdClass::$bill_num
in APPPATH/Helpers/global_helper.php on line 505.
 1 APPPATH/Helpers/global_helper.php(505): CodeIgniter\Debug\Exceptions->errorHandler()
 2 APPPATH/Controllers/Malipo.php(399): doProcessGlobalTransaction()
 3 SYSTEMPATH/CodeIgniter.php(896): App\Controllers\Malipo->nmbrecon()
 4 SYSTEMPATH/CodeIgniter.php(466): CodeIgniter\CodeIgniter->runController()
 5 SYSTEMPATH/CodeIgniter.php(349): CodeIgniter\CodeIgniter->handleRequest()
 6 FCPATH/index.php(57): CodeIgniter\CodeIgniter->run()
CRITICAL - 2024-11-08 22:28:07 --> Undefined property: stdClass::$bill_num
in APPPATH/Helpers/global_helper.php on line 505.
 1 APPPATH/Helpers/global_helper.php(505): CodeIgniter\Debug\Exceptions->errorHandler()
 2 APPPATH/Controllers/Malipo.php(399): doProcessGlobalTransaction()
 3 SYSTEMPATH/CodeIgniter.php(896): App\Controllers\Malipo->nmbrecon()
 4 SYSTEMPATH/CodeIgniter.php(466): CodeIgniter\CodeIgniter->runController()
 5 SYSTEMPATH/CodeIgniter.php(349): CodeIgniter\CodeIgniter->handleRequest()
 6 FCPATH/index.php(57): CodeIgniter\CodeIgniter->run()
CRITICAL - 2024-11-08 22:30:06 --> Undefined property: stdClass::$bill_num
in APPPATH/Helpers/global_helper.php on line 505.
 1 APPPATH/Helpers/global_helper.php(505): CodeIgniter\Debug\Exceptions->errorHandler()
 2 APPPATH/Controllers/Malipo.php(399): doProcessGlobalTransaction()
 3 SYSTEMPATH/CodeIgniter.php(896): App\Controllers\Malipo->nmbrecon()
 4 SYSTEMPATH/CodeIgniter.php(466): CodeIgniter\CodeIgniter->runController()
 5 SYSTEMPATH/CodeIgniter.php(349): CodeIgniter\CodeIgniter->handleRequest()
 6 FCPATH/index.php(57): CodeIgniter\CodeIgniter->run()
CRITICAL - 2024-11-08 22:32:06 --> Undefined property: stdClass::$bill_num
in APPPATH/Helpers/global_helper.php on line 505.
 1 APPPATH/Helpers/global_helper.php(505): CodeIgniter\Debug\Exceptions->errorHandler()
 2 APPPATH/Controllers/Malipo.php(399): doProcessGlobalTransaction()
 3 SYSTEMPATH/CodeIgniter.php(896): App\Controllers\Malipo->nmbrecon()
 4 SYSTEMPATH/CodeIgniter.php(466): CodeIgniter\CodeIgniter->runController()
 5 SYSTEMPATH/CodeIgniter.php(349): CodeIgniter\CodeIgniter->handleRequest()
 6 FCPATH/index.php(57): CodeIgniter\CodeIgniter->run()
CRITICAL - 2024-11-08 22:34:06 --> Undefined property: stdClass::$bill_num
in APPPATH/Helpers/global_helper.php on line 505.
 1 APPPATH/Helpers/global_helper.php(505): CodeIgniter\Debug\Exceptions->errorHandler()
 2 APPPATH/Controllers/Malipo.php(399): doProcessGlobalTransaction()
 3 SYSTEMPATH/CodeIgniter.php(896): App\Controllers\Malipo->nmbrecon()
 4 SYSTEMPATH/CodeIgniter.php(466): CodeIgniter\CodeIgniter->runController()
 5 SYSTEMPATH/CodeIgniter.php(349): CodeIgniter\CodeIgniter->handleRequest()
 6 FCPATH/index.php(57): CodeIgniter\CodeIgniter->run()
CRITICAL - 2024-11-08 22:36:05 --> Undefined property: stdClass::$bill_num
in APPPATH/Helpers/global_helper.php on line 505.
 1 APPPATH/Helpers/global_helper.php(505): CodeIgniter\Debug\Exceptions->errorHandler()
 2 APPPATH/Controllers/Malipo.php(399): doProcessGlobalTransaction()
 3 SYSTEMPATH/CodeIgniter.php(896): App\Controllers\Malipo->nmbrecon()
 4 SYSTEMPATH/CodeIgniter.php(466): CodeIgniter\CodeIgniter->runController()
 5 SYSTEMPATH/CodeIgniter.php(349): CodeIgniter\CodeIgniter->handleRequest()
 6 FCPATH/index.php(57): CodeIgniter\CodeIgniter->run()
CRITICAL - 2024-11-08 22:38:06 --> Undefined property: stdClass::$bill_num
in APPPATH/Helpers/global_helper.php on line 505.
 1 APPPATH/Helpers/global_helper.php(505): CodeIgniter\Debug\Exceptions->errorHandler()
 2 APPPATH/Controllers/Malipo.php(399): doProcessGlobalTransaction()
 3 SYSTEMPATH/CodeIgniter.php(896): App\Controllers\Malipo->nmbrecon()
 4 SYSTEMPATH/CodeIgniter.php(466): CodeIgniter\CodeIgniter->runController()
 5 SYSTEMPATH/CodeIgniter.php(349): CodeIgniter\CodeIgniter->handleRequest()
 6 FCPATH/index.php(57): CodeIgniter\CodeIgniter->run()
CRITICAL - 2024-11-08 22:40:06 --> Undefined property: stdClass::$bill_num
in APPPATH/Helpers/global_helper.php on line 505.
 1 APPPATH/Helpers/global_helper.php(505): CodeIgniter\Debug\Exceptions->errorHandler()
 2 APPPATH/Controllers/Malipo.php(399): doProcessGlobalTransaction()
 3 SYSTEMPATH/CodeIgniter.php(896): App\Controllers\Malipo->nmbrecon()
 4 SYSTEMPATH/CodeIgniter.php(466): CodeIgniter\CodeIgniter->runController()
 5 SYSTEMPATH/CodeIgniter.php(349): CodeIgniter\CodeIgniter->handleRequest()
 6 FCPATH/index.php(57): CodeIgniter\CodeIgniter->run()
CRITICAL - 2024-11-08 22:42:06 --> Undefined property: stdClass::$bill_num
in APPPATH/Helpers/global_helper.php on line 505.
 1 APPPATH/Helpers/global_helper.php(505): CodeIgniter\Debug\Exceptions->errorHandler()
 2 APPPATH/Controllers/Malipo.php(399): doProcessGlobalTransaction()
 3 SYSTEMPATH/CodeIgniter.php(896): App\Controllers\Malipo->nmbrecon()
 4 SYSTEMPATH/CodeIgniter.php(466): CodeIgniter\CodeIgniter->runController()
 5 SYSTEMPATH/CodeIgniter.php(349): CodeIgniter\CodeIgniter->handleRequest()
 6 FCPATH/index.php(57): CodeIgniter\CodeIgniter->run()
CRITICAL - 2024-11-08 22:44:05 --> Undefined property: stdClass::$bill_num
in APPPATH/Helpers/global_helper.php on line 505.
 1 APPPATH/Helpers/global_helper.php(505): CodeIgniter\Debug\Exceptions->errorHandler()
 2 APPPATH/Controllers/Malipo.php(399): doProcessGlobalTransaction()
 3 SYSTEMPATH/CodeIgniter.php(896): App\Controllers\Malipo->nmbrecon()
 4 SYSTEMPATH/CodeIgniter.php(466): CodeIgniter\CodeIgniter->runController()
 5 SYSTEMPATH/CodeIgniter.php(349): CodeIgniter\CodeIgniter->handleRequest()
 6 FCPATH/index.php(57): CodeIgniter\CodeIgniter->run()
CRITICAL - 2024-11-08 22:46:05 --> Undefined property: stdClass::$bill_num
in APPPATH/Helpers/global_helper.php on line 505.
 1 APPPATH/Helpers/global_helper.php(505): CodeIgniter\Debug\Exceptions->errorHandler()
 2 APPPATH/Controllers/Malipo.php(399): doProcessGlobalTransaction()
 3 SYSTEMPATH/CodeIgniter.php(896): App\Controllers\Malipo->nmbrecon()
 4 SYSTEMPATH/CodeIgniter.php(466): CodeIgniter\CodeIgniter->runController()
 5 SYSTEMPATH/CodeIgniter.php(349): CodeIgniter\CodeIgniter->handleRequest()
 6 FCPATH/index.php(57): CodeIgniter\CodeIgniter->run()
CRITICAL - 2024-11-08 22:48:05 --> Undefined property: stdClass::$bill_num
in APPPATH/Helpers/global_helper.php on line 505.
 1 APPPATH/Helpers/global_helper.php(505): CodeIgniter\Debug\Exceptions->errorHandler()
 2 APPPATH/Controllers/Malipo.php(399): doProcessGlobalTransaction()
 3 SYSTEMPATH/CodeIgniter.php(896): App\Controllers\Malipo->nmbrecon()
 4 SYSTEMPATH/CodeIgniter.php(466): CodeIgniter\CodeIgniter->runController()
 5 SYSTEMPATH/CodeIgniter.php(349): CodeIgniter\CodeIgniter->handleRequest()
 6 FCPATH/index.php(57): CodeIgniter\CodeIgniter->run()
CRITICAL - 2024-11-08 22:50:06 --> Undefined property: stdClass::$bill_num
in APPPATH/Helpers/global_helper.php on line 505.
 1 APPPATH/Helpers/global_helper.php(505): CodeIgniter\Debug\Exceptions->errorHandler()
 2 APPPATH/Controllers/Malipo.php(399): doProcessGlobalTransaction()
 3 SYSTEMPATH/CodeIgniter.php(896): App\Controllers\Malipo->nmbrecon()
 4 SYSTEMPATH/CodeIgniter.php(466): CodeIgniter\CodeIgniter->runController()
 5 SYSTEMPATH/CodeIgniter.php(349): CodeIgniter\CodeIgniter->handleRequest()
 6 FCPATH/index.php(57): CodeIgniter\CodeIgniter->run()
CRITICAL - 2024-11-08 22:52:06 --> Undefined property: stdClass::$bill_num
in APPPATH/Helpers/global_helper.php on line 505.
 1 APPPATH/Helpers/global_helper.php(505): CodeIgniter\Debug\Exceptions->errorHandler()
 2 APPPATH/Controllers/Malipo.php(399): doProcessGlobalTransaction()
 3 SYSTEMPATH/CodeIgniter.php(896): App\Controllers\Malipo->nmbrecon()
 4 SYSTEMPATH/CodeIgniter.php(466): CodeIgniter\CodeIgniter->runController()
 5 SYSTEMPATH/CodeIgniter.php(349): CodeIgniter\CodeIgniter->handleRequest()
 6 FCPATH/index.php(57): CodeIgniter\CodeIgniter->run()
CRITICAL - 2024-11-08 22:54:06 --> Undefined property: stdClass::$bill_num
in APPPATH/Helpers/global_helper.php on line 505.
 1 APPPATH/Helpers/global_helper.php(505): CodeIgniter\Debug\Exceptions->errorHandler()
 2 APPPATH/Controllers/Malipo.php(399): doProcessGlobalTransaction()
 3 SYSTEMPATH/CodeIgniter.php(896): App\Controllers\Malipo->nmbrecon()
 4 SYSTEMPATH/CodeIgniter.php(466): CodeIgniter\CodeIgniter->runController()
 5 SYSTEMPATH/CodeIgniter.php(349): CodeIgniter\CodeIgniter->handleRequest()
 6 FCPATH/index.php(57): CodeIgniter\CodeIgniter->run()
CRITICAL - 2024-11-08 22:56:05 --> Undefined property: stdClass::$bill_num
in APPPATH/Helpers/global_helper.php on line 505.
 1 APPPATH/Helpers/global_helper.php(505): CodeIgniter\Debug\Exceptions->errorHandler()
 2 APPPATH/Controllers/Malipo.php(399): doProcessGlobalTransaction()
 3 SYSTEMPATH/CodeIgniter.php(896): App\Controllers\Malipo->nmbrecon()
 4 SYSTEMPATH/CodeIgniter.php(466): CodeIgniter\CodeIgniter->runController()
 5 SYSTEMPATH/CodeIgniter.php(349): CodeIgniter\CodeIgniter->handleRequest()
 6 FCPATH/index.php(57): CodeIgniter\CodeIgniter->run()
CRITICAL - 2024-11-08 22:58:05 --> Undefined property: stdClass::$bill_num
in APPPATH/Helpers/global_helper.php on line 505.
 1 APPPATH/Helpers/global_helper.php(505): CodeIgniter\Debug\Exceptions->errorHandler()
 2 APPPATH/Controllers/Malipo.php(399): doProcessGlobalTransaction()
 3 SYSTEMPATH/CodeIgniter.php(896): App\Controllers\Malipo->nmbrecon()
 4 SYSTEMPATH/CodeIgniter.php(466): CodeIgniter\CodeIgniter->runController()
 5 SYSTEMPATH/CodeIgniter.php(349): CodeIgniter\CodeIgniter->handleRequest()
 6 FCPATH/index.php(57): CodeIgniter\CodeIgniter->run()
CRITICAL - 2024-11-08 23:00:05 --> Undefined property: stdClass::$bill_num
in APPPATH/Helpers/global_helper.php on line 505.
 1 APPPATH/Helpers/global_helper.php(505): CodeIgniter\Debug\Exceptions->errorHandler()
 2 APPPATH/Controllers/Malipo.php(399): doProcessGlobalTransaction()
 3 SYSTEMPATH/CodeIgniter.php(896): App\Controllers\Malipo->nmbrecon()
 4 SYSTEMPATH/CodeIgniter.php(466): CodeIgniter\CodeIgniter->runController()
 5 SYSTEMPATH/CodeIgniter.php(349): CodeIgniter\CodeIgniter->handleRequest()
 6 FCPATH/index.php(57): CodeIgniter\CodeIgniter->run()
CRITICAL - 2024-11-08 23:02:05 --> Undefined property: stdClass::$bill_num
in APPPATH/Helpers/global_helper.php on line 505.
 1 APPPATH/Helpers/global_helper.php(505): CodeIgniter\Debug\Exceptions->errorHandler()
 2 APPPATH/Controllers/Malipo.php(399): doProcessGlobalTransaction()
 3 SYSTEMPATH/CodeIgniter.php(896): App\Controllers\Malipo->nmbrecon()
 4 SYSTEMPATH/CodeIgniter.php(466): CodeIgniter\CodeIgniter->runController()
 5 SYSTEMPATH/CodeIgniter.php(349): CodeIgniter\CodeIgniter->handleRequest()
 6 FCPATH/index.php(57): CodeIgniter\CodeIgniter->run()
CRITICAL - 2024-11-08 23:04:05 --> Undefined property: stdClass::$bill_num
in APPPATH/Helpers/global_helper.php on line 505.
 1 APPPATH/Helpers/global_helper.php(505): CodeIgniter\Debug\Exceptions->errorHandler()
 2 APPPATH/Controllers/Malipo.php(399): doProcessGlobalTransaction()
 3 SYSTEMPATH/CodeIgniter.php(896): App\Controllers\Malipo->nmbrecon()
 4 SYSTEMPATH/CodeIgniter.php(466): CodeIgniter\CodeIgniter->runController()
 5 SYSTEMPATH/CodeIgniter.php(349): CodeIgniter\CodeIgniter->handleRequest()
 6 FCPATH/index.php(57): CodeIgniter\CodeIgniter->run()
CRITICAL - 2024-11-08 23:06:05 --> Undefined property: stdClass::$bill_num
in APPPATH/Helpers/global_helper.php on line 505.
 1 APPPATH/Helpers/global_helper.php(505): CodeIgniter\Debug\Exceptions->errorHandler()
 2 APPPATH/Controllers/Malipo.php(399): doProcessGlobalTransaction()
 3 SYSTEMPATH/CodeIgniter.php(896): App\Controllers\Malipo->nmbrecon()
 4 SYSTEMPATH/CodeIgniter.php(466): CodeIgniter\CodeIgniter->runController()
 5 SYSTEMPATH/CodeIgniter.php(349): CodeIgniter\CodeIgniter->handleRequest()
 6 FCPATH/index.php(57): CodeIgniter\CodeIgniter->run()
CRITICAL - 2024-11-08 23:08:05 --> Undefined property: stdClass::$bill_num
in APPPATH/Helpers/global_helper.php on line 505.
 1 APPPATH/Helpers/global_helper.php(505): CodeIgniter\Debug\Exceptions->errorHandler()
 2 APPPATH/Controllers/Malipo.php(399): doProcessGlobalTransaction()
 3 SYSTEMPATH/CodeIgniter.php(896): App\Controllers\Malipo->nmbrecon()
 4 SYSTEMPATH/CodeIgniter.php(466): CodeIgniter\CodeIgniter->runController()
 5 SYSTEMPATH/CodeIgniter.php(349): CodeIgniter\CodeIgniter->handleRequest()
 6 FCPATH/index.php(57): CodeIgniter\CodeIgniter->run()
CRITICAL - 2024-11-08 23:10:04 --> Undefined property: stdClass::$bill_num
in APPPATH/Helpers/global_helper.php on line 505.
 1 APPPATH/Helpers/global_helper.php(505): CodeIgniter\Debug\Exceptions->errorHandler()
 2 APPPATH/Controllers/Malipo.php(399): doProcessGlobalTransaction()
 3 SYSTEMPATH/CodeIgniter.php(896): App\Controllers\Malipo->nmbrecon()
 4 SYSTEMPATH/CodeIgniter.php(466): CodeIgniter\CodeIgniter->runController()
 5 SYSTEMPATH/CodeIgniter.php(349): CodeIgniter\CodeIgniter->handleRequest()
 6 FCPATH/index.php(57): CodeIgniter\CodeIgniter->run()
CRITICAL - 2024-11-08 23:12:05 --> Undefined property: stdClass::$bill_num
in APPPATH/Helpers/global_helper.php on line 505.
 1 APPPATH/Helpers/global_helper.php(505): CodeIgniter\Debug\Exceptions->errorHandler()
 2 APPPATH/Controllers/Malipo.php(399): doProcessGlobalTransaction()
 3 SYSTEMPATH/CodeIgniter.php(896): App\Controllers\Malipo->nmbrecon()
 4 SYSTEMPATH/CodeIgniter.php(466): CodeIgniter\CodeIgniter->runController()
 5 SYSTEMPATH/CodeIgniter.php(349): CodeIgniter\CodeIgniter->handleRequest()
 6 FCPATH/index.php(57): CodeIgniter\CodeIgniter->run()
CRITICAL - 2024-11-08 23:14:05 --> Undefined property: stdClass::$bill_num
in APPPATH/Helpers/global_helper.php on line 505.
 1 APPPATH/Helpers/global_helper.php(505): CodeIgniter\Debug\Exceptions->errorHandler()
 2 APPPATH/Controllers/Malipo.php(399): doProcessGlobalTransaction()
 3 SYSTEMPATH/CodeIgniter.php(896): App\Controllers\Malipo->nmbrecon()
 4 SYSTEMPATH/CodeIgniter.php(466): CodeIgniter\CodeIgniter->runController()
 5 SYSTEMPATH/CodeIgniter.php(349): CodeIgniter\CodeIgniter->handleRequest()
 6 FCPATH/index.php(57): CodeIgniter\CodeIgniter->run()
CRITICAL - 2024-11-08 23:16:05 --> Undefined property: stdClass::$bill_num
in APPPATH/Helpers/global_helper.php on line 505.
 1 APPPATH/Helpers/global_helper.php(505): CodeIgniter\Debug\Exceptions->errorHandler()
 2 APPPATH/Controllers/Malipo.php(399): doProcessGlobalTransaction()
 3 SYSTEMPATH/CodeIgniter.php(896): App\Controllers\Malipo->nmbrecon()
 4 SYSTEMPATH/CodeIgniter.php(466): CodeIgniter\CodeIgniter->runController()
 5 SYSTEMPATH/CodeIgniter.php(349): CodeIgniter\CodeIgniter->handleRequest()
 6 FCPATH/index.php(57): CodeIgniter\CodeIgniter->run()
CRITICAL - 2024-11-08 23:18:05 --> Undefined property: stdClass::$bill_num
in APPPATH/Helpers/global_helper.php on line 505.
 1 APPPATH/Helpers/global_helper.php(505): CodeIgniter\Debug\Exceptions->errorHandler()
 2 APPPATH/Controllers/Malipo.php(399): doProcessGlobalTransaction()
 3 SYSTEMPATH/CodeIgniter.php(896): App\Controllers\Malipo->nmbrecon()
 4 SYSTEMPATH/CodeIgniter.php(466): CodeIgniter\CodeIgniter->runController()
 5 SYSTEMPATH/CodeIgniter.php(349): CodeIgniter\CodeIgniter->handleRequest()
 6 FCPATH/index.php(57): CodeIgniter\CodeIgniter->run()
CRITICAL - 2024-11-08 23:20:05 --> Undefined property: stdClass::$bill_num
in APPPATH/Helpers/global_helper.php on line 505.
 1 APPPATH/Helpers/global_helper.php(505): CodeIgniter\Debug\Exceptions->errorHandler()
 2 APPPATH/Controllers/Malipo.php(399): doProcessGlobalTransaction()
 3 SYSTEMPATH/CodeIgniter.php(896): App\Controllers\Malipo->nmbrecon()
 4 SYSTEMPATH/CodeIgniter.php(466): CodeIgniter\CodeIgniter->runController()
 5 SYSTEMPATH/CodeIgniter.php(349): CodeIgniter\CodeIgniter->handleRequest()
 6 FCPATH/index.php(57): CodeIgniter\CodeIgniter->run()
CRITICAL - 2024-11-08 23:22:05 --> Undefined property: stdClass::$bill_num
in APPPATH/Helpers/global_helper.php on line 505.
 1 APPPATH/Helpers/global_helper.php(505): CodeIgniter\Debug\Exceptions->errorHandler()
 2 APPPATH/Controllers/Malipo.php(399): doProcessGlobalTransaction()
 3 SYSTEMPATH/CodeIgniter.php(896): App\Controllers\Malipo->nmbrecon()
 4 SYSTEMPATH/CodeIgniter.php(466): CodeIgniter\CodeIgniter->runController()
 5 SYSTEMPATH/CodeIgniter.php(349): CodeIgniter\CodeIgniter->handleRequest()
 6 FCPATH/index.php(57): CodeIgniter\CodeIgniter->run()
CRITICAL - 2024-11-08 23:24:04 --> Undefined property: stdClass::$bill_num
in APPPATH/Helpers/global_helper.php on line 505.
 1 APPPATH/Helpers/global_helper.php(505): CodeIgniter\Debug\Exceptions->errorHandler()
 2 APPPATH/Controllers/Malipo.php(399): doProcessGlobalTransaction()
 3 SYSTEMPATH/CodeIgniter.php(896): App\Controllers\Malipo->nmbrecon()
 4 SYSTEMPATH/CodeIgniter.php(466): CodeIgniter\CodeIgniter->runController()
 5 SYSTEMPATH/CodeIgniter.php(349): CodeIgniter\CodeIgniter->handleRequest()
 6 FCPATH/index.php(57): CodeIgniter\CodeIgniter->run()
CRITICAL - 2024-11-08 23:26:04 --> Undefined property: stdClass::$bill_num
in APPPATH/Helpers/global_helper.php on line 505.
 1 APPPATH/Helpers/global_helper.php(505): CodeIgniter\Debug\Exceptions->errorHandler()
 2 APPPATH/Controllers/Malipo.php(399): doProcessGlobalTransaction()
 3 SYSTEMPATH/CodeIgniter.php(896): App\Controllers\Malipo->nmbrecon()
 4 SYSTEMPATH/CodeIgniter.php(466): CodeIgniter\CodeIgniter->runController()
 5 SYSTEMPATH/CodeIgniter.php(349): CodeIgniter\CodeIgniter->handleRequest()
 6 FCPATH/index.php(57): CodeIgniter\CodeIgniter->run()
CRITICAL - 2024-11-08 23:28:05 --> Undefined property: stdClass::$bill_num
in APPPATH/Helpers/global_helper.php on line 505.
 1 APPPATH/Helpers/global_helper.php(505): CodeIgniter\Debug\Exceptions->errorHandler()
 2 APPPATH/Controllers/Malipo.php(399): doProcessGlobalTransaction()
 3 SYSTEMPATH/CodeIgniter.php(896): App\Controllers\Malipo->nmbrecon()
 4 SYSTEMPATH/CodeIgniter.php(466): CodeIgniter\CodeIgniter->runController()
 5 SYSTEMPATH/CodeIgniter.php(349): CodeIgniter\CodeIgniter->handleRequest()
 6 FCPATH/index.php(57): CodeIgniter\CodeIgniter->run()
CRITICAL - 2024-11-08 23:30:05 --> Undefined property: stdClass::$bill_num
in APPPATH/Helpers/global_helper.php on line 505.
 1 APPPATH/Helpers/global_helper.php(505): CodeIgniter\Debug\Exceptions->errorHandler()
 2 APPPATH/Controllers/Malipo.php(399): doProcessGlobalTransaction()
 3 SYSTEMPATH/CodeIgniter.php(896): App\Controllers\Malipo->nmbrecon()
 4 SYSTEMPATH/CodeIgniter.php(466): CodeIgniter\CodeIgniter->runController()
 5 SYSTEMPATH/CodeIgniter.php(349): CodeIgniter\CodeIgniter->handleRequest()
 6 FCPATH/index.php(57): CodeIgniter\CodeIgniter->run()
CRITICAL - 2024-11-08 23:32:05 --> Undefined property: stdClass::$bill_num
in APPPATH/Helpers/global_helper.php on line 505.
 1 APPPATH/Helpers/global_helper.php(505): CodeIgniter\Debug\Exceptions->errorHandler()
 2 APPPATH/Controllers/Malipo.php(399): doProcessGlobalTransaction()
 3 SYSTEMPATH/CodeIgniter.php(896): App\Controllers\Malipo->nmbrecon()
 4 SYSTEMPATH/CodeIgniter.php(466): CodeIgniter\CodeIgniter->runController()
 5 SYSTEMPATH/CodeIgniter.php(349): CodeIgniter\CodeIgniter->handleRequest()
 6 FCPATH/index.php(57): CodeIgniter\CodeIgniter->run()
CRITICAL - 2024-11-08 23:34:05 --> Undefined property: stdClass::$bill_num
in APPPATH/Helpers/global_helper.php on line 505.
 1 APPPATH/Helpers/global_helper.php(505): CodeIgniter\Debug\Exceptions->errorHandler()
 2 APPPATH/Controllers/Malipo.php(399): doProcessGlobalTransaction()
 3 SYSTEMPATH/CodeIgniter.php(896): App\Controllers\Malipo->nmbrecon()
 4 SYSTEMPATH/CodeIgniter.php(466): CodeIgniter\CodeIgniter->runController()
 5 SYSTEMPATH/CodeIgniter.php(349): CodeIgniter\CodeIgniter->handleRequest()
 6 FCPATH/index.php(57): CodeIgniter\CodeIgniter->run()
CRITICAL - 2024-11-08 23:36:04 --> Undefined property: stdClass::$bill_num
in APPPATH/Helpers/global_helper.php on line 505.
 1 APPPATH/Helpers/global_helper.php(505): CodeIgniter\Debug\Exceptions->errorHandler()
 2 APPPATH/Controllers/Malipo.php(399): doProcessGlobalTransaction()
 3 SYSTEMPATH/CodeIgniter.php(896): App\Controllers\Malipo->nmbrecon()
 4 SYSTEMPATH/CodeIgniter.php(466): CodeIgniter\CodeIgniter->runController()
 5 SYSTEMPATH/CodeIgniter.php(349): CodeIgniter\CodeIgniter->handleRequest()
 6 FCPATH/index.php(57): CodeIgniter\CodeIgniter->run()
CRITICAL - 2024-11-08 23:38:06 --> Undefined property: stdClass::$bill_num
in APPPATH/Helpers/global_helper.php on line 505.
 1 APPPATH/Helpers/global_helper.php(505): CodeIgniter\Debug\Exceptions->errorHandler()
 2 APPPATH/Controllers/Malipo.php(399): doProcessGlobalTransaction()
 3 SYSTEMPATH/CodeIgniter.php(896): App\Controllers\Malipo->nmbrecon()
 4 SYSTEMPATH/CodeIgniter.php(466): CodeIgniter\CodeIgniter->runController()
 5 SYSTEMPATH/CodeIgniter.php(349): CodeIgniter\CodeIgniter->handleRequest()
 6 FCPATH/index.php(57): CodeIgniter\CodeIgniter->run()
CRITICAL - 2024-11-08 23:40:05 --> Undefined property: stdClass::$bill_num
in APPPATH/Helpers/global_helper.php on line 505.
 1 APPPATH/Helpers/global_helper.php(505): CodeIgniter\Debug\Exceptions->errorHandler()
 2 APPPATH/Controllers/Malipo.php(399): doProcessGlobalTransaction()
 3 SYSTEMPATH/CodeIgniter.php(896): App\Controllers\Malipo->nmbrecon()
 4 SYSTEMPATH/CodeIgniter.php(466): CodeIgniter\CodeIgniter->runController()
 5 SYSTEMPATH/CodeIgniter.php(349): CodeIgniter\CodeIgniter->handleRequest()
 6 FCPATH/index.php(57): CodeIgniter\CodeIgniter->run()
CRITICAL - 2024-11-08 23:42:05 --> Undefined property: stdClass::$bill_num
in APPPATH/Helpers/global_helper.php on line 505.
 1 APPPATH/Helpers/global_helper.php(505): CodeIgniter\Debug\Exceptions->errorHandler()
 2 APPPATH/Controllers/Malipo.php(399): doProcessGlobalTransaction()
 3 SYSTEMPATH/CodeIgniter.php(896): App\Controllers\Malipo->nmbrecon()
 4 SYSTEMPATH/CodeIgniter.php(466): CodeIgniter\CodeIgniter->runController()
 5 SYSTEMPATH/CodeIgniter.php(349): CodeIgniter\CodeIgniter->handleRequest()
 6 FCPATH/index.php(57): CodeIgniter\CodeIgniter->run()
CRITICAL - 2024-11-08 23:44:05 --> Undefined property: stdClass::$bill_num
in APPPATH/Helpers/global_helper.php on line 505.
 1 APPPATH/Helpers/global_helper.php(505): CodeIgniter\Debug\Exceptions->errorHandler()
 2 APPPATH/Controllers/Malipo.php(399): doProcessGlobalTransaction()
 3 SYSTEMPATH/CodeIgniter.php(896): App\Controllers\Malipo->nmbrecon()
 4 SYSTEMPATH/CodeIgniter.php(466): CodeIgniter\CodeIgniter->runController()
 5 SYSTEMPATH/CodeIgniter.php(349): CodeIgniter\CodeIgniter->handleRequest()
 6 FCPATH/index.php(57): CodeIgniter\CodeIgniter->run()
CRITICAL - 2024-11-08 23:46:05 --> Undefined property: stdClass::$bill_num
in APPPATH/Helpers/global_helper.php on line 505.
 1 APPPATH/Helpers/global_helper.php(505): CodeIgniter\Debug\Exceptions->errorHandler()
 2 APPPATH/Controllers/Malipo.php(399): doProcessGlobalTransaction()
 3 SYSTEMPATH/CodeIgniter.php(896): App\Controllers\Malipo->nmbrecon()
 4 SYSTEMPATH/CodeIgniter.php(466): CodeIgniter\CodeIgniter->runController()
 5 SYSTEMPATH/CodeIgniter.php(349): CodeIgniter\CodeIgniter->handleRequest()
 6 FCPATH/index.php(57): CodeIgniter\CodeIgniter->run()
CRITICAL - 2024-11-08 23:48:05 --> Undefined property: stdClass::$bill_num
in APPPATH/Helpers/global_helper.php on line 505.
 1 APPPATH/Helpers/global_helper.php(505): CodeIgniter\Debug\Exceptions->errorHandler()
 2 APPPATH/Controllers/Malipo.php(399): doProcessGlobalTransaction()
 3 SYSTEMPATH/CodeIgniter.php(896): App\Controllers\Malipo->nmbrecon()
 4 SYSTEMPATH/CodeIgniter.php(466): CodeIgniter\CodeIgniter->runController()
 5 SYSTEMPATH/CodeIgniter.php(349): CodeIgniter\CodeIgniter->handleRequest()
 6 FCPATH/index.php(57): CodeIgniter\CodeIgniter->run()
CRITICAL - 2024-11-08 23:50:04 --> Undefined property: stdClass::$bill_num
in APPPATH/Helpers/global_helper.php on line 505.
 1 APPPATH/Helpers/global_helper.php(505): CodeIgniter\Debug\Exceptions->errorHandler()
 2 APPPATH/Controllers/Malipo.php(399): doProcessGlobalTransaction()
 3 SYSTEMPATH/CodeIgniter.php(896): App\Controllers\Malipo->nmbrecon()
 4 SYSTEMPATH/CodeIgniter.php(466): CodeIgniter\CodeIgniter->runController()
 5 SYSTEMPATH/CodeIgniter.php(349): CodeIgniter\CodeIgniter->handleRequest()
 6 FCPATH/index.php(57): CodeIgniter\CodeIgniter->run()
CRITICAL - 2024-11-08 23:52:05 --> Undefined property: stdClass::$bill_num
in APPPATH/Helpers/global_helper.php on line 505.
 1 APPPATH/Helpers/global_helper.php(505): CodeIgniter\Debug\Exceptions->errorHandler()
 2 APPPATH/Controllers/Malipo.php(399): doProcessGlobalTransaction()
 3 SYSTEMPATH/CodeIgniter.php(896): App\Controllers\Malipo->nmbrecon()
 4 SYSTEMPATH/CodeIgniter.php(466): CodeIgniter\CodeIgniter->runController()
 5 SYSTEMPATH/CodeIgniter.php(349): CodeIgniter\CodeIgniter->handleRequest()
 6 FCPATH/index.php(57): CodeIgniter\CodeIgniter->run()
CRITICAL - 2024-11-08 23:54:05 --> Undefined property: stdClass::$bill_num
in APPPATH/Helpers/global_helper.php on line 505.
 1 APPPATH/Helpers/global_helper.php(505): CodeIgniter\Debug\Exceptions->errorHandler()
 2 APPPATH/Controllers/Malipo.php(399): doProcessGlobalTransaction()
 3 SYSTEMPATH/CodeIgniter.php(896): App\Controllers\Malipo->nmbrecon()
 4 SYSTEMPATH/CodeIgniter.php(466): CodeIgniter\CodeIgniter->runController()
 5 SYSTEMPATH/CodeIgniter.php(349): CodeIgniter\CodeIgniter->handleRequest()
 6 FCPATH/index.php(57): CodeIgniter\CodeIgniter->run()
CRITICAL - 2024-11-08 23:56:05 --> Undefined property: stdClass::$bill_num
in APPPATH/Helpers/global_helper.php on line 505.
 1 APPPATH/Helpers/global_helper.php(505): CodeIgniter\Debug\Exceptions->errorHandler()
 2 APPPATH/Controllers/Malipo.php(399): doProcessGlobalTransaction()
 3 SYSTEMPATH/CodeIgniter.php(896): App\Controllers\Malipo->nmbrecon()
 4 SYSTEMPATH/CodeIgniter.php(466): CodeIgniter\CodeIgniter->runController()
 5 SYSTEMPATH/CodeIgniter.php(349): CodeIgniter\CodeIgniter->handleRequest()
 6 FCPATH/index.php(57): CodeIgniter\CodeIgniter->run()
CRITICAL - 2024-11-08 23:58:05 --> Undefined property: stdClass::$bill_num
in APPPATH/Helpers/global_helper.php on line 505.
 1 APPPATH/Helpers/global_helper.php(505): CodeIgniter\Debug\Exceptions->errorHandler()
 2 APPPATH/Controllers/Malipo.php(399): doProcessGlobalTransaction()
 3 SYSTEMPATH/CodeIgniter.php(896): App\Controllers\Malipo->nmbrecon()
 4 SYSTEMPATH/CodeIgniter.php(466): CodeIgniter\CodeIgniter->runController()
 5 SYSTEMPATH/CodeIgniter.php(349): CodeIgniter\CodeIgniter->handleRequest()
 6 FCPATH/index.php(57): CodeIgniter\CodeIgniter->run()
