CRITICAL - 2024-08-02 09:12:01 --> Undefined variable $payArray
in APPPATH/Models/Engine.php on line 2230.
 1 APPPATH/Models/Engine.php(2230): CodeIgniter\Debug\Exceptions->errorHandler()
 2 APPPATH/Controllers/Api.php(147): App\Models\Engine->getBillToSynch()
 3 SYSTEMPATH/CodeIgniter.php(896): App\Controllers\Api->postbillpayment()
 4 SYSTEMPATH/CodeIgniter.php(466): CodeIgniter\CodeIgniter->runController()
 5 SYSTEMPATH/CodeIgniter.php(349): CodeIgniter\CodeIgniter->handleRequest()
 6 FCPATH/index.php(57): CodeIgniter\CodeIgniter->run()
CRITICAL - 2024-08-02 09:13:01 --> Undefined variable $payArray
in APPPATH/Models/Engine.php on line 2230.
 1 APPPATH/Models/Engine.php(2230): CodeIgniter\Debug\Exceptions->errorHandler()
 2 APPPATH/Controllers/Api.php(147): App\Models\Engine->getBillToSynch()
 3 SYSTEMPATH/CodeIgniter.php(896): App\Controllers\Api->postbillpayment()
 4 SYSTEMPATH/CodeIgniter.php(466): CodeIgniter\CodeIgniter->runController()
 5 SYSTEMPATH/CodeIgniter.php(349): CodeIgniter\CodeIgniter->handleRequest()
 6 FCPATH/index.php(57): CodeIgniter\CodeIgniter->run()
CRITICAL - 2024-08-02 09:14:01 --> Undefined variable $payArray
in APPPATH/Models/Engine.php on line 2230.
 1 APPPATH/Models/Engine.php(2230): CodeIgniter\Debug\Exceptions->errorHandler()
 2 APPPATH/Controllers/Api.php(147): App\Models\Engine->getBillToSynch()
 3 SYSTEMPATH/CodeIgniter.php(896): App\Controllers\Api->postbillpayment()
 4 SYSTEMPATH/CodeIgniter.php(466): CodeIgniter\CodeIgniter->runController()
 5 SYSTEMPATH/CodeIgniter.php(349): CodeIgniter\CodeIgniter->handleRequest()
 6 FCPATH/index.php(57): CodeIgniter\CodeIgniter->run()
CRITICAL - 2024-08-02 09:15:01 --> Undefined variable $payArray
in APPPATH/Models/Engine.php on line 2230.
 1 APPPATH/Models/Engine.php(2230): CodeIgniter\Debug\Exceptions->errorHandler()
 2 APPPATH/Controllers/Api.php(147): App\Models\Engine->getBillToSynch()
 3 SYSTEMPATH/CodeIgniter.php(896): App\Controllers\Api->postbillpayment()
 4 SYSTEMPATH/CodeIgniter.php(466): CodeIgniter\CodeIgniter->runController()
 5 SYSTEMPATH/CodeIgniter.php(349): CodeIgniter\CodeIgniter->handleRequest()
 6 FCPATH/index.php(57): CodeIgniter\CodeIgniter->run()
CRITICAL - 2024-08-02 09:16:01 --> Undefined variable $payArray
in APPPATH/Models/Engine.php on line 2230.
 1 APPPATH/Models/Engine.php(2230): CodeIgniter\Debug\Exceptions->errorHandler()
 2 APPPATH/Controllers/Api.php(147): App\Models\Engine->getBillToSynch()
 3 SYSTEMPATH/CodeIgniter.php(896): App\Controllers\Api->postbillpayment()
 4 SYSTEMPATH/CodeIgniter.php(466): CodeIgniter\CodeIgniter->runController()
 5 SYSTEMPATH/CodeIgniter.php(349): CodeIgniter\CodeIgniter->handleRequest()
 6 FCPATH/index.php(57): CodeIgniter\CodeIgniter->run()
CRITICAL - 2024-08-02 09:17:01 --> Undefined variable $payArray
in APPPATH/Models/Engine.php on line 2230.
 1 APPPATH/Models/Engine.php(2230): CodeIgniter\Debug\Exceptions->errorHandler()
 2 APPPATH/Controllers/Api.php(147): App\Models\Engine->getBillToSynch()
 3 SYSTEMPATH/CodeIgniter.php(896): App\Controllers\Api->postbillpayment()
 4 SYSTEMPATH/CodeIgniter.php(466): CodeIgniter\CodeIgniter->runController()
 5 SYSTEMPATH/CodeIgniter.php(349): CodeIgniter\CodeIgniter->handleRequest()
 6 FCPATH/index.php(57): CodeIgniter\CodeIgniter->run()
CRITICAL - 2024-08-02 09:18:01 --> Undefined variable $payArray
in APPPATH/Models/Engine.php on line 2230.
 1 APPPATH/Models/Engine.php(2230): CodeIgniter\Debug\Exceptions->errorHandler()
 2 APPPATH/Controllers/Api.php(147): App\Models\Engine->getBillToSynch()
 3 SYSTEMPATH/CodeIgniter.php(896): App\Controllers\Api->postbillpayment()
 4 SYSTEMPATH/CodeIgniter.php(466): CodeIgniter\CodeIgniter->runController()
 5 SYSTEMPATH/CodeIgniter.php(349): CodeIgniter\CodeIgniter->handleRequest()
 6 FCPATH/index.php(57): CodeIgniter\CodeIgniter->run()
CRITICAL - 2024-08-02 09:19:01 --> Undefined variable $payArray
in APPPATH/Models/Engine.php on line 2230.
 1 APPPATH/Models/Engine.php(2230): CodeIgniter\Debug\Exceptions->errorHandler()
 2 APPPATH/Controllers/Api.php(147): App\Models\Engine->getBillToSynch()
 3 SYSTEMPATH/CodeIgniter.php(896): App\Controllers\Api->postbillpayment()
 4 SYSTEMPATH/CodeIgniter.php(466): CodeIgniter\CodeIgniter->runController()
 5 SYSTEMPATH/CodeIgniter.php(349): CodeIgniter\CodeIgniter->handleRequest()
 6 FCPATH/index.php(57): CodeIgniter\CodeIgniter->run()
CRITICAL - 2024-08-02 09:20:01 --> Undefined variable $payArray
in APPPATH/Models/Engine.php on line 2230.
 1 APPPATH/Models/Engine.php(2230): CodeIgniter\Debug\Exceptions->errorHandler()
 2 APPPATH/Controllers/Api.php(147): App\Models\Engine->getBillToSynch()
 3 SYSTEMPATH/CodeIgniter.php(896): App\Controllers\Api->postbillpayment()
 4 SYSTEMPATH/CodeIgniter.php(466): CodeIgniter\CodeIgniter->runController()
 5 SYSTEMPATH/CodeIgniter.php(349): CodeIgniter\CodeIgniter->handleRequest()
 6 FCPATH/index.php(57): CodeIgniter\CodeIgniter->run()
CRITICAL - 2024-08-02 09:21:20 --> Undefined variable $payArray
in APPPATH/Models/Engine.php on line 2230.
 1 APPPATH/Models/Engine.php(2230): CodeIgniter\Debug\Exceptions->errorHandler()
 2 APPPATH/Controllers/Api.php(147): App\Models\Engine->getBillToSynch()
 3 SYSTEMPATH/CodeIgniter.php(896): App\Controllers\Api->postbillpayment()
 4 SYSTEMPATH/CodeIgniter.php(466): CodeIgniter\CodeIgniter->runController()
 5 SYSTEMPATH/CodeIgniter.php(349): CodeIgniter\CodeIgniter->handleRequest()
 6 FCPATH/index.php(57): CodeIgniter\CodeIgniter->run()
CRITICAL - 2024-08-02 09:22:01 --> Undefined variable $payArray
in APPPATH/Models/Engine.php on line 2230.
 1 APPPATH/Models/Engine.php(2230): CodeIgniter\Debug\Exceptions->errorHandler()
 2 APPPATH/Controllers/Api.php(147): App\Models\Engine->getBillToSynch()
 3 SYSTEMPATH/CodeIgniter.php(896): App\Controllers\Api->postbillpayment()
 4 SYSTEMPATH/CodeIgniter.php(466): CodeIgniter\CodeIgniter->runController()
 5 SYSTEMPATH/CodeIgniter.php(349): CodeIgniter\CodeIgniter->handleRequest()
 6 FCPATH/index.php(57): CodeIgniter\CodeIgniter->run()
CRITICAL - 2024-08-02 09:23:01 --> Undefined variable $payArray
in APPPATH/Models/Engine.php on line 2230.
 1 APPPATH/Models/Engine.php(2230): CodeIgniter\Debug\Exceptions->errorHandler()
 2 APPPATH/Controllers/Api.php(147): App\Models\Engine->getBillToSynch()
 3 SYSTEMPATH/CodeIgniter.php(896): App\Controllers\Api->postbillpayment()
 4 SYSTEMPATH/CodeIgniter.php(466): CodeIgniter\CodeIgniter->runController()
 5 SYSTEMPATH/CodeIgniter.php(349): CodeIgniter\CodeIgniter->handleRequest()
 6 FCPATH/index.php(57): CodeIgniter\CodeIgniter->run()
CRITICAL - 2024-08-02 09:24:01 --> Undefined variable $payArray
in APPPATH/Models/Engine.php on line 2230.
 1 APPPATH/Models/Engine.php(2230): CodeIgniter\Debug\Exceptions->errorHandler()
 2 APPPATH/Controllers/Api.php(147): App\Models\Engine->getBillToSynch()
 3 SYSTEMPATH/CodeIgniter.php(896): App\Controllers\Api->postbillpayment()
 4 SYSTEMPATH/CodeIgniter.php(466): CodeIgniter\CodeIgniter->runController()
 5 SYSTEMPATH/CodeIgniter.php(349): CodeIgniter\CodeIgniter->handleRequest()
 6 FCPATH/index.php(57): CodeIgniter\CodeIgniter->run()
CRITICAL - 2024-08-02 09:25:01 --> Undefined variable $payArray
in APPPATH/Models/Engine.php on line 2230.
 1 APPPATH/Models/Engine.php(2230): CodeIgniter\Debug\Exceptions->errorHandler()
 2 APPPATH/Controllers/Api.php(147): App\Models\Engine->getBillToSynch()
 3 SYSTEMPATH/CodeIgniter.php(896): App\Controllers\Api->postbillpayment()
 4 SYSTEMPATH/CodeIgniter.php(466): CodeIgniter\CodeIgniter->runController()
 5 SYSTEMPATH/CodeIgniter.php(349): CodeIgniter\CodeIgniter->handleRequest()
 6 FCPATH/index.php(57): CodeIgniter\CodeIgniter->run()
CRITICAL - 2024-08-02 09:26:01 --> Undefined variable $payArray
in APPPATH/Models/Engine.php on line 2230.
 1 APPPATH/Models/Engine.php(2230): CodeIgniter\Debug\Exceptions->errorHandler()
 2 APPPATH/Controllers/Api.php(147): App\Models\Engine->getBillToSynch()
 3 SYSTEMPATH/CodeIgniter.php(896): App\Controllers\Api->postbillpayment()
 4 SYSTEMPATH/CodeIgniter.php(466): CodeIgniter\CodeIgniter->runController()
 5 SYSTEMPATH/CodeIgniter.php(349): CodeIgniter\CodeIgniter->handleRequest()
 6 FCPATH/index.php(57): CodeIgniter\CodeIgniter->run()
CRITICAL - 2024-08-02 09:27:01 --> Undefined variable $payArray
in APPPATH/Models/Engine.php on line 2230.
 1 APPPATH/Models/Engine.php(2230): CodeIgniter\Debug\Exceptions->errorHandler()
 2 APPPATH/Controllers/Api.php(147): App\Models\Engine->getBillToSynch()
 3 SYSTEMPATH/CodeIgniter.php(896): App\Controllers\Api->postbillpayment()
 4 SYSTEMPATH/CodeIgniter.php(466): CodeIgniter\CodeIgniter->runController()
 5 SYSTEMPATH/CodeIgniter.php(349): CodeIgniter\CodeIgniter->handleRequest()
 6 FCPATH/index.php(57): CodeIgniter\CodeIgniter->run()
CRITICAL - 2024-08-02 09:28:01 --> Undefined variable $payArray
in APPPATH/Models/Engine.php on line 2230.
 1 APPPATH/Models/Engine.php(2230): CodeIgniter\Debug\Exceptions->errorHandler()
 2 APPPATH/Controllers/Api.php(147): App\Models\Engine->getBillToSynch()
 3 SYSTEMPATH/CodeIgniter.php(896): App\Controllers\Api->postbillpayment()
 4 SYSTEMPATH/CodeIgniter.php(466): CodeIgniter\CodeIgniter->runController()
 5 SYSTEMPATH/CodeIgniter.php(349): CodeIgniter\CodeIgniter->handleRequest()
 6 FCPATH/index.php(57): CodeIgniter\CodeIgniter->run()
CRITICAL - 2024-08-02 09:29:01 --> Undefined variable $payArray
in APPPATH/Models/Engine.php on line 2230.
 1 APPPATH/Models/Engine.php(2230): CodeIgniter\Debug\Exceptions->errorHandler()
 2 APPPATH/Controllers/Api.php(147): App\Models\Engine->getBillToSynch()
 3 SYSTEMPATH/CodeIgniter.php(896): App\Controllers\Api->postbillpayment()
 4 SYSTEMPATH/CodeIgniter.php(466): CodeIgniter\CodeIgniter->runController()
 5 SYSTEMPATH/CodeIgniter.php(349): CodeIgniter\CodeIgniter->handleRequest()
 6 FCPATH/index.php(57): CodeIgniter\CodeIgniter->run()
CRITICAL - 2024-08-02 09:30:01 --> Undefined variable $payArray
in APPPATH/Models/Engine.php on line 2230.
 1 APPPATH/Models/Engine.php(2230): CodeIgniter\Debug\Exceptions->errorHandler()
 2 APPPATH/Controllers/Api.php(147): App\Models\Engine->getBillToSynch()
 3 SYSTEMPATH/CodeIgniter.php(896): App\Controllers\Api->postbillpayment()
 4 SYSTEMPATH/CodeIgniter.php(466): CodeIgniter\CodeIgniter->runController()
 5 SYSTEMPATH/CodeIgniter.php(349): CodeIgniter\CodeIgniter->handleRequest()
 6 FCPATH/index.php(57): CodeIgniter\CodeIgniter->run()
CRITICAL - 2024-08-02 09:31:01 --> Undefined variable $payArray
in APPPATH/Models/Engine.php on line 2230.
 1 APPPATH/Models/Engine.php(2230): CodeIgniter\Debug\Exceptions->errorHandler()
 2 APPPATH/Controllers/Api.php(147): App\Models\Engine->getBillToSynch()
 3 SYSTEMPATH/CodeIgniter.php(896): App\Controllers\Api->postbillpayment()
 4 SYSTEMPATH/CodeIgniter.php(466): CodeIgniter\CodeIgniter->runController()
 5 SYSTEMPATH/CodeIgniter.php(349): CodeIgniter\CodeIgniter->handleRequest()
 6 FCPATH/index.php(57): CodeIgniter\CodeIgniter->run()
CRITICAL - 2024-08-02 09:32:01 --> Undefined variable $payArray
in APPPATH/Models/Engine.php on line 2230.
 1 APPPATH/Models/Engine.php(2230): CodeIgniter\Debug\Exceptions->errorHandler()
 2 APPPATH/Controllers/Api.php(147): App\Models\Engine->getBillToSynch()
 3 SYSTEMPATH/CodeIgniter.php(896): App\Controllers\Api->postbillpayment()
 4 SYSTEMPATH/CodeIgniter.php(466): CodeIgniter\CodeIgniter->runController()
 5 SYSTEMPATH/CodeIgniter.php(349): CodeIgniter\CodeIgniter->handleRequest()
 6 FCPATH/index.php(57): CodeIgniter\CodeIgniter->run()
CRITICAL - 2024-08-02 09:33:01 --> Undefined variable $payArray
in APPPATH/Models/Engine.php on line 2230.
 1 APPPATH/Models/Engine.php(2230): CodeIgniter\Debug\Exceptions->errorHandler()
 2 APPPATH/Controllers/Api.php(147): App\Models\Engine->getBillToSynch()
 3 SYSTEMPATH/CodeIgniter.php(896): App\Controllers\Api->postbillpayment()
 4 SYSTEMPATH/CodeIgniter.php(466): CodeIgniter\CodeIgniter->runController()
 5 SYSTEMPATH/CodeIgniter.php(349): CodeIgniter\CodeIgniter->handleRequest()
 6 FCPATH/index.php(57): CodeIgniter\CodeIgniter->run()
CRITICAL - 2024-08-02 09:34:01 --> Undefined variable $payArray
in APPPATH/Models/Engine.php on line 2230.
 1 APPPATH/Models/Engine.php(2230): CodeIgniter\Debug\Exceptions->errorHandler()
 2 APPPATH/Controllers/Api.php(147): App\Models\Engine->getBillToSynch()
 3 SYSTEMPATH/CodeIgniter.php(896): App\Controllers\Api->postbillpayment()
 4 SYSTEMPATH/CodeIgniter.php(466): CodeIgniter\CodeIgniter->runController()
 5 SYSTEMPATH/CodeIgniter.php(349): CodeIgniter\CodeIgniter->handleRequest()
 6 FCPATH/index.php(57): CodeIgniter\CodeIgniter->run()
CRITICAL - 2024-08-02 09:35:01 --> Undefined variable $payArray
in APPPATH/Models/Engine.php on line 2230.
 1 APPPATH/Models/Engine.php(2230): CodeIgniter\Debug\Exceptions->errorHandler()
 2 APPPATH/Controllers/Api.php(147): App\Models\Engine->getBillToSynch()
 3 SYSTEMPATH/CodeIgniter.php(896): App\Controllers\Api->postbillpayment()
 4 SYSTEMPATH/CodeIgniter.php(466): CodeIgniter\CodeIgniter->runController()
 5 SYSTEMPATH/CodeIgniter.php(349): CodeIgniter\CodeIgniter->handleRequest()
 6 FCPATH/index.php(57): CodeIgniter\CodeIgniter->run()
CRITICAL - 2024-08-02 09:36:01 --> Undefined variable $payArray
in APPPATH/Models/Engine.php on line 2230.
 1 APPPATH/Models/Engine.php(2230): CodeIgniter\Debug\Exceptions->errorHandler()
 2 APPPATH/Controllers/Api.php(147): App\Models\Engine->getBillToSynch()
 3 SYSTEMPATH/CodeIgniter.php(896): App\Controllers\Api->postbillpayment()
 4 SYSTEMPATH/CodeIgniter.php(466): CodeIgniter\CodeIgniter->runController()
 5 SYSTEMPATH/CodeIgniter.php(349): CodeIgniter\CodeIgniter->handleRequest()
 6 FCPATH/index.php(57): CodeIgniter\CodeIgniter->run()
CRITICAL - 2024-08-02 09:37:01 --> Undefined variable $payArray
in APPPATH/Models/Engine.php on line 2230.
 1 APPPATH/Models/Engine.php(2230): CodeIgniter\Debug\Exceptions->errorHandler()
 2 APPPATH/Controllers/Api.php(147): App\Models\Engine->getBillToSynch()
 3 SYSTEMPATH/CodeIgniter.php(896): App\Controllers\Api->postbillpayment()
 4 SYSTEMPATH/CodeIgniter.php(466): CodeIgniter\CodeIgniter->runController()
 5 SYSTEMPATH/CodeIgniter.php(349): CodeIgniter\CodeIgniter->handleRequest()
 6 FCPATH/index.php(57): CodeIgniter\CodeIgniter->run()
CRITICAL - 2024-08-02 09:38:02 --> Undefined variable $payArray
in APPPATH/Models/Engine.php on line 2230.
 1 APPPATH/Models/Engine.php(2230): CodeIgniter\Debug\Exceptions->errorHandler()
 2 APPPATH/Controllers/Api.php(147): App\Models\Engine->getBillToSynch()
 3 SYSTEMPATH/CodeIgniter.php(896): App\Controllers\Api->postbillpayment()
 4 SYSTEMPATH/CodeIgniter.php(466): CodeIgniter\CodeIgniter->runController()
 5 SYSTEMPATH/CodeIgniter.php(349): CodeIgniter\CodeIgniter->handleRequest()
 6 FCPATH/index.php(57): CodeIgniter\CodeIgniter->run()
CRITICAL - 2024-08-02 09:39:01 --> Undefined variable $payArray
in APPPATH/Models/Engine.php on line 2230.
 1 APPPATH/Models/Engine.php(2230): CodeIgniter\Debug\Exceptions->errorHandler()
 2 APPPATH/Controllers/Api.php(147): App\Models\Engine->getBillToSynch()
 3 SYSTEMPATH/CodeIgniter.php(896): App\Controllers\Api->postbillpayment()
 4 SYSTEMPATH/CodeIgniter.php(466): CodeIgniter\CodeIgniter->runController()
 5 SYSTEMPATH/CodeIgniter.php(349): CodeIgniter\CodeIgniter->handleRequest()
 6 FCPATH/index.php(57): CodeIgniter\CodeIgniter->run()
CRITICAL - 2024-08-02 09:40:01 --> Undefined variable $payArray
in APPPATH/Models/Engine.php on line 2230.
 1 APPPATH/Models/Engine.php(2230): CodeIgniter\Debug\Exceptions->errorHandler()
 2 APPPATH/Controllers/Api.php(147): App\Models\Engine->getBillToSynch()
 3 SYSTEMPATH/CodeIgniter.php(896): App\Controllers\Api->postbillpayment()
 4 SYSTEMPATH/CodeIgniter.php(466): CodeIgniter\CodeIgniter->runController()
 5 SYSTEMPATH/CodeIgniter.php(349): CodeIgniter\CodeIgniter->handleRequest()
 6 FCPATH/index.php(57): CodeIgniter\CodeIgniter->run()
CRITICAL - 2024-08-02 09:41:01 --> Undefined variable $payArray
in APPPATH/Models/Engine.php on line 2230.
 1 APPPATH/Models/Engine.php(2230): CodeIgniter\Debug\Exceptions->errorHandler()
 2 APPPATH/Controllers/Api.php(147): App\Models\Engine->getBillToSynch()
 3 SYSTEMPATH/CodeIgniter.php(896): App\Controllers\Api->postbillpayment()
 4 SYSTEMPATH/CodeIgniter.php(466): CodeIgniter\CodeIgniter->runController()
 5 SYSTEMPATH/CodeIgniter.php(349): CodeIgniter\CodeIgniter->handleRequest()
 6 FCPATH/index.php(57): CodeIgniter\CodeIgniter->run()
CRITICAL - 2024-08-02 09:42:01 --> Undefined variable $payArray
in APPPATH/Models/Engine.php on line 2230.
 1 APPPATH/Models/Engine.php(2230): CodeIgniter\Debug\Exceptions->errorHandler()
 2 APPPATH/Controllers/Api.php(147): App\Models\Engine->getBillToSynch()
 3 SYSTEMPATH/CodeIgniter.php(896): App\Controllers\Api->postbillpayment()
 4 SYSTEMPATH/CodeIgniter.php(466): CodeIgniter\CodeIgniter->runController()
 5 SYSTEMPATH/CodeIgniter.php(349): CodeIgniter\CodeIgniter->handleRequest()
 6 FCPATH/index.php(57): CodeIgniter\CodeIgniter->run()
CRITICAL - 2024-08-02 09:43:01 --> Undefined variable $payArray
in APPPATH/Models/Engine.php on line 2230.
 1 APPPATH/Models/Engine.php(2230): CodeIgniter\Debug\Exceptions->errorHandler()
 2 APPPATH/Controllers/Api.php(147): App\Models\Engine->getBillToSynch()
 3 SYSTEMPATH/CodeIgniter.php(896): App\Controllers\Api->postbillpayment()
 4 SYSTEMPATH/CodeIgniter.php(466): CodeIgniter\CodeIgniter->runController()
 5 SYSTEMPATH/CodeIgniter.php(349): CodeIgniter\CodeIgniter->handleRequest()
 6 FCPATH/index.php(57): CodeIgniter\CodeIgniter->run()
CRITICAL - 2024-08-02 09:44:01 --> Undefined variable $payArray
in APPPATH/Models/Engine.php on line 2230.
 1 APPPATH/Models/Engine.php(2230): CodeIgniter\Debug\Exceptions->errorHandler()
 2 APPPATH/Controllers/Api.php(147): App\Models\Engine->getBillToSynch()
 3 SYSTEMPATH/CodeIgniter.php(896): App\Controllers\Api->postbillpayment()
 4 SYSTEMPATH/CodeIgniter.php(466): CodeIgniter\CodeIgniter->runController()
 5 SYSTEMPATH/CodeIgniter.php(349): CodeIgniter\CodeIgniter->handleRequest()
 6 FCPATH/index.php(57): CodeIgniter\CodeIgniter->run()
CRITICAL - 2024-08-02 09:45:01 --> Undefined variable $payArray
in APPPATH/Models/Engine.php on line 2230.
 1 APPPATH/Models/Engine.php(2230): CodeIgniter\Debug\Exceptions->errorHandler()
 2 APPPATH/Controllers/Api.php(147): App\Models\Engine->getBillToSynch()
 3 SYSTEMPATH/CodeIgniter.php(896): App\Controllers\Api->postbillpayment()
 4 SYSTEMPATH/CodeIgniter.php(466): CodeIgniter\CodeIgniter->runController()
 5 SYSTEMPATH/CodeIgniter.php(349): CodeIgniter\CodeIgniter->handleRequest()
 6 FCPATH/index.php(57): CodeIgniter\CodeIgniter->run()
CRITICAL - 2024-08-02 09:46:01 --> Undefined variable $payArray
in APPPATH/Models/Engine.php on line 2230.
 1 APPPATH/Models/Engine.php(2230): CodeIgniter\Debug\Exceptions->errorHandler()
 2 APPPATH/Controllers/Api.php(147): App\Models\Engine->getBillToSynch()
 3 SYSTEMPATH/CodeIgniter.php(896): App\Controllers\Api->postbillpayment()
 4 SYSTEMPATH/CodeIgniter.php(466): CodeIgniter\CodeIgniter->runController()
 5 SYSTEMPATH/CodeIgniter.php(349): CodeIgniter\CodeIgniter->handleRequest()
 6 FCPATH/index.php(57): CodeIgniter\CodeIgniter->run()
CRITICAL - 2024-08-02 09:47:01 --> Undefined variable $payArray
in APPPATH/Models/Engine.php on line 2230.
 1 APPPATH/Models/Engine.php(2230): CodeIgniter\Debug\Exceptions->errorHandler()
 2 APPPATH/Controllers/Api.php(147): App\Models\Engine->getBillToSynch()
 3 SYSTEMPATH/CodeIgniter.php(896): App\Controllers\Api->postbillpayment()
 4 SYSTEMPATH/CodeIgniter.php(466): CodeIgniter\CodeIgniter->runController()
 5 SYSTEMPATH/CodeIgniter.php(349): CodeIgniter\CodeIgniter->handleRequest()
 6 FCPATH/index.php(57): CodeIgniter\CodeIgniter->run()
CRITICAL - 2024-08-02 09:48:01 --> Undefined variable $payArray
in APPPATH/Models/Engine.php on line 2230.
 1 APPPATH/Models/Engine.php(2230): CodeIgniter\Debug\Exceptions->errorHandler()
 2 APPPATH/Controllers/Api.php(147): App\Models\Engine->getBillToSynch()
 3 SYSTEMPATH/CodeIgniter.php(896): App\Controllers\Api->postbillpayment()
 4 SYSTEMPATH/CodeIgniter.php(466): CodeIgniter\CodeIgniter->runController()
 5 SYSTEMPATH/CodeIgniter.php(349): CodeIgniter\CodeIgniter->handleRequest()
 6 FCPATH/index.php(57): CodeIgniter\CodeIgniter->run()
CRITICAL - 2024-08-02 09:49:01 --> Undefined variable $payArray
in APPPATH/Models/Engine.php on line 2230.
 1 APPPATH/Models/Engine.php(2230): CodeIgniter\Debug\Exceptions->errorHandler()
 2 APPPATH/Controllers/Api.php(147): App\Models\Engine->getBillToSynch()
 3 SYSTEMPATH/CodeIgniter.php(896): App\Controllers\Api->postbillpayment()
 4 SYSTEMPATH/CodeIgniter.php(466): CodeIgniter\CodeIgniter->runController()
 5 SYSTEMPATH/CodeIgniter.php(349): CodeIgniter\CodeIgniter->handleRequest()
 6 FCPATH/index.php(57): CodeIgniter\CodeIgniter->run()
CRITICAL - 2024-08-02 09:50:01 --> Undefined variable $payArray
in APPPATH/Models/Engine.php on line 2230.
 1 APPPATH/Models/Engine.php(2230): CodeIgniter\Debug\Exceptions->errorHandler()
 2 APPPATH/Controllers/Api.php(147): App\Models\Engine->getBillToSynch()
 3 SYSTEMPATH/CodeIgniter.php(896): App\Controllers\Api->postbillpayment()
 4 SYSTEMPATH/CodeIgniter.php(466): CodeIgniter\CodeIgniter->runController()
 5 SYSTEMPATH/CodeIgniter.php(349): CodeIgniter\CodeIgniter->handleRequest()
 6 FCPATH/index.php(57): CodeIgniter\CodeIgniter->run()
CRITICAL - 2024-08-02 09:51:01 --> Undefined variable $payArray
in APPPATH/Models/Engine.php on line 2230.
 1 APPPATH/Models/Engine.php(2230): CodeIgniter\Debug\Exceptions->errorHandler()
 2 APPPATH/Controllers/Api.php(147): App\Models\Engine->getBillToSynch()
 3 SYSTEMPATH/CodeIgniter.php(896): App\Controllers\Api->postbillpayment()
 4 SYSTEMPATH/CodeIgniter.php(466): CodeIgniter\CodeIgniter->runController()
 5 SYSTEMPATH/CodeIgniter.php(349): CodeIgniter\CodeIgniter->handleRequest()
 6 FCPATH/index.php(57): CodeIgniter\CodeIgniter->run()
CRITICAL - 2024-08-02 09:52:01 --> Undefined variable $payArray
in APPPATH/Models/Engine.php on line 2230.
 1 APPPATH/Models/Engine.php(2230): CodeIgniter\Debug\Exceptions->errorHandler()
 2 APPPATH/Controllers/Api.php(147): App\Models\Engine->getBillToSynch()
 3 SYSTEMPATH/CodeIgniter.php(896): App\Controllers\Api->postbillpayment()
 4 SYSTEMPATH/CodeIgniter.php(466): CodeIgniter\CodeIgniter->runController()
 5 SYSTEMPATH/CodeIgniter.php(349): CodeIgniter\CodeIgniter->handleRequest()
 6 FCPATH/index.php(57): CodeIgniter\CodeIgniter->run()
CRITICAL - 2024-08-02 09:53:01 --> Undefined variable $payArray
in APPPATH/Models/Engine.php on line 2230.
 1 APPPATH/Models/Engine.php(2230): CodeIgniter\Debug\Exceptions->errorHandler()
 2 APPPATH/Controllers/Api.php(147): App\Models\Engine->getBillToSynch()
 3 SYSTEMPATH/CodeIgniter.php(896): App\Controllers\Api->postbillpayment()
 4 SYSTEMPATH/CodeIgniter.php(466): CodeIgniter\CodeIgniter->runController()
 5 SYSTEMPATH/CodeIgniter.php(349): CodeIgniter\CodeIgniter->handleRequest()
 6 FCPATH/index.php(57): CodeIgniter\CodeIgniter->run()
CRITICAL - 2024-08-02 09:54:01 --> Undefined variable $payArray
in APPPATH/Models/Engine.php on line 2230.
 1 APPPATH/Models/Engine.php(2230): CodeIgniter\Debug\Exceptions->errorHandler()
 2 APPPATH/Controllers/Api.php(147): App\Models\Engine->getBillToSynch()
 3 SYSTEMPATH/CodeIgniter.php(896): App\Controllers\Api->postbillpayment()
 4 SYSTEMPATH/CodeIgniter.php(466): CodeIgniter\CodeIgniter->runController()
 5 SYSTEMPATH/CodeIgniter.php(349): CodeIgniter\CodeIgniter->handleRequest()
 6 FCPATH/index.php(57): CodeIgniter\CodeIgniter->run()
CRITICAL - 2024-08-02 09:55:01 --> Undefined variable $payArray
in APPPATH/Models/Engine.php on line 2230.
 1 APPPATH/Models/Engine.php(2230): CodeIgniter\Debug\Exceptions->errorHandler()
 2 APPPATH/Controllers/Api.php(147): App\Models\Engine->getBillToSynch()
 3 SYSTEMPATH/CodeIgniter.php(896): App\Controllers\Api->postbillpayment()
 4 SYSTEMPATH/CodeIgniter.php(466): CodeIgniter\CodeIgniter->runController()
 5 SYSTEMPATH/CodeIgniter.php(349): CodeIgniter\CodeIgniter->handleRequest()
 6 FCPATH/index.php(57): CodeIgniter\CodeIgniter->run()
CRITICAL - 2024-08-02 09:56:01 --> Undefined variable $payArray
in APPPATH/Models/Engine.php on line 2230.
 1 APPPATH/Models/Engine.php(2230): CodeIgniter\Debug\Exceptions->errorHandler()
 2 APPPATH/Controllers/Api.php(147): App\Models\Engine->getBillToSynch()
 3 SYSTEMPATH/CodeIgniter.php(896): App\Controllers\Api->postbillpayment()
 4 SYSTEMPATH/CodeIgniter.php(466): CodeIgniter\CodeIgniter->runController()
 5 SYSTEMPATH/CodeIgniter.php(349): CodeIgniter\CodeIgniter->handleRequest()
 6 FCPATH/index.php(57): CodeIgniter\CodeIgniter->run()
CRITICAL - 2024-08-02 09:57:01 --> Undefined variable $payArray
in APPPATH/Models/Engine.php on line 2230.
 1 APPPATH/Models/Engine.php(2230): CodeIgniter\Debug\Exceptions->errorHandler()
 2 APPPATH/Controllers/Api.php(147): App\Models\Engine->getBillToSynch()
 3 SYSTEMPATH/CodeIgniter.php(896): App\Controllers\Api->postbillpayment()
 4 SYSTEMPATH/CodeIgniter.php(466): CodeIgniter\CodeIgniter->runController()
 5 SYSTEMPATH/CodeIgniter.php(349): CodeIgniter\CodeIgniter->handleRequest()
 6 FCPATH/index.php(57): CodeIgniter\CodeIgniter->run()
CRITICAL - 2024-08-02 09:58:01 --> Undefined variable $payArray
in APPPATH/Models/Engine.php on line 2230.
 1 APPPATH/Models/Engine.php(2230): CodeIgniter\Debug\Exceptions->errorHandler()
 2 APPPATH/Controllers/Api.php(147): App\Models\Engine->getBillToSynch()
 3 SYSTEMPATH/CodeIgniter.php(896): App\Controllers\Api->postbillpayment()
 4 SYSTEMPATH/CodeIgniter.php(466): CodeIgniter\CodeIgniter->runController()
 5 SYSTEMPATH/CodeIgniter.php(349): CodeIgniter\CodeIgniter->handleRequest()
 6 FCPATH/index.php(57): CodeIgniter\CodeIgniter->run()
CRITICAL - 2024-08-02 09:59:01 --> Undefined variable $payArray
in APPPATH/Models/Engine.php on line 2230.
 1 APPPATH/Models/Engine.php(2230): CodeIgniter\Debug\Exceptions->errorHandler()
 2 APPPATH/Controllers/Api.php(147): App\Models\Engine->getBillToSynch()
 3 SYSTEMPATH/CodeIgniter.php(896): App\Controllers\Api->postbillpayment()
 4 SYSTEMPATH/CodeIgniter.php(466): CodeIgniter\CodeIgniter->runController()
 5 SYSTEMPATH/CodeIgniter.php(349): CodeIgniter\CodeIgniter->handleRequest()
 6 FCPATH/index.php(57): CodeIgniter\CodeIgniter->run()
CRITICAL - 2024-08-02 10:00:01 --> Undefined variable $payArray
in APPPATH/Models/Engine.php on line 2230.
 1 APPPATH/Models/Engine.php(2230): CodeIgniter\Debug\Exceptions->errorHandler()
 2 APPPATH/Controllers/Api.php(147): App\Models\Engine->getBillToSynch()
 3 SYSTEMPATH/CodeIgniter.php(896): App\Controllers\Api->postbillpayment()
 4 SYSTEMPATH/CodeIgniter.php(466): CodeIgniter\CodeIgniter->runController()
 5 SYSTEMPATH/CodeIgniter.php(349): CodeIgniter\CodeIgniter->handleRequest()
 6 FCPATH/index.php(57): CodeIgniter\CodeIgniter->run()
CRITICAL - 2024-08-02 10:01:01 --> Undefined variable $payArray
in APPPATH/Models/Engine.php on line 2230.
 1 APPPATH/Models/Engine.php(2230): CodeIgniter\Debug\Exceptions->errorHandler()
 2 APPPATH/Controllers/Api.php(147): App\Models\Engine->getBillToSynch()
 3 SYSTEMPATH/CodeIgniter.php(896): App\Controllers\Api->postbillpayment()
 4 SYSTEMPATH/CodeIgniter.php(466): CodeIgniter\CodeIgniter->runController()
 5 SYSTEMPATH/CodeIgniter.php(349): CodeIgniter\CodeIgniter->handleRequest()
 6 FCPATH/index.php(57): CodeIgniter\CodeIgniter->run()
CRITICAL - 2024-08-02 10:02:01 --> Undefined variable $payArray
in APPPATH/Models/Engine.php on line 2230.
 1 APPPATH/Models/Engine.php(2230): CodeIgniter\Debug\Exceptions->errorHandler()
 2 APPPATH/Controllers/Api.php(147): App\Models\Engine->getBillToSynch()
 3 SYSTEMPATH/CodeIgniter.php(896): App\Controllers\Api->postbillpayment()
 4 SYSTEMPATH/CodeIgniter.php(466): CodeIgniter\CodeIgniter->runController()
 5 SYSTEMPATH/CodeIgniter.php(349): CodeIgniter\CodeIgniter->handleRequest()
 6 FCPATH/index.php(57): CodeIgniter\CodeIgniter->run()
CRITICAL - 2024-08-02 10:03:01 --> Undefined variable $payArray
in APPPATH/Models/Engine.php on line 2230.
 1 APPPATH/Models/Engine.php(2230): CodeIgniter\Debug\Exceptions->errorHandler()
 2 APPPATH/Controllers/Api.php(147): App\Models\Engine->getBillToSynch()
 3 SYSTEMPATH/CodeIgniter.php(896): App\Controllers\Api->postbillpayment()
 4 SYSTEMPATH/CodeIgniter.php(466): CodeIgniter\CodeIgniter->runController()
 5 SYSTEMPATH/CodeIgniter.php(349): CodeIgniter\CodeIgniter->handleRequest()
 6 FCPATH/index.php(57): CodeIgniter\CodeIgniter->run()
CRITICAL - 2024-08-02 10:04:01 --> Undefined variable $payArray
in APPPATH/Models/Engine.php on line 2230.
 1 APPPATH/Models/Engine.php(2230): CodeIgniter\Debug\Exceptions->errorHandler()
 2 APPPATH/Controllers/Api.php(147): App\Models\Engine->getBillToSynch()
 3 SYSTEMPATH/CodeIgniter.php(896): App\Controllers\Api->postbillpayment()
 4 SYSTEMPATH/CodeIgniter.php(466): CodeIgniter\CodeIgniter->runController()
 5 SYSTEMPATH/CodeIgniter.php(349): CodeIgniter\CodeIgniter->handleRequest()
 6 FCPATH/index.php(57): CodeIgniter\CodeIgniter->run()
CRITICAL - 2024-08-02 10:05:01 --> Undefined variable $payArray
in APPPATH/Models/Engine.php on line 2230.
 1 APPPATH/Models/Engine.php(2230): CodeIgniter\Debug\Exceptions->errorHandler()
 2 APPPATH/Controllers/Api.php(147): App\Models\Engine->getBillToSynch()
 3 SYSTEMPATH/CodeIgniter.php(896): App\Controllers\Api->postbillpayment()
 4 SYSTEMPATH/CodeIgniter.php(466): CodeIgniter\CodeIgniter->runController()
 5 SYSTEMPATH/CodeIgniter.php(349): CodeIgniter\CodeIgniter->handleRequest()
 6 FCPATH/index.php(57): CodeIgniter\CodeIgniter->run()
CRITICAL - 2024-08-02 10:06:01 --> Undefined variable $payArray
in APPPATH/Models/Engine.php on line 2230.
 1 APPPATH/Models/Engine.php(2230): CodeIgniter\Debug\Exceptions->errorHandler()
 2 APPPATH/Controllers/Api.php(147): App\Models\Engine->getBillToSynch()
 3 SYSTEMPATH/CodeIgniter.php(896): App\Controllers\Api->postbillpayment()
 4 SYSTEMPATH/CodeIgniter.php(466): CodeIgniter\CodeIgniter->runController()
 5 SYSTEMPATH/CodeIgniter.php(349): CodeIgniter\CodeIgniter->handleRequest()
 6 FCPATH/index.php(57): CodeIgniter\CodeIgniter->run()
CRITICAL - 2024-08-02 10:07:01 --> Undefined variable $payArray
in APPPATH/Models/Engine.php on line 2230.
 1 APPPATH/Models/Engine.php(2230): CodeIgniter\Debug\Exceptions->errorHandler()
 2 APPPATH/Controllers/Api.php(147): App\Models\Engine->getBillToSynch()
 3 SYSTEMPATH/CodeIgniter.php(896): App\Controllers\Api->postbillpayment()
 4 SYSTEMPATH/CodeIgniter.php(466): CodeIgniter\CodeIgniter->runController()
 5 SYSTEMPATH/CodeIgniter.php(349): CodeIgniter\CodeIgniter->handleRequest()
 6 FCPATH/index.php(57): CodeIgniter\CodeIgniter->run()
CRITICAL - 2024-08-02 10:08:01 --> Undefined variable $payArray
in APPPATH/Models/Engine.php on line 2230.
 1 APPPATH/Models/Engine.php(2230): CodeIgniter\Debug\Exceptions->errorHandler()
 2 APPPATH/Controllers/Api.php(147): App\Models\Engine->getBillToSynch()
 3 SYSTEMPATH/CodeIgniter.php(896): App\Controllers\Api->postbillpayment()
 4 SYSTEMPATH/CodeIgniter.php(466): CodeIgniter\CodeIgniter->runController()
 5 SYSTEMPATH/CodeIgniter.php(349): CodeIgniter\CodeIgniter->handleRequest()
 6 FCPATH/index.php(57): CodeIgniter\CodeIgniter->run()
CRITICAL - 2024-08-02 10:09:01 --> Undefined variable $payArray
in APPPATH/Models/Engine.php on line 2230.
 1 APPPATH/Models/Engine.php(2230): CodeIgniter\Debug\Exceptions->errorHandler()
 2 APPPATH/Controllers/Api.php(147): App\Models\Engine->getBillToSynch()
 3 SYSTEMPATH/CodeIgniter.php(896): App\Controllers\Api->postbillpayment()
 4 SYSTEMPATH/CodeIgniter.php(466): CodeIgniter\CodeIgniter->runController()
 5 SYSTEMPATH/CodeIgniter.php(349): CodeIgniter\CodeIgniter->handleRequest()
 6 FCPATH/index.php(57): CodeIgniter\CodeIgniter->run()
CRITICAL - 2024-08-02 10:10:01 --> Undefined variable $payArray
in APPPATH/Models/Engine.php on line 2230.
 1 APPPATH/Models/Engine.php(2230): CodeIgniter\Debug\Exceptions->errorHandler()
 2 APPPATH/Controllers/Api.php(147): App\Models\Engine->getBillToSynch()
 3 SYSTEMPATH/CodeIgniter.php(896): App\Controllers\Api->postbillpayment()
 4 SYSTEMPATH/CodeIgniter.php(466): CodeIgniter\CodeIgniter->runController()
 5 SYSTEMPATH/CodeIgniter.php(349): CodeIgniter\CodeIgniter->handleRequest()
 6 FCPATH/index.php(57): CodeIgniter\CodeIgniter->run()
CRITICAL - 2024-08-02 10:11:01 --> Undefined variable $payArray
in APPPATH/Models/Engine.php on line 2230.
 1 APPPATH/Models/Engine.php(2230): CodeIgniter\Debug\Exceptions->errorHandler()
 2 APPPATH/Controllers/Api.php(147): App\Models\Engine->getBillToSynch()
 3 SYSTEMPATH/CodeIgniter.php(896): App\Controllers\Api->postbillpayment()
 4 SYSTEMPATH/CodeIgniter.php(466): CodeIgniter\CodeIgniter->runController()
 5 SYSTEMPATH/CodeIgniter.php(349): CodeIgniter\CodeIgniter->handleRequest()
 6 FCPATH/index.php(57): CodeIgniter\CodeIgniter->run()
CRITICAL - 2024-08-02 10:12:01 --> Undefined variable $payArray
in APPPATH/Models/Engine.php on line 2230.
 1 APPPATH/Models/Engine.php(2230): CodeIgniter\Debug\Exceptions->errorHandler()
 2 APPPATH/Controllers/Api.php(147): App\Models\Engine->getBillToSynch()
 3 SYSTEMPATH/CodeIgniter.php(896): App\Controllers\Api->postbillpayment()
 4 SYSTEMPATH/CodeIgniter.php(466): CodeIgniter\CodeIgniter->runController()
 5 SYSTEMPATH/CodeIgniter.php(349): CodeIgniter\CodeIgniter->handleRequest()
 6 FCPATH/index.php(57): CodeIgniter\CodeIgniter->run()
CRITICAL - 2024-08-02 10:13:02 --> Undefined variable $payArray
in APPPATH/Models/Engine.php on line 2230.
 1 APPPATH/Models/Engine.php(2230): CodeIgniter\Debug\Exceptions->errorHandler()
 2 APPPATH/Controllers/Api.php(147): App\Models\Engine->getBillToSynch()
 3 SYSTEMPATH/CodeIgniter.php(896): App\Controllers\Api->postbillpayment()
 4 SYSTEMPATH/CodeIgniter.php(466): CodeIgniter\CodeIgniter->runController()
 5 SYSTEMPATH/CodeIgniter.php(349): CodeIgniter\CodeIgniter->handleRequest()
 6 FCPATH/index.php(57): CodeIgniter\CodeIgniter->run()
CRITICAL - 2024-08-02 10:14:01 --> Undefined variable $payArray
in APPPATH/Models/Engine.php on line 2230.
 1 APPPATH/Models/Engine.php(2230): CodeIgniter\Debug\Exceptions->errorHandler()
 2 APPPATH/Controllers/Api.php(147): App\Models\Engine->getBillToSynch()
 3 SYSTEMPATH/CodeIgniter.php(896): App\Controllers\Api->postbillpayment()
 4 SYSTEMPATH/CodeIgniter.php(466): CodeIgniter\CodeIgniter->runController()
 5 SYSTEMPATH/CodeIgniter.php(349): CodeIgniter\CodeIgniter->handleRequest()
 6 FCPATH/index.php(57): CodeIgniter\CodeIgniter->run()
CRITICAL - 2024-08-02 10:15:01 --> Undefined variable $payArray
in APPPATH/Models/Engine.php on line 2230.
 1 APPPATH/Models/Engine.php(2230): CodeIgniter\Debug\Exceptions->errorHandler()
 2 APPPATH/Controllers/Api.php(147): App\Models\Engine->getBillToSynch()
 3 SYSTEMPATH/CodeIgniter.php(896): App\Controllers\Api->postbillpayment()
 4 SYSTEMPATH/CodeIgniter.php(466): CodeIgniter\CodeIgniter->runController()
 5 SYSTEMPATH/CodeIgniter.php(349): CodeIgniter\CodeIgniter->handleRequest()
 6 FCPATH/index.php(57): CodeIgniter\CodeIgniter->run()
CRITICAL - 2024-08-02 10:16:01 --> Undefined variable $payArray
in APPPATH/Models/Engine.php on line 2230.
 1 APPPATH/Models/Engine.php(2230): CodeIgniter\Debug\Exceptions->errorHandler()
 2 APPPATH/Controllers/Api.php(147): App\Models\Engine->getBillToSynch()
 3 SYSTEMPATH/CodeIgniter.php(896): App\Controllers\Api->postbillpayment()
 4 SYSTEMPATH/CodeIgniter.php(466): CodeIgniter\CodeIgniter->runController()
 5 SYSTEMPATH/CodeIgniter.php(349): CodeIgniter\CodeIgniter->handleRequest()
 6 FCPATH/index.php(57): CodeIgniter\CodeIgniter->run()
CRITICAL - 2024-08-02 10:17:01 --> Undefined variable $payArray
in APPPATH/Models/Engine.php on line 2230.
 1 APPPATH/Models/Engine.php(2230): CodeIgniter\Debug\Exceptions->errorHandler()
 2 APPPATH/Controllers/Api.php(147): App\Models\Engine->getBillToSynch()
 3 SYSTEMPATH/CodeIgniter.php(896): App\Controllers\Api->postbillpayment()
 4 SYSTEMPATH/CodeIgniter.php(466): CodeIgniter\CodeIgniter->runController()
 5 SYSTEMPATH/CodeIgniter.php(349): CodeIgniter\CodeIgniter->handleRequest()
 6 FCPATH/index.php(57): CodeIgniter\CodeIgniter->run()
CRITICAL - 2024-08-02 10:18:01 --> Undefined variable $payArray
in APPPATH/Models/Engine.php on line 2230.
 1 APPPATH/Models/Engine.php(2230): CodeIgniter\Debug\Exceptions->errorHandler()
 2 APPPATH/Controllers/Api.php(147): App\Models\Engine->getBillToSynch()
 3 SYSTEMPATH/CodeIgniter.php(896): App\Controllers\Api->postbillpayment()
 4 SYSTEMPATH/CodeIgniter.php(466): CodeIgniter\CodeIgniter->runController()
 5 SYSTEMPATH/CodeIgniter.php(349): CodeIgniter\CodeIgniter->handleRequest()
 6 FCPATH/index.php(57): CodeIgniter\CodeIgniter->run()
CRITICAL - 2024-08-02 10:19:01 --> Undefined variable $payArray
in APPPATH/Models/Engine.php on line 2230.
 1 APPPATH/Models/Engine.php(2230): CodeIgniter\Debug\Exceptions->errorHandler()
 2 APPPATH/Controllers/Api.php(147): App\Models\Engine->getBillToSynch()
 3 SYSTEMPATH/CodeIgniter.php(896): App\Controllers\Api->postbillpayment()
 4 SYSTEMPATH/CodeIgniter.php(466): CodeIgniter\CodeIgniter->runController()
 5 SYSTEMPATH/CodeIgniter.php(349): CodeIgniter\CodeIgniter->handleRequest()
 6 FCPATH/index.php(57): CodeIgniter\CodeIgniter->run()
CRITICAL - 2024-08-02 10:20:01 --> Undefined variable $payArray
in APPPATH/Models/Engine.php on line 2230.
 1 APPPATH/Models/Engine.php(2230): CodeIgniter\Debug\Exceptions->errorHandler()
 2 APPPATH/Controllers/Api.php(147): App\Models\Engine->getBillToSynch()
 3 SYSTEMPATH/CodeIgniter.php(896): App\Controllers\Api->postbillpayment()
 4 SYSTEMPATH/CodeIgniter.php(466): CodeIgniter\CodeIgniter->runController()
 5 SYSTEMPATH/CodeIgniter.php(349): CodeIgniter\CodeIgniter->handleRequest()
 6 FCPATH/index.php(57): CodeIgniter\CodeIgniter->run()
CRITICAL - 2024-08-02 10:21:01 --> Undefined variable $payArray
in APPPATH/Models/Engine.php on line 2230.
 1 APPPATH/Models/Engine.php(2230): CodeIgniter\Debug\Exceptions->errorHandler()
 2 APPPATH/Controllers/Api.php(147): App\Models\Engine->getBillToSynch()
 3 SYSTEMPATH/CodeIgniter.php(896): App\Controllers\Api->postbillpayment()
 4 SYSTEMPATH/CodeIgniter.php(466): CodeIgniter\CodeIgniter->runController()
 5 SYSTEMPATH/CodeIgniter.php(349): CodeIgniter\CodeIgniter->handleRequest()
 6 FCPATH/index.php(57): CodeIgniter\CodeIgniter->run()
CRITICAL - 2024-08-02 10:22:01 --> Undefined variable $payArray
in APPPATH/Models/Engine.php on line 2230.
 1 APPPATH/Models/Engine.php(2230): CodeIgniter\Debug\Exceptions->errorHandler()
 2 APPPATH/Controllers/Api.php(147): App\Models\Engine->getBillToSynch()
 3 SYSTEMPATH/CodeIgniter.php(896): App\Controllers\Api->postbillpayment()
 4 SYSTEMPATH/CodeIgniter.php(466): CodeIgniter\CodeIgniter->runController()
 5 SYSTEMPATH/CodeIgniter.php(349): CodeIgniter\CodeIgniter->handleRequest()
 6 FCPATH/index.php(57): CodeIgniter\CodeIgniter->run()
CRITICAL - 2024-08-02 10:23:01 --> Undefined variable $payArray
in APPPATH/Models/Engine.php on line 2230.
 1 APPPATH/Models/Engine.php(2230): CodeIgniter\Debug\Exceptions->errorHandler()
 2 APPPATH/Controllers/Api.php(147): App\Models\Engine->getBillToSynch()
 3 SYSTEMPATH/CodeIgniter.php(896): App\Controllers\Api->postbillpayment()
 4 SYSTEMPATH/CodeIgniter.php(466): CodeIgniter\CodeIgniter->runController()
 5 SYSTEMPATH/CodeIgniter.php(349): CodeIgniter\CodeIgniter->handleRequest()
 6 FCPATH/index.php(57): CodeIgniter\CodeIgniter->run()
CRITICAL - 2024-08-02 10:24:01 --> Undefined variable $payArray
in APPPATH/Models/Engine.php on line 2230.
 1 APPPATH/Models/Engine.php(2230): CodeIgniter\Debug\Exceptions->errorHandler()
 2 APPPATH/Controllers/Api.php(147): App\Models\Engine->getBillToSynch()
 3 SYSTEMPATH/CodeIgniter.php(896): App\Controllers\Api->postbillpayment()
 4 SYSTEMPATH/CodeIgniter.php(466): CodeIgniter\CodeIgniter->runController()
 5 SYSTEMPATH/CodeIgniter.php(349): CodeIgniter\CodeIgniter->handleRequest()
 6 FCPATH/index.php(57): CodeIgniter\CodeIgniter->run()
CRITICAL - 2024-08-02 10:25:01 --> Undefined variable $payArray
in APPPATH/Models/Engine.php on line 2230.
 1 APPPATH/Models/Engine.php(2230): CodeIgniter\Debug\Exceptions->errorHandler()
 2 APPPATH/Controllers/Api.php(147): App\Models\Engine->getBillToSynch()
 3 SYSTEMPATH/CodeIgniter.php(896): App\Controllers\Api->postbillpayment()
 4 SYSTEMPATH/CodeIgniter.php(466): CodeIgniter\CodeIgniter->runController()
 5 SYSTEMPATH/CodeIgniter.php(349): CodeIgniter\CodeIgniter->handleRequest()
 6 FCPATH/index.php(57): CodeIgniter\CodeIgniter->run()
CRITICAL - 2024-08-02 10:26:01 --> Undefined variable $payArray
in APPPATH/Models/Engine.php on line 2230.
 1 APPPATH/Models/Engine.php(2230): CodeIgniter\Debug\Exceptions->errorHandler()
 2 APPPATH/Controllers/Api.php(147): App\Models\Engine->getBillToSynch()
 3 SYSTEMPATH/CodeIgniter.php(896): App\Controllers\Api->postbillpayment()
 4 SYSTEMPATH/CodeIgniter.php(466): CodeIgniter\CodeIgniter->runController()
 5 SYSTEMPATH/CodeIgniter.php(349): CodeIgniter\CodeIgniter->handleRequest()
 6 FCPATH/index.php(57): CodeIgniter\CodeIgniter->run()
CRITICAL - 2024-08-02 10:27:01 --> Undefined variable $payArray
in APPPATH/Models/Engine.php on line 2230.
 1 APPPATH/Models/Engine.php(2230): CodeIgniter\Debug\Exceptions->errorHandler()
 2 APPPATH/Controllers/Api.php(147): App\Models\Engine->getBillToSynch()
 3 SYSTEMPATH/CodeIgniter.php(896): App\Controllers\Api->postbillpayment()
 4 SYSTEMPATH/CodeIgniter.php(466): CodeIgniter\CodeIgniter->runController()
 5 SYSTEMPATH/CodeIgniter.php(349): CodeIgniter\CodeIgniter->handleRequest()
 6 FCPATH/index.php(57): CodeIgniter\CodeIgniter->run()
CRITICAL - 2024-08-02 10:28:08 --> Undefined variable $payArray
in APPPATH/Models/Engine.php on line 2230.
 1 APPPATH/Models/Engine.php(2230): CodeIgniter\Debug\Exceptions->errorHandler()
 2 APPPATH/Controllers/Api.php(147): App\Models\Engine->getBillToSynch()
 3 SYSTEMPATH/CodeIgniter.php(896): App\Controllers\Api->postbillpayment()
 4 SYSTEMPATH/CodeIgniter.php(466): CodeIgniter\CodeIgniter->runController()
 5 SYSTEMPATH/CodeIgniter.php(349): CodeIgniter\CodeIgniter->handleRequest()
 6 FCPATH/index.php(57): CodeIgniter\CodeIgniter->run()
CRITICAL - 2024-08-02 10:29:01 --> Undefined variable $payArray
in APPPATH/Models/Engine.php on line 2230.
 1 APPPATH/Models/Engine.php(2230): CodeIgniter\Debug\Exceptions->errorHandler()
 2 APPPATH/Controllers/Api.php(147): App\Models\Engine->getBillToSynch()
 3 SYSTEMPATH/CodeIgniter.php(896): App\Controllers\Api->postbillpayment()
 4 SYSTEMPATH/CodeIgniter.php(466): CodeIgniter\CodeIgniter->runController()
 5 SYSTEMPATH/CodeIgniter.php(349): CodeIgniter\CodeIgniter->handleRequest()
 6 FCPATH/index.php(57): CodeIgniter\CodeIgniter->run()
CRITICAL - 2024-08-02 10:30:01 --> Undefined variable $payArray
in APPPATH/Models/Engine.php on line 2230.
 1 APPPATH/Models/Engine.php(2230): CodeIgniter\Debug\Exceptions->errorHandler()
 2 APPPATH/Controllers/Api.php(147): App\Models\Engine->getBillToSynch()
 3 SYSTEMPATH/CodeIgniter.php(896): App\Controllers\Api->postbillpayment()
 4 SYSTEMPATH/CodeIgniter.php(466): CodeIgniter\CodeIgniter->runController()
 5 SYSTEMPATH/CodeIgniter.php(349): CodeIgniter\CodeIgniter->handleRequest()
 6 FCPATH/index.php(57): CodeIgniter\CodeIgniter->run()
CRITICAL - 2024-08-02 10:31:01 --> Undefined variable $payArray
in APPPATH/Models/Engine.php on line 2230.
 1 APPPATH/Models/Engine.php(2230): CodeIgniter\Debug\Exceptions->errorHandler()
 2 APPPATH/Controllers/Api.php(147): App\Models\Engine->getBillToSynch()
 3 SYSTEMPATH/CodeIgniter.php(896): App\Controllers\Api->postbillpayment()
 4 SYSTEMPATH/CodeIgniter.php(466): CodeIgniter\CodeIgniter->runController()
 5 SYSTEMPATH/CodeIgniter.php(349): CodeIgniter\CodeIgniter->handleRequest()
 6 FCPATH/index.php(57): CodeIgniter\CodeIgniter->run()
CRITICAL - 2024-08-02 10:32:01 --> Undefined variable $payArray
in APPPATH/Models/Engine.php on line 2230.
 1 APPPATH/Models/Engine.php(2230): CodeIgniter\Debug\Exceptions->errorHandler()
 2 APPPATH/Controllers/Api.php(147): App\Models\Engine->getBillToSynch()
 3 SYSTEMPATH/CodeIgniter.php(896): App\Controllers\Api->postbillpayment()
 4 SYSTEMPATH/CodeIgniter.php(466): CodeIgniter\CodeIgniter->runController()
 5 SYSTEMPATH/CodeIgniter.php(349): CodeIgniter\CodeIgniter->handleRequest()
 6 FCPATH/index.php(57): CodeIgniter\CodeIgniter->run()
CRITICAL - 2024-08-02 10:33:01 --> Undefined variable $payArray
in APPPATH/Models/Engine.php on line 2230.
 1 APPPATH/Models/Engine.php(2230): CodeIgniter\Debug\Exceptions->errorHandler()
 2 APPPATH/Controllers/Api.php(147): App\Models\Engine->getBillToSynch()
 3 SYSTEMPATH/CodeIgniter.php(896): App\Controllers\Api->postbillpayment()
 4 SYSTEMPATH/CodeIgniter.php(466): CodeIgniter\CodeIgniter->runController()
 5 SYSTEMPATH/CodeIgniter.php(349): CodeIgniter\CodeIgniter->handleRequest()
 6 FCPATH/index.php(57): CodeIgniter\CodeIgniter->run()
CRITICAL - 2024-08-02 10:34:01 --> Undefined variable $payArray
in APPPATH/Models/Engine.php on line 2230.
 1 APPPATH/Models/Engine.php(2230): CodeIgniter\Debug\Exceptions->errorHandler()
 2 APPPATH/Controllers/Api.php(147): App\Models\Engine->getBillToSynch()
 3 SYSTEMPATH/CodeIgniter.php(896): App\Controllers\Api->postbillpayment()
 4 SYSTEMPATH/CodeIgniter.php(466): CodeIgniter\CodeIgniter->runController()
 5 SYSTEMPATH/CodeIgniter.php(349): CodeIgniter\CodeIgniter->handleRequest()
 6 FCPATH/index.php(57): CodeIgniter\CodeIgniter->run()
CRITICAL - 2024-08-02 10:35:01 --> Undefined variable $payArray
in APPPATH/Models/Engine.php on line 2230.
 1 APPPATH/Models/Engine.php(2230): CodeIgniter\Debug\Exceptions->errorHandler()
 2 APPPATH/Controllers/Api.php(147): App\Models\Engine->getBillToSynch()
 3 SYSTEMPATH/CodeIgniter.php(896): App\Controllers\Api->postbillpayment()
 4 SYSTEMPATH/CodeIgniter.php(466): CodeIgniter\CodeIgniter->runController()
 5 SYSTEMPATH/CodeIgniter.php(349): CodeIgniter\CodeIgniter->handleRequest()
 6 FCPATH/index.php(57): CodeIgniter\CodeIgniter->run()
CRITICAL - 2024-08-02 10:36:01 --> Undefined variable $payArray
in APPPATH/Models/Engine.php on line 2230.
 1 APPPATH/Models/Engine.php(2230): CodeIgniter\Debug\Exceptions->errorHandler()
 2 APPPATH/Controllers/Api.php(147): App\Models\Engine->getBillToSynch()
 3 SYSTEMPATH/CodeIgniter.php(896): App\Controllers\Api->postbillpayment()
 4 SYSTEMPATH/CodeIgniter.php(466): CodeIgniter\CodeIgniter->runController()
 5 SYSTEMPATH/CodeIgniter.php(349): CodeIgniter\CodeIgniter->handleRequest()
 6 FCPATH/index.php(57): CodeIgniter\CodeIgniter->run()
CRITICAL - 2024-08-02 10:37:01 --> Undefined variable $payArray
in APPPATH/Models/Engine.php on line 2230.
 1 APPPATH/Models/Engine.php(2230): CodeIgniter\Debug\Exceptions->errorHandler()
 2 APPPATH/Controllers/Api.php(147): App\Models\Engine->getBillToSynch()
 3 SYSTEMPATH/CodeIgniter.php(896): App\Controllers\Api->postbillpayment()
 4 SYSTEMPATH/CodeIgniter.php(466): CodeIgniter\CodeIgniter->runController()
 5 SYSTEMPATH/CodeIgniter.php(349): CodeIgniter\CodeIgniter->handleRequest()
 6 FCPATH/index.php(57): CodeIgniter\CodeIgniter->run()
CRITICAL - 2024-08-02 10:38:01 --> Undefined variable $payArray
in APPPATH/Models/Engine.php on line 2230.
 1 APPPATH/Models/Engine.php(2230): CodeIgniter\Debug\Exceptions->errorHandler()
 2 APPPATH/Controllers/Api.php(147): App\Models\Engine->getBillToSynch()
 3 SYSTEMPATH/CodeIgniter.php(896): App\Controllers\Api->postbillpayment()
 4 SYSTEMPATH/CodeIgniter.php(466): CodeIgniter\CodeIgniter->runController()
 5 SYSTEMPATH/CodeIgniter.php(349): CodeIgniter\CodeIgniter->handleRequest()
 6 FCPATH/index.php(57): CodeIgniter\CodeIgniter->run()
CRITICAL - 2024-08-02 10:39:01 --> Undefined variable $payArray
in APPPATH/Models/Engine.php on line 2230.
 1 APPPATH/Models/Engine.php(2230): CodeIgniter\Debug\Exceptions->errorHandler()
 2 APPPATH/Controllers/Api.php(147): App\Models\Engine->getBillToSynch()
 3 SYSTEMPATH/CodeIgniter.php(896): App\Controllers\Api->postbillpayment()
 4 SYSTEMPATH/CodeIgniter.php(466): CodeIgniter\CodeIgniter->runController()
 5 SYSTEMPATH/CodeIgniter.php(349): CodeIgniter\CodeIgniter->handleRequest()
 6 FCPATH/index.php(57): CodeIgniter\CodeIgniter->run()
CRITICAL - 2024-08-02 10:40:01 --> Undefined variable $payArray
in APPPATH/Models/Engine.php on line 2230.
 1 APPPATH/Models/Engine.php(2230): CodeIgniter\Debug\Exceptions->errorHandler()
 2 APPPATH/Controllers/Api.php(147): App\Models\Engine->getBillToSynch()
 3 SYSTEMPATH/CodeIgniter.php(896): App\Controllers\Api->postbillpayment()
 4 SYSTEMPATH/CodeIgniter.php(466): CodeIgniter\CodeIgniter->runController()
 5 SYSTEMPATH/CodeIgniter.php(349): CodeIgniter\CodeIgniter->handleRequest()
 6 FCPATH/index.php(57): CodeIgniter\CodeIgniter->run()
CRITICAL - 2024-08-02 10:41:01 --> Undefined variable $payArray
in APPPATH/Models/Engine.php on line 2230.
 1 APPPATH/Models/Engine.php(2230): CodeIgniter\Debug\Exceptions->errorHandler()
 2 APPPATH/Controllers/Api.php(147): App\Models\Engine->getBillToSynch()
 3 SYSTEMPATH/CodeIgniter.php(896): App\Controllers\Api->postbillpayment()
 4 SYSTEMPATH/CodeIgniter.php(466): CodeIgniter\CodeIgniter->runController()
 5 SYSTEMPATH/CodeIgniter.php(349): CodeIgniter\CodeIgniter->handleRequest()
 6 FCPATH/index.php(57): CodeIgniter\CodeIgniter->run()
CRITICAL - 2024-08-02 10:42:01 --> Undefined variable $payArray
in APPPATH/Models/Engine.php on line 2230.
 1 APPPATH/Models/Engine.php(2230): CodeIgniter\Debug\Exceptions->errorHandler()
 2 APPPATH/Controllers/Api.php(147): App\Models\Engine->getBillToSynch()
 3 SYSTEMPATH/CodeIgniter.php(896): App\Controllers\Api->postbillpayment()
 4 SYSTEMPATH/CodeIgniter.php(466): CodeIgniter\CodeIgniter->runController()
 5 SYSTEMPATH/CodeIgniter.php(349): CodeIgniter\CodeIgniter->handleRequest()
 6 FCPATH/index.php(57): CodeIgniter\CodeIgniter->run()
CRITICAL - 2024-08-02 10:43:01 --> Undefined variable $payArray
in APPPATH/Models/Engine.php on line 2230.
 1 APPPATH/Models/Engine.php(2230): CodeIgniter\Debug\Exceptions->errorHandler()
 2 APPPATH/Controllers/Api.php(147): App\Models\Engine->getBillToSynch()
 3 SYSTEMPATH/CodeIgniter.php(896): App\Controllers\Api->postbillpayment()
 4 SYSTEMPATH/CodeIgniter.php(466): CodeIgniter\CodeIgniter->runController()
 5 SYSTEMPATH/CodeIgniter.php(349): CodeIgniter\CodeIgniter->handleRequest()
 6 FCPATH/index.php(57): CodeIgniter\CodeIgniter->run()
CRITICAL - 2024-08-02 10:44:01 --> Undefined variable $payArray
in APPPATH/Models/Engine.php on line 2230.
 1 APPPATH/Models/Engine.php(2230): CodeIgniter\Debug\Exceptions->errorHandler()
 2 APPPATH/Controllers/Api.php(147): App\Models\Engine->getBillToSynch()
 3 SYSTEMPATH/CodeIgniter.php(896): App\Controllers\Api->postbillpayment()
 4 SYSTEMPATH/CodeIgniter.php(466): CodeIgniter\CodeIgniter->runController()
 5 SYSTEMPATH/CodeIgniter.php(349): CodeIgniter\CodeIgniter->handleRequest()
 6 FCPATH/index.php(57): CodeIgniter\CodeIgniter->run()
CRITICAL - 2024-08-02 10:45:02 --> Undefined variable $payArray
in APPPATH/Models/Engine.php on line 2230.
 1 APPPATH/Models/Engine.php(2230): CodeIgniter\Debug\Exceptions->errorHandler()
 2 APPPATH/Controllers/Api.php(147): App\Models\Engine->getBillToSynch()
 3 SYSTEMPATH/CodeIgniter.php(896): App\Controllers\Api->postbillpayment()
 4 SYSTEMPATH/CodeIgniter.php(466): CodeIgniter\CodeIgniter->runController()
 5 SYSTEMPATH/CodeIgniter.php(349): CodeIgniter\CodeIgniter->handleRequest()
 6 FCPATH/index.php(57): CodeIgniter\CodeIgniter->run()
CRITICAL - 2024-08-02 10:46:02 --> Undefined variable $payArray
in APPPATH/Models/Engine.php on line 2230.
 1 APPPATH/Models/Engine.php(2230): CodeIgniter\Debug\Exceptions->errorHandler()
 2 APPPATH/Controllers/Api.php(147): App\Models\Engine->getBillToSynch()
 3 SYSTEMPATH/CodeIgniter.php(896): App\Controllers\Api->postbillpayment()
 4 SYSTEMPATH/CodeIgniter.php(466): CodeIgniter\CodeIgniter->runController()
 5 SYSTEMPATH/CodeIgniter.php(349): CodeIgniter\CodeIgniter->handleRequest()
 6 FCPATH/index.php(57): CodeIgniter\CodeIgniter->run()
CRITICAL - 2024-08-02 10:47:01 --> Undefined variable $payArray
in APPPATH/Models/Engine.php on line 2230.
 1 APPPATH/Models/Engine.php(2230): CodeIgniter\Debug\Exceptions->errorHandler()
 2 APPPATH/Controllers/Api.php(147): App\Models\Engine->getBillToSynch()
 3 SYSTEMPATH/CodeIgniter.php(896): App\Controllers\Api->postbillpayment()
 4 SYSTEMPATH/CodeIgniter.php(466): CodeIgniter\CodeIgniter->runController()
 5 SYSTEMPATH/CodeIgniter.php(349): CodeIgniter\CodeIgniter->handleRequest()
 6 FCPATH/index.php(57): CodeIgniter\CodeIgniter->run()
CRITICAL - 2024-08-02 10:48:01 --> Undefined variable $payArray
in APPPATH/Models/Engine.php on line 2230.
 1 APPPATH/Models/Engine.php(2230): CodeIgniter\Debug\Exceptions->errorHandler()
 2 APPPATH/Controllers/Api.php(147): App\Models\Engine->getBillToSynch()
 3 SYSTEMPATH/CodeIgniter.php(896): App\Controllers\Api->postbillpayment()
 4 SYSTEMPATH/CodeIgniter.php(466): CodeIgniter\CodeIgniter->runController()
 5 SYSTEMPATH/CodeIgniter.php(349): CodeIgniter\CodeIgniter->handleRequest()
 6 FCPATH/index.php(57): CodeIgniter\CodeIgniter->run()
CRITICAL - 2024-08-02 10:49:01 --> Undefined variable $payArray
in APPPATH/Models/Engine.php on line 2230.
 1 APPPATH/Models/Engine.php(2230): CodeIgniter\Debug\Exceptions->errorHandler()
 2 APPPATH/Controllers/Api.php(147): App\Models\Engine->getBillToSynch()
 3 SYSTEMPATH/CodeIgniter.php(896): App\Controllers\Api->postbillpayment()
 4 SYSTEMPATH/CodeIgniter.php(466): CodeIgniter\CodeIgniter->runController()
 5 SYSTEMPATH/CodeIgniter.php(349): CodeIgniter\CodeIgniter->handleRequest()
 6 FCPATH/index.php(57): CodeIgniter\CodeIgniter->run()
CRITICAL - 2024-08-02 10:50:01 --> Undefined variable $payArray
in APPPATH/Models/Engine.php on line 2230.
 1 APPPATH/Models/Engine.php(2230): CodeIgniter\Debug\Exceptions->errorHandler()
 2 APPPATH/Controllers/Api.php(147): App\Models\Engine->getBillToSynch()
 3 SYSTEMPATH/CodeIgniter.php(896): App\Controllers\Api->postbillpayment()
 4 SYSTEMPATH/CodeIgniter.php(466): CodeIgniter\CodeIgniter->runController()
 5 SYSTEMPATH/CodeIgniter.php(349): CodeIgniter\CodeIgniter->handleRequest()
 6 FCPATH/index.php(57): CodeIgniter\CodeIgniter->run()
CRITICAL - 2024-08-02 10:51:01 --> Undefined variable $payArray
in APPPATH/Models/Engine.php on line 2230.
 1 APPPATH/Models/Engine.php(2230): CodeIgniter\Debug\Exceptions->errorHandler()
 2 APPPATH/Controllers/Api.php(147): App\Models\Engine->getBillToSynch()
 3 SYSTEMPATH/CodeIgniter.php(896): App\Controllers\Api->postbillpayment()
 4 SYSTEMPATH/CodeIgniter.php(466): CodeIgniter\CodeIgniter->runController()
 5 SYSTEMPATH/CodeIgniter.php(349): CodeIgniter\CodeIgniter->handleRequest()
 6 FCPATH/index.php(57): CodeIgniter\CodeIgniter->run()
CRITICAL - 2024-08-02 10:52:01 --> Undefined variable $payArray
in APPPATH/Models/Engine.php on line 2230.
 1 APPPATH/Models/Engine.php(2230): CodeIgniter\Debug\Exceptions->errorHandler()
 2 APPPATH/Controllers/Api.php(147): App\Models\Engine->getBillToSynch()
 3 SYSTEMPATH/CodeIgniter.php(896): App\Controllers\Api->postbillpayment()
 4 SYSTEMPATH/CodeIgniter.php(466): CodeIgniter\CodeIgniter->runController()
 5 SYSTEMPATH/CodeIgniter.php(349): CodeIgniter\CodeIgniter->handleRequest()
 6 FCPATH/index.php(57): CodeIgniter\CodeIgniter->run()
CRITICAL - 2024-08-02 10:53:01 --> Undefined variable $payArray
in APPPATH/Models/Engine.php on line 2230.
 1 APPPATH/Models/Engine.php(2230): CodeIgniter\Debug\Exceptions->errorHandler()
 2 APPPATH/Controllers/Api.php(147): App\Models\Engine->getBillToSynch()
 3 SYSTEMPATH/CodeIgniter.php(896): App\Controllers\Api->postbillpayment()
 4 SYSTEMPATH/CodeIgniter.php(466): CodeIgniter\CodeIgniter->runController()
 5 SYSTEMPATH/CodeIgniter.php(349): CodeIgniter\CodeIgniter->handleRequest()
 6 FCPATH/index.php(57): CodeIgniter\CodeIgniter->run()
CRITICAL - 2024-08-02 10:54:01 --> Undefined variable $payArray
in APPPATH/Models/Engine.php on line 2230.
 1 APPPATH/Models/Engine.php(2230): CodeIgniter\Debug\Exceptions->errorHandler()
 2 APPPATH/Controllers/Api.php(147): App\Models\Engine->getBillToSynch()
 3 SYSTEMPATH/CodeIgniter.php(896): App\Controllers\Api->postbillpayment()
 4 SYSTEMPATH/CodeIgniter.php(466): CodeIgniter\CodeIgniter->runController()
 5 SYSTEMPATH/CodeIgniter.php(349): CodeIgniter\CodeIgniter->handleRequest()
 6 FCPATH/index.php(57): CodeIgniter\CodeIgniter->run()
CRITICAL - 2024-08-02 10:55:01 --> Undefined variable $payArray
in APPPATH/Models/Engine.php on line 2230.
 1 APPPATH/Models/Engine.php(2230): CodeIgniter\Debug\Exceptions->errorHandler()
 2 APPPATH/Controllers/Api.php(147): App\Models\Engine->getBillToSynch()
 3 SYSTEMPATH/CodeIgniter.php(896): App\Controllers\Api->postbillpayment()
 4 SYSTEMPATH/CodeIgniter.php(466): CodeIgniter\CodeIgniter->runController()
 5 SYSTEMPATH/CodeIgniter.php(349): CodeIgniter\CodeIgniter->handleRequest()
 6 FCPATH/index.php(57): CodeIgniter\CodeIgniter->run()
CRITICAL - 2024-08-02 10:56:01 --> Undefined variable $payArray
in APPPATH/Models/Engine.php on line 2230.
 1 APPPATH/Models/Engine.php(2230): CodeIgniter\Debug\Exceptions->errorHandler()
 2 APPPATH/Controllers/Api.php(147): App\Models\Engine->getBillToSynch()
 3 SYSTEMPATH/CodeIgniter.php(896): App\Controllers\Api->postbillpayment()
 4 SYSTEMPATH/CodeIgniter.php(466): CodeIgniter\CodeIgniter->runController()
 5 SYSTEMPATH/CodeIgniter.php(349): CodeIgniter\CodeIgniter->handleRequest()
 6 FCPATH/index.php(57): CodeIgniter\CodeIgniter->run()
CRITICAL - 2024-08-02 10:57:01 --> Undefined variable $payArray
in APPPATH/Models/Engine.php on line 2230.
 1 APPPATH/Models/Engine.php(2230): CodeIgniter\Debug\Exceptions->errorHandler()
 2 APPPATH/Controllers/Api.php(147): App\Models\Engine->getBillToSynch()
 3 SYSTEMPATH/CodeIgniter.php(896): App\Controllers\Api->postbillpayment()
 4 SYSTEMPATH/CodeIgniter.php(466): CodeIgniter\CodeIgniter->runController()
 5 SYSTEMPATH/CodeIgniter.php(349): CodeIgniter\CodeIgniter->handleRequest()
 6 FCPATH/index.php(57): CodeIgniter\CodeIgniter->run()
CRITICAL - 2024-08-02 10:58:01 --> Undefined variable $payArray
in APPPATH/Models/Engine.php on line 2230.
 1 APPPATH/Models/Engine.php(2230): CodeIgniter\Debug\Exceptions->errorHandler()
 2 APPPATH/Controllers/Api.php(147): App\Models\Engine->getBillToSynch()
 3 SYSTEMPATH/CodeIgniter.php(896): App\Controllers\Api->postbillpayment()
 4 SYSTEMPATH/CodeIgniter.php(466): CodeIgniter\CodeIgniter->runController()
 5 SYSTEMPATH/CodeIgniter.php(349): CodeIgniter\CodeIgniter->handleRequest()
 6 FCPATH/index.php(57): CodeIgniter\CodeIgniter->run()
CRITICAL - 2024-08-02 10:59:01 --> Undefined variable $payArray
in APPPATH/Models/Engine.php on line 2230.
 1 APPPATH/Models/Engine.php(2230): CodeIgniter\Debug\Exceptions->errorHandler()
 2 APPPATH/Controllers/Api.php(147): App\Models\Engine->getBillToSynch()
 3 SYSTEMPATH/CodeIgniter.php(896): App\Controllers\Api->postbillpayment()
 4 SYSTEMPATH/CodeIgniter.php(466): CodeIgniter\CodeIgniter->runController()
 5 SYSTEMPATH/CodeIgniter.php(349): CodeIgniter\CodeIgniter->handleRequest()
 6 FCPATH/index.php(57): CodeIgniter\CodeIgniter->run()
CRITICAL - 2024-08-02 11:00:01 --> Undefined variable $payArray
in APPPATH/Models/Engine.php on line 2230.
 1 APPPATH/Models/Engine.php(2230): CodeIgniter\Debug\Exceptions->errorHandler()
 2 APPPATH/Controllers/Api.php(147): App\Models\Engine->getBillToSynch()
 3 SYSTEMPATH/CodeIgniter.php(896): App\Controllers\Api->postbillpayment()
 4 SYSTEMPATH/CodeIgniter.php(466): CodeIgniter\CodeIgniter->runController()
 5 SYSTEMPATH/CodeIgniter.php(349): CodeIgniter\CodeIgniter->handleRequest()
 6 FCPATH/index.php(57): CodeIgniter\CodeIgniter->run()
CRITICAL - 2024-08-02 11:01:01 --> Undefined variable $payArray
in APPPATH/Models/Engine.php on line 2230.
 1 APPPATH/Models/Engine.php(2230): CodeIgniter\Debug\Exceptions->errorHandler()
 2 APPPATH/Controllers/Api.php(147): App\Models\Engine->getBillToSynch()
 3 SYSTEMPATH/CodeIgniter.php(896): App\Controllers\Api->postbillpayment()
 4 SYSTEMPATH/CodeIgniter.php(466): CodeIgniter\CodeIgniter->runController()
 5 SYSTEMPATH/CodeIgniter.php(349): CodeIgniter\CodeIgniter->handleRequest()
 6 FCPATH/index.php(57): CodeIgniter\CodeIgniter->run()
CRITICAL - 2024-08-02 11:02:01 --> Undefined variable $payArray
in APPPATH/Models/Engine.php on line 2230.
 1 APPPATH/Models/Engine.php(2230): CodeIgniter\Debug\Exceptions->errorHandler()
 2 APPPATH/Controllers/Api.php(147): App\Models\Engine->getBillToSynch()
 3 SYSTEMPATH/CodeIgniter.php(896): App\Controllers\Api->postbillpayment()
 4 SYSTEMPATH/CodeIgniter.php(466): CodeIgniter\CodeIgniter->runController()
 5 SYSTEMPATH/CodeIgniter.php(349): CodeIgniter\CodeIgniter->handleRequest()
 6 FCPATH/index.php(57): CodeIgniter\CodeIgniter->run()
CRITICAL - 2024-08-02 11:03:02 --> Undefined variable $payArray
in APPPATH/Models/Engine.php on line 2230.
 1 APPPATH/Models/Engine.php(2230): CodeIgniter\Debug\Exceptions->errorHandler()
 2 APPPATH/Controllers/Api.php(147): App\Models\Engine->getBillToSynch()
 3 SYSTEMPATH/CodeIgniter.php(896): App\Controllers\Api->postbillpayment()
 4 SYSTEMPATH/CodeIgniter.php(466): CodeIgniter\CodeIgniter->runController()
 5 SYSTEMPATH/CodeIgniter.php(349): CodeIgniter\CodeIgniter->handleRequest()
 6 FCPATH/index.php(57): CodeIgniter\CodeIgniter->run()
CRITICAL - 2024-08-02 11:04:01 --> Undefined variable $payArray
in APPPATH/Models/Engine.php on line 2230.
 1 APPPATH/Models/Engine.php(2230): CodeIgniter\Debug\Exceptions->errorHandler()
 2 APPPATH/Controllers/Api.php(147): App\Models\Engine->getBillToSynch()
 3 SYSTEMPATH/CodeIgniter.php(896): App\Controllers\Api->postbillpayment()
 4 SYSTEMPATH/CodeIgniter.php(466): CodeIgniter\CodeIgniter->runController()
 5 SYSTEMPATH/CodeIgniter.php(349): CodeIgniter\CodeIgniter->handleRequest()
 6 FCPATH/index.php(57): CodeIgniter\CodeIgniter->run()
CRITICAL - 2024-08-02 11:05:01 --> Undefined variable $payArray
in APPPATH/Models/Engine.php on line 2230.
 1 APPPATH/Models/Engine.php(2230): CodeIgniter\Debug\Exceptions->errorHandler()
 2 APPPATH/Controllers/Api.php(147): App\Models\Engine->getBillToSynch()
 3 SYSTEMPATH/CodeIgniter.php(896): App\Controllers\Api->postbillpayment()
 4 SYSTEMPATH/CodeIgniter.php(466): CodeIgniter\CodeIgniter->runController()
 5 SYSTEMPATH/CodeIgniter.php(349): CodeIgniter\CodeIgniter->handleRequest()
 6 FCPATH/index.php(57): CodeIgniter\CodeIgniter->run()
CRITICAL - 2024-08-02 11:06:01 --> Undefined variable $payArray
in APPPATH/Models/Engine.php on line 2230.
 1 APPPATH/Models/Engine.php(2230): CodeIgniter\Debug\Exceptions->errorHandler()
 2 APPPATH/Controllers/Api.php(147): App\Models\Engine->getBillToSynch()
 3 SYSTEMPATH/CodeIgniter.php(896): App\Controllers\Api->postbillpayment()
 4 SYSTEMPATH/CodeIgniter.php(466): CodeIgniter\CodeIgniter->runController()
 5 SYSTEMPATH/CodeIgniter.php(349): CodeIgniter\CodeIgniter->handleRequest()
 6 FCPATH/index.php(57): CodeIgniter\CodeIgniter->run()
CRITICAL - 2024-08-02 11:07:01 --> Undefined variable $payArray
in APPPATH/Models/Engine.php on line 2230.
 1 APPPATH/Models/Engine.php(2230): CodeIgniter\Debug\Exceptions->errorHandler()
 2 APPPATH/Controllers/Api.php(147): App\Models\Engine->getBillToSynch()
 3 SYSTEMPATH/CodeIgniter.php(896): App\Controllers\Api->postbillpayment()
 4 SYSTEMPATH/CodeIgniter.php(466): CodeIgniter\CodeIgniter->runController()
 5 SYSTEMPATH/CodeIgniter.php(349): CodeIgniter\CodeIgniter->handleRequest()
 6 FCPATH/index.php(57): CodeIgniter\CodeIgniter->run()
CRITICAL - 2024-08-02 11:08:01 --> Undefined variable $payArray
in APPPATH/Models/Engine.php on line 2230.
 1 APPPATH/Models/Engine.php(2230): CodeIgniter\Debug\Exceptions->errorHandler()
 2 APPPATH/Controllers/Api.php(147): App\Models\Engine->getBillToSynch()
 3 SYSTEMPATH/CodeIgniter.php(896): App\Controllers\Api->postbillpayment()
 4 SYSTEMPATH/CodeIgniter.php(466): CodeIgniter\CodeIgniter->runController()
 5 SYSTEMPATH/CodeIgniter.php(349): CodeIgniter\CodeIgniter->handleRequest()
 6 FCPATH/index.php(57): CodeIgniter\CodeIgniter->run()
CRITICAL - 2024-08-02 11:09:01 --> Undefined variable $payArray
in APPPATH/Models/Engine.php on line 2230.
 1 APPPATH/Models/Engine.php(2230): CodeIgniter\Debug\Exceptions->errorHandler()
 2 APPPATH/Controllers/Api.php(147): App\Models\Engine->getBillToSynch()
 3 SYSTEMPATH/CodeIgniter.php(896): App\Controllers\Api->postbillpayment()
 4 SYSTEMPATH/CodeIgniter.php(466): CodeIgniter\CodeIgniter->runController()
 5 SYSTEMPATH/CodeIgniter.php(349): CodeIgniter\CodeIgniter->handleRequest()
 6 FCPATH/index.php(57): CodeIgniter\CodeIgniter->run()
CRITICAL - 2024-08-02 11:10:01 --> Undefined variable $payArray
in APPPATH/Models/Engine.php on line 2230.
 1 APPPATH/Models/Engine.php(2230): CodeIgniter\Debug\Exceptions->errorHandler()
 2 APPPATH/Controllers/Api.php(147): App\Models\Engine->getBillToSynch()
 3 SYSTEMPATH/CodeIgniter.php(896): App\Controllers\Api->postbillpayment()
 4 SYSTEMPATH/CodeIgniter.php(466): CodeIgniter\CodeIgniter->runController()
 5 SYSTEMPATH/CodeIgniter.php(349): CodeIgniter\CodeIgniter->handleRequest()
 6 FCPATH/index.php(57): CodeIgniter\CodeIgniter->run()
CRITICAL - 2024-08-02 11:11:01 --> Undefined variable $payArray
in APPPATH/Models/Engine.php on line 2230.
 1 APPPATH/Models/Engine.php(2230): CodeIgniter\Debug\Exceptions->errorHandler()
 2 APPPATH/Controllers/Api.php(147): App\Models\Engine->getBillToSynch()
 3 SYSTEMPATH/CodeIgniter.php(896): App\Controllers\Api->postbillpayment()
 4 SYSTEMPATH/CodeIgniter.php(466): CodeIgniter\CodeIgniter->runController()
 5 SYSTEMPATH/CodeIgniter.php(349): CodeIgniter\CodeIgniter->handleRequest()
 6 FCPATH/index.php(57): CodeIgniter\CodeIgniter->run()
CRITICAL - 2024-08-02 11:12:01 --> Undefined variable $payArray
in APPPATH/Models/Engine.php on line 2230.
 1 APPPATH/Models/Engine.php(2230): CodeIgniter\Debug\Exceptions->errorHandler()
 2 APPPATH/Controllers/Api.php(147): App\Models\Engine->getBillToSynch()
 3 SYSTEMPATH/CodeIgniter.php(896): App\Controllers\Api->postbillpayment()
 4 SYSTEMPATH/CodeIgniter.php(466): CodeIgniter\CodeIgniter->runController()
 5 SYSTEMPATH/CodeIgniter.php(349): CodeIgniter\CodeIgniter->handleRequest()
 6 FCPATH/index.php(57): CodeIgniter\CodeIgniter->run()
CRITICAL - 2024-08-02 11:13:01 --> Undefined variable $payArray
in APPPATH/Models/Engine.php on line 2230.
 1 APPPATH/Models/Engine.php(2230): CodeIgniter\Debug\Exceptions->errorHandler()
 2 APPPATH/Controllers/Api.php(147): App\Models\Engine->getBillToSynch()
 3 SYSTEMPATH/CodeIgniter.php(896): App\Controllers\Api->postbillpayment()
 4 SYSTEMPATH/CodeIgniter.php(466): CodeIgniter\CodeIgniter->runController()
 5 SYSTEMPATH/CodeIgniter.php(349): CodeIgniter\CodeIgniter->handleRequest()
 6 FCPATH/index.php(57): CodeIgniter\CodeIgniter->run()
CRITICAL - 2024-08-02 11:14:01 --> Undefined variable $payArray
in APPPATH/Models/Engine.php on line 2230.
 1 APPPATH/Models/Engine.php(2230): CodeIgniter\Debug\Exceptions->errorHandler()
 2 APPPATH/Controllers/Api.php(147): App\Models\Engine->getBillToSynch()
 3 SYSTEMPATH/CodeIgniter.php(896): App\Controllers\Api->postbillpayment()
 4 SYSTEMPATH/CodeIgniter.php(466): CodeIgniter\CodeIgniter->runController()
 5 SYSTEMPATH/CodeIgniter.php(349): CodeIgniter\CodeIgniter->handleRequest()
 6 FCPATH/index.php(57): CodeIgniter\CodeIgniter->run()
CRITICAL - 2024-08-02 11:15:01 --> Undefined variable $payArray
in APPPATH/Models/Engine.php on line 2230.
 1 APPPATH/Models/Engine.php(2230): CodeIgniter\Debug\Exceptions->errorHandler()
 2 APPPATH/Controllers/Api.php(147): App\Models\Engine->getBillToSynch()
 3 SYSTEMPATH/CodeIgniter.php(896): App\Controllers\Api->postbillpayment()
 4 SYSTEMPATH/CodeIgniter.php(466): CodeIgniter\CodeIgniter->runController()
 5 SYSTEMPATH/CodeIgniter.php(349): CodeIgniter\CodeIgniter->handleRequest()
 6 FCPATH/index.php(57): CodeIgniter\CodeIgniter->run()
CRITICAL - 2024-08-02 11:16:01 --> Undefined variable $payArray
in APPPATH/Models/Engine.php on line 2230.
 1 APPPATH/Models/Engine.php(2230): CodeIgniter\Debug\Exceptions->errorHandler()
 2 APPPATH/Controllers/Api.php(147): App\Models\Engine->getBillToSynch()
 3 SYSTEMPATH/CodeIgniter.php(896): App\Controllers\Api->postbillpayment()
 4 SYSTEMPATH/CodeIgniter.php(466): CodeIgniter\CodeIgniter->runController()
 5 SYSTEMPATH/CodeIgniter.php(349): CodeIgniter\CodeIgniter->handleRequest()
 6 FCPATH/index.php(57): CodeIgniter\CodeIgniter->run()
CRITICAL - 2024-08-02 11:17:01 --> Undefined variable $payArray
in APPPATH/Models/Engine.php on line 2230.
 1 APPPATH/Models/Engine.php(2230): CodeIgniter\Debug\Exceptions->errorHandler()
 2 APPPATH/Controllers/Api.php(147): App\Models\Engine->getBillToSynch()
 3 SYSTEMPATH/CodeIgniter.php(896): App\Controllers\Api->postbillpayment()
 4 SYSTEMPATH/CodeIgniter.php(466): CodeIgniter\CodeIgniter->runController()
 5 SYSTEMPATH/CodeIgniter.php(349): CodeIgniter\CodeIgniter->handleRequest()
 6 FCPATH/index.php(57): CodeIgniter\CodeIgniter->run()
CRITICAL - 2024-08-02 11:18:01 --> Undefined variable $payArray
in APPPATH/Models/Engine.php on line 2230.
 1 APPPATH/Models/Engine.php(2230): CodeIgniter\Debug\Exceptions->errorHandler()
 2 APPPATH/Controllers/Api.php(147): App\Models\Engine->getBillToSynch()
 3 SYSTEMPATH/CodeIgniter.php(896): App\Controllers\Api->postbillpayment()
 4 SYSTEMPATH/CodeIgniter.php(466): CodeIgniter\CodeIgniter->runController()
 5 SYSTEMPATH/CodeIgniter.php(349): CodeIgniter\CodeIgniter->handleRequest()
 6 FCPATH/index.php(57): CodeIgniter\CodeIgniter->run()
CRITICAL - 2024-08-02 11:19:01 --> Undefined variable $payArray
in APPPATH/Models/Engine.php on line 2230.
 1 APPPATH/Models/Engine.php(2230): CodeIgniter\Debug\Exceptions->errorHandler()
 2 APPPATH/Controllers/Api.php(147): App\Models\Engine->getBillToSynch()
 3 SYSTEMPATH/CodeIgniter.php(896): App\Controllers\Api->postbillpayment()
 4 SYSTEMPATH/CodeIgniter.php(466): CodeIgniter\CodeIgniter->runController()
 5 SYSTEMPATH/CodeIgniter.php(349): CodeIgniter\CodeIgniter->handleRequest()
 6 FCPATH/index.php(57): CodeIgniter\CodeIgniter->run()
CRITICAL - 2024-08-02 11:20:01 --> Undefined variable $payArray
in APPPATH/Models/Engine.php on line 2230.
 1 APPPATH/Models/Engine.php(2230): CodeIgniter\Debug\Exceptions->errorHandler()
 2 APPPATH/Controllers/Api.php(147): App\Models\Engine->getBillToSynch()
 3 SYSTEMPATH/CodeIgniter.php(896): App\Controllers\Api->postbillpayment()
 4 SYSTEMPATH/CodeIgniter.php(466): CodeIgniter\CodeIgniter->runController()
 5 SYSTEMPATH/CodeIgniter.php(349): CodeIgniter\CodeIgniter->handleRequest()
 6 FCPATH/index.php(57): CodeIgniter\CodeIgniter->run()
CRITICAL - 2024-08-02 11:21:02 --> Undefined variable $payArray
in APPPATH/Models/Engine.php on line 2230.
 1 APPPATH/Models/Engine.php(2230): CodeIgniter\Debug\Exceptions->errorHandler()
 2 APPPATH/Controllers/Api.php(147): App\Models\Engine->getBillToSynch()
 3 SYSTEMPATH/CodeIgniter.php(896): App\Controllers\Api->postbillpayment()
 4 SYSTEMPATH/CodeIgniter.php(466): CodeIgniter\CodeIgniter->runController()
 5 SYSTEMPATH/CodeIgniter.php(349): CodeIgniter\CodeIgniter->handleRequest()
 6 FCPATH/index.php(57): CodeIgniter\CodeIgniter->run()
CRITICAL - 2024-08-02 11:22:01 --> Undefined variable $payArray
in APPPATH/Models/Engine.php on line 2230.
 1 APPPATH/Models/Engine.php(2230): CodeIgniter\Debug\Exceptions->errorHandler()
 2 APPPATH/Controllers/Api.php(147): App\Models\Engine->getBillToSynch()
 3 SYSTEMPATH/CodeIgniter.php(896): App\Controllers\Api->postbillpayment()
 4 SYSTEMPATH/CodeIgniter.php(466): CodeIgniter\CodeIgniter->runController()
 5 SYSTEMPATH/CodeIgniter.php(349): CodeIgniter\CodeIgniter->handleRequest()
 6 FCPATH/index.php(57): CodeIgniter\CodeIgniter->run()
CRITICAL - 2024-08-02 11:23:01 --> Undefined variable $payArray
in APPPATH/Models/Engine.php on line 2230.
 1 APPPATH/Models/Engine.php(2230): CodeIgniter\Debug\Exceptions->errorHandler()
 2 APPPATH/Controllers/Api.php(147): App\Models\Engine->getBillToSynch()
 3 SYSTEMPATH/CodeIgniter.php(896): App\Controllers\Api->postbillpayment()
 4 SYSTEMPATH/CodeIgniter.php(466): CodeIgniter\CodeIgniter->runController()
 5 SYSTEMPATH/CodeIgniter.php(349): CodeIgniter\CodeIgniter->handleRequest()
 6 FCPATH/index.php(57): CodeIgniter\CodeIgniter->run()
CRITICAL - 2024-08-02 11:24:01 --> Undefined variable $payArray
in APPPATH/Models/Engine.php on line 2230.
 1 APPPATH/Models/Engine.php(2230): CodeIgniter\Debug\Exceptions->errorHandler()
 2 APPPATH/Controllers/Api.php(147): App\Models\Engine->getBillToSynch()
 3 SYSTEMPATH/CodeIgniter.php(896): App\Controllers\Api->postbillpayment()
 4 SYSTEMPATH/CodeIgniter.php(466): CodeIgniter\CodeIgniter->runController()
 5 SYSTEMPATH/CodeIgniter.php(349): CodeIgniter\CodeIgniter->handleRequest()
 6 FCPATH/index.php(57): CodeIgniter\CodeIgniter->run()
CRITICAL - 2024-08-02 11:25:01 --> Undefined variable $payArray
in APPPATH/Models/Engine.php on line 2230.
 1 APPPATH/Models/Engine.php(2230): CodeIgniter\Debug\Exceptions->errorHandler()
 2 APPPATH/Controllers/Api.php(147): App\Models\Engine->getBillToSynch()
 3 SYSTEMPATH/CodeIgniter.php(896): App\Controllers\Api->postbillpayment()
 4 SYSTEMPATH/CodeIgniter.php(466): CodeIgniter\CodeIgniter->runController()
 5 SYSTEMPATH/CodeIgniter.php(349): CodeIgniter\CodeIgniter->handleRequest()
 6 FCPATH/index.php(57): CodeIgniter\CodeIgniter->run()
CRITICAL - 2024-08-02 11:26:01 --> Undefined variable $payArray
in APPPATH/Models/Engine.php on line 2230.
 1 APPPATH/Models/Engine.php(2230): CodeIgniter\Debug\Exceptions->errorHandler()
 2 APPPATH/Controllers/Api.php(147): App\Models\Engine->getBillToSynch()
 3 SYSTEMPATH/CodeIgniter.php(896): App\Controllers\Api->postbillpayment()
 4 SYSTEMPATH/CodeIgniter.php(466): CodeIgniter\CodeIgniter->runController()
 5 SYSTEMPATH/CodeIgniter.php(349): CodeIgniter\CodeIgniter->handleRequest()
 6 FCPATH/index.php(57): CodeIgniter\CodeIgniter->run()
CRITICAL - 2024-08-02 11:27:01 --> Undefined variable $payArray
in APPPATH/Models/Engine.php on line 2230.
 1 APPPATH/Models/Engine.php(2230): CodeIgniter\Debug\Exceptions->errorHandler()
 2 APPPATH/Controllers/Api.php(147): App\Models\Engine->getBillToSynch()
 3 SYSTEMPATH/CodeIgniter.php(896): App\Controllers\Api->postbillpayment()
 4 SYSTEMPATH/CodeIgniter.php(466): CodeIgniter\CodeIgniter->runController()
 5 SYSTEMPATH/CodeIgniter.php(349): CodeIgniter\CodeIgniter->handleRequest()
 6 FCPATH/index.php(57): CodeIgniter\CodeIgniter->run()
CRITICAL - 2024-08-02 11:28:01 --> Undefined variable $payArray
in APPPATH/Models/Engine.php on line 2230.
 1 APPPATH/Models/Engine.php(2230): CodeIgniter\Debug\Exceptions->errorHandler()
 2 APPPATH/Controllers/Api.php(147): App\Models\Engine->getBillToSynch()
 3 SYSTEMPATH/CodeIgniter.php(896): App\Controllers\Api->postbillpayment()
 4 SYSTEMPATH/CodeIgniter.php(466): CodeIgniter\CodeIgniter->runController()
 5 SYSTEMPATH/CodeIgniter.php(349): CodeIgniter\CodeIgniter->handleRequest()
 6 FCPATH/index.php(57): CodeIgniter\CodeIgniter->run()
CRITICAL - 2024-08-02 11:29:01 --> Undefined variable $payArray
in APPPATH/Models/Engine.php on line 2230.
 1 APPPATH/Models/Engine.php(2230): CodeIgniter\Debug\Exceptions->errorHandler()
 2 APPPATH/Controllers/Api.php(147): App\Models\Engine->getBillToSynch()
 3 SYSTEMPATH/CodeIgniter.php(896): App\Controllers\Api->postbillpayment()
 4 SYSTEMPATH/CodeIgniter.php(466): CodeIgniter\CodeIgniter->runController()
 5 SYSTEMPATH/CodeIgniter.php(349): CodeIgniter\CodeIgniter->handleRequest()
 6 FCPATH/index.php(57): CodeIgniter\CodeIgniter->run()
CRITICAL - 2024-08-02 11:30:01 --> Undefined variable $payArray
in APPPATH/Models/Engine.php on line 2230.
 1 APPPATH/Models/Engine.php(2230): CodeIgniter\Debug\Exceptions->errorHandler()
 2 APPPATH/Controllers/Api.php(147): App\Models\Engine->getBillToSynch()
 3 SYSTEMPATH/CodeIgniter.php(896): App\Controllers\Api->postbillpayment()
 4 SYSTEMPATH/CodeIgniter.php(466): CodeIgniter\CodeIgniter->runController()
 5 SYSTEMPATH/CodeIgniter.php(349): CodeIgniter\CodeIgniter->handleRequest()
 6 FCPATH/index.php(57): CodeIgniter\CodeIgniter->run()
CRITICAL - 2024-08-02 11:31:01 --> Undefined variable $payArray
in APPPATH/Models/Engine.php on line 2230.
 1 APPPATH/Models/Engine.php(2230): CodeIgniter\Debug\Exceptions->errorHandler()
 2 APPPATH/Controllers/Api.php(147): App\Models\Engine->getBillToSynch()
 3 SYSTEMPATH/CodeIgniter.php(896): App\Controllers\Api->postbillpayment()
 4 SYSTEMPATH/CodeIgniter.php(466): CodeIgniter\CodeIgniter->runController()
 5 SYSTEMPATH/CodeIgniter.php(349): CodeIgniter\CodeIgniter->handleRequest()
 6 FCPATH/index.php(57): CodeIgniter\CodeIgniter->run()
CRITICAL - 2024-08-02 11:32:01 --> Undefined variable $payArray
in APPPATH/Models/Engine.php on line 2230.
 1 APPPATH/Models/Engine.php(2230): CodeIgniter\Debug\Exceptions->errorHandler()
 2 APPPATH/Controllers/Api.php(147): App\Models\Engine->getBillToSynch()
 3 SYSTEMPATH/CodeIgniter.php(896): App\Controllers\Api->postbillpayment()
 4 SYSTEMPATH/CodeIgniter.php(466): CodeIgniter\CodeIgniter->runController()
 5 SYSTEMPATH/CodeIgniter.php(349): CodeIgniter\CodeIgniter->handleRequest()
 6 FCPATH/index.php(57): CodeIgniter\CodeIgniter->run()
CRITICAL - 2024-08-02 11:33:01 --> Undefined variable $payArray
in APPPATH/Models/Engine.php on line 2230.
 1 APPPATH/Models/Engine.php(2230): CodeIgniter\Debug\Exceptions->errorHandler()
 2 APPPATH/Controllers/Api.php(147): App\Models\Engine->getBillToSynch()
 3 SYSTEMPATH/CodeIgniter.php(896): App\Controllers\Api->postbillpayment()
 4 SYSTEMPATH/CodeIgniter.php(466): CodeIgniter\CodeIgniter->runController()
 5 SYSTEMPATH/CodeIgniter.php(349): CodeIgniter\CodeIgniter->handleRequest()
 6 FCPATH/index.php(57): CodeIgniter\CodeIgniter->run()
CRITICAL - 2024-08-02 11:34:01 --> Undefined variable $payArray
in APPPATH/Models/Engine.php on line 2230.
 1 APPPATH/Models/Engine.php(2230): CodeIgniter\Debug\Exceptions->errorHandler()
 2 APPPATH/Controllers/Api.php(147): App\Models\Engine->getBillToSynch()
 3 SYSTEMPATH/CodeIgniter.php(896): App\Controllers\Api->postbillpayment()
 4 SYSTEMPATH/CodeIgniter.php(466): CodeIgniter\CodeIgniter->runController()
 5 SYSTEMPATH/CodeIgniter.php(349): CodeIgniter\CodeIgniter->handleRequest()
 6 FCPATH/index.php(57): CodeIgniter\CodeIgniter->run()
CRITICAL - 2024-08-02 11:35:01 --> Undefined variable $payArray
in APPPATH/Models/Engine.php on line 2230.
 1 APPPATH/Models/Engine.php(2230): CodeIgniter\Debug\Exceptions->errorHandler()
 2 APPPATH/Controllers/Api.php(147): App\Models\Engine->getBillToSynch()
 3 SYSTEMPATH/CodeIgniter.php(896): App\Controllers\Api->postbillpayment()
 4 SYSTEMPATH/CodeIgniter.php(466): CodeIgniter\CodeIgniter->runController()
 5 SYSTEMPATH/CodeIgniter.php(349): CodeIgniter\CodeIgniter->handleRequest()
 6 FCPATH/index.php(57): CodeIgniter\CodeIgniter->run()
CRITICAL - 2024-08-02 11:36:01 --> Undefined variable $payArray
in APPPATH/Models/Engine.php on line 2230.
 1 APPPATH/Models/Engine.php(2230): CodeIgniter\Debug\Exceptions->errorHandler()
 2 APPPATH/Controllers/Api.php(147): App\Models\Engine->getBillToSynch()
 3 SYSTEMPATH/CodeIgniter.php(896): App\Controllers\Api->postbillpayment()
 4 SYSTEMPATH/CodeIgniter.php(466): CodeIgniter\CodeIgniter->runController()
 5 SYSTEMPATH/CodeIgniter.php(349): CodeIgniter\CodeIgniter->handleRequest()
 6 FCPATH/index.php(57): CodeIgniter\CodeIgniter->run()
CRITICAL - 2024-08-02 11:37:01 --> Undefined variable $payArray
in APPPATH/Models/Engine.php on line 2230.
 1 APPPATH/Models/Engine.php(2230): CodeIgniter\Debug\Exceptions->errorHandler()
 2 APPPATH/Controllers/Api.php(147): App\Models\Engine->getBillToSynch()
 3 SYSTEMPATH/CodeIgniter.php(896): App\Controllers\Api->postbillpayment()
 4 SYSTEMPATH/CodeIgniter.php(466): CodeIgniter\CodeIgniter->runController()
 5 SYSTEMPATH/CodeIgniter.php(349): CodeIgniter\CodeIgniter->handleRequest()
 6 FCPATH/index.php(57): CodeIgniter\CodeIgniter->run()
CRITICAL - 2024-08-02 11:38:02 --> Undefined variable $payArray
in APPPATH/Models/Engine.php on line 2230.
 1 APPPATH/Models/Engine.php(2230): CodeIgniter\Debug\Exceptions->errorHandler()
 2 APPPATH/Controllers/Api.php(147): App\Models\Engine->getBillToSynch()
 3 SYSTEMPATH/CodeIgniter.php(896): App\Controllers\Api->postbillpayment()
 4 SYSTEMPATH/CodeIgniter.php(466): CodeIgniter\CodeIgniter->runController()
 5 SYSTEMPATH/CodeIgniter.php(349): CodeIgniter\CodeIgniter->handleRequest()
 6 FCPATH/index.php(57): CodeIgniter\CodeIgniter->run()
CRITICAL - 2024-08-02 11:39:01 --> Undefined variable $payArray
in APPPATH/Models/Engine.php on line 2230.
 1 APPPATH/Models/Engine.php(2230): CodeIgniter\Debug\Exceptions->errorHandler()
 2 APPPATH/Controllers/Api.php(147): App\Models\Engine->getBillToSynch()
 3 SYSTEMPATH/CodeIgniter.php(896): App\Controllers\Api->postbillpayment()
 4 SYSTEMPATH/CodeIgniter.php(466): CodeIgniter\CodeIgniter->runController()
 5 SYSTEMPATH/CodeIgniter.php(349): CodeIgniter\CodeIgniter->handleRequest()
 6 FCPATH/index.php(57): CodeIgniter\CodeIgniter->run()
CRITICAL - 2024-08-02 11:40:01 --> Undefined variable $payArray
in APPPATH/Models/Engine.php on line 2230.
 1 APPPATH/Models/Engine.php(2230): CodeIgniter\Debug\Exceptions->errorHandler()
 2 APPPATH/Controllers/Api.php(147): App\Models\Engine->getBillToSynch()
 3 SYSTEMPATH/CodeIgniter.php(896): App\Controllers\Api->postbillpayment()
 4 SYSTEMPATH/CodeIgniter.php(466): CodeIgniter\CodeIgniter->runController()
 5 SYSTEMPATH/CodeIgniter.php(349): CodeIgniter\CodeIgniter->handleRequest()
 6 FCPATH/index.php(57): CodeIgniter\CodeIgniter->run()
CRITICAL - 2024-08-02 11:41:01 --> Undefined variable $payArray
in APPPATH/Models/Engine.php on line 2230.
 1 APPPATH/Models/Engine.php(2230): CodeIgniter\Debug\Exceptions->errorHandler()
 2 APPPATH/Controllers/Api.php(147): App\Models\Engine->getBillToSynch()
 3 SYSTEMPATH/CodeIgniter.php(896): App\Controllers\Api->postbillpayment()
 4 SYSTEMPATH/CodeIgniter.php(466): CodeIgniter\CodeIgniter->runController()
 5 SYSTEMPATH/CodeIgniter.php(349): CodeIgniter\CodeIgniter->handleRequest()
 6 FCPATH/index.php(57): CodeIgniter\CodeIgniter->run()
CRITICAL - 2024-08-02 11:42:07 --> Undefined variable $payArray
in APPPATH/Models/Engine.php on line 2230.
 1 APPPATH/Models/Engine.php(2230): CodeIgniter\Debug\Exceptions->errorHandler()
 2 APPPATH/Controllers/Api.php(147): App\Models\Engine->getBillToSynch()
 3 SYSTEMPATH/CodeIgniter.php(896): App\Controllers\Api->postbillpayment()
 4 SYSTEMPATH/CodeIgniter.php(466): CodeIgniter\CodeIgniter->runController()
 5 SYSTEMPATH/CodeIgniter.php(349): CodeIgniter\CodeIgniter->handleRequest()
 6 FCPATH/index.php(57): CodeIgniter\CodeIgniter->run()
CRITICAL - 2024-08-02 11:43:01 --> Undefined variable $payArray
in APPPATH/Models/Engine.php on line 2230.
 1 APPPATH/Models/Engine.php(2230): CodeIgniter\Debug\Exceptions->errorHandler()
 2 APPPATH/Controllers/Api.php(147): App\Models\Engine->getBillToSynch()
 3 SYSTEMPATH/CodeIgniter.php(896): App\Controllers\Api->postbillpayment()
 4 SYSTEMPATH/CodeIgniter.php(466): CodeIgniter\CodeIgniter->runController()
 5 SYSTEMPATH/CodeIgniter.php(349): CodeIgniter\CodeIgniter->handleRequest()
 6 FCPATH/index.php(57): CodeIgniter\CodeIgniter->run()
CRITICAL - 2024-08-02 11:44:01 --> Undefined variable $payArray
in APPPATH/Models/Engine.php on line 2230.
 1 APPPATH/Models/Engine.php(2230): CodeIgniter\Debug\Exceptions->errorHandler()
 2 APPPATH/Controllers/Api.php(147): App\Models\Engine->getBillToSynch()
 3 SYSTEMPATH/CodeIgniter.php(896): App\Controllers\Api->postbillpayment()
 4 SYSTEMPATH/CodeIgniter.php(466): CodeIgniter\CodeIgniter->runController()
 5 SYSTEMPATH/CodeIgniter.php(349): CodeIgniter\CodeIgniter->handleRequest()
 6 FCPATH/index.php(57): CodeIgniter\CodeIgniter->run()
CRITICAL - 2024-08-02 11:45:01 --> Undefined variable $payArray
in APPPATH/Models/Engine.php on line 2230.
 1 APPPATH/Models/Engine.php(2230): CodeIgniter\Debug\Exceptions->errorHandler()
 2 APPPATH/Controllers/Api.php(147): App\Models\Engine->getBillToSynch()
 3 SYSTEMPATH/CodeIgniter.php(896): App\Controllers\Api->postbillpayment()
 4 SYSTEMPATH/CodeIgniter.php(466): CodeIgniter\CodeIgniter->runController()
 5 SYSTEMPATH/CodeIgniter.php(349): CodeIgniter\CodeIgniter->handleRequest()
 6 FCPATH/index.php(57): CodeIgniter\CodeIgniter->run()
CRITICAL - 2024-08-02 11:46:01 --> Undefined variable $payArray
in APPPATH/Models/Engine.php on line 2230.
 1 APPPATH/Models/Engine.php(2230): CodeIgniter\Debug\Exceptions->errorHandler()
 2 APPPATH/Controllers/Api.php(147): App\Models\Engine->getBillToSynch()
 3 SYSTEMPATH/CodeIgniter.php(896): App\Controllers\Api->postbillpayment()
 4 SYSTEMPATH/CodeIgniter.php(466): CodeIgniter\CodeIgniter->runController()
 5 SYSTEMPATH/CodeIgniter.php(349): CodeIgniter\CodeIgniter->handleRequest()
 6 FCPATH/index.php(57): CodeIgniter\CodeIgniter->run()
CRITICAL - 2024-08-02 11:47:01 --> Undefined variable $payArray
in APPPATH/Models/Engine.php on line 2230.
 1 APPPATH/Models/Engine.php(2230): CodeIgniter\Debug\Exceptions->errorHandler()
 2 APPPATH/Controllers/Api.php(147): App\Models\Engine->getBillToSynch()
 3 SYSTEMPATH/CodeIgniter.php(896): App\Controllers\Api->postbillpayment()
 4 SYSTEMPATH/CodeIgniter.php(466): CodeIgniter\CodeIgniter->runController()
 5 SYSTEMPATH/CodeIgniter.php(349): CodeIgniter\CodeIgniter->handleRequest()
 6 FCPATH/index.php(57): CodeIgniter\CodeIgniter->run()
CRITICAL - 2024-08-02 11:48:01 --> Undefined variable $payArray
in APPPATH/Models/Engine.php on line 2230.
 1 APPPATH/Models/Engine.php(2230): CodeIgniter\Debug\Exceptions->errorHandler()
 2 APPPATH/Controllers/Api.php(147): App\Models\Engine->getBillToSynch()
 3 SYSTEMPATH/CodeIgniter.php(896): App\Controllers\Api->postbillpayment()
 4 SYSTEMPATH/CodeIgniter.php(466): CodeIgniter\CodeIgniter->runController()
 5 SYSTEMPATH/CodeIgniter.php(349): CodeIgniter\CodeIgniter->handleRequest()
 6 FCPATH/index.php(57): CodeIgniter\CodeIgniter->run()
CRITICAL - 2024-08-02 11:49:01 --> Undefined variable $payArray
in APPPATH/Models/Engine.php on line 2230.
 1 APPPATH/Models/Engine.php(2230): CodeIgniter\Debug\Exceptions->errorHandler()
 2 APPPATH/Controllers/Api.php(147): App\Models\Engine->getBillToSynch()
 3 SYSTEMPATH/CodeIgniter.php(896): App\Controllers\Api->postbillpayment()
 4 SYSTEMPATH/CodeIgniter.php(466): CodeIgniter\CodeIgniter->runController()
 5 SYSTEMPATH/CodeIgniter.php(349): CodeIgniter\CodeIgniter->handleRequest()
 6 FCPATH/index.php(57): CodeIgniter\CodeIgniter->run()
CRITICAL - 2024-08-02 11:50:01 --> Undefined variable $payArray
in APPPATH/Models/Engine.php on line 2230.
 1 APPPATH/Models/Engine.php(2230): CodeIgniter\Debug\Exceptions->errorHandler()
 2 APPPATH/Controllers/Api.php(147): App\Models\Engine->getBillToSynch()
 3 SYSTEMPATH/CodeIgniter.php(896): App\Controllers\Api->postbillpayment()
 4 SYSTEMPATH/CodeIgniter.php(466): CodeIgniter\CodeIgniter->runController()
 5 SYSTEMPATH/CodeIgniter.php(349): CodeIgniter\CodeIgniter->handleRequest()
 6 FCPATH/index.php(57): CodeIgniter\CodeIgniter->run()
CRITICAL - 2024-08-02 11:51:01 --> Undefined variable $payArray
in APPPATH/Models/Engine.php on line 2230.
 1 APPPATH/Models/Engine.php(2230): CodeIgniter\Debug\Exceptions->errorHandler()
 2 APPPATH/Controllers/Api.php(147): App\Models\Engine->getBillToSynch()
 3 SYSTEMPATH/CodeIgniter.php(896): App\Controllers\Api->postbillpayment()
 4 SYSTEMPATH/CodeIgniter.php(466): CodeIgniter\CodeIgniter->runController()
 5 SYSTEMPATH/CodeIgniter.php(349): CodeIgniter\CodeIgniter->handleRequest()
 6 FCPATH/index.php(57): CodeIgniter\CodeIgniter->run()
CRITICAL - 2024-08-02 11:52:01 --> Undefined variable $payArray
in APPPATH/Models/Engine.php on line 2230.
 1 APPPATH/Models/Engine.php(2230): CodeIgniter\Debug\Exceptions->errorHandler()
 2 APPPATH/Controllers/Api.php(147): App\Models\Engine->getBillToSynch()
 3 SYSTEMPATH/CodeIgniter.php(896): App\Controllers\Api->postbillpayment()
 4 SYSTEMPATH/CodeIgniter.php(466): CodeIgniter\CodeIgniter->runController()
 5 SYSTEMPATH/CodeIgniter.php(349): CodeIgniter\CodeIgniter->handleRequest()
 6 FCPATH/index.php(57): CodeIgniter\CodeIgniter->run()
CRITICAL - 2024-08-02 11:53:02 --> Undefined variable $payArray
in APPPATH/Models/Engine.php on line 2230.
 1 APPPATH/Models/Engine.php(2230): CodeIgniter\Debug\Exceptions->errorHandler()
 2 APPPATH/Controllers/Api.php(147): App\Models\Engine->getBillToSynch()
 3 SYSTEMPATH/CodeIgniter.php(896): App\Controllers\Api->postbillpayment()
 4 SYSTEMPATH/CodeIgniter.php(466): CodeIgniter\CodeIgniter->runController()
 5 SYSTEMPATH/CodeIgniter.php(349): CodeIgniter\CodeIgniter->handleRequest()
 6 FCPATH/index.php(57): CodeIgniter\CodeIgniter->run()
CRITICAL - 2024-08-02 11:54:01 --> Undefined variable $payArray
in APPPATH/Models/Engine.php on line 2230.
 1 APPPATH/Models/Engine.php(2230): CodeIgniter\Debug\Exceptions->errorHandler()
 2 APPPATH/Controllers/Api.php(147): App\Models\Engine->getBillToSynch()
 3 SYSTEMPATH/CodeIgniter.php(896): App\Controllers\Api->postbillpayment()
 4 SYSTEMPATH/CodeIgniter.php(466): CodeIgniter\CodeIgniter->runController()
 5 SYSTEMPATH/CodeIgniter.php(349): CodeIgniter\CodeIgniter->handleRequest()
 6 FCPATH/index.php(57): CodeIgniter\CodeIgniter->run()
CRITICAL - 2024-08-02 11:55:01 --> Undefined variable $payArray
in APPPATH/Models/Engine.php on line 2230.
 1 APPPATH/Models/Engine.php(2230): CodeIgniter\Debug\Exceptions->errorHandler()
 2 APPPATH/Controllers/Api.php(147): App\Models\Engine->getBillToSynch()
 3 SYSTEMPATH/CodeIgniter.php(896): App\Controllers\Api->postbillpayment()
 4 SYSTEMPATH/CodeIgniter.php(466): CodeIgniter\CodeIgniter->runController()
 5 SYSTEMPATH/CodeIgniter.php(349): CodeIgniter\CodeIgniter->handleRequest()
 6 FCPATH/index.php(57): CodeIgniter\CodeIgniter->run()
CRITICAL - 2024-08-02 11:56:01 --> Undefined variable $payArray
in APPPATH/Models/Engine.php on line 2230.
 1 APPPATH/Models/Engine.php(2230): CodeIgniter\Debug\Exceptions->errorHandler()
 2 APPPATH/Controllers/Api.php(147): App\Models\Engine->getBillToSynch()
 3 SYSTEMPATH/CodeIgniter.php(896): App\Controllers\Api->postbillpayment()
 4 SYSTEMPATH/CodeIgniter.php(466): CodeIgniter\CodeIgniter->runController()
 5 SYSTEMPATH/CodeIgniter.php(349): CodeIgniter\CodeIgniter->handleRequest()
 6 FCPATH/index.php(57): CodeIgniter\CodeIgniter->run()
CRITICAL - 2024-08-02 11:57:01 --> Undefined variable $payArray
in APPPATH/Models/Engine.php on line 2230.
 1 APPPATH/Models/Engine.php(2230): CodeIgniter\Debug\Exceptions->errorHandler()
 2 APPPATH/Controllers/Api.php(147): App\Models\Engine->getBillToSynch()
 3 SYSTEMPATH/CodeIgniter.php(896): App\Controllers\Api->postbillpayment()
 4 SYSTEMPATH/CodeIgniter.php(466): CodeIgniter\CodeIgniter->runController()
 5 SYSTEMPATH/CodeIgniter.php(349): CodeIgniter\CodeIgniter->handleRequest()
 6 FCPATH/index.php(57): CodeIgniter\CodeIgniter->run()
CRITICAL - 2024-08-02 11:58:01 --> Undefined variable $payArray
in APPPATH/Models/Engine.php on line 2230.
 1 APPPATH/Models/Engine.php(2230): CodeIgniter\Debug\Exceptions->errorHandler()
 2 APPPATH/Controllers/Api.php(147): App\Models\Engine->getBillToSynch()
 3 SYSTEMPATH/CodeIgniter.php(896): App\Controllers\Api->postbillpayment()
 4 SYSTEMPATH/CodeIgniter.php(466): CodeIgniter\CodeIgniter->runController()
 5 SYSTEMPATH/CodeIgniter.php(349): CodeIgniter\CodeIgniter->handleRequest()
 6 FCPATH/index.php(57): CodeIgniter\CodeIgniter->run()
CRITICAL - 2024-08-02 11:59:01 --> Undefined variable $payArray
in APPPATH/Models/Engine.php on line 2230.
 1 APPPATH/Models/Engine.php(2230): CodeIgniter\Debug\Exceptions->errorHandler()
 2 APPPATH/Controllers/Api.php(147): App\Models\Engine->getBillToSynch()
 3 SYSTEMPATH/CodeIgniter.php(896): App\Controllers\Api->postbillpayment()
 4 SYSTEMPATH/CodeIgniter.php(466): CodeIgniter\CodeIgniter->runController()
 5 SYSTEMPATH/CodeIgniter.php(349): CodeIgniter\CodeIgniter->handleRequest()
 6 FCPATH/index.php(57): CodeIgniter\CodeIgniter->run()
CRITICAL - 2024-08-02 12:00:01 --> Undefined variable $payArray
in APPPATH/Models/Engine.php on line 2230.
 1 APPPATH/Models/Engine.php(2230): CodeIgniter\Debug\Exceptions->errorHandler()
 2 APPPATH/Controllers/Api.php(147): App\Models\Engine->getBillToSynch()
 3 SYSTEMPATH/CodeIgniter.php(896): App\Controllers\Api->postbillpayment()
 4 SYSTEMPATH/CodeIgniter.php(466): CodeIgniter\CodeIgniter->runController()
 5 SYSTEMPATH/CodeIgniter.php(349): CodeIgniter\CodeIgniter->handleRequest()
 6 FCPATH/index.php(57): CodeIgniter\CodeIgniter->run()
CRITICAL - 2024-08-02 12:01:01 --> Undefined variable $payArray
in APPPATH/Models/Engine.php on line 2230.
 1 APPPATH/Models/Engine.php(2230): CodeIgniter\Debug\Exceptions->errorHandler()
 2 APPPATH/Controllers/Api.php(147): App\Models\Engine->getBillToSynch()
 3 SYSTEMPATH/CodeIgniter.php(896): App\Controllers\Api->postbillpayment()
 4 SYSTEMPATH/CodeIgniter.php(466): CodeIgniter\CodeIgniter->runController()
 5 SYSTEMPATH/CodeIgniter.php(349): CodeIgniter\CodeIgniter->handleRequest()
 6 FCPATH/index.php(57): CodeIgniter\CodeIgniter->run()
CRITICAL - 2024-08-02 12:02:01 --> Undefined variable $payArray
in APPPATH/Models/Engine.php on line 2230.
 1 APPPATH/Models/Engine.php(2230): CodeIgniter\Debug\Exceptions->errorHandler()
 2 APPPATH/Controllers/Api.php(147): App\Models\Engine->getBillToSynch()
 3 SYSTEMPATH/CodeIgniter.php(896): App\Controllers\Api->postbillpayment()
 4 SYSTEMPATH/CodeIgniter.php(466): CodeIgniter\CodeIgniter->runController()
 5 SYSTEMPATH/CodeIgniter.php(349): CodeIgniter\CodeIgniter->handleRequest()
 6 FCPATH/index.php(57): CodeIgniter\CodeIgniter->run()
CRITICAL - 2024-08-02 12:03:01 --> Undefined variable $payArray
in APPPATH/Models/Engine.php on line 2230.
 1 APPPATH/Models/Engine.php(2230): CodeIgniter\Debug\Exceptions->errorHandler()
 2 APPPATH/Controllers/Api.php(147): App\Models\Engine->getBillToSynch()
 3 SYSTEMPATH/CodeIgniter.php(896): App\Controllers\Api->postbillpayment()
 4 SYSTEMPATH/CodeIgniter.php(466): CodeIgniter\CodeIgniter->runController()
 5 SYSTEMPATH/CodeIgniter.php(349): CodeIgniter\CodeIgniter->handleRequest()
 6 FCPATH/index.php(57): CodeIgniter\CodeIgniter->run()
CRITICAL - 2024-08-02 12:04:01 --> Undefined variable $payArray
in APPPATH/Models/Engine.php on line 2230.
 1 APPPATH/Models/Engine.php(2230): CodeIgniter\Debug\Exceptions->errorHandler()
 2 APPPATH/Controllers/Api.php(147): App\Models\Engine->getBillToSynch()
 3 SYSTEMPATH/CodeIgniter.php(896): App\Controllers\Api->postbillpayment()
 4 SYSTEMPATH/CodeIgniter.php(466): CodeIgniter\CodeIgniter->runController()
 5 SYSTEMPATH/CodeIgniter.php(349): CodeIgniter\CodeIgniter->handleRequest()
 6 FCPATH/index.php(57): CodeIgniter\CodeIgniter->run()
CRITICAL - 2024-08-02 12:05:01 --> Undefined variable $payArray
in APPPATH/Models/Engine.php on line 2230.
 1 APPPATH/Models/Engine.php(2230): CodeIgniter\Debug\Exceptions->errorHandler()
 2 APPPATH/Controllers/Api.php(147): App\Models\Engine->getBillToSynch()
 3 SYSTEMPATH/CodeIgniter.php(896): App\Controllers\Api->postbillpayment()
 4 SYSTEMPATH/CodeIgniter.php(466): CodeIgniter\CodeIgniter->runController()
 5 SYSTEMPATH/CodeIgniter.php(349): CodeIgniter\CodeIgniter->handleRequest()
 6 FCPATH/index.php(57): CodeIgniter\CodeIgniter->run()
CRITICAL - 2024-08-02 12:06:01 --> Undefined variable $payArray
in APPPATH/Models/Engine.php on line 2230.
 1 APPPATH/Models/Engine.php(2230): CodeIgniter\Debug\Exceptions->errorHandler()
 2 APPPATH/Controllers/Api.php(147): App\Models\Engine->getBillToSynch()
 3 SYSTEMPATH/CodeIgniter.php(896): App\Controllers\Api->postbillpayment()
 4 SYSTEMPATH/CodeIgniter.php(466): CodeIgniter\CodeIgniter->runController()
 5 SYSTEMPATH/CodeIgniter.php(349): CodeIgniter\CodeIgniter->handleRequest()
 6 FCPATH/index.php(57): CodeIgniter\CodeIgniter->run()
CRITICAL - 2024-08-02 12:07:01 --> Undefined variable $payArray
in APPPATH/Models/Engine.php on line 2230.
 1 APPPATH/Models/Engine.php(2230): CodeIgniter\Debug\Exceptions->errorHandler()
 2 APPPATH/Controllers/Api.php(147): App\Models\Engine->getBillToSynch()
 3 SYSTEMPATH/CodeIgniter.php(896): App\Controllers\Api->postbillpayment()
 4 SYSTEMPATH/CodeIgniter.php(466): CodeIgniter\CodeIgniter->runController()
 5 SYSTEMPATH/CodeIgniter.php(349): CodeIgniter\CodeIgniter->handleRequest()
 6 FCPATH/index.php(57): CodeIgniter\CodeIgniter->run()
CRITICAL - 2024-08-02 12:08:01 --> Undefined variable $payArray
in APPPATH/Models/Engine.php on line 2230.
 1 APPPATH/Models/Engine.php(2230): CodeIgniter\Debug\Exceptions->errorHandler()
 2 APPPATH/Controllers/Api.php(147): App\Models\Engine->getBillToSynch()
 3 SYSTEMPATH/CodeIgniter.php(896): App\Controllers\Api->postbillpayment()
 4 SYSTEMPATH/CodeIgniter.php(466): CodeIgniter\CodeIgniter->runController()
 5 SYSTEMPATH/CodeIgniter.php(349): CodeIgniter\CodeIgniter->handleRequest()
 6 FCPATH/index.php(57): CodeIgniter\CodeIgniter->run()
CRITICAL - 2024-08-02 12:09:01 --> Undefined variable $payArray
in APPPATH/Models/Engine.php on line 2230.
 1 APPPATH/Models/Engine.php(2230): CodeIgniter\Debug\Exceptions->errorHandler()
 2 APPPATH/Controllers/Api.php(147): App\Models\Engine->getBillToSynch()
 3 SYSTEMPATH/CodeIgniter.php(896): App\Controllers\Api->postbillpayment()
 4 SYSTEMPATH/CodeIgniter.php(466): CodeIgniter\CodeIgniter->runController()
 5 SYSTEMPATH/CodeIgniter.php(349): CodeIgniter\CodeIgniter->handleRequest()
 6 FCPATH/index.php(57): CodeIgniter\CodeIgniter->run()
CRITICAL - 2024-08-02 12:10:23 --> Undefined variable $payArray
in APPPATH/Models/Engine.php on line 2230.
 1 APPPATH/Models/Engine.php(2230): CodeIgniter\Debug\Exceptions->errorHandler()
 2 APPPATH/Controllers/Api.php(147): App\Models\Engine->getBillToSynch()
 3 SYSTEMPATH/CodeIgniter.php(896): App\Controllers\Api->postbillpayment()
 4 SYSTEMPATH/CodeIgniter.php(466): CodeIgniter\CodeIgniter->runController()
 5 SYSTEMPATH/CodeIgniter.php(349): CodeIgniter\CodeIgniter->handleRequest()
 6 FCPATH/index.php(57): CodeIgniter\CodeIgniter->run()
CRITICAL - 2024-08-02 12:11:07 --> Undefined variable $payArray
in APPPATH/Models/Engine.php on line 2230.
 1 APPPATH/Models/Engine.php(2230): CodeIgniter\Debug\Exceptions->errorHandler()
 2 APPPATH/Controllers/Api.php(147): App\Models\Engine->getBillToSynch()
 3 SYSTEMPATH/CodeIgniter.php(896): App\Controllers\Api->postbillpayment()
 4 SYSTEMPATH/CodeIgniter.php(466): CodeIgniter\CodeIgniter->runController()
 5 SYSTEMPATH/CodeIgniter.php(349): CodeIgniter\CodeIgniter->handleRequest()
 6 FCPATH/index.php(57): CodeIgniter\CodeIgniter->run()
CRITICAL - 2024-08-02 12:12:07 --> Undefined variable $payArray
in APPPATH/Models/Engine.php on line 2230.
 1 APPPATH/Models/Engine.php(2230): CodeIgniter\Debug\Exceptions->errorHandler()
 2 APPPATH/Controllers/Api.php(147): App\Models\Engine->getBillToSynch()
 3 SYSTEMPATH/CodeIgniter.php(896): App\Controllers\Api->postbillpayment()
 4 SYSTEMPATH/CodeIgniter.php(466): CodeIgniter\CodeIgniter->runController()
 5 SYSTEMPATH/CodeIgniter.php(349): CodeIgniter\CodeIgniter->handleRequest()
 6 FCPATH/index.php(57): CodeIgniter\CodeIgniter->run()
CRITICAL - 2024-08-02 12:13:03 --> Undefined variable $payArray
in APPPATH/Models/Engine.php on line 2230.
 1 APPPATH/Models/Engine.php(2230): CodeIgniter\Debug\Exceptions->errorHandler()
 2 APPPATH/Controllers/Api.php(147): App\Models\Engine->getBillToSynch()
 3 SYSTEMPATH/CodeIgniter.php(896): App\Controllers\Api->postbillpayment()
 4 SYSTEMPATH/CodeIgniter.php(466): CodeIgniter\CodeIgniter->runController()
 5 SYSTEMPATH/CodeIgniter.php(349): CodeIgniter\CodeIgniter->handleRequest()
 6 FCPATH/index.php(57): CodeIgniter\CodeIgniter->run()
CRITICAL - 2024-08-02 12:14:01 --> Undefined variable $payArray
in APPPATH/Models/Engine.php on line 2230.
 1 APPPATH/Models/Engine.php(2230): CodeIgniter\Debug\Exceptions->errorHandler()
 2 APPPATH/Controllers/Api.php(147): App\Models\Engine->getBillToSynch()
 3 SYSTEMPATH/CodeIgniter.php(896): App\Controllers\Api->postbillpayment()
 4 SYSTEMPATH/CodeIgniter.php(466): CodeIgniter\CodeIgniter->runController()
 5 SYSTEMPATH/CodeIgniter.php(349): CodeIgniter\CodeIgniter->handleRequest()
 6 FCPATH/index.php(57): CodeIgniter\CodeIgniter->run()
CRITICAL - 2024-08-02 12:15:01 --> Undefined variable $payArray
in APPPATH/Models/Engine.php on line 2230.
 1 APPPATH/Models/Engine.php(2230): CodeIgniter\Debug\Exceptions->errorHandler()
 2 APPPATH/Controllers/Api.php(147): App\Models\Engine->getBillToSynch()
 3 SYSTEMPATH/CodeIgniter.php(896): App\Controllers\Api->postbillpayment()
 4 SYSTEMPATH/CodeIgniter.php(466): CodeIgniter\CodeIgniter->runController()
 5 SYSTEMPATH/CodeIgniter.php(349): CodeIgniter\CodeIgniter->handleRequest()
 6 FCPATH/index.php(57): CodeIgniter\CodeIgniter->run()
CRITICAL - 2024-08-02 12:16:01 --> Undefined variable $payArray
in APPPATH/Models/Engine.php on line 2230.
 1 APPPATH/Models/Engine.php(2230): CodeIgniter\Debug\Exceptions->errorHandler()
 2 APPPATH/Controllers/Api.php(147): App\Models\Engine->getBillToSynch()
 3 SYSTEMPATH/CodeIgniter.php(896): App\Controllers\Api->postbillpayment()
 4 SYSTEMPATH/CodeIgniter.php(466): CodeIgniter\CodeIgniter->runController()
 5 SYSTEMPATH/CodeIgniter.php(349): CodeIgniter\CodeIgniter->handleRequest()
 6 FCPATH/index.php(57): CodeIgniter\CodeIgniter->run()
CRITICAL - 2024-08-02 12:17:01 --> Undefined variable $payArray
in APPPATH/Models/Engine.php on line 2230.
 1 APPPATH/Models/Engine.php(2230): CodeIgniter\Debug\Exceptions->errorHandler()
 2 APPPATH/Controllers/Api.php(147): App\Models\Engine->getBillToSynch()
 3 SYSTEMPATH/CodeIgniter.php(896): App\Controllers\Api->postbillpayment()
 4 SYSTEMPATH/CodeIgniter.php(466): CodeIgniter\CodeIgniter->runController()
 5 SYSTEMPATH/CodeIgniter.php(349): CodeIgniter\CodeIgniter->handleRequest()
 6 FCPATH/index.php(57): CodeIgniter\CodeIgniter->run()
CRITICAL - 2024-08-02 12:18:01 --> Undefined variable $payArray
in APPPATH/Models/Engine.php on line 2230.
 1 APPPATH/Models/Engine.php(2230): CodeIgniter\Debug\Exceptions->errorHandler()
 2 APPPATH/Controllers/Api.php(147): App\Models\Engine->getBillToSynch()
 3 SYSTEMPATH/CodeIgniter.php(896): App\Controllers\Api->postbillpayment()
 4 SYSTEMPATH/CodeIgniter.php(466): CodeIgniter\CodeIgniter->runController()
 5 SYSTEMPATH/CodeIgniter.php(349): CodeIgniter\CodeIgniter->handleRequest()
 6 FCPATH/index.php(57): CodeIgniter\CodeIgniter->run()
CRITICAL - 2024-08-02 12:19:01 --> Undefined variable $payArray
in APPPATH/Models/Engine.php on line 2230.
 1 APPPATH/Models/Engine.php(2230): CodeIgniter\Debug\Exceptions->errorHandler()
 2 APPPATH/Controllers/Api.php(147): App\Models\Engine->getBillToSynch()
 3 SYSTEMPATH/CodeIgniter.php(896): App\Controllers\Api->postbillpayment()
 4 SYSTEMPATH/CodeIgniter.php(466): CodeIgniter\CodeIgniter->runController()
 5 SYSTEMPATH/CodeIgniter.php(349): CodeIgniter\CodeIgniter->handleRequest()
 6 FCPATH/index.php(57): CodeIgniter\CodeIgniter->run()
CRITICAL - 2024-08-02 12:20:01 --> Undefined variable $payArray
in APPPATH/Models/Engine.php on line 2230.
 1 APPPATH/Models/Engine.php(2230): CodeIgniter\Debug\Exceptions->errorHandler()
 2 APPPATH/Controllers/Api.php(147): App\Models\Engine->getBillToSynch()
 3 SYSTEMPATH/CodeIgniter.php(896): App\Controllers\Api->postbillpayment()
 4 SYSTEMPATH/CodeIgniter.php(466): CodeIgniter\CodeIgniter->runController()
 5 SYSTEMPATH/CodeIgniter.php(349): CodeIgniter\CodeIgniter->handleRequest()
 6 FCPATH/index.php(57): CodeIgniter\CodeIgniter->run()
CRITICAL - 2024-08-02 12:21:01 --> Undefined variable $payArray
in APPPATH/Models/Engine.php on line 2230.
 1 APPPATH/Models/Engine.php(2230): CodeIgniter\Debug\Exceptions->errorHandler()
 2 APPPATH/Controllers/Api.php(147): App\Models\Engine->getBillToSynch()
 3 SYSTEMPATH/CodeIgniter.php(896): App\Controllers\Api->postbillpayment()
 4 SYSTEMPATH/CodeIgniter.php(466): CodeIgniter\CodeIgniter->runController()
 5 SYSTEMPATH/CodeIgniter.php(349): CodeIgniter\CodeIgniter->handleRequest()
 6 FCPATH/index.php(57): CodeIgniter\CodeIgniter->run()
CRITICAL - 2024-08-02 12:22:01 --> Undefined variable $payArray
in APPPATH/Models/Engine.php on line 2230.
 1 APPPATH/Models/Engine.php(2230): CodeIgniter\Debug\Exceptions->errorHandler()
 2 APPPATH/Controllers/Api.php(147): App\Models\Engine->getBillToSynch()
 3 SYSTEMPATH/CodeIgniter.php(896): App\Controllers\Api->postbillpayment()
 4 SYSTEMPATH/CodeIgniter.php(466): CodeIgniter\CodeIgniter->runController()
 5 SYSTEMPATH/CodeIgniter.php(349): CodeIgniter\CodeIgniter->handleRequest()
 6 FCPATH/index.php(57): CodeIgniter\CodeIgniter->run()
CRITICAL - 2024-08-02 12:23:01 --> Undefined variable $payArray
in APPPATH/Models/Engine.php on line 2230.
 1 APPPATH/Models/Engine.php(2230): CodeIgniter\Debug\Exceptions->errorHandler()
 2 APPPATH/Controllers/Api.php(147): App\Models\Engine->getBillToSynch()
 3 SYSTEMPATH/CodeIgniter.php(896): App\Controllers\Api->postbillpayment()
 4 SYSTEMPATH/CodeIgniter.php(466): CodeIgniter\CodeIgniter->runController()
 5 SYSTEMPATH/CodeIgniter.php(349): CodeIgniter\CodeIgniter->handleRequest()
 6 FCPATH/index.php(57): CodeIgniter\CodeIgniter->run()
CRITICAL - 2024-08-02 12:24:01 --> Undefined variable $payArray
in APPPATH/Models/Engine.php on line 2230.
 1 APPPATH/Models/Engine.php(2230): CodeIgniter\Debug\Exceptions->errorHandler()
 2 APPPATH/Controllers/Api.php(147): App\Models\Engine->getBillToSynch()
 3 SYSTEMPATH/CodeIgniter.php(896): App\Controllers\Api->postbillpayment()
 4 SYSTEMPATH/CodeIgniter.php(466): CodeIgniter\CodeIgniter->runController()
 5 SYSTEMPATH/CodeIgniter.php(349): CodeIgniter\CodeIgniter->handleRequest()
 6 FCPATH/index.php(57): CodeIgniter\CodeIgniter->run()
CRITICAL - 2024-08-02 12:25:01 --> Undefined variable $payArray
in APPPATH/Models/Engine.php on line 2230.
 1 APPPATH/Models/Engine.php(2230): CodeIgniter\Debug\Exceptions->errorHandler()
 2 APPPATH/Controllers/Api.php(147): App\Models\Engine->getBillToSynch()
 3 SYSTEMPATH/CodeIgniter.php(896): App\Controllers\Api->postbillpayment()
 4 SYSTEMPATH/CodeIgniter.php(466): CodeIgniter\CodeIgniter->runController()
 5 SYSTEMPATH/CodeIgniter.php(349): CodeIgniter\CodeIgniter->handleRequest()
 6 FCPATH/index.php(57): CodeIgniter\CodeIgniter->run()
CRITICAL - 2024-08-02 12:26:01 --> Undefined variable $payArray
in APPPATH/Models/Engine.php on line 2230.
 1 APPPATH/Models/Engine.php(2230): CodeIgniter\Debug\Exceptions->errorHandler()
 2 APPPATH/Controllers/Api.php(147): App\Models\Engine->getBillToSynch()
 3 SYSTEMPATH/CodeIgniter.php(896): App\Controllers\Api->postbillpayment()
 4 SYSTEMPATH/CodeIgniter.php(466): CodeIgniter\CodeIgniter->runController()
 5 SYSTEMPATH/CodeIgniter.php(349): CodeIgniter\CodeIgniter->handleRequest()
 6 FCPATH/index.php(57): CodeIgniter\CodeIgniter->run()
CRITICAL - 2024-08-02 12:27:02 --> Undefined variable $payArray
in APPPATH/Models/Engine.php on line 2230.
 1 APPPATH/Models/Engine.php(2230): CodeIgniter\Debug\Exceptions->errorHandler()
 2 APPPATH/Controllers/Api.php(147): App\Models\Engine->getBillToSynch()
 3 SYSTEMPATH/CodeIgniter.php(896): App\Controllers\Api->postbillpayment()
 4 SYSTEMPATH/CodeIgniter.php(466): CodeIgniter\CodeIgniter->runController()
 5 SYSTEMPATH/CodeIgniter.php(349): CodeIgniter\CodeIgniter->handleRequest()
 6 FCPATH/index.php(57): CodeIgniter\CodeIgniter->run()
CRITICAL - 2024-08-02 12:28:01 --> Undefined variable $payArray
in APPPATH/Models/Engine.php on line 2230.
 1 APPPATH/Models/Engine.php(2230): CodeIgniter\Debug\Exceptions->errorHandler()
 2 APPPATH/Controllers/Api.php(147): App\Models\Engine->getBillToSynch()
 3 SYSTEMPATH/CodeIgniter.php(896): App\Controllers\Api->postbillpayment()
 4 SYSTEMPATH/CodeIgniter.php(466): CodeIgniter\CodeIgniter->runController()
 5 SYSTEMPATH/CodeIgniter.php(349): CodeIgniter\CodeIgniter->handleRequest()
 6 FCPATH/index.php(57): CodeIgniter\CodeIgniter->run()
CRITICAL - 2024-08-02 12:29:01 --> Undefined variable $payArray
in APPPATH/Models/Engine.php on line 2230.
 1 APPPATH/Models/Engine.php(2230): CodeIgniter\Debug\Exceptions->errorHandler()
 2 APPPATH/Controllers/Api.php(147): App\Models\Engine->getBillToSynch()
 3 SYSTEMPATH/CodeIgniter.php(896): App\Controllers\Api->postbillpayment()
 4 SYSTEMPATH/CodeIgniter.php(466): CodeIgniter\CodeIgniter->runController()
 5 SYSTEMPATH/CodeIgniter.php(349): CodeIgniter\CodeIgniter->handleRequest()
 6 FCPATH/index.php(57): CodeIgniter\CodeIgniter->run()
CRITICAL - 2024-08-02 12:30:01 --> Undefined variable $payArray
in APPPATH/Models/Engine.php on line 2230.
 1 APPPATH/Models/Engine.php(2230): CodeIgniter\Debug\Exceptions->errorHandler()
 2 APPPATH/Controllers/Api.php(147): App\Models\Engine->getBillToSynch()
 3 SYSTEMPATH/CodeIgniter.php(896): App\Controllers\Api->postbillpayment()
 4 SYSTEMPATH/CodeIgniter.php(466): CodeIgniter\CodeIgniter->runController()
 5 SYSTEMPATH/CodeIgniter.php(349): CodeIgniter\CodeIgniter->handleRequest()
 6 FCPATH/index.php(57): CodeIgniter\CodeIgniter->run()
CRITICAL - 2024-08-02 12:31:01 --> Undefined variable $payArray
in APPPATH/Models/Engine.php on line 2230.
 1 APPPATH/Models/Engine.php(2230): CodeIgniter\Debug\Exceptions->errorHandler()
 2 APPPATH/Controllers/Api.php(147): App\Models\Engine->getBillToSynch()
 3 SYSTEMPATH/CodeIgniter.php(896): App\Controllers\Api->postbillpayment()
 4 SYSTEMPATH/CodeIgniter.php(466): CodeIgniter\CodeIgniter->runController()
 5 SYSTEMPATH/CodeIgniter.php(349): CodeIgniter\CodeIgniter->handleRequest()
 6 FCPATH/index.php(57): CodeIgniter\CodeIgniter->run()
CRITICAL - 2024-08-02 12:32:01 --> Undefined variable $payArray
in APPPATH/Models/Engine.php on line 2230.
 1 APPPATH/Models/Engine.php(2230): CodeIgniter\Debug\Exceptions->errorHandler()
 2 APPPATH/Controllers/Api.php(147): App\Models\Engine->getBillToSynch()
 3 SYSTEMPATH/CodeIgniter.php(896): App\Controllers\Api->postbillpayment()
 4 SYSTEMPATH/CodeIgniter.php(466): CodeIgniter\CodeIgniter->runController()
 5 SYSTEMPATH/CodeIgniter.php(349): CodeIgniter\CodeIgniter->handleRequest()
 6 FCPATH/index.php(57): CodeIgniter\CodeIgniter->run()
CRITICAL - 2024-08-02 12:33:01 --> Undefined variable $payArray
in APPPATH/Models/Engine.php on line 2230.
 1 APPPATH/Models/Engine.php(2230): CodeIgniter\Debug\Exceptions->errorHandler()
 2 APPPATH/Controllers/Api.php(147): App\Models\Engine->getBillToSynch()
 3 SYSTEMPATH/CodeIgniter.php(896): App\Controllers\Api->postbillpayment()
 4 SYSTEMPATH/CodeIgniter.php(466): CodeIgniter\CodeIgniter->runController()
 5 SYSTEMPATH/CodeIgniter.php(349): CodeIgniter\CodeIgniter->handleRequest()
 6 FCPATH/index.php(57): CodeIgniter\CodeIgniter->run()
CRITICAL - 2024-08-02 12:34:01 --> Undefined variable $payArray
in APPPATH/Models/Engine.php on line 2230.
 1 APPPATH/Models/Engine.php(2230): CodeIgniter\Debug\Exceptions->errorHandler()
 2 APPPATH/Controllers/Api.php(147): App\Models\Engine->getBillToSynch()
 3 SYSTEMPATH/CodeIgniter.php(896): App\Controllers\Api->postbillpayment()
 4 SYSTEMPATH/CodeIgniter.php(466): CodeIgniter\CodeIgniter->runController()
 5 SYSTEMPATH/CodeIgniter.php(349): CodeIgniter\CodeIgniter->handleRequest()
 6 FCPATH/index.php(57): CodeIgniter\CodeIgniter->run()
CRITICAL - 2024-08-02 12:35:01 --> Undefined variable $payArray
in APPPATH/Models/Engine.php on line 2230.
 1 APPPATH/Models/Engine.php(2230): CodeIgniter\Debug\Exceptions->errorHandler()
 2 APPPATH/Controllers/Api.php(147): App\Models\Engine->getBillToSynch()
 3 SYSTEMPATH/CodeIgniter.php(896): App\Controllers\Api->postbillpayment()
 4 SYSTEMPATH/CodeIgniter.php(466): CodeIgniter\CodeIgniter->runController()
 5 SYSTEMPATH/CodeIgniter.php(349): CodeIgniter\CodeIgniter->handleRequest()
 6 FCPATH/index.php(57): CodeIgniter\CodeIgniter->run()
CRITICAL - 2024-08-02 12:36:07 --> Undefined variable $payArray
in APPPATH/Models/Engine.php on line 2230.
 1 APPPATH/Models/Engine.php(2230): CodeIgniter\Debug\Exceptions->errorHandler()
 2 APPPATH/Controllers/Api.php(147): App\Models\Engine->getBillToSynch()
 3 SYSTEMPATH/CodeIgniter.php(896): App\Controllers\Api->postbillpayment()
 4 SYSTEMPATH/CodeIgniter.php(466): CodeIgniter\CodeIgniter->runController()
 5 SYSTEMPATH/CodeIgniter.php(349): CodeIgniter\CodeIgniter->handleRequest()
 6 FCPATH/index.php(57): CodeIgniter\CodeIgniter->run()
CRITICAL - 2024-08-02 12:37:07 --> Undefined variable $payArray
in APPPATH/Models/Engine.php on line 2230.
 1 APPPATH/Models/Engine.php(2230): CodeIgniter\Debug\Exceptions->errorHandler()
 2 APPPATH/Controllers/Api.php(147): App\Models\Engine->getBillToSynch()
 3 SYSTEMPATH/CodeIgniter.php(896): App\Controllers\Api->postbillpayment()
 4 SYSTEMPATH/CodeIgniter.php(466): CodeIgniter\CodeIgniter->runController()
 5 SYSTEMPATH/CodeIgniter.php(349): CodeIgniter\CodeIgniter->handleRequest()
 6 FCPATH/index.php(57): CodeIgniter\CodeIgniter->run()
CRITICAL - 2024-08-02 12:38:08 --> Undefined variable $payArray
in APPPATH/Models/Engine.php on line 2230.
 1 APPPATH/Models/Engine.php(2230): CodeIgniter\Debug\Exceptions->errorHandler()
 2 APPPATH/Controllers/Api.php(147): App\Models\Engine->getBillToSynch()
 3 SYSTEMPATH/CodeIgniter.php(896): App\Controllers\Api->postbillpayment()
 4 SYSTEMPATH/CodeIgniter.php(466): CodeIgniter\CodeIgniter->runController()
 5 SYSTEMPATH/CodeIgniter.php(349): CodeIgniter\CodeIgniter->handleRequest()
 6 FCPATH/index.php(57): CodeIgniter\CodeIgniter->run()
CRITICAL - 2024-08-02 12:39:01 --> Undefined variable $payArray
in APPPATH/Models/Engine.php on line 2230.
 1 APPPATH/Models/Engine.php(2230): CodeIgniter\Debug\Exceptions->errorHandler()
 2 APPPATH/Controllers/Api.php(147): App\Models\Engine->getBillToSynch()
 3 SYSTEMPATH/CodeIgniter.php(896): App\Controllers\Api->postbillpayment()
 4 SYSTEMPATH/CodeIgniter.php(466): CodeIgniter\CodeIgniter->runController()
 5 SYSTEMPATH/CodeIgniter.php(349): CodeIgniter\CodeIgniter->handleRequest()
 6 FCPATH/index.php(57): CodeIgniter\CodeIgniter->run()
CRITICAL - 2024-08-02 12:40:01 --> Undefined variable $payArray
in APPPATH/Models/Engine.php on line 2230.
 1 APPPATH/Models/Engine.php(2230): CodeIgniter\Debug\Exceptions->errorHandler()
 2 APPPATH/Controllers/Api.php(147): App\Models\Engine->getBillToSynch()
 3 SYSTEMPATH/CodeIgniter.php(896): App\Controllers\Api->postbillpayment()
 4 SYSTEMPATH/CodeIgniter.php(466): CodeIgniter\CodeIgniter->runController()
 5 SYSTEMPATH/CodeIgniter.php(349): CodeIgniter\CodeIgniter->handleRequest()
 6 FCPATH/index.php(57): CodeIgniter\CodeIgniter->run()
CRITICAL - 2024-08-02 12:41:01 --> Undefined variable $payArray
in APPPATH/Models/Engine.php on line 2230.
 1 APPPATH/Models/Engine.php(2230): CodeIgniter\Debug\Exceptions->errorHandler()
 2 APPPATH/Controllers/Api.php(147): App\Models\Engine->getBillToSynch()
 3 SYSTEMPATH/CodeIgniter.php(896): App\Controllers\Api->postbillpayment()
 4 SYSTEMPATH/CodeIgniter.php(466): CodeIgniter\CodeIgniter->runController()
 5 SYSTEMPATH/CodeIgniter.php(349): CodeIgniter\CodeIgniter->handleRequest()
 6 FCPATH/index.php(57): CodeIgniter\CodeIgniter->run()
CRITICAL - 2024-08-02 12:42:01 --> Undefined variable $payArray
in APPPATH/Models/Engine.php on line 2230.
 1 APPPATH/Models/Engine.php(2230): CodeIgniter\Debug\Exceptions->errorHandler()
 2 APPPATH/Controllers/Api.php(147): App\Models\Engine->getBillToSynch()
 3 SYSTEMPATH/CodeIgniter.php(896): App\Controllers\Api->postbillpayment()
 4 SYSTEMPATH/CodeIgniter.php(466): CodeIgniter\CodeIgniter->runController()
 5 SYSTEMPATH/CodeIgniter.php(349): CodeIgniter\CodeIgniter->handleRequest()
 6 FCPATH/index.php(57): CodeIgniter\CodeIgniter->run()
CRITICAL - 2024-08-02 12:43:01 --> Undefined variable $payArray
in APPPATH/Models/Engine.php on line 2230.
 1 APPPATH/Models/Engine.php(2230): CodeIgniter\Debug\Exceptions->errorHandler()
 2 APPPATH/Controllers/Api.php(147): App\Models\Engine->getBillToSynch()
 3 SYSTEMPATH/CodeIgniter.php(896): App\Controllers\Api->postbillpayment()
 4 SYSTEMPATH/CodeIgniter.php(466): CodeIgniter\CodeIgniter->runController()
 5 SYSTEMPATH/CodeIgniter.php(349): CodeIgniter\CodeIgniter->handleRequest()
 6 FCPATH/index.php(57): CodeIgniter\CodeIgniter->run()
CRITICAL - 2024-08-02 12:44:01 --> Undefined variable $payArray
in APPPATH/Models/Engine.php on line 2230.
 1 APPPATH/Models/Engine.php(2230): CodeIgniter\Debug\Exceptions->errorHandler()
 2 APPPATH/Controllers/Api.php(147): App\Models\Engine->getBillToSynch()
 3 SYSTEMPATH/CodeIgniter.php(896): App\Controllers\Api->postbillpayment()
 4 SYSTEMPATH/CodeIgniter.php(466): CodeIgniter\CodeIgniter->runController()
 5 SYSTEMPATH/CodeIgniter.php(349): CodeIgniter\CodeIgniter->handleRequest()
 6 FCPATH/index.php(57): CodeIgniter\CodeIgniter->run()
CRITICAL - 2024-08-02 12:45:01 --> Undefined variable $payArray
in APPPATH/Models/Engine.php on line 2230.
 1 APPPATH/Models/Engine.php(2230): CodeIgniter\Debug\Exceptions->errorHandler()
 2 APPPATH/Controllers/Api.php(147): App\Models\Engine->getBillToSynch()
 3 SYSTEMPATH/CodeIgniter.php(896): App\Controllers\Api->postbillpayment()
 4 SYSTEMPATH/CodeIgniter.php(466): CodeIgniter\CodeIgniter->runController()
 5 SYSTEMPATH/CodeIgniter.php(349): CodeIgniter\CodeIgniter->handleRequest()
 6 FCPATH/index.php(57): CodeIgniter\CodeIgniter->run()
CRITICAL - 2024-08-02 12:46:01 --> Undefined variable $payArray
in APPPATH/Models/Engine.php on line 2230.
 1 APPPATH/Models/Engine.php(2230): CodeIgniter\Debug\Exceptions->errorHandler()
 2 APPPATH/Controllers/Api.php(147): App\Models\Engine->getBillToSynch()
 3 SYSTEMPATH/CodeIgniter.php(896): App\Controllers\Api->postbillpayment()
 4 SYSTEMPATH/CodeIgniter.php(466): CodeIgniter\CodeIgniter->runController()
 5 SYSTEMPATH/CodeIgniter.php(349): CodeIgniter\CodeIgniter->handleRequest()
 6 FCPATH/index.php(57): CodeIgniter\CodeIgniter->run()
CRITICAL - 2024-08-02 12:47:01 --> Undefined variable $payArray
in APPPATH/Models/Engine.php on line 2230.
 1 APPPATH/Models/Engine.php(2230): CodeIgniter\Debug\Exceptions->errorHandler()
 2 APPPATH/Controllers/Api.php(147): App\Models\Engine->getBillToSynch()
 3 SYSTEMPATH/CodeIgniter.php(896): App\Controllers\Api->postbillpayment()
 4 SYSTEMPATH/CodeIgniter.php(466): CodeIgniter\CodeIgniter->runController()
 5 SYSTEMPATH/CodeIgniter.php(349): CodeIgniter\CodeIgniter->handleRequest()
 6 FCPATH/index.php(57): CodeIgniter\CodeIgniter->run()
CRITICAL - 2024-08-02 12:49:01 --> Undefined variable $payArray
in APPPATH/Models/Engine.php on line 2230.
 1 APPPATH/Models/Engine.php(2230): CodeIgniter\Debug\Exceptions->errorHandler()
 2 APPPATH/Controllers/Api.php(147): App\Models\Engine->getBillToSynch()
 3 SYSTEMPATH/CodeIgniter.php(896): App\Controllers\Api->postbillpayment()
 4 SYSTEMPATH/CodeIgniter.php(466): CodeIgniter\CodeIgniter->runController()
 5 SYSTEMPATH/CodeIgniter.php(349): CodeIgniter\CodeIgniter->handleRequest()
 6 FCPATH/index.php(57): CodeIgniter\CodeIgniter->run()
CRITICAL - 2024-08-02 12:50:01 --> Undefined variable $payArray
in APPPATH/Models/Engine.php on line 2230.
 1 APPPATH/Models/Engine.php(2230): CodeIgniter\Debug\Exceptions->errorHandler()
 2 APPPATH/Controllers/Api.php(147): App\Models\Engine->getBillToSynch()
 3 SYSTEMPATH/CodeIgniter.php(896): App\Controllers\Api->postbillpayment()
 4 SYSTEMPATH/CodeIgniter.php(466): CodeIgniter\CodeIgniter->runController()
 5 SYSTEMPATH/CodeIgniter.php(349): CodeIgniter\CodeIgniter->handleRequest()
 6 FCPATH/index.php(57): CodeIgniter\CodeIgniter->run()
CRITICAL - 2024-08-02 12:51:01 --> Undefined variable $payArray
in APPPATH/Models/Engine.php on line 2230.
 1 APPPATH/Models/Engine.php(2230): CodeIgniter\Debug\Exceptions->errorHandler()
 2 APPPATH/Controllers/Api.php(147): App\Models\Engine->getBillToSynch()
 3 SYSTEMPATH/CodeIgniter.php(896): App\Controllers\Api->postbillpayment()
 4 SYSTEMPATH/CodeIgniter.php(466): CodeIgniter\CodeIgniter->runController()
 5 SYSTEMPATH/CodeIgniter.php(349): CodeIgniter\CodeIgniter->handleRequest()
 6 FCPATH/index.php(57): CodeIgniter\CodeIgniter->run()
CRITICAL - 2024-08-02 12:52:01 --> Undefined variable $payArray
in APPPATH/Models/Engine.php on line 2230.
 1 APPPATH/Models/Engine.php(2230): CodeIgniter\Debug\Exceptions->errorHandler()
 2 APPPATH/Controllers/Api.php(147): App\Models\Engine->getBillToSynch()
 3 SYSTEMPATH/CodeIgniter.php(896): App\Controllers\Api->postbillpayment()
 4 SYSTEMPATH/CodeIgniter.php(466): CodeIgniter\CodeIgniter->runController()
 5 SYSTEMPATH/CodeIgniter.php(349): CodeIgniter\CodeIgniter->handleRequest()
 6 FCPATH/index.php(57): CodeIgniter\CodeIgniter->run()
CRITICAL - 2024-08-02 12:53:02 --> Undefined variable $payArray
in APPPATH/Models/Engine.php on line 2230.
 1 APPPATH/Models/Engine.php(2230): CodeIgniter\Debug\Exceptions->errorHandler()
 2 APPPATH/Controllers/Api.php(147): App\Models\Engine->getBillToSynch()
 3 SYSTEMPATH/CodeIgniter.php(896): App\Controllers\Api->postbillpayment()
 4 SYSTEMPATH/CodeIgniter.php(466): CodeIgniter\CodeIgniter->runController()
 5 SYSTEMPATH/CodeIgniter.php(349): CodeIgniter\CodeIgniter->handleRequest()
 6 FCPATH/index.php(57): CodeIgniter\CodeIgniter->run()
CRITICAL - 2024-08-02 12:54:01 --> Undefined variable $payArray
in APPPATH/Models/Engine.php on line 2230.
 1 APPPATH/Models/Engine.php(2230): CodeIgniter\Debug\Exceptions->errorHandler()
 2 APPPATH/Controllers/Api.php(147): App\Models\Engine->getBillToSynch()
 3 SYSTEMPATH/CodeIgniter.php(896): App\Controllers\Api->postbillpayment()
 4 SYSTEMPATH/CodeIgniter.php(466): CodeIgniter\CodeIgniter->runController()
 5 SYSTEMPATH/CodeIgniter.php(349): CodeIgniter\CodeIgniter->handleRequest()
 6 FCPATH/index.php(57): CodeIgniter\CodeIgniter->run()
CRITICAL - 2024-08-02 12:55:01 --> Undefined variable $payArray
in APPPATH/Models/Engine.php on line 2230.
 1 APPPATH/Models/Engine.php(2230): CodeIgniter\Debug\Exceptions->errorHandler()
 2 APPPATH/Controllers/Api.php(147): App\Models\Engine->getBillToSynch()
 3 SYSTEMPATH/CodeIgniter.php(896): App\Controllers\Api->postbillpayment()
 4 SYSTEMPATH/CodeIgniter.php(466): CodeIgniter\CodeIgniter->runController()
 5 SYSTEMPATH/CodeIgniter.php(349): CodeIgniter\CodeIgniter->handleRequest()
 6 FCPATH/index.php(57): CodeIgniter\CodeIgniter->run()
CRITICAL - 2024-08-02 12:56:01 --> Undefined variable $payArray
in APPPATH/Models/Engine.php on line 2230.
 1 APPPATH/Models/Engine.php(2230): CodeIgniter\Debug\Exceptions->errorHandler()
 2 APPPATH/Controllers/Api.php(147): App\Models\Engine->getBillToSynch()
 3 SYSTEMPATH/CodeIgniter.php(896): App\Controllers\Api->postbillpayment()
 4 SYSTEMPATH/CodeIgniter.php(466): CodeIgniter\CodeIgniter->runController()
 5 SYSTEMPATH/CodeIgniter.php(349): CodeIgniter\CodeIgniter->handleRequest()
 6 FCPATH/index.php(57): CodeIgniter\CodeIgniter->run()
CRITICAL - 2024-08-02 12:57:01 --> Undefined variable $payArray
in APPPATH/Models/Engine.php on line 2230.
 1 APPPATH/Models/Engine.php(2230): CodeIgniter\Debug\Exceptions->errorHandler()
 2 APPPATH/Controllers/Api.php(147): App\Models\Engine->getBillToSynch()
 3 SYSTEMPATH/CodeIgniter.php(896): App\Controllers\Api->postbillpayment()
 4 SYSTEMPATH/CodeIgniter.php(466): CodeIgniter\CodeIgniter->runController()
 5 SYSTEMPATH/CodeIgniter.php(349): CodeIgniter\CodeIgniter->handleRequest()
 6 FCPATH/index.php(57): CodeIgniter\CodeIgniter->run()
CRITICAL - 2024-08-02 12:58:01 --> Undefined variable $payArray
in APPPATH/Models/Engine.php on line 2230.
 1 APPPATH/Models/Engine.php(2230): CodeIgniter\Debug\Exceptions->errorHandler()
 2 APPPATH/Controllers/Api.php(147): App\Models\Engine->getBillToSynch()
 3 SYSTEMPATH/CodeIgniter.php(896): App\Controllers\Api->postbillpayment()
 4 SYSTEMPATH/CodeIgniter.php(466): CodeIgniter\CodeIgniter->runController()
 5 SYSTEMPATH/CodeIgniter.php(349): CodeIgniter\CodeIgniter->handleRequest()
 6 FCPATH/index.php(57): CodeIgniter\CodeIgniter->run()
CRITICAL - 2024-08-02 12:59:01 --> Undefined variable $payArray
in APPPATH/Models/Engine.php on line 2230.
 1 APPPATH/Models/Engine.php(2230): CodeIgniter\Debug\Exceptions->errorHandler()
 2 APPPATH/Controllers/Api.php(147): App\Models\Engine->getBillToSynch()
 3 SYSTEMPATH/CodeIgniter.php(896): App\Controllers\Api->postbillpayment()
 4 SYSTEMPATH/CodeIgniter.php(466): CodeIgniter\CodeIgniter->runController()
 5 SYSTEMPATH/CodeIgniter.php(349): CodeIgniter\CodeIgniter->handleRequest()
 6 FCPATH/index.php(57): CodeIgniter\CodeIgniter->run()
CRITICAL - 2024-08-02 13:00:01 --> Undefined variable $payArray
in APPPATH/Models/Engine.php on line 2230.
 1 APPPATH/Models/Engine.php(2230): CodeIgniter\Debug\Exceptions->errorHandler()
 2 APPPATH/Controllers/Api.php(147): App\Models\Engine->getBillToSynch()
 3 SYSTEMPATH/CodeIgniter.php(896): App\Controllers\Api->postbillpayment()
 4 SYSTEMPATH/CodeIgniter.php(466): CodeIgniter\CodeIgniter->runController()
 5 SYSTEMPATH/CodeIgniter.php(349): CodeIgniter\CodeIgniter->handleRequest()
 6 FCPATH/index.php(57): CodeIgniter\CodeIgniter->run()
CRITICAL - 2024-08-02 13:01:01 --> Undefined variable $payArray
in APPPATH/Models/Engine.php on line 2230.
 1 APPPATH/Models/Engine.php(2230): CodeIgniter\Debug\Exceptions->errorHandler()
 2 APPPATH/Controllers/Api.php(147): App\Models\Engine->getBillToSynch()
 3 SYSTEMPATH/CodeIgniter.php(896): App\Controllers\Api->postbillpayment()
 4 SYSTEMPATH/CodeIgniter.php(466): CodeIgniter\CodeIgniter->runController()
 5 SYSTEMPATH/CodeIgniter.php(349): CodeIgniter\CodeIgniter->handleRequest()
 6 FCPATH/index.php(57): CodeIgniter\CodeIgniter->run()
CRITICAL - 2024-08-02 13:02:01 --> Undefined variable $payArray
in APPPATH/Models/Engine.php on line 2230.
 1 APPPATH/Models/Engine.php(2230): CodeIgniter\Debug\Exceptions->errorHandler()
 2 APPPATH/Controllers/Api.php(147): App\Models\Engine->getBillToSynch()
 3 SYSTEMPATH/CodeIgniter.php(896): App\Controllers\Api->postbillpayment()
 4 SYSTEMPATH/CodeIgniter.php(466): CodeIgniter\CodeIgniter->runController()
 5 SYSTEMPATH/CodeIgniter.php(349): CodeIgniter\CodeIgniter->handleRequest()
 6 FCPATH/index.php(57): CodeIgniter\CodeIgniter->run()
CRITICAL - 2024-08-02 13:03:01 --> Undefined variable $payArray
in APPPATH/Models/Engine.php on line 2230.
 1 APPPATH/Models/Engine.php(2230): CodeIgniter\Debug\Exceptions->errorHandler()
 2 APPPATH/Controllers/Api.php(147): App\Models\Engine->getBillToSynch()
 3 SYSTEMPATH/CodeIgniter.php(896): App\Controllers\Api->postbillpayment()
 4 SYSTEMPATH/CodeIgniter.php(466): CodeIgniter\CodeIgniter->runController()
 5 SYSTEMPATH/CodeIgniter.php(349): CodeIgniter\CodeIgniter->handleRequest()
 6 FCPATH/index.php(57): CodeIgniter\CodeIgniter->run()
CRITICAL - 2024-08-02 13:04:01 --> Undefined variable $payArray
in APPPATH/Models/Engine.php on line 2230.
 1 APPPATH/Models/Engine.php(2230): CodeIgniter\Debug\Exceptions->errorHandler()
 2 APPPATH/Controllers/Api.php(147): App\Models\Engine->getBillToSynch()
 3 SYSTEMPATH/CodeIgniter.php(896): App\Controllers\Api->postbillpayment()
 4 SYSTEMPATH/CodeIgniter.php(466): CodeIgniter\CodeIgniter->runController()
 5 SYSTEMPATH/CodeIgniter.php(349): CodeIgniter\CodeIgniter->handleRequest()
 6 FCPATH/index.php(57): CodeIgniter\CodeIgniter->run()
CRITICAL - 2024-08-02 13:05:01 --> Undefined variable $payArray
in APPPATH/Models/Engine.php on line 2230.
 1 APPPATH/Models/Engine.php(2230): CodeIgniter\Debug\Exceptions->errorHandler()
 2 APPPATH/Controllers/Api.php(147): App\Models\Engine->getBillToSynch()
 3 SYSTEMPATH/CodeIgniter.php(896): App\Controllers\Api->postbillpayment()
 4 SYSTEMPATH/CodeIgniter.php(466): CodeIgniter\CodeIgniter->runController()
 5 SYSTEMPATH/CodeIgniter.php(349): CodeIgniter\CodeIgniter->handleRequest()
 6 FCPATH/index.php(57): CodeIgniter\CodeIgniter->run()
CRITICAL - 2024-08-02 13:06:01 --> Undefined variable $payArray
in APPPATH/Models/Engine.php on line 2230.
 1 APPPATH/Models/Engine.php(2230): CodeIgniter\Debug\Exceptions->errorHandler()
 2 APPPATH/Controllers/Api.php(147): App\Models\Engine->getBillToSynch()
 3 SYSTEMPATH/CodeIgniter.php(896): App\Controllers\Api->postbillpayment()
 4 SYSTEMPATH/CodeIgniter.php(466): CodeIgniter\CodeIgniter->runController()
 5 SYSTEMPATH/CodeIgniter.php(349): CodeIgniter\CodeIgniter->handleRequest()
 6 FCPATH/index.php(57): CodeIgniter\CodeIgniter->run()
CRITICAL - 2024-08-02 13:07:01 --> Undefined variable $payArray
in APPPATH/Models/Engine.php on line 2230.
 1 APPPATH/Models/Engine.php(2230): CodeIgniter\Debug\Exceptions->errorHandler()
 2 APPPATH/Controllers/Api.php(147): App\Models\Engine->getBillToSynch()
 3 SYSTEMPATH/CodeIgniter.php(896): App\Controllers\Api->postbillpayment()
 4 SYSTEMPATH/CodeIgniter.php(466): CodeIgniter\CodeIgniter->runController()
 5 SYSTEMPATH/CodeIgniter.php(349): CodeIgniter\CodeIgniter->handleRequest()
 6 FCPATH/index.php(57): CodeIgniter\CodeIgniter->run()
CRITICAL - 2024-08-02 13:08:03 --> Undefined variable $payArray
in APPPATH/Models/Engine.php on line 2230.
 1 APPPATH/Models/Engine.php(2230): CodeIgniter\Debug\Exceptions->errorHandler()
 2 APPPATH/Controllers/Api.php(147): App\Models\Engine->getBillToSynch()
 3 SYSTEMPATH/CodeIgniter.php(896): App\Controllers\Api->postbillpayment()
 4 SYSTEMPATH/CodeIgniter.php(466): CodeIgniter\CodeIgniter->runController()
 5 SYSTEMPATH/CodeIgniter.php(349): CodeIgniter\CodeIgniter->handleRequest()
 6 FCPATH/index.php(57): CodeIgniter\CodeIgniter->run()
CRITICAL - 2024-08-02 13:09:01 --> Undefined variable $payArray
in APPPATH/Models/Engine.php on line 2230.
 1 APPPATH/Models/Engine.php(2230): CodeIgniter\Debug\Exceptions->errorHandler()
 2 APPPATH/Controllers/Api.php(147): App\Models\Engine->getBillToSynch()
 3 SYSTEMPATH/CodeIgniter.php(896): App\Controllers\Api->postbillpayment()
 4 SYSTEMPATH/CodeIgniter.php(466): CodeIgniter\CodeIgniter->runController()
 5 SYSTEMPATH/CodeIgniter.php(349): CodeIgniter\CodeIgniter->handleRequest()
 6 FCPATH/index.php(57): CodeIgniter\CodeIgniter->run()
CRITICAL - 2024-08-02 13:10:01 --> Undefined variable $payArray
in APPPATH/Models/Engine.php on line 2230.
 1 APPPATH/Models/Engine.php(2230): CodeIgniter\Debug\Exceptions->errorHandler()
 2 APPPATH/Controllers/Api.php(147): App\Models\Engine->getBillToSynch()
 3 SYSTEMPATH/CodeIgniter.php(896): App\Controllers\Api->postbillpayment()
 4 SYSTEMPATH/CodeIgniter.php(466): CodeIgniter\CodeIgniter->runController()
 5 SYSTEMPATH/CodeIgniter.php(349): CodeIgniter\CodeIgniter->handleRequest()
 6 FCPATH/index.php(57): CodeIgniter\CodeIgniter->run()
CRITICAL - 2024-08-02 13:11:01 --> Undefined variable $payArray
in APPPATH/Models/Engine.php on line 2230.
 1 APPPATH/Models/Engine.php(2230): CodeIgniter\Debug\Exceptions->errorHandler()
 2 APPPATH/Controllers/Api.php(147): App\Models\Engine->getBillToSynch()
 3 SYSTEMPATH/CodeIgniter.php(896): App\Controllers\Api->postbillpayment()
 4 SYSTEMPATH/CodeIgniter.php(466): CodeIgniter\CodeIgniter->runController()
 5 SYSTEMPATH/CodeIgniter.php(349): CodeIgniter\CodeIgniter->handleRequest()
 6 FCPATH/index.php(57): CodeIgniter\CodeIgniter->run()
CRITICAL - 2024-08-02 13:12:01 --> Undefined variable $payArray
in APPPATH/Models/Engine.php on line 2230.
 1 APPPATH/Models/Engine.php(2230): CodeIgniter\Debug\Exceptions->errorHandler()
 2 APPPATH/Controllers/Api.php(147): App\Models\Engine->getBillToSynch()
 3 SYSTEMPATH/CodeIgniter.php(896): App\Controllers\Api->postbillpayment()
 4 SYSTEMPATH/CodeIgniter.php(466): CodeIgniter\CodeIgniter->runController()
 5 SYSTEMPATH/CodeIgniter.php(349): CodeIgniter\CodeIgniter->handleRequest()
 6 FCPATH/index.php(57): CodeIgniter\CodeIgniter->run()
CRITICAL - 2024-08-02 13:13:01 --> Undefined variable $payArray
in APPPATH/Models/Engine.php on line 2230.
 1 APPPATH/Models/Engine.php(2230): CodeIgniter\Debug\Exceptions->errorHandler()
 2 APPPATH/Controllers/Api.php(147): App\Models\Engine->getBillToSynch()
 3 SYSTEMPATH/CodeIgniter.php(896): App\Controllers\Api->postbillpayment()
 4 SYSTEMPATH/CodeIgniter.php(466): CodeIgniter\CodeIgniter->runController()
 5 SYSTEMPATH/CodeIgniter.php(349): CodeIgniter\CodeIgniter->handleRequest()
 6 FCPATH/index.php(57): CodeIgniter\CodeIgniter->run()
CRITICAL - 2024-08-02 13:14:01 --> Undefined variable $payArray
in APPPATH/Models/Engine.php on line 2230.
 1 APPPATH/Models/Engine.php(2230): CodeIgniter\Debug\Exceptions->errorHandler()
 2 APPPATH/Controllers/Api.php(147): App\Models\Engine->getBillToSynch()
 3 SYSTEMPATH/CodeIgniter.php(896): App\Controllers\Api->postbillpayment()
 4 SYSTEMPATH/CodeIgniter.php(466): CodeIgniter\CodeIgniter->runController()
 5 SYSTEMPATH/CodeIgniter.php(349): CodeIgniter\CodeIgniter->handleRequest()
 6 FCPATH/index.php(57): CodeIgniter\CodeIgniter->run()
CRITICAL - 2024-08-02 13:15:01 --> Undefined variable $payArray
in APPPATH/Models/Engine.php on line 2230.
 1 APPPATH/Models/Engine.php(2230): CodeIgniter\Debug\Exceptions->errorHandler()
 2 APPPATH/Controllers/Api.php(147): App\Models\Engine->getBillToSynch()
 3 SYSTEMPATH/CodeIgniter.php(896): App\Controllers\Api->postbillpayment()
 4 SYSTEMPATH/CodeIgniter.php(466): CodeIgniter\CodeIgniter->runController()
 5 SYSTEMPATH/CodeIgniter.php(349): CodeIgniter\CodeIgniter->handleRequest()
 6 FCPATH/index.php(57): CodeIgniter\CodeIgniter->run()
CRITICAL - 2024-08-02 13:16:01 --> Undefined variable $payArray
in APPPATH/Models/Engine.php on line 2230.
 1 APPPATH/Models/Engine.php(2230): CodeIgniter\Debug\Exceptions->errorHandler()
 2 APPPATH/Controllers/Api.php(147): App\Models\Engine->getBillToSynch()
 3 SYSTEMPATH/CodeIgniter.php(896): App\Controllers\Api->postbillpayment()
 4 SYSTEMPATH/CodeIgniter.php(466): CodeIgniter\CodeIgniter->runController()
 5 SYSTEMPATH/CodeIgniter.php(349): CodeIgniter\CodeIgniter->handleRequest()
 6 FCPATH/index.php(57): CodeIgniter\CodeIgniter->run()
CRITICAL - 2024-08-02 13:17:02 --> Undefined variable $payArray
in APPPATH/Models/Engine.php on line 2230.
 1 APPPATH/Models/Engine.php(2230): CodeIgniter\Debug\Exceptions->errorHandler()
 2 APPPATH/Controllers/Api.php(147): App\Models\Engine->getBillToSynch()
 3 SYSTEMPATH/CodeIgniter.php(896): App\Controllers\Api->postbillpayment()
 4 SYSTEMPATH/CodeIgniter.php(466): CodeIgniter\CodeIgniter->runController()
 5 SYSTEMPATH/CodeIgniter.php(349): CodeIgniter\CodeIgniter->handleRequest()
 6 FCPATH/index.php(57): CodeIgniter\CodeIgniter->run()
CRITICAL - 2024-08-02 13:18:01 --> Undefined variable $payArray
in APPPATH/Models/Engine.php on line 2230.
 1 APPPATH/Models/Engine.php(2230): CodeIgniter\Debug\Exceptions->errorHandler()
 2 APPPATH/Controllers/Api.php(147): App\Models\Engine->getBillToSynch()
 3 SYSTEMPATH/CodeIgniter.php(896): App\Controllers\Api->postbillpayment()
 4 SYSTEMPATH/CodeIgniter.php(466): CodeIgniter\CodeIgniter->runController()
 5 SYSTEMPATH/CodeIgniter.php(349): CodeIgniter\CodeIgniter->handleRequest()
 6 FCPATH/index.php(57): CodeIgniter\CodeIgniter->run()
CRITICAL - 2024-08-02 13:19:01 --> Undefined variable $payArray
in APPPATH/Models/Engine.php on line 2230.
 1 APPPATH/Models/Engine.php(2230): CodeIgniter\Debug\Exceptions->errorHandler()
 2 APPPATH/Controllers/Api.php(147): App\Models\Engine->getBillToSynch()
 3 SYSTEMPATH/CodeIgniter.php(896): App\Controllers\Api->postbillpayment()
 4 SYSTEMPATH/CodeIgniter.php(466): CodeIgniter\CodeIgniter->runController()
 5 SYSTEMPATH/CodeIgniter.php(349): CodeIgniter\CodeIgniter->handleRequest()
 6 FCPATH/index.php(57): CodeIgniter\CodeIgniter->run()
CRITICAL - 2024-08-02 13:20:01 --> Undefined variable $payArray
in APPPATH/Models/Engine.php on line 2230.
 1 APPPATH/Models/Engine.php(2230): CodeIgniter\Debug\Exceptions->errorHandler()
 2 APPPATH/Controllers/Api.php(147): App\Models\Engine->getBillToSynch()
 3 SYSTEMPATH/CodeIgniter.php(896): App\Controllers\Api->postbillpayment()
 4 SYSTEMPATH/CodeIgniter.php(466): CodeIgniter\CodeIgniter->runController()
 5 SYSTEMPATH/CodeIgniter.php(349): CodeIgniter\CodeIgniter->handleRequest()
 6 FCPATH/index.php(57): CodeIgniter\CodeIgniter->run()
CRITICAL - 2024-08-02 13:21:00 --> Undefined variable $payArray
in APPPATH/Models/Engine.php on line 2230.
 1 APPPATH/Models/Engine.php(2230): CodeIgniter\Debug\Exceptions->errorHandler()
 2 APPPATH/Controllers/Api.php(147): App\Models\Engine->getBillToSynch()
 3 SYSTEMPATH/CodeIgniter.php(896): App\Controllers\Api->postbillpayment()
 4 SYSTEMPATH/CodeIgniter.php(466): CodeIgniter\CodeIgniter->runController()
 5 SYSTEMPATH/CodeIgniter.php(349): CodeIgniter\CodeIgniter->handleRequest()
 6 FCPATH/index.php(57): CodeIgniter\CodeIgniter->run()
CRITICAL - 2024-08-02 13:22:01 --> Undefined variable $payArray
in APPPATH/Models/Engine.php on line 2230.
 1 APPPATH/Models/Engine.php(2230): CodeIgniter\Debug\Exceptions->errorHandler()
 2 APPPATH/Controllers/Api.php(147): App\Models\Engine->getBillToSynch()
 3 SYSTEMPATH/CodeIgniter.php(896): App\Controllers\Api->postbillpayment()
 4 SYSTEMPATH/CodeIgniter.php(466): CodeIgniter\CodeIgniter->runController()
 5 SYSTEMPATH/CodeIgniter.php(349): CodeIgniter\CodeIgniter->handleRequest()
 6 FCPATH/index.php(57): CodeIgniter\CodeIgniter->run()
CRITICAL - 2024-08-02 13:23:01 --> Undefined variable $payArray
in APPPATH/Models/Engine.php on line 2230.
 1 APPPATH/Models/Engine.php(2230): CodeIgniter\Debug\Exceptions->errorHandler()
 2 APPPATH/Controllers/Api.php(147): App\Models\Engine->getBillToSynch()
 3 SYSTEMPATH/CodeIgniter.php(896): App\Controllers\Api->postbillpayment()
 4 SYSTEMPATH/CodeIgniter.php(466): CodeIgniter\CodeIgniter->runController()
 5 SYSTEMPATH/CodeIgniter.php(349): CodeIgniter\CodeIgniter->handleRequest()
 6 FCPATH/index.php(57): CodeIgniter\CodeIgniter->run()
CRITICAL - 2024-08-02 13:24:01 --> Undefined variable $payArray
in APPPATH/Models/Engine.php on line 2230.
 1 APPPATH/Models/Engine.php(2230): CodeIgniter\Debug\Exceptions->errorHandler()
 2 APPPATH/Controllers/Api.php(147): App\Models\Engine->getBillToSynch()
 3 SYSTEMPATH/CodeIgniter.php(896): App\Controllers\Api->postbillpayment()
 4 SYSTEMPATH/CodeIgniter.php(466): CodeIgniter\CodeIgniter->runController()
 5 SYSTEMPATH/CodeIgniter.php(349): CodeIgniter\CodeIgniter->handleRequest()
 6 FCPATH/index.php(57): CodeIgniter\CodeIgniter->run()
CRITICAL - 2024-08-02 13:25:01 --> Undefined variable $payArray
in APPPATH/Models/Engine.php on line 2230.
 1 APPPATH/Models/Engine.php(2230): CodeIgniter\Debug\Exceptions->errorHandler()
 2 APPPATH/Controllers/Api.php(147): App\Models\Engine->getBillToSynch()
 3 SYSTEMPATH/CodeIgniter.php(896): App\Controllers\Api->postbillpayment()
 4 SYSTEMPATH/CodeIgniter.php(466): CodeIgniter\CodeIgniter->runController()
 5 SYSTEMPATH/CodeIgniter.php(349): CodeIgniter\CodeIgniter->handleRequest()
 6 FCPATH/index.php(57): CodeIgniter\CodeIgniter->run()
CRITICAL - 2024-08-02 13:26:01 --> Undefined variable $payArray
in APPPATH/Models/Engine.php on line 2230.
 1 APPPATH/Models/Engine.php(2230): CodeIgniter\Debug\Exceptions->errorHandler()
 2 APPPATH/Controllers/Api.php(147): App\Models\Engine->getBillToSynch()
 3 SYSTEMPATH/CodeIgniter.php(896): App\Controllers\Api->postbillpayment()
 4 SYSTEMPATH/CodeIgniter.php(466): CodeIgniter\CodeIgniter->runController()
 5 SYSTEMPATH/CodeIgniter.php(349): CodeIgniter\CodeIgniter->handleRequest()
 6 FCPATH/index.php(57): CodeIgniter\CodeIgniter->run()
CRITICAL - 2024-08-02 13:27:01 --> Undefined variable $payArray
in APPPATH/Models/Engine.php on line 2230.
 1 APPPATH/Models/Engine.php(2230): CodeIgniter\Debug\Exceptions->errorHandler()
 2 APPPATH/Controllers/Api.php(147): App\Models\Engine->getBillToSynch()
 3 SYSTEMPATH/CodeIgniter.php(896): App\Controllers\Api->postbillpayment()
 4 SYSTEMPATH/CodeIgniter.php(466): CodeIgniter\CodeIgniter->runController()
 5 SYSTEMPATH/CodeIgniter.php(349): CodeIgniter\CodeIgniter->handleRequest()
 6 FCPATH/index.php(57): CodeIgniter\CodeIgniter->run()
CRITICAL - 2024-08-02 13:28:01 --> Undefined variable $payArray
in APPPATH/Models/Engine.php on line 2230.
 1 APPPATH/Models/Engine.php(2230): CodeIgniter\Debug\Exceptions->errorHandler()
 2 APPPATH/Controllers/Api.php(147): App\Models\Engine->getBillToSynch()
 3 SYSTEMPATH/CodeIgniter.php(896): App\Controllers\Api->postbillpayment()
 4 SYSTEMPATH/CodeIgniter.php(466): CodeIgniter\CodeIgniter->runController()
 5 SYSTEMPATH/CodeIgniter.php(349): CodeIgniter\CodeIgniter->handleRequest()
 6 FCPATH/index.php(57): CodeIgniter\CodeIgniter->run()
CRITICAL - 2024-08-02 13:29:01 --> Undefined variable $payArray
in APPPATH/Models/Engine.php on line 2230.
 1 APPPATH/Models/Engine.php(2230): CodeIgniter\Debug\Exceptions->errorHandler()
 2 APPPATH/Controllers/Api.php(147): App\Models\Engine->getBillToSynch()
 3 SYSTEMPATH/CodeIgniter.php(896): App\Controllers\Api->postbillpayment()
 4 SYSTEMPATH/CodeIgniter.php(466): CodeIgniter\CodeIgniter->runController()
 5 SYSTEMPATH/CodeIgniter.php(349): CodeIgniter\CodeIgniter->handleRequest()
 6 FCPATH/index.php(57): CodeIgniter\CodeIgniter->run()
CRITICAL - 2024-08-02 13:30:01 --> Undefined variable $payArray
in APPPATH/Models/Engine.php on line 2230.
 1 APPPATH/Models/Engine.php(2230): CodeIgniter\Debug\Exceptions->errorHandler()
 2 APPPATH/Controllers/Api.php(147): App\Models\Engine->getBillToSynch()
 3 SYSTEMPATH/CodeIgniter.php(896): App\Controllers\Api->postbillpayment()
 4 SYSTEMPATH/CodeIgniter.php(466): CodeIgniter\CodeIgniter->runController()
 5 SYSTEMPATH/CodeIgniter.php(349): CodeIgniter\CodeIgniter->handleRequest()
 6 FCPATH/index.php(57): CodeIgniter\CodeIgniter->run()
CRITICAL - 2024-08-02 13:31:01 --> Undefined variable $payArray
in APPPATH/Models/Engine.php on line 2230.
 1 APPPATH/Models/Engine.php(2230): CodeIgniter\Debug\Exceptions->errorHandler()
 2 APPPATH/Controllers/Api.php(147): App\Models\Engine->getBillToSynch()
 3 SYSTEMPATH/CodeIgniter.php(896): App\Controllers\Api->postbillpayment()
 4 SYSTEMPATH/CodeIgniter.php(466): CodeIgniter\CodeIgniter->runController()
 5 SYSTEMPATH/CodeIgniter.php(349): CodeIgniter\CodeIgniter->handleRequest()
 6 FCPATH/index.php(57): CodeIgniter\CodeIgniter->run()
CRITICAL - 2024-08-02 13:32:01 --> Undefined variable $payArray
in APPPATH/Models/Engine.php on line 2230.
 1 APPPATH/Models/Engine.php(2230): CodeIgniter\Debug\Exceptions->errorHandler()
 2 APPPATH/Controllers/Api.php(147): App\Models\Engine->getBillToSynch()
 3 SYSTEMPATH/CodeIgniter.php(896): App\Controllers\Api->postbillpayment()
 4 SYSTEMPATH/CodeIgniter.php(466): CodeIgniter\CodeIgniter->runController()
 5 SYSTEMPATH/CodeIgniter.php(349): CodeIgniter\CodeIgniter->handleRequest()
 6 FCPATH/index.php(57): CodeIgniter\CodeIgniter->run()
CRITICAL - 2024-08-02 13:33:01 --> Undefined variable $payArray
in APPPATH/Models/Engine.php on line 2230.
 1 APPPATH/Models/Engine.php(2230): CodeIgniter\Debug\Exceptions->errorHandler()
 2 APPPATH/Controllers/Api.php(147): App\Models\Engine->getBillToSynch()
 3 SYSTEMPATH/CodeIgniter.php(896): App\Controllers\Api->postbillpayment()
 4 SYSTEMPATH/CodeIgniter.php(466): CodeIgniter\CodeIgniter->runController()
 5 SYSTEMPATH/CodeIgniter.php(349): CodeIgniter\CodeIgniter->handleRequest()
 6 FCPATH/index.php(57): CodeIgniter\CodeIgniter->run()
CRITICAL - 2024-08-02 13:34:01 --> Undefined variable $payArray
in APPPATH/Models/Engine.php on line 2230.
 1 APPPATH/Models/Engine.php(2230): CodeIgniter\Debug\Exceptions->errorHandler()
 2 APPPATH/Controllers/Api.php(147): App\Models\Engine->getBillToSynch()
 3 SYSTEMPATH/CodeIgniter.php(896): App\Controllers\Api->postbillpayment()
 4 SYSTEMPATH/CodeIgniter.php(466): CodeIgniter\CodeIgniter->runController()
 5 SYSTEMPATH/CodeIgniter.php(349): CodeIgniter\CodeIgniter->handleRequest()
 6 FCPATH/index.php(57): CodeIgniter\CodeIgniter->run()
CRITICAL - 2024-08-02 13:35:01 --> Undefined variable $payArray
in APPPATH/Models/Engine.php on line 2230.
 1 APPPATH/Models/Engine.php(2230): CodeIgniter\Debug\Exceptions->errorHandler()
 2 APPPATH/Controllers/Api.php(147): App\Models\Engine->getBillToSynch()
 3 SYSTEMPATH/CodeIgniter.php(896): App\Controllers\Api->postbillpayment()
 4 SYSTEMPATH/CodeIgniter.php(466): CodeIgniter\CodeIgniter->runController()
 5 SYSTEMPATH/CodeIgniter.php(349): CodeIgniter\CodeIgniter->handleRequest()
 6 FCPATH/index.php(57): CodeIgniter\CodeIgniter->run()
CRITICAL - 2024-08-02 13:36:01 --> Undefined variable $payArray
in APPPATH/Models/Engine.php on line 2230.
 1 APPPATH/Models/Engine.php(2230): CodeIgniter\Debug\Exceptions->errorHandler()
 2 APPPATH/Controllers/Api.php(147): App\Models\Engine->getBillToSynch()
 3 SYSTEMPATH/CodeIgniter.php(896): App\Controllers\Api->postbillpayment()
 4 SYSTEMPATH/CodeIgniter.php(466): CodeIgniter\CodeIgniter->runController()
 5 SYSTEMPATH/CodeIgniter.php(349): CodeIgniter\CodeIgniter->handleRequest()
 6 FCPATH/index.php(57): CodeIgniter\CodeIgniter->run()
CRITICAL - 2024-08-02 13:37:01 --> Undefined variable $payArray
in APPPATH/Models/Engine.php on line 2230.
 1 APPPATH/Models/Engine.php(2230): CodeIgniter\Debug\Exceptions->errorHandler()
 2 APPPATH/Controllers/Api.php(147): App\Models\Engine->getBillToSynch()
 3 SYSTEMPATH/CodeIgniter.php(896): App\Controllers\Api->postbillpayment()
 4 SYSTEMPATH/CodeIgniter.php(466): CodeIgniter\CodeIgniter->runController()
 5 SYSTEMPATH/CodeIgniter.php(349): CodeIgniter\CodeIgniter->handleRequest()
 6 FCPATH/index.php(57): CodeIgniter\CodeIgniter->run()
CRITICAL - 2024-08-02 13:38:00 --> Undefined variable $payArray
in APPPATH/Models/Engine.php on line 2230.
 1 APPPATH/Models/Engine.php(2230): CodeIgniter\Debug\Exceptions->errorHandler()
 2 APPPATH/Controllers/Api.php(147): App\Models\Engine->getBillToSynch()
 3 SYSTEMPATH/CodeIgniter.php(896): App\Controllers\Api->postbillpayment()
 4 SYSTEMPATH/CodeIgniter.php(466): CodeIgniter\CodeIgniter->runController()
 5 SYSTEMPATH/CodeIgniter.php(349): CodeIgniter\CodeIgniter->handleRequest()
 6 FCPATH/index.php(57): CodeIgniter\CodeIgniter->run()
CRITICAL - 2024-08-02 13:39:01 --> Undefined variable $payArray
in APPPATH/Models/Engine.php on line 2230.
 1 APPPATH/Models/Engine.php(2230): CodeIgniter\Debug\Exceptions->errorHandler()
 2 APPPATH/Controllers/Api.php(147): App\Models\Engine->getBillToSynch()
 3 SYSTEMPATH/CodeIgniter.php(896): App\Controllers\Api->postbillpayment()
 4 SYSTEMPATH/CodeIgniter.php(466): CodeIgniter\CodeIgniter->runController()
 5 SYSTEMPATH/CodeIgniter.php(349): CodeIgniter\CodeIgniter->handleRequest()
 6 FCPATH/index.php(57): CodeIgniter\CodeIgniter->run()
CRITICAL - 2024-08-02 13:40:01 --> Undefined variable $payArray
in APPPATH/Models/Engine.php on line 2230.
 1 APPPATH/Models/Engine.php(2230): CodeIgniter\Debug\Exceptions->errorHandler()
 2 APPPATH/Controllers/Api.php(147): App\Models\Engine->getBillToSynch()
 3 SYSTEMPATH/CodeIgniter.php(896): App\Controllers\Api->postbillpayment()
 4 SYSTEMPATH/CodeIgniter.php(466): CodeIgniter\CodeIgniter->runController()
 5 SYSTEMPATH/CodeIgniter.php(349): CodeIgniter\CodeIgniter->handleRequest()
 6 FCPATH/index.php(57): CodeIgniter\CodeIgniter->run()
CRITICAL - 2024-08-02 13:41:01 --> Undefined variable $payArray
in APPPATH/Models/Engine.php on line 2230.
 1 APPPATH/Models/Engine.php(2230): CodeIgniter\Debug\Exceptions->errorHandler()
 2 APPPATH/Controllers/Api.php(147): App\Models\Engine->getBillToSynch()
 3 SYSTEMPATH/CodeIgniter.php(896): App\Controllers\Api->postbillpayment()
 4 SYSTEMPATH/CodeIgniter.php(466): CodeIgniter\CodeIgniter->runController()
 5 SYSTEMPATH/CodeIgniter.php(349): CodeIgniter\CodeIgniter->handleRequest()
 6 FCPATH/index.php(57): CodeIgniter\CodeIgniter->run()
CRITICAL - 2024-08-02 13:42:01 --> Undefined variable $payArray
in APPPATH/Models/Engine.php on line 2230.
 1 APPPATH/Models/Engine.php(2230): CodeIgniter\Debug\Exceptions->errorHandler()
 2 APPPATH/Controllers/Api.php(147): App\Models\Engine->getBillToSynch()
 3 SYSTEMPATH/CodeIgniter.php(896): App\Controllers\Api->postbillpayment()
 4 SYSTEMPATH/CodeIgniter.php(466): CodeIgniter\CodeIgniter->runController()
 5 SYSTEMPATH/CodeIgniter.php(349): CodeIgniter\CodeIgniter->handleRequest()
 6 FCPATH/index.php(57): CodeIgniter\CodeIgniter->run()
CRITICAL - 2024-08-02 13:43:01 --> Undefined variable $payArray
in APPPATH/Models/Engine.php on line 2230.
 1 APPPATH/Models/Engine.php(2230): CodeIgniter\Debug\Exceptions->errorHandler()
 2 APPPATH/Controllers/Api.php(147): App\Models\Engine->getBillToSynch()
 3 SYSTEMPATH/CodeIgniter.php(896): App\Controllers\Api->postbillpayment()
 4 SYSTEMPATH/CodeIgniter.php(466): CodeIgniter\CodeIgniter->runController()
 5 SYSTEMPATH/CodeIgniter.php(349): CodeIgniter\CodeIgniter->handleRequest()
 6 FCPATH/index.php(57): CodeIgniter\CodeIgniter->run()
CRITICAL - 2024-08-02 13:44:01 --> Undefined variable $payArray
in APPPATH/Models/Engine.php on line 2230.
 1 APPPATH/Models/Engine.php(2230): CodeIgniter\Debug\Exceptions->errorHandler()
 2 APPPATH/Controllers/Api.php(147): App\Models\Engine->getBillToSynch()
 3 SYSTEMPATH/CodeIgniter.php(896): App\Controllers\Api->postbillpayment()
 4 SYSTEMPATH/CodeIgniter.php(466): CodeIgniter\CodeIgniter->runController()
 5 SYSTEMPATH/CodeIgniter.php(349): CodeIgniter\CodeIgniter->handleRequest()
 6 FCPATH/index.php(57): CodeIgniter\CodeIgniter->run()
CRITICAL - 2024-08-02 13:45:01 --> Undefined variable $payArray
in APPPATH/Models/Engine.php on line 2230.
 1 APPPATH/Models/Engine.php(2230): CodeIgniter\Debug\Exceptions->errorHandler()
 2 APPPATH/Controllers/Api.php(147): App\Models\Engine->getBillToSynch()
 3 SYSTEMPATH/CodeIgniter.php(896): App\Controllers\Api->postbillpayment()
 4 SYSTEMPATH/CodeIgniter.php(466): CodeIgniter\CodeIgniter->runController()
 5 SYSTEMPATH/CodeIgniter.php(349): CodeIgniter\CodeIgniter->handleRequest()
 6 FCPATH/index.php(57): CodeIgniter\CodeIgniter->run()
CRITICAL - 2024-08-02 13:46:01 --> Undefined variable $payArray
in APPPATH/Models/Engine.php on line 2230.
 1 APPPATH/Models/Engine.php(2230): CodeIgniter\Debug\Exceptions->errorHandler()
 2 APPPATH/Controllers/Api.php(147): App\Models\Engine->getBillToSynch()
 3 SYSTEMPATH/CodeIgniter.php(896): App\Controllers\Api->postbillpayment()
 4 SYSTEMPATH/CodeIgniter.php(466): CodeIgniter\CodeIgniter->runController()
 5 SYSTEMPATH/CodeIgniter.php(349): CodeIgniter\CodeIgniter->handleRequest()
 6 FCPATH/index.php(57): CodeIgniter\CodeIgniter->run()
CRITICAL - 2024-08-02 13:47:01 --> Undefined variable $payArray
in APPPATH/Models/Engine.php on line 2230.
 1 APPPATH/Models/Engine.php(2230): CodeIgniter\Debug\Exceptions->errorHandler()
 2 APPPATH/Controllers/Api.php(147): App\Models\Engine->getBillToSynch()
 3 SYSTEMPATH/CodeIgniter.php(896): App\Controllers\Api->postbillpayment()
 4 SYSTEMPATH/CodeIgniter.php(466): CodeIgniter\CodeIgniter->runController()
 5 SYSTEMPATH/CodeIgniter.php(349): CodeIgniter\CodeIgniter->handleRequest()
 6 FCPATH/index.php(57): CodeIgniter\CodeIgniter->run()
CRITICAL - 2024-08-02 13:48:01 --> Undefined variable $payArray
in APPPATH/Models/Engine.php on line 2230.
 1 APPPATH/Models/Engine.php(2230): CodeIgniter\Debug\Exceptions->errorHandler()
 2 APPPATH/Controllers/Api.php(147): App\Models\Engine->getBillToSynch()
 3 SYSTEMPATH/CodeIgniter.php(896): App\Controllers\Api->postbillpayment()
 4 SYSTEMPATH/CodeIgniter.php(466): CodeIgniter\CodeIgniter->runController()
 5 SYSTEMPATH/CodeIgniter.php(349): CodeIgniter\CodeIgniter->handleRequest()
 6 FCPATH/index.php(57): CodeIgniter\CodeIgniter->run()
CRITICAL - 2024-08-02 13:49:01 --> Undefined variable $payArray
in APPPATH/Models/Engine.php on line 2230.
 1 APPPATH/Models/Engine.php(2230): CodeIgniter\Debug\Exceptions->errorHandler()
 2 APPPATH/Controllers/Api.php(147): App\Models\Engine->getBillToSynch()
 3 SYSTEMPATH/CodeIgniter.php(896): App\Controllers\Api->postbillpayment()
 4 SYSTEMPATH/CodeIgniter.php(466): CodeIgniter\CodeIgniter->runController()
 5 SYSTEMPATH/CodeIgniter.php(349): CodeIgniter\CodeIgniter->handleRequest()
 6 FCPATH/index.php(57): CodeIgniter\CodeIgniter->run()
CRITICAL - 2024-08-02 13:50:01 --> Undefined variable $payArray
in APPPATH/Models/Engine.php on line 2230.
 1 APPPATH/Models/Engine.php(2230): CodeIgniter\Debug\Exceptions->errorHandler()
 2 APPPATH/Controllers/Api.php(147): App\Models\Engine->getBillToSynch()
 3 SYSTEMPATH/CodeIgniter.php(896): App\Controllers\Api->postbillpayment()
 4 SYSTEMPATH/CodeIgniter.php(466): CodeIgniter\CodeIgniter->runController()
 5 SYSTEMPATH/CodeIgniter.php(349): CodeIgniter\CodeIgniter->handleRequest()
 6 FCPATH/index.php(57): CodeIgniter\CodeIgniter->run()
CRITICAL - 2024-08-02 13:51:01 --> Undefined variable $payArray
in APPPATH/Models/Engine.php on line 2230.
 1 APPPATH/Models/Engine.php(2230): CodeIgniter\Debug\Exceptions->errorHandler()
 2 APPPATH/Controllers/Api.php(147): App\Models\Engine->getBillToSynch()
 3 SYSTEMPATH/CodeIgniter.php(896): App\Controllers\Api->postbillpayment()
 4 SYSTEMPATH/CodeIgniter.php(466): CodeIgniter\CodeIgniter->runController()
 5 SYSTEMPATH/CodeIgniter.php(349): CodeIgniter\CodeIgniter->handleRequest()
 6 FCPATH/index.php(57): CodeIgniter\CodeIgniter->run()
CRITICAL - 2024-08-02 13:52:01 --> Undefined variable $payArray
in APPPATH/Models/Engine.php on line 2230.
 1 APPPATH/Models/Engine.php(2230): CodeIgniter\Debug\Exceptions->errorHandler()
 2 APPPATH/Controllers/Api.php(147): App\Models\Engine->getBillToSynch()
 3 SYSTEMPATH/CodeIgniter.php(896): App\Controllers\Api->postbillpayment()
 4 SYSTEMPATH/CodeIgniter.php(466): CodeIgniter\CodeIgniter->runController()
 5 SYSTEMPATH/CodeIgniter.php(349): CodeIgniter\CodeIgniter->handleRequest()
 6 FCPATH/index.php(57): CodeIgniter\CodeIgniter->run()
CRITICAL - 2024-08-02 13:53:01 --> Undefined variable $payArray
in APPPATH/Models/Engine.php on line 2230.
 1 APPPATH/Models/Engine.php(2230): CodeIgniter\Debug\Exceptions->errorHandler()
 2 APPPATH/Controllers/Api.php(147): App\Models\Engine->getBillToSynch()
 3 SYSTEMPATH/CodeIgniter.php(896): App\Controllers\Api->postbillpayment()
 4 SYSTEMPATH/CodeIgniter.php(466): CodeIgniter\CodeIgniter->runController()
 5 SYSTEMPATH/CodeIgniter.php(349): CodeIgniter\CodeIgniter->handleRequest()
 6 FCPATH/index.php(57): CodeIgniter\CodeIgniter->run()
CRITICAL - 2024-08-02 13:54:02 --> Undefined variable $payArray
in APPPATH/Models/Engine.php on line 2230.
 1 APPPATH/Models/Engine.php(2230): CodeIgniter\Debug\Exceptions->errorHandler()
 2 APPPATH/Controllers/Api.php(147): App\Models\Engine->getBillToSynch()
 3 SYSTEMPATH/CodeIgniter.php(896): App\Controllers\Api->postbillpayment()
 4 SYSTEMPATH/CodeIgniter.php(466): CodeIgniter\CodeIgniter->runController()
 5 SYSTEMPATH/CodeIgniter.php(349): CodeIgniter\CodeIgniter->handleRequest()
 6 FCPATH/index.php(57): CodeIgniter\CodeIgniter->run()
CRITICAL - 2024-08-02 13:55:01 --> Undefined variable $payArray
in APPPATH/Models/Engine.php on line 2230.
 1 APPPATH/Models/Engine.php(2230): CodeIgniter\Debug\Exceptions->errorHandler()
 2 APPPATH/Controllers/Api.php(147): App\Models\Engine->getBillToSynch()
 3 SYSTEMPATH/CodeIgniter.php(896): App\Controllers\Api->postbillpayment()
 4 SYSTEMPATH/CodeIgniter.php(466): CodeIgniter\CodeIgniter->runController()
 5 SYSTEMPATH/CodeIgniter.php(349): CodeIgniter\CodeIgniter->handleRequest()
 6 FCPATH/index.php(57): CodeIgniter\CodeIgniter->run()
CRITICAL - 2024-08-02 13:56:01 --> Undefined variable $payArray
in APPPATH/Models/Engine.php on line 2230.
 1 APPPATH/Models/Engine.php(2230): CodeIgniter\Debug\Exceptions->errorHandler()
 2 APPPATH/Controllers/Api.php(147): App\Models\Engine->getBillToSynch()
 3 SYSTEMPATH/CodeIgniter.php(896): App\Controllers\Api->postbillpayment()
 4 SYSTEMPATH/CodeIgniter.php(466): CodeIgniter\CodeIgniter->runController()
 5 SYSTEMPATH/CodeIgniter.php(349): CodeIgniter\CodeIgniter->handleRequest()
 6 FCPATH/index.php(57): CodeIgniter\CodeIgniter->run()
CRITICAL - 2024-08-02 13:57:01 --> Undefined variable $payArray
in APPPATH/Models/Engine.php on line 2230.
 1 APPPATH/Models/Engine.php(2230): CodeIgniter\Debug\Exceptions->errorHandler()
 2 APPPATH/Controllers/Api.php(147): App\Models\Engine->getBillToSynch()
 3 SYSTEMPATH/CodeIgniter.php(896): App\Controllers\Api->postbillpayment()
 4 SYSTEMPATH/CodeIgniter.php(466): CodeIgniter\CodeIgniter->runController()
 5 SYSTEMPATH/CodeIgniter.php(349): CodeIgniter\CodeIgniter->handleRequest()
 6 FCPATH/index.php(57): CodeIgniter\CodeIgniter->run()
CRITICAL - 2024-08-02 13:58:01 --> Undefined variable $payArray
in APPPATH/Models/Engine.php on line 2230.
 1 APPPATH/Models/Engine.php(2230): CodeIgniter\Debug\Exceptions->errorHandler()
 2 APPPATH/Controllers/Api.php(147): App\Models\Engine->getBillToSynch()
 3 SYSTEMPATH/CodeIgniter.php(896): App\Controllers\Api->postbillpayment()
 4 SYSTEMPATH/CodeIgniter.php(466): CodeIgniter\CodeIgniter->runController()
 5 SYSTEMPATH/CodeIgniter.php(349): CodeIgniter\CodeIgniter->handleRequest()
 6 FCPATH/index.php(57): CodeIgniter\CodeIgniter->run()
CRITICAL - 2024-08-02 13:59:01 --> Undefined variable $payArray
in APPPATH/Models/Engine.php on line 2230.
 1 APPPATH/Models/Engine.php(2230): CodeIgniter\Debug\Exceptions->errorHandler()
 2 APPPATH/Controllers/Api.php(147): App\Models\Engine->getBillToSynch()
 3 SYSTEMPATH/CodeIgniter.php(896): App\Controllers\Api->postbillpayment()
 4 SYSTEMPATH/CodeIgniter.php(466): CodeIgniter\CodeIgniter->runController()
 5 SYSTEMPATH/CodeIgniter.php(349): CodeIgniter\CodeIgniter->handleRequest()
 6 FCPATH/index.php(57): CodeIgniter\CodeIgniter->run()
CRITICAL - 2024-08-02 14:00:01 --> Undefined variable $payArray
in APPPATH/Models/Engine.php on line 2230.
 1 APPPATH/Models/Engine.php(2230): CodeIgniter\Debug\Exceptions->errorHandler()
 2 APPPATH/Controllers/Api.php(147): App\Models\Engine->getBillToSynch()
 3 SYSTEMPATH/CodeIgniter.php(896): App\Controllers\Api->postbillpayment()
 4 SYSTEMPATH/CodeIgniter.php(466): CodeIgniter\CodeIgniter->runController()
 5 SYSTEMPATH/CodeIgniter.php(349): CodeIgniter\CodeIgniter->handleRequest()
 6 FCPATH/index.php(57): CodeIgniter\CodeIgniter->run()
CRITICAL - 2024-08-02 14:01:01 --> Undefined variable $payArray
in APPPATH/Models/Engine.php on line 2230.
 1 APPPATH/Models/Engine.php(2230): CodeIgniter\Debug\Exceptions->errorHandler()
 2 APPPATH/Controllers/Api.php(147): App\Models\Engine->getBillToSynch()
 3 SYSTEMPATH/CodeIgniter.php(896): App\Controllers\Api->postbillpayment()
 4 SYSTEMPATH/CodeIgniter.php(466): CodeIgniter\CodeIgniter->runController()
 5 SYSTEMPATH/CodeIgniter.php(349): CodeIgniter\CodeIgniter->handleRequest()
 6 FCPATH/index.php(57): CodeIgniter\CodeIgniter->run()
CRITICAL - 2024-08-02 14:02:01 --> Undefined variable $payArray
in APPPATH/Models/Engine.php on line 2230.
 1 APPPATH/Models/Engine.php(2230): CodeIgniter\Debug\Exceptions->errorHandler()
 2 APPPATH/Controllers/Api.php(147): App\Models\Engine->getBillToSynch()
 3 SYSTEMPATH/CodeIgniter.php(896): App\Controllers\Api->postbillpayment()
 4 SYSTEMPATH/CodeIgniter.php(466): CodeIgniter\CodeIgniter->runController()
 5 SYSTEMPATH/CodeIgniter.php(349): CodeIgniter\CodeIgniter->handleRequest()
 6 FCPATH/index.php(57): CodeIgniter\CodeIgniter->run()
CRITICAL - 2024-08-02 14:03:01 --> Undefined variable $payArray
in APPPATH/Models/Engine.php on line 2230.
 1 APPPATH/Models/Engine.php(2230): CodeIgniter\Debug\Exceptions->errorHandler()
 2 APPPATH/Controllers/Api.php(147): App\Models\Engine->getBillToSynch()
 3 SYSTEMPATH/CodeIgniter.php(896): App\Controllers\Api->postbillpayment()
 4 SYSTEMPATH/CodeIgniter.php(466): CodeIgniter\CodeIgniter->runController()
 5 SYSTEMPATH/CodeIgniter.php(349): CodeIgniter\CodeIgniter->handleRequest()
 6 FCPATH/index.php(57): CodeIgniter\CodeIgniter->run()
CRITICAL - 2024-08-02 14:04:01 --> Undefined variable $payArray
in APPPATH/Models/Engine.php on line 2230.
 1 APPPATH/Models/Engine.php(2230): CodeIgniter\Debug\Exceptions->errorHandler()
 2 APPPATH/Controllers/Api.php(147): App\Models\Engine->getBillToSynch()
 3 SYSTEMPATH/CodeIgniter.php(896): App\Controllers\Api->postbillpayment()
 4 SYSTEMPATH/CodeIgniter.php(466): CodeIgniter\CodeIgniter->runController()
 5 SYSTEMPATH/CodeIgniter.php(349): CodeIgniter\CodeIgniter->handleRequest()
 6 FCPATH/index.php(57): CodeIgniter\CodeIgniter->run()
CRITICAL - 2024-08-02 14:05:01 --> Undefined variable $payArray
in APPPATH/Models/Engine.php on line 2230.
 1 APPPATH/Models/Engine.php(2230): CodeIgniter\Debug\Exceptions->errorHandler()
 2 APPPATH/Controllers/Api.php(147): App\Models\Engine->getBillToSynch()
 3 SYSTEMPATH/CodeIgniter.php(896): App\Controllers\Api->postbillpayment()
 4 SYSTEMPATH/CodeIgniter.php(466): CodeIgniter\CodeIgniter->runController()
 5 SYSTEMPATH/CodeIgniter.php(349): CodeIgniter\CodeIgniter->handleRequest()
 6 FCPATH/index.php(57): CodeIgniter\CodeIgniter->run()
CRITICAL - 2024-08-02 14:06:07 --> Undefined variable $payArray
in APPPATH/Models/Engine.php on line 2230.
 1 APPPATH/Models/Engine.php(2230): CodeIgniter\Debug\Exceptions->errorHandler()
 2 APPPATH/Controllers/Api.php(147): App\Models\Engine->getBillToSynch()
 3 SYSTEMPATH/CodeIgniter.php(896): App\Controllers\Api->postbillpayment()
 4 SYSTEMPATH/CodeIgniter.php(466): CodeIgniter\CodeIgniter->runController()
 5 SYSTEMPATH/CodeIgniter.php(349): CodeIgniter\CodeIgniter->handleRequest()
 6 FCPATH/index.php(57): CodeIgniter\CodeIgniter->run()
CRITICAL - 2024-08-02 14:07:08 --> Undefined variable $payArray
in APPPATH/Models/Engine.php on line 2230.
 1 APPPATH/Models/Engine.php(2230): CodeIgniter\Debug\Exceptions->errorHandler()
 2 APPPATH/Controllers/Api.php(147): App\Models\Engine->getBillToSynch()
 3 SYSTEMPATH/CodeIgniter.php(896): App\Controllers\Api->postbillpayment()
 4 SYSTEMPATH/CodeIgniter.php(466): CodeIgniter\CodeIgniter->runController()
 5 SYSTEMPATH/CodeIgniter.php(349): CodeIgniter\CodeIgniter->handleRequest()
 6 FCPATH/index.php(57): CodeIgniter\CodeIgniter->run()
CRITICAL - 2024-08-02 14:08:02 --> Undefined variable $payArray
in APPPATH/Models/Engine.php on line 2230.
 1 APPPATH/Models/Engine.php(2230): CodeIgniter\Debug\Exceptions->errorHandler()
 2 APPPATH/Controllers/Api.php(147): App\Models\Engine->getBillToSynch()
 3 SYSTEMPATH/CodeIgniter.php(896): App\Controllers\Api->postbillpayment()
 4 SYSTEMPATH/CodeIgniter.php(466): CodeIgniter\CodeIgniter->runController()
 5 SYSTEMPATH/CodeIgniter.php(349): CodeIgniter\CodeIgniter->handleRequest()
 6 FCPATH/index.php(57): CodeIgniter\CodeIgniter->run()
CRITICAL - 2024-08-02 14:09:01 --> Undefined variable $payArray
in APPPATH/Models/Engine.php on line 2230.
 1 APPPATH/Models/Engine.php(2230): CodeIgniter\Debug\Exceptions->errorHandler()
 2 APPPATH/Controllers/Api.php(147): App\Models\Engine->getBillToSynch()
 3 SYSTEMPATH/CodeIgniter.php(896): App\Controllers\Api->postbillpayment()
 4 SYSTEMPATH/CodeIgniter.php(466): CodeIgniter\CodeIgniter->runController()
 5 SYSTEMPATH/CodeIgniter.php(349): CodeIgniter\CodeIgniter->handleRequest()
 6 FCPATH/index.php(57): CodeIgniter\CodeIgniter->run()
CRITICAL - 2024-08-02 14:10:01 --> Undefined variable $payArray
in APPPATH/Models/Engine.php on line 2230.
 1 APPPATH/Models/Engine.php(2230): CodeIgniter\Debug\Exceptions->errorHandler()
 2 APPPATH/Controllers/Api.php(147): App\Models\Engine->getBillToSynch()
 3 SYSTEMPATH/CodeIgniter.php(896): App\Controllers\Api->postbillpayment()
 4 SYSTEMPATH/CodeIgniter.php(466): CodeIgniter\CodeIgniter->runController()
 5 SYSTEMPATH/CodeIgniter.php(349): CodeIgniter\CodeIgniter->handleRequest()
 6 FCPATH/index.php(57): CodeIgniter\CodeIgniter->run()
CRITICAL - 2024-08-02 14:11:01 --> Undefined variable $payArray
in APPPATH/Models/Engine.php on line 2230.
 1 APPPATH/Models/Engine.php(2230): CodeIgniter\Debug\Exceptions->errorHandler()
 2 APPPATH/Controllers/Api.php(147): App\Models\Engine->getBillToSynch()
 3 SYSTEMPATH/CodeIgniter.php(896): App\Controllers\Api->postbillpayment()
 4 SYSTEMPATH/CodeIgniter.php(466): CodeIgniter\CodeIgniter->runController()
 5 SYSTEMPATH/CodeIgniter.php(349): CodeIgniter\CodeIgniter->handleRequest()
 6 FCPATH/index.php(57): CodeIgniter\CodeIgniter->run()
CRITICAL - 2024-08-02 14:12:01 --> Undefined variable $payArray
in APPPATH/Models/Engine.php on line 2230.
 1 APPPATH/Models/Engine.php(2230): CodeIgniter\Debug\Exceptions->errorHandler()
 2 APPPATH/Controllers/Api.php(147): App\Models\Engine->getBillToSynch()
 3 SYSTEMPATH/CodeIgniter.php(896): App\Controllers\Api->postbillpayment()
 4 SYSTEMPATH/CodeIgniter.php(466): CodeIgniter\CodeIgniter->runController()
 5 SYSTEMPATH/CodeIgniter.php(349): CodeIgniter\CodeIgniter->handleRequest()
 6 FCPATH/index.php(57): CodeIgniter\CodeIgniter->run()
CRITICAL - 2024-08-02 14:13:01 --> Undefined variable $payArray
in APPPATH/Models/Engine.php on line 2230.
 1 APPPATH/Models/Engine.php(2230): CodeIgniter\Debug\Exceptions->errorHandler()
 2 APPPATH/Controllers/Api.php(147): App\Models\Engine->getBillToSynch()
 3 SYSTEMPATH/CodeIgniter.php(896): App\Controllers\Api->postbillpayment()
 4 SYSTEMPATH/CodeIgniter.php(466): CodeIgniter\CodeIgniter->runController()
 5 SYSTEMPATH/CodeIgniter.php(349): CodeIgniter\CodeIgniter->handleRequest()
 6 FCPATH/index.php(57): CodeIgniter\CodeIgniter->run()
CRITICAL - 2024-08-02 14:14:01 --> Undefined variable $payArray
in APPPATH/Models/Engine.php on line 2230.
 1 APPPATH/Models/Engine.php(2230): CodeIgniter\Debug\Exceptions->errorHandler()
 2 APPPATH/Controllers/Api.php(147): App\Models\Engine->getBillToSynch()
 3 SYSTEMPATH/CodeIgniter.php(896): App\Controllers\Api->postbillpayment()
 4 SYSTEMPATH/CodeIgniter.php(466): CodeIgniter\CodeIgniter->runController()
 5 SYSTEMPATH/CodeIgniter.php(349): CodeIgniter\CodeIgniter->handleRequest()
 6 FCPATH/index.php(57): CodeIgniter\CodeIgniter->run()
CRITICAL - 2024-08-02 14:15:01 --> Undefined variable $payArray
in APPPATH/Models/Engine.php on line 2230.
 1 APPPATH/Models/Engine.php(2230): CodeIgniter\Debug\Exceptions->errorHandler()
 2 APPPATH/Controllers/Api.php(147): App\Models\Engine->getBillToSynch()
 3 SYSTEMPATH/CodeIgniter.php(896): App\Controllers\Api->postbillpayment()
 4 SYSTEMPATH/CodeIgniter.php(466): CodeIgniter\CodeIgniter->runController()
 5 SYSTEMPATH/CodeIgniter.php(349): CodeIgniter\CodeIgniter->handleRequest()
 6 FCPATH/index.php(57): CodeIgniter\CodeIgniter->run()
CRITICAL - 2024-08-02 14:16:01 --> Undefined variable $payArray
in APPPATH/Models/Engine.php on line 2230.
 1 APPPATH/Models/Engine.php(2230): CodeIgniter\Debug\Exceptions->errorHandler()
 2 APPPATH/Controllers/Api.php(147): App\Models\Engine->getBillToSynch()
 3 SYSTEMPATH/CodeIgniter.php(896): App\Controllers\Api->postbillpayment()
 4 SYSTEMPATH/CodeIgniter.php(466): CodeIgniter\CodeIgniter->runController()
 5 SYSTEMPATH/CodeIgniter.php(349): CodeIgniter\CodeIgniter->handleRequest()
 6 FCPATH/index.php(57): CodeIgniter\CodeIgniter->run()
CRITICAL - 2024-08-02 14:17:01 --> Undefined variable $payArray
in APPPATH/Models/Engine.php on line 2230.
 1 APPPATH/Models/Engine.php(2230): CodeIgniter\Debug\Exceptions->errorHandler()
 2 APPPATH/Controllers/Api.php(147): App\Models\Engine->getBillToSynch()
 3 SYSTEMPATH/CodeIgniter.php(896): App\Controllers\Api->postbillpayment()
 4 SYSTEMPATH/CodeIgniter.php(466): CodeIgniter\CodeIgniter->runController()
 5 SYSTEMPATH/CodeIgniter.php(349): CodeIgniter\CodeIgniter->handleRequest()
 6 FCPATH/index.php(57): CodeIgniter\CodeIgniter->run()
CRITICAL - 2024-08-02 14:18:01 --> Undefined variable $payArray
in APPPATH/Models/Engine.php on line 2230.
 1 APPPATH/Models/Engine.php(2230): CodeIgniter\Debug\Exceptions->errorHandler()
 2 APPPATH/Controllers/Api.php(147): App\Models\Engine->getBillToSynch()
 3 SYSTEMPATH/CodeIgniter.php(896): App\Controllers\Api->postbillpayment()
 4 SYSTEMPATH/CodeIgniter.php(466): CodeIgniter\CodeIgniter->runController()
 5 SYSTEMPATH/CodeIgniter.php(349): CodeIgniter\CodeIgniter->handleRequest()
 6 FCPATH/index.php(57): CodeIgniter\CodeIgniter->run()
CRITICAL - 2024-08-02 14:19:01 --> Undefined variable $payArray
in APPPATH/Models/Engine.php on line 2230.
 1 APPPATH/Models/Engine.php(2230): CodeIgniter\Debug\Exceptions->errorHandler()
 2 APPPATH/Controllers/Api.php(147): App\Models\Engine->getBillToSynch()
 3 SYSTEMPATH/CodeIgniter.php(896): App\Controllers\Api->postbillpayment()
 4 SYSTEMPATH/CodeIgniter.php(466): CodeIgniter\CodeIgniter->runController()
 5 SYSTEMPATH/CodeIgniter.php(349): CodeIgniter\CodeIgniter->handleRequest()
 6 FCPATH/index.php(57): CodeIgniter\CodeIgniter->run()
CRITICAL - 2024-08-02 14:20:01 --> Undefined variable $payArray
in APPPATH/Models/Engine.php on line 2230.
 1 APPPATH/Models/Engine.php(2230): CodeIgniter\Debug\Exceptions->errorHandler()
 2 APPPATH/Controllers/Api.php(147): App\Models\Engine->getBillToSynch()
 3 SYSTEMPATH/CodeIgniter.php(896): App\Controllers\Api->postbillpayment()
 4 SYSTEMPATH/CodeIgniter.php(466): CodeIgniter\CodeIgniter->runController()
 5 SYSTEMPATH/CodeIgniter.php(349): CodeIgniter\CodeIgniter->handleRequest()
 6 FCPATH/index.php(57): CodeIgniter\CodeIgniter->run()
CRITICAL - 2024-08-02 14:21:02 --> Undefined variable $payArray
in APPPATH/Models/Engine.php on line 2230.
 1 APPPATH/Models/Engine.php(2230): CodeIgniter\Debug\Exceptions->errorHandler()
 2 APPPATH/Controllers/Api.php(147): App\Models\Engine->getBillToSynch()
 3 SYSTEMPATH/CodeIgniter.php(896): App\Controllers\Api->postbillpayment()
 4 SYSTEMPATH/CodeIgniter.php(466): CodeIgniter\CodeIgniter->runController()
 5 SYSTEMPATH/CodeIgniter.php(349): CodeIgniter\CodeIgniter->handleRequest()
 6 FCPATH/index.php(57): CodeIgniter\CodeIgniter->run()
CRITICAL - 2024-08-02 14:22:01 --> Undefined variable $payArray
in APPPATH/Models/Engine.php on line 2230.
 1 APPPATH/Models/Engine.php(2230): CodeIgniter\Debug\Exceptions->errorHandler()
 2 APPPATH/Controllers/Api.php(147): App\Models\Engine->getBillToSynch()
 3 SYSTEMPATH/CodeIgniter.php(896): App\Controllers\Api->postbillpayment()
 4 SYSTEMPATH/CodeIgniter.php(466): CodeIgniter\CodeIgniter->runController()
 5 SYSTEMPATH/CodeIgniter.php(349): CodeIgniter\CodeIgniter->handleRequest()
 6 FCPATH/index.php(57): CodeIgniter\CodeIgniter->run()
CRITICAL - 2024-08-02 14:23:01 --> Undefined variable $payArray
in APPPATH/Models/Engine.php on line 2230.
 1 APPPATH/Models/Engine.php(2230): CodeIgniter\Debug\Exceptions->errorHandler()
 2 APPPATH/Controllers/Api.php(147): App\Models\Engine->getBillToSynch()
 3 SYSTEMPATH/CodeIgniter.php(896): App\Controllers\Api->postbillpayment()
 4 SYSTEMPATH/CodeIgniter.php(466): CodeIgniter\CodeIgniter->runController()
 5 SYSTEMPATH/CodeIgniter.php(349): CodeIgniter\CodeIgniter->handleRequest()
 6 FCPATH/index.php(57): CodeIgniter\CodeIgniter->run()
CRITICAL - 2024-08-02 14:24:01 --> Undefined variable $payArray
in APPPATH/Models/Engine.php on line 2230.
 1 APPPATH/Models/Engine.php(2230): CodeIgniter\Debug\Exceptions->errorHandler()
 2 APPPATH/Controllers/Api.php(147): App\Models\Engine->getBillToSynch()
 3 SYSTEMPATH/CodeIgniter.php(896): App\Controllers\Api->postbillpayment()
 4 SYSTEMPATH/CodeIgniter.php(466): CodeIgniter\CodeIgniter->runController()
 5 SYSTEMPATH/CodeIgniter.php(349): CodeIgniter\CodeIgniter->handleRequest()
 6 FCPATH/index.php(57): CodeIgniter\CodeIgniter->run()
CRITICAL - 2024-08-02 14:25:01 --> Undefined variable $payArray
in APPPATH/Models/Engine.php on line 2230.
 1 APPPATH/Models/Engine.php(2230): CodeIgniter\Debug\Exceptions->errorHandler()
 2 APPPATH/Controllers/Api.php(147): App\Models\Engine->getBillToSynch()
 3 SYSTEMPATH/CodeIgniter.php(896): App\Controllers\Api->postbillpayment()
 4 SYSTEMPATH/CodeIgniter.php(466): CodeIgniter\CodeIgniter->runController()
 5 SYSTEMPATH/CodeIgniter.php(349): CodeIgniter\CodeIgniter->handleRequest()
 6 FCPATH/index.php(57): CodeIgniter\CodeIgniter->run()
CRITICAL - 2024-08-02 14:26:01 --> Undefined variable $payArray
in APPPATH/Models/Engine.php on line 2230.
 1 APPPATH/Models/Engine.php(2230): CodeIgniter\Debug\Exceptions->errorHandler()
 2 APPPATH/Controllers/Api.php(147): App\Models\Engine->getBillToSynch()
 3 SYSTEMPATH/CodeIgniter.php(896): App\Controllers\Api->postbillpayment()
 4 SYSTEMPATH/CodeIgniter.php(466): CodeIgniter\CodeIgniter->runController()
 5 SYSTEMPATH/CodeIgniter.php(349): CodeIgniter\CodeIgniter->handleRequest()
 6 FCPATH/index.php(57): CodeIgniter\CodeIgniter->run()
CRITICAL - 2024-08-02 14:27:01 --> Undefined variable $payArray
in APPPATH/Models/Engine.php on line 2230.
 1 APPPATH/Models/Engine.php(2230): CodeIgniter\Debug\Exceptions->errorHandler()
 2 APPPATH/Controllers/Api.php(147): App\Models\Engine->getBillToSynch()
 3 SYSTEMPATH/CodeIgniter.php(896): App\Controllers\Api->postbillpayment()
 4 SYSTEMPATH/CodeIgniter.php(466): CodeIgniter\CodeIgniter->runController()
 5 SYSTEMPATH/CodeIgniter.php(349): CodeIgniter\CodeIgniter->handleRequest()
 6 FCPATH/index.php(57): CodeIgniter\CodeIgniter->run()
CRITICAL - 2024-08-02 14:28:01 --> Undefined variable $payArray
in APPPATH/Models/Engine.php on line 2230.
 1 APPPATH/Models/Engine.php(2230): CodeIgniter\Debug\Exceptions->errorHandler()
 2 APPPATH/Controllers/Api.php(147): App\Models\Engine->getBillToSynch()
 3 SYSTEMPATH/CodeIgniter.php(896): App\Controllers\Api->postbillpayment()
 4 SYSTEMPATH/CodeIgniter.php(466): CodeIgniter\CodeIgniter->runController()
 5 SYSTEMPATH/CodeIgniter.php(349): CodeIgniter\CodeIgniter->handleRequest()
 6 FCPATH/index.php(57): CodeIgniter\CodeIgniter->run()
CRITICAL - 2024-08-02 14:29:01 --> Undefined variable $payArray
in APPPATH/Models/Engine.php on line 2230.
 1 APPPATH/Models/Engine.php(2230): CodeIgniter\Debug\Exceptions->errorHandler()
 2 APPPATH/Controllers/Api.php(147): App\Models\Engine->getBillToSynch()
 3 SYSTEMPATH/CodeIgniter.php(896): App\Controllers\Api->postbillpayment()
 4 SYSTEMPATH/CodeIgniter.php(466): CodeIgniter\CodeIgniter->runController()
 5 SYSTEMPATH/CodeIgniter.php(349): CodeIgniter\CodeIgniter->handleRequest()
 6 FCPATH/index.php(57): CodeIgniter\CodeIgniter->run()
CRITICAL - 2024-08-02 14:30:01 --> Undefined variable $payArray
in APPPATH/Models/Engine.php on line 2230.
 1 APPPATH/Models/Engine.php(2230): CodeIgniter\Debug\Exceptions->errorHandler()
 2 APPPATH/Controllers/Api.php(147): App\Models\Engine->getBillToSynch()
 3 SYSTEMPATH/CodeIgniter.php(896): App\Controllers\Api->postbillpayment()
 4 SYSTEMPATH/CodeIgniter.php(466): CodeIgniter\CodeIgniter->runController()
 5 SYSTEMPATH/CodeIgniter.php(349): CodeIgniter\CodeIgniter->handleRequest()
 6 FCPATH/index.php(57): CodeIgniter\CodeIgniter->run()
CRITICAL - 2024-08-02 14:31:01 --> Undefined variable $payArray
in APPPATH/Models/Engine.php on line 2230.
 1 APPPATH/Models/Engine.php(2230): CodeIgniter\Debug\Exceptions->errorHandler()
 2 APPPATH/Controllers/Api.php(147): App\Models\Engine->getBillToSynch()
 3 SYSTEMPATH/CodeIgniter.php(896): App\Controllers\Api->postbillpayment()
 4 SYSTEMPATH/CodeIgniter.php(466): CodeIgniter\CodeIgniter->runController()
 5 SYSTEMPATH/CodeIgniter.php(349): CodeIgniter\CodeIgniter->handleRequest()
 6 FCPATH/index.php(57): CodeIgniter\CodeIgniter->run()
CRITICAL - 2024-08-02 14:32:01 --> Undefined variable $payArray
in APPPATH/Models/Engine.php on line 2230.
 1 APPPATH/Models/Engine.php(2230): CodeIgniter\Debug\Exceptions->errorHandler()
 2 APPPATH/Controllers/Api.php(147): App\Models\Engine->getBillToSynch()
 3 SYSTEMPATH/CodeIgniter.php(896): App\Controllers\Api->postbillpayment()
 4 SYSTEMPATH/CodeIgniter.php(466): CodeIgniter\CodeIgniter->runController()
 5 SYSTEMPATH/CodeIgniter.php(349): CodeIgniter\CodeIgniter->handleRequest()
 6 FCPATH/index.php(57): CodeIgniter\CodeIgniter->run()
CRITICAL - 2024-08-02 14:33:01 --> Undefined variable $payArray
in APPPATH/Models/Engine.php on line 2230.
 1 APPPATH/Models/Engine.php(2230): CodeIgniter\Debug\Exceptions->errorHandler()
 2 APPPATH/Controllers/Api.php(147): App\Models\Engine->getBillToSynch()
 3 SYSTEMPATH/CodeIgniter.php(896): App\Controllers\Api->postbillpayment()
 4 SYSTEMPATH/CodeIgniter.php(466): CodeIgniter\CodeIgniter->runController()
 5 SYSTEMPATH/CodeIgniter.php(349): CodeIgniter\CodeIgniter->handleRequest()
 6 FCPATH/index.php(57): CodeIgniter\CodeIgniter->run()
CRITICAL - 2024-08-02 14:34:01 --> Undefined variable $payArray
in APPPATH/Models/Engine.php on line 2230.
 1 APPPATH/Models/Engine.php(2230): CodeIgniter\Debug\Exceptions->errorHandler()
 2 APPPATH/Controllers/Api.php(147): App\Models\Engine->getBillToSynch()
 3 SYSTEMPATH/CodeIgniter.php(896): App\Controllers\Api->postbillpayment()
 4 SYSTEMPATH/CodeIgniter.php(466): CodeIgniter\CodeIgniter->runController()
 5 SYSTEMPATH/CodeIgniter.php(349): CodeIgniter\CodeIgniter->handleRequest()
 6 FCPATH/index.php(57): CodeIgniter\CodeIgniter->run()
CRITICAL - 2024-08-02 14:35:01 --> Undefined variable $payArray
in APPPATH/Models/Engine.php on line 2230.
 1 APPPATH/Models/Engine.php(2230): CodeIgniter\Debug\Exceptions->errorHandler()
 2 APPPATH/Controllers/Api.php(147): App\Models\Engine->getBillToSynch()
 3 SYSTEMPATH/CodeIgniter.php(896): App\Controllers\Api->postbillpayment()
 4 SYSTEMPATH/CodeIgniter.php(466): CodeIgniter\CodeIgniter->runController()
 5 SYSTEMPATH/CodeIgniter.php(349): CodeIgniter\CodeIgniter->handleRequest()
 6 FCPATH/index.php(57): CodeIgniter\CodeIgniter->run()
CRITICAL - 2024-08-02 14:36:01 --> Undefined variable $payArray
in APPPATH/Models/Engine.php on line 2230.
 1 APPPATH/Models/Engine.php(2230): CodeIgniter\Debug\Exceptions->errorHandler()
 2 APPPATH/Controllers/Api.php(147): App\Models\Engine->getBillToSynch()
 3 SYSTEMPATH/CodeIgniter.php(896): App\Controllers\Api->postbillpayment()
 4 SYSTEMPATH/CodeIgniter.php(466): CodeIgniter\CodeIgniter->runController()
 5 SYSTEMPATH/CodeIgniter.php(349): CodeIgniter\CodeIgniter->handleRequest()
 6 FCPATH/index.php(57): CodeIgniter\CodeIgniter->run()
CRITICAL - 2024-08-02 14:37:01 --> Undefined variable $payArray
in APPPATH/Models/Engine.php on line 2230.
 1 APPPATH/Models/Engine.php(2230): CodeIgniter\Debug\Exceptions->errorHandler()
 2 APPPATH/Controllers/Api.php(147): App\Models\Engine->getBillToSynch()
 3 SYSTEMPATH/CodeIgniter.php(896): App\Controllers\Api->postbillpayment()
 4 SYSTEMPATH/CodeIgniter.php(466): CodeIgniter\CodeIgniter->runController()
 5 SYSTEMPATH/CodeIgniter.php(349): CodeIgniter\CodeIgniter->handleRequest()
 6 FCPATH/index.php(57): CodeIgniter\CodeIgniter->run()
CRITICAL - 2024-08-02 14:38:02 --> Undefined variable $payArray
in APPPATH/Models/Engine.php on line 2230.
 1 APPPATH/Models/Engine.php(2230): CodeIgniter\Debug\Exceptions->errorHandler()
 2 APPPATH/Controllers/Api.php(147): App\Models\Engine->getBillToSynch()
 3 SYSTEMPATH/CodeIgniter.php(896): App\Controllers\Api->postbillpayment()
 4 SYSTEMPATH/CodeIgniter.php(466): CodeIgniter\CodeIgniter->runController()
 5 SYSTEMPATH/CodeIgniter.php(349): CodeIgniter\CodeIgniter->handleRequest()
 6 FCPATH/index.php(57): CodeIgniter\CodeIgniter->run()
CRITICAL - 2024-08-02 14:39:02 --> Undefined variable $payArray
in APPPATH/Models/Engine.php on line 2230.
 1 APPPATH/Models/Engine.php(2230): CodeIgniter\Debug\Exceptions->errorHandler()
 2 APPPATH/Controllers/Api.php(147): App\Models\Engine->getBillToSynch()
 3 SYSTEMPATH/CodeIgniter.php(896): App\Controllers\Api->postbillpayment()
 4 SYSTEMPATH/CodeIgniter.php(466): CodeIgniter\CodeIgniter->runController()
 5 SYSTEMPATH/CodeIgniter.php(349): CodeIgniter\CodeIgniter->handleRequest()
 6 FCPATH/index.php(57): CodeIgniter\CodeIgniter->run()
CRITICAL - 2024-08-02 14:40:01 --> Undefined variable $payArray
in APPPATH/Models/Engine.php on line 2230.
 1 APPPATH/Models/Engine.php(2230): CodeIgniter\Debug\Exceptions->errorHandler()
 2 APPPATH/Controllers/Api.php(147): App\Models\Engine->getBillToSynch()
 3 SYSTEMPATH/CodeIgniter.php(896): App\Controllers\Api->postbillpayment()
 4 SYSTEMPATH/CodeIgniter.php(466): CodeIgniter\CodeIgniter->runController()
 5 SYSTEMPATH/CodeIgniter.php(349): CodeIgniter\CodeIgniter->handleRequest()
 6 FCPATH/index.php(57): CodeIgniter\CodeIgniter->run()
CRITICAL - 2024-08-02 14:41:01 --> Undefined variable $payArray
in APPPATH/Models/Engine.php on line 2230.
 1 APPPATH/Models/Engine.php(2230): CodeIgniter\Debug\Exceptions->errorHandler()
 2 APPPATH/Controllers/Api.php(147): App\Models\Engine->getBillToSynch()
 3 SYSTEMPATH/CodeIgniter.php(896): App\Controllers\Api->postbillpayment()
 4 SYSTEMPATH/CodeIgniter.php(466): CodeIgniter\CodeIgniter->runController()
 5 SYSTEMPATH/CodeIgniter.php(349): CodeIgniter\CodeIgniter->handleRequest()
 6 FCPATH/index.php(57): CodeIgniter\CodeIgniter->run()
CRITICAL - 2024-08-02 14:42:01 --> Undefined variable $payArray
in APPPATH/Models/Engine.php on line 2230.
 1 APPPATH/Models/Engine.php(2230): CodeIgniter\Debug\Exceptions->errorHandler()
 2 APPPATH/Controllers/Api.php(147): App\Models\Engine->getBillToSynch()
 3 SYSTEMPATH/CodeIgniter.php(896): App\Controllers\Api->postbillpayment()
 4 SYSTEMPATH/CodeIgniter.php(466): CodeIgniter\CodeIgniter->runController()
 5 SYSTEMPATH/CodeIgniter.php(349): CodeIgniter\CodeIgniter->handleRequest()
 6 FCPATH/index.php(57): CodeIgniter\CodeIgniter->run()
CRITICAL - 2024-08-02 14:43:01 --> Undefined variable $payArray
in APPPATH/Models/Engine.php on line 2230.
 1 APPPATH/Models/Engine.php(2230): CodeIgniter\Debug\Exceptions->errorHandler()
 2 APPPATH/Controllers/Api.php(147): App\Models\Engine->getBillToSynch()
 3 SYSTEMPATH/CodeIgniter.php(896): App\Controllers\Api->postbillpayment()
 4 SYSTEMPATH/CodeIgniter.php(466): CodeIgniter\CodeIgniter->runController()
 5 SYSTEMPATH/CodeIgniter.php(349): CodeIgniter\CodeIgniter->handleRequest()
 6 FCPATH/index.php(57): CodeIgniter\CodeIgniter->run()
CRITICAL - 2024-08-02 14:44:01 --> Undefined variable $payArray
in APPPATH/Models/Engine.php on line 2230.
 1 APPPATH/Models/Engine.php(2230): CodeIgniter\Debug\Exceptions->errorHandler()
 2 APPPATH/Controllers/Api.php(147): App\Models\Engine->getBillToSynch()
 3 SYSTEMPATH/CodeIgniter.php(896): App\Controllers\Api->postbillpayment()
 4 SYSTEMPATH/CodeIgniter.php(466): CodeIgniter\CodeIgniter->runController()
 5 SYSTEMPATH/CodeIgniter.php(349): CodeIgniter\CodeIgniter->handleRequest()
 6 FCPATH/index.php(57): CodeIgniter\CodeIgniter->run()
CRITICAL - 2024-08-02 14:45:01 --> Undefined variable $payArray
in APPPATH/Models/Engine.php on line 2230.
 1 APPPATH/Models/Engine.php(2230): CodeIgniter\Debug\Exceptions->errorHandler()
 2 APPPATH/Controllers/Api.php(147): App\Models\Engine->getBillToSynch()
 3 SYSTEMPATH/CodeIgniter.php(896): App\Controllers\Api->postbillpayment()
 4 SYSTEMPATH/CodeIgniter.php(466): CodeIgniter\CodeIgniter->runController()
 5 SYSTEMPATH/CodeIgniter.php(349): CodeIgniter\CodeIgniter->handleRequest()
 6 FCPATH/index.php(57): CodeIgniter\CodeIgniter->run()
CRITICAL - 2024-08-02 14:46:01 --> Undefined variable $payArray
in APPPATH/Models/Engine.php on line 2230.
 1 APPPATH/Models/Engine.php(2230): CodeIgniter\Debug\Exceptions->errorHandler()
 2 APPPATH/Controllers/Api.php(147): App\Models\Engine->getBillToSynch()
 3 SYSTEMPATH/CodeIgniter.php(896): App\Controllers\Api->postbillpayment()
 4 SYSTEMPATH/CodeIgniter.php(466): CodeIgniter\CodeIgniter->runController()
 5 SYSTEMPATH/CodeIgniter.php(349): CodeIgniter\CodeIgniter->handleRequest()
 6 FCPATH/index.php(57): CodeIgniter\CodeIgniter->run()
CRITICAL - 2024-08-02 14:47:01 --> Undefined variable $payArray
in APPPATH/Models/Engine.php on line 2230.
 1 APPPATH/Models/Engine.php(2230): CodeIgniter\Debug\Exceptions->errorHandler()
 2 APPPATH/Controllers/Api.php(147): App\Models\Engine->getBillToSynch()
 3 SYSTEMPATH/CodeIgniter.php(896): App\Controllers\Api->postbillpayment()
 4 SYSTEMPATH/CodeIgniter.php(466): CodeIgniter\CodeIgniter->runController()
 5 SYSTEMPATH/CodeIgniter.php(349): CodeIgniter\CodeIgniter->handleRequest()
 6 FCPATH/index.php(57): CodeIgniter\CodeIgniter->run()
CRITICAL - 2024-08-02 14:48:01 --> Undefined variable $payArray
in APPPATH/Models/Engine.php on line 2230.
 1 APPPATH/Models/Engine.php(2230): CodeIgniter\Debug\Exceptions->errorHandler()
 2 APPPATH/Controllers/Api.php(147): App\Models\Engine->getBillToSynch()
 3 SYSTEMPATH/CodeIgniter.php(896): App\Controllers\Api->postbillpayment()
 4 SYSTEMPATH/CodeIgniter.php(466): CodeIgniter\CodeIgniter->runController()
 5 SYSTEMPATH/CodeIgniter.php(349): CodeIgniter\CodeIgniter->handleRequest()
 6 FCPATH/index.php(57): CodeIgniter\CodeIgniter->run()
CRITICAL - 2024-08-02 14:49:01 --> Undefined variable $payArray
in APPPATH/Models/Engine.php on line 2230.
 1 APPPATH/Models/Engine.php(2230): CodeIgniter\Debug\Exceptions->errorHandler()
 2 APPPATH/Controllers/Api.php(147): App\Models\Engine->getBillToSynch()
 3 SYSTEMPATH/CodeIgniter.php(896): App\Controllers\Api->postbillpayment()
 4 SYSTEMPATH/CodeIgniter.php(466): CodeIgniter\CodeIgniter->runController()
 5 SYSTEMPATH/CodeIgniter.php(349): CodeIgniter\CodeIgniter->handleRequest()
 6 FCPATH/index.php(57): CodeIgniter\CodeIgniter->run()
CRITICAL - 2024-08-02 14:50:01 --> Undefined variable $payArray
in APPPATH/Models/Engine.php on line 2230.
 1 APPPATH/Models/Engine.php(2230): CodeIgniter\Debug\Exceptions->errorHandler()
 2 APPPATH/Controllers/Api.php(147): App\Models\Engine->getBillToSynch()
 3 SYSTEMPATH/CodeIgniter.php(896): App\Controllers\Api->postbillpayment()
 4 SYSTEMPATH/CodeIgniter.php(466): CodeIgniter\CodeIgniter->runController()
 5 SYSTEMPATH/CodeIgniter.php(349): CodeIgniter\CodeIgniter->handleRequest()
 6 FCPATH/index.php(57): CodeIgniter\CodeIgniter->run()
CRITICAL - 2024-08-02 14:51:01 --> Undefined variable $payArray
in APPPATH/Models/Engine.php on line 2230.
 1 APPPATH/Models/Engine.php(2230): CodeIgniter\Debug\Exceptions->errorHandler()
 2 APPPATH/Controllers/Api.php(147): App\Models\Engine->getBillToSynch()
 3 SYSTEMPATH/CodeIgniter.php(896): App\Controllers\Api->postbillpayment()
 4 SYSTEMPATH/CodeIgniter.php(466): CodeIgniter\CodeIgniter->runController()
 5 SYSTEMPATH/CodeIgniter.php(349): CodeIgniter\CodeIgniter->handleRequest()
 6 FCPATH/index.php(57): CodeIgniter\CodeIgniter->run()
CRITICAL - 2024-08-02 14:52:01 --> Undefined variable $payArray
in APPPATH/Models/Engine.php on line 2230.
 1 APPPATH/Models/Engine.php(2230): CodeIgniter\Debug\Exceptions->errorHandler()
 2 APPPATH/Controllers/Api.php(147): App\Models\Engine->getBillToSynch()
 3 SYSTEMPATH/CodeIgniter.php(896): App\Controllers\Api->postbillpayment()
 4 SYSTEMPATH/CodeIgniter.php(466): CodeIgniter\CodeIgniter->runController()
 5 SYSTEMPATH/CodeIgniter.php(349): CodeIgniter\CodeIgniter->handleRequest()
 6 FCPATH/index.php(57): CodeIgniter\CodeIgniter->run()
CRITICAL - 2024-08-02 14:53:01 --> Undefined variable $payArray
in APPPATH/Models/Engine.php on line 2230.
 1 APPPATH/Models/Engine.php(2230): CodeIgniter\Debug\Exceptions->errorHandler()
 2 APPPATH/Controllers/Api.php(147): App\Models\Engine->getBillToSynch()
 3 SYSTEMPATH/CodeIgniter.php(896): App\Controllers\Api->postbillpayment()
 4 SYSTEMPATH/CodeIgniter.php(466): CodeIgniter\CodeIgniter->runController()
 5 SYSTEMPATH/CodeIgniter.php(349): CodeIgniter\CodeIgniter->handleRequest()
 6 FCPATH/index.php(57): CodeIgniter\CodeIgniter->run()
CRITICAL - 2024-08-02 14:54:01 --> Undefined variable $payArray
in APPPATH/Models/Engine.php on line 2230.
 1 APPPATH/Models/Engine.php(2230): CodeIgniter\Debug\Exceptions->errorHandler()
 2 APPPATH/Controllers/Api.php(147): App\Models\Engine->getBillToSynch()
 3 SYSTEMPATH/CodeIgniter.php(896): App\Controllers\Api->postbillpayment()
 4 SYSTEMPATH/CodeIgniter.php(466): CodeIgniter\CodeIgniter->runController()
 5 SYSTEMPATH/CodeIgniter.php(349): CodeIgniter\CodeIgniter->handleRequest()
 6 FCPATH/index.php(57): CodeIgniter\CodeIgniter->run()
CRITICAL - 2024-08-02 14:55:02 --> Undefined variable $payArray
in APPPATH/Models/Engine.php on line 2230.
 1 APPPATH/Models/Engine.php(2230): CodeIgniter\Debug\Exceptions->errorHandler()
 2 APPPATH/Controllers/Api.php(147): App\Models\Engine->getBillToSynch()
 3 SYSTEMPATH/CodeIgniter.php(896): App\Controllers\Api->postbillpayment()
 4 SYSTEMPATH/CodeIgniter.php(466): CodeIgniter\CodeIgniter->runController()
 5 SYSTEMPATH/CodeIgniter.php(349): CodeIgniter\CodeIgniter->handleRequest()
 6 FCPATH/index.php(57): CodeIgniter\CodeIgniter->run()
CRITICAL - 2024-08-02 14:56:02 --> Undefined variable $payArray
in APPPATH/Models/Engine.php on line 2230.
 1 APPPATH/Models/Engine.php(2230): CodeIgniter\Debug\Exceptions->errorHandler()
 2 APPPATH/Controllers/Api.php(147): App\Models\Engine->getBillToSynch()
 3 SYSTEMPATH/CodeIgniter.php(896): App\Controllers\Api->postbillpayment()
 4 SYSTEMPATH/CodeIgniter.php(466): CodeIgniter\CodeIgniter->runController()
 5 SYSTEMPATH/CodeIgniter.php(349): CodeIgniter\CodeIgniter->handleRequest()
 6 FCPATH/index.php(57): CodeIgniter\CodeIgniter->run()
CRITICAL - 2024-08-02 14:57:01 --> Undefined variable $payArray
in APPPATH/Models/Engine.php on line 2230.
 1 APPPATH/Models/Engine.php(2230): CodeIgniter\Debug\Exceptions->errorHandler()
 2 APPPATH/Controllers/Api.php(147): App\Models\Engine->getBillToSynch()
 3 SYSTEMPATH/CodeIgniter.php(896): App\Controllers\Api->postbillpayment()
 4 SYSTEMPATH/CodeIgniter.php(466): CodeIgniter\CodeIgniter->runController()
 5 SYSTEMPATH/CodeIgniter.php(349): CodeIgniter\CodeIgniter->handleRequest()
 6 FCPATH/index.php(57): CodeIgniter\CodeIgniter->run()
CRITICAL - 2024-08-02 14:58:01 --> Undefined variable $payArray
in APPPATH/Models/Engine.php on line 2230.
 1 APPPATH/Models/Engine.php(2230): CodeIgniter\Debug\Exceptions->errorHandler()
 2 APPPATH/Controllers/Api.php(147): App\Models\Engine->getBillToSynch()
 3 SYSTEMPATH/CodeIgniter.php(896): App\Controllers\Api->postbillpayment()
 4 SYSTEMPATH/CodeIgniter.php(466): CodeIgniter\CodeIgniter->runController()
 5 SYSTEMPATH/CodeIgniter.php(349): CodeIgniter\CodeIgniter->handleRequest()
 6 FCPATH/index.php(57): CodeIgniter\CodeIgniter->run()
CRITICAL - 2024-08-02 14:59:01 --> Undefined variable $payArray
in APPPATH/Models/Engine.php on line 2230.
 1 APPPATH/Models/Engine.php(2230): CodeIgniter\Debug\Exceptions->errorHandler()
 2 APPPATH/Controllers/Api.php(147): App\Models\Engine->getBillToSynch()
 3 SYSTEMPATH/CodeIgniter.php(896): App\Controllers\Api->postbillpayment()
 4 SYSTEMPATH/CodeIgniter.php(466): CodeIgniter\CodeIgniter->runController()
 5 SYSTEMPATH/CodeIgniter.php(349): CodeIgniter\CodeIgniter->handleRequest()
 6 FCPATH/index.php(57): CodeIgniter\CodeIgniter->run()
CRITICAL - 2024-08-02 15:00:01 --> Undefined variable $payArray
in APPPATH/Models/Engine.php on line 2230.
 1 APPPATH/Models/Engine.php(2230): CodeIgniter\Debug\Exceptions->errorHandler()
 2 APPPATH/Controllers/Api.php(147): App\Models\Engine->getBillToSynch()
 3 SYSTEMPATH/CodeIgniter.php(896): App\Controllers\Api->postbillpayment()
 4 SYSTEMPATH/CodeIgniter.php(466): CodeIgniter\CodeIgniter->runController()
 5 SYSTEMPATH/CodeIgniter.php(349): CodeIgniter\CodeIgniter->handleRequest()
 6 FCPATH/index.php(57): CodeIgniter\CodeIgniter->run()
CRITICAL - 2024-08-02 15:01:01 --> Undefined variable $payArray
in APPPATH/Models/Engine.php on line 2230.
 1 APPPATH/Models/Engine.php(2230): CodeIgniter\Debug\Exceptions->errorHandler()
 2 APPPATH/Controllers/Api.php(147): App\Models\Engine->getBillToSynch()
 3 SYSTEMPATH/CodeIgniter.php(896): App\Controllers\Api->postbillpayment()
 4 SYSTEMPATH/CodeIgniter.php(466): CodeIgniter\CodeIgniter->runController()
 5 SYSTEMPATH/CodeIgniter.php(349): CodeIgniter\CodeIgniter->handleRequest()
 6 FCPATH/index.php(57): CodeIgniter\CodeIgniter->run()
CRITICAL - 2024-08-02 15:02:01 --> Undefined variable $payArray
in APPPATH/Models/Engine.php on line 2230.
 1 APPPATH/Models/Engine.php(2230): CodeIgniter\Debug\Exceptions->errorHandler()
 2 APPPATH/Controllers/Api.php(147): App\Models\Engine->getBillToSynch()
 3 SYSTEMPATH/CodeIgniter.php(896): App\Controllers\Api->postbillpayment()
 4 SYSTEMPATH/CodeIgniter.php(466): CodeIgniter\CodeIgniter->runController()
 5 SYSTEMPATH/CodeIgniter.php(349): CodeIgniter\CodeIgniter->handleRequest()
 6 FCPATH/index.php(57): CodeIgniter\CodeIgniter->run()
CRITICAL - 2024-08-02 15:03:01 --> Undefined variable $payArray
in APPPATH/Models/Engine.php on line 2230.
 1 APPPATH/Models/Engine.php(2230): CodeIgniter\Debug\Exceptions->errorHandler()
 2 APPPATH/Controllers/Api.php(147): App\Models\Engine->getBillToSynch()
 3 SYSTEMPATH/CodeIgniter.php(896): App\Controllers\Api->postbillpayment()
 4 SYSTEMPATH/CodeIgniter.php(466): CodeIgniter\CodeIgniter->runController()
 5 SYSTEMPATH/CodeIgniter.php(349): CodeIgniter\CodeIgniter->handleRequest()
 6 FCPATH/index.php(57): CodeIgniter\CodeIgniter->run()
CRITICAL - 2024-08-02 15:04:01 --> Undefined variable $payArray
in APPPATH/Models/Engine.php on line 2230.
 1 APPPATH/Models/Engine.php(2230): CodeIgniter\Debug\Exceptions->errorHandler()
 2 APPPATH/Controllers/Api.php(147): App\Models\Engine->getBillToSynch()
 3 SYSTEMPATH/CodeIgniter.php(896): App\Controllers\Api->postbillpayment()
 4 SYSTEMPATH/CodeIgniter.php(466): CodeIgniter\CodeIgniter->runController()
 5 SYSTEMPATH/CodeIgniter.php(349): CodeIgniter\CodeIgniter->handleRequest()
 6 FCPATH/index.php(57): CodeIgniter\CodeIgniter->run()
CRITICAL - 2024-08-02 15:05:01 --> Undefined variable $payArray
in APPPATH/Models/Engine.php on line 2230.
 1 APPPATH/Models/Engine.php(2230): CodeIgniter\Debug\Exceptions->errorHandler()
 2 APPPATH/Controllers/Api.php(147): App\Models\Engine->getBillToSynch()
 3 SYSTEMPATH/CodeIgniter.php(896): App\Controllers\Api->postbillpayment()
 4 SYSTEMPATH/CodeIgniter.php(466): CodeIgniter\CodeIgniter->runController()
 5 SYSTEMPATH/CodeIgniter.php(349): CodeIgniter\CodeIgniter->handleRequest()
 6 FCPATH/index.php(57): CodeIgniter\CodeIgniter->run()
CRITICAL - 2024-08-02 15:06:01 --> Undefined variable $payArray
in APPPATH/Models/Engine.php on line 2230.
 1 APPPATH/Models/Engine.php(2230): CodeIgniter\Debug\Exceptions->errorHandler()
 2 APPPATH/Controllers/Api.php(147): App\Models\Engine->getBillToSynch()
 3 SYSTEMPATH/CodeIgniter.php(896): App\Controllers\Api->postbillpayment()
 4 SYSTEMPATH/CodeIgniter.php(466): CodeIgniter\CodeIgniter->runController()
 5 SYSTEMPATH/CodeIgniter.php(349): CodeIgniter\CodeIgniter->handleRequest()
 6 FCPATH/index.php(57): CodeIgniter\CodeIgniter->run()
CRITICAL - 2024-08-02 15:07:01 --> Undefined variable $payArray
in APPPATH/Models/Engine.php on line 2230.
 1 APPPATH/Models/Engine.php(2230): CodeIgniter\Debug\Exceptions->errorHandler()
 2 APPPATH/Controllers/Api.php(147): App\Models\Engine->getBillToSynch()
 3 SYSTEMPATH/CodeIgniter.php(896): App\Controllers\Api->postbillpayment()
 4 SYSTEMPATH/CodeIgniter.php(466): CodeIgniter\CodeIgniter->runController()
 5 SYSTEMPATH/CodeIgniter.php(349): CodeIgniter\CodeIgniter->handleRequest()
 6 FCPATH/index.php(57): CodeIgniter\CodeIgniter->run()
CRITICAL - 2024-08-02 15:08:01 --> Undefined variable $payArray
in APPPATH/Models/Engine.php on line 2230.
 1 APPPATH/Models/Engine.php(2230): CodeIgniter\Debug\Exceptions->errorHandler()
 2 APPPATH/Controllers/Api.php(147): App\Models\Engine->getBillToSynch()
 3 SYSTEMPATH/CodeIgniter.php(896): App\Controllers\Api->postbillpayment()
 4 SYSTEMPATH/CodeIgniter.php(466): CodeIgniter\CodeIgniter->runController()
 5 SYSTEMPATH/CodeIgniter.php(349): CodeIgniter\CodeIgniter->handleRequest()
 6 FCPATH/index.php(57): CodeIgniter\CodeIgniter->run()
CRITICAL - 2024-08-02 15:09:01 --> Undefined variable $payArray
in APPPATH/Models/Engine.php on line 2230.
 1 APPPATH/Models/Engine.php(2230): CodeIgniter\Debug\Exceptions->errorHandler()
 2 APPPATH/Controllers/Api.php(147): App\Models\Engine->getBillToSynch()
 3 SYSTEMPATH/CodeIgniter.php(896): App\Controllers\Api->postbillpayment()
 4 SYSTEMPATH/CodeIgniter.php(466): CodeIgniter\CodeIgniter->runController()
 5 SYSTEMPATH/CodeIgniter.php(349): CodeIgniter\CodeIgniter->handleRequest()
 6 FCPATH/index.php(57): CodeIgniter\CodeIgniter->run()
CRITICAL - 2024-08-02 15:10:01 --> Undefined variable $payArray
in APPPATH/Models/Engine.php on line 2230.
 1 APPPATH/Models/Engine.php(2230): CodeIgniter\Debug\Exceptions->errorHandler()
 2 APPPATH/Controllers/Api.php(147): App\Models\Engine->getBillToSynch()
 3 SYSTEMPATH/CodeIgniter.php(896): App\Controllers\Api->postbillpayment()
 4 SYSTEMPATH/CodeIgniter.php(466): CodeIgniter\CodeIgniter->runController()
 5 SYSTEMPATH/CodeIgniter.php(349): CodeIgniter\CodeIgniter->handleRequest()
 6 FCPATH/index.php(57): CodeIgniter\CodeIgniter->run()
CRITICAL - 2024-08-02 15:11:01 --> Undefined variable $payArray
in APPPATH/Models/Engine.php on line 2230.
 1 APPPATH/Models/Engine.php(2230): CodeIgniter\Debug\Exceptions->errorHandler()
 2 APPPATH/Controllers/Api.php(147): App\Models\Engine->getBillToSynch()
 3 SYSTEMPATH/CodeIgniter.php(896): App\Controllers\Api->postbillpayment()
 4 SYSTEMPATH/CodeIgniter.php(466): CodeIgniter\CodeIgniter->runController()
 5 SYSTEMPATH/CodeIgniter.php(349): CodeIgniter\CodeIgniter->handleRequest()
 6 FCPATH/index.php(57): CodeIgniter\CodeIgniter->run()
CRITICAL - 2024-08-02 15:12:01 --> Undefined variable $payArray
in APPPATH/Models/Engine.php on line 2230.
 1 APPPATH/Models/Engine.php(2230): CodeIgniter\Debug\Exceptions->errorHandler()
 2 APPPATH/Controllers/Api.php(147): App\Models\Engine->getBillToSynch()
 3 SYSTEMPATH/CodeIgniter.php(896): App\Controllers\Api->postbillpayment()
 4 SYSTEMPATH/CodeIgniter.php(466): CodeIgniter\CodeIgniter->runController()
 5 SYSTEMPATH/CodeIgniter.php(349): CodeIgniter\CodeIgniter->handleRequest()
 6 FCPATH/index.php(57): CodeIgniter\CodeIgniter->run()
CRITICAL - 2024-08-02 15:13:02 --> Undefined variable $payArray
in APPPATH/Models/Engine.php on line 2230.
 1 APPPATH/Models/Engine.php(2230): CodeIgniter\Debug\Exceptions->errorHandler()
 2 APPPATH/Controllers/Api.php(147): App\Models\Engine->getBillToSynch()
 3 SYSTEMPATH/CodeIgniter.php(896): App\Controllers\Api->postbillpayment()
 4 SYSTEMPATH/CodeIgniter.php(466): CodeIgniter\CodeIgniter->runController()
 5 SYSTEMPATH/CodeIgniter.php(349): CodeIgniter\CodeIgniter->handleRequest()
 6 FCPATH/index.php(57): CodeIgniter\CodeIgniter->run()
CRITICAL - 2024-08-02 15:14:01 --> Undefined variable $payArray
in APPPATH/Models/Engine.php on line 2230.
 1 APPPATH/Models/Engine.php(2230): CodeIgniter\Debug\Exceptions->errorHandler()
 2 APPPATH/Controllers/Api.php(147): App\Models\Engine->getBillToSynch()
 3 SYSTEMPATH/CodeIgniter.php(896): App\Controllers\Api->postbillpayment()
 4 SYSTEMPATH/CodeIgniter.php(466): CodeIgniter\CodeIgniter->runController()
 5 SYSTEMPATH/CodeIgniter.php(349): CodeIgniter\CodeIgniter->handleRequest()
 6 FCPATH/index.php(57): CodeIgniter\CodeIgniter->run()
CRITICAL - 2024-08-02 15:15:01 --> Undefined variable $payArray
in APPPATH/Models/Engine.php on line 2230.
 1 APPPATH/Models/Engine.php(2230): CodeIgniter\Debug\Exceptions->errorHandler()
 2 APPPATH/Controllers/Api.php(147): App\Models\Engine->getBillToSynch()
 3 SYSTEMPATH/CodeIgniter.php(896): App\Controllers\Api->postbillpayment()
 4 SYSTEMPATH/CodeIgniter.php(466): CodeIgniter\CodeIgniter->runController()
 5 SYSTEMPATH/CodeIgniter.php(349): CodeIgniter\CodeIgniter->handleRequest()
 6 FCPATH/index.php(57): CodeIgniter\CodeIgniter->run()
CRITICAL - 2024-08-02 15:16:01 --> Undefined variable $payArray
in APPPATH/Models/Engine.php on line 2230.
 1 APPPATH/Models/Engine.php(2230): CodeIgniter\Debug\Exceptions->errorHandler()
 2 APPPATH/Controllers/Api.php(147): App\Models\Engine->getBillToSynch()
 3 SYSTEMPATH/CodeIgniter.php(896): App\Controllers\Api->postbillpayment()
 4 SYSTEMPATH/CodeIgniter.php(466): CodeIgniter\CodeIgniter->runController()
 5 SYSTEMPATH/CodeIgniter.php(349): CodeIgniter\CodeIgniter->handleRequest()
 6 FCPATH/index.php(57): CodeIgniter\CodeIgniter->run()
CRITICAL - 2024-08-02 15:17:01 --> Undefined variable $payArray
in APPPATH/Models/Engine.php on line 2230.
 1 APPPATH/Models/Engine.php(2230): CodeIgniter\Debug\Exceptions->errorHandler()
 2 APPPATH/Controllers/Api.php(147): App\Models\Engine->getBillToSynch()
 3 SYSTEMPATH/CodeIgniter.php(896): App\Controllers\Api->postbillpayment()
 4 SYSTEMPATH/CodeIgniter.php(466): CodeIgniter\CodeIgniter->runController()
 5 SYSTEMPATH/CodeIgniter.php(349): CodeIgniter\CodeIgniter->handleRequest()
 6 FCPATH/index.php(57): CodeIgniter\CodeIgniter->run()
CRITICAL - 2024-08-02 15:18:01 --> Undefined variable $payArray
in APPPATH/Models/Engine.php on line 2230.
 1 APPPATH/Models/Engine.php(2230): CodeIgniter\Debug\Exceptions->errorHandler()
 2 APPPATH/Controllers/Api.php(147): App\Models\Engine->getBillToSynch()
 3 SYSTEMPATH/CodeIgniter.php(896): App\Controllers\Api->postbillpayment()
 4 SYSTEMPATH/CodeIgniter.php(466): CodeIgniter\CodeIgniter->runController()
 5 SYSTEMPATH/CodeIgniter.php(349): CodeIgniter\CodeIgniter->handleRequest()
 6 FCPATH/index.php(57): CodeIgniter\CodeIgniter->run()
CRITICAL - 2024-08-02 15:19:01 --> Undefined variable $payArray
in APPPATH/Models/Engine.php on line 2230.
 1 APPPATH/Models/Engine.php(2230): CodeIgniter\Debug\Exceptions->errorHandler()
 2 APPPATH/Controllers/Api.php(147): App\Models\Engine->getBillToSynch()
 3 SYSTEMPATH/CodeIgniter.php(896): App\Controllers\Api->postbillpayment()
 4 SYSTEMPATH/CodeIgniter.php(466): CodeIgniter\CodeIgniter->runController()
 5 SYSTEMPATH/CodeIgniter.php(349): CodeIgniter\CodeIgniter->handleRequest()
 6 FCPATH/index.php(57): CodeIgniter\CodeIgniter->run()
CRITICAL - 2024-08-02 15:20:01 --> Undefined variable $payArray
in APPPATH/Models/Engine.php on line 2230.
 1 APPPATH/Models/Engine.php(2230): CodeIgniter\Debug\Exceptions->errorHandler()
 2 APPPATH/Controllers/Api.php(147): App\Models\Engine->getBillToSynch()
 3 SYSTEMPATH/CodeIgniter.php(896): App\Controllers\Api->postbillpayment()
 4 SYSTEMPATH/CodeIgniter.php(466): CodeIgniter\CodeIgniter->runController()
 5 SYSTEMPATH/CodeIgniter.php(349): CodeIgniter\CodeIgniter->handleRequest()
 6 FCPATH/index.php(57): CodeIgniter\CodeIgniter->run()
CRITICAL - 2024-08-02 15:21:01 --> Undefined variable $payArray
in APPPATH/Models/Engine.php on line 2230.
 1 APPPATH/Models/Engine.php(2230): CodeIgniter\Debug\Exceptions->errorHandler()
 2 APPPATH/Controllers/Api.php(147): App\Models\Engine->getBillToSynch()
 3 SYSTEMPATH/CodeIgniter.php(896): App\Controllers\Api->postbillpayment()
 4 SYSTEMPATH/CodeIgniter.php(466): CodeIgniter\CodeIgniter->runController()
 5 SYSTEMPATH/CodeIgniter.php(349): CodeIgniter\CodeIgniter->handleRequest()
 6 FCPATH/index.php(57): CodeIgniter\CodeIgniter->run()
CRITICAL - 2024-08-02 15:22:01 --> Undefined variable $payArray
in APPPATH/Models/Engine.php on line 2230.
 1 APPPATH/Models/Engine.php(2230): CodeIgniter\Debug\Exceptions->errorHandler()
 2 APPPATH/Controllers/Api.php(147): App\Models\Engine->getBillToSynch()
 3 SYSTEMPATH/CodeIgniter.php(896): App\Controllers\Api->postbillpayment()
 4 SYSTEMPATH/CodeIgniter.php(466): CodeIgniter\CodeIgniter->runController()
 5 SYSTEMPATH/CodeIgniter.php(349): CodeIgniter\CodeIgniter->handleRequest()
 6 FCPATH/index.php(57): CodeIgniter\CodeIgniter->run()
CRITICAL - 2024-08-02 15:23:01 --> Undefined variable $payArray
in APPPATH/Models/Engine.php on line 2230.
 1 APPPATH/Models/Engine.php(2230): CodeIgniter\Debug\Exceptions->errorHandler()
 2 APPPATH/Controllers/Api.php(147): App\Models\Engine->getBillToSynch()
 3 SYSTEMPATH/CodeIgniter.php(896): App\Controllers\Api->postbillpayment()
 4 SYSTEMPATH/CodeIgniter.php(466): CodeIgniter\CodeIgniter->runController()
 5 SYSTEMPATH/CodeIgniter.php(349): CodeIgniter\CodeIgniter->handleRequest()
 6 FCPATH/index.php(57): CodeIgniter\CodeIgniter->run()
CRITICAL - 2024-08-02 15:24:01 --> Undefined variable $payArray
in APPPATH/Models/Engine.php on line 2230.
 1 APPPATH/Models/Engine.php(2230): CodeIgniter\Debug\Exceptions->errorHandler()
 2 APPPATH/Controllers/Api.php(147): App\Models\Engine->getBillToSynch()
 3 SYSTEMPATH/CodeIgniter.php(896): App\Controllers\Api->postbillpayment()
 4 SYSTEMPATH/CodeIgniter.php(466): CodeIgniter\CodeIgniter->runController()
 5 SYSTEMPATH/CodeIgniter.php(349): CodeIgniter\CodeIgniter->handleRequest()
 6 FCPATH/index.php(57): CodeIgniter\CodeIgniter->run()
CRITICAL - 2024-08-02 15:25:01 --> Undefined variable $payArray
in APPPATH/Models/Engine.php on line 2230.
 1 APPPATH/Models/Engine.php(2230): CodeIgniter\Debug\Exceptions->errorHandler()
 2 APPPATH/Controllers/Api.php(147): App\Models\Engine->getBillToSynch()
 3 SYSTEMPATH/CodeIgniter.php(896): App\Controllers\Api->postbillpayment()
 4 SYSTEMPATH/CodeIgniter.php(466): CodeIgniter\CodeIgniter->runController()
 5 SYSTEMPATH/CodeIgniter.php(349): CodeIgniter\CodeIgniter->handleRequest()
 6 FCPATH/index.php(57): CodeIgniter\CodeIgniter->run()
CRITICAL - 2024-08-02 15:26:01 --> Undefined variable $payArray
in APPPATH/Models/Engine.php on line 2230.
 1 APPPATH/Models/Engine.php(2230): CodeIgniter\Debug\Exceptions->errorHandler()
 2 APPPATH/Controllers/Api.php(147): App\Models\Engine->getBillToSynch()
 3 SYSTEMPATH/CodeIgniter.php(896): App\Controllers\Api->postbillpayment()
 4 SYSTEMPATH/CodeIgniter.php(466): CodeIgniter\CodeIgniter->runController()
 5 SYSTEMPATH/CodeIgniter.php(349): CodeIgniter\CodeIgniter->handleRequest()
 6 FCPATH/index.php(57): CodeIgniter\CodeIgniter->run()
CRITICAL - 2024-08-02 15:27:01 --> Undefined variable $payArray
in APPPATH/Models/Engine.php on line 2230.
 1 APPPATH/Models/Engine.php(2230): CodeIgniter\Debug\Exceptions->errorHandler()
 2 APPPATH/Controllers/Api.php(147): App\Models\Engine->getBillToSynch()
 3 SYSTEMPATH/CodeIgniter.php(896): App\Controllers\Api->postbillpayment()
 4 SYSTEMPATH/CodeIgniter.php(466): CodeIgniter\CodeIgniter->runController()
 5 SYSTEMPATH/CodeIgniter.php(349): CodeIgniter\CodeIgniter->handleRequest()
 6 FCPATH/index.php(57): CodeIgniter\CodeIgniter->run()
CRITICAL - 2024-08-02 15:28:01 --> Undefined variable $payArray
in APPPATH/Models/Engine.php on line 2230.
 1 APPPATH/Models/Engine.php(2230): CodeIgniter\Debug\Exceptions->errorHandler()
 2 APPPATH/Controllers/Api.php(147): App\Models\Engine->getBillToSynch()
 3 SYSTEMPATH/CodeIgniter.php(896): App\Controllers\Api->postbillpayment()
 4 SYSTEMPATH/CodeIgniter.php(466): CodeIgniter\CodeIgniter->runController()
 5 SYSTEMPATH/CodeIgniter.php(349): CodeIgniter\CodeIgniter->handleRequest()
 6 FCPATH/index.php(57): CodeIgniter\CodeIgniter->run()
CRITICAL - 2024-08-02 15:28:05 --> Attempt to read property "id" on null
in APPPATH/Controllers/Patients.php on line 20.
 1 APPPATH/Controllers/Patients.php(20): CodeIgniter\Debug\Exceptions->errorHandler()
 2 SYSTEMPATH/CodeIgniter.php(896): App\Controllers\Patients->index()
 3 SYSTEMPATH/CodeIgniter.php(466): CodeIgniter\CodeIgniter->runController()
 4 SYSTEMPATH/CodeIgniter.php(349): CodeIgniter\CodeIgniter->handleRequest()
 5 FCPATH/index.php(57): CodeIgniter\CodeIgniter->run()
CRITICAL - 2024-08-02 15:29:01 --> Undefined variable $payArray
in APPPATH/Models/Engine.php on line 2230.
 1 APPPATH/Models/Engine.php(2230): CodeIgniter\Debug\Exceptions->errorHandler()
 2 APPPATH/Controllers/Api.php(147): App\Models\Engine->getBillToSynch()
 3 SYSTEMPATH/CodeIgniter.php(896): App\Controllers\Api->postbillpayment()
 4 SYSTEMPATH/CodeIgniter.php(466): CodeIgniter\CodeIgniter->runController()
 5 SYSTEMPATH/CodeIgniter.php(349): CodeIgniter\CodeIgniter->handleRequest()
 6 FCPATH/index.php(57): CodeIgniter\CodeIgniter->run()
CRITICAL - 2024-08-02 15:30:02 --> Undefined variable $payArray
in APPPATH/Models/Engine.php on line 2230.
 1 APPPATH/Models/Engine.php(2230): CodeIgniter\Debug\Exceptions->errorHandler()
 2 APPPATH/Controllers/Api.php(147): App\Models\Engine->getBillToSynch()
 3 SYSTEMPATH/CodeIgniter.php(896): App\Controllers\Api->postbillpayment()
 4 SYSTEMPATH/CodeIgniter.php(466): CodeIgniter\CodeIgniter->runController()
 5 SYSTEMPATH/CodeIgniter.php(349): CodeIgniter\CodeIgniter->handleRequest()
 6 FCPATH/index.php(57): CodeIgniter\CodeIgniter->run()
CRITICAL - 2024-08-02 15:31:02 --> Undefined variable $payArray
in APPPATH/Models/Engine.php on line 2230.
 1 APPPATH/Models/Engine.php(2230): CodeIgniter\Debug\Exceptions->errorHandler()
 2 APPPATH/Controllers/Api.php(147): App\Models\Engine->getBillToSynch()
 3 SYSTEMPATH/CodeIgniter.php(896): App\Controllers\Api->postbillpayment()
 4 SYSTEMPATH/CodeIgniter.php(466): CodeIgniter\CodeIgniter->runController()
 5 SYSTEMPATH/CodeIgniter.php(349): CodeIgniter\CodeIgniter->handleRequest()
 6 FCPATH/index.php(57): CodeIgniter\CodeIgniter->run()
CRITICAL - 2024-08-02 15:32:01 --> Undefined variable $payArray
in APPPATH/Models/Engine.php on line 2230.
 1 APPPATH/Models/Engine.php(2230): CodeIgniter\Debug\Exceptions->errorHandler()
 2 APPPATH/Controllers/Api.php(147): App\Models\Engine->getBillToSynch()
 3 SYSTEMPATH/CodeIgniter.php(896): App\Controllers\Api->postbillpayment()
 4 SYSTEMPATH/CodeIgniter.php(466): CodeIgniter\CodeIgniter->runController()
 5 SYSTEMPATH/CodeIgniter.php(349): CodeIgniter\CodeIgniter->handleRequest()
 6 FCPATH/index.php(57): CodeIgniter\CodeIgniter->run()
CRITICAL - 2024-08-02 15:33:06 --> Undefined variable $payArray
in APPPATH/Models/Engine.php on line 2230.
 1 APPPATH/Models/Engine.php(2230): CodeIgniter\Debug\Exceptions->errorHandler()
 2 APPPATH/Controllers/Api.php(147): App\Models\Engine->getBillToSynch()
 3 SYSTEMPATH/CodeIgniter.php(896): App\Controllers\Api->postbillpayment()
 4 SYSTEMPATH/CodeIgniter.php(466): CodeIgniter\CodeIgniter->runController()
 5 SYSTEMPATH/CodeIgniter.php(349): CodeIgniter\CodeIgniter->handleRequest()
 6 FCPATH/index.php(57): CodeIgniter\CodeIgniter->run()
CRITICAL - 2024-08-02 15:34:01 --> Undefined variable $payArray
in APPPATH/Models/Engine.php on line 2230.
 1 APPPATH/Models/Engine.php(2230): CodeIgniter\Debug\Exceptions->errorHandler()
 2 APPPATH/Controllers/Api.php(147): App\Models\Engine->getBillToSynch()
 3 SYSTEMPATH/CodeIgniter.php(896): App\Controllers\Api->postbillpayment()
 4 SYSTEMPATH/CodeIgniter.php(466): CodeIgniter\CodeIgniter->runController()
 5 SYSTEMPATH/CodeIgniter.php(349): CodeIgniter\CodeIgniter->handleRequest()
 6 FCPATH/index.php(57): CodeIgniter\CodeIgniter->run()
CRITICAL - 2024-08-02 15:35:01 --> Undefined variable $payArray
in APPPATH/Models/Engine.php on line 2230.
 1 APPPATH/Models/Engine.php(2230): CodeIgniter\Debug\Exceptions->errorHandler()
 2 APPPATH/Controllers/Api.php(147): App\Models\Engine->getBillToSynch()
 3 SYSTEMPATH/CodeIgniter.php(896): App\Controllers\Api->postbillpayment()
 4 SYSTEMPATH/CodeIgniter.php(466): CodeIgniter\CodeIgniter->runController()
 5 SYSTEMPATH/CodeIgniter.php(349): CodeIgniter\CodeIgniter->handleRequest()
 6 FCPATH/index.php(57): CodeIgniter\CodeIgniter->run()
CRITICAL - 2024-08-02 15:36:01 --> Undefined variable $payArray
in APPPATH/Models/Engine.php on line 2230.
 1 APPPATH/Models/Engine.php(2230): CodeIgniter\Debug\Exceptions->errorHandler()
 2 APPPATH/Controllers/Api.php(147): App\Models\Engine->getBillToSynch()
 3 SYSTEMPATH/CodeIgniter.php(896): App\Controllers\Api->postbillpayment()
 4 SYSTEMPATH/CodeIgniter.php(466): CodeIgniter\CodeIgniter->runController()
 5 SYSTEMPATH/CodeIgniter.php(349): CodeIgniter\CodeIgniter->handleRequest()
 6 FCPATH/index.php(57): CodeIgniter\CodeIgniter->run()
CRITICAL - 2024-08-02 15:37:01 --> Undefined variable $payArray
in APPPATH/Models/Engine.php on line 2230.
 1 APPPATH/Models/Engine.php(2230): CodeIgniter\Debug\Exceptions->errorHandler()
 2 APPPATH/Controllers/Api.php(147): App\Models\Engine->getBillToSynch()
 3 SYSTEMPATH/CodeIgniter.php(896): App\Controllers\Api->postbillpayment()
 4 SYSTEMPATH/CodeIgniter.php(466): CodeIgniter\CodeIgniter->runController()
 5 SYSTEMPATH/CodeIgniter.php(349): CodeIgniter\CodeIgniter->handleRequest()
 6 FCPATH/index.php(57): CodeIgniter\CodeIgniter->run()
CRITICAL - 2024-08-02 15:38:01 --> Undefined variable $payArray
in APPPATH/Models/Engine.php on line 2230.
 1 APPPATH/Models/Engine.php(2230): CodeIgniter\Debug\Exceptions->errorHandler()
 2 APPPATH/Controllers/Api.php(147): App\Models\Engine->getBillToSynch()
 3 SYSTEMPATH/CodeIgniter.php(896): App\Controllers\Api->postbillpayment()
 4 SYSTEMPATH/CodeIgniter.php(466): CodeIgniter\CodeIgniter->runController()
 5 SYSTEMPATH/CodeIgniter.php(349): CodeIgniter\CodeIgniter->handleRequest()
 6 FCPATH/index.php(57): CodeIgniter\CodeIgniter->run()
CRITICAL - 2024-08-02 15:39:01 --> Undefined variable $payArray
in APPPATH/Models/Engine.php on line 2230.
 1 APPPATH/Models/Engine.php(2230): CodeIgniter\Debug\Exceptions->errorHandler()
 2 APPPATH/Controllers/Api.php(147): App\Models\Engine->getBillToSynch()
 3 SYSTEMPATH/CodeIgniter.php(896): App\Controllers\Api->postbillpayment()
 4 SYSTEMPATH/CodeIgniter.php(466): CodeIgniter\CodeIgniter->runController()
 5 SYSTEMPATH/CodeIgniter.php(349): CodeIgniter\CodeIgniter->handleRequest()
 6 FCPATH/index.php(57): CodeIgniter\CodeIgniter->run()
CRITICAL - 2024-08-02 15:40:01 --> Undefined variable $payArray
in APPPATH/Models/Engine.php on line 2230.
 1 APPPATH/Models/Engine.php(2230): CodeIgniter\Debug\Exceptions->errorHandler()
 2 APPPATH/Controllers/Api.php(147): App\Models\Engine->getBillToSynch()
 3 SYSTEMPATH/CodeIgniter.php(896): App\Controllers\Api->postbillpayment()
 4 SYSTEMPATH/CodeIgniter.php(466): CodeIgniter\CodeIgniter->runController()
 5 SYSTEMPATH/CodeIgniter.php(349): CodeIgniter\CodeIgniter->handleRequest()
 6 FCPATH/index.php(57): CodeIgniter\CodeIgniter->run()
CRITICAL - 2024-08-02 15:41:01 --> Undefined variable $payArray
in APPPATH/Models/Engine.php on line 2230.
 1 APPPATH/Models/Engine.php(2230): CodeIgniter\Debug\Exceptions->errorHandler()
 2 APPPATH/Controllers/Api.php(147): App\Models\Engine->getBillToSynch()
 3 SYSTEMPATH/CodeIgniter.php(896): App\Controllers\Api->postbillpayment()
 4 SYSTEMPATH/CodeIgniter.php(466): CodeIgniter\CodeIgniter->runController()
 5 SYSTEMPATH/CodeIgniter.php(349): CodeIgniter\CodeIgniter->handleRequest()
 6 FCPATH/index.php(57): CodeIgniter\CodeIgniter->run()
CRITICAL - 2024-08-02 15:42:01 --> Undefined variable $payArray
in APPPATH/Models/Engine.php on line 2230.
 1 APPPATH/Models/Engine.php(2230): CodeIgniter\Debug\Exceptions->errorHandler()
 2 APPPATH/Controllers/Api.php(147): App\Models\Engine->getBillToSynch()
 3 SYSTEMPATH/CodeIgniter.php(896): App\Controllers\Api->postbillpayment()
 4 SYSTEMPATH/CodeIgniter.php(466): CodeIgniter\CodeIgniter->runController()
 5 SYSTEMPATH/CodeIgniter.php(349): CodeIgniter\CodeIgniter->handleRequest()
 6 FCPATH/index.php(57): CodeIgniter\CodeIgniter->run()
CRITICAL - 2024-08-02 15:43:01 --> Undefined variable $payArray
in APPPATH/Models/Engine.php on line 2230.
 1 APPPATH/Models/Engine.php(2230): CodeIgniter\Debug\Exceptions->errorHandler()
 2 APPPATH/Controllers/Api.php(147): App\Models\Engine->getBillToSynch()
 3 SYSTEMPATH/CodeIgniter.php(896): App\Controllers\Api->postbillpayment()
 4 SYSTEMPATH/CodeIgniter.php(466): CodeIgniter\CodeIgniter->runController()
 5 SYSTEMPATH/CodeIgniter.php(349): CodeIgniter\CodeIgniter->handleRequest()
 6 FCPATH/index.php(57): CodeIgniter\CodeIgniter->run()
CRITICAL - 2024-08-02 15:44:01 --> Undefined variable $payArray
in APPPATH/Models/Engine.php on line 2230.
 1 APPPATH/Models/Engine.php(2230): CodeIgniter\Debug\Exceptions->errorHandler()
 2 APPPATH/Controllers/Api.php(147): App\Models\Engine->getBillToSynch()
 3 SYSTEMPATH/CodeIgniter.php(896): App\Controllers\Api->postbillpayment()
 4 SYSTEMPATH/CodeIgniter.php(466): CodeIgniter\CodeIgniter->runController()
 5 SYSTEMPATH/CodeIgniter.php(349): CodeIgniter\CodeIgniter->handleRequest()
 6 FCPATH/index.php(57): CodeIgniter\CodeIgniter->run()
CRITICAL - 2024-08-02 15:45:01 --> Undefined variable $payArray
in APPPATH/Models/Engine.php on line 2230.
 1 APPPATH/Models/Engine.php(2230): CodeIgniter\Debug\Exceptions->errorHandler()
 2 APPPATH/Controllers/Api.php(147): App\Models\Engine->getBillToSynch()
 3 SYSTEMPATH/CodeIgniter.php(896): App\Controllers\Api->postbillpayment()
 4 SYSTEMPATH/CodeIgniter.php(466): CodeIgniter\CodeIgniter->runController()
 5 SYSTEMPATH/CodeIgniter.php(349): CodeIgniter\CodeIgniter->handleRequest()
 6 FCPATH/index.php(57): CodeIgniter\CodeIgniter->run()
CRITICAL - 2024-08-02 15:46:01 --> Undefined variable $payArray
in APPPATH/Models/Engine.php on line 2230.
 1 APPPATH/Models/Engine.php(2230): CodeIgniter\Debug\Exceptions->errorHandler()
 2 APPPATH/Controllers/Api.php(147): App\Models\Engine->getBillToSynch()
 3 SYSTEMPATH/CodeIgniter.php(896): App\Controllers\Api->postbillpayment()
 4 SYSTEMPATH/CodeIgniter.php(466): CodeIgniter\CodeIgniter->runController()
 5 SYSTEMPATH/CodeIgniter.php(349): CodeIgniter\CodeIgniter->handleRequest()
 6 FCPATH/index.php(57): CodeIgniter\CodeIgniter->run()
CRITICAL - 2024-08-02 15:47:01 --> Undefined variable $payArray
in APPPATH/Models/Engine.php on line 2230.
 1 APPPATH/Models/Engine.php(2230): CodeIgniter\Debug\Exceptions->errorHandler()
 2 APPPATH/Controllers/Api.php(147): App\Models\Engine->getBillToSynch()
 3 SYSTEMPATH/CodeIgniter.php(896): App\Controllers\Api->postbillpayment()
 4 SYSTEMPATH/CodeIgniter.php(466): CodeIgniter\CodeIgniter->runController()
 5 SYSTEMPATH/CodeIgniter.php(349): CodeIgniter\CodeIgniter->handleRequest()
 6 FCPATH/index.php(57): CodeIgniter\CodeIgniter->run()
CRITICAL - 2024-08-02 15:48:02 --> Undefined variable $payArray
in APPPATH/Models/Engine.php on line 2230.
 1 APPPATH/Models/Engine.php(2230): CodeIgniter\Debug\Exceptions->errorHandler()
 2 APPPATH/Controllers/Api.php(147): App\Models\Engine->getBillToSynch()
 3 SYSTEMPATH/CodeIgniter.php(896): App\Controllers\Api->postbillpayment()
 4 SYSTEMPATH/CodeIgniter.php(466): CodeIgniter\CodeIgniter->runController()
 5 SYSTEMPATH/CodeIgniter.php(349): CodeIgniter\CodeIgniter->handleRequest()
 6 FCPATH/index.php(57): CodeIgniter\CodeIgniter->run()
CRITICAL - 2024-08-02 15:49:02 --> Undefined variable $payArray
in APPPATH/Models/Engine.php on line 2230.
 1 APPPATH/Models/Engine.php(2230): CodeIgniter\Debug\Exceptions->errorHandler()
 2 APPPATH/Controllers/Api.php(147): App\Models\Engine->getBillToSynch()
 3 SYSTEMPATH/CodeIgniter.php(896): App\Controllers\Api->postbillpayment()
 4 SYSTEMPATH/CodeIgniter.php(466): CodeIgniter\CodeIgniter->runController()
 5 SYSTEMPATH/CodeIgniter.php(349): CodeIgniter\CodeIgniter->handleRequest()
 6 FCPATH/index.php(57): CodeIgniter\CodeIgniter->run()
CRITICAL - 2024-08-02 15:50:01 --> Undefined variable $payArray
in APPPATH/Models/Engine.php on line 2230.
 1 APPPATH/Models/Engine.php(2230): CodeIgniter\Debug\Exceptions->errorHandler()
 2 APPPATH/Controllers/Api.php(147): App\Models\Engine->getBillToSynch()
 3 SYSTEMPATH/CodeIgniter.php(896): App\Controllers\Api->postbillpayment()
 4 SYSTEMPATH/CodeIgniter.php(466): CodeIgniter\CodeIgniter->runController()
 5 SYSTEMPATH/CodeIgniter.php(349): CodeIgniter\CodeIgniter->handleRequest()
 6 FCPATH/index.php(57): CodeIgniter\CodeIgniter->run()
CRITICAL - 2024-08-02 15:51:01 --> Undefined variable $payArray
in APPPATH/Models/Engine.php on line 2230.
 1 APPPATH/Models/Engine.php(2230): CodeIgniter\Debug\Exceptions->errorHandler()
 2 APPPATH/Controllers/Api.php(147): App\Models\Engine->getBillToSynch()
 3 SYSTEMPATH/CodeIgniter.php(896): App\Controllers\Api->postbillpayment()
 4 SYSTEMPATH/CodeIgniter.php(466): CodeIgniter\CodeIgniter->runController()
 5 SYSTEMPATH/CodeIgniter.php(349): CodeIgniter\CodeIgniter->handleRequest()
 6 FCPATH/index.php(57): CodeIgniter\CodeIgniter->run()
CRITICAL - 2024-08-02 15:52:01 --> Undefined variable $payArray
in APPPATH/Models/Engine.php on line 2230.
 1 APPPATH/Models/Engine.php(2230): CodeIgniter\Debug\Exceptions->errorHandler()
 2 APPPATH/Controllers/Api.php(147): App\Models\Engine->getBillToSynch()
 3 SYSTEMPATH/CodeIgniter.php(896): App\Controllers\Api->postbillpayment()
 4 SYSTEMPATH/CodeIgniter.php(466): CodeIgniter\CodeIgniter->runController()
 5 SYSTEMPATH/CodeIgniter.php(349): CodeIgniter\CodeIgniter->handleRequest()
 6 FCPATH/index.php(57): CodeIgniter\CodeIgniter->run()
CRITICAL - 2024-08-02 15:53:01 --> Undefined variable $payArray
in APPPATH/Models/Engine.php on line 2230.
 1 APPPATH/Models/Engine.php(2230): CodeIgniter\Debug\Exceptions->errorHandler()
 2 APPPATH/Controllers/Api.php(147): App\Models\Engine->getBillToSynch()
 3 SYSTEMPATH/CodeIgniter.php(896): App\Controllers\Api->postbillpayment()
 4 SYSTEMPATH/CodeIgniter.php(466): CodeIgniter\CodeIgniter->runController()
 5 SYSTEMPATH/CodeIgniter.php(349): CodeIgniter\CodeIgniter->handleRequest()
 6 FCPATH/index.php(57): CodeIgniter\CodeIgniter->run()
CRITICAL - 2024-08-02 15:54:01 --> Undefined variable $payArray
in APPPATH/Models/Engine.php on line 2230.
 1 APPPATH/Models/Engine.php(2230): CodeIgniter\Debug\Exceptions->errorHandler()
 2 APPPATH/Controllers/Api.php(147): App\Models\Engine->getBillToSynch()
 3 SYSTEMPATH/CodeIgniter.php(896): App\Controllers\Api->postbillpayment()
 4 SYSTEMPATH/CodeIgniter.php(466): CodeIgniter\CodeIgniter->runController()
 5 SYSTEMPATH/CodeIgniter.php(349): CodeIgniter\CodeIgniter->handleRequest()
 6 FCPATH/index.php(57): CodeIgniter\CodeIgniter->run()
CRITICAL - 2024-08-02 15:55:01 --> Undefined variable $payArray
in APPPATH/Models/Engine.php on line 2230.
 1 APPPATH/Models/Engine.php(2230): CodeIgniter\Debug\Exceptions->errorHandler()
 2 APPPATH/Controllers/Api.php(147): App\Models\Engine->getBillToSynch()
 3 SYSTEMPATH/CodeIgniter.php(896): App\Controllers\Api->postbillpayment()
 4 SYSTEMPATH/CodeIgniter.php(466): CodeIgniter\CodeIgniter->runController()
 5 SYSTEMPATH/CodeIgniter.php(349): CodeIgniter\CodeIgniter->handleRequest()
 6 FCPATH/index.php(57): CodeIgniter\CodeIgniter->run()
CRITICAL - 2024-08-02 15:56:01 --> Undefined variable $payArray
in APPPATH/Models/Engine.php on line 2230.
 1 APPPATH/Models/Engine.php(2230): CodeIgniter\Debug\Exceptions->errorHandler()
 2 APPPATH/Controllers/Api.php(147): App\Models\Engine->getBillToSynch()
 3 SYSTEMPATH/CodeIgniter.php(896): App\Controllers\Api->postbillpayment()
 4 SYSTEMPATH/CodeIgniter.php(466): CodeIgniter\CodeIgniter->runController()
 5 SYSTEMPATH/CodeIgniter.php(349): CodeIgniter\CodeIgniter->handleRequest()
 6 FCPATH/index.php(57): CodeIgniter\CodeIgniter->run()
CRITICAL - 2024-08-02 15:57:01 --> Undefined variable $payArray
in APPPATH/Models/Engine.php on line 2230.
 1 APPPATH/Models/Engine.php(2230): CodeIgniter\Debug\Exceptions->errorHandler()
 2 APPPATH/Controllers/Api.php(147): App\Models\Engine->getBillToSynch()
 3 SYSTEMPATH/CodeIgniter.php(896): App\Controllers\Api->postbillpayment()
 4 SYSTEMPATH/CodeIgniter.php(466): CodeIgniter\CodeIgniter->runController()
 5 SYSTEMPATH/CodeIgniter.php(349): CodeIgniter\CodeIgniter->handleRequest()
 6 FCPATH/index.php(57): CodeIgniter\CodeIgniter->run()
CRITICAL - 2024-08-02 15:58:01 --> Undefined variable $payArray
in APPPATH/Models/Engine.php on line 2230.
 1 APPPATH/Models/Engine.php(2230): CodeIgniter\Debug\Exceptions->errorHandler()
 2 APPPATH/Controllers/Api.php(147): App\Models\Engine->getBillToSynch()
 3 SYSTEMPATH/CodeIgniter.php(896): App\Controllers\Api->postbillpayment()
 4 SYSTEMPATH/CodeIgniter.php(466): CodeIgniter\CodeIgniter->runController()
 5 SYSTEMPATH/CodeIgniter.php(349): CodeIgniter\CodeIgniter->handleRequest()
 6 FCPATH/index.php(57): CodeIgniter\CodeIgniter->run()
CRITICAL - 2024-08-02 15:59:01 --> Undefined variable $payArray
in APPPATH/Models/Engine.php on line 2230.
 1 APPPATH/Models/Engine.php(2230): CodeIgniter\Debug\Exceptions->errorHandler()
 2 APPPATH/Controllers/Api.php(147): App\Models\Engine->getBillToSynch()
 3 SYSTEMPATH/CodeIgniter.php(896): App\Controllers\Api->postbillpayment()
 4 SYSTEMPATH/CodeIgniter.php(466): CodeIgniter\CodeIgniter->runController()
 5 SYSTEMPATH/CodeIgniter.php(349): CodeIgniter\CodeIgniter->handleRequest()
 6 FCPATH/index.php(57): CodeIgniter\CodeIgniter->run()
CRITICAL - 2024-08-02 16:00:01 --> Undefined variable $payArray
in APPPATH/Models/Engine.php on line 2230.
 1 APPPATH/Models/Engine.php(2230): CodeIgniter\Debug\Exceptions->errorHandler()
 2 APPPATH/Controllers/Api.php(147): App\Models\Engine->getBillToSynch()
 3 SYSTEMPATH/CodeIgniter.php(896): App\Controllers\Api->postbillpayment()
 4 SYSTEMPATH/CodeIgniter.php(466): CodeIgniter\CodeIgniter->runController()
 5 SYSTEMPATH/CodeIgniter.php(349): CodeIgniter\CodeIgniter->handleRequest()
 6 FCPATH/index.php(57): CodeIgniter\CodeIgniter->run()
CRITICAL - 2024-08-02 16:01:01 --> Undefined variable $payArray
in APPPATH/Models/Engine.php on line 2230.
 1 APPPATH/Models/Engine.php(2230): CodeIgniter\Debug\Exceptions->errorHandler()
 2 APPPATH/Controllers/Api.php(147): App\Models\Engine->getBillToSynch()
 3 SYSTEMPATH/CodeIgniter.php(896): App\Controllers\Api->postbillpayment()
 4 SYSTEMPATH/CodeIgniter.php(466): CodeIgniter\CodeIgniter->runController()
 5 SYSTEMPATH/CodeIgniter.php(349): CodeIgniter\CodeIgniter->handleRequest()
 6 FCPATH/index.php(57): CodeIgniter\CodeIgniter->run()
CRITICAL - 2024-08-02 16:02:01 --> Undefined variable $payArray
in APPPATH/Models/Engine.php on line 2230.
 1 APPPATH/Models/Engine.php(2230): CodeIgniter\Debug\Exceptions->errorHandler()
 2 APPPATH/Controllers/Api.php(147): App\Models\Engine->getBillToSynch()
 3 SYSTEMPATH/CodeIgniter.php(896): App\Controllers\Api->postbillpayment()
 4 SYSTEMPATH/CodeIgniter.php(466): CodeIgniter\CodeIgniter->runController()
 5 SYSTEMPATH/CodeIgniter.php(349): CodeIgniter\CodeIgniter->handleRequest()
 6 FCPATH/index.php(57): CodeIgniter\CodeIgniter->run()
CRITICAL - 2024-08-02 16:03:01 --> Undefined variable $payArray
in APPPATH/Models/Engine.php on line 2230.
 1 APPPATH/Models/Engine.php(2230): CodeIgniter\Debug\Exceptions->errorHandler()
 2 APPPATH/Controllers/Api.php(147): App\Models\Engine->getBillToSynch()
 3 SYSTEMPATH/CodeIgniter.php(896): App\Controllers\Api->postbillpayment()
 4 SYSTEMPATH/CodeIgniter.php(466): CodeIgniter\CodeIgniter->runController()
 5 SYSTEMPATH/CodeIgniter.php(349): CodeIgniter\CodeIgniter->handleRequest()
 6 FCPATH/index.php(57): CodeIgniter\CodeIgniter->run()
CRITICAL - 2024-08-02 16:04:01 --> Undefined variable $payArray
in APPPATH/Models/Engine.php on line 2230.
 1 APPPATH/Models/Engine.php(2230): CodeIgniter\Debug\Exceptions->errorHandler()
 2 APPPATH/Controllers/Api.php(147): App\Models\Engine->getBillToSynch()
 3 SYSTEMPATH/CodeIgniter.php(896): App\Controllers\Api->postbillpayment()
 4 SYSTEMPATH/CodeIgniter.php(466): CodeIgniter\CodeIgniter->runController()
 5 SYSTEMPATH/CodeIgniter.php(349): CodeIgniter\CodeIgniter->handleRequest()
 6 FCPATH/index.php(57): CodeIgniter\CodeIgniter->run()
CRITICAL - 2024-08-02 16:05:01 --> Undefined variable $payArray
in APPPATH/Models/Engine.php on line 2230.
 1 APPPATH/Models/Engine.php(2230): CodeIgniter\Debug\Exceptions->errorHandler()
 2 APPPATH/Controllers/Api.php(147): App\Models\Engine->getBillToSynch()
 3 SYSTEMPATH/CodeIgniter.php(896): App\Controllers\Api->postbillpayment()
 4 SYSTEMPATH/CodeIgniter.php(466): CodeIgniter\CodeIgniter->runController()
 5 SYSTEMPATH/CodeIgniter.php(349): CodeIgniter\CodeIgniter->handleRequest()
 6 FCPATH/index.php(57): CodeIgniter\CodeIgniter->run()
CRITICAL - 2024-08-02 16:06:02 --> Undefined variable $payArray
in APPPATH/Models/Engine.php on line 2230.
 1 APPPATH/Models/Engine.php(2230): CodeIgniter\Debug\Exceptions->errorHandler()
 2 APPPATH/Controllers/Api.php(147): App\Models\Engine->getBillToSynch()
 3 SYSTEMPATH/CodeIgniter.php(896): App\Controllers\Api->postbillpayment()
 4 SYSTEMPATH/CodeIgniter.php(466): CodeIgniter\CodeIgniter->runController()
 5 SYSTEMPATH/CodeIgniter.php(349): CodeIgniter\CodeIgniter->handleRequest()
 6 FCPATH/index.php(57): CodeIgniter\CodeIgniter->run()
CRITICAL - 2024-08-02 16:07:01 --> Undefined variable $payArray
in APPPATH/Models/Engine.php on line 2230.
 1 APPPATH/Models/Engine.php(2230): CodeIgniter\Debug\Exceptions->errorHandler()
 2 APPPATH/Controllers/Api.php(147): App\Models\Engine->getBillToSynch()
 3 SYSTEMPATH/CodeIgniter.php(896): App\Controllers\Api->postbillpayment()
 4 SYSTEMPATH/CodeIgniter.php(466): CodeIgniter\CodeIgniter->runController()
 5 SYSTEMPATH/CodeIgniter.php(349): CodeIgniter\CodeIgniter->handleRequest()
 6 FCPATH/index.php(57): CodeIgniter\CodeIgniter->run()
CRITICAL - 2024-08-02 16:08:01 --> Undefined variable $payArray
in APPPATH/Models/Engine.php on line 2230.
 1 APPPATH/Models/Engine.php(2230): CodeIgniter\Debug\Exceptions->errorHandler()
 2 APPPATH/Controllers/Api.php(147): App\Models\Engine->getBillToSynch()
 3 SYSTEMPATH/CodeIgniter.php(896): App\Controllers\Api->postbillpayment()
 4 SYSTEMPATH/CodeIgniter.php(466): CodeIgniter\CodeIgniter->runController()
 5 SYSTEMPATH/CodeIgniter.php(349): CodeIgniter\CodeIgniter->handleRequest()
 6 FCPATH/index.php(57): CodeIgniter\CodeIgniter->run()
CRITICAL - 2024-08-02 16:09:01 --> Undefined variable $payArray
in APPPATH/Models/Engine.php on line 2230.
 1 APPPATH/Models/Engine.php(2230): CodeIgniter\Debug\Exceptions->errorHandler()
 2 APPPATH/Controllers/Api.php(147): App\Models\Engine->getBillToSynch()
 3 SYSTEMPATH/CodeIgniter.php(896): App\Controllers\Api->postbillpayment()
 4 SYSTEMPATH/CodeIgniter.php(466): CodeIgniter\CodeIgniter->runController()
 5 SYSTEMPATH/CodeIgniter.php(349): CodeIgniter\CodeIgniter->handleRequest()
 6 FCPATH/index.php(57): CodeIgniter\CodeIgniter->run()
CRITICAL - 2024-08-02 16:10:01 --> Undefined variable $payArray
in APPPATH/Models/Engine.php on line 2230.
 1 APPPATH/Models/Engine.php(2230): CodeIgniter\Debug\Exceptions->errorHandler()
 2 APPPATH/Controllers/Api.php(147): App\Models\Engine->getBillToSynch()
 3 SYSTEMPATH/CodeIgniter.php(896): App\Controllers\Api->postbillpayment()
 4 SYSTEMPATH/CodeIgniter.php(466): CodeIgniter\CodeIgniter->runController()
 5 SYSTEMPATH/CodeIgniter.php(349): CodeIgniter\CodeIgniter->handleRequest()
 6 FCPATH/index.php(57): CodeIgniter\CodeIgniter->run()
CRITICAL - 2024-08-02 16:11:01 --> Undefined variable $payArray
in APPPATH/Models/Engine.php on line 2230.
 1 APPPATH/Models/Engine.php(2230): CodeIgniter\Debug\Exceptions->errorHandler()
 2 APPPATH/Controllers/Api.php(147): App\Models\Engine->getBillToSynch()
 3 SYSTEMPATH/CodeIgniter.php(896): App\Controllers\Api->postbillpayment()
 4 SYSTEMPATH/CodeIgniter.php(466): CodeIgniter\CodeIgniter->runController()
 5 SYSTEMPATH/CodeIgniter.php(349): CodeIgniter\CodeIgniter->handleRequest()
 6 FCPATH/index.php(57): CodeIgniter\CodeIgniter->run()
CRITICAL - 2024-08-02 16:12:01 --> Undefined variable $payArray
in APPPATH/Models/Engine.php on line 2230.
 1 APPPATH/Models/Engine.php(2230): CodeIgniter\Debug\Exceptions->errorHandler()
 2 APPPATH/Controllers/Api.php(147): App\Models\Engine->getBillToSynch()
 3 SYSTEMPATH/CodeIgniter.php(896): App\Controllers\Api->postbillpayment()
 4 SYSTEMPATH/CodeIgniter.php(466): CodeIgniter\CodeIgniter->runController()
 5 SYSTEMPATH/CodeIgniter.php(349): CodeIgniter\CodeIgniter->handleRequest()
 6 FCPATH/index.php(57): CodeIgniter\CodeIgniter->run()
CRITICAL - 2024-08-02 16:13:01 --> Undefined variable $payArray
in APPPATH/Models/Engine.php on line 2230.
 1 APPPATH/Models/Engine.php(2230): CodeIgniter\Debug\Exceptions->errorHandler()
 2 APPPATH/Controllers/Api.php(147): App\Models\Engine->getBillToSynch()
 3 SYSTEMPATH/CodeIgniter.php(896): App\Controllers\Api->postbillpayment()
 4 SYSTEMPATH/CodeIgniter.php(466): CodeIgniter\CodeIgniter->runController()
 5 SYSTEMPATH/CodeIgniter.php(349): CodeIgniter\CodeIgniter->handleRequest()
 6 FCPATH/index.php(57): CodeIgniter\CodeIgniter->run()
CRITICAL - 2024-08-02 16:14:01 --> Undefined variable $payArray
in APPPATH/Models/Engine.php on line 2230.
 1 APPPATH/Models/Engine.php(2230): CodeIgniter\Debug\Exceptions->errorHandler()
 2 APPPATH/Controllers/Api.php(147): App\Models\Engine->getBillToSynch()
 3 SYSTEMPATH/CodeIgniter.php(896): App\Controllers\Api->postbillpayment()
 4 SYSTEMPATH/CodeIgniter.php(466): CodeIgniter\CodeIgniter->runController()
 5 SYSTEMPATH/CodeIgniter.php(349): CodeIgniter\CodeIgniter->handleRequest()
 6 FCPATH/index.php(57): CodeIgniter\CodeIgniter->run()
CRITICAL - 2024-08-02 16:15:01 --> Undefined variable $payArray
in APPPATH/Models/Engine.php on line 2230.
 1 APPPATH/Models/Engine.php(2230): CodeIgniter\Debug\Exceptions->errorHandler()
 2 APPPATH/Controllers/Api.php(147): App\Models\Engine->getBillToSynch()
 3 SYSTEMPATH/CodeIgniter.php(896): App\Controllers\Api->postbillpayment()
 4 SYSTEMPATH/CodeIgniter.php(466): CodeIgniter\CodeIgniter->runController()
 5 SYSTEMPATH/CodeIgniter.php(349): CodeIgniter\CodeIgniter->handleRequest()
 6 FCPATH/index.php(57): CodeIgniter\CodeIgniter->run()
CRITICAL - 2024-08-02 16:16:01 --> Undefined variable $payArray
in APPPATH/Models/Engine.php on line 2230.
 1 APPPATH/Models/Engine.php(2230): CodeIgniter\Debug\Exceptions->errorHandler()
 2 APPPATH/Controllers/Api.php(147): App\Models\Engine->getBillToSynch()
 3 SYSTEMPATH/CodeIgniter.php(896): App\Controllers\Api->postbillpayment()
 4 SYSTEMPATH/CodeIgniter.php(466): CodeIgniter\CodeIgniter->runController()
 5 SYSTEMPATH/CodeIgniter.php(349): CodeIgniter\CodeIgniter->handleRequest()
 6 FCPATH/index.php(57): CodeIgniter\CodeIgniter->run()
CRITICAL - 2024-08-02 16:17:01 --> Undefined variable $payArray
in APPPATH/Models/Engine.php on line 2230.
 1 APPPATH/Models/Engine.php(2230): CodeIgniter\Debug\Exceptions->errorHandler()
 2 APPPATH/Controllers/Api.php(147): App\Models\Engine->getBillToSynch()
 3 SYSTEMPATH/CodeIgniter.php(896): App\Controllers\Api->postbillpayment()
 4 SYSTEMPATH/CodeIgniter.php(466): CodeIgniter\CodeIgniter->runController()
 5 SYSTEMPATH/CodeIgniter.php(349): CodeIgniter\CodeIgniter->handleRequest()
 6 FCPATH/index.php(57): CodeIgniter\CodeIgniter->run()
CRITICAL - 2024-08-02 16:18:01 --> Undefined variable $payArray
in APPPATH/Models/Engine.php on line 2230.
 1 APPPATH/Models/Engine.php(2230): CodeIgniter\Debug\Exceptions->errorHandler()
 2 APPPATH/Controllers/Api.php(147): App\Models\Engine->getBillToSynch()
 3 SYSTEMPATH/CodeIgniter.php(896): App\Controllers\Api->postbillpayment()
 4 SYSTEMPATH/CodeIgniter.php(466): CodeIgniter\CodeIgniter->runController()
 5 SYSTEMPATH/CodeIgniter.php(349): CodeIgniter\CodeIgniter->handleRequest()
 6 FCPATH/index.php(57): CodeIgniter\CodeIgniter->run()
CRITICAL - 2024-08-02 16:19:01 --> Undefined variable $payArray
in APPPATH/Models/Engine.php on line 2230.
 1 APPPATH/Models/Engine.php(2230): CodeIgniter\Debug\Exceptions->errorHandler()
 2 APPPATH/Controllers/Api.php(147): App\Models\Engine->getBillToSynch()
 3 SYSTEMPATH/CodeIgniter.php(896): App\Controllers\Api->postbillpayment()
 4 SYSTEMPATH/CodeIgniter.php(466): CodeIgniter\CodeIgniter->runController()
 5 SYSTEMPATH/CodeIgniter.php(349): CodeIgniter\CodeIgniter->handleRequest()
 6 FCPATH/index.php(57): CodeIgniter\CodeIgniter->run()
CRITICAL - 2024-08-02 16:20:01 --> Undefined variable $payArray
in APPPATH/Models/Engine.php on line 2230.
 1 APPPATH/Models/Engine.php(2230): CodeIgniter\Debug\Exceptions->errorHandler()
 2 APPPATH/Controllers/Api.php(147): App\Models\Engine->getBillToSynch()
 3 SYSTEMPATH/CodeIgniter.php(896): App\Controllers\Api->postbillpayment()
 4 SYSTEMPATH/CodeIgniter.php(466): CodeIgniter\CodeIgniter->runController()
 5 SYSTEMPATH/CodeIgniter.php(349): CodeIgniter\CodeIgniter->handleRequest()
 6 FCPATH/index.php(57): CodeIgniter\CodeIgniter->run()
CRITICAL - 2024-08-02 16:21:01 --> Undefined variable $payArray
in APPPATH/Models/Engine.php on line 2230.
 1 APPPATH/Models/Engine.php(2230): CodeIgniter\Debug\Exceptions->errorHandler()
 2 APPPATH/Controllers/Api.php(147): App\Models\Engine->getBillToSynch()
 3 SYSTEMPATH/CodeIgniter.php(896): App\Controllers\Api->postbillpayment()
 4 SYSTEMPATH/CodeIgniter.php(466): CodeIgniter\CodeIgniter->runController()
 5 SYSTEMPATH/CodeIgniter.php(349): CodeIgniter\CodeIgniter->handleRequest()
 6 FCPATH/index.php(57): CodeIgniter\CodeIgniter->run()
CRITICAL - 2024-08-02 16:22:01 --> Undefined variable $payArray
in APPPATH/Models/Engine.php on line 2230.
 1 APPPATH/Models/Engine.php(2230): CodeIgniter\Debug\Exceptions->errorHandler()
 2 APPPATH/Controllers/Api.php(147): App\Models\Engine->getBillToSynch()
 3 SYSTEMPATH/CodeIgniter.php(896): App\Controllers\Api->postbillpayment()
 4 SYSTEMPATH/CodeIgniter.php(466): CodeIgniter\CodeIgniter->runController()
 5 SYSTEMPATH/CodeIgniter.php(349): CodeIgniter\CodeIgniter->handleRequest()
 6 FCPATH/index.php(57): CodeIgniter\CodeIgniter->run()
CRITICAL - 2024-08-02 16:23:02 --> Undefined variable $payArray
in APPPATH/Models/Engine.php on line 2230.
 1 APPPATH/Models/Engine.php(2230): CodeIgniter\Debug\Exceptions->errorHandler()
 2 APPPATH/Controllers/Api.php(147): App\Models\Engine->getBillToSynch()
 3 SYSTEMPATH/CodeIgniter.php(896): App\Controllers\Api->postbillpayment()
 4 SYSTEMPATH/CodeIgniter.php(466): CodeIgniter\CodeIgniter->runController()
 5 SYSTEMPATH/CodeIgniter.php(349): CodeIgniter\CodeIgniter->handleRequest()
 6 FCPATH/index.php(57): CodeIgniter\CodeIgniter->run()
CRITICAL - 2024-08-02 16:24:02 --> Undefined variable $payArray
in APPPATH/Models/Engine.php on line 2230.
 1 APPPATH/Models/Engine.php(2230): CodeIgniter\Debug\Exceptions->errorHandler()
 2 APPPATH/Controllers/Api.php(147): App\Models\Engine->getBillToSynch()
 3 SYSTEMPATH/CodeIgniter.php(896): App\Controllers\Api->postbillpayment()
 4 SYSTEMPATH/CodeIgniter.php(466): CodeIgniter\CodeIgniter->runController()
 5 SYSTEMPATH/CodeIgniter.php(349): CodeIgniter\CodeIgniter->handleRequest()
 6 FCPATH/index.php(57): CodeIgniter\CodeIgniter->run()
CRITICAL - 2024-08-02 16:25:01 --> Undefined variable $payArray
in APPPATH/Models/Engine.php on line 2230.
 1 APPPATH/Models/Engine.php(2230): CodeIgniter\Debug\Exceptions->errorHandler()
 2 APPPATH/Controllers/Api.php(147): App\Models\Engine->getBillToSynch()
 3 SYSTEMPATH/CodeIgniter.php(896): App\Controllers\Api->postbillpayment()
 4 SYSTEMPATH/CodeIgniter.php(466): CodeIgniter\CodeIgniter->runController()
 5 SYSTEMPATH/CodeIgniter.php(349): CodeIgniter\CodeIgniter->handleRequest()
 6 FCPATH/index.php(57): CodeIgniter\CodeIgniter->run()
CRITICAL - 2024-08-02 16:26:01 --> Undefined variable $payArray
in APPPATH/Models/Engine.php on line 2230.
 1 APPPATH/Models/Engine.php(2230): CodeIgniter\Debug\Exceptions->errorHandler()
 2 APPPATH/Controllers/Api.php(147): App\Models\Engine->getBillToSynch()
 3 SYSTEMPATH/CodeIgniter.php(896): App\Controllers\Api->postbillpayment()
 4 SYSTEMPATH/CodeIgniter.php(466): CodeIgniter\CodeIgniter->runController()
 5 SYSTEMPATH/CodeIgniter.php(349): CodeIgniter\CodeIgniter->handleRequest()
 6 FCPATH/index.php(57): CodeIgniter\CodeIgniter->run()
CRITICAL - 2024-08-02 16:27:01 --> Undefined variable $payArray
in APPPATH/Models/Engine.php on line 2230.
 1 APPPATH/Models/Engine.php(2230): CodeIgniter\Debug\Exceptions->errorHandler()
 2 APPPATH/Controllers/Api.php(147): App\Models\Engine->getBillToSynch()
 3 SYSTEMPATH/CodeIgniter.php(896): App\Controllers\Api->postbillpayment()
 4 SYSTEMPATH/CodeIgniter.php(466): CodeIgniter\CodeIgniter->runController()
 5 SYSTEMPATH/CodeIgniter.php(349): CodeIgniter\CodeIgniter->handleRequest()
 6 FCPATH/index.php(57): CodeIgniter\CodeIgniter->run()
CRITICAL - 2024-08-02 16:29:01 --> Undefined variable $payArray
in APPPATH/Models/Engine.php on line 2230.
 1 APPPATH/Models/Engine.php(2230): CodeIgniter\Debug\Exceptions->errorHandler()
 2 APPPATH/Controllers/Api.php(147): App\Models\Engine->getBillToSynch()
 3 SYSTEMPATH/CodeIgniter.php(896): App\Controllers\Api->postbillpayment()
 4 SYSTEMPATH/CodeIgniter.php(466): CodeIgniter\CodeIgniter->runController()
 5 SYSTEMPATH/CodeIgniter.php(349): CodeIgniter\CodeIgniter->handleRequest()
 6 FCPATH/index.php(57): CodeIgniter\CodeIgniter->run()
CRITICAL - 2024-08-02 16:30:01 --> Undefined variable $payArray
in APPPATH/Models/Engine.php on line 2230.
 1 APPPATH/Models/Engine.php(2230): CodeIgniter\Debug\Exceptions->errorHandler()
 2 APPPATH/Controllers/Api.php(147): App\Models\Engine->getBillToSynch()
 3 SYSTEMPATH/CodeIgniter.php(896): App\Controllers\Api->postbillpayment()
 4 SYSTEMPATH/CodeIgniter.php(466): CodeIgniter\CodeIgniter->runController()
 5 SYSTEMPATH/CodeIgniter.php(349): CodeIgniter\CodeIgniter->handleRequest()
 6 FCPATH/index.php(57): CodeIgniter\CodeIgniter->run()
CRITICAL - 2024-08-02 16:31:01 --> Undefined variable $payArray
in APPPATH/Models/Engine.php on line 2230.
 1 APPPATH/Models/Engine.php(2230): CodeIgniter\Debug\Exceptions->errorHandler()
 2 APPPATH/Controllers/Api.php(147): App\Models\Engine->getBillToSynch()
 3 SYSTEMPATH/CodeIgniter.php(896): App\Controllers\Api->postbillpayment()
 4 SYSTEMPATH/CodeIgniter.php(466): CodeIgniter\CodeIgniter->runController()
 5 SYSTEMPATH/CodeIgniter.php(349): CodeIgniter\CodeIgniter->handleRequest()
 6 FCPATH/index.php(57): CodeIgniter\CodeIgniter->run()
CRITICAL - 2024-08-02 16:32:01 --> Undefined variable $payArray
in APPPATH/Models/Engine.php on line 2230.
 1 APPPATH/Models/Engine.php(2230): CodeIgniter\Debug\Exceptions->errorHandler()
 2 APPPATH/Controllers/Api.php(147): App\Models\Engine->getBillToSynch()
 3 SYSTEMPATH/CodeIgniter.php(896): App\Controllers\Api->postbillpayment()
 4 SYSTEMPATH/CodeIgniter.php(466): CodeIgniter\CodeIgniter->runController()
 5 SYSTEMPATH/CodeIgniter.php(349): CodeIgniter\CodeIgniter->handleRequest()
 6 FCPATH/index.php(57): CodeIgniter\CodeIgniter->run()
CRITICAL - 2024-08-02 16:33:01 --> Undefined variable $payArray
in APPPATH/Models/Engine.php on line 2230.
 1 APPPATH/Models/Engine.php(2230): CodeIgniter\Debug\Exceptions->errorHandler()
 2 APPPATH/Controllers/Api.php(147): App\Models\Engine->getBillToSynch()
 3 SYSTEMPATH/CodeIgniter.php(896): App\Controllers\Api->postbillpayment()
 4 SYSTEMPATH/CodeIgniter.php(466): CodeIgniter\CodeIgniter->runController()
 5 SYSTEMPATH/CodeIgniter.php(349): CodeIgniter\CodeIgniter->handleRequest()
 6 FCPATH/index.php(57): CodeIgniter\CodeIgniter->run()
CRITICAL - 2024-08-02 16:34:01 --> Undefined variable $payArray
in APPPATH/Models/Engine.php on line 2230.
 1 APPPATH/Models/Engine.php(2230): CodeIgniter\Debug\Exceptions->errorHandler()
 2 APPPATH/Controllers/Api.php(147): App\Models\Engine->getBillToSynch()
 3 SYSTEMPATH/CodeIgniter.php(896): App\Controllers\Api->postbillpayment()
 4 SYSTEMPATH/CodeIgniter.php(466): CodeIgniter\CodeIgniter->runController()
 5 SYSTEMPATH/CodeIgniter.php(349): CodeIgniter\CodeIgniter->handleRequest()
 6 FCPATH/index.php(57): CodeIgniter\CodeIgniter->run()
CRITICAL - 2024-08-02 16:35:01 --> Undefined variable $payArray
in APPPATH/Models/Engine.php on line 2230.
 1 APPPATH/Models/Engine.php(2230): CodeIgniter\Debug\Exceptions->errorHandler()
 2 APPPATH/Controllers/Api.php(147): App\Models\Engine->getBillToSynch()
 3 SYSTEMPATH/CodeIgniter.php(896): App\Controllers\Api->postbillpayment()
 4 SYSTEMPATH/CodeIgniter.php(466): CodeIgniter\CodeIgniter->runController()
 5 SYSTEMPATH/CodeIgniter.php(349): CodeIgniter\CodeIgniter->handleRequest()
 6 FCPATH/index.php(57): CodeIgniter\CodeIgniter->run()
CRITICAL - 2024-08-02 16:36:01 --> Undefined variable $payArray
in APPPATH/Models/Engine.php on line 2230.
 1 APPPATH/Models/Engine.php(2230): CodeIgniter\Debug\Exceptions->errorHandler()
 2 APPPATH/Controllers/Api.php(147): App\Models\Engine->getBillToSynch()
 3 SYSTEMPATH/CodeIgniter.php(896): App\Controllers\Api->postbillpayment()
 4 SYSTEMPATH/CodeIgniter.php(466): CodeIgniter\CodeIgniter->runController()
 5 SYSTEMPATH/CodeIgniter.php(349): CodeIgniter\CodeIgniter->handleRequest()
 6 FCPATH/index.php(57): CodeIgniter\CodeIgniter->run()
CRITICAL - 2024-08-02 16:37:01 --> Undefined variable $payArray
in APPPATH/Models/Engine.php on line 2230.
 1 APPPATH/Models/Engine.php(2230): CodeIgniter\Debug\Exceptions->errorHandler()
 2 APPPATH/Controllers/Api.php(147): App\Models\Engine->getBillToSynch()
 3 SYSTEMPATH/CodeIgniter.php(896): App\Controllers\Api->postbillpayment()
 4 SYSTEMPATH/CodeIgniter.php(466): CodeIgniter\CodeIgniter->runController()
 5 SYSTEMPATH/CodeIgniter.php(349): CodeIgniter\CodeIgniter->handleRequest()
 6 FCPATH/index.php(57): CodeIgniter\CodeIgniter->run()
CRITICAL - 2024-08-02 16:38:01 --> Undefined variable $payArray
in APPPATH/Models/Engine.php on line 2230.
 1 APPPATH/Models/Engine.php(2230): CodeIgniter\Debug\Exceptions->errorHandler()
 2 APPPATH/Controllers/Api.php(147): App\Models\Engine->getBillToSynch()
 3 SYSTEMPATH/CodeIgniter.php(896): App\Controllers\Api->postbillpayment()
 4 SYSTEMPATH/CodeIgniter.php(466): CodeIgniter\CodeIgniter->runController()
 5 SYSTEMPATH/CodeIgniter.php(349): CodeIgniter\CodeIgniter->handleRequest()
 6 FCPATH/index.php(57): CodeIgniter\CodeIgniter->run()
CRITICAL - 2024-08-02 16:39:01 --> Undefined variable $payArray
in APPPATH/Models/Engine.php on line 2230.
 1 APPPATH/Models/Engine.php(2230): CodeIgniter\Debug\Exceptions->errorHandler()
 2 APPPATH/Controllers/Api.php(147): App\Models\Engine->getBillToSynch()
 3 SYSTEMPATH/CodeIgniter.php(896): App\Controllers\Api->postbillpayment()
 4 SYSTEMPATH/CodeIgniter.php(466): CodeIgniter\CodeIgniter->runController()
 5 SYSTEMPATH/CodeIgniter.php(349): CodeIgniter\CodeIgniter->handleRequest()
 6 FCPATH/index.php(57): CodeIgniter\CodeIgniter->run()
CRITICAL - 2024-08-02 16:40:01 --> Undefined variable $payArray
in APPPATH/Models/Engine.php on line 2230.
 1 APPPATH/Models/Engine.php(2230): CodeIgniter\Debug\Exceptions->errorHandler()
 2 APPPATH/Controllers/Api.php(147): App\Models\Engine->getBillToSynch()
 3 SYSTEMPATH/CodeIgniter.php(896): App\Controllers\Api->postbillpayment()
 4 SYSTEMPATH/CodeIgniter.php(466): CodeIgniter\CodeIgniter->runController()
 5 SYSTEMPATH/CodeIgniter.php(349): CodeIgniter\CodeIgniter->handleRequest()
 6 FCPATH/index.php(57): CodeIgniter\CodeIgniter->run()
CRITICAL - 2024-08-02 16:41:02 --> Undefined variable $payArray
in APPPATH/Models/Engine.php on line 2230.
 1 APPPATH/Models/Engine.php(2230): CodeIgniter\Debug\Exceptions->errorHandler()
 2 APPPATH/Controllers/Api.php(147): App\Models\Engine->getBillToSynch()
 3 SYSTEMPATH/CodeIgniter.php(896): App\Controllers\Api->postbillpayment()
 4 SYSTEMPATH/CodeIgniter.php(466): CodeIgniter\CodeIgniter->runController()
 5 SYSTEMPATH/CodeIgniter.php(349): CodeIgniter\CodeIgniter->handleRequest()
 6 FCPATH/index.php(57): CodeIgniter\CodeIgniter->run()
CRITICAL - 2024-08-02 16:42:01 --> Undefined variable $payArray
in APPPATH/Models/Engine.php on line 2230.
 1 APPPATH/Models/Engine.php(2230): CodeIgniter\Debug\Exceptions->errorHandler()
 2 APPPATH/Controllers/Api.php(147): App\Models\Engine->getBillToSynch()
 3 SYSTEMPATH/CodeIgniter.php(896): App\Controllers\Api->postbillpayment()
 4 SYSTEMPATH/CodeIgniter.php(466): CodeIgniter\CodeIgniter->runController()
 5 SYSTEMPATH/CodeIgniter.php(349): CodeIgniter\CodeIgniter->handleRequest()
 6 FCPATH/index.php(57): CodeIgniter\CodeIgniter->run()
CRITICAL - 2024-08-02 16:43:01 --> Undefined variable $payArray
in APPPATH/Models/Engine.php on line 2230.
 1 APPPATH/Models/Engine.php(2230): CodeIgniter\Debug\Exceptions->errorHandler()
 2 APPPATH/Controllers/Api.php(147): App\Models\Engine->getBillToSynch()
 3 SYSTEMPATH/CodeIgniter.php(896): App\Controllers\Api->postbillpayment()
 4 SYSTEMPATH/CodeIgniter.php(466): CodeIgniter\CodeIgniter->runController()
 5 SYSTEMPATH/CodeIgniter.php(349): CodeIgniter\CodeIgniter->handleRequest()
 6 FCPATH/index.php(57): CodeIgniter\CodeIgniter->run()
CRITICAL - 2024-08-02 16:44:01 --> Undefined variable $payArray
in APPPATH/Models/Engine.php on line 2230.
 1 APPPATH/Models/Engine.php(2230): CodeIgniter\Debug\Exceptions->errorHandler()
 2 APPPATH/Controllers/Api.php(147): App\Models\Engine->getBillToSynch()
 3 SYSTEMPATH/CodeIgniter.php(896): App\Controllers\Api->postbillpayment()
 4 SYSTEMPATH/CodeIgniter.php(466): CodeIgniter\CodeIgniter->runController()
 5 SYSTEMPATH/CodeIgniter.php(349): CodeIgniter\CodeIgniter->handleRequest()
 6 FCPATH/index.php(57): CodeIgniter\CodeIgniter->run()
CRITICAL - 2024-08-02 16:45:01 --> Undefined variable $payArray
in APPPATH/Models/Engine.php on line 2230.
 1 APPPATH/Models/Engine.php(2230): CodeIgniter\Debug\Exceptions->errorHandler()
 2 APPPATH/Controllers/Api.php(147): App\Models\Engine->getBillToSynch()
 3 SYSTEMPATH/CodeIgniter.php(896): App\Controllers\Api->postbillpayment()
 4 SYSTEMPATH/CodeIgniter.php(466): CodeIgniter\CodeIgniter->runController()
 5 SYSTEMPATH/CodeIgniter.php(349): CodeIgniter\CodeIgniter->handleRequest()
 6 FCPATH/index.php(57): CodeIgniter\CodeIgniter->run()
CRITICAL - 2024-08-02 16:46:01 --> Undefined variable $payArray
in APPPATH/Models/Engine.php on line 2230.
 1 APPPATH/Models/Engine.php(2230): CodeIgniter\Debug\Exceptions->errorHandler()
 2 APPPATH/Controllers/Api.php(147): App\Models\Engine->getBillToSynch()
 3 SYSTEMPATH/CodeIgniter.php(896): App\Controllers\Api->postbillpayment()
 4 SYSTEMPATH/CodeIgniter.php(466): CodeIgniter\CodeIgniter->runController()
 5 SYSTEMPATH/CodeIgniter.php(349): CodeIgniter\CodeIgniter->handleRequest()
 6 FCPATH/index.php(57): CodeIgniter\CodeIgniter->run()
CRITICAL - 2024-08-02 16:48:01 --> Undefined variable $payArray
in APPPATH/Models/Engine.php on line 2230.
 1 APPPATH/Models/Engine.php(2230): CodeIgniter\Debug\Exceptions->errorHandler()
 2 APPPATH/Controllers/Api.php(147): App\Models\Engine->getBillToSynch()
 3 SYSTEMPATH/CodeIgniter.php(896): App\Controllers\Api->postbillpayment()
 4 SYSTEMPATH/CodeIgniter.php(466): CodeIgniter\CodeIgniter->runController()
 5 SYSTEMPATH/CodeIgniter.php(349): CodeIgniter\CodeIgniter->handleRequest()
 6 FCPATH/index.php(57): CodeIgniter\CodeIgniter->run()
CRITICAL - 2024-08-02 16:49:01 --> Undefined variable $payArray
in APPPATH/Models/Engine.php on line 2230.
 1 APPPATH/Models/Engine.php(2230): CodeIgniter\Debug\Exceptions->errorHandler()
 2 APPPATH/Controllers/Api.php(147): App\Models\Engine->getBillToSynch()
 3 SYSTEMPATH/CodeIgniter.php(896): App\Controllers\Api->postbillpayment()
 4 SYSTEMPATH/CodeIgniter.php(466): CodeIgniter\CodeIgniter->runController()
 5 SYSTEMPATH/CodeIgniter.php(349): CodeIgniter\CodeIgniter->handleRequest()
 6 FCPATH/index.php(57): CodeIgniter\CodeIgniter->run()
CRITICAL - 2024-08-02 16:50:01 --> Undefined variable $payArray
in APPPATH/Models/Engine.php on line 2230.
 1 APPPATH/Models/Engine.php(2230): CodeIgniter\Debug\Exceptions->errorHandler()
 2 APPPATH/Controllers/Api.php(147): App\Models\Engine->getBillToSynch()
 3 SYSTEMPATH/CodeIgniter.php(896): App\Controllers\Api->postbillpayment()
 4 SYSTEMPATH/CodeIgniter.php(466): CodeIgniter\CodeIgniter->runController()
 5 SYSTEMPATH/CodeIgniter.php(349): CodeIgniter\CodeIgniter->handleRequest()
 6 FCPATH/index.php(57): CodeIgniter\CodeIgniter->run()
CRITICAL - 2024-08-02 16:51:01 --> Undefined variable $payArray
in APPPATH/Models/Engine.php on line 2230.
 1 APPPATH/Models/Engine.php(2230): CodeIgniter\Debug\Exceptions->errorHandler()
 2 APPPATH/Controllers/Api.php(147): App\Models\Engine->getBillToSynch()
 3 SYSTEMPATH/CodeIgniter.php(896): App\Controllers\Api->postbillpayment()
 4 SYSTEMPATH/CodeIgniter.php(466): CodeIgniter\CodeIgniter->runController()
 5 SYSTEMPATH/CodeIgniter.php(349): CodeIgniter\CodeIgniter->handleRequest()
 6 FCPATH/index.php(57): CodeIgniter\CodeIgniter->run()
CRITICAL - 2024-08-02 16:52:01 --> Undefined variable $payArray
in APPPATH/Models/Engine.php on line 2230.
 1 APPPATH/Models/Engine.php(2230): CodeIgniter\Debug\Exceptions->errorHandler()
 2 APPPATH/Controllers/Api.php(147): App\Models\Engine->getBillToSynch()
 3 SYSTEMPATH/CodeIgniter.php(896): App\Controllers\Api->postbillpayment()
 4 SYSTEMPATH/CodeIgniter.php(466): CodeIgniter\CodeIgniter->runController()
 5 SYSTEMPATH/CodeIgniter.php(349): CodeIgniter\CodeIgniter->handleRequest()
 6 FCPATH/index.php(57): CodeIgniter\CodeIgniter->run()
CRITICAL - 2024-08-02 16:53:01 --> Undefined variable $payArray
in APPPATH/Models/Engine.php on line 2230.
 1 APPPATH/Models/Engine.php(2230): CodeIgniter\Debug\Exceptions->errorHandler()
 2 APPPATH/Controllers/Api.php(147): App\Models\Engine->getBillToSynch()
 3 SYSTEMPATH/CodeIgniter.php(896): App\Controllers\Api->postbillpayment()
 4 SYSTEMPATH/CodeIgniter.php(466): CodeIgniter\CodeIgniter->runController()
 5 SYSTEMPATH/CodeIgniter.php(349): CodeIgniter\CodeIgniter->handleRequest()
 6 FCPATH/index.php(57): CodeIgniter\CodeIgniter->run()
CRITICAL - 2024-08-02 16:54:01 --> Undefined variable $payArray
in APPPATH/Models/Engine.php on line 2230.
 1 APPPATH/Models/Engine.php(2230): CodeIgniter\Debug\Exceptions->errorHandler()
 2 APPPATH/Controllers/Api.php(147): App\Models\Engine->getBillToSynch()
 3 SYSTEMPATH/CodeIgniter.php(896): App\Controllers\Api->postbillpayment()
 4 SYSTEMPATH/CodeIgniter.php(466): CodeIgniter\CodeIgniter->runController()
 5 SYSTEMPATH/CodeIgniter.php(349): CodeIgniter\CodeIgniter->handleRequest()
 6 FCPATH/index.php(57): CodeIgniter\CodeIgniter->run()
CRITICAL - 2024-08-02 16:55:01 --> Undefined variable $payArray
in APPPATH/Models/Engine.php on line 2230.
 1 APPPATH/Models/Engine.php(2230): CodeIgniter\Debug\Exceptions->errorHandler()
 2 APPPATH/Controllers/Api.php(147): App\Models\Engine->getBillToSynch()
 3 SYSTEMPATH/CodeIgniter.php(896): App\Controllers\Api->postbillpayment()
 4 SYSTEMPATH/CodeIgniter.php(466): CodeIgniter\CodeIgniter->runController()
 5 SYSTEMPATH/CodeIgniter.php(349): CodeIgniter\CodeIgniter->handleRequest()
 6 FCPATH/index.php(57): CodeIgniter\CodeIgniter->run()
CRITICAL - 2024-08-02 16:56:01 --> Undefined variable $payArray
in APPPATH/Models/Engine.php on line 2230.
 1 APPPATH/Models/Engine.php(2230): CodeIgniter\Debug\Exceptions->errorHandler()
 2 APPPATH/Controllers/Api.php(147): App\Models\Engine->getBillToSynch()
 3 SYSTEMPATH/CodeIgniter.php(896): App\Controllers\Api->postbillpayment()
 4 SYSTEMPATH/CodeIgniter.php(466): CodeIgniter\CodeIgniter->runController()
 5 SYSTEMPATH/CodeIgniter.php(349): CodeIgniter\CodeIgniter->handleRequest()
 6 FCPATH/index.php(57): CodeIgniter\CodeIgniter->run()
CRITICAL - 2024-08-02 16:57:01 --> Undefined variable $payArray
in APPPATH/Models/Engine.php on line 2230.
 1 APPPATH/Models/Engine.php(2230): CodeIgniter\Debug\Exceptions->errorHandler()
 2 APPPATH/Controllers/Api.php(147): App\Models\Engine->getBillToSynch()
 3 SYSTEMPATH/CodeIgniter.php(896): App\Controllers\Api->postbillpayment()
 4 SYSTEMPATH/CodeIgniter.php(466): CodeIgniter\CodeIgniter->runController()
 5 SYSTEMPATH/CodeIgniter.php(349): CodeIgniter\CodeIgniter->handleRequest()
 6 FCPATH/index.php(57): CodeIgniter\CodeIgniter->run()
CRITICAL - 2024-08-02 16:58:02 --> Undefined variable $payArray
in APPPATH/Models/Engine.php on line 2230.
 1 APPPATH/Models/Engine.php(2230): CodeIgniter\Debug\Exceptions->errorHandler()
 2 APPPATH/Controllers/Api.php(147): App\Models\Engine->getBillToSynch()
 3 SYSTEMPATH/CodeIgniter.php(896): App\Controllers\Api->postbillpayment()
 4 SYSTEMPATH/CodeIgniter.php(466): CodeIgniter\CodeIgniter->runController()
 5 SYSTEMPATH/CodeIgniter.php(349): CodeIgniter\CodeIgniter->handleRequest()
 6 FCPATH/index.php(57): CodeIgniter\CodeIgniter->run()
CRITICAL - 2024-08-02 16:59:01 --> Undefined variable $payArray
in APPPATH/Models/Engine.php on line 2230.
 1 APPPATH/Models/Engine.php(2230): CodeIgniter\Debug\Exceptions->errorHandler()
 2 APPPATH/Controllers/Api.php(147): App\Models\Engine->getBillToSynch()
 3 SYSTEMPATH/CodeIgniter.php(896): App\Controllers\Api->postbillpayment()
 4 SYSTEMPATH/CodeIgniter.php(466): CodeIgniter\CodeIgniter->runController()
 5 SYSTEMPATH/CodeIgniter.php(349): CodeIgniter\CodeIgniter->handleRequest()
 6 FCPATH/index.php(57): CodeIgniter\CodeIgniter->run()
CRITICAL - 2024-08-02 17:01:01 --> Undefined variable $payArray
in APPPATH/Models/Engine.php on line 2230.
 1 APPPATH/Models/Engine.php(2230): CodeIgniter\Debug\Exceptions->errorHandler()
 2 APPPATH/Controllers/Api.php(147): App\Models\Engine->getBillToSynch()
 3 SYSTEMPATH/CodeIgniter.php(896): App\Controllers\Api->postbillpayment()
 4 SYSTEMPATH/CodeIgniter.php(466): CodeIgniter\CodeIgniter->runController()
 5 SYSTEMPATH/CodeIgniter.php(349): CodeIgniter\CodeIgniter->handleRequest()
 6 FCPATH/index.php(57): CodeIgniter\CodeIgniter->run()
CRITICAL - 2024-08-02 17:02:01 --> Undefined variable $payArray
in APPPATH/Models/Engine.php on line 2230.
 1 APPPATH/Models/Engine.php(2230): CodeIgniter\Debug\Exceptions->errorHandler()
 2 APPPATH/Controllers/Api.php(147): App\Models\Engine->getBillToSynch()
 3 SYSTEMPATH/CodeIgniter.php(896): App\Controllers\Api->postbillpayment()
 4 SYSTEMPATH/CodeIgniter.php(466): CodeIgniter\CodeIgniter->runController()
 5 SYSTEMPATH/CodeIgniter.php(349): CodeIgniter\CodeIgniter->handleRequest()
 6 FCPATH/index.php(57): CodeIgniter\CodeIgniter->run()
CRITICAL - 2024-08-02 17:03:01 --> Undefined variable $payArray
in APPPATH/Models/Engine.php on line 2230.
 1 APPPATH/Models/Engine.php(2230): CodeIgniter\Debug\Exceptions->errorHandler()
 2 APPPATH/Controllers/Api.php(147): App\Models\Engine->getBillToSynch()
 3 SYSTEMPATH/CodeIgniter.php(896): App\Controllers\Api->postbillpayment()
 4 SYSTEMPATH/CodeIgniter.php(466): CodeIgniter\CodeIgniter->runController()
 5 SYSTEMPATH/CodeIgniter.php(349): CodeIgniter\CodeIgniter->handleRequest()
 6 FCPATH/index.php(57): CodeIgniter\CodeIgniter->run()
CRITICAL - 2024-08-02 17:05:01 --> Undefined variable $payArray
in APPPATH/Models/Engine.php on line 2230.
 1 APPPATH/Models/Engine.php(2230): CodeIgniter\Debug\Exceptions->errorHandler()
 2 APPPATH/Controllers/Api.php(147): App\Models\Engine->getBillToSynch()
 3 SYSTEMPATH/CodeIgniter.php(896): App\Controllers\Api->postbillpayment()
 4 SYSTEMPATH/CodeIgniter.php(466): CodeIgniter\CodeIgniter->runController()
 5 SYSTEMPATH/CodeIgniter.php(349): CodeIgniter\CodeIgniter->handleRequest()
 6 FCPATH/index.php(57): CodeIgniter\CodeIgniter->run()
CRITICAL - 2024-08-02 17:06:01 --> Undefined variable $payArray
in APPPATH/Models/Engine.php on line 2230.
 1 APPPATH/Models/Engine.php(2230): CodeIgniter\Debug\Exceptions->errorHandler()
 2 APPPATH/Controllers/Api.php(147): App\Models\Engine->getBillToSynch()
 3 SYSTEMPATH/CodeIgniter.php(896): App\Controllers\Api->postbillpayment()
 4 SYSTEMPATH/CodeIgniter.php(466): CodeIgniter\CodeIgniter->runController()
 5 SYSTEMPATH/CodeIgniter.php(349): CodeIgniter\CodeIgniter->handleRequest()
 6 FCPATH/index.php(57): CodeIgniter\CodeIgniter->run()
CRITICAL - 2024-08-02 17:07:01 --> Undefined variable $payArray
in APPPATH/Models/Engine.php on line 2230.
 1 APPPATH/Models/Engine.php(2230): CodeIgniter\Debug\Exceptions->errorHandler()
 2 APPPATH/Controllers/Api.php(147): App\Models\Engine->getBillToSynch()
 3 SYSTEMPATH/CodeIgniter.php(896): App\Controllers\Api->postbillpayment()
 4 SYSTEMPATH/CodeIgniter.php(466): CodeIgniter\CodeIgniter->runController()
 5 SYSTEMPATH/CodeIgniter.php(349): CodeIgniter\CodeIgniter->handleRequest()
 6 FCPATH/index.php(57): CodeIgniter\CodeIgniter->run()
CRITICAL - 2024-08-02 17:08:01 --> Undefined variable $payArray
in APPPATH/Models/Engine.php on line 2230.
 1 APPPATH/Models/Engine.php(2230): CodeIgniter\Debug\Exceptions->errorHandler()
 2 APPPATH/Controllers/Api.php(147): App\Models\Engine->getBillToSynch()
 3 SYSTEMPATH/CodeIgniter.php(896): App\Controllers\Api->postbillpayment()
 4 SYSTEMPATH/CodeIgniter.php(466): CodeIgniter\CodeIgniter->runController()
 5 SYSTEMPATH/CodeIgniter.php(349): CodeIgniter\CodeIgniter->handleRequest()
 6 FCPATH/index.php(57): CodeIgniter\CodeIgniter->run()
CRITICAL - 2024-08-02 17:09:01 --> Undefined variable $payArray
in APPPATH/Models/Engine.php on line 2230.
 1 APPPATH/Models/Engine.php(2230): CodeIgniter\Debug\Exceptions->errorHandler()
 2 APPPATH/Controllers/Api.php(147): App\Models\Engine->getBillToSynch()
 3 SYSTEMPATH/CodeIgniter.php(896): App\Controllers\Api->postbillpayment()
 4 SYSTEMPATH/CodeIgniter.php(466): CodeIgniter\CodeIgniter->runController()
 5 SYSTEMPATH/CodeIgniter.php(349): CodeIgniter\CodeIgniter->handleRequest()
 6 FCPATH/index.php(57): CodeIgniter\CodeIgniter->run()
CRITICAL - 2024-08-02 17:10:01 --> Undefined variable $payArray
in APPPATH/Models/Engine.php on line 2230.
 1 APPPATH/Models/Engine.php(2230): CodeIgniter\Debug\Exceptions->errorHandler()
 2 APPPATH/Controllers/Api.php(147): App\Models\Engine->getBillToSynch()
 3 SYSTEMPATH/CodeIgniter.php(896): App\Controllers\Api->postbillpayment()
 4 SYSTEMPATH/CodeIgniter.php(466): CodeIgniter\CodeIgniter->runController()
 5 SYSTEMPATH/CodeIgniter.php(349): CodeIgniter\CodeIgniter->handleRequest()
 6 FCPATH/index.php(57): CodeIgniter\CodeIgniter->run()
CRITICAL - 2024-08-02 17:11:01 --> Undefined variable $payArray
in APPPATH/Models/Engine.php on line 2230.
 1 APPPATH/Models/Engine.php(2230): CodeIgniter\Debug\Exceptions->errorHandler()
 2 APPPATH/Controllers/Api.php(147): App\Models\Engine->getBillToSynch()
 3 SYSTEMPATH/CodeIgniter.php(896): App\Controllers\Api->postbillpayment()
 4 SYSTEMPATH/CodeIgniter.php(466): CodeIgniter\CodeIgniter->runController()
 5 SYSTEMPATH/CodeIgniter.php(349): CodeIgniter\CodeIgniter->handleRequest()
 6 FCPATH/index.php(57): CodeIgniter\CodeIgniter->run()
CRITICAL - 2024-08-02 17:12:01 --> Undefined variable $payArray
in APPPATH/Models/Engine.php on line 2230.
 1 APPPATH/Models/Engine.php(2230): CodeIgniter\Debug\Exceptions->errorHandler()
 2 APPPATH/Controllers/Api.php(147): App\Models\Engine->getBillToSynch()
 3 SYSTEMPATH/CodeIgniter.php(896): App\Controllers\Api->postbillpayment()
 4 SYSTEMPATH/CodeIgniter.php(466): CodeIgniter\CodeIgniter->runController()
 5 SYSTEMPATH/CodeIgniter.php(349): CodeIgniter\CodeIgniter->handleRequest()
 6 FCPATH/index.php(57): CodeIgniter\CodeIgniter->run()
CRITICAL - 2024-08-02 17:13:01 --> Undefined variable $payArray
in APPPATH/Models/Engine.php on line 2230.
 1 APPPATH/Models/Engine.php(2230): CodeIgniter\Debug\Exceptions->errorHandler()
 2 APPPATH/Controllers/Api.php(147): App\Models\Engine->getBillToSynch()
 3 SYSTEMPATH/CodeIgniter.php(896): App\Controllers\Api->postbillpayment()
 4 SYSTEMPATH/CodeIgniter.php(466): CodeIgniter\CodeIgniter->runController()
 5 SYSTEMPATH/CodeIgniter.php(349): CodeIgniter\CodeIgniter->handleRequest()
 6 FCPATH/index.php(57): CodeIgniter\CodeIgniter->run()
CRITICAL - 2024-08-02 17:14:01 --> Undefined variable $payArray
in APPPATH/Models/Engine.php on line 2230.
 1 APPPATH/Models/Engine.php(2230): CodeIgniter\Debug\Exceptions->errorHandler()
 2 APPPATH/Controllers/Api.php(147): App\Models\Engine->getBillToSynch()
 3 SYSTEMPATH/CodeIgniter.php(896): App\Controllers\Api->postbillpayment()
 4 SYSTEMPATH/CodeIgniter.php(466): CodeIgniter\CodeIgniter->runController()
 5 SYSTEMPATH/CodeIgniter.php(349): CodeIgniter\CodeIgniter->handleRequest()
 6 FCPATH/index.php(57): CodeIgniter\CodeIgniter->run()
CRITICAL - 2024-08-02 17:15:02 --> Undefined variable $payArray
in APPPATH/Models/Engine.php on line 2230.
 1 APPPATH/Models/Engine.php(2230): CodeIgniter\Debug\Exceptions->errorHandler()
 2 APPPATH/Controllers/Api.php(147): App\Models\Engine->getBillToSynch()
 3 SYSTEMPATH/CodeIgniter.php(896): App\Controllers\Api->postbillpayment()
 4 SYSTEMPATH/CodeIgniter.php(466): CodeIgniter\CodeIgniter->runController()
 5 SYSTEMPATH/CodeIgniter.php(349): CodeIgniter\CodeIgniter->handleRequest()
 6 FCPATH/index.php(57): CodeIgniter\CodeIgniter->run()
CRITICAL - 2024-08-02 17:16:01 --> Undefined variable $payArray
in APPPATH/Models/Engine.php on line 2230.
 1 APPPATH/Models/Engine.php(2230): CodeIgniter\Debug\Exceptions->errorHandler()
 2 APPPATH/Controllers/Api.php(147): App\Models\Engine->getBillToSynch()
 3 SYSTEMPATH/CodeIgniter.php(896): App\Controllers\Api->postbillpayment()
 4 SYSTEMPATH/CodeIgniter.php(466): CodeIgniter\CodeIgniter->runController()
 5 SYSTEMPATH/CodeIgniter.php(349): CodeIgniter\CodeIgniter->handleRequest()
 6 FCPATH/index.php(57): CodeIgniter\CodeIgniter->run()
CRITICAL - 2024-08-02 17:17:01 --> Undefined variable $payArray
in APPPATH/Models/Engine.php on line 2230.
 1 APPPATH/Models/Engine.php(2230): CodeIgniter\Debug\Exceptions->errorHandler()
 2 APPPATH/Controllers/Api.php(147): App\Models\Engine->getBillToSynch()
 3 SYSTEMPATH/CodeIgniter.php(896): App\Controllers\Api->postbillpayment()
 4 SYSTEMPATH/CodeIgniter.php(466): CodeIgniter\CodeIgniter->runController()
 5 SYSTEMPATH/CodeIgniter.php(349): CodeIgniter\CodeIgniter->handleRequest()
 6 FCPATH/index.php(57): CodeIgniter\CodeIgniter->run()
CRITICAL - 2024-08-02 17:18:01 --> Undefined variable $payArray
in APPPATH/Models/Engine.php on line 2230.
 1 APPPATH/Models/Engine.php(2230): CodeIgniter\Debug\Exceptions->errorHandler()
 2 APPPATH/Controllers/Api.php(147): App\Models\Engine->getBillToSynch()
 3 SYSTEMPATH/CodeIgniter.php(896): App\Controllers\Api->postbillpayment()
 4 SYSTEMPATH/CodeIgniter.php(466): CodeIgniter\CodeIgniter->runController()
 5 SYSTEMPATH/CodeIgniter.php(349): CodeIgniter\CodeIgniter->handleRequest()
 6 FCPATH/index.php(57): CodeIgniter\CodeIgniter->run()
CRITICAL - 2024-08-02 17:19:01 --> Undefined variable $payArray
in APPPATH/Models/Engine.php on line 2230.
 1 APPPATH/Models/Engine.php(2230): CodeIgniter\Debug\Exceptions->errorHandler()
 2 APPPATH/Controllers/Api.php(147): App\Models\Engine->getBillToSynch()
 3 SYSTEMPATH/CodeIgniter.php(896): App\Controllers\Api->postbillpayment()
 4 SYSTEMPATH/CodeIgniter.php(466): CodeIgniter\CodeIgniter->runController()
 5 SYSTEMPATH/CodeIgniter.php(349): CodeIgniter\CodeIgniter->handleRequest()
 6 FCPATH/index.php(57): CodeIgniter\CodeIgniter->run()
CRITICAL - 2024-08-02 17:20:01 --> Undefined variable $payArray
in APPPATH/Models/Engine.php on line 2230.
 1 APPPATH/Models/Engine.php(2230): CodeIgniter\Debug\Exceptions->errorHandler()
 2 APPPATH/Controllers/Api.php(147): App\Models\Engine->getBillToSynch()
 3 SYSTEMPATH/CodeIgniter.php(896): App\Controllers\Api->postbillpayment()
 4 SYSTEMPATH/CodeIgniter.php(466): CodeIgniter\CodeIgniter->runController()
 5 SYSTEMPATH/CodeIgniter.php(349): CodeIgniter\CodeIgniter->handleRequest()
 6 FCPATH/index.php(57): CodeIgniter\CodeIgniter->run()
CRITICAL - 2024-08-02 17:21:01 --> Undefined variable $payArray
in APPPATH/Models/Engine.php on line 2230.
 1 APPPATH/Models/Engine.php(2230): CodeIgniter\Debug\Exceptions->errorHandler()
 2 APPPATH/Controllers/Api.php(147): App\Models\Engine->getBillToSynch()
 3 SYSTEMPATH/CodeIgniter.php(896): App\Controllers\Api->postbillpayment()
 4 SYSTEMPATH/CodeIgniter.php(466): CodeIgniter\CodeIgniter->runController()
 5 SYSTEMPATH/CodeIgniter.php(349): CodeIgniter\CodeIgniter->handleRequest()
 6 FCPATH/index.php(57): CodeIgniter\CodeIgniter->run()
CRITICAL - 2024-08-02 17:22:01 --> Undefined variable $payArray
in APPPATH/Models/Engine.php on line 2230.
 1 APPPATH/Models/Engine.php(2230): CodeIgniter\Debug\Exceptions->errorHandler()
 2 APPPATH/Controllers/Api.php(147): App\Models\Engine->getBillToSynch()
 3 SYSTEMPATH/CodeIgniter.php(896): App\Controllers\Api->postbillpayment()
 4 SYSTEMPATH/CodeIgniter.php(466): CodeIgniter\CodeIgniter->runController()
 5 SYSTEMPATH/CodeIgniter.php(349): CodeIgniter\CodeIgniter->handleRequest()
 6 FCPATH/index.php(57): CodeIgniter\CodeIgniter->run()
CRITICAL - 2024-08-02 17:23:01 --> Undefined variable $payArray
in APPPATH/Models/Engine.php on line 2230.
 1 APPPATH/Models/Engine.php(2230): CodeIgniter\Debug\Exceptions->errorHandler()
 2 APPPATH/Controllers/Api.php(147): App\Models\Engine->getBillToSynch()
 3 SYSTEMPATH/CodeIgniter.php(896): App\Controllers\Api->postbillpayment()
 4 SYSTEMPATH/CodeIgniter.php(466): CodeIgniter\CodeIgniter->runController()
 5 SYSTEMPATH/CodeIgniter.php(349): CodeIgniter\CodeIgniter->handleRequest()
 6 FCPATH/index.php(57): CodeIgniter\CodeIgniter->run()
CRITICAL - 2024-08-02 17:24:01 --> Undefined variable $payArray
in APPPATH/Models/Engine.php on line 2230.
 1 APPPATH/Models/Engine.php(2230): CodeIgniter\Debug\Exceptions->errorHandler()
 2 APPPATH/Controllers/Api.php(147): App\Models\Engine->getBillToSynch()
 3 SYSTEMPATH/CodeIgniter.php(896): App\Controllers\Api->postbillpayment()
 4 SYSTEMPATH/CodeIgniter.php(466): CodeIgniter\CodeIgniter->runController()
 5 SYSTEMPATH/CodeIgniter.php(349): CodeIgniter\CodeIgniter->handleRequest()
 6 FCPATH/index.php(57): CodeIgniter\CodeIgniter->run()
CRITICAL - 2024-08-02 17:25:01 --> Undefined variable $payArray
in APPPATH/Models/Engine.php on line 2230.
 1 APPPATH/Models/Engine.php(2230): CodeIgniter\Debug\Exceptions->errorHandler()
 2 APPPATH/Controllers/Api.php(147): App\Models\Engine->getBillToSynch()
 3 SYSTEMPATH/CodeIgniter.php(896): App\Controllers\Api->postbillpayment()
 4 SYSTEMPATH/CodeIgniter.php(466): CodeIgniter\CodeIgniter->runController()
 5 SYSTEMPATH/CodeIgniter.php(349): CodeIgniter\CodeIgniter->handleRequest()
 6 FCPATH/index.php(57): CodeIgniter\CodeIgniter->run()
CRITICAL - 2024-08-02 17:26:01 --> Undefined variable $payArray
in APPPATH/Models/Engine.php on line 2230.
 1 APPPATH/Models/Engine.php(2230): CodeIgniter\Debug\Exceptions->errorHandler()
 2 APPPATH/Controllers/Api.php(147): App\Models\Engine->getBillToSynch()
 3 SYSTEMPATH/CodeIgniter.php(896): App\Controllers\Api->postbillpayment()
 4 SYSTEMPATH/CodeIgniter.php(466): CodeIgniter\CodeIgniter->runController()
 5 SYSTEMPATH/CodeIgniter.php(349): CodeIgniter\CodeIgniter->handleRequest()
 6 FCPATH/index.php(57): CodeIgniter\CodeIgniter->run()
CRITICAL - 2024-08-02 17:27:01 --> Undefined variable $payArray
in APPPATH/Models/Engine.php on line 2230.
 1 APPPATH/Models/Engine.php(2230): CodeIgniter\Debug\Exceptions->errorHandler()
 2 APPPATH/Controllers/Api.php(147): App\Models\Engine->getBillToSynch()
 3 SYSTEMPATH/CodeIgniter.php(896): App\Controllers\Api->postbillpayment()
 4 SYSTEMPATH/CodeIgniter.php(466): CodeIgniter\CodeIgniter->runController()
 5 SYSTEMPATH/CodeIgniter.php(349): CodeIgniter\CodeIgniter->handleRequest()
 6 FCPATH/index.php(57): CodeIgniter\CodeIgniter->run()
CRITICAL - 2024-08-02 17:28:01 --> Undefined variable $payArray
in APPPATH/Models/Engine.php on line 2230.
 1 APPPATH/Models/Engine.php(2230): CodeIgniter\Debug\Exceptions->errorHandler()
 2 APPPATH/Controllers/Api.php(147): App\Models\Engine->getBillToSynch()
 3 SYSTEMPATH/CodeIgniter.php(896): App\Controllers\Api->postbillpayment()
 4 SYSTEMPATH/CodeIgniter.php(466): CodeIgniter\CodeIgniter->runController()
 5 SYSTEMPATH/CodeIgniter.php(349): CodeIgniter\CodeIgniter->handleRequest()
 6 FCPATH/index.php(57): CodeIgniter\CodeIgniter->run()
CRITICAL - 2024-08-02 17:29:01 --> Undefined variable $payArray
in APPPATH/Models/Engine.php on line 2230.
 1 APPPATH/Models/Engine.php(2230): CodeIgniter\Debug\Exceptions->errorHandler()
 2 APPPATH/Controllers/Api.php(147): App\Models\Engine->getBillToSynch()
 3 SYSTEMPATH/CodeIgniter.php(896): App\Controllers\Api->postbillpayment()
 4 SYSTEMPATH/CodeIgniter.php(466): CodeIgniter\CodeIgniter->runController()
 5 SYSTEMPATH/CodeIgniter.php(349): CodeIgniter\CodeIgniter->handleRequest()
 6 FCPATH/index.php(57): CodeIgniter\CodeIgniter->run()
CRITICAL - 2024-08-02 17:30:01 --> Undefined variable $payArray
in APPPATH/Models/Engine.php on line 2230.
 1 APPPATH/Models/Engine.php(2230): CodeIgniter\Debug\Exceptions->errorHandler()
 2 APPPATH/Controllers/Api.php(147): App\Models\Engine->getBillToSynch()
 3 SYSTEMPATH/CodeIgniter.php(896): App\Controllers\Api->postbillpayment()
 4 SYSTEMPATH/CodeIgniter.php(466): CodeIgniter\CodeIgniter->runController()
 5 SYSTEMPATH/CodeIgniter.php(349): CodeIgniter\CodeIgniter->handleRequest()
 6 FCPATH/index.php(57): CodeIgniter\CodeIgniter->run()
CRITICAL - 2024-08-02 17:31:01 --> Undefined variable $payArray
in APPPATH/Models/Engine.php on line 2230.
 1 APPPATH/Models/Engine.php(2230): CodeIgniter\Debug\Exceptions->errorHandler()
 2 APPPATH/Controllers/Api.php(147): App\Models\Engine->getBillToSynch()
 3 SYSTEMPATH/CodeIgniter.php(896): App\Controllers\Api->postbillpayment()
 4 SYSTEMPATH/CodeIgniter.php(466): CodeIgniter\CodeIgniter->runController()
 5 SYSTEMPATH/CodeIgniter.php(349): CodeIgniter\CodeIgniter->handleRequest()
 6 FCPATH/index.php(57): CodeIgniter\CodeIgniter->run()
CRITICAL - 2024-08-02 17:32:01 --> Undefined variable $payArray
in APPPATH/Models/Engine.php on line 2230.
 1 APPPATH/Models/Engine.php(2230): CodeIgniter\Debug\Exceptions->errorHandler()
 2 APPPATH/Controllers/Api.php(147): App\Models\Engine->getBillToSynch()
 3 SYSTEMPATH/CodeIgniter.php(896): App\Controllers\Api->postbillpayment()
 4 SYSTEMPATH/CodeIgniter.php(466): CodeIgniter\CodeIgniter->runController()
 5 SYSTEMPATH/CodeIgniter.php(349): CodeIgniter\CodeIgniter->handleRequest()
 6 FCPATH/index.php(57): CodeIgniter\CodeIgniter->run()
CRITICAL - 2024-08-02 17:33:01 --> Undefined variable $payArray
in APPPATH/Models/Engine.php on line 2230.
 1 APPPATH/Models/Engine.php(2230): CodeIgniter\Debug\Exceptions->errorHandler()
 2 APPPATH/Controllers/Api.php(147): App\Models\Engine->getBillToSynch()
 3 SYSTEMPATH/CodeIgniter.php(896): App\Controllers\Api->postbillpayment()
 4 SYSTEMPATH/CodeIgniter.php(466): CodeIgniter\CodeIgniter->runController()
 5 SYSTEMPATH/CodeIgniter.php(349): CodeIgniter\CodeIgniter->handleRequest()
 6 FCPATH/index.php(57): CodeIgniter\CodeIgniter->run()
CRITICAL - 2024-08-02 17:34:01 --> Undefined variable $payArray
in APPPATH/Models/Engine.php on line 2230.
 1 APPPATH/Models/Engine.php(2230): CodeIgniter\Debug\Exceptions->errorHandler()
 2 APPPATH/Controllers/Api.php(147): App\Models\Engine->getBillToSynch()
 3 SYSTEMPATH/CodeIgniter.php(896): App\Controllers\Api->postbillpayment()
 4 SYSTEMPATH/CodeIgniter.php(466): CodeIgniter\CodeIgniter->runController()
 5 SYSTEMPATH/CodeIgniter.php(349): CodeIgniter\CodeIgniter->handleRequest()
 6 FCPATH/index.php(57): CodeIgniter\CodeIgniter->run()
CRITICAL - 2024-08-02 17:35:01 --> Undefined variable $payArray
in APPPATH/Models/Engine.php on line 2230.
 1 APPPATH/Models/Engine.php(2230): CodeIgniter\Debug\Exceptions->errorHandler()
 2 APPPATH/Controllers/Api.php(147): App\Models\Engine->getBillToSynch()
 3 SYSTEMPATH/CodeIgniter.php(896): App\Controllers\Api->postbillpayment()
 4 SYSTEMPATH/CodeIgniter.php(466): CodeIgniter\CodeIgniter->runController()
 5 SYSTEMPATH/CodeIgniter.php(349): CodeIgniter\CodeIgniter->handleRequest()
 6 FCPATH/index.php(57): CodeIgniter\CodeIgniter->run()
CRITICAL - 2024-08-02 17:36:01 --> Undefined variable $payArray
in APPPATH/Models/Engine.php on line 2230.
 1 APPPATH/Models/Engine.php(2230): CodeIgniter\Debug\Exceptions->errorHandler()
 2 APPPATH/Controllers/Api.php(147): App\Models\Engine->getBillToSynch()
 3 SYSTEMPATH/CodeIgniter.php(896): App\Controllers\Api->postbillpayment()
 4 SYSTEMPATH/CodeIgniter.php(466): CodeIgniter\CodeIgniter->runController()
 5 SYSTEMPATH/CodeIgniter.php(349): CodeIgniter\CodeIgniter->handleRequest()
 6 FCPATH/index.php(57): CodeIgniter\CodeIgniter->run()
CRITICAL - 2024-08-02 17:37:01 --> Undefined variable $payArray
in APPPATH/Models/Engine.php on line 2230.
 1 APPPATH/Models/Engine.php(2230): CodeIgniter\Debug\Exceptions->errorHandler()
 2 APPPATH/Controllers/Api.php(147): App\Models\Engine->getBillToSynch()
 3 SYSTEMPATH/CodeIgniter.php(896): App\Controllers\Api->postbillpayment()
 4 SYSTEMPATH/CodeIgniter.php(466): CodeIgniter\CodeIgniter->runController()
 5 SYSTEMPATH/CodeIgniter.php(349): CodeIgniter\CodeIgniter->handleRequest()
 6 FCPATH/index.php(57): CodeIgniter\CodeIgniter->run()
CRITICAL - 2024-08-02 17:38:01 --> Undefined variable $payArray
in APPPATH/Models/Engine.php on line 2230.
 1 APPPATH/Models/Engine.php(2230): CodeIgniter\Debug\Exceptions->errorHandler()
 2 APPPATH/Controllers/Api.php(147): App\Models\Engine->getBillToSynch()
 3 SYSTEMPATH/CodeIgniter.php(896): App\Controllers\Api->postbillpayment()
 4 SYSTEMPATH/CodeIgniter.php(466): CodeIgniter\CodeIgniter->runController()
 5 SYSTEMPATH/CodeIgniter.php(349): CodeIgniter\CodeIgniter->handleRequest()
 6 FCPATH/index.php(57): CodeIgniter\CodeIgniter->run()
CRITICAL - 2024-08-02 17:39:01 --> Undefined variable $payArray
in APPPATH/Models/Engine.php on line 2230.
 1 APPPATH/Models/Engine.php(2230): CodeIgniter\Debug\Exceptions->errorHandler()
 2 APPPATH/Controllers/Api.php(147): App\Models\Engine->getBillToSynch()
 3 SYSTEMPATH/CodeIgniter.php(896): App\Controllers\Api->postbillpayment()
 4 SYSTEMPATH/CodeIgniter.php(466): CodeIgniter\CodeIgniter->runController()
 5 SYSTEMPATH/CodeIgniter.php(349): CodeIgniter\CodeIgniter->handleRequest()
 6 FCPATH/index.php(57): CodeIgniter\CodeIgniter->run()
CRITICAL - 2024-08-02 17:40:01 --> Undefined variable $payArray
in APPPATH/Models/Engine.php on line 2230.
 1 APPPATH/Models/Engine.php(2230): CodeIgniter\Debug\Exceptions->errorHandler()
 2 APPPATH/Controllers/Api.php(147): App\Models\Engine->getBillToSynch()
 3 SYSTEMPATH/CodeIgniter.php(896): App\Controllers\Api->postbillpayment()
 4 SYSTEMPATH/CodeIgniter.php(466): CodeIgniter\CodeIgniter->runController()
 5 SYSTEMPATH/CodeIgniter.php(349): CodeIgniter\CodeIgniter->handleRequest()
 6 FCPATH/index.php(57): CodeIgniter\CodeIgniter->run()
CRITICAL - 2024-08-02 17:41:01 --> Undefined variable $payArray
in APPPATH/Models/Engine.php on line 2230.
 1 APPPATH/Models/Engine.php(2230): CodeIgniter\Debug\Exceptions->errorHandler()
 2 APPPATH/Controllers/Api.php(147): App\Models\Engine->getBillToSynch()
 3 SYSTEMPATH/CodeIgniter.php(896): App\Controllers\Api->postbillpayment()
 4 SYSTEMPATH/CodeIgniter.php(466): CodeIgniter\CodeIgniter->runController()
 5 SYSTEMPATH/CodeIgniter.php(349): CodeIgniter\CodeIgniter->handleRequest()
 6 FCPATH/index.php(57): CodeIgniter\CodeIgniter->run()
CRITICAL - 2024-08-02 17:42:01 --> Undefined variable $payArray
in APPPATH/Models/Engine.php on line 2230.
 1 APPPATH/Models/Engine.php(2230): CodeIgniter\Debug\Exceptions->errorHandler()
 2 APPPATH/Controllers/Api.php(147): App\Models\Engine->getBillToSynch()
 3 SYSTEMPATH/CodeIgniter.php(896): App\Controllers\Api->postbillpayment()
 4 SYSTEMPATH/CodeIgniter.php(466): CodeIgniter\CodeIgniter->runController()
 5 SYSTEMPATH/CodeIgniter.php(349): CodeIgniter\CodeIgniter->handleRequest()
 6 FCPATH/index.php(57): CodeIgniter\CodeIgniter->run()
CRITICAL - 2024-08-02 17:43:01 --> Undefined variable $payArray
in APPPATH/Models/Engine.php on line 2230.
 1 APPPATH/Models/Engine.php(2230): CodeIgniter\Debug\Exceptions->errorHandler()
 2 APPPATH/Controllers/Api.php(147): App\Models\Engine->getBillToSynch()
 3 SYSTEMPATH/CodeIgniter.php(896): App\Controllers\Api->postbillpayment()
 4 SYSTEMPATH/CodeIgniter.php(466): CodeIgniter\CodeIgniter->runController()
 5 SYSTEMPATH/CodeIgniter.php(349): CodeIgniter\CodeIgniter->handleRequest()
 6 FCPATH/index.php(57): CodeIgniter\CodeIgniter->run()
CRITICAL - 2024-08-02 17:44:01 --> Undefined variable $payArray
in APPPATH/Models/Engine.php on line 2230.
 1 APPPATH/Models/Engine.php(2230): CodeIgniter\Debug\Exceptions->errorHandler()
 2 APPPATH/Controllers/Api.php(147): App\Models\Engine->getBillToSynch()
 3 SYSTEMPATH/CodeIgniter.php(896): App\Controllers\Api->postbillpayment()
 4 SYSTEMPATH/CodeIgniter.php(466): CodeIgniter\CodeIgniter->runController()
 5 SYSTEMPATH/CodeIgniter.php(349): CodeIgniter\CodeIgniter->handleRequest()
 6 FCPATH/index.php(57): CodeIgniter\CodeIgniter->run()
CRITICAL - 2024-08-02 17:45:01 --> Undefined variable $payArray
in APPPATH/Models/Engine.php on line 2230.
 1 APPPATH/Models/Engine.php(2230): CodeIgniter\Debug\Exceptions->errorHandler()
 2 APPPATH/Controllers/Api.php(147): App\Models\Engine->getBillToSynch()
 3 SYSTEMPATH/CodeIgniter.php(896): App\Controllers\Api->postbillpayment()
 4 SYSTEMPATH/CodeIgniter.php(466): CodeIgniter\CodeIgniter->runController()
 5 SYSTEMPATH/CodeIgniter.php(349): CodeIgniter\CodeIgniter->handleRequest()
 6 FCPATH/index.php(57): CodeIgniter\CodeIgniter->run()
CRITICAL - 2024-08-02 17:46:01 --> Undefined variable $payArray
in APPPATH/Models/Engine.php on line 2230.
 1 APPPATH/Models/Engine.php(2230): CodeIgniter\Debug\Exceptions->errorHandler()
 2 APPPATH/Controllers/Api.php(147): App\Models\Engine->getBillToSynch()
 3 SYSTEMPATH/CodeIgniter.php(896): App\Controllers\Api->postbillpayment()
 4 SYSTEMPATH/CodeIgniter.php(466): CodeIgniter\CodeIgniter->runController()
 5 SYSTEMPATH/CodeIgniter.php(349): CodeIgniter\CodeIgniter->handleRequest()
 6 FCPATH/index.php(57): CodeIgniter\CodeIgniter->run()
CRITICAL - 2024-08-02 17:47:01 --> Undefined variable $payArray
in APPPATH/Models/Engine.php on line 2230.
 1 APPPATH/Models/Engine.php(2230): CodeIgniter\Debug\Exceptions->errorHandler()
 2 APPPATH/Controllers/Api.php(147): App\Models\Engine->getBillToSynch()
 3 SYSTEMPATH/CodeIgniter.php(896): App\Controllers\Api->postbillpayment()
 4 SYSTEMPATH/CodeIgniter.php(466): CodeIgniter\CodeIgniter->runController()
 5 SYSTEMPATH/CodeIgniter.php(349): CodeIgniter\CodeIgniter->handleRequest()
 6 FCPATH/index.php(57): CodeIgniter\CodeIgniter->run()
CRITICAL - 2024-08-02 17:48:01 --> Undefined variable $payArray
in APPPATH/Models/Engine.php on line 2230.
 1 APPPATH/Models/Engine.php(2230): CodeIgniter\Debug\Exceptions->errorHandler()
 2 APPPATH/Controllers/Api.php(147): App\Models\Engine->getBillToSynch()
 3 SYSTEMPATH/CodeIgniter.php(896): App\Controllers\Api->postbillpayment()
 4 SYSTEMPATH/CodeIgniter.php(466): CodeIgniter\CodeIgniter->runController()
 5 SYSTEMPATH/CodeIgniter.php(349): CodeIgniter\CodeIgniter->handleRequest()
 6 FCPATH/index.php(57): CodeIgniter\CodeIgniter->run()
CRITICAL - 2024-08-02 17:49:01 --> Undefined variable $payArray
in APPPATH/Models/Engine.php on line 2230.
 1 APPPATH/Models/Engine.php(2230): CodeIgniter\Debug\Exceptions->errorHandler()
 2 APPPATH/Controllers/Api.php(147): App\Models\Engine->getBillToSynch()
 3 SYSTEMPATH/CodeIgniter.php(896): App\Controllers\Api->postbillpayment()
 4 SYSTEMPATH/CodeIgniter.php(466): CodeIgniter\CodeIgniter->runController()
 5 SYSTEMPATH/CodeIgniter.php(349): CodeIgniter\CodeIgniter->handleRequest()
 6 FCPATH/index.php(57): CodeIgniter\CodeIgniter->run()
CRITICAL - 2024-08-02 17:50:02 --> Undefined variable $payArray
in APPPATH/Models/Engine.php on line 2230.
 1 APPPATH/Models/Engine.php(2230): CodeIgniter\Debug\Exceptions->errorHandler()
 2 APPPATH/Controllers/Api.php(147): App\Models\Engine->getBillToSynch()
 3 SYSTEMPATH/CodeIgniter.php(896): App\Controllers\Api->postbillpayment()
 4 SYSTEMPATH/CodeIgniter.php(466): CodeIgniter\CodeIgniter->runController()
 5 SYSTEMPATH/CodeIgniter.php(349): CodeIgniter\CodeIgniter->handleRequest()
 6 FCPATH/index.php(57): CodeIgniter\CodeIgniter->run()
CRITICAL - 2024-08-02 17:51:01 --> Undefined variable $payArray
in APPPATH/Models/Engine.php on line 2230.
 1 APPPATH/Models/Engine.php(2230): CodeIgniter\Debug\Exceptions->errorHandler()
 2 APPPATH/Controllers/Api.php(147): App\Models\Engine->getBillToSynch()
 3 SYSTEMPATH/CodeIgniter.php(896): App\Controllers\Api->postbillpayment()
 4 SYSTEMPATH/CodeIgniter.php(466): CodeIgniter\CodeIgniter->runController()
 5 SYSTEMPATH/CodeIgniter.php(349): CodeIgniter\CodeIgniter->handleRequest()
 6 FCPATH/index.php(57): CodeIgniter\CodeIgniter->run()
CRITICAL - 2024-08-02 17:52:01 --> Undefined variable $payArray
in APPPATH/Models/Engine.php on line 2230.
 1 APPPATH/Models/Engine.php(2230): CodeIgniter\Debug\Exceptions->errorHandler()
 2 APPPATH/Controllers/Api.php(147): App\Models\Engine->getBillToSynch()
 3 SYSTEMPATH/CodeIgniter.php(896): App\Controllers\Api->postbillpayment()
 4 SYSTEMPATH/CodeIgniter.php(466): CodeIgniter\CodeIgniter->runController()
 5 SYSTEMPATH/CodeIgniter.php(349): CodeIgniter\CodeIgniter->handleRequest()
 6 FCPATH/index.php(57): CodeIgniter\CodeIgniter->run()
CRITICAL - 2024-08-02 17:53:01 --> Undefined variable $payArray
in APPPATH/Models/Engine.php on line 2230.
 1 APPPATH/Models/Engine.php(2230): CodeIgniter\Debug\Exceptions->errorHandler()
 2 APPPATH/Controllers/Api.php(147): App\Models\Engine->getBillToSynch()
 3 SYSTEMPATH/CodeIgniter.php(896): App\Controllers\Api->postbillpayment()
 4 SYSTEMPATH/CodeIgniter.php(466): CodeIgniter\CodeIgniter->runController()
 5 SYSTEMPATH/CodeIgniter.php(349): CodeIgniter\CodeIgniter->handleRequest()
 6 FCPATH/index.php(57): CodeIgniter\CodeIgniter->run()
CRITICAL - 2024-08-02 17:54:01 --> Undefined variable $payArray
in APPPATH/Models/Engine.php on line 2230.
 1 APPPATH/Models/Engine.php(2230): CodeIgniter\Debug\Exceptions->errorHandler()
 2 APPPATH/Controllers/Api.php(147): App\Models\Engine->getBillToSynch()
 3 SYSTEMPATH/CodeIgniter.php(896): App\Controllers\Api->postbillpayment()
 4 SYSTEMPATH/CodeIgniter.php(466): CodeIgniter\CodeIgniter->runController()
 5 SYSTEMPATH/CodeIgniter.php(349): CodeIgniter\CodeIgniter->handleRequest()
 6 FCPATH/index.php(57): CodeIgniter\CodeIgniter->run()
CRITICAL - 2024-08-02 17:55:01 --> Undefined variable $payArray
in APPPATH/Models/Engine.php on line 2230.
 1 APPPATH/Models/Engine.php(2230): CodeIgniter\Debug\Exceptions->errorHandler()
 2 APPPATH/Controllers/Api.php(147): App\Models\Engine->getBillToSynch()
 3 SYSTEMPATH/CodeIgniter.php(896): App\Controllers\Api->postbillpayment()
 4 SYSTEMPATH/CodeIgniter.php(466): CodeIgniter\CodeIgniter->runController()
 5 SYSTEMPATH/CodeIgniter.php(349): CodeIgniter\CodeIgniter->handleRequest()
 6 FCPATH/index.php(57): CodeIgniter\CodeIgniter->run()
CRITICAL - 2024-08-02 17:56:01 --> Undefined variable $payArray
in APPPATH/Models/Engine.php on line 2230.
 1 APPPATH/Models/Engine.php(2230): CodeIgniter\Debug\Exceptions->errorHandler()
 2 APPPATH/Controllers/Api.php(147): App\Models\Engine->getBillToSynch()
 3 SYSTEMPATH/CodeIgniter.php(896): App\Controllers\Api->postbillpayment()
 4 SYSTEMPATH/CodeIgniter.php(466): CodeIgniter\CodeIgniter->runController()
 5 SYSTEMPATH/CodeIgniter.php(349): CodeIgniter\CodeIgniter->handleRequest()
 6 FCPATH/index.php(57): CodeIgniter\CodeIgniter->run()
CRITICAL - 2024-08-02 17:57:01 --> Undefined variable $payArray
in APPPATH/Models/Engine.php on line 2230.
 1 APPPATH/Models/Engine.php(2230): CodeIgniter\Debug\Exceptions->errorHandler()
 2 APPPATH/Controllers/Api.php(147): App\Models\Engine->getBillToSynch()
 3 SYSTEMPATH/CodeIgniter.php(896): App\Controllers\Api->postbillpayment()
 4 SYSTEMPATH/CodeIgniter.php(466): CodeIgniter\CodeIgniter->runController()
 5 SYSTEMPATH/CodeIgniter.php(349): CodeIgniter\CodeIgniter->handleRequest()
 6 FCPATH/index.php(57): CodeIgniter\CodeIgniter->run()
CRITICAL - 2024-08-02 17:58:01 --> Undefined variable $payArray
in APPPATH/Models/Engine.php on line 2230.
 1 APPPATH/Models/Engine.php(2230): CodeIgniter\Debug\Exceptions->errorHandler()
 2 APPPATH/Controllers/Api.php(147): App\Models\Engine->getBillToSynch()
 3 SYSTEMPATH/CodeIgniter.php(896): App\Controllers\Api->postbillpayment()
 4 SYSTEMPATH/CodeIgniter.php(466): CodeIgniter\CodeIgniter->runController()
 5 SYSTEMPATH/CodeIgniter.php(349): CodeIgniter\CodeIgniter->handleRequest()
 6 FCPATH/index.php(57): CodeIgniter\CodeIgniter->run()
CRITICAL - 2024-08-02 17:59:01 --> Undefined variable $payArray
in APPPATH/Models/Engine.php on line 2230.
 1 APPPATH/Models/Engine.php(2230): CodeIgniter\Debug\Exceptions->errorHandler()
 2 APPPATH/Controllers/Api.php(147): App\Models\Engine->getBillToSynch()
 3 SYSTEMPATH/CodeIgniter.php(896): App\Controllers\Api->postbillpayment()
 4 SYSTEMPATH/CodeIgniter.php(466): CodeIgniter\CodeIgniter->runController()
 5 SYSTEMPATH/CodeIgniter.php(349): CodeIgniter\CodeIgniter->handleRequest()
 6 FCPATH/index.php(57): CodeIgniter\CodeIgniter->run()
CRITICAL - 2024-08-02 18:00:01 --> Undefined variable $payArray
in APPPATH/Models/Engine.php on line 2230.
 1 APPPATH/Models/Engine.php(2230): CodeIgniter\Debug\Exceptions->errorHandler()
 2 APPPATH/Controllers/Api.php(147): App\Models\Engine->getBillToSynch()
 3 SYSTEMPATH/CodeIgniter.php(896): App\Controllers\Api->postbillpayment()
 4 SYSTEMPATH/CodeIgniter.php(466): CodeIgniter\CodeIgniter->runController()
 5 SYSTEMPATH/CodeIgniter.php(349): CodeIgniter\CodeIgniter->handleRequest()
 6 FCPATH/index.php(57): CodeIgniter\CodeIgniter->run()
CRITICAL - 2024-08-02 18:01:01 --> Undefined variable $payArray
in APPPATH/Models/Engine.php on line 2230.
 1 APPPATH/Models/Engine.php(2230): CodeIgniter\Debug\Exceptions->errorHandler()
 2 APPPATH/Controllers/Api.php(147): App\Models\Engine->getBillToSynch()
 3 SYSTEMPATH/CodeIgniter.php(896): App\Controllers\Api->postbillpayment()
 4 SYSTEMPATH/CodeIgniter.php(466): CodeIgniter\CodeIgniter->runController()
 5 SYSTEMPATH/CodeIgniter.php(349): CodeIgniter\CodeIgniter->handleRequest()
 6 FCPATH/index.php(57): CodeIgniter\CodeIgniter->run()
CRITICAL - 2024-08-02 18:02:01 --> Undefined variable $payArray
in APPPATH/Models/Engine.php on line 2230.
 1 APPPATH/Models/Engine.php(2230): CodeIgniter\Debug\Exceptions->errorHandler()
 2 APPPATH/Controllers/Api.php(147): App\Models\Engine->getBillToSynch()
 3 SYSTEMPATH/CodeIgniter.php(896): App\Controllers\Api->postbillpayment()
 4 SYSTEMPATH/CodeIgniter.php(466): CodeIgniter\CodeIgniter->runController()
 5 SYSTEMPATH/CodeIgniter.php(349): CodeIgniter\CodeIgniter->handleRequest()
 6 FCPATH/index.php(57): CodeIgniter\CodeIgniter->run()
CRITICAL - 2024-08-02 18:03:01 --> Undefined variable $payArray
in APPPATH/Models/Engine.php on line 2230.
 1 APPPATH/Models/Engine.php(2230): CodeIgniter\Debug\Exceptions->errorHandler()
 2 APPPATH/Controllers/Api.php(147): App\Models\Engine->getBillToSynch()
 3 SYSTEMPATH/CodeIgniter.php(896): App\Controllers\Api->postbillpayment()
 4 SYSTEMPATH/CodeIgniter.php(466): CodeIgniter\CodeIgniter->runController()
 5 SYSTEMPATH/CodeIgniter.php(349): CodeIgniter\CodeIgniter->handleRequest()
 6 FCPATH/index.php(57): CodeIgniter\CodeIgniter->run()
CRITICAL - 2024-08-02 18:04:01 --> Undefined variable $payArray
in APPPATH/Models/Engine.php on line 2230.
 1 APPPATH/Models/Engine.php(2230): CodeIgniter\Debug\Exceptions->errorHandler()
 2 APPPATH/Controllers/Api.php(147): App\Models\Engine->getBillToSynch()
 3 SYSTEMPATH/CodeIgniter.php(896): App\Controllers\Api->postbillpayment()
 4 SYSTEMPATH/CodeIgniter.php(466): CodeIgniter\CodeIgniter->runController()
 5 SYSTEMPATH/CodeIgniter.php(349): CodeIgniter\CodeIgniter->handleRequest()
 6 FCPATH/index.php(57): CodeIgniter\CodeIgniter->run()
CRITICAL - 2024-08-02 18:05:01 --> Undefined variable $payArray
in APPPATH/Models/Engine.php on line 2230.
 1 APPPATH/Models/Engine.php(2230): CodeIgniter\Debug\Exceptions->errorHandler()
 2 APPPATH/Controllers/Api.php(147): App\Models\Engine->getBillToSynch()
 3 SYSTEMPATH/CodeIgniter.php(896): App\Controllers\Api->postbillpayment()
 4 SYSTEMPATH/CodeIgniter.php(466): CodeIgniter\CodeIgniter->runController()
 5 SYSTEMPATH/CodeIgniter.php(349): CodeIgniter\CodeIgniter->handleRequest()
 6 FCPATH/index.php(57): CodeIgniter\CodeIgniter->run()
CRITICAL - 2024-08-02 18:06:01 --> Undefined variable $payArray
in APPPATH/Models/Engine.php on line 2230.
 1 APPPATH/Models/Engine.php(2230): CodeIgniter\Debug\Exceptions->errorHandler()
 2 APPPATH/Controllers/Api.php(147): App\Models\Engine->getBillToSynch()
 3 SYSTEMPATH/CodeIgniter.php(896): App\Controllers\Api->postbillpayment()
 4 SYSTEMPATH/CodeIgniter.php(466): CodeIgniter\CodeIgniter->runController()
 5 SYSTEMPATH/CodeIgniter.php(349): CodeIgniter\CodeIgniter->handleRequest()
 6 FCPATH/index.php(57): CodeIgniter\CodeIgniter->run()
CRITICAL - 2024-08-02 18:07:01 --> Undefined variable $payArray
in APPPATH/Models/Engine.php on line 2230.
 1 APPPATH/Models/Engine.php(2230): CodeIgniter\Debug\Exceptions->errorHandler()
 2 APPPATH/Controllers/Api.php(147): App\Models\Engine->getBillToSynch()
 3 SYSTEMPATH/CodeIgniter.php(896): App\Controllers\Api->postbillpayment()
 4 SYSTEMPATH/CodeIgniter.php(466): CodeIgniter\CodeIgniter->runController()
 5 SYSTEMPATH/CodeIgniter.php(349): CodeIgniter\CodeIgniter->handleRequest()
 6 FCPATH/index.php(57): CodeIgniter\CodeIgniter->run()
CRITICAL - 2024-08-02 18:08:02 --> Undefined variable $payArray
in APPPATH/Models/Engine.php on line 2230.
 1 APPPATH/Models/Engine.php(2230): CodeIgniter\Debug\Exceptions->errorHandler()
 2 APPPATH/Controllers/Api.php(147): App\Models\Engine->getBillToSynch()
 3 SYSTEMPATH/CodeIgniter.php(896): App\Controllers\Api->postbillpayment()
 4 SYSTEMPATH/CodeIgniter.php(466): CodeIgniter\CodeIgniter->runController()
 5 SYSTEMPATH/CodeIgniter.php(349): CodeIgniter\CodeIgniter->handleRequest()
 6 FCPATH/index.php(57): CodeIgniter\CodeIgniter->run()
CRITICAL - 2024-08-02 18:09:01 --> Undefined variable $payArray
in APPPATH/Models/Engine.php on line 2230.
 1 APPPATH/Models/Engine.php(2230): CodeIgniter\Debug\Exceptions->errorHandler()
 2 APPPATH/Controllers/Api.php(147): App\Models\Engine->getBillToSynch()
 3 SYSTEMPATH/CodeIgniter.php(896): App\Controllers\Api->postbillpayment()
 4 SYSTEMPATH/CodeIgniter.php(466): CodeIgniter\CodeIgniter->runController()
 5 SYSTEMPATH/CodeIgniter.php(349): CodeIgniter\CodeIgniter->handleRequest()
 6 FCPATH/index.php(57): CodeIgniter\CodeIgniter->run()
CRITICAL - 2024-08-02 18:10:01 --> Undefined variable $payArray
in APPPATH/Models/Engine.php on line 2230.
 1 APPPATH/Models/Engine.php(2230): CodeIgniter\Debug\Exceptions->errorHandler()
 2 APPPATH/Controllers/Api.php(147): App\Models\Engine->getBillToSynch()
 3 SYSTEMPATH/CodeIgniter.php(896): App\Controllers\Api->postbillpayment()
 4 SYSTEMPATH/CodeIgniter.php(466): CodeIgniter\CodeIgniter->runController()
 5 SYSTEMPATH/CodeIgniter.php(349): CodeIgniter\CodeIgniter->handleRequest()
 6 FCPATH/index.php(57): CodeIgniter\CodeIgniter->run()
CRITICAL - 2024-08-02 18:11:01 --> Undefined variable $payArray
in APPPATH/Models/Engine.php on line 2230.
 1 APPPATH/Models/Engine.php(2230): CodeIgniter\Debug\Exceptions->errorHandler()
 2 APPPATH/Controllers/Api.php(147): App\Models\Engine->getBillToSynch()
 3 SYSTEMPATH/CodeIgniter.php(896): App\Controllers\Api->postbillpayment()
 4 SYSTEMPATH/CodeIgniter.php(466): CodeIgniter\CodeIgniter->runController()
 5 SYSTEMPATH/CodeIgniter.php(349): CodeIgniter\CodeIgniter->handleRequest()
 6 FCPATH/index.php(57): CodeIgniter\CodeIgniter->run()
CRITICAL - 2024-08-02 18:12:07 --> Undefined variable $payArray
in APPPATH/Models/Engine.php on line 2230.
 1 APPPATH/Models/Engine.php(2230): CodeIgniter\Debug\Exceptions->errorHandler()
 2 APPPATH/Controllers/Api.php(147): App\Models\Engine->getBillToSynch()
 3 SYSTEMPATH/CodeIgniter.php(896): App\Controllers\Api->postbillpayment()
 4 SYSTEMPATH/CodeIgniter.php(466): CodeIgniter\CodeIgniter->runController()
 5 SYSTEMPATH/CodeIgniter.php(349): CodeIgniter\CodeIgniter->handleRequest()
 6 FCPATH/index.php(57): CodeIgniter\CodeIgniter->run()
CRITICAL - 2024-08-02 18:13:05 --> Undefined variable $payArray
in APPPATH/Models/Engine.php on line 2230.
 1 APPPATH/Models/Engine.php(2230): CodeIgniter\Debug\Exceptions->errorHandler()
 2 APPPATH/Controllers/Api.php(147): App\Models\Engine->getBillToSynch()
 3 SYSTEMPATH/CodeIgniter.php(896): App\Controllers\Api->postbillpayment()
 4 SYSTEMPATH/CodeIgniter.php(466): CodeIgniter\CodeIgniter->runController()
 5 SYSTEMPATH/CodeIgniter.php(349): CodeIgniter\CodeIgniter->handleRequest()
 6 FCPATH/index.php(57): CodeIgniter\CodeIgniter->run()
CRITICAL - 2024-08-02 18:14:01 --> Undefined variable $payArray
in APPPATH/Models/Engine.php on line 2230.
 1 APPPATH/Models/Engine.php(2230): CodeIgniter\Debug\Exceptions->errorHandler()
 2 APPPATH/Controllers/Api.php(147): App\Models\Engine->getBillToSynch()
 3 SYSTEMPATH/CodeIgniter.php(896): App\Controllers\Api->postbillpayment()
 4 SYSTEMPATH/CodeIgniter.php(466): CodeIgniter\CodeIgniter->runController()
 5 SYSTEMPATH/CodeIgniter.php(349): CodeIgniter\CodeIgniter->handleRequest()
 6 FCPATH/index.php(57): CodeIgniter\CodeIgniter->run()
CRITICAL - 2024-08-02 18:15:01 --> Undefined variable $payArray
in APPPATH/Models/Engine.php on line 2230.
 1 APPPATH/Models/Engine.php(2230): CodeIgniter\Debug\Exceptions->errorHandler()
 2 APPPATH/Controllers/Api.php(147): App\Models\Engine->getBillToSynch()
 3 SYSTEMPATH/CodeIgniter.php(896): App\Controllers\Api->postbillpayment()
 4 SYSTEMPATH/CodeIgniter.php(466): CodeIgniter\CodeIgniter->runController()
 5 SYSTEMPATH/CodeIgniter.php(349): CodeIgniter\CodeIgniter->handleRequest()
 6 FCPATH/index.php(57): CodeIgniter\CodeIgniter->run()
CRITICAL - 2024-08-02 18:16:01 --> Undefined variable $payArray
in APPPATH/Models/Engine.php on line 2230.
 1 APPPATH/Models/Engine.php(2230): CodeIgniter\Debug\Exceptions->errorHandler()
 2 APPPATH/Controllers/Api.php(147): App\Models\Engine->getBillToSynch()
 3 SYSTEMPATH/CodeIgniter.php(896): App\Controllers\Api->postbillpayment()
 4 SYSTEMPATH/CodeIgniter.php(466): CodeIgniter\CodeIgniter->runController()
 5 SYSTEMPATH/CodeIgniter.php(349): CodeIgniter\CodeIgniter->handleRequest()
 6 FCPATH/index.php(57): CodeIgniter\CodeIgniter->run()
CRITICAL - 2024-08-02 18:17:01 --> Undefined variable $payArray
in APPPATH/Models/Engine.php on line 2230.
 1 APPPATH/Models/Engine.php(2230): CodeIgniter\Debug\Exceptions->errorHandler()
 2 APPPATH/Controllers/Api.php(147): App\Models\Engine->getBillToSynch()
 3 SYSTEMPATH/CodeIgniter.php(896): App\Controllers\Api->postbillpayment()
 4 SYSTEMPATH/CodeIgniter.php(466): CodeIgniter\CodeIgniter->runController()
 5 SYSTEMPATH/CodeIgniter.php(349): CodeIgniter\CodeIgniter->handleRequest()
 6 FCPATH/index.php(57): CodeIgniter\CodeIgniter->run()
CRITICAL - 2024-08-02 18:18:03 --> Undefined variable $payArray
in APPPATH/Models/Engine.php on line 2230.
 1 APPPATH/Models/Engine.php(2230): CodeIgniter\Debug\Exceptions->errorHandler()
 2 APPPATH/Controllers/Api.php(147): App\Models\Engine->getBillToSynch()
 3 SYSTEMPATH/CodeIgniter.php(896): App\Controllers\Api->postbillpayment()
 4 SYSTEMPATH/CodeIgniter.php(466): CodeIgniter\CodeIgniter->runController()
 5 SYSTEMPATH/CodeIgniter.php(349): CodeIgniter\CodeIgniter->handleRequest()
 6 FCPATH/index.php(57): CodeIgniter\CodeIgniter->run()
CRITICAL - 2024-08-02 18:19:01 --> Undefined variable $payArray
in APPPATH/Models/Engine.php on line 2230.
 1 APPPATH/Models/Engine.php(2230): CodeIgniter\Debug\Exceptions->errorHandler()
 2 APPPATH/Controllers/Api.php(147): App\Models\Engine->getBillToSynch()
 3 SYSTEMPATH/CodeIgniter.php(896): App\Controllers\Api->postbillpayment()
 4 SYSTEMPATH/CodeIgniter.php(466): CodeIgniter\CodeIgniter->runController()
 5 SYSTEMPATH/CodeIgniter.php(349): CodeIgniter\CodeIgniter->handleRequest()
 6 FCPATH/index.php(57): CodeIgniter\CodeIgniter->run()
CRITICAL - 2024-08-02 18:20:01 --> Undefined variable $payArray
in APPPATH/Models/Engine.php on line 2230.
 1 APPPATH/Models/Engine.php(2230): CodeIgniter\Debug\Exceptions->errorHandler()
 2 APPPATH/Controllers/Api.php(147): App\Models\Engine->getBillToSynch()
 3 SYSTEMPATH/CodeIgniter.php(896): App\Controllers\Api->postbillpayment()
 4 SYSTEMPATH/CodeIgniter.php(466): CodeIgniter\CodeIgniter->runController()
 5 SYSTEMPATH/CodeIgniter.php(349): CodeIgniter\CodeIgniter->handleRequest()
 6 FCPATH/index.php(57): CodeIgniter\CodeIgniter->run()
CRITICAL - 2024-08-02 18:21:01 --> Undefined variable $payArray
in APPPATH/Models/Engine.php on line 2230.
 1 APPPATH/Models/Engine.php(2230): CodeIgniter\Debug\Exceptions->errorHandler()
 2 APPPATH/Controllers/Api.php(147): App\Models\Engine->getBillToSynch()
 3 SYSTEMPATH/CodeIgniter.php(896): App\Controllers\Api->postbillpayment()
 4 SYSTEMPATH/CodeIgniter.php(466): CodeIgniter\CodeIgniter->runController()
 5 SYSTEMPATH/CodeIgniter.php(349): CodeIgniter\CodeIgniter->handleRequest()
 6 FCPATH/index.php(57): CodeIgniter\CodeIgniter->run()
CRITICAL - 2024-08-02 18:22:01 --> Undefined variable $payArray
in APPPATH/Models/Engine.php on line 2230.
 1 APPPATH/Models/Engine.php(2230): CodeIgniter\Debug\Exceptions->errorHandler()
 2 APPPATH/Controllers/Api.php(147): App\Models\Engine->getBillToSynch()
 3 SYSTEMPATH/CodeIgniter.php(896): App\Controllers\Api->postbillpayment()
 4 SYSTEMPATH/CodeIgniter.php(466): CodeIgniter\CodeIgniter->runController()
 5 SYSTEMPATH/CodeIgniter.php(349): CodeIgniter\CodeIgniter->handleRequest()
 6 FCPATH/index.php(57): CodeIgniter\CodeIgniter->run()
CRITICAL - 2024-08-02 18:23:01 --> Undefined variable $payArray
in APPPATH/Models/Engine.php on line 2230.
 1 APPPATH/Models/Engine.php(2230): CodeIgniter\Debug\Exceptions->errorHandler()
 2 APPPATH/Controllers/Api.php(147): App\Models\Engine->getBillToSynch()
 3 SYSTEMPATH/CodeIgniter.php(896): App\Controllers\Api->postbillpayment()
 4 SYSTEMPATH/CodeIgniter.php(466): CodeIgniter\CodeIgniter->runController()
 5 SYSTEMPATH/CodeIgniter.php(349): CodeIgniter\CodeIgniter->handleRequest()
 6 FCPATH/index.php(57): CodeIgniter\CodeIgniter->run()
CRITICAL - 2024-08-02 18:24:02 --> Undefined variable $payArray
in APPPATH/Models/Engine.php on line 2230.
 1 APPPATH/Models/Engine.php(2230): CodeIgniter\Debug\Exceptions->errorHandler()
 2 APPPATH/Controllers/Api.php(147): App\Models\Engine->getBillToSynch()
 3 SYSTEMPATH/CodeIgniter.php(896): App\Controllers\Api->postbillpayment()
 4 SYSTEMPATH/CodeIgniter.php(466): CodeIgniter\CodeIgniter->runController()
 5 SYSTEMPATH/CodeIgniter.php(349): CodeIgniter\CodeIgniter->handleRequest()
 6 FCPATH/index.php(57): CodeIgniter\CodeIgniter->run()
CRITICAL - 2024-08-02 18:25:01 --> Undefined variable $payArray
in APPPATH/Models/Engine.php on line 2230.
 1 APPPATH/Models/Engine.php(2230): CodeIgniter\Debug\Exceptions->errorHandler()
 2 APPPATH/Controllers/Api.php(147): App\Models\Engine->getBillToSynch()
 3 SYSTEMPATH/CodeIgniter.php(896): App\Controllers\Api->postbillpayment()
 4 SYSTEMPATH/CodeIgniter.php(466): CodeIgniter\CodeIgniter->runController()
 5 SYSTEMPATH/CodeIgniter.php(349): CodeIgniter\CodeIgniter->handleRequest()
 6 FCPATH/index.php(57): CodeIgniter\CodeIgniter->run()
CRITICAL - 2024-08-02 18:26:01 --> Undefined variable $payArray
in APPPATH/Models/Engine.php on line 2230.
 1 APPPATH/Models/Engine.php(2230): CodeIgniter\Debug\Exceptions->errorHandler()
 2 APPPATH/Controllers/Api.php(147): App\Models\Engine->getBillToSynch()
 3 SYSTEMPATH/CodeIgniter.php(896): App\Controllers\Api->postbillpayment()
 4 SYSTEMPATH/CodeIgniter.php(466): CodeIgniter\CodeIgniter->runController()
 5 SYSTEMPATH/CodeIgniter.php(349): CodeIgniter\CodeIgniter->handleRequest()
 6 FCPATH/index.php(57): CodeIgniter\CodeIgniter->run()
CRITICAL - 2024-08-02 18:27:01 --> Undefined variable $payArray
in APPPATH/Models/Engine.php on line 2230.
 1 APPPATH/Models/Engine.php(2230): CodeIgniter\Debug\Exceptions->errorHandler()
 2 APPPATH/Controllers/Api.php(147): App\Models\Engine->getBillToSynch()
 3 SYSTEMPATH/CodeIgniter.php(896): App\Controllers\Api->postbillpayment()
 4 SYSTEMPATH/CodeIgniter.php(466): CodeIgniter\CodeIgniter->runController()
 5 SYSTEMPATH/CodeIgniter.php(349): CodeIgniter\CodeIgniter->handleRequest()
 6 FCPATH/index.php(57): CodeIgniter\CodeIgniter->run()
CRITICAL - 2024-08-02 18:28:01 --> Undefined variable $payArray
in APPPATH/Models/Engine.php on line 2230.
 1 APPPATH/Models/Engine.php(2230): CodeIgniter\Debug\Exceptions->errorHandler()
 2 APPPATH/Controllers/Api.php(147): App\Models\Engine->getBillToSynch()
 3 SYSTEMPATH/CodeIgniter.php(896): App\Controllers\Api->postbillpayment()
 4 SYSTEMPATH/CodeIgniter.php(466): CodeIgniter\CodeIgniter->runController()
 5 SYSTEMPATH/CodeIgniter.php(349): CodeIgniter\CodeIgniter->handleRequest()
 6 FCPATH/index.php(57): CodeIgniter\CodeIgniter->run()
CRITICAL - 2024-08-02 18:29:01 --> Undefined variable $payArray
in APPPATH/Models/Engine.php on line 2230.
 1 APPPATH/Models/Engine.php(2230): CodeIgniter\Debug\Exceptions->errorHandler()
 2 APPPATH/Controllers/Api.php(147): App\Models\Engine->getBillToSynch()
 3 SYSTEMPATH/CodeIgniter.php(896): App\Controllers\Api->postbillpayment()
 4 SYSTEMPATH/CodeIgniter.php(466): CodeIgniter\CodeIgniter->runController()
 5 SYSTEMPATH/CodeIgniter.php(349): CodeIgniter\CodeIgniter->handleRequest()
 6 FCPATH/index.php(57): CodeIgniter\CodeIgniter->run()
CRITICAL - 2024-08-02 18:30:02 --> Undefined variable $payArray
in APPPATH/Models/Engine.php on line 2230.
 1 APPPATH/Models/Engine.php(2230): CodeIgniter\Debug\Exceptions->errorHandler()
 2 APPPATH/Controllers/Api.php(147): App\Models\Engine->getBillToSynch()
 3 SYSTEMPATH/CodeIgniter.php(896): App\Controllers\Api->postbillpayment()
 4 SYSTEMPATH/CodeIgniter.php(466): CodeIgniter\CodeIgniter->runController()
 5 SYSTEMPATH/CodeIgniter.php(349): CodeIgniter\CodeIgniter->handleRequest()
 6 FCPATH/index.php(57): CodeIgniter\CodeIgniter->run()
CRITICAL - 2024-08-02 18:31:01 --> Undefined variable $payArray
in APPPATH/Models/Engine.php on line 2230.
 1 APPPATH/Models/Engine.php(2230): CodeIgniter\Debug\Exceptions->errorHandler()
 2 APPPATH/Controllers/Api.php(147): App\Models\Engine->getBillToSynch()
 3 SYSTEMPATH/CodeIgniter.php(896): App\Controllers\Api->postbillpayment()
 4 SYSTEMPATH/CodeIgniter.php(466): CodeIgniter\CodeIgniter->runController()
 5 SYSTEMPATH/CodeIgniter.php(349): CodeIgniter\CodeIgniter->handleRequest()
 6 FCPATH/index.php(57): CodeIgniter\CodeIgniter->run()
CRITICAL - 2024-08-02 18:32:01 --> Undefined variable $payArray
in APPPATH/Models/Engine.php on line 2230.
 1 APPPATH/Models/Engine.php(2230): CodeIgniter\Debug\Exceptions->errorHandler()
 2 APPPATH/Controllers/Api.php(147): App\Models\Engine->getBillToSynch()
 3 SYSTEMPATH/CodeIgniter.php(896): App\Controllers\Api->postbillpayment()
 4 SYSTEMPATH/CodeIgniter.php(466): CodeIgniter\CodeIgniter->runController()
 5 SYSTEMPATH/CodeIgniter.php(349): CodeIgniter\CodeIgniter->handleRequest()
 6 FCPATH/index.php(57): CodeIgniter\CodeIgniter->run()
CRITICAL - 2024-08-02 18:33:01 --> Undefined variable $payArray
in APPPATH/Models/Engine.php on line 2230.
 1 APPPATH/Models/Engine.php(2230): CodeIgniter\Debug\Exceptions->errorHandler()
 2 APPPATH/Controllers/Api.php(147): App\Models\Engine->getBillToSynch()
 3 SYSTEMPATH/CodeIgniter.php(896): App\Controllers\Api->postbillpayment()
 4 SYSTEMPATH/CodeIgniter.php(466): CodeIgniter\CodeIgniter->runController()
 5 SYSTEMPATH/CodeIgniter.php(349): CodeIgniter\CodeIgniter->handleRequest()
 6 FCPATH/index.php(57): CodeIgniter\CodeIgniter->run()
CRITICAL - 2024-08-02 18:34:01 --> Undefined variable $payArray
in APPPATH/Models/Engine.php on line 2230.
 1 APPPATH/Models/Engine.php(2230): CodeIgniter\Debug\Exceptions->errorHandler()
 2 APPPATH/Controllers/Api.php(147): App\Models\Engine->getBillToSynch()
 3 SYSTEMPATH/CodeIgniter.php(896): App\Controllers\Api->postbillpayment()
 4 SYSTEMPATH/CodeIgniter.php(466): CodeIgniter\CodeIgniter->runController()
 5 SYSTEMPATH/CodeIgniter.php(349): CodeIgniter\CodeIgniter->handleRequest()
 6 FCPATH/index.php(57): CodeIgniter\CodeIgniter->run()
CRITICAL - 2024-08-02 18:35:01 --> Undefined variable $payArray
in APPPATH/Models/Engine.php on line 2230.
 1 APPPATH/Models/Engine.php(2230): CodeIgniter\Debug\Exceptions->errorHandler()
 2 APPPATH/Controllers/Api.php(147): App\Models\Engine->getBillToSynch()
 3 SYSTEMPATH/CodeIgniter.php(896): App\Controllers\Api->postbillpayment()
 4 SYSTEMPATH/CodeIgniter.php(466): CodeIgniter\CodeIgniter->runController()
 5 SYSTEMPATH/CodeIgniter.php(349): CodeIgniter\CodeIgniter->handleRequest()
 6 FCPATH/index.php(57): CodeIgniter\CodeIgniter->run()
CRITICAL - 2024-08-02 18:36:01 --> Undefined variable $payArray
in APPPATH/Models/Engine.php on line 2230.
 1 APPPATH/Models/Engine.php(2230): CodeIgniter\Debug\Exceptions->errorHandler()
 2 APPPATH/Controllers/Api.php(147): App\Models\Engine->getBillToSynch()
 3 SYSTEMPATH/CodeIgniter.php(896): App\Controllers\Api->postbillpayment()
 4 SYSTEMPATH/CodeIgniter.php(466): CodeIgniter\CodeIgniter->runController()
 5 SYSTEMPATH/CodeIgniter.php(349): CodeIgniter\CodeIgniter->handleRequest()
 6 FCPATH/index.php(57): CodeIgniter\CodeIgniter->run()
CRITICAL - 2024-08-02 18:37:01 --> Undefined variable $payArray
in APPPATH/Models/Engine.php on line 2230.
 1 APPPATH/Models/Engine.php(2230): CodeIgniter\Debug\Exceptions->errorHandler()
 2 APPPATH/Controllers/Api.php(147): App\Models\Engine->getBillToSynch()
 3 SYSTEMPATH/CodeIgniter.php(896): App\Controllers\Api->postbillpayment()
 4 SYSTEMPATH/CodeIgniter.php(466): CodeIgniter\CodeIgniter->runController()
 5 SYSTEMPATH/CodeIgniter.php(349): CodeIgniter\CodeIgniter->handleRequest()
 6 FCPATH/index.php(57): CodeIgniter\CodeIgniter->run()
CRITICAL - 2024-08-02 18:38:01 --> Undefined variable $payArray
in APPPATH/Models/Engine.php on line 2230.
 1 APPPATH/Models/Engine.php(2230): CodeIgniter\Debug\Exceptions->errorHandler()
 2 APPPATH/Controllers/Api.php(147): App\Models\Engine->getBillToSynch()
 3 SYSTEMPATH/CodeIgniter.php(896): App\Controllers\Api->postbillpayment()
 4 SYSTEMPATH/CodeIgniter.php(466): CodeIgniter\CodeIgniter->runController()
 5 SYSTEMPATH/CodeIgniter.php(349): CodeIgniter\CodeIgniter->handleRequest()
 6 FCPATH/index.php(57): CodeIgniter\CodeIgniter->run()
CRITICAL - 2024-08-02 18:39:01 --> Undefined variable $payArray
in APPPATH/Models/Engine.php on line 2230.
 1 APPPATH/Models/Engine.php(2230): CodeIgniter\Debug\Exceptions->errorHandler()
 2 APPPATH/Controllers/Api.php(147): App\Models\Engine->getBillToSynch()
 3 SYSTEMPATH/CodeIgniter.php(896): App\Controllers\Api->postbillpayment()
 4 SYSTEMPATH/CodeIgniter.php(466): CodeIgniter\CodeIgniter->runController()
 5 SYSTEMPATH/CodeIgniter.php(349): CodeIgniter\CodeIgniter->handleRequest()
 6 FCPATH/index.php(57): CodeIgniter\CodeIgniter->run()
CRITICAL - 2024-08-02 18:40:01 --> Undefined variable $payArray
in APPPATH/Models/Engine.php on line 2230.
 1 APPPATH/Models/Engine.php(2230): CodeIgniter\Debug\Exceptions->errorHandler()
 2 APPPATH/Controllers/Api.php(147): App\Models\Engine->getBillToSynch()
 3 SYSTEMPATH/CodeIgniter.php(896): App\Controllers\Api->postbillpayment()
 4 SYSTEMPATH/CodeIgniter.php(466): CodeIgniter\CodeIgniter->runController()
 5 SYSTEMPATH/CodeIgniter.php(349): CodeIgniter\CodeIgniter->handleRequest()
 6 FCPATH/index.php(57): CodeIgniter\CodeIgniter->run()
CRITICAL - 2024-08-02 18:41:01 --> Undefined variable $payArray
in APPPATH/Models/Engine.php on line 2230.
 1 APPPATH/Models/Engine.php(2230): CodeIgniter\Debug\Exceptions->errorHandler()
 2 APPPATH/Controllers/Api.php(147): App\Models\Engine->getBillToSynch()
 3 SYSTEMPATH/CodeIgniter.php(896): App\Controllers\Api->postbillpayment()
 4 SYSTEMPATH/CodeIgniter.php(466): CodeIgniter\CodeIgniter->runController()
 5 SYSTEMPATH/CodeIgniter.php(349): CodeIgniter\CodeIgniter->handleRequest()
 6 FCPATH/index.php(57): CodeIgniter\CodeIgniter->run()
CRITICAL - 2024-08-02 18:42:01 --> Undefined variable $payArray
in APPPATH/Models/Engine.php on line 2230.
 1 APPPATH/Models/Engine.php(2230): CodeIgniter\Debug\Exceptions->errorHandler()
 2 APPPATH/Controllers/Api.php(147): App\Models\Engine->getBillToSynch()
 3 SYSTEMPATH/CodeIgniter.php(896): App\Controllers\Api->postbillpayment()
 4 SYSTEMPATH/CodeIgniter.php(466): CodeIgniter\CodeIgniter->runController()
 5 SYSTEMPATH/CodeIgniter.php(349): CodeIgniter\CodeIgniter->handleRequest()
 6 FCPATH/index.php(57): CodeIgniter\CodeIgniter->run()
CRITICAL - 2024-08-02 18:43:01 --> Undefined variable $payArray
in APPPATH/Models/Engine.php on line 2230.
 1 APPPATH/Models/Engine.php(2230): CodeIgniter\Debug\Exceptions->errorHandler()
 2 APPPATH/Controllers/Api.php(147): App\Models\Engine->getBillToSynch()
 3 SYSTEMPATH/CodeIgniter.php(896): App\Controllers\Api->postbillpayment()
 4 SYSTEMPATH/CodeIgniter.php(466): CodeIgniter\CodeIgniter->runController()
 5 SYSTEMPATH/CodeIgniter.php(349): CodeIgniter\CodeIgniter->handleRequest()
 6 FCPATH/index.php(57): CodeIgniter\CodeIgniter->run()
CRITICAL - 2024-08-02 18:44:01 --> Undefined variable $payArray
in APPPATH/Models/Engine.php on line 2230.
 1 APPPATH/Models/Engine.php(2230): CodeIgniter\Debug\Exceptions->errorHandler()
 2 APPPATH/Controllers/Api.php(147): App\Models\Engine->getBillToSynch()
 3 SYSTEMPATH/CodeIgniter.php(896): App\Controllers\Api->postbillpayment()
 4 SYSTEMPATH/CodeIgniter.php(466): CodeIgniter\CodeIgniter->runController()
 5 SYSTEMPATH/CodeIgniter.php(349): CodeIgniter\CodeIgniter->handleRequest()
 6 FCPATH/index.php(57): CodeIgniter\CodeIgniter->run()
CRITICAL - 2024-08-02 18:45:01 --> Undefined variable $payArray
in APPPATH/Models/Engine.php on line 2230.
 1 APPPATH/Models/Engine.php(2230): CodeIgniter\Debug\Exceptions->errorHandler()
 2 APPPATH/Controllers/Api.php(147): App\Models\Engine->getBillToSynch()
 3 SYSTEMPATH/CodeIgniter.php(896): App\Controllers\Api->postbillpayment()
 4 SYSTEMPATH/CodeIgniter.php(466): CodeIgniter\CodeIgniter->runController()
 5 SYSTEMPATH/CodeIgniter.php(349): CodeIgniter\CodeIgniter->handleRequest()
 6 FCPATH/index.php(57): CodeIgniter\CodeIgniter->run()
CRITICAL - 2024-08-02 18:46:01 --> Undefined variable $payArray
in APPPATH/Models/Engine.php on line 2230.
 1 APPPATH/Models/Engine.php(2230): CodeIgniter\Debug\Exceptions->errorHandler()
 2 APPPATH/Controllers/Api.php(147): App\Models\Engine->getBillToSynch()
 3 SYSTEMPATH/CodeIgniter.php(896): App\Controllers\Api->postbillpayment()
 4 SYSTEMPATH/CodeIgniter.php(466): CodeIgniter\CodeIgniter->runController()
 5 SYSTEMPATH/CodeIgniter.php(349): CodeIgniter\CodeIgniter->handleRequest()
 6 FCPATH/index.php(57): CodeIgniter\CodeIgniter->run()
CRITICAL - 2024-08-02 18:47:02 --> Undefined variable $payArray
in APPPATH/Models/Engine.php on line 2230.
 1 APPPATH/Models/Engine.php(2230): CodeIgniter\Debug\Exceptions->errorHandler()
 2 APPPATH/Controllers/Api.php(147): App\Models\Engine->getBillToSynch()
 3 SYSTEMPATH/CodeIgniter.php(896): App\Controllers\Api->postbillpayment()
 4 SYSTEMPATH/CodeIgniter.php(466): CodeIgniter\CodeIgniter->runController()
 5 SYSTEMPATH/CodeIgniter.php(349): CodeIgniter\CodeIgniter->handleRequest()
 6 FCPATH/index.php(57): CodeIgniter\CodeIgniter->run()
ERROR - 2024-08-02 18:53:01 --> Got error 4009 'Cluster Failure' from NDBCLUSTER
CRITICAL - 2024-08-02 18:53:01 --> Got error 4009 'Cluster Failure' from NDBCLUSTER
in SYSTEMPATH/Database/MySQLi/Connection.php on line 292.
 1 SYSTEMPATH/Database/MySQLi/Connection.php(292): mysqli->query()
 2 SYSTEMPATH/Database/BaseConnection.php(695): CodeIgniter\Database\MySQLi\Connection->execute()
 3 SYSTEMPATH/Database/BaseConnection.php(609): CodeIgniter\Database\BaseConnection->simpleQuery()
 4 APPPATH/Models/Engine.php(463): CodeIgniter\Database\BaseConnection->query()
 5 APPPATH/Controllers/BaseController.php(77): App\Models\Engine->getLanguages()
 6 SYSTEMPATH/CodeIgniter.php(859): App\Controllers\BaseController->initController()
 7 SYSTEMPATH/CodeIgniter.php(457): CodeIgniter\CodeIgniter->createController()
 8 SYSTEMPATH/CodeIgniter.php(349): CodeIgniter\CodeIgniter->handleRequest()
 9 FCPATH/index.php(57): CodeIgniter\CodeIgniter->run()
CRITICAL - 2024-08-02 18:54:01 --> Undefined variable $payArray
in APPPATH/Models/Engine.php on line 2230.
 1 APPPATH/Models/Engine.php(2230): CodeIgniter\Debug\Exceptions->errorHandler()
 2 APPPATH/Controllers/Api.php(147): App\Models\Engine->getBillToSynch()
 3 SYSTEMPATH/CodeIgniter.php(896): App\Controllers\Api->postbillpayment()
 4 SYSTEMPATH/CodeIgniter.php(466): CodeIgniter\CodeIgniter->runController()
 5 SYSTEMPATH/CodeIgniter.php(349): CodeIgniter\CodeIgniter->handleRequest()
 6 FCPATH/index.php(57): CodeIgniter\CodeIgniter->run()
CRITICAL - 2024-08-02 18:55:02 --> Undefined variable $payArray
in APPPATH/Models/Engine.php on line 2230.
 1 APPPATH/Models/Engine.php(2230): CodeIgniter\Debug\Exceptions->errorHandler()
 2 APPPATH/Controllers/Api.php(147): App\Models\Engine->getBillToSynch()
 3 SYSTEMPATH/CodeIgniter.php(896): App\Controllers\Api->postbillpayment()
 4 SYSTEMPATH/CodeIgniter.php(466): CodeIgniter\CodeIgniter->runController()
 5 SYSTEMPATH/CodeIgniter.php(349): CodeIgniter\CodeIgniter->handleRequest()
 6 FCPATH/index.php(57): CodeIgniter\CodeIgniter->run()
CRITICAL - 2024-08-02 18:56:01 --> Undefined variable $payArray
in APPPATH/Models/Engine.php on line 2230.
 1 APPPATH/Models/Engine.php(2230): CodeIgniter\Debug\Exceptions->errorHandler()
 2 APPPATH/Controllers/Api.php(147): App\Models\Engine->getBillToSynch()
 3 SYSTEMPATH/CodeIgniter.php(896): App\Controllers\Api->postbillpayment()
 4 SYSTEMPATH/CodeIgniter.php(466): CodeIgniter\CodeIgniter->runController()
 5 SYSTEMPATH/CodeIgniter.php(349): CodeIgniter\CodeIgniter->handleRequest()
 6 FCPATH/index.php(57): CodeIgniter\CodeIgniter->run()
CRITICAL - 2024-08-02 18:57:01 --> Undefined variable $payArray
in APPPATH/Models/Engine.php on line 2230.
 1 APPPATH/Models/Engine.php(2230): CodeIgniter\Debug\Exceptions->errorHandler()
 2 APPPATH/Controllers/Api.php(147): App\Models\Engine->getBillToSynch()
 3 SYSTEMPATH/CodeIgniter.php(896): App\Controllers\Api->postbillpayment()
 4 SYSTEMPATH/CodeIgniter.php(466): CodeIgniter\CodeIgniter->runController()
 5 SYSTEMPATH/CodeIgniter.php(349): CodeIgniter\CodeIgniter->handleRequest()
 6 FCPATH/index.php(57): CodeIgniter\CodeIgniter->run()
CRITICAL - 2024-08-02 18:58:01 --> Undefined variable $payArray
in APPPATH/Models/Engine.php on line 2230.
 1 APPPATH/Models/Engine.php(2230): CodeIgniter\Debug\Exceptions->errorHandler()
 2 APPPATH/Controllers/Api.php(147): App\Models\Engine->getBillToSynch()
 3 SYSTEMPATH/CodeIgniter.php(896): App\Controllers\Api->postbillpayment()
 4 SYSTEMPATH/CodeIgniter.php(466): CodeIgniter\CodeIgniter->runController()
 5 SYSTEMPATH/CodeIgniter.php(349): CodeIgniter\CodeIgniter->handleRequest()
 6 FCPATH/index.php(57): CodeIgniter\CodeIgniter->run()
CRITICAL - 2024-08-02 18:59:01 --> Undefined variable $payArray
in APPPATH/Models/Engine.php on line 2230.
 1 APPPATH/Models/Engine.php(2230): CodeIgniter\Debug\Exceptions->errorHandler()
 2 APPPATH/Controllers/Api.php(147): App\Models\Engine->getBillToSynch()
 3 SYSTEMPATH/CodeIgniter.php(896): App\Controllers\Api->postbillpayment()
 4 SYSTEMPATH/CodeIgniter.php(466): CodeIgniter\CodeIgniter->runController()
 5 SYSTEMPATH/CodeIgniter.php(349): CodeIgniter\CodeIgniter->handleRequest()
 6 FCPATH/index.php(57): CodeIgniter\CodeIgniter->run()
CRITICAL - 2024-08-02 19:00:01 --> Undefined variable $payArray
in APPPATH/Models/Engine.php on line 2230.
 1 APPPATH/Models/Engine.php(2230): CodeIgniter\Debug\Exceptions->errorHandler()
 2 APPPATH/Controllers/Api.php(147): App\Models\Engine->getBillToSynch()
 3 SYSTEMPATH/CodeIgniter.php(896): App\Controllers\Api->postbillpayment()
 4 SYSTEMPATH/CodeIgniter.php(466): CodeIgniter\CodeIgniter->runController()
 5 SYSTEMPATH/CodeIgniter.php(349): CodeIgniter\CodeIgniter->handleRequest()
 6 FCPATH/index.php(57): CodeIgniter\CodeIgniter->run()
CRITICAL - 2024-08-02 19:01:01 --> Undefined variable $payArray
in APPPATH/Models/Engine.php on line 2230.
 1 APPPATH/Models/Engine.php(2230): CodeIgniter\Debug\Exceptions->errorHandler()
 2 APPPATH/Controllers/Api.php(147): App\Models\Engine->getBillToSynch()
 3 SYSTEMPATH/CodeIgniter.php(896): App\Controllers\Api->postbillpayment()
 4 SYSTEMPATH/CodeIgniter.php(466): CodeIgniter\CodeIgniter->runController()
 5 SYSTEMPATH/CodeIgniter.php(349): CodeIgniter\CodeIgniter->handleRequest()
 6 FCPATH/index.php(57): CodeIgniter\CodeIgniter->run()
CRITICAL - 2024-08-02 19:02:01 --> Undefined variable $payArray
in APPPATH/Models/Engine.php on line 2230.
 1 APPPATH/Models/Engine.php(2230): CodeIgniter\Debug\Exceptions->errorHandler()
 2 APPPATH/Controllers/Api.php(147): App\Models\Engine->getBillToSynch()
 3 SYSTEMPATH/CodeIgniter.php(896): App\Controllers\Api->postbillpayment()
 4 SYSTEMPATH/CodeIgniter.php(466): CodeIgniter\CodeIgniter->runController()
 5 SYSTEMPATH/CodeIgniter.php(349): CodeIgniter\CodeIgniter->handleRequest()
 6 FCPATH/index.php(57): CodeIgniter\CodeIgniter->run()
CRITICAL - 2024-08-02 19:03:01 --> Undefined variable $payArray
in APPPATH/Models/Engine.php on line 2230.
 1 APPPATH/Models/Engine.php(2230): CodeIgniter\Debug\Exceptions->errorHandler()
 2 APPPATH/Controllers/Api.php(147): App\Models\Engine->getBillToSynch()
 3 SYSTEMPATH/CodeIgniter.php(896): App\Controllers\Api->postbillpayment()
 4 SYSTEMPATH/CodeIgniter.php(466): CodeIgniter\CodeIgniter->runController()
 5 SYSTEMPATH/CodeIgniter.php(349): CodeIgniter\CodeIgniter->handleRequest()
 6 FCPATH/index.php(57): CodeIgniter\CodeIgniter->run()
CRITICAL - 2024-08-02 19:04:01 --> Undefined variable $payArray
in APPPATH/Models/Engine.php on line 2230.
 1 APPPATH/Models/Engine.php(2230): CodeIgniter\Debug\Exceptions->errorHandler()
 2 APPPATH/Controllers/Api.php(147): App\Models\Engine->getBillToSynch()
 3 SYSTEMPATH/CodeIgniter.php(896): App\Controllers\Api->postbillpayment()
 4 SYSTEMPATH/CodeIgniter.php(466): CodeIgniter\CodeIgniter->runController()
 5 SYSTEMPATH/CodeIgniter.php(349): CodeIgniter\CodeIgniter->handleRequest()
 6 FCPATH/index.php(57): CodeIgniter\CodeIgniter->run()
CRITICAL - 2024-08-02 19:05:01 --> Undefined variable $payArray
in APPPATH/Models/Engine.php on line 2230.
 1 APPPATH/Models/Engine.php(2230): CodeIgniter\Debug\Exceptions->errorHandler()
 2 APPPATH/Controllers/Api.php(147): App\Models\Engine->getBillToSynch()
 3 SYSTEMPATH/CodeIgniter.php(896): App\Controllers\Api->postbillpayment()
 4 SYSTEMPATH/CodeIgniter.php(466): CodeIgniter\CodeIgniter->runController()
 5 SYSTEMPATH/CodeIgniter.php(349): CodeIgniter\CodeIgniter->handleRequest()
 6 FCPATH/index.php(57): CodeIgniter\CodeIgniter->run()
CRITICAL - 2024-08-02 19:06:07 --> Undefined variable $payArray
in APPPATH/Models/Engine.php on line 2230.
 1 APPPATH/Models/Engine.php(2230): CodeIgniter\Debug\Exceptions->errorHandler()
 2 APPPATH/Controllers/Api.php(147): App\Models\Engine->getBillToSynch()
 3 SYSTEMPATH/CodeIgniter.php(896): App\Controllers\Api->postbillpayment()
 4 SYSTEMPATH/CodeIgniter.php(466): CodeIgniter\CodeIgniter->runController()
 5 SYSTEMPATH/CodeIgniter.php(349): CodeIgniter\CodeIgniter->handleRequest()
 6 FCPATH/index.php(57): CodeIgniter\CodeIgniter->run()
CRITICAL - 2024-08-02 19:07:01 --> Undefined variable $payArray
in APPPATH/Models/Engine.php on line 2230.
 1 APPPATH/Models/Engine.php(2230): CodeIgniter\Debug\Exceptions->errorHandler()
 2 APPPATH/Controllers/Api.php(147): App\Models\Engine->getBillToSynch()
 3 SYSTEMPATH/CodeIgniter.php(896): App\Controllers\Api->postbillpayment()
 4 SYSTEMPATH/CodeIgniter.php(466): CodeIgniter\CodeIgniter->runController()
 5 SYSTEMPATH/CodeIgniter.php(349): CodeIgniter\CodeIgniter->handleRequest()
 6 FCPATH/index.php(57): CodeIgniter\CodeIgniter->run()
CRITICAL - 2024-08-02 19:08:01 --> Undefined variable $payArray
in APPPATH/Models/Engine.php on line 2230.
 1 APPPATH/Models/Engine.php(2230): CodeIgniter\Debug\Exceptions->errorHandler()
 2 APPPATH/Controllers/Api.php(147): App\Models\Engine->getBillToSynch()
 3 SYSTEMPATH/CodeIgniter.php(896): App\Controllers\Api->postbillpayment()
 4 SYSTEMPATH/CodeIgniter.php(466): CodeIgniter\CodeIgniter->runController()
 5 SYSTEMPATH/CodeIgniter.php(349): CodeIgniter\CodeIgniter->handleRequest()
 6 FCPATH/index.php(57): CodeIgniter\CodeIgniter->run()
CRITICAL - 2024-08-02 19:09:02 --> Undefined variable $payArray
in APPPATH/Models/Engine.php on line 2230.
 1 APPPATH/Models/Engine.php(2230): CodeIgniter\Debug\Exceptions->errorHandler()
 2 APPPATH/Controllers/Api.php(147): App\Models\Engine->getBillToSynch()
 3 SYSTEMPATH/CodeIgniter.php(896): App\Controllers\Api->postbillpayment()
 4 SYSTEMPATH/CodeIgniter.php(466): CodeIgniter\CodeIgniter->runController()
 5 SYSTEMPATH/CodeIgniter.php(349): CodeIgniter\CodeIgniter->handleRequest()
 6 FCPATH/index.php(57): CodeIgniter\CodeIgniter->run()
CRITICAL - 2024-08-02 19:10:01 --> Undefined variable $payArray
in APPPATH/Models/Engine.php on line 2230.
 1 APPPATH/Models/Engine.php(2230): CodeIgniter\Debug\Exceptions->errorHandler()
 2 APPPATH/Controllers/Api.php(147): App\Models\Engine->getBillToSynch()
 3 SYSTEMPATH/CodeIgniter.php(896): App\Controllers\Api->postbillpayment()
 4 SYSTEMPATH/CodeIgniter.php(466): CodeIgniter\CodeIgniter->runController()
 5 SYSTEMPATH/CodeIgniter.php(349): CodeIgniter\CodeIgniter->handleRequest()
 6 FCPATH/index.php(57): CodeIgniter\CodeIgniter->run()
CRITICAL - 2024-08-02 19:12:01 --> Undefined variable $payArray
in APPPATH/Models/Engine.php on line 2230.
 1 APPPATH/Models/Engine.php(2230): CodeIgniter\Debug\Exceptions->errorHandler()
 2 APPPATH/Controllers/Api.php(147): App\Models\Engine->getBillToSynch()
 3 SYSTEMPATH/CodeIgniter.php(896): App\Controllers\Api->postbillpayment()
 4 SYSTEMPATH/CodeIgniter.php(466): CodeIgniter\CodeIgniter->runController()
 5 SYSTEMPATH/CodeIgniter.php(349): CodeIgniter\CodeIgniter->handleRequest()
 6 FCPATH/index.php(57): CodeIgniter\CodeIgniter->run()
CRITICAL - 2024-08-02 19:13:01 --> Undefined variable $payArray
in APPPATH/Models/Engine.php on line 2230.
 1 APPPATH/Models/Engine.php(2230): CodeIgniter\Debug\Exceptions->errorHandler()
 2 APPPATH/Controllers/Api.php(147): App\Models\Engine->getBillToSynch()
 3 SYSTEMPATH/CodeIgniter.php(896): App\Controllers\Api->postbillpayment()
 4 SYSTEMPATH/CodeIgniter.php(466): CodeIgniter\CodeIgniter->runController()
 5 SYSTEMPATH/CodeIgniter.php(349): CodeIgniter\CodeIgniter->handleRequest()
 6 FCPATH/index.php(57): CodeIgniter\CodeIgniter->run()
CRITICAL - 2024-08-02 19:14:01 --> Undefined variable $payArray
in APPPATH/Models/Engine.php on line 2230.
 1 APPPATH/Models/Engine.php(2230): CodeIgniter\Debug\Exceptions->errorHandler()
 2 APPPATH/Controllers/Api.php(147): App\Models\Engine->getBillToSynch()
 3 SYSTEMPATH/CodeIgniter.php(896): App\Controllers\Api->postbillpayment()
 4 SYSTEMPATH/CodeIgniter.php(466): CodeIgniter\CodeIgniter->runController()
 5 SYSTEMPATH/CodeIgniter.php(349): CodeIgniter\CodeIgniter->handleRequest()
 6 FCPATH/index.php(57): CodeIgniter\CodeIgniter->run()
CRITICAL - 2024-08-02 19:15:01 --> Undefined variable $payArray
in APPPATH/Models/Engine.php on line 2230.
 1 APPPATH/Models/Engine.php(2230): CodeIgniter\Debug\Exceptions->errorHandler()
 2 APPPATH/Controllers/Api.php(147): App\Models\Engine->getBillToSynch()
 3 SYSTEMPATH/CodeIgniter.php(896): App\Controllers\Api->postbillpayment()
 4 SYSTEMPATH/CodeIgniter.php(466): CodeIgniter\CodeIgniter->runController()
 5 SYSTEMPATH/CodeIgniter.php(349): CodeIgniter\CodeIgniter->handleRequest()
 6 FCPATH/index.php(57): CodeIgniter\CodeIgniter->run()
CRITICAL - 2024-08-02 19:16:01 --> Undefined variable $payArray
in APPPATH/Models/Engine.php on line 2230.
 1 APPPATH/Models/Engine.php(2230): CodeIgniter\Debug\Exceptions->errorHandler()
 2 APPPATH/Controllers/Api.php(147): App\Models\Engine->getBillToSynch()
 3 SYSTEMPATH/CodeIgniter.php(896): App\Controllers\Api->postbillpayment()
 4 SYSTEMPATH/CodeIgniter.php(466): CodeIgniter\CodeIgniter->runController()
 5 SYSTEMPATH/CodeIgniter.php(349): CodeIgniter\CodeIgniter->handleRequest()
 6 FCPATH/index.php(57): CodeIgniter\CodeIgniter->run()
CRITICAL - 2024-08-02 19:17:01 --> Undefined variable $payArray
in APPPATH/Models/Engine.php on line 2230.
 1 APPPATH/Models/Engine.php(2230): CodeIgniter\Debug\Exceptions->errorHandler()
 2 APPPATH/Controllers/Api.php(147): App\Models\Engine->getBillToSynch()
 3 SYSTEMPATH/CodeIgniter.php(896): App\Controllers\Api->postbillpayment()
 4 SYSTEMPATH/CodeIgniter.php(466): CodeIgniter\CodeIgniter->runController()
 5 SYSTEMPATH/CodeIgniter.php(349): CodeIgniter\CodeIgniter->handleRequest()
 6 FCPATH/index.php(57): CodeIgniter\CodeIgniter->run()
CRITICAL - 2024-08-02 19:18:01 --> Undefined variable $payArray
in APPPATH/Models/Engine.php on line 2230.
 1 APPPATH/Models/Engine.php(2230): CodeIgniter\Debug\Exceptions->errorHandler()
 2 APPPATH/Controllers/Api.php(147): App\Models\Engine->getBillToSynch()
 3 SYSTEMPATH/CodeIgniter.php(896): App\Controllers\Api->postbillpayment()
 4 SYSTEMPATH/CodeIgniter.php(466): CodeIgniter\CodeIgniter->runController()
 5 SYSTEMPATH/CodeIgniter.php(349): CodeIgniter\CodeIgniter->handleRequest()
 6 FCPATH/index.php(57): CodeIgniter\CodeIgniter->run()
CRITICAL - 2024-08-02 19:19:01 --> Undefined variable $payArray
in APPPATH/Models/Engine.php on line 2230.
 1 APPPATH/Models/Engine.php(2230): CodeIgniter\Debug\Exceptions->errorHandler()
 2 APPPATH/Controllers/Api.php(147): App\Models\Engine->getBillToSynch()
 3 SYSTEMPATH/CodeIgniter.php(896): App\Controllers\Api->postbillpayment()
 4 SYSTEMPATH/CodeIgniter.php(466): CodeIgniter\CodeIgniter->runController()
 5 SYSTEMPATH/CodeIgniter.php(349): CodeIgniter\CodeIgniter->handleRequest()
 6 FCPATH/index.php(57): CodeIgniter\CodeIgniter->run()
CRITICAL - 2024-08-02 19:20:01 --> Undefined variable $payArray
in APPPATH/Models/Engine.php on line 2230.
 1 APPPATH/Models/Engine.php(2230): CodeIgniter\Debug\Exceptions->errorHandler()
 2 APPPATH/Controllers/Api.php(147): App\Models\Engine->getBillToSynch()
 3 SYSTEMPATH/CodeIgniter.php(896): App\Controllers\Api->postbillpayment()
 4 SYSTEMPATH/CodeIgniter.php(466): CodeIgniter\CodeIgniter->runController()
 5 SYSTEMPATH/CodeIgniter.php(349): CodeIgniter\CodeIgniter->handleRequest()
 6 FCPATH/index.php(57): CodeIgniter\CodeIgniter->run()
CRITICAL - 2024-08-02 19:21:01 --> Undefined variable $payArray
in APPPATH/Models/Engine.php on line 2230.
 1 APPPATH/Models/Engine.php(2230): CodeIgniter\Debug\Exceptions->errorHandler()
 2 APPPATH/Controllers/Api.php(147): App\Models\Engine->getBillToSynch()
 3 SYSTEMPATH/CodeIgniter.php(896): App\Controllers\Api->postbillpayment()
 4 SYSTEMPATH/CodeIgniter.php(466): CodeIgniter\CodeIgniter->runController()
 5 SYSTEMPATH/CodeIgniter.php(349): CodeIgniter\CodeIgniter->handleRequest()
 6 FCPATH/index.php(57): CodeIgniter\CodeIgniter->run()
CRITICAL - 2024-08-02 19:22:01 --> Undefined variable $payArray
in APPPATH/Models/Engine.php on line 2230.
 1 APPPATH/Models/Engine.php(2230): CodeIgniter\Debug\Exceptions->errorHandler()
 2 APPPATH/Controllers/Api.php(147): App\Models\Engine->getBillToSynch()
 3 SYSTEMPATH/CodeIgniter.php(896): App\Controllers\Api->postbillpayment()
 4 SYSTEMPATH/CodeIgniter.php(466): CodeIgniter\CodeIgniter->runController()
 5 SYSTEMPATH/CodeIgniter.php(349): CodeIgniter\CodeIgniter->handleRequest()
 6 FCPATH/index.php(57): CodeIgniter\CodeIgniter->run()
CRITICAL - 2024-08-02 19:23:01 --> Undefined variable $payArray
in APPPATH/Models/Engine.php on line 2230.
 1 APPPATH/Models/Engine.php(2230): CodeIgniter\Debug\Exceptions->errorHandler()
 2 APPPATH/Controllers/Api.php(147): App\Models\Engine->getBillToSynch()
 3 SYSTEMPATH/CodeIgniter.php(896): App\Controllers\Api->postbillpayment()
 4 SYSTEMPATH/CodeIgniter.php(466): CodeIgniter\CodeIgniter->runController()
 5 SYSTEMPATH/CodeIgniter.php(349): CodeIgniter\CodeIgniter->handleRequest()
 6 FCPATH/index.php(57): CodeIgniter\CodeIgniter->run()
CRITICAL - 2024-08-02 19:24:01 --> Undefined variable $payArray
in APPPATH/Models/Engine.php on line 2230.
 1 APPPATH/Models/Engine.php(2230): CodeIgniter\Debug\Exceptions->errorHandler()
 2 APPPATH/Controllers/Api.php(147): App\Models\Engine->getBillToSynch()
 3 SYSTEMPATH/CodeIgniter.php(896): App\Controllers\Api->postbillpayment()
 4 SYSTEMPATH/CodeIgniter.php(466): CodeIgniter\CodeIgniter->runController()
 5 SYSTEMPATH/CodeIgniter.php(349): CodeIgniter\CodeIgniter->handleRequest()
 6 FCPATH/index.php(57): CodeIgniter\CodeIgniter->run()
CRITICAL - 2024-08-02 19:25:01 --> Undefined variable $payArray
in APPPATH/Models/Engine.php on line 2230.
 1 APPPATH/Models/Engine.php(2230): CodeIgniter\Debug\Exceptions->errorHandler()
 2 APPPATH/Controllers/Api.php(147): App\Models\Engine->getBillToSynch()
 3 SYSTEMPATH/CodeIgniter.php(896): App\Controllers\Api->postbillpayment()
 4 SYSTEMPATH/CodeIgniter.php(466): CodeIgniter\CodeIgniter->runController()
 5 SYSTEMPATH/CodeIgniter.php(349): CodeIgniter\CodeIgniter->handleRequest()
 6 FCPATH/index.php(57): CodeIgniter\CodeIgniter->run()
CRITICAL - 2024-08-02 19:26:02 --> Undefined variable $payArray
in APPPATH/Models/Engine.php on line 2230.
 1 APPPATH/Models/Engine.php(2230): CodeIgniter\Debug\Exceptions->errorHandler()
 2 APPPATH/Controllers/Api.php(147): App\Models\Engine->getBillToSynch()
 3 SYSTEMPATH/CodeIgniter.php(896): App\Controllers\Api->postbillpayment()
 4 SYSTEMPATH/CodeIgniter.php(466): CodeIgniter\CodeIgniter->runController()
 5 SYSTEMPATH/CodeIgniter.php(349): CodeIgniter\CodeIgniter->handleRequest()
 6 FCPATH/index.php(57): CodeIgniter\CodeIgniter->run()
CRITICAL - 2024-08-02 19:27:01 --> Undefined variable $payArray
in APPPATH/Models/Engine.php on line 2230.
 1 APPPATH/Models/Engine.php(2230): CodeIgniter\Debug\Exceptions->errorHandler()
 2 APPPATH/Controllers/Api.php(147): App\Models\Engine->getBillToSynch()
 3 SYSTEMPATH/CodeIgniter.php(896): App\Controllers\Api->postbillpayment()
 4 SYSTEMPATH/CodeIgniter.php(466): CodeIgniter\CodeIgniter->runController()
 5 SYSTEMPATH/CodeIgniter.php(349): CodeIgniter\CodeIgniter->handleRequest()
 6 FCPATH/index.php(57): CodeIgniter\CodeIgniter->run()
CRITICAL - 2024-08-02 19:28:01 --> Undefined variable $payArray
in APPPATH/Models/Engine.php on line 2230.
 1 APPPATH/Models/Engine.php(2230): CodeIgniter\Debug\Exceptions->errorHandler()
 2 APPPATH/Controllers/Api.php(147): App\Models\Engine->getBillToSynch()
 3 SYSTEMPATH/CodeIgniter.php(896): App\Controllers\Api->postbillpayment()
 4 SYSTEMPATH/CodeIgniter.php(466): CodeIgniter\CodeIgniter->runController()
 5 SYSTEMPATH/CodeIgniter.php(349): CodeIgniter\CodeIgniter->handleRequest()
 6 FCPATH/index.php(57): CodeIgniter\CodeIgniter->run()
CRITICAL - 2024-08-02 19:29:01 --> Undefined variable $payArray
in APPPATH/Models/Engine.php on line 2230.
 1 APPPATH/Models/Engine.php(2230): CodeIgniter\Debug\Exceptions->errorHandler()
 2 APPPATH/Controllers/Api.php(147): App\Models\Engine->getBillToSynch()
 3 SYSTEMPATH/CodeIgniter.php(896): App\Controllers\Api->postbillpayment()
 4 SYSTEMPATH/CodeIgniter.php(466): CodeIgniter\CodeIgniter->runController()
 5 SYSTEMPATH/CodeIgniter.php(349): CodeIgniter\CodeIgniter->handleRequest()
 6 FCPATH/index.php(57): CodeIgniter\CodeIgniter->run()
CRITICAL - 2024-08-02 19:30:01 --> Undefined variable $payArray
in APPPATH/Models/Engine.php on line 2230.
 1 APPPATH/Models/Engine.php(2230): CodeIgniter\Debug\Exceptions->errorHandler()
 2 APPPATH/Controllers/Api.php(147): App\Models\Engine->getBillToSynch()
 3 SYSTEMPATH/CodeIgniter.php(896): App\Controllers\Api->postbillpayment()
 4 SYSTEMPATH/CodeIgniter.php(466): CodeIgniter\CodeIgniter->runController()
 5 SYSTEMPATH/CodeIgniter.php(349): CodeIgniter\CodeIgniter->handleRequest()
 6 FCPATH/index.php(57): CodeIgniter\CodeIgniter->run()
CRITICAL - 2024-08-02 19:31:01 --> Undefined variable $payArray
in APPPATH/Models/Engine.php on line 2230.
 1 APPPATH/Models/Engine.php(2230): CodeIgniter\Debug\Exceptions->errorHandler()
 2 APPPATH/Controllers/Api.php(147): App\Models\Engine->getBillToSynch()
 3 SYSTEMPATH/CodeIgniter.php(896): App\Controllers\Api->postbillpayment()
 4 SYSTEMPATH/CodeIgniter.php(466): CodeIgniter\CodeIgniter->runController()
 5 SYSTEMPATH/CodeIgniter.php(349): CodeIgniter\CodeIgniter->handleRequest()
 6 FCPATH/index.php(57): CodeIgniter\CodeIgniter->run()
CRITICAL - 2024-08-02 19:32:01 --> Undefined variable $payArray
in APPPATH/Models/Engine.php on line 2230.
 1 APPPATH/Models/Engine.php(2230): CodeIgniter\Debug\Exceptions->errorHandler()
 2 APPPATH/Controllers/Api.php(147): App\Models\Engine->getBillToSynch()
 3 SYSTEMPATH/CodeIgniter.php(896): App\Controllers\Api->postbillpayment()
 4 SYSTEMPATH/CodeIgniter.php(466): CodeIgniter\CodeIgniter->runController()
 5 SYSTEMPATH/CodeIgniter.php(349): CodeIgniter\CodeIgniter->handleRequest()
 6 FCPATH/index.php(57): CodeIgniter\CodeIgniter->run()
CRITICAL - 2024-08-02 19:33:01 --> Undefined variable $payArray
in APPPATH/Models/Engine.php on line 2230.
 1 APPPATH/Models/Engine.php(2230): CodeIgniter\Debug\Exceptions->errorHandler()
 2 APPPATH/Controllers/Api.php(147): App\Models\Engine->getBillToSynch()
 3 SYSTEMPATH/CodeIgniter.php(896): App\Controllers\Api->postbillpayment()
 4 SYSTEMPATH/CodeIgniter.php(466): CodeIgniter\CodeIgniter->runController()
 5 SYSTEMPATH/CodeIgniter.php(349): CodeIgniter\CodeIgniter->handleRequest()
 6 FCPATH/index.php(57): CodeIgniter\CodeIgniter->run()
CRITICAL - 2024-08-02 19:34:01 --> Undefined variable $payArray
in APPPATH/Models/Engine.php on line 2230.
 1 APPPATH/Models/Engine.php(2230): CodeIgniter\Debug\Exceptions->errorHandler()
 2 APPPATH/Controllers/Api.php(147): App\Models\Engine->getBillToSynch()
 3 SYSTEMPATH/CodeIgniter.php(896): App\Controllers\Api->postbillpayment()
 4 SYSTEMPATH/CodeIgniter.php(466): CodeIgniter\CodeIgniter->runController()
 5 SYSTEMPATH/CodeIgniter.php(349): CodeIgniter\CodeIgniter->handleRequest()
 6 FCPATH/index.php(57): CodeIgniter\CodeIgniter->run()
CRITICAL - 2024-08-02 19:35:01 --> Undefined variable $payArray
in APPPATH/Models/Engine.php on line 2230.
 1 APPPATH/Models/Engine.php(2230): CodeIgniter\Debug\Exceptions->errorHandler()
 2 APPPATH/Controllers/Api.php(147): App\Models\Engine->getBillToSynch()
 3 SYSTEMPATH/CodeIgniter.php(896): App\Controllers\Api->postbillpayment()
 4 SYSTEMPATH/CodeIgniter.php(466): CodeIgniter\CodeIgniter->runController()
 5 SYSTEMPATH/CodeIgniter.php(349): CodeIgniter\CodeIgniter->handleRequest()
 6 FCPATH/index.php(57): CodeIgniter\CodeIgniter->run()
CRITICAL - 2024-08-02 19:36:01 --> Undefined variable $payArray
in APPPATH/Models/Engine.php on line 2230.
 1 APPPATH/Models/Engine.php(2230): CodeIgniter\Debug\Exceptions->errorHandler()
 2 APPPATH/Controllers/Api.php(147): App\Models\Engine->getBillToSynch()
 3 SYSTEMPATH/CodeIgniter.php(896): App\Controllers\Api->postbillpayment()
 4 SYSTEMPATH/CodeIgniter.php(466): CodeIgniter\CodeIgniter->runController()
 5 SYSTEMPATH/CodeIgniter.php(349): CodeIgniter\CodeIgniter->handleRequest()
 6 FCPATH/index.php(57): CodeIgniter\CodeIgniter->run()
CRITICAL - 2024-08-02 19:37:01 --> Undefined variable $payArray
in APPPATH/Models/Engine.php on line 2230.
 1 APPPATH/Models/Engine.php(2230): CodeIgniter\Debug\Exceptions->errorHandler()
 2 APPPATH/Controllers/Api.php(147): App\Models\Engine->getBillToSynch()
 3 SYSTEMPATH/CodeIgniter.php(896): App\Controllers\Api->postbillpayment()
 4 SYSTEMPATH/CodeIgniter.php(466): CodeIgniter\CodeIgniter->runController()
 5 SYSTEMPATH/CodeIgniter.php(349): CodeIgniter\CodeIgniter->handleRequest()
 6 FCPATH/index.php(57): CodeIgniter\CodeIgniter->run()
CRITICAL - 2024-08-02 19:38:01 --> Undefined variable $payArray
in APPPATH/Models/Engine.php on line 2230.
 1 APPPATH/Models/Engine.php(2230): CodeIgniter\Debug\Exceptions->errorHandler()
 2 APPPATH/Controllers/Api.php(147): App\Models\Engine->getBillToSynch()
 3 SYSTEMPATH/CodeIgniter.php(896): App\Controllers\Api->postbillpayment()
 4 SYSTEMPATH/CodeIgniter.php(466): CodeIgniter\CodeIgniter->runController()
 5 SYSTEMPATH/CodeIgniter.php(349): CodeIgniter\CodeIgniter->handleRequest()
 6 FCPATH/index.php(57): CodeIgniter\CodeIgniter->run()
CRITICAL - 2024-08-02 19:39:07 --> Undefined variable $payArray
in APPPATH/Models/Engine.php on line 2230.
 1 APPPATH/Models/Engine.php(2230): CodeIgniter\Debug\Exceptions->errorHandler()
 2 APPPATH/Controllers/Api.php(147): App\Models\Engine->getBillToSynch()
 3 SYSTEMPATH/CodeIgniter.php(896): App\Controllers\Api->postbillpayment()
 4 SYSTEMPATH/CodeIgniter.php(466): CodeIgniter\CodeIgniter->runController()
 5 SYSTEMPATH/CodeIgniter.php(349): CodeIgniter\CodeIgniter->handleRequest()
 6 FCPATH/index.php(57): CodeIgniter\CodeIgniter->run()
CRITICAL - 2024-08-02 19:40:08 --> Undefined variable $payArray
in APPPATH/Models/Engine.php on line 2230.
 1 APPPATH/Models/Engine.php(2230): CodeIgniter\Debug\Exceptions->errorHandler()
 2 APPPATH/Controllers/Api.php(147): App\Models\Engine->getBillToSynch()
 3 SYSTEMPATH/CodeIgniter.php(896): App\Controllers\Api->postbillpayment()
 4 SYSTEMPATH/CodeIgniter.php(466): CodeIgniter\CodeIgniter->runController()
 5 SYSTEMPATH/CodeIgniter.php(349): CodeIgniter\CodeIgniter->handleRequest()
 6 FCPATH/index.php(57): CodeIgniter\CodeIgniter->run()
CRITICAL - 2024-08-02 19:41:05 --> Undefined variable $payArray
in APPPATH/Models/Engine.php on line 2230.
 1 APPPATH/Models/Engine.php(2230): CodeIgniter\Debug\Exceptions->errorHandler()
 2 APPPATH/Controllers/Api.php(147): App\Models\Engine->getBillToSynch()
 3 SYSTEMPATH/CodeIgniter.php(896): App\Controllers\Api->postbillpayment()
 4 SYSTEMPATH/CodeIgniter.php(466): CodeIgniter\CodeIgniter->runController()
 5 SYSTEMPATH/CodeIgniter.php(349): CodeIgniter\CodeIgniter->handleRequest()
 6 FCPATH/index.php(57): CodeIgniter\CodeIgniter->run()
CRITICAL - 2024-08-02 19:42:01 --> Undefined variable $payArray
in APPPATH/Models/Engine.php on line 2230.
 1 APPPATH/Models/Engine.php(2230): CodeIgniter\Debug\Exceptions->errorHandler()
 2 APPPATH/Controllers/Api.php(147): App\Models\Engine->getBillToSynch()
 3 SYSTEMPATH/CodeIgniter.php(896): App\Controllers\Api->postbillpayment()
 4 SYSTEMPATH/CodeIgniter.php(466): CodeIgniter\CodeIgniter->runController()
 5 SYSTEMPATH/CodeIgniter.php(349): CodeIgniter\CodeIgniter->handleRequest()
 6 FCPATH/index.php(57): CodeIgniter\CodeIgniter->run()
CRITICAL - 2024-08-02 19:43:02 --> Undefined variable $payArray
in APPPATH/Models/Engine.php on line 2230.
 1 APPPATH/Models/Engine.php(2230): CodeIgniter\Debug\Exceptions->errorHandler()
 2 APPPATH/Controllers/Api.php(147): App\Models\Engine->getBillToSynch()
 3 SYSTEMPATH/CodeIgniter.php(896): App\Controllers\Api->postbillpayment()
 4 SYSTEMPATH/CodeIgniter.php(466): CodeIgniter\CodeIgniter->runController()
 5 SYSTEMPATH/CodeIgniter.php(349): CodeIgniter\CodeIgniter->handleRequest()
 6 FCPATH/index.php(57): CodeIgniter\CodeIgniter->run()
CRITICAL - 2024-08-02 19:44:01 --> Undefined variable $payArray
in APPPATH/Models/Engine.php on line 2230.
 1 APPPATH/Models/Engine.php(2230): CodeIgniter\Debug\Exceptions->errorHandler()
 2 APPPATH/Controllers/Api.php(147): App\Models\Engine->getBillToSynch()
 3 SYSTEMPATH/CodeIgniter.php(896): App\Controllers\Api->postbillpayment()
 4 SYSTEMPATH/CodeIgniter.php(466): CodeIgniter\CodeIgniter->runController()
 5 SYSTEMPATH/CodeIgniter.php(349): CodeIgniter\CodeIgniter->handleRequest()
 6 FCPATH/index.php(57): CodeIgniter\CodeIgniter->run()
CRITICAL - 2024-08-02 19:45:01 --> Undefined variable $payArray
in APPPATH/Models/Engine.php on line 2230.
 1 APPPATH/Models/Engine.php(2230): CodeIgniter\Debug\Exceptions->errorHandler()
 2 APPPATH/Controllers/Api.php(147): App\Models\Engine->getBillToSynch()
 3 SYSTEMPATH/CodeIgniter.php(896): App\Controllers\Api->postbillpayment()
 4 SYSTEMPATH/CodeIgniter.php(466): CodeIgniter\CodeIgniter->runController()
 5 SYSTEMPATH/CodeIgniter.php(349): CodeIgniter\CodeIgniter->handleRequest()
 6 FCPATH/index.php(57): CodeIgniter\CodeIgniter->run()
CRITICAL - 2024-08-02 19:46:01 --> Undefined variable $payArray
in APPPATH/Models/Engine.php on line 2230.
 1 APPPATH/Models/Engine.php(2230): CodeIgniter\Debug\Exceptions->errorHandler()
 2 APPPATH/Controllers/Api.php(147): App\Models\Engine->getBillToSynch()
 3 SYSTEMPATH/CodeIgniter.php(896): App\Controllers\Api->postbillpayment()
 4 SYSTEMPATH/CodeIgniter.php(466): CodeIgniter\CodeIgniter->runController()
 5 SYSTEMPATH/CodeIgniter.php(349): CodeIgniter\CodeIgniter->handleRequest()
 6 FCPATH/index.php(57): CodeIgniter\CodeIgniter->run()
CRITICAL - 2024-08-02 19:47:01 --> Undefined variable $payArray
in APPPATH/Models/Engine.php on line 2230.
 1 APPPATH/Models/Engine.php(2230): CodeIgniter\Debug\Exceptions->errorHandler()
 2 APPPATH/Controllers/Api.php(147): App\Models\Engine->getBillToSynch()
 3 SYSTEMPATH/CodeIgniter.php(896): App\Controllers\Api->postbillpayment()
 4 SYSTEMPATH/CodeIgniter.php(466): CodeIgniter\CodeIgniter->runController()
 5 SYSTEMPATH/CodeIgniter.php(349): CodeIgniter\CodeIgniter->handleRequest()
 6 FCPATH/index.php(57): CodeIgniter\CodeIgniter->run()
CRITICAL - 2024-08-02 19:48:01 --> Undefined variable $payArray
in APPPATH/Models/Engine.php on line 2230.
 1 APPPATH/Models/Engine.php(2230): CodeIgniter\Debug\Exceptions->errorHandler()
 2 APPPATH/Controllers/Api.php(147): App\Models\Engine->getBillToSynch()
 3 SYSTEMPATH/CodeIgniter.php(896): App\Controllers\Api->postbillpayment()
 4 SYSTEMPATH/CodeIgniter.php(466): CodeIgniter\CodeIgniter->runController()
 5 SYSTEMPATH/CodeIgniter.php(349): CodeIgniter\CodeIgniter->handleRequest()
 6 FCPATH/index.php(57): CodeIgniter\CodeIgniter->run()
CRITICAL - 2024-08-02 19:49:01 --> Undefined variable $payArray
in APPPATH/Models/Engine.php on line 2230.
 1 APPPATH/Models/Engine.php(2230): CodeIgniter\Debug\Exceptions->errorHandler()
 2 APPPATH/Controllers/Api.php(147): App\Models\Engine->getBillToSynch()
 3 SYSTEMPATH/CodeIgniter.php(896): App\Controllers\Api->postbillpayment()
 4 SYSTEMPATH/CodeIgniter.php(466): CodeIgniter\CodeIgniter->runController()
 5 SYSTEMPATH/CodeIgniter.php(349): CodeIgniter\CodeIgniter->handleRequest()
 6 FCPATH/index.php(57): CodeIgniter\CodeIgniter->run()
CRITICAL - 2024-08-02 19:50:02 --> Undefined variable $payArray
in APPPATH/Models/Engine.php on line 2230.
 1 APPPATH/Models/Engine.php(2230): CodeIgniter\Debug\Exceptions->errorHandler()
 2 APPPATH/Controllers/Api.php(147): App\Models\Engine->getBillToSynch()
 3 SYSTEMPATH/CodeIgniter.php(896): App\Controllers\Api->postbillpayment()
 4 SYSTEMPATH/CodeIgniter.php(466): CodeIgniter\CodeIgniter->runController()
 5 SYSTEMPATH/CodeIgniter.php(349): CodeIgniter\CodeIgniter->handleRequest()
 6 FCPATH/index.php(57): CodeIgniter\CodeIgniter->run()
CRITICAL - 2024-08-02 19:51:01 --> Undefined variable $payArray
in APPPATH/Models/Engine.php on line 2230.
 1 APPPATH/Models/Engine.php(2230): CodeIgniter\Debug\Exceptions->errorHandler()
 2 APPPATH/Controllers/Api.php(147): App\Models\Engine->getBillToSynch()
 3 SYSTEMPATH/CodeIgniter.php(896): App\Controllers\Api->postbillpayment()
 4 SYSTEMPATH/CodeIgniter.php(466): CodeIgniter\CodeIgniter->runController()
 5 SYSTEMPATH/CodeIgniter.php(349): CodeIgniter\CodeIgniter->handleRequest()
 6 FCPATH/index.php(57): CodeIgniter\CodeIgniter->run()
CRITICAL - 2024-08-02 19:52:01 --> Undefined variable $payArray
in APPPATH/Models/Engine.php on line 2230.
 1 APPPATH/Models/Engine.php(2230): CodeIgniter\Debug\Exceptions->errorHandler()
 2 APPPATH/Controllers/Api.php(147): App\Models\Engine->getBillToSynch()
 3 SYSTEMPATH/CodeIgniter.php(896): App\Controllers\Api->postbillpayment()
 4 SYSTEMPATH/CodeIgniter.php(466): CodeIgniter\CodeIgniter->runController()
 5 SYSTEMPATH/CodeIgniter.php(349): CodeIgniter\CodeIgniter->handleRequest()
 6 FCPATH/index.php(57): CodeIgniter\CodeIgniter->run()
CRITICAL - 2024-08-02 19:53:01 --> Undefined variable $payArray
in APPPATH/Models/Engine.php on line 2230.
 1 APPPATH/Models/Engine.php(2230): CodeIgniter\Debug\Exceptions->errorHandler()
 2 APPPATH/Controllers/Api.php(147): App\Models\Engine->getBillToSynch()
 3 SYSTEMPATH/CodeIgniter.php(896): App\Controllers\Api->postbillpayment()
 4 SYSTEMPATH/CodeIgniter.php(466): CodeIgniter\CodeIgniter->runController()
 5 SYSTEMPATH/CodeIgniter.php(349): CodeIgniter\CodeIgniter->handleRequest()
 6 FCPATH/index.php(57): CodeIgniter\CodeIgniter->run()
CRITICAL - 2024-08-02 19:54:01 --> Undefined variable $payArray
in APPPATH/Models/Engine.php on line 2230.
 1 APPPATH/Models/Engine.php(2230): CodeIgniter\Debug\Exceptions->errorHandler()
 2 APPPATH/Controllers/Api.php(147): App\Models\Engine->getBillToSynch()
 3 SYSTEMPATH/CodeIgniter.php(896): App\Controllers\Api->postbillpayment()
 4 SYSTEMPATH/CodeIgniter.php(466): CodeIgniter\CodeIgniter->runController()
 5 SYSTEMPATH/CodeIgniter.php(349): CodeIgniter\CodeIgniter->handleRequest()
 6 FCPATH/index.php(57): CodeIgniter\CodeIgniter->run()
CRITICAL - 2024-08-02 19:55:01 --> Undefined variable $payArray
in APPPATH/Models/Engine.php on line 2230.
 1 APPPATH/Models/Engine.php(2230): CodeIgniter\Debug\Exceptions->errorHandler()
 2 APPPATH/Controllers/Api.php(147): App\Models\Engine->getBillToSynch()
 3 SYSTEMPATH/CodeIgniter.php(896): App\Controllers\Api->postbillpayment()
 4 SYSTEMPATH/CodeIgniter.php(466): CodeIgniter\CodeIgniter->runController()
 5 SYSTEMPATH/CodeIgniter.php(349): CodeIgniter\CodeIgniter->handleRequest()
 6 FCPATH/index.php(57): CodeIgniter\CodeIgniter->run()
CRITICAL - 2024-08-02 19:56:07 --> Undefined variable $payArray
in APPPATH/Models/Engine.php on line 2230.
 1 APPPATH/Models/Engine.php(2230): CodeIgniter\Debug\Exceptions->errorHandler()
 2 APPPATH/Controllers/Api.php(147): App\Models\Engine->getBillToSynch()
 3 SYSTEMPATH/CodeIgniter.php(896): App\Controllers\Api->postbillpayment()
 4 SYSTEMPATH/CodeIgniter.php(466): CodeIgniter\CodeIgniter->runController()
 5 SYSTEMPATH/CodeIgniter.php(349): CodeIgniter\CodeIgniter->handleRequest()
 6 FCPATH/index.php(57): CodeIgniter\CodeIgniter->run()
CRITICAL - 2024-08-02 19:57:07 --> Undefined variable $payArray
in APPPATH/Models/Engine.php on line 2230.
 1 APPPATH/Models/Engine.php(2230): CodeIgniter\Debug\Exceptions->errorHandler()
 2 APPPATH/Controllers/Api.php(147): App\Models\Engine->getBillToSynch()
 3 SYSTEMPATH/CodeIgniter.php(896): App\Controllers\Api->postbillpayment()
 4 SYSTEMPATH/CodeIgniter.php(466): CodeIgniter\CodeIgniter->runController()
 5 SYSTEMPATH/CodeIgniter.php(349): CodeIgniter\CodeIgniter->handleRequest()
 6 FCPATH/index.php(57): CodeIgniter\CodeIgniter->run()
CRITICAL - 2024-08-02 19:58:01 --> Undefined variable $payArray
in APPPATH/Models/Engine.php on line 2230.
 1 APPPATH/Models/Engine.php(2230): CodeIgniter\Debug\Exceptions->errorHandler()
 2 APPPATH/Controllers/Api.php(147): App\Models\Engine->getBillToSynch()
 3 SYSTEMPATH/CodeIgniter.php(896): App\Controllers\Api->postbillpayment()
 4 SYSTEMPATH/CodeIgniter.php(466): CodeIgniter\CodeIgniter->runController()
 5 SYSTEMPATH/CodeIgniter.php(349): CodeIgniter\CodeIgniter->handleRequest()
 6 FCPATH/index.php(57): CodeIgniter\CodeIgniter->run()
CRITICAL - 2024-08-02 19:59:01 --> Undefined variable $payArray
in APPPATH/Models/Engine.php on line 2230.
 1 APPPATH/Models/Engine.php(2230): CodeIgniter\Debug\Exceptions->errorHandler()
 2 APPPATH/Controllers/Api.php(147): App\Models\Engine->getBillToSynch()
 3 SYSTEMPATH/CodeIgniter.php(896): App\Controllers\Api->postbillpayment()
 4 SYSTEMPATH/CodeIgniter.php(466): CodeIgniter\CodeIgniter->runController()
 5 SYSTEMPATH/CodeIgniter.php(349): CodeIgniter\CodeIgniter->handleRequest()
 6 FCPATH/index.php(57): CodeIgniter\CodeIgniter->run()
CRITICAL - 2024-08-02 20:00:01 --> Undefined variable $payArray
in APPPATH/Models/Engine.php on line 2230.
 1 APPPATH/Models/Engine.php(2230): CodeIgniter\Debug\Exceptions->errorHandler()
 2 APPPATH/Controllers/Api.php(147): App\Models\Engine->getBillToSynch()
 3 SYSTEMPATH/CodeIgniter.php(896): App\Controllers\Api->postbillpayment()
 4 SYSTEMPATH/CodeIgniter.php(466): CodeIgniter\CodeIgniter->runController()
 5 SYSTEMPATH/CodeIgniter.php(349): CodeIgniter\CodeIgniter->handleRequest()
 6 FCPATH/index.php(57): CodeIgniter\CodeIgniter->run()
CRITICAL - 2024-08-02 20:01:01 --> Undefined variable $payArray
in APPPATH/Models/Engine.php on line 2230.
 1 APPPATH/Models/Engine.php(2230): CodeIgniter\Debug\Exceptions->errorHandler()
 2 APPPATH/Controllers/Api.php(147): App\Models\Engine->getBillToSynch()
 3 SYSTEMPATH/CodeIgniter.php(896): App\Controllers\Api->postbillpayment()
 4 SYSTEMPATH/CodeIgniter.php(466): CodeIgniter\CodeIgniter->runController()
 5 SYSTEMPATH/CodeIgniter.php(349): CodeIgniter\CodeIgniter->handleRequest()
 6 FCPATH/index.php(57): CodeIgniter\CodeIgniter->run()
CRITICAL - 2024-08-02 20:02:01 --> Undefined variable $payArray
in APPPATH/Models/Engine.php on line 2230.
 1 APPPATH/Models/Engine.php(2230): CodeIgniter\Debug\Exceptions->errorHandler()
 2 APPPATH/Controllers/Api.php(147): App\Models\Engine->getBillToSynch()
 3 SYSTEMPATH/CodeIgniter.php(896): App\Controllers\Api->postbillpayment()
 4 SYSTEMPATH/CodeIgniter.php(466): CodeIgniter\CodeIgniter->runController()
 5 SYSTEMPATH/CodeIgniter.php(349): CodeIgniter\CodeIgniter->handleRequest()
 6 FCPATH/index.php(57): CodeIgniter\CodeIgniter->run()
CRITICAL - 2024-08-02 20:03:01 --> Undefined variable $payArray
in APPPATH/Models/Engine.php on line 2230.
 1 APPPATH/Models/Engine.php(2230): CodeIgniter\Debug\Exceptions->errorHandler()
 2 APPPATH/Controllers/Api.php(147): App\Models\Engine->getBillToSynch()
 3 SYSTEMPATH/CodeIgniter.php(896): App\Controllers\Api->postbillpayment()
 4 SYSTEMPATH/CodeIgniter.php(466): CodeIgniter\CodeIgniter->runController()
 5 SYSTEMPATH/CodeIgniter.php(349): CodeIgniter\CodeIgniter->handleRequest()
 6 FCPATH/index.php(57): CodeIgniter\CodeIgniter->run()
CRITICAL - 2024-08-02 20:04:01 --> Undefined variable $payArray
in APPPATH/Models/Engine.php on line 2230.
 1 APPPATH/Models/Engine.php(2230): CodeIgniter\Debug\Exceptions->errorHandler()
 2 APPPATH/Controllers/Api.php(147): App\Models\Engine->getBillToSynch()
 3 SYSTEMPATH/CodeIgniter.php(896): App\Controllers\Api->postbillpayment()
 4 SYSTEMPATH/CodeIgniter.php(466): CodeIgniter\CodeIgniter->runController()
 5 SYSTEMPATH/CodeIgniter.php(349): CodeIgniter\CodeIgniter->handleRequest()
 6 FCPATH/index.php(57): CodeIgniter\CodeIgniter->run()
CRITICAL - 2024-08-02 20:05:01 --> Undefined variable $payArray
in APPPATH/Models/Engine.php on line 2230.
 1 APPPATH/Models/Engine.php(2230): CodeIgniter\Debug\Exceptions->errorHandler()
 2 APPPATH/Controllers/Api.php(147): App\Models\Engine->getBillToSynch()
 3 SYSTEMPATH/CodeIgniter.php(896): App\Controllers\Api->postbillpayment()
 4 SYSTEMPATH/CodeIgniter.php(466): CodeIgniter\CodeIgniter->runController()
 5 SYSTEMPATH/CodeIgniter.php(349): CodeIgniter\CodeIgniter->handleRequest()
 6 FCPATH/index.php(57): CodeIgniter\CodeIgniter->run()
CRITICAL - 2024-08-02 20:06:01 --> Undefined variable $payArray
in APPPATH/Models/Engine.php on line 2230.
 1 APPPATH/Models/Engine.php(2230): CodeIgniter\Debug\Exceptions->errorHandler()
 2 APPPATH/Controllers/Api.php(147): App\Models\Engine->getBillToSynch()
 3 SYSTEMPATH/CodeIgniter.php(896): App\Controllers\Api->postbillpayment()
 4 SYSTEMPATH/CodeIgniter.php(466): CodeIgniter\CodeIgniter->runController()
 5 SYSTEMPATH/CodeIgniter.php(349): CodeIgniter\CodeIgniter->handleRequest()
 6 FCPATH/index.php(57): CodeIgniter\CodeIgniter->run()
CRITICAL - 2024-08-02 20:07:01 --> Undefined variable $payArray
in APPPATH/Models/Engine.php on line 2230.
 1 APPPATH/Models/Engine.php(2230): CodeIgniter\Debug\Exceptions->errorHandler()
 2 APPPATH/Controllers/Api.php(147): App\Models\Engine->getBillToSynch()
 3 SYSTEMPATH/CodeIgniter.php(896): App\Controllers\Api->postbillpayment()
 4 SYSTEMPATH/CodeIgniter.php(466): CodeIgniter\CodeIgniter->runController()
 5 SYSTEMPATH/CodeIgniter.php(349): CodeIgniter\CodeIgniter->handleRequest()
 6 FCPATH/index.php(57): CodeIgniter\CodeIgniter->run()
CRITICAL - 2024-08-02 20:08:01 --> Undefined variable $payArray
in APPPATH/Models/Engine.php on line 2230.
 1 APPPATH/Models/Engine.php(2230): CodeIgniter\Debug\Exceptions->errorHandler()
 2 APPPATH/Controllers/Api.php(147): App\Models\Engine->getBillToSynch()
 3 SYSTEMPATH/CodeIgniter.php(896): App\Controllers\Api->postbillpayment()
 4 SYSTEMPATH/CodeIgniter.php(466): CodeIgniter\CodeIgniter->runController()
 5 SYSTEMPATH/CodeIgniter.php(349): CodeIgniter\CodeIgniter->handleRequest()
 6 FCPATH/index.php(57): CodeIgniter\CodeIgniter->run()
CRITICAL - 2024-08-02 20:09:01 --> Undefined variable $payArray
in APPPATH/Models/Engine.php on line 2230.
 1 APPPATH/Models/Engine.php(2230): CodeIgniter\Debug\Exceptions->errorHandler()
 2 APPPATH/Controllers/Api.php(147): App\Models\Engine->getBillToSynch()
 3 SYSTEMPATH/CodeIgniter.php(896): App\Controllers\Api->postbillpayment()
 4 SYSTEMPATH/CodeIgniter.php(466): CodeIgniter\CodeIgniter->runController()
 5 SYSTEMPATH/CodeIgniter.php(349): CodeIgniter\CodeIgniter->handleRequest()
 6 FCPATH/index.php(57): CodeIgniter\CodeIgniter->run()
CRITICAL - 2024-08-02 20:10:01 --> Undefined variable $payArray
in APPPATH/Models/Engine.php on line 2230.
 1 APPPATH/Models/Engine.php(2230): CodeIgniter\Debug\Exceptions->errorHandler()
 2 APPPATH/Controllers/Api.php(147): App\Models\Engine->getBillToSynch()
 3 SYSTEMPATH/CodeIgniter.php(896): App\Controllers\Api->postbillpayment()
 4 SYSTEMPATH/CodeIgniter.php(466): CodeIgniter\CodeIgniter->runController()
 5 SYSTEMPATH/CodeIgniter.php(349): CodeIgniter\CodeIgniter->handleRequest()
 6 FCPATH/index.php(57): CodeIgniter\CodeIgniter->run()
CRITICAL - 2024-08-02 20:11:01 --> Undefined variable $payArray
in APPPATH/Models/Engine.php on line 2230.
 1 APPPATH/Models/Engine.php(2230): CodeIgniter\Debug\Exceptions->errorHandler()
 2 APPPATH/Controllers/Api.php(147): App\Models\Engine->getBillToSynch()
 3 SYSTEMPATH/CodeIgniter.php(896): App\Controllers\Api->postbillpayment()
 4 SYSTEMPATH/CodeIgniter.php(466): CodeIgniter\CodeIgniter->runController()
 5 SYSTEMPATH/CodeIgniter.php(349): CodeIgniter\CodeIgniter->handleRequest()
 6 FCPATH/index.php(57): CodeIgniter\CodeIgniter->run()
CRITICAL - 2024-08-02 20:12:01 --> Undefined variable $payArray
in APPPATH/Models/Engine.php on line 2230.
 1 APPPATH/Models/Engine.php(2230): CodeIgniter\Debug\Exceptions->errorHandler()
 2 APPPATH/Controllers/Api.php(147): App\Models\Engine->getBillToSynch()
 3 SYSTEMPATH/CodeIgniter.php(896): App\Controllers\Api->postbillpayment()
 4 SYSTEMPATH/CodeIgniter.php(466): CodeIgniter\CodeIgniter->runController()
 5 SYSTEMPATH/CodeIgniter.php(349): CodeIgniter\CodeIgniter->handleRequest()
 6 FCPATH/index.php(57): CodeIgniter\CodeIgniter->run()
CRITICAL - 2024-08-02 20:13:01 --> Undefined variable $payArray
in APPPATH/Models/Engine.php on line 2230.
 1 APPPATH/Models/Engine.php(2230): CodeIgniter\Debug\Exceptions->errorHandler()
 2 APPPATH/Controllers/Api.php(147): App\Models\Engine->getBillToSynch()
 3 SYSTEMPATH/CodeIgniter.php(896): App\Controllers\Api->postbillpayment()
 4 SYSTEMPATH/CodeIgniter.php(466): CodeIgniter\CodeIgniter->runController()
 5 SYSTEMPATH/CodeIgniter.php(349): CodeIgniter\CodeIgniter->handleRequest()
 6 FCPATH/index.php(57): CodeIgniter\CodeIgniter->run()
CRITICAL - 2024-08-02 20:14:01 --> Undefined variable $payArray
in APPPATH/Models/Engine.php on line 2230.
 1 APPPATH/Models/Engine.php(2230): CodeIgniter\Debug\Exceptions->errorHandler()
 2 APPPATH/Controllers/Api.php(147): App\Models\Engine->getBillToSynch()
 3 SYSTEMPATH/CodeIgniter.php(896): App\Controllers\Api->postbillpayment()
 4 SYSTEMPATH/CodeIgniter.php(466): CodeIgniter\CodeIgniter->runController()
 5 SYSTEMPATH/CodeIgniter.php(349): CodeIgniter\CodeIgniter->handleRequest()
 6 FCPATH/index.php(57): CodeIgniter\CodeIgniter->run()
CRITICAL - 2024-08-02 20:15:01 --> Undefined variable $payArray
in APPPATH/Models/Engine.php on line 2230.
 1 APPPATH/Models/Engine.php(2230): CodeIgniter\Debug\Exceptions->errorHandler()
 2 APPPATH/Controllers/Api.php(147): App\Models\Engine->getBillToSynch()
 3 SYSTEMPATH/CodeIgniter.php(896): App\Controllers\Api->postbillpayment()
 4 SYSTEMPATH/CodeIgniter.php(466): CodeIgniter\CodeIgniter->runController()
 5 SYSTEMPATH/CodeIgniter.php(349): CodeIgniter\CodeIgniter->handleRequest()
 6 FCPATH/index.php(57): CodeIgniter\CodeIgniter->run()
CRITICAL - 2024-08-02 20:16:01 --> Undefined variable $payArray
in APPPATH/Models/Engine.php on line 2230.
 1 APPPATH/Models/Engine.php(2230): CodeIgniter\Debug\Exceptions->errorHandler()
 2 APPPATH/Controllers/Api.php(147): App\Models\Engine->getBillToSynch()
 3 SYSTEMPATH/CodeIgniter.php(896): App\Controllers\Api->postbillpayment()
 4 SYSTEMPATH/CodeIgniter.php(466): CodeIgniter\CodeIgniter->runController()
 5 SYSTEMPATH/CodeIgniter.php(349): CodeIgniter\CodeIgniter->handleRequest()
 6 FCPATH/index.php(57): CodeIgniter\CodeIgniter->run()
CRITICAL - 2024-08-02 20:17:01 --> Undefined variable $payArray
in APPPATH/Models/Engine.php on line 2230.
 1 APPPATH/Models/Engine.php(2230): CodeIgniter\Debug\Exceptions->errorHandler()
 2 APPPATH/Controllers/Api.php(147): App\Models\Engine->getBillToSynch()
 3 SYSTEMPATH/CodeIgniter.php(896): App\Controllers\Api->postbillpayment()
 4 SYSTEMPATH/CodeIgniter.php(466): CodeIgniter\CodeIgniter->runController()
 5 SYSTEMPATH/CodeIgniter.php(349): CodeIgniter\CodeIgniter->handleRequest()
 6 FCPATH/index.php(57): CodeIgniter\CodeIgniter->run()
CRITICAL - 2024-08-02 20:18:01 --> Undefined variable $payArray
in APPPATH/Models/Engine.php on line 2230.
 1 APPPATH/Models/Engine.php(2230): CodeIgniter\Debug\Exceptions->errorHandler()
 2 APPPATH/Controllers/Api.php(147): App\Models\Engine->getBillToSynch()
 3 SYSTEMPATH/CodeIgniter.php(896): App\Controllers\Api->postbillpayment()
 4 SYSTEMPATH/CodeIgniter.php(466): CodeIgniter\CodeIgniter->runController()
 5 SYSTEMPATH/CodeIgniter.php(349): CodeIgniter\CodeIgniter->handleRequest()
 6 FCPATH/index.php(57): CodeIgniter\CodeIgniter->run()
CRITICAL - 2024-08-02 20:19:01 --> Undefined variable $payArray
in APPPATH/Models/Engine.php on line 2230.
 1 APPPATH/Models/Engine.php(2230): CodeIgniter\Debug\Exceptions->errorHandler()
 2 APPPATH/Controllers/Api.php(147): App\Models\Engine->getBillToSynch()
 3 SYSTEMPATH/CodeIgniter.php(896): App\Controllers\Api->postbillpayment()
 4 SYSTEMPATH/CodeIgniter.php(466): CodeIgniter\CodeIgniter->runController()
 5 SYSTEMPATH/CodeIgniter.php(349): CodeIgniter\CodeIgniter->handleRequest()
 6 FCPATH/index.php(57): CodeIgniter\CodeIgniter->run()
CRITICAL - 2024-08-02 20:26:02 --> Undefined variable $payArray
in APPPATH/Models/Engine.php on line 2230.
 1 APPPATH/Models/Engine.php(2230): CodeIgniter\Debug\Exceptions->errorHandler()
 2 APPPATH/Controllers/Api.php(147): App\Models\Engine->getBillToSynch()
 3 SYSTEMPATH/CodeIgniter.php(896): App\Controllers\Api->postbillpayment()
 4 SYSTEMPATH/CodeIgniter.php(466): CodeIgniter\CodeIgniter->runController()
 5 SYSTEMPATH/CodeIgniter.php(349): CodeIgniter\CodeIgniter->handleRequest()
 6 FCPATH/index.php(57): CodeIgniter\CodeIgniter->run()
CRITICAL - 2024-08-02 20:27:01 --> Undefined variable $payArray
in APPPATH/Models/Engine.php on line 2230.
 1 APPPATH/Models/Engine.php(2230): CodeIgniter\Debug\Exceptions->errorHandler()
 2 APPPATH/Controllers/Api.php(147): App\Models\Engine->getBillToSynch()
 3 SYSTEMPATH/CodeIgniter.php(896): App\Controllers\Api->postbillpayment()
 4 SYSTEMPATH/CodeIgniter.php(466): CodeIgniter\CodeIgniter->runController()
 5 SYSTEMPATH/CodeIgniter.php(349): CodeIgniter\CodeIgniter->handleRequest()
 6 FCPATH/index.php(57): CodeIgniter\CodeIgniter->run()
CRITICAL - 2024-08-02 20:28:01 --> Undefined variable $payArray
in APPPATH/Models/Engine.php on line 2230.
 1 APPPATH/Models/Engine.php(2230): CodeIgniter\Debug\Exceptions->errorHandler()
 2 APPPATH/Controllers/Api.php(147): App\Models\Engine->getBillToSynch()
 3 SYSTEMPATH/CodeIgniter.php(896): App\Controllers\Api->postbillpayment()
 4 SYSTEMPATH/CodeIgniter.php(466): CodeIgniter\CodeIgniter->runController()
 5 SYSTEMPATH/CodeIgniter.php(349): CodeIgniter\CodeIgniter->handleRequest()
 6 FCPATH/index.php(57): CodeIgniter\CodeIgniter->run()
CRITICAL - 2024-08-02 20:29:01 --> Undefined variable $payArray
in APPPATH/Models/Engine.php on line 2230.
 1 APPPATH/Models/Engine.php(2230): CodeIgniter\Debug\Exceptions->errorHandler()
 2 APPPATH/Controllers/Api.php(147): App\Models\Engine->getBillToSynch()
 3 SYSTEMPATH/CodeIgniter.php(896): App\Controllers\Api->postbillpayment()
 4 SYSTEMPATH/CodeIgniter.php(466): CodeIgniter\CodeIgniter->runController()
 5 SYSTEMPATH/CodeIgniter.php(349): CodeIgniter\CodeIgniter->handleRequest()
 6 FCPATH/index.php(57): CodeIgniter\CodeIgniter->run()
CRITICAL - 2024-08-02 20:30:01 --> Undefined variable $payArray
in APPPATH/Models/Engine.php on line 2230.
 1 APPPATH/Models/Engine.php(2230): CodeIgniter\Debug\Exceptions->errorHandler()
 2 APPPATH/Controllers/Api.php(147): App\Models\Engine->getBillToSynch()
 3 SYSTEMPATH/CodeIgniter.php(896): App\Controllers\Api->postbillpayment()
 4 SYSTEMPATH/CodeIgniter.php(466): CodeIgniter\CodeIgniter->runController()
 5 SYSTEMPATH/CodeIgniter.php(349): CodeIgniter\CodeIgniter->handleRequest()
 6 FCPATH/index.php(57): CodeIgniter\CodeIgniter->run()
CRITICAL - 2024-08-02 20:31:01 --> Undefined variable $payArray
in APPPATH/Models/Engine.php on line 2230.
 1 APPPATH/Models/Engine.php(2230): CodeIgniter\Debug\Exceptions->errorHandler()
 2 APPPATH/Controllers/Api.php(147): App\Models\Engine->getBillToSynch()
 3 SYSTEMPATH/CodeIgniter.php(896): App\Controllers\Api->postbillpayment()
 4 SYSTEMPATH/CodeIgniter.php(466): CodeIgniter\CodeIgniter->runController()
 5 SYSTEMPATH/CodeIgniter.php(349): CodeIgniter\CodeIgniter->handleRequest()
 6 FCPATH/index.php(57): CodeIgniter\CodeIgniter->run()
CRITICAL - 2024-08-02 20:32:01 --> Undefined variable $payArray
in APPPATH/Models/Engine.php on line 2230.
 1 APPPATH/Models/Engine.php(2230): CodeIgniter\Debug\Exceptions->errorHandler()
 2 APPPATH/Controllers/Api.php(147): App\Models\Engine->getBillToSynch()
 3 SYSTEMPATH/CodeIgniter.php(896): App\Controllers\Api->postbillpayment()
 4 SYSTEMPATH/CodeIgniter.php(466): CodeIgniter\CodeIgniter->runController()
 5 SYSTEMPATH/CodeIgniter.php(349): CodeIgniter\CodeIgniter->handleRequest()
 6 FCPATH/index.php(57): CodeIgniter\CodeIgniter->run()
CRITICAL - 2024-08-02 20:33:01 --> Undefined variable $payArray
in APPPATH/Models/Engine.php on line 2230.
 1 APPPATH/Models/Engine.php(2230): CodeIgniter\Debug\Exceptions->errorHandler()
 2 APPPATH/Controllers/Api.php(147): App\Models\Engine->getBillToSynch()
 3 SYSTEMPATH/CodeIgniter.php(896): App\Controllers\Api->postbillpayment()
 4 SYSTEMPATH/CodeIgniter.php(466): CodeIgniter\CodeIgniter->runController()
 5 SYSTEMPATH/CodeIgniter.php(349): CodeIgniter\CodeIgniter->handleRequest()
 6 FCPATH/index.php(57): CodeIgniter\CodeIgniter->run()
CRITICAL - 2024-08-02 20:34:07 --> Undefined variable $payArray
in APPPATH/Models/Engine.php on line 2230.
 1 APPPATH/Models/Engine.php(2230): CodeIgniter\Debug\Exceptions->errorHandler()
 2 APPPATH/Controllers/Api.php(147): App\Models\Engine->getBillToSynch()
 3 SYSTEMPATH/CodeIgniter.php(896): App\Controllers\Api->postbillpayment()
 4 SYSTEMPATH/CodeIgniter.php(466): CodeIgniter\CodeIgniter->runController()
 5 SYSTEMPATH/CodeIgniter.php(349): CodeIgniter\CodeIgniter->handleRequest()
 6 FCPATH/index.php(57): CodeIgniter\CodeIgniter->run()
CRITICAL - 2024-08-02 20:35:02 --> Undefined variable $payArray
in APPPATH/Models/Engine.php on line 2230.
 1 APPPATH/Models/Engine.php(2230): CodeIgniter\Debug\Exceptions->errorHandler()
 2 APPPATH/Controllers/Api.php(147): App\Models\Engine->getBillToSynch()
 3 SYSTEMPATH/CodeIgniter.php(896): App\Controllers\Api->postbillpayment()
 4 SYSTEMPATH/CodeIgniter.php(466): CodeIgniter\CodeIgniter->runController()
 5 SYSTEMPATH/CodeIgniter.php(349): CodeIgniter\CodeIgniter->handleRequest()
 6 FCPATH/index.php(57): CodeIgniter\CodeIgniter->run()
CRITICAL - 2024-08-02 20:36:02 --> Undefined variable $payArray
in APPPATH/Models/Engine.php on line 2230.
 1 APPPATH/Models/Engine.php(2230): CodeIgniter\Debug\Exceptions->errorHandler()
 2 APPPATH/Controllers/Api.php(147): App\Models\Engine->getBillToSynch()
 3 SYSTEMPATH/CodeIgniter.php(896): App\Controllers\Api->postbillpayment()
 4 SYSTEMPATH/CodeIgniter.php(466): CodeIgniter\CodeIgniter->runController()
 5 SYSTEMPATH/CodeIgniter.php(349): CodeIgniter\CodeIgniter->handleRequest()
 6 FCPATH/index.php(57): CodeIgniter\CodeIgniter->run()
CRITICAL - 2024-08-02 20:37:01 --> Undefined variable $payArray
in APPPATH/Models/Engine.php on line 2230.
 1 APPPATH/Models/Engine.php(2230): CodeIgniter\Debug\Exceptions->errorHandler()
 2 APPPATH/Controllers/Api.php(147): App\Models\Engine->getBillToSynch()
 3 SYSTEMPATH/CodeIgniter.php(896): App\Controllers\Api->postbillpayment()
 4 SYSTEMPATH/CodeIgniter.php(466): CodeIgniter\CodeIgniter->runController()
 5 SYSTEMPATH/CodeIgniter.php(349): CodeIgniter\CodeIgniter->handleRequest()
 6 FCPATH/index.php(57): CodeIgniter\CodeIgniter->run()
CRITICAL - 2024-08-02 20:38:01 --> Undefined variable $payArray
in APPPATH/Models/Engine.php on line 2230.
 1 APPPATH/Models/Engine.php(2230): CodeIgniter\Debug\Exceptions->errorHandler()
 2 APPPATH/Controllers/Api.php(147): App\Models\Engine->getBillToSynch()
 3 SYSTEMPATH/CodeIgniter.php(896): App\Controllers\Api->postbillpayment()
 4 SYSTEMPATH/CodeIgniter.php(466): CodeIgniter\CodeIgniter->runController()
 5 SYSTEMPATH/CodeIgniter.php(349): CodeIgniter\CodeIgniter->handleRequest()
 6 FCPATH/index.php(57): CodeIgniter\CodeIgniter->run()
CRITICAL - 2024-08-02 20:39:01 --> Undefined variable $payArray
in APPPATH/Models/Engine.php on line 2230.
 1 APPPATH/Models/Engine.php(2230): CodeIgniter\Debug\Exceptions->errorHandler()
 2 APPPATH/Controllers/Api.php(147): App\Models\Engine->getBillToSynch()
 3 SYSTEMPATH/CodeIgniter.php(896): App\Controllers\Api->postbillpayment()
 4 SYSTEMPATH/CodeIgniter.php(466): CodeIgniter\CodeIgniter->runController()
 5 SYSTEMPATH/CodeIgniter.php(349): CodeIgniter\CodeIgniter->handleRequest()
 6 FCPATH/index.php(57): CodeIgniter\CodeIgniter->run()
CRITICAL - 2024-08-02 20:40:01 --> Undefined variable $payArray
in APPPATH/Models/Engine.php on line 2230.
 1 APPPATH/Models/Engine.php(2230): CodeIgniter\Debug\Exceptions->errorHandler()
 2 APPPATH/Controllers/Api.php(147): App\Models\Engine->getBillToSynch()
 3 SYSTEMPATH/CodeIgniter.php(896): App\Controllers\Api->postbillpayment()
 4 SYSTEMPATH/CodeIgniter.php(466): CodeIgniter\CodeIgniter->runController()
 5 SYSTEMPATH/CodeIgniter.php(349): CodeIgniter\CodeIgniter->handleRequest()
 6 FCPATH/index.php(57): CodeIgniter\CodeIgniter->run()
CRITICAL - 2024-08-02 20:41:01 --> Undefined variable $payArray
in APPPATH/Models/Engine.php on line 2230.
 1 APPPATH/Models/Engine.php(2230): CodeIgniter\Debug\Exceptions->errorHandler()
 2 APPPATH/Controllers/Api.php(147): App\Models\Engine->getBillToSynch()
 3 SYSTEMPATH/CodeIgniter.php(896): App\Controllers\Api->postbillpayment()
 4 SYSTEMPATH/CodeIgniter.php(466): CodeIgniter\CodeIgniter->runController()
 5 SYSTEMPATH/CodeIgniter.php(349): CodeIgniter\CodeIgniter->handleRequest()
 6 FCPATH/index.php(57): CodeIgniter\CodeIgniter->run()
CRITICAL - 2024-08-02 20:42:01 --> Undefined variable $payArray
in APPPATH/Models/Engine.php on line 2230.
 1 APPPATH/Models/Engine.php(2230): CodeIgniter\Debug\Exceptions->errorHandler()
 2 APPPATH/Controllers/Api.php(147): App\Models\Engine->getBillToSynch()
 3 SYSTEMPATH/CodeIgniter.php(896): App\Controllers\Api->postbillpayment()
 4 SYSTEMPATH/CodeIgniter.php(466): CodeIgniter\CodeIgniter->runController()
 5 SYSTEMPATH/CodeIgniter.php(349): CodeIgniter\CodeIgniter->handleRequest()
 6 FCPATH/index.php(57): CodeIgniter\CodeIgniter->run()
CRITICAL - 2024-08-02 20:43:01 --> Undefined variable $payArray
in APPPATH/Models/Engine.php on line 2230.
 1 APPPATH/Models/Engine.php(2230): CodeIgniter\Debug\Exceptions->errorHandler()
 2 APPPATH/Controllers/Api.php(147): App\Models\Engine->getBillToSynch()
 3 SYSTEMPATH/CodeIgniter.php(896): App\Controllers\Api->postbillpayment()
 4 SYSTEMPATH/CodeIgniter.php(466): CodeIgniter\CodeIgniter->runController()
 5 SYSTEMPATH/CodeIgniter.php(349): CodeIgniter\CodeIgniter->handleRequest()
 6 FCPATH/index.php(57): CodeIgniter\CodeIgniter->run()
CRITICAL - 2024-08-02 20:44:01 --> Undefined variable $payArray
in APPPATH/Models/Engine.php on line 2230.
 1 APPPATH/Models/Engine.php(2230): CodeIgniter\Debug\Exceptions->errorHandler()
 2 APPPATH/Controllers/Api.php(147): App\Models\Engine->getBillToSynch()
 3 SYSTEMPATH/CodeIgniter.php(896): App\Controllers\Api->postbillpayment()
 4 SYSTEMPATH/CodeIgniter.php(466): CodeIgniter\CodeIgniter->runController()
 5 SYSTEMPATH/CodeIgniter.php(349): CodeIgniter\CodeIgniter->handleRequest()
 6 FCPATH/index.php(57): CodeIgniter\CodeIgniter->run()
CRITICAL - 2024-08-02 20:45:01 --> Undefined variable $payArray
in APPPATH/Models/Engine.php on line 2230.
 1 APPPATH/Models/Engine.php(2230): CodeIgniter\Debug\Exceptions->errorHandler()
 2 APPPATH/Controllers/Api.php(147): App\Models\Engine->getBillToSynch()
 3 SYSTEMPATH/CodeIgniter.php(896): App\Controllers\Api->postbillpayment()
 4 SYSTEMPATH/CodeIgniter.php(466): CodeIgniter\CodeIgniter->runController()
 5 SYSTEMPATH/CodeIgniter.php(349): CodeIgniter\CodeIgniter->handleRequest()
 6 FCPATH/index.php(57): CodeIgniter\CodeIgniter->run()
CRITICAL - 2024-08-02 20:46:01 --> Undefined variable $payArray
in APPPATH/Models/Engine.php on line 2230.
 1 APPPATH/Models/Engine.php(2230): CodeIgniter\Debug\Exceptions->errorHandler()
 2 APPPATH/Controllers/Api.php(147): App\Models\Engine->getBillToSynch()
 3 SYSTEMPATH/CodeIgniter.php(896): App\Controllers\Api->postbillpayment()
 4 SYSTEMPATH/CodeIgniter.php(466): CodeIgniter\CodeIgniter->runController()
 5 SYSTEMPATH/CodeIgniter.php(349): CodeIgniter\CodeIgniter->handleRequest()
 6 FCPATH/index.php(57): CodeIgniter\CodeIgniter->run()
CRITICAL - 2024-08-02 20:47:01 --> Undefined variable $payArray
in APPPATH/Models/Engine.php on line 2230.
 1 APPPATH/Models/Engine.php(2230): CodeIgniter\Debug\Exceptions->errorHandler()
 2 APPPATH/Controllers/Api.php(147): App\Models\Engine->getBillToSynch()
 3 SYSTEMPATH/CodeIgniter.php(896): App\Controllers\Api->postbillpayment()
 4 SYSTEMPATH/CodeIgniter.php(466): CodeIgniter\CodeIgniter->runController()
 5 SYSTEMPATH/CodeIgniter.php(349): CodeIgniter\CodeIgniter->handleRequest()
 6 FCPATH/index.php(57): CodeIgniter\CodeIgniter->run()
CRITICAL - 2024-08-02 20:48:01 --> Undefined variable $payArray
in APPPATH/Models/Engine.php on line 2230.
 1 APPPATH/Models/Engine.php(2230): CodeIgniter\Debug\Exceptions->errorHandler()
 2 APPPATH/Controllers/Api.php(147): App\Models\Engine->getBillToSynch()
 3 SYSTEMPATH/CodeIgniter.php(896): App\Controllers\Api->postbillpayment()
 4 SYSTEMPATH/CodeIgniter.php(466): CodeIgniter\CodeIgniter->runController()
 5 SYSTEMPATH/CodeIgniter.php(349): CodeIgniter\CodeIgniter->handleRequest()
 6 FCPATH/index.php(57): CodeIgniter\CodeIgniter->run()
CRITICAL - 2024-08-02 20:49:01 --> Undefined variable $payArray
in APPPATH/Models/Engine.php on line 2230.
 1 APPPATH/Models/Engine.php(2230): CodeIgniter\Debug\Exceptions->errorHandler()
 2 APPPATH/Controllers/Api.php(147): App\Models\Engine->getBillToSynch()
 3 SYSTEMPATH/CodeIgniter.php(896): App\Controllers\Api->postbillpayment()
 4 SYSTEMPATH/CodeIgniter.php(466): CodeIgniter\CodeIgniter->runController()
 5 SYSTEMPATH/CodeIgniter.php(349): CodeIgniter\CodeIgniter->handleRequest()
 6 FCPATH/index.php(57): CodeIgniter\CodeIgniter->run()
CRITICAL - 2024-08-02 20:50:01 --> Undefined variable $payArray
in APPPATH/Models/Engine.php on line 2230.
 1 APPPATH/Models/Engine.php(2230): CodeIgniter\Debug\Exceptions->errorHandler()
 2 APPPATH/Controllers/Api.php(147): App\Models\Engine->getBillToSynch()
 3 SYSTEMPATH/CodeIgniter.php(896): App\Controllers\Api->postbillpayment()
 4 SYSTEMPATH/CodeIgniter.php(466): CodeIgniter\CodeIgniter->runController()
 5 SYSTEMPATH/CodeIgniter.php(349): CodeIgniter\CodeIgniter->handleRequest()
 6 FCPATH/index.php(57): CodeIgniter\CodeIgniter->run()
CRITICAL - 2024-08-02 20:51:01 --> Undefined variable $payArray
in APPPATH/Models/Engine.php on line 2230.
 1 APPPATH/Models/Engine.php(2230): CodeIgniter\Debug\Exceptions->errorHandler()
 2 APPPATH/Controllers/Api.php(147): App\Models\Engine->getBillToSynch()
 3 SYSTEMPATH/CodeIgniter.php(896): App\Controllers\Api->postbillpayment()
 4 SYSTEMPATH/CodeIgniter.php(466): CodeIgniter\CodeIgniter->runController()
 5 SYSTEMPATH/CodeIgniter.php(349): CodeIgniter\CodeIgniter->handleRequest()
 6 FCPATH/index.php(57): CodeIgniter\CodeIgniter->run()
CRITICAL - 2024-08-02 20:52:01 --> Undefined variable $payArray
in APPPATH/Models/Engine.php on line 2230.
 1 APPPATH/Models/Engine.php(2230): CodeIgniter\Debug\Exceptions->errorHandler()
 2 APPPATH/Controllers/Api.php(147): App\Models\Engine->getBillToSynch()
 3 SYSTEMPATH/CodeIgniter.php(896): App\Controllers\Api->postbillpayment()
 4 SYSTEMPATH/CodeIgniter.php(466): CodeIgniter\CodeIgniter->runController()
 5 SYSTEMPATH/CodeIgniter.php(349): CodeIgniter\CodeIgniter->handleRequest()
 6 FCPATH/index.php(57): CodeIgniter\CodeIgniter->run()
CRITICAL - 2024-08-02 20:53:02 --> Undefined variable $payArray
in APPPATH/Models/Engine.php on line 2230.
 1 APPPATH/Models/Engine.php(2230): CodeIgniter\Debug\Exceptions->errorHandler()
 2 APPPATH/Controllers/Api.php(147): App\Models\Engine->getBillToSynch()
 3 SYSTEMPATH/CodeIgniter.php(896): App\Controllers\Api->postbillpayment()
 4 SYSTEMPATH/CodeIgniter.php(466): CodeIgniter\CodeIgniter->runController()
 5 SYSTEMPATH/CodeIgniter.php(349): CodeIgniter\CodeIgniter->handleRequest()
 6 FCPATH/index.php(57): CodeIgniter\CodeIgniter->run()
CRITICAL - 2024-08-02 20:54:01 --> Undefined variable $payArray
in APPPATH/Models/Engine.php on line 2230.
 1 APPPATH/Models/Engine.php(2230): CodeIgniter\Debug\Exceptions->errorHandler()
 2 APPPATH/Controllers/Api.php(147): App\Models\Engine->getBillToSynch()
 3 SYSTEMPATH/CodeIgniter.php(896): App\Controllers\Api->postbillpayment()
 4 SYSTEMPATH/CodeIgniter.php(466): CodeIgniter\CodeIgniter->runController()
 5 SYSTEMPATH/CodeIgniter.php(349): CodeIgniter\CodeIgniter->handleRequest()
 6 FCPATH/index.php(57): CodeIgniter\CodeIgniter->run()
CRITICAL - 2024-08-02 20:55:01 --> Undefined variable $payArray
in APPPATH/Models/Engine.php on line 2230.
 1 APPPATH/Models/Engine.php(2230): CodeIgniter\Debug\Exceptions->errorHandler()
 2 APPPATH/Controllers/Api.php(147): App\Models\Engine->getBillToSynch()
 3 SYSTEMPATH/CodeIgniter.php(896): App\Controllers\Api->postbillpayment()
 4 SYSTEMPATH/CodeIgniter.php(466): CodeIgniter\CodeIgniter->runController()
 5 SYSTEMPATH/CodeIgniter.php(349): CodeIgniter\CodeIgniter->handleRequest()
 6 FCPATH/index.php(57): CodeIgniter\CodeIgniter->run()
CRITICAL - 2024-08-02 20:56:01 --> Undefined variable $payArray
in APPPATH/Models/Engine.php on line 2230.
 1 APPPATH/Models/Engine.php(2230): CodeIgniter\Debug\Exceptions->errorHandler()
 2 APPPATH/Controllers/Api.php(147): App\Models\Engine->getBillToSynch()
 3 SYSTEMPATH/CodeIgniter.php(896): App\Controllers\Api->postbillpayment()
 4 SYSTEMPATH/CodeIgniter.php(466): CodeIgniter\CodeIgniter->runController()
 5 SYSTEMPATH/CodeIgniter.php(349): CodeIgniter\CodeIgniter->handleRequest()
 6 FCPATH/index.php(57): CodeIgniter\CodeIgniter->run()
CRITICAL - 2024-08-02 20:57:07 --> Undefined variable $payArray
in APPPATH/Models/Engine.php on line 2230.
 1 APPPATH/Models/Engine.php(2230): CodeIgniter\Debug\Exceptions->errorHandler()
 2 APPPATH/Controllers/Api.php(147): App\Models\Engine->getBillToSynch()
 3 SYSTEMPATH/CodeIgniter.php(896): App\Controllers\Api->postbillpayment()
 4 SYSTEMPATH/CodeIgniter.php(466): CodeIgniter\CodeIgniter->runController()
 5 SYSTEMPATH/CodeIgniter.php(349): CodeIgniter\CodeIgniter->handleRequest()
 6 FCPATH/index.php(57): CodeIgniter\CodeIgniter->run()
CRITICAL - 2024-08-02 20:58:07 --> Undefined variable $payArray
in APPPATH/Models/Engine.php on line 2230.
 1 APPPATH/Models/Engine.php(2230): CodeIgniter\Debug\Exceptions->errorHandler()
 2 APPPATH/Controllers/Api.php(147): App\Models\Engine->getBillToSynch()
 3 SYSTEMPATH/CodeIgniter.php(896): App\Controllers\Api->postbillpayment()
 4 SYSTEMPATH/CodeIgniter.php(466): CodeIgniter\CodeIgniter->runController()
 5 SYSTEMPATH/CodeIgniter.php(349): CodeIgniter\CodeIgniter->handleRequest()
 6 FCPATH/index.php(57): CodeIgniter\CodeIgniter->run()
CRITICAL - 2024-08-02 20:59:07 --> Undefined variable $payArray
in APPPATH/Models/Engine.php on line 2230.
 1 APPPATH/Models/Engine.php(2230): CodeIgniter\Debug\Exceptions->errorHandler()
 2 APPPATH/Controllers/Api.php(147): App\Models\Engine->getBillToSynch()
 3 SYSTEMPATH/CodeIgniter.php(896): App\Controllers\Api->postbillpayment()
 4 SYSTEMPATH/CodeIgniter.php(466): CodeIgniter\CodeIgniter->runController()
 5 SYSTEMPATH/CodeIgniter.php(349): CodeIgniter\CodeIgniter->handleRequest()
 6 FCPATH/index.php(57): CodeIgniter\CodeIgniter->run()
CRITICAL - 2024-08-02 21:00:03 --> Undefined variable $payArray
in APPPATH/Models/Engine.php on line 2230.
 1 APPPATH/Models/Engine.php(2230): CodeIgniter\Debug\Exceptions->errorHandler()
 2 APPPATH/Controllers/Api.php(147): App\Models\Engine->getBillToSynch()
 3 SYSTEMPATH/CodeIgniter.php(896): App\Controllers\Api->postbillpayment()
 4 SYSTEMPATH/CodeIgniter.php(466): CodeIgniter\CodeIgniter->runController()
 5 SYSTEMPATH/CodeIgniter.php(349): CodeIgniter\CodeIgniter->handleRequest()
 6 FCPATH/index.php(57): CodeIgniter\CodeIgniter->run()
CRITICAL - 2024-08-02 21:01:01 --> Undefined variable $payArray
in APPPATH/Models/Engine.php on line 2230.
 1 APPPATH/Models/Engine.php(2230): CodeIgniter\Debug\Exceptions->errorHandler()
 2 APPPATH/Controllers/Api.php(147): App\Models\Engine->getBillToSynch()
 3 SYSTEMPATH/CodeIgniter.php(896): App\Controllers\Api->postbillpayment()
 4 SYSTEMPATH/CodeIgniter.php(466): CodeIgniter\CodeIgniter->runController()
 5 SYSTEMPATH/CodeIgniter.php(349): CodeIgniter\CodeIgniter->handleRequest()
 6 FCPATH/index.php(57): CodeIgniter\CodeIgniter->run()
CRITICAL - 2024-08-02 21:02:01 --> Undefined variable $payArray
in APPPATH/Models/Engine.php on line 2230.
 1 APPPATH/Models/Engine.php(2230): CodeIgniter\Debug\Exceptions->errorHandler()
 2 APPPATH/Controllers/Api.php(147): App\Models\Engine->getBillToSynch()
 3 SYSTEMPATH/CodeIgniter.php(896): App\Controllers\Api->postbillpayment()
 4 SYSTEMPATH/CodeIgniter.php(466): CodeIgniter\CodeIgniter->runController()
 5 SYSTEMPATH/CodeIgniter.php(349): CodeIgniter\CodeIgniter->handleRequest()
 6 FCPATH/index.php(57): CodeIgniter\CodeIgniter->run()
CRITICAL - 2024-08-02 21:03:01 --> Undefined variable $payArray
in APPPATH/Models/Engine.php on line 2230.
 1 APPPATH/Models/Engine.php(2230): CodeIgniter\Debug\Exceptions->errorHandler()
 2 APPPATH/Controllers/Api.php(147): App\Models\Engine->getBillToSynch()
 3 SYSTEMPATH/CodeIgniter.php(896): App\Controllers\Api->postbillpayment()
 4 SYSTEMPATH/CodeIgniter.php(466): CodeIgniter\CodeIgniter->runController()
 5 SYSTEMPATH/CodeIgniter.php(349): CodeIgniter\CodeIgniter->handleRequest()
 6 FCPATH/index.php(57): CodeIgniter\CodeIgniter->run()
CRITICAL - 2024-08-02 21:04:01 --> Undefined variable $payArray
in APPPATH/Models/Engine.php on line 2230.
 1 APPPATH/Models/Engine.php(2230): CodeIgniter\Debug\Exceptions->errorHandler()
 2 APPPATH/Controllers/Api.php(147): App\Models\Engine->getBillToSynch()
 3 SYSTEMPATH/CodeIgniter.php(896): App\Controllers\Api->postbillpayment()
 4 SYSTEMPATH/CodeIgniter.php(466): CodeIgniter\CodeIgniter->runController()
 5 SYSTEMPATH/CodeIgniter.php(349): CodeIgniter\CodeIgniter->handleRequest()
 6 FCPATH/index.php(57): CodeIgniter\CodeIgniter->run()
CRITICAL - 2024-08-02 21:05:01 --> Undefined variable $payArray
in APPPATH/Models/Engine.php on line 2230.
 1 APPPATH/Models/Engine.php(2230): CodeIgniter\Debug\Exceptions->errorHandler()
 2 APPPATH/Controllers/Api.php(147): App\Models\Engine->getBillToSynch()
 3 SYSTEMPATH/CodeIgniter.php(896): App\Controllers\Api->postbillpayment()
 4 SYSTEMPATH/CodeIgniter.php(466): CodeIgniter\CodeIgniter->runController()
 5 SYSTEMPATH/CodeIgniter.php(349): CodeIgniter\CodeIgniter->handleRequest()
 6 FCPATH/index.php(57): CodeIgniter\CodeIgniter->run()
CRITICAL - 2024-08-02 21:06:01 --> Undefined variable $payArray
in APPPATH/Models/Engine.php on line 2230.
 1 APPPATH/Models/Engine.php(2230): CodeIgniter\Debug\Exceptions->errorHandler()
 2 APPPATH/Controllers/Api.php(147): App\Models\Engine->getBillToSynch()
 3 SYSTEMPATH/CodeIgniter.php(896): App\Controllers\Api->postbillpayment()
 4 SYSTEMPATH/CodeIgniter.php(466): CodeIgniter\CodeIgniter->runController()
 5 SYSTEMPATH/CodeIgniter.php(349): CodeIgniter\CodeIgniter->handleRequest()
 6 FCPATH/index.php(57): CodeIgniter\CodeIgniter->run()
CRITICAL - 2024-08-02 21:07:01 --> Undefined variable $payArray
in APPPATH/Models/Engine.php on line 2230.
 1 APPPATH/Models/Engine.php(2230): CodeIgniter\Debug\Exceptions->errorHandler()
 2 APPPATH/Controllers/Api.php(147): App\Models\Engine->getBillToSynch()
 3 SYSTEMPATH/CodeIgniter.php(896): App\Controllers\Api->postbillpayment()
 4 SYSTEMPATH/CodeIgniter.php(466): CodeIgniter\CodeIgniter->runController()
 5 SYSTEMPATH/CodeIgniter.php(349): CodeIgniter\CodeIgniter->handleRequest()
 6 FCPATH/index.php(57): CodeIgniter\CodeIgniter->run()
CRITICAL - 2024-08-02 21:08:01 --> Undefined variable $payArray
in APPPATH/Models/Engine.php on line 2230.
 1 APPPATH/Models/Engine.php(2230): CodeIgniter\Debug\Exceptions->errorHandler()
 2 APPPATH/Controllers/Api.php(147): App\Models\Engine->getBillToSynch()
 3 SYSTEMPATH/CodeIgniter.php(896): App\Controllers\Api->postbillpayment()
 4 SYSTEMPATH/CodeIgniter.php(466): CodeIgniter\CodeIgniter->runController()
 5 SYSTEMPATH/CodeIgniter.php(349): CodeIgniter\CodeIgniter->handleRequest()
 6 FCPATH/index.php(57): CodeIgniter\CodeIgniter->run()
CRITICAL - 2024-08-02 21:09:01 --> Undefined variable $payArray
in APPPATH/Models/Engine.php on line 2230.
 1 APPPATH/Models/Engine.php(2230): CodeIgniter\Debug\Exceptions->errorHandler()
 2 APPPATH/Controllers/Api.php(147): App\Models\Engine->getBillToSynch()
 3 SYSTEMPATH/CodeIgniter.php(896): App\Controllers\Api->postbillpayment()
 4 SYSTEMPATH/CodeIgniter.php(466): CodeIgniter\CodeIgniter->runController()
 5 SYSTEMPATH/CodeIgniter.php(349): CodeIgniter\CodeIgniter->handleRequest()
 6 FCPATH/index.php(57): CodeIgniter\CodeIgniter->run()
CRITICAL - 2024-08-02 21:10:01 --> Undefined variable $payArray
in APPPATH/Models/Engine.php on line 2230.
 1 APPPATH/Models/Engine.php(2230): CodeIgniter\Debug\Exceptions->errorHandler()
 2 APPPATH/Controllers/Api.php(147): App\Models\Engine->getBillToSynch()
 3 SYSTEMPATH/CodeIgniter.php(896): App\Controllers\Api->postbillpayment()
 4 SYSTEMPATH/CodeIgniter.php(466): CodeIgniter\CodeIgniter->runController()
 5 SYSTEMPATH/CodeIgniter.php(349): CodeIgniter\CodeIgniter->handleRequest()
 6 FCPATH/index.php(57): CodeIgniter\CodeIgniter->run()
CRITICAL - 2024-08-02 21:11:01 --> Undefined variable $payArray
in APPPATH/Models/Engine.php on line 2230.
 1 APPPATH/Models/Engine.php(2230): CodeIgniter\Debug\Exceptions->errorHandler()
 2 APPPATH/Controllers/Api.php(147): App\Models\Engine->getBillToSynch()
 3 SYSTEMPATH/CodeIgniter.php(896): App\Controllers\Api->postbillpayment()
 4 SYSTEMPATH/CodeIgniter.php(466): CodeIgniter\CodeIgniter->runController()
 5 SYSTEMPATH/CodeIgniter.php(349): CodeIgniter\CodeIgniter->handleRequest()
 6 FCPATH/index.php(57): CodeIgniter\CodeIgniter->run()
CRITICAL - 2024-08-02 21:12:01 --> Undefined variable $payArray
in APPPATH/Models/Engine.php on line 2230.
 1 APPPATH/Models/Engine.php(2230): CodeIgniter\Debug\Exceptions->errorHandler()
 2 APPPATH/Controllers/Api.php(147): App\Models\Engine->getBillToSynch()
 3 SYSTEMPATH/CodeIgniter.php(896): App\Controllers\Api->postbillpayment()
 4 SYSTEMPATH/CodeIgniter.php(466): CodeIgniter\CodeIgniter->runController()
 5 SYSTEMPATH/CodeIgniter.php(349): CodeIgniter\CodeIgniter->handleRequest()
 6 FCPATH/index.php(57): CodeIgniter\CodeIgniter->run()
CRITICAL - 2024-08-02 21:13:01 --> Undefined variable $payArray
in APPPATH/Models/Engine.php on line 2230.
 1 APPPATH/Models/Engine.php(2230): CodeIgniter\Debug\Exceptions->errorHandler()
 2 APPPATH/Controllers/Api.php(147): App\Models\Engine->getBillToSynch()
 3 SYSTEMPATH/CodeIgniter.php(896): App\Controllers\Api->postbillpayment()
 4 SYSTEMPATH/CodeIgniter.php(466): CodeIgniter\CodeIgniter->runController()
 5 SYSTEMPATH/CodeIgniter.php(349): CodeIgniter\CodeIgniter->handleRequest()
 6 FCPATH/index.php(57): CodeIgniter\CodeIgniter->run()
CRITICAL - 2024-08-02 21:14:01 --> Undefined variable $payArray
in APPPATH/Models/Engine.php on line 2230.
 1 APPPATH/Models/Engine.php(2230): CodeIgniter\Debug\Exceptions->errorHandler()
 2 APPPATH/Controllers/Api.php(147): App\Models\Engine->getBillToSynch()
 3 SYSTEMPATH/CodeIgniter.php(896): App\Controllers\Api->postbillpayment()
 4 SYSTEMPATH/CodeIgniter.php(466): CodeIgniter\CodeIgniter->runController()
 5 SYSTEMPATH/CodeIgniter.php(349): CodeIgniter\CodeIgniter->handleRequest()
 6 FCPATH/index.php(57): CodeIgniter\CodeIgniter->run()
CRITICAL - 2024-08-02 21:15:01 --> Undefined variable $payArray
in APPPATH/Models/Engine.php on line 2230.
 1 APPPATH/Models/Engine.php(2230): CodeIgniter\Debug\Exceptions->errorHandler()
 2 APPPATH/Controllers/Api.php(147): App\Models\Engine->getBillToSynch()
 3 SYSTEMPATH/CodeIgniter.php(896): App\Controllers\Api->postbillpayment()
 4 SYSTEMPATH/CodeIgniter.php(466): CodeIgniter\CodeIgniter->runController()
 5 SYSTEMPATH/CodeIgniter.php(349): CodeIgniter\CodeIgniter->handleRequest()
 6 FCPATH/index.php(57): CodeIgniter\CodeIgniter->run()
CRITICAL - 2024-08-02 21:16:01 --> Undefined variable $payArray
in APPPATH/Models/Engine.php on line 2230.
 1 APPPATH/Models/Engine.php(2230): CodeIgniter\Debug\Exceptions->errorHandler()
 2 APPPATH/Controllers/Api.php(147): App\Models\Engine->getBillToSynch()
 3 SYSTEMPATH/CodeIgniter.php(896): App\Controllers\Api->postbillpayment()
 4 SYSTEMPATH/CodeIgniter.php(466): CodeIgniter\CodeIgniter->runController()
 5 SYSTEMPATH/CodeIgniter.php(349): CodeIgniter\CodeIgniter->handleRequest()
 6 FCPATH/index.php(57): CodeIgniter\CodeIgniter->run()
CRITICAL - 2024-08-02 21:17:01 --> Undefined variable $payArray
in APPPATH/Models/Engine.php on line 2230.
 1 APPPATH/Models/Engine.php(2230): CodeIgniter\Debug\Exceptions->errorHandler()
 2 APPPATH/Controllers/Api.php(147): App\Models\Engine->getBillToSynch()
 3 SYSTEMPATH/CodeIgniter.php(896): App\Controllers\Api->postbillpayment()
 4 SYSTEMPATH/CodeIgniter.php(466): CodeIgniter\CodeIgniter->runController()
 5 SYSTEMPATH/CodeIgniter.php(349): CodeIgniter\CodeIgniter->handleRequest()
 6 FCPATH/index.php(57): CodeIgniter\CodeIgniter->run()
CRITICAL - 2024-08-02 21:18:02 --> Undefined variable $payArray
in APPPATH/Models/Engine.php on line 2230.
 1 APPPATH/Models/Engine.php(2230): CodeIgniter\Debug\Exceptions->errorHandler()
 2 APPPATH/Controllers/Api.php(147): App\Models\Engine->getBillToSynch()
 3 SYSTEMPATH/CodeIgniter.php(896): App\Controllers\Api->postbillpayment()
 4 SYSTEMPATH/CodeIgniter.php(466): CodeIgniter\CodeIgniter->runController()
 5 SYSTEMPATH/CodeIgniter.php(349): CodeIgniter\CodeIgniter->handleRequest()
 6 FCPATH/index.php(57): CodeIgniter\CodeIgniter->run()
CRITICAL - 2024-08-02 21:19:01 --> Undefined variable $payArray
in APPPATH/Models/Engine.php on line 2230.
 1 APPPATH/Models/Engine.php(2230): CodeIgniter\Debug\Exceptions->errorHandler()
 2 APPPATH/Controllers/Api.php(147): App\Models\Engine->getBillToSynch()
 3 SYSTEMPATH/CodeIgniter.php(896): App\Controllers\Api->postbillpayment()
 4 SYSTEMPATH/CodeIgniter.php(466): CodeIgniter\CodeIgniter->runController()
 5 SYSTEMPATH/CodeIgniter.php(349): CodeIgniter\CodeIgniter->handleRequest()
 6 FCPATH/index.php(57): CodeIgniter\CodeIgniter->run()
CRITICAL - 2024-08-02 21:20:01 --> Undefined variable $payArray
in APPPATH/Models/Engine.php on line 2230.
 1 APPPATH/Models/Engine.php(2230): CodeIgniter\Debug\Exceptions->errorHandler()
 2 APPPATH/Controllers/Api.php(147): App\Models\Engine->getBillToSynch()
 3 SYSTEMPATH/CodeIgniter.php(896): App\Controllers\Api->postbillpayment()
 4 SYSTEMPATH/CodeIgniter.php(466): CodeIgniter\CodeIgniter->runController()
 5 SYSTEMPATH/CodeIgniter.php(349): CodeIgniter\CodeIgniter->handleRequest()
 6 FCPATH/index.php(57): CodeIgniter\CodeIgniter->run()
CRITICAL - 2024-08-02 21:21:01 --> Undefined variable $payArray
in APPPATH/Models/Engine.php on line 2230.
 1 APPPATH/Models/Engine.php(2230): CodeIgniter\Debug\Exceptions->errorHandler()
 2 APPPATH/Controllers/Api.php(147): App\Models\Engine->getBillToSynch()
 3 SYSTEMPATH/CodeIgniter.php(896): App\Controllers\Api->postbillpayment()
 4 SYSTEMPATH/CodeIgniter.php(466): CodeIgniter\CodeIgniter->runController()
 5 SYSTEMPATH/CodeIgniter.php(349): CodeIgniter\CodeIgniter->handleRequest()
 6 FCPATH/index.php(57): CodeIgniter\CodeIgniter->run()
CRITICAL - 2024-08-02 21:22:01 --> Undefined variable $payArray
in APPPATH/Models/Engine.php on line 2230.
 1 APPPATH/Models/Engine.php(2230): CodeIgniter\Debug\Exceptions->errorHandler()
 2 APPPATH/Controllers/Api.php(147): App\Models\Engine->getBillToSynch()
 3 SYSTEMPATH/CodeIgniter.php(896): App\Controllers\Api->postbillpayment()
 4 SYSTEMPATH/CodeIgniter.php(466): CodeIgniter\CodeIgniter->runController()
 5 SYSTEMPATH/CodeIgniter.php(349): CodeIgniter\CodeIgniter->handleRequest()
 6 FCPATH/index.php(57): CodeIgniter\CodeIgniter->run()
CRITICAL - 2024-08-02 21:23:01 --> Undefined variable $payArray
in APPPATH/Models/Engine.php on line 2230.
 1 APPPATH/Models/Engine.php(2230): CodeIgniter\Debug\Exceptions->errorHandler()
 2 APPPATH/Controllers/Api.php(147): App\Models\Engine->getBillToSynch()
 3 SYSTEMPATH/CodeIgniter.php(896): App\Controllers\Api->postbillpayment()
 4 SYSTEMPATH/CodeIgniter.php(466): CodeIgniter\CodeIgniter->runController()
 5 SYSTEMPATH/CodeIgniter.php(349): CodeIgniter\CodeIgniter->handleRequest()
 6 FCPATH/index.php(57): CodeIgniter\CodeIgniter->run()
CRITICAL - 2024-08-02 21:24:01 --> Undefined variable $payArray
in APPPATH/Models/Engine.php on line 2230.
 1 APPPATH/Models/Engine.php(2230): CodeIgniter\Debug\Exceptions->errorHandler()
 2 APPPATH/Controllers/Api.php(147): App\Models\Engine->getBillToSynch()
 3 SYSTEMPATH/CodeIgniter.php(896): App\Controllers\Api->postbillpayment()
 4 SYSTEMPATH/CodeIgniter.php(466): CodeIgniter\CodeIgniter->runController()
 5 SYSTEMPATH/CodeIgniter.php(349): CodeIgniter\CodeIgniter->handleRequest()
 6 FCPATH/index.php(57): CodeIgniter\CodeIgniter->run()
CRITICAL - 2024-08-02 21:25:01 --> Undefined variable $payArray
in APPPATH/Models/Engine.php on line 2230.
 1 APPPATH/Models/Engine.php(2230): CodeIgniter\Debug\Exceptions->errorHandler()
 2 APPPATH/Controllers/Api.php(147): App\Models\Engine->getBillToSynch()
 3 SYSTEMPATH/CodeIgniter.php(896): App\Controllers\Api->postbillpayment()
 4 SYSTEMPATH/CodeIgniter.php(466): CodeIgniter\CodeIgniter->runController()
 5 SYSTEMPATH/CodeIgniter.php(349): CodeIgniter\CodeIgniter->handleRequest()
 6 FCPATH/index.php(57): CodeIgniter\CodeIgniter->run()
CRITICAL - 2024-08-02 21:26:01 --> Undefined variable $payArray
in APPPATH/Models/Engine.php on line 2230.
 1 APPPATH/Models/Engine.php(2230): CodeIgniter\Debug\Exceptions->errorHandler()
 2 APPPATH/Controllers/Api.php(147): App\Models\Engine->getBillToSynch()
 3 SYSTEMPATH/CodeIgniter.php(896): App\Controllers\Api->postbillpayment()
 4 SYSTEMPATH/CodeIgniter.php(466): CodeIgniter\CodeIgniter->runController()
 5 SYSTEMPATH/CodeIgniter.php(349): CodeIgniter\CodeIgniter->handleRequest()
 6 FCPATH/index.php(57): CodeIgniter\CodeIgniter->run()
CRITICAL - 2024-08-02 21:27:01 --> Undefined variable $payArray
in APPPATH/Models/Engine.php on line 2230.
 1 APPPATH/Models/Engine.php(2230): CodeIgniter\Debug\Exceptions->errorHandler()
 2 APPPATH/Controllers/Api.php(147): App\Models\Engine->getBillToSynch()
 3 SYSTEMPATH/CodeIgniter.php(896): App\Controllers\Api->postbillpayment()
 4 SYSTEMPATH/CodeIgniter.php(466): CodeIgniter\CodeIgniter->runController()
 5 SYSTEMPATH/CodeIgniter.php(349): CodeIgniter\CodeIgniter->handleRequest()
 6 FCPATH/index.php(57): CodeIgniter\CodeIgniter->run()
CRITICAL - 2024-08-02 21:28:01 --> Undefined variable $payArray
in APPPATH/Models/Engine.php on line 2230.
 1 APPPATH/Models/Engine.php(2230): CodeIgniter\Debug\Exceptions->errorHandler()
 2 APPPATH/Controllers/Api.php(147): App\Models\Engine->getBillToSynch()
 3 SYSTEMPATH/CodeIgniter.php(896): App\Controllers\Api->postbillpayment()
 4 SYSTEMPATH/CodeIgniter.php(466): CodeIgniter\CodeIgniter->runController()
 5 SYSTEMPATH/CodeIgniter.php(349): CodeIgniter\CodeIgniter->handleRequest()
 6 FCPATH/index.php(57): CodeIgniter\CodeIgniter->run()
CRITICAL - 2024-08-02 21:29:01 --> Undefined variable $payArray
in APPPATH/Models/Engine.php on line 2230.
 1 APPPATH/Models/Engine.php(2230): CodeIgniter\Debug\Exceptions->errorHandler()
 2 APPPATH/Controllers/Api.php(147): App\Models\Engine->getBillToSynch()
 3 SYSTEMPATH/CodeIgniter.php(896): App\Controllers\Api->postbillpayment()
 4 SYSTEMPATH/CodeIgniter.php(466): CodeIgniter\CodeIgniter->runController()
 5 SYSTEMPATH/CodeIgniter.php(349): CodeIgniter\CodeIgniter->handleRequest()
 6 FCPATH/index.php(57): CodeIgniter\CodeIgniter->run()
CRITICAL - 2024-08-02 21:30:01 --> Undefined variable $payArray
in APPPATH/Models/Engine.php on line 2230.
 1 APPPATH/Models/Engine.php(2230): CodeIgniter\Debug\Exceptions->errorHandler()
 2 APPPATH/Controllers/Api.php(147): App\Models\Engine->getBillToSynch()
 3 SYSTEMPATH/CodeIgniter.php(896): App\Controllers\Api->postbillpayment()
 4 SYSTEMPATH/CodeIgniter.php(466): CodeIgniter\CodeIgniter->runController()
 5 SYSTEMPATH/CodeIgniter.php(349): CodeIgniter\CodeIgniter->handleRequest()
 6 FCPATH/index.php(57): CodeIgniter\CodeIgniter->run()
CRITICAL - 2024-08-02 21:31:01 --> Undefined variable $payArray
in APPPATH/Models/Engine.php on line 2230.
 1 APPPATH/Models/Engine.php(2230): CodeIgniter\Debug\Exceptions->errorHandler()
 2 APPPATH/Controllers/Api.php(147): App\Models\Engine->getBillToSynch()
 3 SYSTEMPATH/CodeIgniter.php(896): App\Controllers\Api->postbillpayment()
 4 SYSTEMPATH/CodeIgniter.php(466): CodeIgniter\CodeIgniter->runController()
 5 SYSTEMPATH/CodeIgniter.php(349): CodeIgniter\CodeIgniter->handleRequest()
 6 FCPATH/index.php(57): CodeIgniter\CodeIgniter->run()
CRITICAL - 2024-08-02 21:32:01 --> Undefined variable $payArray
in APPPATH/Models/Engine.php on line 2230.
 1 APPPATH/Models/Engine.php(2230): CodeIgniter\Debug\Exceptions->errorHandler()
 2 APPPATH/Controllers/Api.php(147): App\Models\Engine->getBillToSynch()
 3 SYSTEMPATH/CodeIgniter.php(896): App\Controllers\Api->postbillpayment()
 4 SYSTEMPATH/CodeIgniter.php(466): CodeIgniter\CodeIgniter->runController()
 5 SYSTEMPATH/CodeIgniter.php(349): CodeIgniter\CodeIgniter->handleRequest()
 6 FCPATH/index.php(57): CodeIgniter\CodeIgniter->run()
CRITICAL - 2024-08-02 21:33:01 --> Undefined variable $payArray
in APPPATH/Models/Engine.php on line 2230.
 1 APPPATH/Models/Engine.php(2230): CodeIgniter\Debug\Exceptions->errorHandler()
 2 APPPATH/Controllers/Api.php(147): App\Models\Engine->getBillToSynch()
 3 SYSTEMPATH/CodeIgniter.php(896): App\Controllers\Api->postbillpayment()
 4 SYSTEMPATH/CodeIgniter.php(466): CodeIgniter\CodeIgniter->runController()
 5 SYSTEMPATH/CodeIgniter.php(349): CodeIgniter\CodeIgniter->handleRequest()
 6 FCPATH/index.php(57): CodeIgniter\CodeIgniter->run()
CRITICAL - 2024-08-02 21:34:01 --> Undefined variable $payArray
in APPPATH/Models/Engine.php on line 2230.
 1 APPPATH/Models/Engine.php(2230): CodeIgniter\Debug\Exceptions->errorHandler()
 2 APPPATH/Controllers/Api.php(147): App\Models\Engine->getBillToSynch()
 3 SYSTEMPATH/CodeIgniter.php(896): App\Controllers\Api->postbillpayment()
 4 SYSTEMPATH/CodeIgniter.php(466): CodeIgniter\CodeIgniter->runController()
 5 SYSTEMPATH/CodeIgniter.php(349): CodeIgniter\CodeIgniter->handleRequest()
 6 FCPATH/index.php(57): CodeIgniter\CodeIgniter->run()
CRITICAL - 2024-08-02 21:35:01 --> Undefined variable $payArray
in APPPATH/Models/Engine.php on line 2230.
 1 APPPATH/Models/Engine.php(2230): CodeIgniter\Debug\Exceptions->errorHandler()
 2 APPPATH/Controllers/Api.php(147): App\Models\Engine->getBillToSynch()
 3 SYSTEMPATH/CodeIgniter.php(896): App\Controllers\Api->postbillpayment()
 4 SYSTEMPATH/CodeIgniter.php(466): CodeIgniter\CodeIgniter->runController()
 5 SYSTEMPATH/CodeIgniter.php(349): CodeIgniter\CodeIgniter->handleRequest()
 6 FCPATH/index.php(57): CodeIgniter\CodeIgniter->run()
CRITICAL - 2024-08-02 21:36:02 --> Undefined variable $payArray
in APPPATH/Models/Engine.php on line 2230.
 1 APPPATH/Models/Engine.php(2230): CodeIgniter\Debug\Exceptions->errorHandler()
 2 APPPATH/Controllers/Api.php(147): App\Models\Engine->getBillToSynch()
 3 SYSTEMPATH/CodeIgniter.php(896): App\Controllers\Api->postbillpayment()
 4 SYSTEMPATH/CodeIgniter.php(466): CodeIgniter\CodeIgniter->runController()
 5 SYSTEMPATH/CodeIgniter.php(349): CodeIgniter\CodeIgniter->handleRequest()
 6 FCPATH/index.php(57): CodeIgniter\CodeIgniter->run()
CRITICAL - 2024-08-02 21:37:01 --> Undefined variable $payArray
in APPPATH/Models/Engine.php on line 2230.
 1 APPPATH/Models/Engine.php(2230): CodeIgniter\Debug\Exceptions->errorHandler()
 2 APPPATH/Controllers/Api.php(147): App\Models\Engine->getBillToSynch()
 3 SYSTEMPATH/CodeIgniter.php(896): App\Controllers\Api->postbillpayment()
 4 SYSTEMPATH/CodeIgniter.php(466): CodeIgniter\CodeIgniter->runController()
 5 SYSTEMPATH/CodeIgniter.php(349): CodeIgniter\CodeIgniter->handleRequest()
 6 FCPATH/index.php(57): CodeIgniter\CodeIgniter->run()
CRITICAL - 2024-08-02 21:38:01 --> Undefined variable $payArray
in APPPATH/Models/Engine.php on line 2230.
 1 APPPATH/Models/Engine.php(2230): CodeIgniter\Debug\Exceptions->errorHandler()
 2 APPPATH/Controllers/Api.php(147): App\Models\Engine->getBillToSynch()
 3 SYSTEMPATH/CodeIgniter.php(896): App\Controllers\Api->postbillpayment()
 4 SYSTEMPATH/CodeIgniter.php(466): CodeIgniter\CodeIgniter->runController()
 5 SYSTEMPATH/CodeIgniter.php(349): CodeIgniter\CodeIgniter->handleRequest()
 6 FCPATH/index.php(57): CodeIgniter\CodeIgniter->run()
CRITICAL - 2024-08-02 21:39:01 --> Undefined variable $payArray
in APPPATH/Models/Engine.php on line 2230.
 1 APPPATH/Models/Engine.php(2230): CodeIgniter\Debug\Exceptions->errorHandler()
 2 APPPATH/Controllers/Api.php(147): App\Models\Engine->getBillToSynch()
 3 SYSTEMPATH/CodeIgniter.php(896): App\Controllers\Api->postbillpayment()
 4 SYSTEMPATH/CodeIgniter.php(466): CodeIgniter\CodeIgniter->runController()
 5 SYSTEMPATH/CodeIgniter.php(349): CodeIgniter\CodeIgniter->handleRequest()
 6 FCPATH/index.php(57): CodeIgniter\CodeIgniter->run()
CRITICAL - 2024-08-02 21:40:01 --> Undefined variable $payArray
in APPPATH/Models/Engine.php on line 2230.
 1 APPPATH/Models/Engine.php(2230): CodeIgniter\Debug\Exceptions->errorHandler()
 2 APPPATH/Controllers/Api.php(147): App\Models\Engine->getBillToSynch()
 3 SYSTEMPATH/CodeIgniter.php(896): App\Controllers\Api->postbillpayment()
 4 SYSTEMPATH/CodeIgniter.php(466): CodeIgniter\CodeIgniter->runController()
 5 SYSTEMPATH/CodeIgniter.php(349): CodeIgniter\CodeIgniter->handleRequest()
 6 FCPATH/index.php(57): CodeIgniter\CodeIgniter->run()
CRITICAL - 2024-08-02 21:41:01 --> Undefined variable $payArray
in APPPATH/Models/Engine.php on line 2230.
 1 APPPATH/Models/Engine.php(2230): CodeIgniter\Debug\Exceptions->errorHandler()
 2 APPPATH/Controllers/Api.php(147): App\Models\Engine->getBillToSynch()
 3 SYSTEMPATH/CodeIgniter.php(896): App\Controllers\Api->postbillpayment()
 4 SYSTEMPATH/CodeIgniter.php(466): CodeIgniter\CodeIgniter->runController()
 5 SYSTEMPATH/CodeIgniter.php(349): CodeIgniter\CodeIgniter->handleRequest()
 6 FCPATH/index.php(57): CodeIgniter\CodeIgniter->run()
CRITICAL - 2024-08-02 21:42:01 --> Undefined variable $payArray
in APPPATH/Models/Engine.php on line 2230.
 1 APPPATH/Models/Engine.php(2230): CodeIgniter\Debug\Exceptions->errorHandler()
 2 APPPATH/Controllers/Api.php(147): App\Models\Engine->getBillToSynch()
 3 SYSTEMPATH/CodeIgniter.php(896): App\Controllers\Api->postbillpayment()
 4 SYSTEMPATH/CodeIgniter.php(466): CodeIgniter\CodeIgniter->runController()
 5 SYSTEMPATH/CodeIgniter.php(349): CodeIgniter\CodeIgniter->handleRequest()
 6 FCPATH/index.php(57): CodeIgniter\CodeIgniter->run()
CRITICAL - 2024-08-02 21:43:01 --> Undefined variable $payArray
in APPPATH/Models/Engine.php on line 2230.
 1 APPPATH/Models/Engine.php(2230): CodeIgniter\Debug\Exceptions->errorHandler()
 2 APPPATH/Controllers/Api.php(147): App\Models\Engine->getBillToSynch()
 3 SYSTEMPATH/CodeIgniter.php(896): App\Controllers\Api->postbillpayment()
 4 SYSTEMPATH/CodeIgniter.php(466): CodeIgniter\CodeIgniter->runController()
 5 SYSTEMPATH/CodeIgniter.php(349): CodeIgniter\CodeIgniter->handleRequest()
 6 FCPATH/index.php(57): CodeIgniter\CodeIgniter->run()
CRITICAL - 2024-08-02 21:44:01 --> Undefined variable $payArray
in APPPATH/Models/Engine.php on line 2230.
 1 APPPATH/Models/Engine.php(2230): CodeIgniter\Debug\Exceptions->errorHandler()
 2 APPPATH/Controllers/Api.php(147): App\Models\Engine->getBillToSynch()
 3 SYSTEMPATH/CodeIgniter.php(896): App\Controllers\Api->postbillpayment()
 4 SYSTEMPATH/CodeIgniter.php(466): CodeIgniter\CodeIgniter->runController()
 5 SYSTEMPATH/CodeIgniter.php(349): CodeIgniter\CodeIgniter->handleRequest()
 6 FCPATH/index.php(57): CodeIgniter\CodeIgniter->run()
CRITICAL - 2024-08-02 21:45:01 --> Undefined variable $payArray
in APPPATH/Models/Engine.php on line 2230.
 1 APPPATH/Models/Engine.php(2230): CodeIgniter\Debug\Exceptions->errorHandler()
 2 APPPATH/Controllers/Api.php(147): App\Models\Engine->getBillToSynch()
 3 SYSTEMPATH/CodeIgniter.php(896): App\Controllers\Api->postbillpayment()
 4 SYSTEMPATH/CodeIgniter.php(466): CodeIgniter\CodeIgniter->runController()
 5 SYSTEMPATH/CodeIgniter.php(349): CodeIgniter\CodeIgniter->handleRequest()
 6 FCPATH/index.php(57): CodeIgniter\CodeIgniter->run()
CRITICAL - 2024-08-02 21:46:01 --> Undefined variable $payArray
in APPPATH/Models/Engine.php on line 2230.
 1 APPPATH/Models/Engine.php(2230): CodeIgniter\Debug\Exceptions->errorHandler()
 2 APPPATH/Controllers/Api.php(147): App\Models\Engine->getBillToSynch()
 3 SYSTEMPATH/CodeIgniter.php(896): App\Controllers\Api->postbillpayment()
 4 SYSTEMPATH/CodeIgniter.php(466): CodeIgniter\CodeIgniter->runController()
 5 SYSTEMPATH/CodeIgniter.php(349): CodeIgniter\CodeIgniter->handleRequest()
 6 FCPATH/index.php(57): CodeIgniter\CodeIgniter->run()
CRITICAL - 2024-08-02 21:47:01 --> Undefined variable $payArray
in APPPATH/Models/Engine.php on line 2230.
 1 APPPATH/Models/Engine.php(2230): CodeIgniter\Debug\Exceptions->errorHandler()
 2 APPPATH/Controllers/Api.php(147): App\Models\Engine->getBillToSynch()
 3 SYSTEMPATH/CodeIgniter.php(896): App\Controllers\Api->postbillpayment()
 4 SYSTEMPATH/CodeIgniter.php(466): CodeIgniter\CodeIgniter->runController()
 5 SYSTEMPATH/CodeIgniter.php(349): CodeIgniter\CodeIgniter->handleRequest()
 6 FCPATH/index.php(57): CodeIgniter\CodeIgniter->run()
CRITICAL - 2024-08-02 21:48:01 --> Undefined variable $payArray
in APPPATH/Models/Engine.php on line 2230.
 1 APPPATH/Models/Engine.php(2230): CodeIgniter\Debug\Exceptions->errorHandler()
 2 APPPATH/Controllers/Api.php(147): App\Models\Engine->getBillToSynch()
 3 SYSTEMPATH/CodeIgniter.php(896): App\Controllers\Api->postbillpayment()
 4 SYSTEMPATH/CodeIgniter.php(466): CodeIgniter\CodeIgniter->runController()
 5 SYSTEMPATH/CodeIgniter.php(349): CodeIgniter\CodeIgniter->handleRequest()
 6 FCPATH/index.php(57): CodeIgniter\CodeIgniter->run()
CRITICAL - 2024-08-02 21:49:01 --> Undefined variable $payArray
in APPPATH/Models/Engine.php on line 2230.
 1 APPPATH/Models/Engine.php(2230): CodeIgniter\Debug\Exceptions->errorHandler()
 2 APPPATH/Controllers/Api.php(147): App\Models\Engine->getBillToSynch()
 3 SYSTEMPATH/CodeIgniter.php(896): App\Controllers\Api->postbillpayment()
 4 SYSTEMPATH/CodeIgniter.php(466): CodeIgniter\CodeIgniter->runController()
 5 SYSTEMPATH/CodeIgniter.php(349): CodeIgniter\CodeIgniter->handleRequest()
 6 FCPATH/index.php(57): CodeIgniter\CodeIgniter->run()
CRITICAL - 2024-08-02 21:50:01 --> Undefined variable $payArray
in APPPATH/Models/Engine.php on line 2230.
 1 APPPATH/Models/Engine.php(2230): CodeIgniter\Debug\Exceptions->errorHandler()
 2 APPPATH/Controllers/Api.php(147): App\Models\Engine->getBillToSynch()
 3 SYSTEMPATH/CodeIgniter.php(896): App\Controllers\Api->postbillpayment()
 4 SYSTEMPATH/CodeIgniter.php(466): CodeIgniter\CodeIgniter->runController()
 5 SYSTEMPATH/CodeIgniter.php(349): CodeIgniter\CodeIgniter->handleRequest()
 6 FCPATH/index.php(57): CodeIgniter\CodeIgniter->run()
CRITICAL - 2024-08-02 21:51:01 --> Undefined variable $payArray
in APPPATH/Models/Engine.php on line 2230.
 1 APPPATH/Models/Engine.php(2230): CodeIgniter\Debug\Exceptions->errorHandler()
 2 APPPATH/Controllers/Api.php(147): App\Models\Engine->getBillToSynch()
 3 SYSTEMPATH/CodeIgniter.php(896): App\Controllers\Api->postbillpayment()
 4 SYSTEMPATH/CodeIgniter.php(466): CodeIgniter\CodeIgniter->runController()
 5 SYSTEMPATH/CodeIgniter.php(349): CodeIgniter\CodeIgniter->handleRequest()
 6 FCPATH/index.php(57): CodeIgniter\CodeIgniter->run()
CRITICAL - 2024-08-02 21:52:01 --> Undefined variable $payArray
in APPPATH/Models/Engine.php on line 2230.
 1 APPPATH/Models/Engine.php(2230): CodeIgniter\Debug\Exceptions->errorHandler()
 2 APPPATH/Controllers/Api.php(147): App\Models\Engine->getBillToSynch()
 3 SYSTEMPATH/CodeIgniter.php(896): App\Controllers\Api->postbillpayment()
 4 SYSTEMPATH/CodeIgniter.php(466): CodeIgniter\CodeIgniter->runController()
 5 SYSTEMPATH/CodeIgniter.php(349): CodeIgniter\CodeIgniter->handleRequest()
 6 FCPATH/index.php(57): CodeIgniter\CodeIgniter->run()
CRITICAL - 2024-08-02 21:53:01 --> Undefined variable $payArray
in APPPATH/Models/Engine.php on line 2230.
 1 APPPATH/Models/Engine.php(2230): CodeIgniter\Debug\Exceptions->errorHandler()
 2 APPPATH/Controllers/Api.php(147): App\Models\Engine->getBillToSynch()
 3 SYSTEMPATH/CodeIgniter.php(896): App\Controllers\Api->postbillpayment()
 4 SYSTEMPATH/CodeIgniter.php(466): CodeIgniter\CodeIgniter->runController()
 5 SYSTEMPATH/CodeIgniter.php(349): CodeIgniter\CodeIgniter->handleRequest()
 6 FCPATH/index.php(57): CodeIgniter\CodeIgniter->run()
CRITICAL - 2024-08-02 21:54:01 --> Undefined variable $payArray
in APPPATH/Models/Engine.php on line 2230.
 1 APPPATH/Models/Engine.php(2230): CodeIgniter\Debug\Exceptions->errorHandler()
 2 APPPATH/Controllers/Api.php(147): App\Models\Engine->getBillToSynch()
 3 SYSTEMPATH/CodeIgniter.php(896): App\Controllers\Api->postbillpayment()
 4 SYSTEMPATH/CodeIgniter.php(466): CodeIgniter\CodeIgniter->runController()
 5 SYSTEMPATH/CodeIgniter.php(349): CodeIgniter\CodeIgniter->handleRequest()
 6 FCPATH/index.php(57): CodeIgniter\CodeIgniter->run()
CRITICAL - 2024-08-02 21:55:02 --> Undefined variable $payArray
in APPPATH/Models/Engine.php on line 2230.
 1 APPPATH/Models/Engine.php(2230): CodeIgniter\Debug\Exceptions->errorHandler()
 2 APPPATH/Controllers/Api.php(147): App\Models\Engine->getBillToSynch()
 3 SYSTEMPATH/CodeIgniter.php(896): App\Controllers\Api->postbillpayment()
 4 SYSTEMPATH/CodeIgniter.php(466): CodeIgniter\CodeIgniter->runController()
 5 SYSTEMPATH/CodeIgniter.php(349): CodeIgniter\CodeIgniter->handleRequest()
 6 FCPATH/index.php(57): CodeIgniter\CodeIgniter->run()
CRITICAL - 2024-08-02 21:56:01 --> Undefined variable $payArray
in APPPATH/Models/Engine.php on line 2230.
 1 APPPATH/Models/Engine.php(2230): CodeIgniter\Debug\Exceptions->errorHandler()
 2 APPPATH/Controllers/Api.php(147): App\Models\Engine->getBillToSynch()
 3 SYSTEMPATH/CodeIgniter.php(896): App\Controllers\Api->postbillpayment()
 4 SYSTEMPATH/CodeIgniter.php(466): CodeIgniter\CodeIgniter->runController()
 5 SYSTEMPATH/CodeIgniter.php(349): CodeIgniter\CodeIgniter->handleRequest()
 6 FCPATH/index.php(57): CodeIgniter\CodeIgniter->run()
CRITICAL - 2024-08-02 21:57:01 --> Undefined variable $payArray
in APPPATH/Models/Engine.php on line 2230.
 1 APPPATH/Models/Engine.php(2230): CodeIgniter\Debug\Exceptions->errorHandler()
 2 APPPATH/Controllers/Api.php(147): App\Models\Engine->getBillToSynch()
 3 SYSTEMPATH/CodeIgniter.php(896): App\Controllers\Api->postbillpayment()
 4 SYSTEMPATH/CodeIgniter.php(466): CodeIgniter\CodeIgniter->runController()
 5 SYSTEMPATH/CodeIgniter.php(349): CodeIgniter\CodeIgniter->handleRequest()
 6 FCPATH/index.php(57): CodeIgniter\CodeIgniter->run()
CRITICAL - 2024-08-02 21:58:01 --> Undefined variable $payArray
in APPPATH/Models/Engine.php on line 2230.
 1 APPPATH/Models/Engine.php(2230): CodeIgniter\Debug\Exceptions->errorHandler()
 2 APPPATH/Controllers/Api.php(147): App\Models\Engine->getBillToSynch()
 3 SYSTEMPATH/CodeIgniter.php(896): App\Controllers\Api->postbillpayment()
 4 SYSTEMPATH/CodeIgniter.php(466): CodeIgniter\CodeIgniter->runController()
 5 SYSTEMPATH/CodeIgniter.php(349): CodeIgniter\CodeIgniter->handleRequest()
 6 FCPATH/index.php(57): CodeIgniter\CodeIgniter->run()
CRITICAL - 2024-08-02 21:59:01 --> Undefined variable $payArray
in APPPATH/Models/Engine.php on line 2230.
 1 APPPATH/Models/Engine.php(2230): CodeIgniter\Debug\Exceptions->errorHandler()
 2 APPPATH/Controllers/Api.php(147): App\Models\Engine->getBillToSynch()
 3 SYSTEMPATH/CodeIgniter.php(896): App\Controllers\Api->postbillpayment()
 4 SYSTEMPATH/CodeIgniter.php(466): CodeIgniter\CodeIgniter->runController()
 5 SYSTEMPATH/CodeIgniter.php(349): CodeIgniter\CodeIgniter->handleRequest()
 6 FCPATH/index.php(57): CodeIgniter\CodeIgniter->run()
CRITICAL - 2024-08-02 22:00:01 --> Undefined variable $payArray
in APPPATH/Models/Engine.php on line 2230.
 1 APPPATH/Models/Engine.php(2230): CodeIgniter\Debug\Exceptions->errorHandler()
 2 APPPATH/Controllers/Api.php(147): App\Models\Engine->getBillToSynch()
 3 SYSTEMPATH/CodeIgniter.php(896): App\Controllers\Api->postbillpayment()
 4 SYSTEMPATH/CodeIgniter.php(466): CodeIgniter\CodeIgniter->runController()
 5 SYSTEMPATH/CodeIgniter.php(349): CodeIgniter\CodeIgniter->handleRequest()
 6 FCPATH/index.php(57): CodeIgniter\CodeIgniter->run()
CRITICAL - 2024-08-02 22:01:01 --> Undefined variable $payArray
in APPPATH/Models/Engine.php on line 2230.
 1 APPPATH/Models/Engine.php(2230): CodeIgniter\Debug\Exceptions->errorHandler()
 2 APPPATH/Controllers/Api.php(147): App\Models\Engine->getBillToSynch()
 3 SYSTEMPATH/CodeIgniter.php(896): App\Controllers\Api->postbillpayment()
 4 SYSTEMPATH/CodeIgniter.php(466): CodeIgniter\CodeIgniter->runController()
 5 SYSTEMPATH/CodeIgniter.php(349): CodeIgniter\CodeIgniter->handleRequest()
 6 FCPATH/index.php(57): CodeIgniter\CodeIgniter->run()
CRITICAL - 2024-08-02 22:02:01 --> Undefined variable $payArray
in APPPATH/Models/Engine.php on line 2230.
 1 APPPATH/Models/Engine.php(2230): CodeIgniter\Debug\Exceptions->errorHandler()
 2 APPPATH/Controllers/Api.php(147): App\Models\Engine->getBillToSynch()
 3 SYSTEMPATH/CodeIgniter.php(896): App\Controllers\Api->postbillpayment()
 4 SYSTEMPATH/CodeIgniter.php(466): CodeIgniter\CodeIgniter->runController()
 5 SYSTEMPATH/CodeIgniter.php(349): CodeIgniter\CodeIgniter->handleRequest()
 6 FCPATH/index.php(57): CodeIgniter\CodeIgniter->run()
CRITICAL - 2024-08-02 22:03:01 --> Undefined variable $payArray
in APPPATH/Models/Engine.php on line 2230.
 1 APPPATH/Models/Engine.php(2230): CodeIgniter\Debug\Exceptions->errorHandler()
 2 APPPATH/Controllers/Api.php(147): App\Models\Engine->getBillToSynch()
 3 SYSTEMPATH/CodeIgniter.php(896): App\Controllers\Api->postbillpayment()
 4 SYSTEMPATH/CodeIgniter.php(466): CodeIgniter\CodeIgniter->runController()
 5 SYSTEMPATH/CodeIgniter.php(349): CodeIgniter\CodeIgniter->handleRequest()
 6 FCPATH/index.php(57): CodeIgniter\CodeIgniter->run()
CRITICAL - 2024-08-02 22:04:01 --> Undefined variable $payArray
in APPPATH/Models/Engine.php on line 2230.
 1 APPPATH/Models/Engine.php(2230): CodeIgniter\Debug\Exceptions->errorHandler()
 2 APPPATH/Controllers/Api.php(147): App\Models\Engine->getBillToSynch()
 3 SYSTEMPATH/CodeIgniter.php(896): App\Controllers\Api->postbillpayment()
 4 SYSTEMPATH/CodeIgniter.php(466): CodeIgniter\CodeIgniter->runController()
 5 SYSTEMPATH/CodeIgniter.php(349): CodeIgniter\CodeIgniter->handleRequest()
 6 FCPATH/index.php(57): CodeIgniter\CodeIgniter->run()
CRITICAL - 2024-08-02 22:05:01 --> Undefined variable $payArray
in APPPATH/Models/Engine.php on line 2230.
 1 APPPATH/Models/Engine.php(2230): CodeIgniter\Debug\Exceptions->errorHandler()
 2 APPPATH/Controllers/Api.php(147): App\Models\Engine->getBillToSynch()
 3 SYSTEMPATH/CodeIgniter.php(896): App\Controllers\Api->postbillpayment()
 4 SYSTEMPATH/CodeIgniter.php(466): CodeIgniter\CodeIgniter->runController()
 5 SYSTEMPATH/CodeIgniter.php(349): CodeIgniter\CodeIgniter->handleRequest()
 6 FCPATH/index.php(57): CodeIgniter\CodeIgniter->run()
CRITICAL - 2024-08-02 22:06:01 --> Undefined variable $payArray
in APPPATH/Models/Engine.php on line 2230.
 1 APPPATH/Models/Engine.php(2230): CodeIgniter\Debug\Exceptions->errorHandler()
 2 APPPATH/Controllers/Api.php(147): App\Models\Engine->getBillToSynch()
 3 SYSTEMPATH/CodeIgniter.php(896): App\Controllers\Api->postbillpayment()
 4 SYSTEMPATH/CodeIgniter.php(466): CodeIgniter\CodeIgniter->runController()
 5 SYSTEMPATH/CodeIgniter.php(349): CodeIgniter\CodeIgniter->handleRequest()
 6 FCPATH/index.php(57): CodeIgniter\CodeIgniter->run()
CRITICAL - 2024-08-02 22:07:01 --> Undefined variable $payArray
in APPPATH/Models/Engine.php on line 2230.
 1 APPPATH/Models/Engine.php(2230): CodeIgniter\Debug\Exceptions->errorHandler()
 2 APPPATH/Controllers/Api.php(147): App\Models\Engine->getBillToSynch()
 3 SYSTEMPATH/CodeIgniter.php(896): App\Controllers\Api->postbillpayment()
 4 SYSTEMPATH/CodeIgniter.php(466): CodeIgniter\CodeIgniter->runController()
 5 SYSTEMPATH/CodeIgniter.php(349): CodeIgniter\CodeIgniter->handleRequest()
 6 FCPATH/index.php(57): CodeIgniter\CodeIgniter->run()
CRITICAL - 2024-08-02 22:08:01 --> Undefined variable $payArray
in APPPATH/Models/Engine.php on line 2230.
 1 APPPATH/Models/Engine.php(2230): CodeIgniter\Debug\Exceptions->errorHandler()
 2 APPPATH/Controllers/Api.php(147): App\Models\Engine->getBillToSynch()
 3 SYSTEMPATH/CodeIgniter.php(896): App\Controllers\Api->postbillpayment()
 4 SYSTEMPATH/CodeIgniter.php(466): CodeIgniter\CodeIgniter->runController()
 5 SYSTEMPATH/CodeIgniter.php(349): CodeIgniter\CodeIgniter->handleRequest()
 6 FCPATH/index.php(57): CodeIgniter\CodeIgniter->run()
CRITICAL - 2024-08-02 22:09:01 --> Undefined variable $payArray
in APPPATH/Models/Engine.php on line 2230.
 1 APPPATH/Models/Engine.php(2230): CodeIgniter\Debug\Exceptions->errorHandler()
 2 APPPATH/Controllers/Api.php(147): App\Models\Engine->getBillToSynch()
 3 SYSTEMPATH/CodeIgniter.php(896): App\Controllers\Api->postbillpayment()
 4 SYSTEMPATH/CodeIgniter.php(466): CodeIgniter\CodeIgniter->runController()
 5 SYSTEMPATH/CodeIgniter.php(349): CodeIgniter\CodeIgniter->handleRequest()
 6 FCPATH/index.php(57): CodeIgniter\CodeIgniter->run()
CRITICAL - 2024-08-02 22:10:01 --> Undefined variable $payArray
in APPPATH/Models/Engine.php on line 2230.
 1 APPPATH/Models/Engine.php(2230): CodeIgniter\Debug\Exceptions->errorHandler()
 2 APPPATH/Controllers/Api.php(147): App\Models\Engine->getBillToSynch()
 3 SYSTEMPATH/CodeIgniter.php(896): App\Controllers\Api->postbillpayment()
 4 SYSTEMPATH/CodeIgniter.php(466): CodeIgniter\CodeIgniter->runController()
 5 SYSTEMPATH/CodeIgniter.php(349): CodeIgniter\CodeIgniter->handleRequest()
 6 FCPATH/index.php(57): CodeIgniter\CodeIgniter->run()
CRITICAL - 2024-08-02 22:11:02 --> Undefined variable $payArray
in APPPATH/Models/Engine.php on line 2230.
 1 APPPATH/Models/Engine.php(2230): CodeIgniter\Debug\Exceptions->errorHandler()
 2 APPPATH/Controllers/Api.php(147): App\Models\Engine->getBillToSynch()
 3 SYSTEMPATH/CodeIgniter.php(896): App\Controllers\Api->postbillpayment()
 4 SYSTEMPATH/CodeIgniter.php(466): CodeIgniter\CodeIgniter->runController()
 5 SYSTEMPATH/CodeIgniter.php(349): CodeIgniter\CodeIgniter->handleRequest()
 6 FCPATH/index.php(57): CodeIgniter\CodeIgniter->run()
CRITICAL - 2024-08-02 22:12:01 --> Undefined variable $payArray
in APPPATH/Models/Engine.php on line 2230.
 1 APPPATH/Models/Engine.php(2230): CodeIgniter\Debug\Exceptions->errorHandler()
 2 APPPATH/Controllers/Api.php(147): App\Models\Engine->getBillToSynch()
 3 SYSTEMPATH/CodeIgniter.php(896): App\Controllers\Api->postbillpayment()
 4 SYSTEMPATH/CodeIgniter.php(466): CodeIgniter\CodeIgniter->runController()
 5 SYSTEMPATH/CodeIgniter.php(349): CodeIgniter\CodeIgniter->handleRequest()
 6 FCPATH/index.php(57): CodeIgniter\CodeIgniter->run()
CRITICAL - 2024-08-02 22:13:01 --> Undefined variable $payArray
in APPPATH/Models/Engine.php on line 2230.
 1 APPPATH/Models/Engine.php(2230): CodeIgniter\Debug\Exceptions->errorHandler()
 2 APPPATH/Controllers/Api.php(147): App\Models\Engine->getBillToSynch()
 3 SYSTEMPATH/CodeIgniter.php(896): App\Controllers\Api->postbillpayment()
 4 SYSTEMPATH/CodeIgniter.php(466): CodeIgniter\CodeIgniter->runController()
 5 SYSTEMPATH/CodeIgniter.php(349): CodeIgniter\CodeIgniter->handleRequest()
 6 FCPATH/index.php(57): CodeIgniter\CodeIgniter->run()
CRITICAL - 2024-08-02 22:14:01 --> Undefined variable $payArray
in APPPATH/Models/Engine.php on line 2230.
 1 APPPATH/Models/Engine.php(2230): CodeIgniter\Debug\Exceptions->errorHandler()
 2 APPPATH/Controllers/Api.php(147): App\Models\Engine->getBillToSynch()
 3 SYSTEMPATH/CodeIgniter.php(896): App\Controllers\Api->postbillpayment()
 4 SYSTEMPATH/CodeIgniter.php(466): CodeIgniter\CodeIgniter->runController()
 5 SYSTEMPATH/CodeIgniter.php(349): CodeIgniter\CodeIgniter->handleRequest()
 6 FCPATH/index.php(57): CodeIgniter\CodeIgniter->run()
CRITICAL - 2024-08-02 22:15:01 --> Undefined variable $payArray
in APPPATH/Models/Engine.php on line 2230.
 1 APPPATH/Models/Engine.php(2230): CodeIgniter\Debug\Exceptions->errorHandler()
 2 APPPATH/Controllers/Api.php(147): App\Models\Engine->getBillToSynch()
 3 SYSTEMPATH/CodeIgniter.php(896): App\Controllers\Api->postbillpayment()
 4 SYSTEMPATH/CodeIgniter.php(466): CodeIgniter\CodeIgniter->runController()
 5 SYSTEMPATH/CodeIgniter.php(349): CodeIgniter\CodeIgniter->handleRequest()
 6 FCPATH/index.php(57): CodeIgniter\CodeIgniter->run()
CRITICAL - 2024-08-02 22:16:01 --> Undefined variable $payArray
in APPPATH/Models/Engine.php on line 2230.
 1 APPPATH/Models/Engine.php(2230): CodeIgniter\Debug\Exceptions->errorHandler()
 2 APPPATH/Controllers/Api.php(147): App\Models\Engine->getBillToSynch()
 3 SYSTEMPATH/CodeIgniter.php(896): App\Controllers\Api->postbillpayment()
 4 SYSTEMPATH/CodeIgniter.php(466): CodeIgniter\CodeIgniter->runController()
 5 SYSTEMPATH/CodeIgniter.php(349): CodeIgniter\CodeIgniter->handleRequest()
 6 FCPATH/index.php(57): CodeIgniter\CodeIgniter->run()
CRITICAL - 2024-08-02 22:17:01 --> Undefined variable $payArray
in APPPATH/Models/Engine.php on line 2230.
 1 APPPATH/Models/Engine.php(2230): CodeIgniter\Debug\Exceptions->errorHandler()
 2 APPPATH/Controllers/Api.php(147): App\Models\Engine->getBillToSynch()
 3 SYSTEMPATH/CodeIgniter.php(896): App\Controllers\Api->postbillpayment()
 4 SYSTEMPATH/CodeIgniter.php(466): CodeIgniter\CodeIgniter->runController()
 5 SYSTEMPATH/CodeIgniter.php(349): CodeIgniter\CodeIgniter->handleRequest()
 6 FCPATH/index.php(57): CodeIgniter\CodeIgniter->run()
CRITICAL - 2024-08-02 22:18:01 --> Undefined variable $payArray
in APPPATH/Models/Engine.php on line 2230.
 1 APPPATH/Models/Engine.php(2230): CodeIgniter\Debug\Exceptions->errorHandler()
 2 APPPATH/Controllers/Api.php(147): App\Models\Engine->getBillToSynch()
 3 SYSTEMPATH/CodeIgniter.php(896): App\Controllers\Api->postbillpayment()
 4 SYSTEMPATH/CodeIgniter.php(466): CodeIgniter\CodeIgniter->runController()
 5 SYSTEMPATH/CodeIgniter.php(349): CodeIgniter\CodeIgniter->handleRequest()
 6 FCPATH/index.php(57): CodeIgniter\CodeIgniter->run()
CRITICAL - 2024-08-02 22:19:01 --> Undefined variable $payArray
in APPPATH/Models/Engine.php on line 2230.
 1 APPPATH/Models/Engine.php(2230): CodeIgniter\Debug\Exceptions->errorHandler()
 2 APPPATH/Controllers/Api.php(147): App\Models\Engine->getBillToSynch()
 3 SYSTEMPATH/CodeIgniter.php(896): App\Controllers\Api->postbillpayment()
 4 SYSTEMPATH/CodeIgniter.php(466): CodeIgniter\CodeIgniter->runController()
 5 SYSTEMPATH/CodeIgniter.php(349): CodeIgniter\CodeIgniter->handleRequest()
 6 FCPATH/index.php(57): CodeIgniter\CodeIgniter->run()
CRITICAL - 2024-08-02 22:20:01 --> Undefined variable $payArray
in APPPATH/Models/Engine.php on line 2230.
 1 APPPATH/Models/Engine.php(2230): CodeIgniter\Debug\Exceptions->errorHandler()
 2 APPPATH/Controllers/Api.php(147): App\Models\Engine->getBillToSynch()
 3 SYSTEMPATH/CodeIgniter.php(896): App\Controllers\Api->postbillpayment()
 4 SYSTEMPATH/CodeIgniter.php(466): CodeIgniter\CodeIgniter->runController()
 5 SYSTEMPATH/CodeIgniter.php(349): CodeIgniter\CodeIgniter->handleRequest()
 6 FCPATH/index.php(57): CodeIgniter\CodeIgniter->run()
CRITICAL - 2024-08-02 22:21:01 --> Undefined variable $payArray
in APPPATH/Models/Engine.php on line 2230.
 1 APPPATH/Models/Engine.php(2230): CodeIgniter\Debug\Exceptions->errorHandler()
 2 APPPATH/Controllers/Api.php(147): App\Models\Engine->getBillToSynch()
 3 SYSTEMPATH/CodeIgniter.php(896): App\Controllers\Api->postbillpayment()
 4 SYSTEMPATH/CodeIgniter.php(466): CodeIgniter\CodeIgniter->runController()
 5 SYSTEMPATH/CodeIgniter.php(349): CodeIgniter\CodeIgniter->handleRequest()
 6 FCPATH/index.php(57): CodeIgniter\CodeIgniter->run()
CRITICAL - 2024-08-02 22:22:01 --> Undefined variable $payArray
in APPPATH/Models/Engine.php on line 2230.
 1 APPPATH/Models/Engine.php(2230): CodeIgniter\Debug\Exceptions->errorHandler()
 2 APPPATH/Controllers/Api.php(147): App\Models\Engine->getBillToSynch()
 3 SYSTEMPATH/CodeIgniter.php(896): App\Controllers\Api->postbillpayment()
 4 SYSTEMPATH/CodeIgniter.php(466): CodeIgniter\CodeIgniter->runController()
 5 SYSTEMPATH/CodeIgniter.php(349): CodeIgniter\CodeIgniter->handleRequest()
 6 FCPATH/index.php(57): CodeIgniter\CodeIgniter->run()
CRITICAL - 2024-08-02 22:23:01 --> Undefined variable $payArray
in APPPATH/Models/Engine.php on line 2230.
 1 APPPATH/Models/Engine.php(2230): CodeIgniter\Debug\Exceptions->errorHandler()
 2 APPPATH/Controllers/Api.php(147): App\Models\Engine->getBillToSynch()
 3 SYSTEMPATH/CodeIgniter.php(896): App\Controllers\Api->postbillpayment()
 4 SYSTEMPATH/CodeIgniter.php(466): CodeIgniter\CodeIgniter->runController()
 5 SYSTEMPATH/CodeIgniter.php(349): CodeIgniter\CodeIgniter->handleRequest()
 6 FCPATH/index.php(57): CodeIgniter\CodeIgniter->run()
CRITICAL - 2024-08-02 22:24:01 --> Undefined variable $payArray
in APPPATH/Models/Engine.php on line 2230.
 1 APPPATH/Models/Engine.php(2230): CodeIgniter\Debug\Exceptions->errorHandler()
 2 APPPATH/Controllers/Api.php(147): App\Models\Engine->getBillToSynch()
 3 SYSTEMPATH/CodeIgniter.php(896): App\Controllers\Api->postbillpayment()
 4 SYSTEMPATH/CodeIgniter.php(466): CodeIgniter\CodeIgniter->runController()
 5 SYSTEMPATH/CodeIgniter.php(349): CodeIgniter\CodeIgniter->handleRequest()
 6 FCPATH/index.php(57): CodeIgniter\CodeIgniter->run()
CRITICAL - 2024-08-02 22:25:01 --> Undefined variable $payArray
in APPPATH/Models/Engine.php on line 2230.
 1 APPPATH/Models/Engine.php(2230): CodeIgniter\Debug\Exceptions->errorHandler()
 2 APPPATH/Controllers/Api.php(147): App\Models\Engine->getBillToSynch()
 3 SYSTEMPATH/CodeIgniter.php(896): App\Controllers\Api->postbillpayment()
 4 SYSTEMPATH/CodeIgniter.php(466): CodeIgniter\CodeIgniter->runController()
 5 SYSTEMPATH/CodeIgniter.php(349): CodeIgniter\CodeIgniter->handleRequest()
 6 FCPATH/index.php(57): CodeIgniter\CodeIgniter->run()
CRITICAL - 2024-08-02 22:26:01 --> Undefined variable $payArray
in APPPATH/Models/Engine.php on line 2230.
 1 APPPATH/Models/Engine.php(2230): CodeIgniter\Debug\Exceptions->errorHandler()
 2 APPPATH/Controllers/Api.php(147): App\Models\Engine->getBillToSynch()
 3 SYSTEMPATH/CodeIgniter.php(896): App\Controllers\Api->postbillpayment()
 4 SYSTEMPATH/CodeIgniter.php(466): CodeIgniter\CodeIgniter->runController()
 5 SYSTEMPATH/CodeIgniter.php(349): CodeIgniter\CodeIgniter->handleRequest()
 6 FCPATH/index.php(57): CodeIgniter\CodeIgniter->run()
CRITICAL - 2024-08-02 22:27:01 --> Undefined variable $payArray
in APPPATH/Models/Engine.php on line 2230.
 1 APPPATH/Models/Engine.php(2230): CodeIgniter\Debug\Exceptions->errorHandler()
 2 APPPATH/Controllers/Api.php(147): App\Models\Engine->getBillToSynch()
 3 SYSTEMPATH/CodeIgniter.php(896): App\Controllers\Api->postbillpayment()
 4 SYSTEMPATH/CodeIgniter.php(466): CodeIgniter\CodeIgniter->runController()
 5 SYSTEMPATH/CodeIgniter.php(349): CodeIgniter\CodeIgniter->handleRequest()
 6 FCPATH/index.php(57): CodeIgniter\CodeIgniter->run()
CRITICAL - 2024-08-02 22:28:01 --> Undefined variable $payArray
in APPPATH/Models/Engine.php on line 2230.
 1 APPPATH/Models/Engine.php(2230): CodeIgniter\Debug\Exceptions->errorHandler()
 2 APPPATH/Controllers/Api.php(147): App\Models\Engine->getBillToSynch()
 3 SYSTEMPATH/CodeIgniter.php(896): App\Controllers\Api->postbillpayment()
 4 SYSTEMPATH/CodeIgniter.php(466): CodeIgniter\CodeIgniter->runController()
 5 SYSTEMPATH/CodeIgniter.php(349): CodeIgniter\CodeIgniter->handleRequest()
 6 FCPATH/index.php(57): CodeIgniter\CodeIgniter->run()
CRITICAL - 2024-08-02 22:29:02 --> Undefined variable $payArray
in APPPATH/Models/Engine.php on line 2230.
 1 APPPATH/Models/Engine.php(2230): CodeIgniter\Debug\Exceptions->errorHandler()
 2 APPPATH/Controllers/Api.php(147): App\Models\Engine->getBillToSynch()
 3 SYSTEMPATH/CodeIgniter.php(896): App\Controllers\Api->postbillpayment()
 4 SYSTEMPATH/CodeIgniter.php(466): CodeIgniter\CodeIgniter->runController()
 5 SYSTEMPATH/CodeIgniter.php(349): CodeIgniter\CodeIgniter->handleRequest()
 6 FCPATH/index.php(57): CodeIgniter\CodeIgniter->run()
CRITICAL - 2024-08-02 22:30:01 --> Undefined variable $payArray
in APPPATH/Models/Engine.php on line 2230.
 1 APPPATH/Models/Engine.php(2230): CodeIgniter\Debug\Exceptions->errorHandler()
 2 APPPATH/Controllers/Api.php(147): App\Models\Engine->getBillToSynch()
 3 SYSTEMPATH/CodeIgniter.php(896): App\Controllers\Api->postbillpayment()
 4 SYSTEMPATH/CodeIgniter.php(466): CodeIgniter\CodeIgniter->runController()
 5 SYSTEMPATH/CodeIgniter.php(349): CodeIgniter\CodeIgniter->handleRequest()
 6 FCPATH/index.php(57): CodeIgniter\CodeIgniter->run()
CRITICAL - 2024-08-02 22:31:01 --> Undefined variable $payArray
in APPPATH/Models/Engine.php on line 2230.
 1 APPPATH/Models/Engine.php(2230): CodeIgniter\Debug\Exceptions->errorHandler()
 2 APPPATH/Controllers/Api.php(147): App\Models\Engine->getBillToSynch()
 3 SYSTEMPATH/CodeIgniter.php(896): App\Controllers\Api->postbillpayment()
 4 SYSTEMPATH/CodeIgniter.php(466): CodeIgniter\CodeIgniter->runController()
 5 SYSTEMPATH/CodeIgniter.php(349): CodeIgniter\CodeIgniter->handleRequest()
 6 FCPATH/index.php(57): CodeIgniter\CodeIgniter->run()
CRITICAL - 2024-08-02 22:32:01 --> Undefined variable $payArray
in APPPATH/Models/Engine.php on line 2230.
 1 APPPATH/Models/Engine.php(2230): CodeIgniter\Debug\Exceptions->errorHandler()
 2 APPPATH/Controllers/Api.php(147): App\Models\Engine->getBillToSynch()
 3 SYSTEMPATH/CodeIgniter.php(896): App\Controllers\Api->postbillpayment()
 4 SYSTEMPATH/CodeIgniter.php(466): CodeIgniter\CodeIgniter->runController()
 5 SYSTEMPATH/CodeIgniter.php(349): CodeIgniter\CodeIgniter->handleRequest()
 6 FCPATH/index.php(57): CodeIgniter\CodeIgniter->run()
CRITICAL - 2024-08-02 22:33:01 --> Undefined variable $payArray
in APPPATH/Models/Engine.php on line 2230.
 1 APPPATH/Models/Engine.php(2230): CodeIgniter\Debug\Exceptions->errorHandler()
 2 APPPATH/Controllers/Api.php(147): App\Models\Engine->getBillToSynch()
 3 SYSTEMPATH/CodeIgniter.php(896): App\Controllers\Api->postbillpayment()
 4 SYSTEMPATH/CodeIgniter.php(466): CodeIgniter\CodeIgniter->runController()
 5 SYSTEMPATH/CodeIgniter.php(349): CodeIgniter\CodeIgniter->handleRequest()
 6 FCPATH/index.php(57): CodeIgniter\CodeIgniter->run()
CRITICAL - 2024-08-02 22:34:01 --> Undefined variable $payArray
in APPPATH/Models/Engine.php on line 2230.
 1 APPPATH/Models/Engine.php(2230): CodeIgniter\Debug\Exceptions->errorHandler()
 2 APPPATH/Controllers/Api.php(147): App\Models\Engine->getBillToSynch()
 3 SYSTEMPATH/CodeIgniter.php(896): App\Controllers\Api->postbillpayment()
 4 SYSTEMPATH/CodeIgniter.php(466): CodeIgniter\CodeIgniter->runController()
 5 SYSTEMPATH/CodeIgniter.php(349): CodeIgniter\CodeIgniter->handleRequest()
 6 FCPATH/index.php(57): CodeIgniter\CodeIgniter->run()
CRITICAL - 2024-08-02 22:35:01 --> Undefined variable $payArray
in APPPATH/Models/Engine.php on line 2230.
 1 APPPATH/Models/Engine.php(2230): CodeIgniter\Debug\Exceptions->errorHandler()
 2 APPPATH/Controllers/Api.php(147): App\Models\Engine->getBillToSynch()
 3 SYSTEMPATH/CodeIgniter.php(896): App\Controllers\Api->postbillpayment()
 4 SYSTEMPATH/CodeIgniter.php(466): CodeIgniter\CodeIgniter->runController()
 5 SYSTEMPATH/CodeIgniter.php(349): CodeIgniter\CodeIgniter->handleRequest()
 6 FCPATH/index.php(57): CodeIgniter\CodeIgniter->run()
CRITICAL - 2024-08-02 22:36:01 --> Undefined variable $payArray
in APPPATH/Models/Engine.php on line 2230.
 1 APPPATH/Models/Engine.php(2230): CodeIgniter\Debug\Exceptions->errorHandler()
 2 APPPATH/Controllers/Api.php(147): App\Models\Engine->getBillToSynch()
 3 SYSTEMPATH/CodeIgniter.php(896): App\Controllers\Api->postbillpayment()
 4 SYSTEMPATH/CodeIgniter.php(466): CodeIgniter\CodeIgniter->runController()
 5 SYSTEMPATH/CodeIgniter.php(349): CodeIgniter\CodeIgniter->handleRequest()
 6 FCPATH/index.php(57): CodeIgniter\CodeIgniter->run()
CRITICAL - 2024-08-02 22:37:01 --> Undefined variable $payArray
in APPPATH/Models/Engine.php on line 2230.
 1 APPPATH/Models/Engine.php(2230): CodeIgniter\Debug\Exceptions->errorHandler()
 2 APPPATH/Controllers/Api.php(147): App\Models\Engine->getBillToSynch()
 3 SYSTEMPATH/CodeIgniter.php(896): App\Controllers\Api->postbillpayment()
 4 SYSTEMPATH/CodeIgniter.php(466): CodeIgniter\CodeIgniter->runController()
 5 SYSTEMPATH/CodeIgniter.php(349): CodeIgniter\CodeIgniter->handleRequest()
 6 FCPATH/index.php(57): CodeIgniter\CodeIgniter->run()
CRITICAL - 2024-08-02 22:38:01 --> Undefined variable $payArray
in APPPATH/Models/Engine.php on line 2230.
 1 APPPATH/Models/Engine.php(2230): CodeIgniter\Debug\Exceptions->errorHandler()
 2 APPPATH/Controllers/Api.php(147): App\Models\Engine->getBillToSynch()
 3 SYSTEMPATH/CodeIgniter.php(896): App\Controllers\Api->postbillpayment()
 4 SYSTEMPATH/CodeIgniter.php(466): CodeIgniter\CodeIgniter->runController()
 5 SYSTEMPATH/CodeIgniter.php(349): CodeIgniter\CodeIgniter->handleRequest()
 6 FCPATH/index.php(57): CodeIgniter\CodeIgniter->run()
CRITICAL - 2024-08-02 22:39:01 --> Undefined variable $payArray
in APPPATH/Models/Engine.php on line 2230.
 1 APPPATH/Models/Engine.php(2230): CodeIgniter\Debug\Exceptions->errorHandler()
 2 APPPATH/Controllers/Api.php(147): App\Models\Engine->getBillToSynch()
 3 SYSTEMPATH/CodeIgniter.php(896): App\Controllers\Api->postbillpayment()
 4 SYSTEMPATH/CodeIgniter.php(466): CodeIgniter\CodeIgniter->runController()
 5 SYSTEMPATH/CodeIgniter.php(349): CodeIgniter\CodeIgniter->handleRequest()
 6 FCPATH/index.php(57): CodeIgniter\CodeIgniter->run()
CRITICAL - 2024-08-02 22:40:01 --> Undefined variable $payArray
in APPPATH/Models/Engine.php on line 2230.
 1 APPPATH/Models/Engine.php(2230): CodeIgniter\Debug\Exceptions->errorHandler()
 2 APPPATH/Controllers/Api.php(147): App\Models\Engine->getBillToSynch()
 3 SYSTEMPATH/CodeIgniter.php(896): App\Controllers\Api->postbillpayment()
 4 SYSTEMPATH/CodeIgniter.php(466): CodeIgniter\CodeIgniter->runController()
 5 SYSTEMPATH/CodeIgniter.php(349): CodeIgniter\CodeIgniter->handleRequest()
 6 FCPATH/index.php(57): CodeIgniter\CodeIgniter->run()
CRITICAL - 2024-08-02 22:41:01 --> Undefined variable $payArray
in APPPATH/Models/Engine.php on line 2230.
 1 APPPATH/Models/Engine.php(2230): CodeIgniter\Debug\Exceptions->errorHandler()
 2 APPPATH/Controllers/Api.php(147): App\Models\Engine->getBillToSynch()
 3 SYSTEMPATH/CodeIgniter.php(896): App\Controllers\Api->postbillpayment()
 4 SYSTEMPATH/CodeIgniter.php(466): CodeIgniter\CodeIgniter->runController()
 5 SYSTEMPATH/CodeIgniter.php(349): CodeIgniter\CodeIgniter->handleRequest()
 6 FCPATH/index.php(57): CodeIgniter\CodeIgniter->run()
CRITICAL - 2024-08-02 22:42:01 --> Undefined variable $payArray
in APPPATH/Models/Engine.php on line 2230.
 1 APPPATH/Models/Engine.php(2230): CodeIgniter\Debug\Exceptions->errorHandler()
 2 APPPATH/Controllers/Api.php(147): App\Models\Engine->getBillToSynch()
 3 SYSTEMPATH/CodeIgniter.php(896): App\Controllers\Api->postbillpayment()
 4 SYSTEMPATH/CodeIgniter.php(466): CodeIgniter\CodeIgniter->runController()
 5 SYSTEMPATH/CodeIgniter.php(349): CodeIgniter\CodeIgniter->handleRequest()
 6 FCPATH/index.php(57): CodeIgniter\CodeIgniter->run()
CRITICAL - 2024-08-02 22:43:01 --> Undefined variable $payArray
in APPPATH/Models/Engine.php on line 2230.
 1 APPPATH/Models/Engine.php(2230): CodeIgniter\Debug\Exceptions->errorHandler()
 2 APPPATH/Controllers/Api.php(147): App\Models\Engine->getBillToSynch()
 3 SYSTEMPATH/CodeIgniter.php(896): App\Controllers\Api->postbillpayment()
 4 SYSTEMPATH/CodeIgniter.php(466): CodeIgniter\CodeIgniter->runController()
 5 SYSTEMPATH/CodeIgniter.php(349): CodeIgniter\CodeIgniter->handleRequest()
 6 FCPATH/index.php(57): CodeIgniter\CodeIgniter->run()
CRITICAL - 2024-08-02 22:44:01 --> Undefined variable $payArray
in APPPATH/Models/Engine.php on line 2230.
 1 APPPATH/Models/Engine.php(2230): CodeIgniter\Debug\Exceptions->errorHandler()
 2 APPPATH/Controllers/Api.php(147): App\Models\Engine->getBillToSynch()
 3 SYSTEMPATH/CodeIgniter.php(896): App\Controllers\Api->postbillpayment()
 4 SYSTEMPATH/CodeIgniter.php(466): CodeIgniter\CodeIgniter->runController()
 5 SYSTEMPATH/CodeIgniter.php(349): CodeIgniter\CodeIgniter->handleRequest()
 6 FCPATH/index.php(57): CodeIgniter\CodeIgniter->run()
CRITICAL - 2024-08-02 22:45:01 --> Undefined variable $payArray
in APPPATH/Models/Engine.php on line 2230.
 1 APPPATH/Models/Engine.php(2230): CodeIgniter\Debug\Exceptions->errorHandler()
 2 APPPATH/Controllers/Api.php(147): App\Models\Engine->getBillToSynch()
 3 SYSTEMPATH/CodeIgniter.php(896): App\Controllers\Api->postbillpayment()
 4 SYSTEMPATH/CodeIgniter.php(466): CodeIgniter\CodeIgniter->runController()
 5 SYSTEMPATH/CodeIgniter.php(349): CodeIgniter\CodeIgniter->handleRequest()
 6 FCPATH/index.php(57): CodeIgniter\CodeIgniter->run()
CRITICAL - 2024-08-02 22:46:02 --> Undefined variable $payArray
in APPPATH/Models/Engine.php on line 2230.
 1 APPPATH/Models/Engine.php(2230): CodeIgniter\Debug\Exceptions->errorHandler()
 2 APPPATH/Controllers/Api.php(147): App\Models\Engine->getBillToSynch()
 3 SYSTEMPATH/CodeIgniter.php(896): App\Controllers\Api->postbillpayment()
 4 SYSTEMPATH/CodeIgniter.php(466): CodeIgniter\CodeIgniter->runController()
 5 SYSTEMPATH/CodeIgniter.php(349): CodeIgniter\CodeIgniter->handleRequest()
 6 FCPATH/index.php(57): CodeIgniter\CodeIgniter->run()
CRITICAL - 2024-08-02 22:47:01 --> Undefined variable $payArray
in APPPATH/Models/Engine.php on line 2230.
 1 APPPATH/Models/Engine.php(2230): CodeIgniter\Debug\Exceptions->errorHandler()
 2 APPPATH/Controllers/Api.php(147): App\Models\Engine->getBillToSynch()
 3 SYSTEMPATH/CodeIgniter.php(896): App\Controllers\Api->postbillpayment()
 4 SYSTEMPATH/CodeIgniter.php(466): CodeIgniter\CodeIgniter->runController()
 5 SYSTEMPATH/CodeIgniter.php(349): CodeIgniter\CodeIgniter->handleRequest()
 6 FCPATH/index.php(57): CodeIgniter\CodeIgniter->run()
CRITICAL - 2024-08-02 22:48:01 --> Undefined variable $payArray
in APPPATH/Models/Engine.php on line 2230.
 1 APPPATH/Models/Engine.php(2230): CodeIgniter\Debug\Exceptions->errorHandler()
 2 APPPATH/Controllers/Api.php(147): App\Models\Engine->getBillToSynch()
 3 SYSTEMPATH/CodeIgniter.php(896): App\Controllers\Api->postbillpayment()
 4 SYSTEMPATH/CodeIgniter.php(466): CodeIgniter\CodeIgniter->runController()
 5 SYSTEMPATH/CodeIgniter.php(349): CodeIgniter\CodeIgniter->handleRequest()
 6 FCPATH/index.php(57): CodeIgniter\CodeIgniter->run()
CRITICAL - 2024-08-02 22:49:01 --> Undefined variable $payArray
in APPPATH/Models/Engine.php on line 2230.
 1 APPPATH/Models/Engine.php(2230): CodeIgniter\Debug\Exceptions->errorHandler()
 2 APPPATH/Controllers/Api.php(147): App\Models\Engine->getBillToSynch()
 3 SYSTEMPATH/CodeIgniter.php(896): App\Controllers\Api->postbillpayment()
 4 SYSTEMPATH/CodeIgniter.php(466): CodeIgniter\CodeIgniter->runController()
 5 SYSTEMPATH/CodeIgniter.php(349): CodeIgniter\CodeIgniter->handleRequest()
 6 FCPATH/index.php(57): CodeIgniter\CodeIgniter->run()
CRITICAL - 2024-08-02 22:50:01 --> Undefined variable $payArray
in APPPATH/Models/Engine.php on line 2230.
 1 APPPATH/Models/Engine.php(2230): CodeIgniter\Debug\Exceptions->errorHandler()
 2 APPPATH/Controllers/Api.php(147): App\Models\Engine->getBillToSynch()
 3 SYSTEMPATH/CodeIgniter.php(896): App\Controllers\Api->postbillpayment()
 4 SYSTEMPATH/CodeIgniter.php(466): CodeIgniter\CodeIgniter->runController()
 5 SYSTEMPATH/CodeIgniter.php(349): CodeIgniter\CodeIgniter->handleRequest()
 6 FCPATH/index.php(57): CodeIgniter\CodeIgniter->run()
CRITICAL - 2024-08-02 22:51:01 --> Undefined variable $payArray
in APPPATH/Models/Engine.php on line 2230.
 1 APPPATH/Models/Engine.php(2230): CodeIgniter\Debug\Exceptions->errorHandler()
 2 APPPATH/Controllers/Api.php(147): App\Models\Engine->getBillToSynch()
 3 SYSTEMPATH/CodeIgniter.php(896): App\Controllers\Api->postbillpayment()
 4 SYSTEMPATH/CodeIgniter.php(466): CodeIgniter\CodeIgniter->runController()
 5 SYSTEMPATH/CodeIgniter.php(349): CodeIgniter\CodeIgniter->handleRequest()
 6 FCPATH/index.php(57): CodeIgniter\CodeIgniter->run()
CRITICAL - 2024-08-02 22:52:01 --> Undefined variable $payArray
in APPPATH/Models/Engine.php on line 2230.
 1 APPPATH/Models/Engine.php(2230): CodeIgniter\Debug\Exceptions->errorHandler()
 2 APPPATH/Controllers/Api.php(147): App\Models\Engine->getBillToSynch()
 3 SYSTEMPATH/CodeIgniter.php(896): App\Controllers\Api->postbillpayment()
 4 SYSTEMPATH/CodeIgniter.php(466): CodeIgniter\CodeIgniter->runController()
 5 SYSTEMPATH/CodeIgniter.php(349): CodeIgniter\CodeIgniter->handleRequest()
 6 FCPATH/index.php(57): CodeIgniter\CodeIgniter->run()
CRITICAL - 2024-08-02 22:53:01 --> Undefined variable $payArray
in APPPATH/Models/Engine.php on line 2230.
 1 APPPATH/Models/Engine.php(2230): CodeIgniter\Debug\Exceptions->errorHandler()
 2 APPPATH/Controllers/Api.php(147): App\Models\Engine->getBillToSynch()
 3 SYSTEMPATH/CodeIgniter.php(896): App\Controllers\Api->postbillpayment()
 4 SYSTEMPATH/CodeIgniter.php(466): CodeIgniter\CodeIgniter->runController()
 5 SYSTEMPATH/CodeIgniter.php(349): CodeIgniter\CodeIgniter->handleRequest()
 6 FCPATH/index.php(57): CodeIgniter\CodeIgniter->run()
CRITICAL - 2024-08-02 22:54:07 --> Undefined variable $payArray
in APPPATH/Models/Engine.php on line 2230.
 1 APPPATH/Models/Engine.php(2230): CodeIgniter\Debug\Exceptions->errorHandler()
 2 APPPATH/Controllers/Api.php(147): App\Models\Engine->getBillToSynch()
 3 SYSTEMPATH/CodeIgniter.php(896): App\Controllers\Api->postbillpayment()
 4 SYSTEMPATH/CodeIgniter.php(466): CodeIgniter\CodeIgniter->runController()
 5 SYSTEMPATH/CodeIgniter.php(349): CodeIgniter\CodeIgniter->handleRequest()
 6 FCPATH/index.php(57): CodeIgniter\CodeIgniter->run()
CRITICAL - 2024-08-02 22:55:07 --> Undefined variable $payArray
in APPPATH/Models/Engine.php on line 2230.
 1 APPPATH/Models/Engine.php(2230): CodeIgniter\Debug\Exceptions->errorHandler()
 2 APPPATH/Controllers/Api.php(147): App\Models\Engine->getBillToSynch()
 3 SYSTEMPATH/CodeIgniter.php(896): App\Controllers\Api->postbillpayment()
 4 SYSTEMPATH/CodeIgniter.php(466): CodeIgniter\CodeIgniter->runController()
 5 SYSTEMPATH/CodeIgniter.php(349): CodeIgniter\CodeIgniter->handleRequest()
 6 FCPATH/index.php(57): CodeIgniter\CodeIgniter->run()
CRITICAL - 2024-08-02 22:56:07 --> Undefined variable $payArray
in APPPATH/Models/Engine.php on line 2230.
 1 APPPATH/Models/Engine.php(2230): CodeIgniter\Debug\Exceptions->errorHandler()
 2 APPPATH/Controllers/Api.php(147): App\Models\Engine->getBillToSynch()
 3 SYSTEMPATH/CodeIgniter.php(896): App\Controllers\Api->postbillpayment()
 4 SYSTEMPATH/CodeIgniter.php(466): CodeIgniter\CodeIgniter->runController()
 5 SYSTEMPATH/CodeIgniter.php(349): CodeIgniter\CodeIgniter->handleRequest()
 6 FCPATH/index.php(57): CodeIgniter\CodeIgniter->run()
CRITICAL - 2024-08-02 22:57:03 --> Undefined variable $payArray
in APPPATH/Models/Engine.php on line 2230.
 1 APPPATH/Models/Engine.php(2230): CodeIgniter\Debug\Exceptions->errorHandler()
 2 APPPATH/Controllers/Api.php(147): App\Models\Engine->getBillToSynch()
 3 SYSTEMPATH/CodeIgniter.php(896): App\Controllers\Api->postbillpayment()
 4 SYSTEMPATH/CodeIgniter.php(466): CodeIgniter\CodeIgniter->runController()
 5 SYSTEMPATH/CodeIgniter.php(349): CodeIgniter\CodeIgniter->handleRequest()
 6 FCPATH/index.php(57): CodeIgniter\CodeIgniter->run()
CRITICAL - 2024-08-02 22:58:01 --> Undefined variable $payArray
in APPPATH/Models/Engine.php on line 2230.
 1 APPPATH/Models/Engine.php(2230): CodeIgniter\Debug\Exceptions->errorHandler()
 2 APPPATH/Controllers/Api.php(147): App\Models\Engine->getBillToSynch()
 3 SYSTEMPATH/CodeIgniter.php(896): App\Controllers\Api->postbillpayment()
 4 SYSTEMPATH/CodeIgniter.php(466): CodeIgniter\CodeIgniter->runController()
 5 SYSTEMPATH/CodeIgniter.php(349): CodeIgniter\CodeIgniter->handleRequest()
 6 FCPATH/index.php(57): CodeIgniter\CodeIgniter->run()
CRITICAL - 2024-08-02 22:59:01 --> Undefined variable $payArray
in APPPATH/Models/Engine.php on line 2230.
 1 APPPATH/Models/Engine.php(2230): CodeIgniter\Debug\Exceptions->errorHandler()
 2 APPPATH/Controllers/Api.php(147): App\Models\Engine->getBillToSynch()
 3 SYSTEMPATH/CodeIgniter.php(896): App\Controllers\Api->postbillpayment()
 4 SYSTEMPATH/CodeIgniter.php(466): CodeIgniter\CodeIgniter->runController()
 5 SYSTEMPATH/CodeIgniter.php(349): CodeIgniter\CodeIgniter->handleRequest()
 6 FCPATH/index.php(57): CodeIgniter\CodeIgniter->run()
CRITICAL - 2024-08-02 23:00:01 --> Undefined variable $payArray
in APPPATH/Models/Engine.php on line 2230.
 1 APPPATH/Models/Engine.php(2230): CodeIgniter\Debug\Exceptions->errorHandler()
 2 APPPATH/Controllers/Api.php(147): App\Models\Engine->getBillToSynch()
 3 SYSTEMPATH/CodeIgniter.php(896): App\Controllers\Api->postbillpayment()
 4 SYSTEMPATH/CodeIgniter.php(466): CodeIgniter\CodeIgniter->runController()
 5 SYSTEMPATH/CodeIgniter.php(349): CodeIgniter\CodeIgniter->handleRequest()
 6 FCPATH/index.php(57): CodeIgniter\CodeIgniter->run()
CRITICAL - 2024-08-02 23:01:01 --> Undefined variable $payArray
in APPPATH/Models/Engine.php on line 2230.
 1 APPPATH/Models/Engine.php(2230): CodeIgniter\Debug\Exceptions->errorHandler()
 2 APPPATH/Controllers/Api.php(147): App\Models\Engine->getBillToSynch()
 3 SYSTEMPATH/CodeIgniter.php(896): App\Controllers\Api->postbillpayment()
 4 SYSTEMPATH/CodeIgniter.php(466): CodeIgniter\CodeIgniter->runController()
 5 SYSTEMPATH/CodeIgniter.php(349): CodeIgniter\CodeIgniter->handleRequest()
 6 FCPATH/index.php(57): CodeIgniter\CodeIgniter->run()
CRITICAL - 2024-08-02 23:02:01 --> Undefined variable $payArray
in APPPATH/Models/Engine.php on line 2230.
 1 APPPATH/Models/Engine.php(2230): CodeIgniter\Debug\Exceptions->errorHandler()
 2 APPPATH/Controllers/Api.php(147): App\Models\Engine->getBillToSynch()
 3 SYSTEMPATH/CodeIgniter.php(896): App\Controllers\Api->postbillpayment()
 4 SYSTEMPATH/CodeIgniter.php(466): CodeIgniter\CodeIgniter->runController()
 5 SYSTEMPATH/CodeIgniter.php(349): CodeIgniter\CodeIgniter->handleRequest()
 6 FCPATH/index.php(57): CodeIgniter\CodeIgniter->run()
CRITICAL - 2024-08-02 23:03:01 --> Undefined variable $payArray
in APPPATH/Models/Engine.php on line 2230.
 1 APPPATH/Models/Engine.php(2230): CodeIgniter\Debug\Exceptions->errorHandler()
 2 APPPATH/Controllers/Api.php(147): App\Models\Engine->getBillToSynch()
 3 SYSTEMPATH/CodeIgniter.php(896): App\Controllers\Api->postbillpayment()
 4 SYSTEMPATH/CodeIgniter.php(466): CodeIgniter\CodeIgniter->runController()
 5 SYSTEMPATH/CodeIgniter.php(349): CodeIgniter\CodeIgniter->handleRequest()
 6 FCPATH/index.php(57): CodeIgniter\CodeIgniter->run()
CRITICAL - 2024-08-02 23:04:01 --> Undefined variable $payArray
in APPPATH/Models/Engine.php on line 2230.
 1 APPPATH/Models/Engine.php(2230): CodeIgniter\Debug\Exceptions->errorHandler()
 2 APPPATH/Controllers/Api.php(147): App\Models\Engine->getBillToSynch()
 3 SYSTEMPATH/CodeIgniter.php(896): App\Controllers\Api->postbillpayment()
 4 SYSTEMPATH/CodeIgniter.php(466): CodeIgniter\CodeIgniter->runController()
 5 SYSTEMPATH/CodeIgniter.php(349): CodeIgniter\CodeIgniter->handleRequest()
 6 FCPATH/index.php(57): CodeIgniter\CodeIgniter->run()
CRITICAL - 2024-08-02 23:05:01 --> Undefined variable $payArray
in APPPATH/Models/Engine.php on line 2230.
 1 APPPATH/Models/Engine.php(2230): CodeIgniter\Debug\Exceptions->errorHandler()
 2 APPPATH/Controllers/Api.php(147): App\Models\Engine->getBillToSynch()
 3 SYSTEMPATH/CodeIgniter.php(896): App\Controllers\Api->postbillpayment()
 4 SYSTEMPATH/CodeIgniter.php(466): CodeIgniter\CodeIgniter->runController()
 5 SYSTEMPATH/CodeIgniter.php(349): CodeIgniter\CodeIgniter->handleRequest()
 6 FCPATH/index.php(57): CodeIgniter\CodeIgniter->run()
CRITICAL - 2024-08-02 23:06:01 --> Undefined variable $payArray
in APPPATH/Models/Engine.php on line 2230.
 1 APPPATH/Models/Engine.php(2230): CodeIgniter\Debug\Exceptions->errorHandler()
 2 APPPATH/Controllers/Api.php(147): App\Models\Engine->getBillToSynch()
 3 SYSTEMPATH/CodeIgniter.php(896): App\Controllers\Api->postbillpayment()
 4 SYSTEMPATH/CodeIgniter.php(466): CodeIgniter\CodeIgniter->runController()
 5 SYSTEMPATH/CodeIgniter.php(349): CodeIgniter\CodeIgniter->handleRequest()
 6 FCPATH/index.php(57): CodeIgniter\CodeIgniter->run()
CRITICAL - 2024-08-02 23:07:01 --> Undefined variable $payArray
in APPPATH/Models/Engine.php on line 2230.
 1 APPPATH/Models/Engine.php(2230): CodeIgniter\Debug\Exceptions->errorHandler()
 2 APPPATH/Controllers/Api.php(147): App\Models\Engine->getBillToSynch()
 3 SYSTEMPATH/CodeIgniter.php(896): App\Controllers\Api->postbillpayment()
 4 SYSTEMPATH/CodeIgniter.php(466): CodeIgniter\CodeIgniter->runController()
 5 SYSTEMPATH/CodeIgniter.php(349): CodeIgniter\CodeIgniter->handleRequest()
 6 FCPATH/index.php(57): CodeIgniter\CodeIgniter->run()
CRITICAL - 2024-08-02 23:08:01 --> Undefined variable $payArray
in APPPATH/Models/Engine.php on line 2230.
 1 APPPATH/Models/Engine.php(2230): CodeIgniter\Debug\Exceptions->errorHandler()
 2 APPPATH/Controllers/Api.php(147): App\Models\Engine->getBillToSynch()
 3 SYSTEMPATH/CodeIgniter.php(896): App\Controllers\Api->postbillpayment()
 4 SYSTEMPATH/CodeIgniter.php(466): CodeIgniter\CodeIgniter->runController()
 5 SYSTEMPATH/CodeIgniter.php(349): CodeIgniter\CodeIgniter->handleRequest()
 6 FCPATH/index.php(57): CodeIgniter\CodeIgniter->run()
CRITICAL - 2024-08-02 23:09:01 --> Undefined variable $payArray
in APPPATH/Models/Engine.php on line 2230.
 1 APPPATH/Models/Engine.php(2230): CodeIgniter\Debug\Exceptions->errorHandler()
 2 APPPATH/Controllers/Api.php(147): App\Models\Engine->getBillToSynch()
 3 SYSTEMPATH/CodeIgniter.php(896): App\Controllers\Api->postbillpayment()
 4 SYSTEMPATH/CodeIgniter.php(466): CodeIgniter\CodeIgniter->runController()
 5 SYSTEMPATH/CodeIgniter.php(349): CodeIgniter\CodeIgniter->handleRequest()
 6 FCPATH/index.php(57): CodeIgniter\CodeIgniter->run()
CRITICAL - 2024-08-02 23:10:01 --> Undefined variable $payArray
in APPPATH/Models/Engine.php on line 2230.
 1 APPPATH/Models/Engine.php(2230): CodeIgniter\Debug\Exceptions->errorHandler()
 2 APPPATH/Controllers/Api.php(147): App\Models\Engine->getBillToSynch()
 3 SYSTEMPATH/CodeIgniter.php(896): App\Controllers\Api->postbillpayment()
 4 SYSTEMPATH/CodeIgniter.php(466): CodeIgniter\CodeIgniter->runController()
 5 SYSTEMPATH/CodeIgniter.php(349): CodeIgniter\CodeIgniter->handleRequest()
 6 FCPATH/index.php(57): CodeIgniter\CodeIgniter->run()
CRITICAL - 2024-08-02 23:11:02 --> Undefined variable $payArray
in APPPATH/Models/Engine.php on line 2230.
 1 APPPATH/Models/Engine.php(2230): CodeIgniter\Debug\Exceptions->errorHandler()
 2 APPPATH/Controllers/Api.php(147): App\Models\Engine->getBillToSynch()
 3 SYSTEMPATH/CodeIgniter.php(896): App\Controllers\Api->postbillpayment()
 4 SYSTEMPATH/CodeIgniter.php(466): CodeIgniter\CodeIgniter->runController()
 5 SYSTEMPATH/CodeIgniter.php(349): CodeIgniter\CodeIgniter->handleRequest()
 6 FCPATH/index.php(57): CodeIgniter\CodeIgniter->run()
CRITICAL - 2024-08-02 23:12:01 --> Undefined variable $payArray
in APPPATH/Models/Engine.php on line 2230.
 1 APPPATH/Models/Engine.php(2230): CodeIgniter\Debug\Exceptions->errorHandler()
 2 APPPATH/Controllers/Api.php(147): App\Models\Engine->getBillToSynch()
 3 SYSTEMPATH/CodeIgniter.php(896): App\Controllers\Api->postbillpayment()
 4 SYSTEMPATH/CodeIgniter.php(466): CodeIgniter\CodeIgniter->runController()
 5 SYSTEMPATH/CodeIgniter.php(349): CodeIgniter\CodeIgniter->handleRequest()
 6 FCPATH/index.php(57): CodeIgniter\CodeIgniter->run()
CRITICAL - 2024-08-02 23:13:01 --> Undefined variable $payArray
in APPPATH/Models/Engine.php on line 2230.
 1 APPPATH/Models/Engine.php(2230): CodeIgniter\Debug\Exceptions->errorHandler()
 2 APPPATH/Controllers/Api.php(147): App\Models\Engine->getBillToSynch()
 3 SYSTEMPATH/CodeIgniter.php(896): App\Controllers\Api->postbillpayment()
 4 SYSTEMPATH/CodeIgniter.php(466): CodeIgniter\CodeIgniter->runController()
 5 SYSTEMPATH/CodeIgniter.php(349): CodeIgniter\CodeIgniter->handleRequest()
 6 FCPATH/index.php(57): CodeIgniter\CodeIgniter->run()
CRITICAL - 2024-08-02 23:14:01 --> Undefined variable $payArray
in APPPATH/Models/Engine.php on line 2230.
 1 APPPATH/Models/Engine.php(2230): CodeIgniter\Debug\Exceptions->errorHandler()
 2 APPPATH/Controllers/Api.php(147): App\Models\Engine->getBillToSynch()
 3 SYSTEMPATH/CodeIgniter.php(896): App\Controllers\Api->postbillpayment()
 4 SYSTEMPATH/CodeIgniter.php(466): CodeIgniter\CodeIgniter->runController()
 5 SYSTEMPATH/CodeIgniter.php(349): CodeIgniter\CodeIgniter->handleRequest()
 6 FCPATH/index.php(57): CodeIgniter\CodeIgniter->run()
CRITICAL - 2024-08-02 23:15:01 --> Undefined variable $payArray
in APPPATH/Models/Engine.php on line 2230.
 1 APPPATH/Models/Engine.php(2230): CodeIgniter\Debug\Exceptions->errorHandler()
 2 APPPATH/Controllers/Api.php(147): App\Models\Engine->getBillToSynch()
 3 SYSTEMPATH/CodeIgniter.php(896): App\Controllers\Api->postbillpayment()
 4 SYSTEMPATH/CodeIgniter.php(466): CodeIgniter\CodeIgniter->runController()
 5 SYSTEMPATH/CodeIgniter.php(349): CodeIgniter\CodeIgniter->handleRequest()
 6 FCPATH/index.php(57): CodeIgniter\CodeIgniter->run()
CRITICAL - 2024-08-02 23:16:01 --> Undefined variable $payArray
in APPPATH/Models/Engine.php on line 2230.
 1 APPPATH/Models/Engine.php(2230): CodeIgniter\Debug\Exceptions->errorHandler()
 2 APPPATH/Controllers/Api.php(147): App\Models\Engine->getBillToSynch()
 3 SYSTEMPATH/CodeIgniter.php(896): App\Controllers\Api->postbillpayment()
 4 SYSTEMPATH/CodeIgniter.php(466): CodeIgniter\CodeIgniter->runController()
 5 SYSTEMPATH/CodeIgniter.php(349): CodeIgniter\CodeIgniter->handleRequest()
 6 FCPATH/index.php(57): CodeIgniter\CodeIgniter->run()
CRITICAL - 2024-08-02 23:17:01 --> Undefined variable $payArray
in APPPATH/Models/Engine.php on line 2230.
 1 APPPATH/Models/Engine.php(2230): CodeIgniter\Debug\Exceptions->errorHandler()
 2 APPPATH/Controllers/Api.php(147): App\Models\Engine->getBillToSynch()
 3 SYSTEMPATH/CodeIgniter.php(896): App\Controllers\Api->postbillpayment()
 4 SYSTEMPATH/CodeIgniter.php(466): CodeIgniter\CodeIgniter->runController()
 5 SYSTEMPATH/CodeIgniter.php(349): CodeIgniter\CodeIgniter->handleRequest()
 6 FCPATH/index.php(57): CodeIgniter\CodeIgniter->run()
CRITICAL - 2024-08-02 23:18:01 --> Undefined variable $payArray
in APPPATH/Models/Engine.php on line 2230.
 1 APPPATH/Models/Engine.php(2230): CodeIgniter\Debug\Exceptions->errorHandler()
 2 APPPATH/Controllers/Api.php(147): App\Models\Engine->getBillToSynch()
 3 SYSTEMPATH/CodeIgniter.php(896): App\Controllers\Api->postbillpayment()
 4 SYSTEMPATH/CodeIgniter.php(466): CodeIgniter\CodeIgniter->runController()
 5 SYSTEMPATH/CodeIgniter.php(349): CodeIgniter\CodeIgniter->handleRequest()
 6 FCPATH/index.php(57): CodeIgniter\CodeIgniter->run()
CRITICAL - 2024-08-02 23:19:01 --> Undefined variable $payArray
in APPPATH/Models/Engine.php on line 2230.
 1 APPPATH/Models/Engine.php(2230): CodeIgniter\Debug\Exceptions->errorHandler()
 2 APPPATH/Controllers/Api.php(147): App\Models\Engine->getBillToSynch()
 3 SYSTEMPATH/CodeIgniter.php(896): App\Controllers\Api->postbillpayment()
 4 SYSTEMPATH/CodeIgniter.php(466): CodeIgniter\CodeIgniter->runController()
 5 SYSTEMPATH/CodeIgniter.php(349): CodeIgniter\CodeIgniter->handleRequest()
 6 FCPATH/index.php(57): CodeIgniter\CodeIgniter->run()
CRITICAL - 2024-08-02 23:20:01 --> Undefined variable $payArray
in APPPATH/Models/Engine.php on line 2230.
 1 APPPATH/Models/Engine.php(2230): CodeIgniter\Debug\Exceptions->errorHandler()
 2 APPPATH/Controllers/Api.php(147): App\Models\Engine->getBillToSynch()
 3 SYSTEMPATH/CodeIgniter.php(896): App\Controllers\Api->postbillpayment()
 4 SYSTEMPATH/CodeIgniter.php(466): CodeIgniter\CodeIgniter->runController()
 5 SYSTEMPATH/CodeIgniter.php(349): CodeIgniter\CodeIgniter->handleRequest()
 6 FCPATH/index.php(57): CodeIgniter\CodeIgniter->run()
CRITICAL - 2024-08-02 23:21:01 --> Undefined variable $payArray
in APPPATH/Models/Engine.php on line 2230.
 1 APPPATH/Models/Engine.php(2230): CodeIgniter\Debug\Exceptions->errorHandler()
 2 APPPATH/Controllers/Api.php(147): App\Models\Engine->getBillToSynch()
 3 SYSTEMPATH/CodeIgniter.php(896): App\Controllers\Api->postbillpayment()
 4 SYSTEMPATH/CodeIgniter.php(466): CodeIgniter\CodeIgniter->runController()
 5 SYSTEMPATH/CodeIgniter.php(349): CodeIgniter\CodeIgniter->handleRequest()
 6 FCPATH/index.php(57): CodeIgniter\CodeIgniter->run()
CRITICAL - 2024-08-02 23:22:01 --> Undefined variable $payArray
in APPPATH/Models/Engine.php on line 2230.
 1 APPPATH/Models/Engine.php(2230): CodeIgniter\Debug\Exceptions->errorHandler()
 2 APPPATH/Controllers/Api.php(147): App\Models\Engine->getBillToSynch()
 3 SYSTEMPATH/CodeIgniter.php(896): App\Controllers\Api->postbillpayment()
 4 SYSTEMPATH/CodeIgniter.php(466): CodeIgniter\CodeIgniter->runController()
 5 SYSTEMPATH/CodeIgniter.php(349): CodeIgniter\CodeIgniter->handleRequest()
 6 FCPATH/index.php(57): CodeIgniter\CodeIgniter->run()
CRITICAL - 2024-08-02 23:23:01 --> Undefined variable $payArray
in APPPATH/Models/Engine.php on line 2230.
 1 APPPATH/Models/Engine.php(2230): CodeIgniter\Debug\Exceptions->errorHandler()
 2 APPPATH/Controllers/Api.php(147): App\Models\Engine->getBillToSynch()
 3 SYSTEMPATH/CodeIgniter.php(896): App\Controllers\Api->postbillpayment()
 4 SYSTEMPATH/CodeIgniter.php(466): CodeIgniter\CodeIgniter->runController()
 5 SYSTEMPATH/CodeIgniter.php(349): CodeIgniter\CodeIgniter->handleRequest()
 6 FCPATH/index.php(57): CodeIgniter\CodeIgniter->run()
CRITICAL - 2024-08-02 23:24:01 --> Undefined variable $payArray
in APPPATH/Models/Engine.php on line 2230.
 1 APPPATH/Models/Engine.php(2230): CodeIgniter\Debug\Exceptions->errorHandler()
 2 APPPATH/Controllers/Api.php(147): App\Models\Engine->getBillToSynch()
 3 SYSTEMPATH/CodeIgniter.php(896): App\Controllers\Api->postbillpayment()
 4 SYSTEMPATH/CodeIgniter.php(466): CodeIgniter\CodeIgniter->runController()
 5 SYSTEMPATH/CodeIgniter.php(349): CodeIgniter\CodeIgniter->handleRequest()
 6 FCPATH/index.php(57): CodeIgniter\CodeIgniter->run()
CRITICAL - 2024-08-02 23:25:01 --> Undefined variable $payArray
in APPPATH/Models/Engine.php on line 2230.
 1 APPPATH/Models/Engine.php(2230): CodeIgniter\Debug\Exceptions->errorHandler()
 2 APPPATH/Controllers/Api.php(147): App\Models\Engine->getBillToSynch()
 3 SYSTEMPATH/CodeIgniter.php(896): App\Controllers\Api->postbillpayment()
 4 SYSTEMPATH/CodeIgniter.php(466): CodeIgniter\CodeIgniter->runController()
 5 SYSTEMPATH/CodeIgniter.php(349): CodeIgniter\CodeIgniter->handleRequest()
 6 FCPATH/index.php(57): CodeIgniter\CodeIgniter->run()
CRITICAL - 2024-08-02 23:26:01 --> Undefined variable $payArray
in APPPATH/Models/Engine.php on line 2230.
 1 APPPATH/Models/Engine.php(2230): CodeIgniter\Debug\Exceptions->errorHandler()
 2 APPPATH/Controllers/Api.php(147): App\Models\Engine->getBillToSynch()
 3 SYSTEMPATH/CodeIgniter.php(896): App\Controllers\Api->postbillpayment()
 4 SYSTEMPATH/CodeIgniter.php(466): CodeIgniter\CodeIgniter->runController()
 5 SYSTEMPATH/CodeIgniter.php(349): CodeIgniter\CodeIgniter->handleRequest()
 6 FCPATH/index.php(57): CodeIgniter\CodeIgniter->run()
CRITICAL - 2024-08-02 23:27:01 --> Undefined variable $payArray
in APPPATH/Models/Engine.php on line 2230.
 1 APPPATH/Models/Engine.php(2230): CodeIgniter\Debug\Exceptions->errorHandler()
 2 APPPATH/Controllers/Api.php(147): App\Models\Engine->getBillToSynch()
 3 SYSTEMPATH/CodeIgniter.php(896): App\Controllers\Api->postbillpayment()
 4 SYSTEMPATH/CodeIgniter.php(466): CodeIgniter\CodeIgniter->runController()
 5 SYSTEMPATH/CodeIgniter.php(349): CodeIgniter\CodeIgniter->handleRequest()
 6 FCPATH/index.php(57): CodeIgniter\CodeIgniter->run()
CRITICAL - 2024-08-02 23:28:01 --> Undefined variable $payArray
in APPPATH/Models/Engine.php on line 2230.
 1 APPPATH/Models/Engine.php(2230): CodeIgniter\Debug\Exceptions->errorHandler()
 2 APPPATH/Controllers/Api.php(147): App\Models\Engine->getBillToSynch()
 3 SYSTEMPATH/CodeIgniter.php(896): App\Controllers\Api->postbillpayment()
 4 SYSTEMPATH/CodeIgniter.php(466): CodeIgniter\CodeIgniter->runController()
 5 SYSTEMPATH/CodeIgniter.php(349): CodeIgniter\CodeIgniter->handleRequest()
 6 FCPATH/index.php(57): CodeIgniter\CodeIgniter->run()
CRITICAL - 2024-08-02 23:29:02 --> Undefined variable $payArray
in APPPATH/Models/Engine.php on line 2230.
 1 APPPATH/Models/Engine.php(2230): CodeIgniter\Debug\Exceptions->errorHandler()
 2 APPPATH/Controllers/Api.php(147): App\Models\Engine->getBillToSynch()
 3 SYSTEMPATH/CodeIgniter.php(896): App\Controllers\Api->postbillpayment()
 4 SYSTEMPATH/CodeIgniter.php(466): CodeIgniter\CodeIgniter->runController()
 5 SYSTEMPATH/CodeIgniter.php(349): CodeIgniter\CodeIgniter->handleRequest()
 6 FCPATH/index.php(57): CodeIgniter\CodeIgniter->run()
CRITICAL - 2024-08-02 23:30:01 --> Undefined variable $payArray
in APPPATH/Models/Engine.php on line 2230.
 1 APPPATH/Models/Engine.php(2230): CodeIgniter\Debug\Exceptions->errorHandler()
 2 APPPATH/Controllers/Api.php(147): App\Models\Engine->getBillToSynch()
 3 SYSTEMPATH/CodeIgniter.php(896): App\Controllers\Api->postbillpayment()
 4 SYSTEMPATH/CodeIgniter.php(466): CodeIgniter\CodeIgniter->runController()
 5 SYSTEMPATH/CodeIgniter.php(349): CodeIgniter\CodeIgniter->handleRequest()
 6 FCPATH/index.php(57): CodeIgniter\CodeIgniter->run()
CRITICAL - 2024-08-02 23:31:01 --> Undefined variable $payArray
in APPPATH/Models/Engine.php on line 2230.
 1 APPPATH/Models/Engine.php(2230): CodeIgniter\Debug\Exceptions->errorHandler()
 2 APPPATH/Controllers/Api.php(147): App\Models\Engine->getBillToSynch()
 3 SYSTEMPATH/CodeIgniter.php(896): App\Controllers\Api->postbillpayment()
 4 SYSTEMPATH/CodeIgniter.php(466): CodeIgniter\CodeIgniter->runController()
 5 SYSTEMPATH/CodeIgniter.php(349): CodeIgniter\CodeIgniter->handleRequest()
 6 FCPATH/index.php(57): CodeIgniter\CodeIgniter->run()
CRITICAL - 2024-08-02 23:32:01 --> Undefined variable $payArray
in APPPATH/Models/Engine.php on line 2230.
 1 APPPATH/Models/Engine.php(2230): CodeIgniter\Debug\Exceptions->errorHandler()
 2 APPPATH/Controllers/Api.php(147): App\Models\Engine->getBillToSynch()
 3 SYSTEMPATH/CodeIgniter.php(896): App\Controllers\Api->postbillpayment()
 4 SYSTEMPATH/CodeIgniter.php(466): CodeIgniter\CodeIgniter->runController()
 5 SYSTEMPATH/CodeIgniter.php(349): CodeIgniter\CodeIgniter->handleRequest()
 6 FCPATH/index.php(57): CodeIgniter\CodeIgniter->run()
CRITICAL - 2024-08-02 23:33:01 --> Undefined variable $payArray
in APPPATH/Models/Engine.php on line 2230.
 1 APPPATH/Models/Engine.php(2230): CodeIgniter\Debug\Exceptions->errorHandler()
 2 APPPATH/Controllers/Api.php(147): App\Models\Engine->getBillToSynch()
 3 SYSTEMPATH/CodeIgniter.php(896): App\Controllers\Api->postbillpayment()
 4 SYSTEMPATH/CodeIgniter.php(466): CodeIgniter\CodeIgniter->runController()
 5 SYSTEMPATH/CodeIgniter.php(349): CodeIgniter\CodeIgniter->handleRequest()
 6 FCPATH/index.php(57): CodeIgniter\CodeIgniter->run()
CRITICAL - 2024-08-02 23:34:01 --> Undefined variable $payArray
in APPPATH/Models/Engine.php on line 2230.
 1 APPPATH/Models/Engine.php(2230): CodeIgniter\Debug\Exceptions->errorHandler()
 2 APPPATH/Controllers/Api.php(147): App\Models\Engine->getBillToSynch()
 3 SYSTEMPATH/CodeIgniter.php(896): App\Controllers\Api->postbillpayment()
 4 SYSTEMPATH/CodeIgniter.php(466): CodeIgniter\CodeIgniter->runController()
 5 SYSTEMPATH/CodeIgniter.php(349): CodeIgniter\CodeIgniter->handleRequest()
 6 FCPATH/index.php(57): CodeIgniter\CodeIgniter->run()
CRITICAL - 2024-08-02 23:35:01 --> Undefined variable $payArray
in APPPATH/Models/Engine.php on line 2230.
 1 APPPATH/Models/Engine.php(2230): CodeIgniter\Debug\Exceptions->errorHandler()
 2 APPPATH/Controllers/Api.php(147): App\Models\Engine->getBillToSynch()
 3 SYSTEMPATH/CodeIgniter.php(896): App\Controllers\Api->postbillpayment()
 4 SYSTEMPATH/CodeIgniter.php(466): CodeIgniter\CodeIgniter->runController()
 5 SYSTEMPATH/CodeIgniter.php(349): CodeIgniter\CodeIgniter->handleRequest()
 6 FCPATH/index.php(57): CodeIgniter\CodeIgniter->run()
CRITICAL - 2024-08-02 23:36:01 --> Undefined variable $payArray
in APPPATH/Models/Engine.php on line 2230.
 1 APPPATH/Models/Engine.php(2230): CodeIgniter\Debug\Exceptions->errorHandler()
 2 APPPATH/Controllers/Api.php(147): App\Models\Engine->getBillToSynch()
 3 SYSTEMPATH/CodeIgniter.php(896): App\Controllers\Api->postbillpayment()
 4 SYSTEMPATH/CodeIgniter.php(466): CodeIgniter\CodeIgniter->runController()
 5 SYSTEMPATH/CodeIgniter.php(349): CodeIgniter\CodeIgniter->handleRequest()
 6 FCPATH/index.php(57): CodeIgniter\CodeIgniter->run()
CRITICAL - 2024-08-02 23:37:01 --> Undefined variable $payArray
in APPPATH/Models/Engine.php on line 2230.
 1 APPPATH/Models/Engine.php(2230): CodeIgniter\Debug\Exceptions->errorHandler()
 2 APPPATH/Controllers/Api.php(147): App\Models\Engine->getBillToSynch()
 3 SYSTEMPATH/CodeIgniter.php(896): App\Controllers\Api->postbillpayment()
 4 SYSTEMPATH/CodeIgniter.php(466): CodeIgniter\CodeIgniter->runController()
 5 SYSTEMPATH/CodeIgniter.php(349): CodeIgniter\CodeIgniter->handleRequest()
 6 FCPATH/index.php(57): CodeIgniter\CodeIgniter->run()
CRITICAL - 2024-08-02 23:38:01 --> Undefined variable $payArray
in APPPATH/Models/Engine.php on line 2230.
 1 APPPATH/Models/Engine.php(2230): CodeIgniter\Debug\Exceptions->errorHandler()
 2 APPPATH/Controllers/Api.php(147): App\Models\Engine->getBillToSynch()
 3 SYSTEMPATH/CodeIgniter.php(896): App\Controllers\Api->postbillpayment()
 4 SYSTEMPATH/CodeIgniter.php(466): CodeIgniter\CodeIgniter->runController()
 5 SYSTEMPATH/CodeIgniter.php(349): CodeIgniter\CodeIgniter->handleRequest()
 6 FCPATH/index.php(57): CodeIgniter\CodeIgniter->run()
CRITICAL - 2024-08-02 23:39:01 --> Undefined variable $payArray
in APPPATH/Models/Engine.php on line 2230.
 1 APPPATH/Models/Engine.php(2230): CodeIgniter\Debug\Exceptions->errorHandler()
 2 APPPATH/Controllers/Api.php(147): App\Models\Engine->getBillToSynch()
 3 SYSTEMPATH/CodeIgniter.php(896): App\Controllers\Api->postbillpayment()
 4 SYSTEMPATH/CodeIgniter.php(466): CodeIgniter\CodeIgniter->runController()
 5 SYSTEMPATH/CodeIgniter.php(349): CodeIgniter\CodeIgniter->handleRequest()
 6 FCPATH/index.php(57): CodeIgniter\CodeIgniter->run()
CRITICAL - 2024-08-02 23:40:01 --> Undefined variable $payArray
in APPPATH/Models/Engine.php on line 2230.
 1 APPPATH/Models/Engine.php(2230): CodeIgniter\Debug\Exceptions->errorHandler()
 2 APPPATH/Controllers/Api.php(147): App\Models\Engine->getBillToSynch()
 3 SYSTEMPATH/CodeIgniter.php(896): App\Controllers\Api->postbillpayment()
 4 SYSTEMPATH/CodeIgniter.php(466): CodeIgniter\CodeIgniter->runController()
 5 SYSTEMPATH/CodeIgniter.php(349): CodeIgniter\CodeIgniter->handleRequest()
 6 FCPATH/index.php(57): CodeIgniter\CodeIgniter->run()
CRITICAL - 2024-08-02 23:41:01 --> Undefined variable $payArray
in APPPATH/Models/Engine.php on line 2230.
 1 APPPATH/Models/Engine.php(2230): CodeIgniter\Debug\Exceptions->errorHandler()
 2 APPPATH/Controllers/Api.php(147): App\Models\Engine->getBillToSynch()
 3 SYSTEMPATH/CodeIgniter.php(896): App\Controllers\Api->postbillpayment()
 4 SYSTEMPATH/CodeIgniter.php(466): CodeIgniter\CodeIgniter->runController()
 5 SYSTEMPATH/CodeIgniter.php(349): CodeIgniter\CodeIgniter->handleRequest()
 6 FCPATH/index.php(57): CodeIgniter\CodeIgniter->run()
CRITICAL - 2024-08-02 23:42:01 --> Undefined variable $payArray
in APPPATH/Models/Engine.php on line 2230.
 1 APPPATH/Models/Engine.php(2230): CodeIgniter\Debug\Exceptions->errorHandler()
 2 APPPATH/Controllers/Api.php(147): App\Models\Engine->getBillToSynch()
 3 SYSTEMPATH/CodeIgniter.php(896): App\Controllers\Api->postbillpayment()
 4 SYSTEMPATH/CodeIgniter.php(466): CodeIgniter\CodeIgniter->runController()
 5 SYSTEMPATH/CodeIgniter.php(349): CodeIgniter\CodeIgniter->handleRequest()
 6 FCPATH/index.php(57): CodeIgniter\CodeIgniter->run()
CRITICAL - 2024-08-02 23:43:01 --> Undefined variable $payArray
in APPPATH/Models/Engine.php on line 2230.
 1 APPPATH/Models/Engine.php(2230): CodeIgniter\Debug\Exceptions->errorHandler()
 2 APPPATH/Controllers/Api.php(147): App\Models\Engine->getBillToSynch()
 3 SYSTEMPATH/CodeIgniter.php(896): App\Controllers\Api->postbillpayment()
 4 SYSTEMPATH/CodeIgniter.php(466): CodeIgniter\CodeIgniter->runController()
 5 SYSTEMPATH/CodeIgniter.php(349): CodeIgniter\CodeIgniter->handleRequest()
 6 FCPATH/index.php(57): CodeIgniter\CodeIgniter->run()
CRITICAL - 2024-08-02 23:44:01 --> Undefined variable $payArray
in APPPATH/Models/Engine.php on line 2230.
 1 APPPATH/Models/Engine.php(2230): CodeIgniter\Debug\Exceptions->errorHandler()
 2 APPPATH/Controllers/Api.php(147): App\Models\Engine->getBillToSynch()
 3 SYSTEMPATH/CodeIgniter.php(896): App\Controllers\Api->postbillpayment()
 4 SYSTEMPATH/CodeIgniter.php(466): CodeIgniter\CodeIgniter->runController()
 5 SYSTEMPATH/CodeIgniter.php(349): CodeIgniter\CodeIgniter->handleRequest()
 6 FCPATH/index.php(57): CodeIgniter\CodeIgniter->run()
CRITICAL - 2024-08-02 23:45:01 --> Undefined variable $payArray
in APPPATH/Models/Engine.php on line 2230.
 1 APPPATH/Models/Engine.php(2230): CodeIgniter\Debug\Exceptions->errorHandler()
 2 APPPATH/Controllers/Api.php(147): App\Models\Engine->getBillToSynch()
 3 SYSTEMPATH/CodeIgniter.php(896): App\Controllers\Api->postbillpayment()
 4 SYSTEMPATH/CodeIgniter.php(466): CodeIgniter\CodeIgniter->runController()
 5 SYSTEMPATH/CodeIgniter.php(349): CodeIgniter\CodeIgniter->handleRequest()
 6 FCPATH/index.php(57): CodeIgniter\CodeIgniter->run()
CRITICAL - 2024-08-02 23:46:02 --> Undefined variable $payArray
in APPPATH/Models/Engine.php on line 2230.
 1 APPPATH/Models/Engine.php(2230): CodeIgniter\Debug\Exceptions->errorHandler()
 2 APPPATH/Controllers/Api.php(147): App\Models\Engine->getBillToSynch()
 3 SYSTEMPATH/CodeIgniter.php(896): App\Controllers\Api->postbillpayment()
 4 SYSTEMPATH/CodeIgniter.php(466): CodeIgniter\CodeIgniter->runController()
 5 SYSTEMPATH/CodeIgniter.php(349): CodeIgniter\CodeIgniter->handleRequest()
 6 FCPATH/index.php(57): CodeIgniter\CodeIgniter->run()
CRITICAL - 2024-08-02 23:47:01 --> Undefined variable $payArray
in APPPATH/Models/Engine.php on line 2230.
 1 APPPATH/Models/Engine.php(2230): CodeIgniter\Debug\Exceptions->errorHandler()
 2 APPPATH/Controllers/Api.php(147): App\Models\Engine->getBillToSynch()
 3 SYSTEMPATH/CodeIgniter.php(896): App\Controllers\Api->postbillpayment()
 4 SYSTEMPATH/CodeIgniter.php(466): CodeIgniter\CodeIgniter->runController()
 5 SYSTEMPATH/CodeIgniter.php(349): CodeIgniter\CodeIgniter->handleRequest()
 6 FCPATH/index.php(57): CodeIgniter\CodeIgniter->run()
CRITICAL - 2024-08-02 23:48:01 --> Undefined variable $payArray
in APPPATH/Models/Engine.php on line 2230.
 1 APPPATH/Models/Engine.php(2230): CodeIgniter\Debug\Exceptions->errorHandler()
 2 APPPATH/Controllers/Api.php(147): App\Models\Engine->getBillToSynch()
 3 SYSTEMPATH/CodeIgniter.php(896): App\Controllers\Api->postbillpayment()
 4 SYSTEMPATH/CodeIgniter.php(466): CodeIgniter\CodeIgniter->runController()
 5 SYSTEMPATH/CodeIgniter.php(349): CodeIgniter\CodeIgniter->handleRequest()
 6 FCPATH/index.php(57): CodeIgniter\CodeIgniter->run()
CRITICAL - 2024-08-02 23:49:01 --> Undefined variable $payArray
in APPPATH/Models/Engine.php on line 2230.
 1 APPPATH/Models/Engine.php(2230): CodeIgniter\Debug\Exceptions->errorHandler()
 2 APPPATH/Controllers/Api.php(147): App\Models\Engine->getBillToSynch()
 3 SYSTEMPATH/CodeIgniter.php(896): App\Controllers\Api->postbillpayment()
 4 SYSTEMPATH/CodeIgniter.php(466): CodeIgniter\CodeIgniter->runController()
 5 SYSTEMPATH/CodeIgniter.php(349): CodeIgniter\CodeIgniter->handleRequest()
 6 FCPATH/index.php(57): CodeIgniter\CodeIgniter->run()
CRITICAL - 2024-08-02 23:50:01 --> Undefined variable $payArray
in APPPATH/Models/Engine.php on line 2230.
 1 APPPATH/Models/Engine.php(2230): CodeIgniter\Debug\Exceptions->errorHandler()
 2 APPPATH/Controllers/Api.php(147): App\Models\Engine->getBillToSynch()
 3 SYSTEMPATH/CodeIgniter.php(896): App\Controllers\Api->postbillpayment()
 4 SYSTEMPATH/CodeIgniter.php(466): CodeIgniter\CodeIgniter->runController()
 5 SYSTEMPATH/CodeIgniter.php(349): CodeIgniter\CodeIgniter->handleRequest()
 6 FCPATH/index.php(57): CodeIgniter\CodeIgniter->run()
CRITICAL - 2024-08-02 23:51:01 --> Undefined variable $payArray
in APPPATH/Models/Engine.php on line 2230.
 1 APPPATH/Models/Engine.php(2230): CodeIgniter\Debug\Exceptions->errorHandler()
 2 APPPATH/Controllers/Api.php(147): App\Models\Engine->getBillToSynch()
 3 SYSTEMPATH/CodeIgniter.php(896): App\Controllers\Api->postbillpayment()
 4 SYSTEMPATH/CodeIgniter.php(466): CodeIgniter\CodeIgniter->runController()
 5 SYSTEMPATH/CodeIgniter.php(349): CodeIgniter\CodeIgniter->handleRequest()
 6 FCPATH/index.php(57): CodeIgniter\CodeIgniter->run()
CRITICAL - 2024-08-02 23:52:01 --> Undefined variable $payArray
in APPPATH/Models/Engine.php on line 2230.
 1 APPPATH/Models/Engine.php(2230): CodeIgniter\Debug\Exceptions->errorHandler()
 2 APPPATH/Controllers/Api.php(147): App\Models\Engine->getBillToSynch()
 3 SYSTEMPATH/CodeIgniter.php(896): App\Controllers\Api->postbillpayment()
 4 SYSTEMPATH/CodeIgniter.php(466): CodeIgniter\CodeIgniter->runController()
 5 SYSTEMPATH/CodeIgniter.php(349): CodeIgniter\CodeIgniter->handleRequest()
 6 FCPATH/index.php(57): CodeIgniter\CodeIgniter->run()
CRITICAL - 2024-08-02 23:53:01 --> Undefined variable $payArray
in APPPATH/Models/Engine.php on line 2230.
 1 APPPATH/Models/Engine.php(2230): CodeIgniter\Debug\Exceptions->errorHandler()
 2 APPPATH/Controllers/Api.php(147): App\Models\Engine->getBillToSynch()
 3 SYSTEMPATH/CodeIgniter.php(896): App\Controllers\Api->postbillpayment()
 4 SYSTEMPATH/CodeIgniter.php(466): CodeIgniter\CodeIgniter->runController()
 5 SYSTEMPATH/CodeIgniter.php(349): CodeIgniter\CodeIgniter->handleRequest()
 6 FCPATH/index.php(57): CodeIgniter\CodeIgniter->run()
CRITICAL - 2024-08-02 23:54:01 --> Undefined variable $payArray
in APPPATH/Models/Engine.php on line 2230.
 1 APPPATH/Models/Engine.php(2230): CodeIgniter\Debug\Exceptions->errorHandler()
 2 APPPATH/Controllers/Api.php(147): App\Models\Engine->getBillToSynch()
 3 SYSTEMPATH/CodeIgniter.php(896): App\Controllers\Api->postbillpayment()
 4 SYSTEMPATH/CodeIgniter.php(466): CodeIgniter\CodeIgniter->runController()
 5 SYSTEMPATH/CodeIgniter.php(349): CodeIgniter\CodeIgniter->handleRequest()
 6 FCPATH/index.php(57): CodeIgniter\CodeIgniter->run()
CRITICAL - 2024-08-02 23:55:01 --> Undefined variable $payArray
in APPPATH/Models/Engine.php on line 2230.
 1 APPPATH/Models/Engine.php(2230): CodeIgniter\Debug\Exceptions->errorHandler()
 2 APPPATH/Controllers/Api.php(147): App\Models\Engine->getBillToSynch()
 3 SYSTEMPATH/CodeIgniter.php(896): App\Controllers\Api->postbillpayment()
 4 SYSTEMPATH/CodeIgniter.php(466): CodeIgniter\CodeIgniter->runController()
 5 SYSTEMPATH/CodeIgniter.php(349): CodeIgniter\CodeIgniter->handleRequest()
 6 FCPATH/index.php(57): CodeIgniter\CodeIgniter->run()
CRITICAL - 2024-08-02 23:56:01 --> Undefined variable $payArray
in APPPATH/Models/Engine.php on line 2230.
 1 APPPATH/Models/Engine.php(2230): CodeIgniter\Debug\Exceptions->errorHandler()
 2 APPPATH/Controllers/Api.php(147): App\Models\Engine->getBillToSynch()
 3 SYSTEMPATH/CodeIgniter.php(896): App\Controllers\Api->postbillpayment()
 4 SYSTEMPATH/CodeIgniter.php(466): CodeIgniter\CodeIgniter->runController()
 5 SYSTEMPATH/CodeIgniter.php(349): CodeIgniter\CodeIgniter->handleRequest()
 6 FCPATH/index.php(57): CodeIgniter\CodeIgniter->run()
CRITICAL - 2024-08-02 23:57:01 --> Undefined variable $payArray
in APPPATH/Models/Engine.php on line 2230.
 1 APPPATH/Models/Engine.php(2230): CodeIgniter\Debug\Exceptions->errorHandler()
 2 APPPATH/Controllers/Api.php(147): App\Models\Engine->getBillToSynch()
 3 SYSTEMPATH/CodeIgniter.php(896): App\Controllers\Api->postbillpayment()
 4 SYSTEMPATH/CodeIgniter.php(466): CodeIgniter\CodeIgniter->runController()
 5 SYSTEMPATH/CodeIgniter.php(349): CodeIgniter\CodeIgniter->handleRequest()
 6 FCPATH/index.php(57): CodeIgniter\CodeIgniter->run()
CRITICAL - 2024-08-02 23:58:01 --> Undefined variable $payArray
in APPPATH/Models/Engine.php on line 2230.
 1 APPPATH/Models/Engine.php(2230): CodeIgniter\Debug\Exceptions->errorHandler()
 2 APPPATH/Controllers/Api.php(147): App\Models\Engine->getBillToSynch()
 3 SYSTEMPATH/CodeIgniter.php(896): App\Controllers\Api->postbillpayment()
 4 SYSTEMPATH/CodeIgniter.php(466): CodeIgniter\CodeIgniter->runController()
 5 SYSTEMPATH/CodeIgniter.php(349): CodeIgniter\CodeIgniter->handleRequest()
 6 FCPATH/index.php(57): CodeIgniter\CodeIgniter->run()
CRITICAL - 2024-08-02 23:59:01 --> Undefined variable $payArray
in APPPATH/Models/Engine.php on line 2230.
 1 APPPATH/Models/Engine.php(2230): CodeIgniter\Debug\Exceptions->errorHandler()
 2 APPPATH/Controllers/Api.php(147): App\Models\Engine->getBillToSynch()
 3 SYSTEMPATH/CodeIgniter.php(896): App\Controllers\Api->postbillpayment()
 4 SYSTEMPATH/CodeIgniter.php(466): CodeIgniter\CodeIgniter->runController()
 5 SYSTEMPATH/CodeIgniter.php(349): CodeIgniter\CodeIgniter->handleRequest()
 6 FCPATH/index.php(57): CodeIgniter\CodeIgniter->run()
