ERROR - 2024-08-08 01:01:56 --> Got error 4009 'Cluster Failure' from NDBCLUSTER
CRITICAL - 2024-08-08 01:01:56 --> Got error 4009 'Cluster Failure' from NDBCLUSTER
in SYSTEMPATH/Database/MySQLi/Connection.php on line 292.
 1 SYSTEMPATH/Database/MySQLi/Connection.php(292): mysqli->query()
 2 SYSTEMPATH/Database/BaseConnection.php(695): CodeIgniter\Database\MySQLi\Connection->execute()
 3 SYSTEMPATH/Database/BaseConnection.php(609): CodeIgniter\Database\BaseConnection->simpleQuery()
 4 APPPATH/Models/Engine.php(554): CodeIgniter\Database\BaseConnection->query()
 5 APPPATH/Controllers/BaseController.php(77): App\Models\Engine->getLanguages()
 6 SYSTEMPATH/CodeIgniter.php(859): App\Controllers\BaseController->initController()
 7 SYSTEMPATH/CodeIgniter.php(457): CodeIgniter\CodeIgniter->createController()
 8 SYSTEMPATH/CodeIgniter.php(349): CodeIgniter\CodeIgniter->handleRequest()
 9 FCPATH/index.php(57): CodeIgniter\CodeIgniter->run()
CRITICAL - 2024-08-08 04:21:08 --> Attempt to read property "name" on null
in APPPATH/Views/Headers/page_header.php on line 145.
 1 APPPATH/Views/Headers/page_header.php(145): CodeIgniter\Debug\Exceptions->errorHandler()
 2 SYSTEMPATH/View/View.php(213): include('APPPATH/Views/Headers/page_header.php')
 3 SYSTEMPATH/View/View.php(216): CodeIgniter\View\View->CodeIgniter\View\{closure}()
 4 SYSTEMPATH/Common.php(1135): CodeIgniter\View\View->render()
 5 APPPATH/Controllers/Billing.php(19): view()
 6 SYSTEMPATH/CodeIgniter.php(896): App\Controllers\Billing->index()
 7 SYSTEMPATH/CodeIgniter.php(466): CodeIgniter\CodeIgniter->runController()
 8 SYSTEMPATH/CodeIgniter.php(349): CodeIgniter\CodeIgniter->handleRequest()
 9 FCPATH/index.php(57): CodeIgniter\CodeIgniter->run()
ERROR - 2024-08-08 05:49:22 --> Got error 4009 'Cluster Failure' from NDBCLUSTER
CRITICAL - 2024-08-08 05:49:22 --> Got error 4009 'Cluster Failure' from NDBCLUSTER
in SYSTEMPATH/Database/MySQLi/Connection.php on line 292.
 1 SYSTEMPATH/Database/MySQLi/Connection.php(292): mysqli->query()
 2 SYSTEMPATH/Database/BaseConnection.php(695): CodeIgniter\Database\MySQLi\Connection->execute()
 3 SYSTEMPATH/Database/BaseConnection.php(609): CodeIgniter\Database\BaseConnection->simpleQuery()
 4 APPPATH/Models/Engine.php(554): CodeIgniter\Database\BaseConnection->query()
 5 APPPATH/Controllers/BaseController.php(77): App\Models\Engine->getLanguages()
 6 SYSTEMPATH/CodeIgniter.php(859): App\Controllers\BaseController->initController()
 7 SYSTEMPATH/CodeIgniter.php(457): CodeIgniter\CodeIgniter->createController()
 8 SYSTEMPATH/CodeIgniter.php(349): CodeIgniter\CodeIgniter->handleRequest()
 9 FCPATH/index.php(57): CodeIgniter\CodeIgniter->run()
ERROR - 2024-08-08 07:58:14 --> Got error 4009 'Cluster Failure' from NDBCLUSTER
CRITICAL - 2024-08-08 07:58:14 --> Got error 4009 'Cluster Failure' from NDBCLUSTER
in SYSTEMPATH/Database/MySQLi/Connection.php on line 292.
 1 SYSTEMPATH/Database/MySQLi/Connection.php(292): mysqli->query()
 2 SYSTEMPATH/Database/BaseConnection.php(695): CodeIgniter\Database\MySQLi\Connection->execute()
 3 SYSTEMPATH/Database/BaseConnection.php(609): CodeIgniter\Database\BaseConnection->simpleQuery()
 4 APPPATH/Models/Engine.php(554): CodeIgniter\Database\BaseConnection->query()
 5 APPPATH/Controllers/BaseController.php(77): App\Models\Engine->getLanguages()
 6 SYSTEMPATH/CodeIgniter.php(859): App\Controllers\BaseController->initController()
 7 SYSTEMPATH/CodeIgniter.php(457): CodeIgniter\CodeIgniter->createController()
 8 SYSTEMPATH/CodeIgniter.php(349): CodeIgniter\CodeIgniter->handleRequest()
 9 FCPATH/index.php(57): CodeIgniter\CodeIgniter->run()
CRITICAL - 2024-08-08 10:48:03 --> Undefined property: stdClass::$reference
in APPPATH/Helpers/global_helper.php on line 914.
 1 APPPATH/Helpers/global_helper.php(914): CodeIgniter\Debug\Exceptions->errorHandler()
 2 APPPATH/Controllers/Malipo.php(440): nmbGenSubmitJson()
 3 SYSTEMPATH/CodeIgniter.php(896): App\Controllers\Malipo->nmbbillrequest()
 4 SYSTEMPATH/CodeIgniter.php(466): CodeIgniter\CodeIgniter->runController()
 5 SYSTEMPATH/CodeIgniter.php(349): CodeIgniter\CodeIgniter->handleRequest()
 6 FCPATH/index.php(57): CodeIgniter\CodeIgniter->run()
CRITICAL - 2024-08-08 11:33:22 --> Attempt to read property "name" on null
in APPPATH/Views/Headers/page_header.php on line 145.
 1 APPPATH/Views/Headers/page_header.php(145): CodeIgniter\Debug\Exceptions->errorHandler()
 2 SYSTEMPATH/View/View.php(213): include('APPPATH/Views/Headers/page_header.php')
 3 SYSTEMPATH/View/View.php(216): CodeIgniter\View\View->CodeIgniter\View\{closure}()
 4 SYSTEMPATH/Common.php(1135): CodeIgniter\View\View->render()
 5 APPPATH/Controllers/Billing.php(19): view()
 6 SYSTEMPATH/CodeIgniter.php(896): App\Controllers\Billing->index()
 7 SYSTEMPATH/CodeIgniter.php(466): CodeIgniter\CodeIgniter->runController()
 8 SYSTEMPATH/CodeIgniter.php(349): CodeIgniter\CodeIgniter->handleRequest()
 9 FCPATH/index.php(57): CodeIgniter\CodeIgniter->run()
CRITICAL - 2024-08-08 03:46:21 --> Class "App\Controllers\BaseController" not found
in APPPATH/Controllers/Api.php on line 5.
 1 SYSTEMPATH/Router/AutoRouter.php(147): include_once()
 2 SYSTEMPATH/Router/Router.php(499): CodeIgniter\Router\AutoRouter->getRoute()
 3 SYSTEMPATH/Router/Router.php(205): CodeIgniter\Router\Router->autoRoute()
 4 SYSTEMPATH/CodeIgniter.php(771): CodeIgniter\Router\Router->handle()
 5 SYSTEMPATH/CodeIgniter.php(415): CodeIgniter\CodeIgniter->tryToRouteIt()
 6 SYSTEMPATH/CodeIgniter.php(349): CodeIgniter\CodeIgniter->handleRequest()
 7 FCPATH/index.php(57): CodeIgniter\CodeIgniter->run()
CRITICAL - 2024-08-08 11:53:11 -->  route cannot be found while reverse-routing.
in SYSTEMPATH/HTTP/RedirectResponse.php on line 56.
 1 SYSTEMPATH/HTTP/RedirectResponse.php(56): CodeIgniter\HTTP\Exceptions\HTTPException::forInvalidRedirectRoute()
 2 APPPATH/Controllers/BaseController.php(97): CodeIgniter\HTTP\RedirectResponse->route()
 3 SYSTEMPATH/CodeIgniter.php(859): App\Controllers\BaseController->initController()
 4 SYSTEMPATH/CodeIgniter.php(457): CodeIgniter\CodeIgniter->createController()
 5 SYSTEMPATH/CodeIgniter.php(349): CodeIgniter\CodeIgniter->handleRequest()
 6 FCPATH/index.php(57): CodeIgniter\CodeIgniter->run()
CRITICAL - 2024-08-08 11:53:16 -->  route cannot be found while reverse-routing.
in SYSTEMPATH/HTTP/RedirectResponse.php on line 56.
 1 SYSTEMPATH/HTTP/RedirectResponse.php(56): CodeIgniter\HTTP\Exceptions\HTTPException::forInvalidRedirectRoute()
 2 APPPATH/Controllers/BaseController.php(97): CodeIgniter\HTTP\RedirectResponse->route()
 3 SYSTEMPATH/CodeIgniter.php(859): App\Controllers\BaseController->initController()
 4 SYSTEMPATH/CodeIgniter.php(457): CodeIgniter\CodeIgniter->createController()
 5 SYSTEMPATH/CodeIgniter.php(349): CodeIgniter\CodeIgniter->handleRequest()
 6 FCPATH/index.php(57): CodeIgniter\CodeIgniter->run()
CRITICAL - 2024-08-08 11:53:20 -->  route cannot be found while reverse-routing.
in SYSTEMPATH/HTTP/RedirectResponse.php on line 56.
 1 SYSTEMPATH/HTTP/RedirectResponse.php(56): CodeIgniter\HTTP\Exceptions\HTTPException::forInvalidRedirectRoute()
 2 APPPATH/Controllers/BaseController.php(97): CodeIgniter\HTTP\RedirectResponse->route()
 3 SYSTEMPATH/CodeIgniter.php(859): App\Controllers\BaseController->initController()
 4 SYSTEMPATH/CodeIgniter.php(457): CodeIgniter\CodeIgniter->createController()
 5 SYSTEMPATH/CodeIgniter.php(349): CodeIgniter\CodeIgniter->handleRequest()
 6 FCPATH/index.php(57): CodeIgniter\CodeIgniter->run()
CRITICAL - 2024-08-08 11:53:21 -->  route cannot be found while reverse-routing.
in SYSTEMPATH/HTTP/RedirectResponse.php on line 56.
 1 SYSTEMPATH/HTTP/RedirectResponse.php(56): CodeIgniter\HTTP\Exceptions\HTTPException::forInvalidRedirectRoute()
 2 APPPATH/Controllers/BaseController.php(97): CodeIgniter\HTTP\RedirectResponse->route()
 3 SYSTEMPATH/CodeIgniter.php(859): App\Controllers\BaseController->initController()
 4 SYSTEMPATH/CodeIgniter.php(457): CodeIgniter\CodeIgniter->createController()
 5 SYSTEMPATH/CodeIgniter.php(349): CodeIgniter\CodeIgniter->handleRequest()
 6 FCPATH/index.php(57): CodeIgniter\CodeIgniter->run()
CRITICAL - 2024-08-08 11:53:26 -->  route cannot be found while reverse-routing.
in SYSTEMPATH/HTTP/RedirectResponse.php on line 56.
 1 SYSTEMPATH/HTTP/RedirectResponse.php(56): CodeIgniter\HTTP\Exceptions\HTTPException::forInvalidRedirectRoute()
 2 APPPATH/Controllers/BaseController.php(97): CodeIgniter\HTTP\RedirectResponse->route()
 3 SYSTEMPATH/CodeIgniter.php(859): App\Controllers\BaseController->initController()
 4 SYSTEMPATH/CodeIgniter.php(457): CodeIgniter\CodeIgniter->createController()
 5 SYSTEMPATH/CodeIgniter.php(349): CodeIgniter\CodeIgniter->handleRequest()
 6 FCPATH/index.php(57): CodeIgniter\CodeIgniter->run()
CRITICAL - 2024-08-08 11:53:31 -->  route cannot be found while reverse-routing.
in SYSTEMPATH/HTTP/RedirectResponse.php on line 56.
 1 SYSTEMPATH/HTTP/RedirectResponse.php(56): CodeIgniter\HTTP\Exceptions\HTTPException::forInvalidRedirectRoute()
 2 APPPATH/Controllers/BaseController.php(97): CodeIgniter\HTTP\RedirectResponse->route()
 3 SYSTEMPATH/CodeIgniter.php(859): App\Controllers\BaseController->initController()
 4 SYSTEMPATH/CodeIgniter.php(457): CodeIgniter\CodeIgniter->createController()
 5 SYSTEMPATH/CodeIgniter.php(349): CodeIgniter\CodeIgniter->handleRequest()
 6 FCPATH/index.php(57): CodeIgniter\CodeIgniter->run()
CRITICAL - 2024-08-08 11:53:31 -->  route cannot be found while reverse-routing.
in SYSTEMPATH/HTTP/RedirectResponse.php on line 56.
 1 SYSTEMPATH/HTTP/RedirectResponse.php(56): CodeIgniter\HTTP\Exceptions\HTTPException::forInvalidRedirectRoute()
 2 APPPATH/Controllers/BaseController.php(97): CodeIgniter\HTTP\RedirectResponse->route()
 3 SYSTEMPATH/CodeIgniter.php(859): App\Controllers\BaseController->initController()
 4 SYSTEMPATH/CodeIgniter.php(457): CodeIgniter\CodeIgniter->createController()
 5 SYSTEMPATH/CodeIgniter.php(349): CodeIgniter\CodeIgniter->handleRequest()
 6 FCPATH/index.php(57): CodeIgniter\CodeIgniter->run()
CRITICAL - 2024-08-08 11:53:36 -->  route cannot be found while reverse-routing.
in SYSTEMPATH/HTTP/RedirectResponse.php on line 56.
 1 SYSTEMPATH/HTTP/RedirectResponse.php(56): CodeIgniter\HTTP\Exceptions\HTTPException::forInvalidRedirectRoute()
 2 APPPATH/Controllers/BaseController.php(97): CodeIgniter\HTTP\RedirectResponse->route()
 3 SYSTEMPATH/CodeIgniter.php(859): App\Controllers\BaseController->initController()
 4 SYSTEMPATH/CodeIgniter.php(457): CodeIgniter\CodeIgniter->createController()
 5 SYSTEMPATH/CodeIgniter.php(349): CodeIgniter\CodeIgniter->handleRequest()
 6 FCPATH/index.php(57): CodeIgniter\CodeIgniter->run()
CRITICAL - 2024-08-08 11:53:40 -->  route cannot be found while reverse-routing.
in SYSTEMPATH/HTTP/RedirectResponse.php on line 56.
 1 SYSTEMPATH/HTTP/RedirectResponse.php(56): CodeIgniter\HTTP\Exceptions\HTTPException::forInvalidRedirectRoute()
 2 APPPATH/Controllers/BaseController.php(97): CodeIgniter\HTTP\RedirectResponse->route()
 3 SYSTEMPATH/CodeIgniter.php(859): App\Controllers\BaseController->initController()
 4 SYSTEMPATH/CodeIgniter.php(457): CodeIgniter\CodeIgniter->createController()
 5 SYSTEMPATH/CodeIgniter.php(349): CodeIgniter\CodeIgniter->handleRequest()
 6 FCPATH/index.php(57): CodeIgniter\CodeIgniter->run()
CRITICAL - 2024-08-08 11:53:41 -->  route cannot be found while reverse-routing.
in SYSTEMPATH/HTTP/RedirectResponse.php on line 56.
 1 SYSTEMPATH/HTTP/RedirectResponse.php(56): CodeIgniter\HTTP\Exceptions\HTTPException::forInvalidRedirectRoute()
 2 APPPATH/Controllers/BaseController.php(97): CodeIgniter\HTTP\RedirectResponse->route()
 3 SYSTEMPATH/CodeIgniter.php(859): App\Controllers\BaseController->initController()
 4 SYSTEMPATH/CodeIgniter.php(457): CodeIgniter\CodeIgniter->createController()
 5 SYSTEMPATH/CodeIgniter.php(349): CodeIgniter\CodeIgniter->handleRequest()
 6 FCPATH/index.php(57): CodeIgniter\CodeIgniter->run()
CRITICAL - 2024-08-08 11:53:46 -->  route cannot be found while reverse-routing.
in SYSTEMPATH/HTTP/RedirectResponse.php on line 56.
 1 SYSTEMPATH/HTTP/RedirectResponse.php(56): CodeIgniter\HTTP\Exceptions\HTTPException::forInvalidRedirectRoute()
 2 APPPATH/Controllers/BaseController.php(97): CodeIgniter\HTTP\RedirectResponse->route()
 3 SYSTEMPATH/CodeIgniter.php(859): App\Controllers\BaseController->initController()
 4 SYSTEMPATH/CodeIgniter.php(457): CodeIgniter\CodeIgniter->createController()
 5 SYSTEMPATH/CodeIgniter.php(349): CodeIgniter\CodeIgniter->handleRequest()
 6 FCPATH/index.php(57): CodeIgniter\CodeIgniter->run()
CRITICAL - 2024-08-08 11:53:48 -->  route cannot be found while reverse-routing.
in SYSTEMPATH/HTTP/RedirectResponse.php on line 56.
 1 SYSTEMPATH/HTTP/RedirectResponse.php(56): CodeIgniter\HTTP\Exceptions\HTTPException::forInvalidRedirectRoute()
 2 APPPATH/Controllers/BaseController.php(97): CodeIgniter\HTTP\RedirectResponse->route()
 3 SYSTEMPATH/CodeIgniter.php(859): App\Controllers\BaseController->initController()
 4 SYSTEMPATH/CodeIgniter.php(457): CodeIgniter\CodeIgniter->createController()
 5 SYSTEMPATH/CodeIgniter.php(349): CodeIgniter\CodeIgniter->handleRequest()
 6 FCPATH/index.php(57): CodeIgniter\CodeIgniter->run()
CRITICAL - 2024-08-08 11:53:49 -->  route cannot be found while reverse-routing.
in SYSTEMPATH/HTTP/RedirectResponse.php on line 56.
 1 SYSTEMPATH/HTTP/RedirectResponse.php(56): CodeIgniter\HTTP\Exceptions\HTTPException::forInvalidRedirectRoute()
 2 APPPATH/Controllers/BaseController.php(97): CodeIgniter\HTTP\RedirectResponse->route()
 3 SYSTEMPATH/CodeIgniter.php(859): App\Controllers\BaseController->initController()
 4 SYSTEMPATH/CodeIgniter.php(457): CodeIgniter\CodeIgniter->createController()
 5 SYSTEMPATH/CodeIgniter.php(349): CodeIgniter\CodeIgniter->handleRequest()
 6 FCPATH/index.php(57): CodeIgniter\CodeIgniter->run()
CRITICAL - 2024-08-08 11:53:51 -->  route cannot be found while reverse-routing.
in SYSTEMPATH/HTTP/RedirectResponse.php on line 56.
 1 SYSTEMPATH/HTTP/RedirectResponse.php(56): CodeIgniter\HTTP\Exceptions\HTTPException::forInvalidRedirectRoute()
 2 APPPATH/Controllers/BaseController.php(97): CodeIgniter\HTTP\RedirectResponse->route()
 3 SYSTEMPATH/CodeIgniter.php(859): App\Controllers\BaseController->initController()
 4 SYSTEMPATH/CodeIgniter.php(457): CodeIgniter\CodeIgniter->createController()
 5 SYSTEMPATH/CodeIgniter.php(349): CodeIgniter\CodeIgniter->handleRequest()
 6 FCPATH/index.php(57): CodeIgniter\CodeIgniter->run()
CRITICAL - 2024-08-08 11:53:56 -->  route cannot be found while reverse-routing.
in SYSTEMPATH/HTTP/RedirectResponse.php on line 56.
 1 SYSTEMPATH/HTTP/RedirectResponse.php(56): CodeIgniter\HTTP\Exceptions\HTTPException::forInvalidRedirectRoute()
 2 APPPATH/Controllers/BaseController.php(97): CodeIgniter\HTTP\RedirectResponse->route()
 3 SYSTEMPATH/CodeIgniter.php(859): App\Controllers\BaseController->initController()
 4 SYSTEMPATH/CodeIgniter.php(457): CodeIgniter\CodeIgniter->createController()
 5 SYSTEMPATH/CodeIgniter.php(349): CodeIgniter\CodeIgniter->handleRequest()
 6 FCPATH/index.php(57): CodeIgniter\CodeIgniter->run()
CRITICAL - 2024-08-08 11:54:00 -->  route cannot be found while reverse-routing.
in SYSTEMPATH/HTTP/RedirectResponse.php on line 56.
 1 SYSTEMPATH/HTTP/RedirectResponse.php(56): CodeIgniter\HTTP\Exceptions\HTTPException::forInvalidRedirectRoute()
 2 APPPATH/Controllers/BaseController.php(97): CodeIgniter\HTTP\RedirectResponse->route()
 3 SYSTEMPATH/CodeIgniter.php(859): App\Controllers\BaseController->initController()
 4 SYSTEMPATH/CodeIgniter.php(457): CodeIgniter\CodeIgniter->createController()
 5 SYSTEMPATH/CodeIgniter.php(349): CodeIgniter\CodeIgniter->handleRequest()
 6 FCPATH/index.php(57): CodeIgniter\CodeIgniter->run()
CRITICAL - 2024-08-08 11:54:01 -->  route cannot be found while reverse-routing.
in SYSTEMPATH/HTTP/RedirectResponse.php on line 56.
 1 SYSTEMPATH/HTTP/RedirectResponse.php(56): CodeIgniter\HTTP\Exceptions\HTTPException::forInvalidRedirectRoute()
 2 APPPATH/Controllers/BaseController.php(97): CodeIgniter\HTTP\RedirectResponse->route()
 3 SYSTEMPATH/CodeIgniter.php(859): App\Controllers\BaseController->initController()
 4 SYSTEMPATH/CodeIgniter.php(457): CodeIgniter\CodeIgniter->createController()
 5 SYSTEMPATH/CodeIgniter.php(349): CodeIgniter\CodeIgniter->handleRequest()
 6 FCPATH/index.php(57): CodeIgniter\CodeIgniter->run()
CRITICAL - 2024-08-08 11:54:01 -->  route cannot be found while reverse-routing.
in SYSTEMPATH/HTTP/RedirectResponse.php on line 56.
 1 SYSTEMPATH/HTTP/RedirectResponse.php(56): CodeIgniter\HTTP\Exceptions\HTTPException::forInvalidRedirectRoute()
 2 APPPATH/Controllers/BaseController.php(97): CodeIgniter\HTTP\RedirectResponse->route()
 3 SYSTEMPATH/CodeIgniter.php(859): App\Controllers\BaseController->initController()
 4 SYSTEMPATH/CodeIgniter.php(457): CodeIgniter\CodeIgniter->createController()
 5 SYSTEMPATH/CodeIgniter.php(349): CodeIgniter\CodeIgniter->handleRequest()
 6 FCPATH/index.php(57): CodeIgniter\CodeIgniter->run()
CRITICAL - 2024-08-08 11:54:04 -->  route cannot be found while reverse-routing.
in SYSTEMPATH/HTTP/RedirectResponse.php on line 56.
 1 SYSTEMPATH/HTTP/RedirectResponse.php(56): CodeIgniter\HTTP\Exceptions\HTTPException::forInvalidRedirectRoute()
 2 APPPATH/Controllers/BaseController.php(97): CodeIgniter\HTTP\RedirectResponse->route()
 3 SYSTEMPATH/CodeIgniter.php(859): App\Controllers\BaseController->initController()
 4 SYSTEMPATH/CodeIgniter.php(457): CodeIgniter\CodeIgniter->createController()
 5 SYSTEMPATH/CodeIgniter.php(349): CodeIgniter\CodeIgniter->handleRequest()
 6 FCPATH/index.php(57): CodeIgniter\CodeIgniter->run()
CRITICAL - 2024-08-08 11:54:06 -->  route cannot be found while reverse-routing.
in SYSTEMPATH/HTTP/RedirectResponse.php on line 56.
 1 SYSTEMPATH/HTTP/RedirectResponse.php(56): CodeIgniter\HTTP\Exceptions\HTTPException::forInvalidRedirectRoute()
 2 APPPATH/Controllers/BaseController.php(97): CodeIgniter\HTTP\RedirectResponse->route()
 3 SYSTEMPATH/CodeIgniter.php(859): App\Controllers\BaseController->initController()
 4 SYSTEMPATH/CodeIgniter.php(457): CodeIgniter\CodeIgniter->createController()
 5 SYSTEMPATH/CodeIgniter.php(349): CodeIgniter\CodeIgniter->handleRequest()
 6 FCPATH/index.php(57): CodeIgniter\CodeIgniter->run()
CRITICAL - 2024-08-08 11:54:11 -->  route cannot be found while reverse-routing.
in SYSTEMPATH/HTTP/RedirectResponse.php on line 56.
 1 SYSTEMPATH/HTTP/RedirectResponse.php(56): CodeIgniter\HTTP\Exceptions\HTTPException::forInvalidRedirectRoute()
 2 APPPATH/Controllers/BaseController.php(97): CodeIgniter\HTTP\RedirectResponse->route()
 3 SYSTEMPATH/CodeIgniter.php(859): App\Controllers\BaseController->initController()
 4 SYSTEMPATH/CodeIgniter.php(457): CodeIgniter\CodeIgniter->createController()
 5 SYSTEMPATH/CodeIgniter.php(349): CodeIgniter\CodeIgniter->handleRequest()
 6 FCPATH/index.php(57): CodeIgniter\CodeIgniter->run()
CRITICAL - 2024-08-08 12:04:20 --> Undefined property: stdClass::$reference
in APPPATH/Helpers/global_helper.php on line 914.
 1 APPPATH/Helpers/global_helper.php(914): CodeIgniter\Debug\Exceptions->errorHandler()
 2 APPPATH/Controllers/Malipo.php(440): nmbGenSubmitJson()
 3 SYSTEMPATH/CodeIgniter.php(896): App\Controllers\Malipo->nmbbillrequest()
 4 SYSTEMPATH/CodeIgniter.php(466): CodeIgniter\CodeIgniter->runController()
 5 SYSTEMPATH/CodeIgniter.php(349): CodeIgniter\CodeIgniter->handleRequest()
 6 FCPATH/index.php(57): CodeIgniter\CodeIgniter->run()
CRITICAL - 2024-08-08 12:04:39 --> Undefined property: stdClass::$reference
in APPPATH/Helpers/global_helper.php on line 914.
 1 APPPATH/Helpers/global_helper.php(914): CodeIgniter\Debug\Exceptions->errorHandler()
 2 APPPATH/Controllers/Malipo.php(440): nmbGenSubmitJson()
 3 SYSTEMPATH/CodeIgniter.php(896): App\Controllers\Malipo->nmbbillrequest()
 4 SYSTEMPATH/CodeIgniter.php(466): CodeIgniter\CodeIgniter->runController()
 5 SYSTEMPATH/CodeIgniter.php(349): CodeIgniter\CodeIgniter->handleRequest()
 6 FCPATH/index.php(57): CodeIgniter\CodeIgniter->run()
CRITICAL - 2024-08-08 13:10:21 -->  route cannot be found while reverse-routing.
in SYSTEMPATH/HTTP/RedirectResponse.php on line 56.
 1 SYSTEMPATH/HTTP/RedirectResponse.php(56): CodeIgniter\HTTP\Exceptions\HTTPException::forInvalidRedirectRoute()
 2 APPPATH/Controllers/BaseController.php(97): CodeIgniter\HTTP\RedirectResponse->route()
 3 SYSTEMPATH/CodeIgniter.php(859): App\Controllers\BaseController->initController()
 4 SYSTEMPATH/CodeIgniter.php(457): CodeIgniter\CodeIgniter->createController()
 5 SYSTEMPATH/CodeIgniter.php(349): CodeIgniter\CodeIgniter->handleRequest()
 6 FCPATH/index.php(57): CodeIgniter\CodeIgniter->run()
CRITICAL - 2024-08-08 13:10:21 -->  route cannot be found while reverse-routing.
in SYSTEMPATH/HTTP/RedirectResponse.php on line 56.
 1 SYSTEMPATH/HTTP/RedirectResponse.php(56): CodeIgniter\HTTP\Exceptions\HTTPException::forInvalidRedirectRoute()
 2 APPPATH/Controllers/BaseController.php(97): CodeIgniter\HTTP\RedirectResponse->route()
 3 SYSTEMPATH/CodeIgniter.php(859): App\Controllers\BaseController->initController()
 4 SYSTEMPATH/CodeIgniter.php(457): CodeIgniter\CodeIgniter->createController()
 5 SYSTEMPATH/CodeIgniter.php(349): CodeIgniter\CodeIgniter->handleRequest()
 6 FCPATH/index.php(57): CodeIgniter\CodeIgniter->run()
CRITICAL - 2024-08-08 13:10:26 -->  route cannot be found while reverse-routing.
in SYSTEMPATH/HTTP/RedirectResponse.php on line 56.
 1 SYSTEMPATH/HTTP/RedirectResponse.php(56): CodeIgniter\HTTP\Exceptions\HTTPException::forInvalidRedirectRoute()
 2 APPPATH/Controllers/BaseController.php(97): CodeIgniter\HTTP\RedirectResponse->route()
 3 SYSTEMPATH/CodeIgniter.php(859): App\Controllers\BaseController->initController()
 4 SYSTEMPATH/CodeIgniter.php(457): CodeIgniter\CodeIgniter->createController()
 5 SYSTEMPATH/CodeIgniter.php(349): CodeIgniter\CodeIgniter->handleRequest()
 6 FCPATH/index.php(57): CodeIgniter\CodeIgniter->run()
CRITICAL - 2024-08-08 13:10:30 -->  route cannot be found while reverse-routing.
in SYSTEMPATH/HTTP/RedirectResponse.php on line 56.
 1 SYSTEMPATH/HTTP/RedirectResponse.php(56): CodeIgniter\HTTP\Exceptions\HTTPException::forInvalidRedirectRoute()
 2 APPPATH/Controllers/BaseController.php(97): CodeIgniter\HTTP\RedirectResponse->route()
 3 SYSTEMPATH/CodeIgniter.php(859): App\Controllers\BaseController->initController()
 4 SYSTEMPATH/CodeIgniter.php(457): CodeIgniter\CodeIgniter->createController()
 5 SYSTEMPATH/CodeIgniter.php(349): CodeIgniter\CodeIgniter->handleRequest()
 6 FCPATH/index.php(57): CodeIgniter\CodeIgniter->run()
CRITICAL - 2024-08-08 13:10:31 -->  route cannot be found while reverse-routing.
in SYSTEMPATH/HTTP/RedirectResponse.php on line 56.
 1 SYSTEMPATH/HTTP/RedirectResponse.php(56): CodeIgniter\HTTP\Exceptions\HTTPException::forInvalidRedirectRoute()
 2 APPPATH/Controllers/BaseController.php(97): CodeIgniter\HTTP\RedirectResponse->route()
 3 SYSTEMPATH/CodeIgniter.php(859): App\Controllers\BaseController->initController()
 4 SYSTEMPATH/CodeIgniter.php(457): CodeIgniter\CodeIgniter->createController()
 5 SYSTEMPATH/CodeIgniter.php(349): CodeIgniter\CodeIgniter->handleRequest()
 6 FCPATH/index.php(57): CodeIgniter\CodeIgniter->run()
CRITICAL - 2024-08-08 13:10:31 -->  route cannot be found while reverse-routing.
in SYSTEMPATH/HTTP/RedirectResponse.php on line 56.
 1 SYSTEMPATH/HTTP/RedirectResponse.php(56): CodeIgniter\HTTP\Exceptions\HTTPException::forInvalidRedirectRoute()
 2 APPPATH/Controllers/BaseController.php(97): CodeIgniter\HTTP\RedirectResponse->route()
 3 SYSTEMPATH/CodeIgniter.php(859): App\Controllers\BaseController->initController()
 4 SYSTEMPATH/CodeIgniter.php(457): CodeIgniter\CodeIgniter->createController()
 5 SYSTEMPATH/CodeIgniter.php(349): CodeIgniter\CodeIgniter->handleRequest()
 6 FCPATH/index.php(57): CodeIgniter\CodeIgniter->run()
CRITICAL - 2024-08-08 13:10:32 -->  route cannot be found while reverse-routing.
in SYSTEMPATH/HTTP/RedirectResponse.php on line 56.
 1 SYSTEMPATH/HTTP/RedirectResponse.php(56): CodeIgniter\HTTP\Exceptions\HTTPException::forInvalidRedirectRoute()
 2 APPPATH/Controllers/BaseController.php(97): CodeIgniter\HTTP\RedirectResponse->route()
 3 SYSTEMPATH/CodeIgniter.php(859): App\Controllers\BaseController->initController()
 4 SYSTEMPATH/CodeIgniter.php(457): CodeIgniter\CodeIgniter->createController()
 5 SYSTEMPATH/CodeIgniter.php(349): CodeIgniter\CodeIgniter->handleRequest()
 6 FCPATH/index.php(57): CodeIgniter\CodeIgniter->run()
CRITICAL - 2024-08-08 13:10:34 -->  route cannot be found while reverse-routing.
in SYSTEMPATH/HTTP/RedirectResponse.php on line 56.
 1 SYSTEMPATH/HTTP/RedirectResponse.php(56): CodeIgniter\HTTP\Exceptions\HTTPException::forInvalidRedirectRoute()
 2 APPPATH/Controllers/BaseController.php(97): CodeIgniter\HTTP\RedirectResponse->route()
 3 SYSTEMPATH/CodeIgniter.php(859): App\Controllers\BaseController->initController()
 4 SYSTEMPATH/CodeIgniter.php(457): CodeIgniter\CodeIgniter->createController()
 5 SYSTEMPATH/CodeIgniter.php(349): CodeIgniter\CodeIgniter->handleRequest()
 6 FCPATH/index.php(57): CodeIgniter\CodeIgniter->run()
CRITICAL - 2024-08-08 13:10:36 -->  route cannot be found while reverse-routing.
in SYSTEMPATH/HTTP/RedirectResponse.php on line 56.
 1 SYSTEMPATH/HTTP/RedirectResponse.php(56): CodeIgniter\HTTP\Exceptions\HTTPException::forInvalidRedirectRoute()
 2 APPPATH/Controllers/BaseController.php(97): CodeIgniter\HTTP\RedirectResponse->route()
 3 SYSTEMPATH/CodeIgniter.php(859): App\Controllers\BaseController->initController()
 4 SYSTEMPATH/CodeIgniter.php(457): CodeIgniter\CodeIgniter->createController()
 5 SYSTEMPATH/CodeIgniter.php(349): CodeIgniter\CodeIgniter->handleRequest()
 6 FCPATH/index.php(57): CodeIgniter\CodeIgniter->run()
CRITICAL - 2024-08-08 13:10:36 -->  route cannot be found while reverse-routing.
in SYSTEMPATH/HTTP/RedirectResponse.php on line 56.
 1 SYSTEMPATH/HTTP/RedirectResponse.php(56): CodeIgniter\HTTP\Exceptions\HTTPException::forInvalidRedirectRoute()
 2 APPPATH/Controllers/BaseController.php(97): CodeIgniter\HTTP\RedirectResponse->route()
 3 SYSTEMPATH/CodeIgniter.php(859): App\Controllers\BaseController->initController()
 4 SYSTEMPATH/CodeIgniter.php(457): CodeIgniter\CodeIgniter->createController()
 5 SYSTEMPATH/CodeIgniter.php(349): CodeIgniter\CodeIgniter->handleRequest()
 6 FCPATH/index.php(57): CodeIgniter\CodeIgniter->run()
CRITICAL - 2024-08-08 13:10:40 -->  route cannot be found while reverse-routing.
in SYSTEMPATH/HTTP/RedirectResponse.php on line 56.
 1 SYSTEMPATH/HTTP/RedirectResponse.php(56): CodeIgniter\HTTP\Exceptions\HTTPException::forInvalidRedirectRoute()
 2 APPPATH/Controllers/BaseController.php(97): CodeIgniter\HTTP\RedirectResponse->route()
 3 SYSTEMPATH/CodeIgniter.php(859): App\Controllers\BaseController->initController()
 4 SYSTEMPATH/CodeIgniter.php(457): CodeIgniter\CodeIgniter->createController()
 5 SYSTEMPATH/CodeIgniter.php(349): CodeIgniter\CodeIgniter->handleRequest()
 6 FCPATH/index.php(57): CodeIgniter\CodeIgniter->run()
CRITICAL - 2024-08-08 13:10:41 -->  route cannot be found while reverse-routing.
in SYSTEMPATH/HTTP/RedirectResponse.php on line 56.
 1 SYSTEMPATH/HTTP/RedirectResponse.php(56): CodeIgniter\HTTP\Exceptions\HTTPException::forInvalidRedirectRoute()
 2 APPPATH/Controllers/BaseController.php(97): CodeIgniter\HTTP\RedirectResponse->route()
 3 SYSTEMPATH/CodeIgniter.php(859): App\Controllers\BaseController->initController()
 4 SYSTEMPATH/CodeIgniter.php(457): CodeIgniter\CodeIgniter->createController()
 5 SYSTEMPATH/CodeIgniter.php(349): CodeIgniter\CodeIgniter->handleRequest()
 6 FCPATH/index.php(57): CodeIgniter\CodeIgniter->run()
CRITICAL - 2024-08-08 13:10:46 -->  route cannot be found while reverse-routing.
in SYSTEMPATH/HTTP/RedirectResponse.php on line 56.
 1 SYSTEMPATH/HTTP/RedirectResponse.php(56): CodeIgniter\HTTP\Exceptions\HTTPException::forInvalidRedirectRoute()
 2 APPPATH/Controllers/BaseController.php(97): CodeIgniter\HTTP\RedirectResponse->route()
 3 SYSTEMPATH/CodeIgniter.php(859): App\Controllers\BaseController->initController()
 4 SYSTEMPATH/CodeIgniter.php(457): CodeIgniter\CodeIgniter->createController()
 5 SYSTEMPATH/CodeIgniter.php(349): CodeIgniter\CodeIgniter->handleRequest()
 6 FCPATH/index.php(57): CodeIgniter\CodeIgniter->run()
CRITICAL - 2024-08-08 13:10:51 -->  route cannot be found while reverse-routing.
in SYSTEMPATH/HTTP/RedirectResponse.php on line 56.
 1 SYSTEMPATH/HTTP/RedirectResponse.php(56): CodeIgniter\HTTP\Exceptions\HTTPException::forInvalidRedirectRoute()
 2 APPPATH/Controllers/BaseController.php(97): CodeIgniter\HTTP\RedirectResponse->route()
 3 SYSTEMPATH/CodeIgniter.php(859): App\Controllers\BaseController->initController()
 4 SYSTEMPATH/CodeIgniter.php(457): CodeIgniter\CodeIgniter->createController()
 5 SYSTEMPATH/CodeIgniter.php(349): CodeIgniter\CodeIgniter->handleRequest()
 6 FCPATH/index.php(57): CodeIgniter\CodeIgniter->run()
CRITICAL - 2024-08-08 13:10:53 -->  route cannot be found while reverse-routing.
in SYSTEMPATH/HTTP/RedirectResponse.php on line 56.
 1 SYSTEMPATH/HTTP/RedirectResponse.php(56): CodeIgniter\HTTP\Exceptions\HTTPException::forInvalidRedirectRoute()
 2 APPPATH/Controllers/BaseController.php(97): CodeIgniter\HTTP\RedirectResponse->route()
 3 SYSTEMPATH/CodeIgniter.php(859): App\Controllers\BaseController->initController()
 4 SYSTEMPATH/CodeIgniter.php(457): CodeIgniter\CodeIgniter->createController()
 5 SYSTEMPATH/CodeIgniter.php(349): CodeIgniter\CodeIgniter->handleRequest()
 6 FCPATH/index.php(57): CodeIgniter\CodeIgniter->run()
CRITICAL - 2024-08-08 13:10:54 -->  route cannot be found while reverse-routing.
in SYSTEMPATH/HTTP/RedirectResponse.php on line 56.
 1 SYSTEMPATH/HTTP/RedirectResponse.php(56): CodeIgniter\HTTP\Exceptions\HTTPException::forInvalidRedirectRoute()
 2 APPPATH/Controllers/BaseController.php(97): CodeIgniter\HTTP\RedirectResponse->route()
 3 SYSTEMPATH/CodeIgniter.php(859): App\Controllers\BaseController->initController()
 4 SYSTEMPATH/CodeIgniter.php(457): CodeIgniter\CodeIgniter->createController()
 5 SYSTEMPATH/CodeIgniter.php(349): CodeIgniter\CodeIgniter->handleRequest()
 6 FCPATH/index.php(57): CodeIgniter\CodeIgniter->run()
CRITICAL - 2024-08-08 13:10:55 -->  route cannot be found while reverse-routing.
in SYSTEMPATH/HTTP/RedirectResponse.php on line 56.
 1 SYSTEMPATH/HTTP/RedirectResponse.php(56): CodeIgniter\HTTP\Exceptions\HTTPException::forInvalidRedirectRoute()
 2 APPPATH/Controllers/BaseController.php(97): CodeIgniter\HTTP\RedirectResponse->route()
 3 SYSTEMPATH/CodeIgniter.php(859): App\Controllers\BaseController->initController()
 4 SYSTEMPATH/CodeIgniter.php(457): CodeIgniter\CodeIgniter->createController()
 5 SYSTEMPATH/CodeIgniter.php(349): CodeIgniter\CodeIgniter->handleRequest()
 6 FCPATH/index.php(57): CodeIgniter\CodeIgniter->run()
CRITICAL - 2024-08-08 13:10:56 -->  route cannot be found while reverse-routing.
in SYSTEMPATH/HTTP/RedirectResponse.php on line 56.
 1 SYSTEMPATH/HTTP/RedirectResponse.php(56): CodeIgniter\HTTP\Exceptions\HTTPException::forInvalidRedirectRoute()
 2 APPPATH/Controllers/BaseController.php(97): CodeIgniter\HTTP\RedirectResponse->route()
 3 SYSTEMPATH/CodeIgniter.php(859): App\Controllers\BaseController->initController()
 4 SYSTEMPATH/CodeIgniter.php(457): CodeIgniter\CodeIgniter->createController()
 5 SYSTEMPATH/CodeIgniter.php(349): CodeIgniter\CodeIgniter->handleRequest()
 6 FCPATH/index.php(57): CodeIgniter\CodeIgniter->run()
CRITICAL - 2024-08-08 13:11:01 -->  route cannot be found while reverse-routing.
in SYSTEMPATH/HTTP/RedirectResponse.php on line 56.
 1 SYSTEMPATH/HTTP/RedirectResponse.php(56): CodeIgniter\HTTP\Exceptions\HTTPException::forInvalidRedirectRoute()
 2 APPPATH/Controllers/BaseController.php(97): CodeIgniter\HTTP\RedirectResponse->route()
 3 SYSTEMPATH/CodeIgniter.php(859): App\Controllers\BaseController->initController()
 4 SYSTEMPATH/CodeIgniter.php(457): CodeIgniter\CodeIgniter->createController()
 5 SYSTEMPATH/CodeIgniter.php(349): CodeIgniter\CodeIgniter->handleRequest()
 6 FCPATH/index.php(57): CodeIgniter\CodeIgniter->run()
CRITICAL - 2024-08-08 13:11:01 -->  route cannot be found while reverse-routing.
in SYSTEMPATH/HTTP/RedirectResponse.php on line 56.
 1 SYSTEMPATH/HTTP/RedirectResponse.php(56): CodeIgniter\HTTP\Exceptions\HTTPException::forInvalidRedirectRoute()
 2 APPPATH/Controllers/BaseController.php(97): CodeIgniter\HTTP\RedirectResponse->route()
 3 SYSTEMPATH/CodeIgniter.php(859): App\Controllers\BaseController->initController()
 4 SYSTEMPATH/CodeIgniter.php(457): CodeIgniter\CodeIgniter->createController()
 5 SYSTEMPATH/CodeIgniter.php(349): CodeIgniter\CodeIgniter->handleRequest()
 6 FCPATH/index.php(57): CodeIgniter\CodeIgniter->run()
CRITICAL - 2024-08-08 13:11:06 -->  route cannot be found while reverse-routing.
in SYSTEMPATH/HTTP/RedirectResponse.php on line 56.
 1 SYSTEMPATH/HTTP/RedirectResponse.php(56): CodeIgniter\HTTP\Exceptions\HTTPException::forInvalidRedirectRoute()
 2 APPPATH/Controllers/BaseController.php(97): CodeIgniter\HTTP\RedirectResponse->route()
 3 SYSTEMPATH/CodeIgniter.php(859): App\Controllers\BaseController->initController()
 4 SYSTEMPATH/CodeIgniter.php(457): CodeIgniter\CodeIgniter->createController()
 5 SYSTEMPATH/CodeIgniter.php(349): CodeIgniter\CodeIgniter->handleRequest()
 6 FCPATH/index.php(57): CodeIgniter\CodeIgniter->run()
CRITICAL - 2024-08-08 05:12:49 --> syntax error, unexpected token "exit"
in APPPATH/Controllers/BaseController.php on line 98.
 1 SYSTEMPATH/Autoloader/Autoloader.php(261): CodeIgniter\Autoloader\Autoloader->includeFile()
 2 SYSTEMPATH/Autoloader/Autoloader.php(239): CodeIgniter\Autoloader\Autoloader->loadInNamespace()
 3 APPPATH/Controllers/Login.php(6): CodeIgniter\Autoloader\Autoloader->loadClass()
 4 SYSTEMPATH/Autoloader/Autoloader.php(284): include_once('APPPATH/Controllers/Login.php')
 5 SYSTEMPATH/Autoloader/Autoloader.php(261): CodeIgniter\Autoloader\Autoloader->includeFile()
 6 SYSTEMPATH/Autoloader/Autoloader.php(239): CodeIgniter\Autoloader\Autoloader->loadInNamespace()
 7 [internal function]: CodeIgniter\Autoloader\Autoloader->loadClass()
 8 SYSTEMPATH/CodeIgniter.php(846): class_exists()
 9 SYSTEMPATH/CodeIgniter.php(453): CodeIgniter\CodeIgniter->startController()
10 SYSTEMPATH/CodeIgniter.php(349): CodeIgniter\CodeIgniter->handleRequest()
11 FCPATH/index.php(57): CodeIgniter\CodeIgniter->run()
CRITICAL - 2024-08-08 05:12:51 --> syntax error, unexpected token "exit"
in APPPATH/Controllers/BaseController.php on line 98.
 1 SYSTEMPATH/Autoloader/Autoloader.php(261): CodeIgniter\Autoloader\Autoloader->includeFile()
 2 SYSTEMPATH/Autoloader/Autoloader.php(239): CodeIgniter\Autoloader\Autoloader->loadInNamespace()
 3 APPPATH/Controllers/Api.php(5): CodeIgniter\Autoloader\Autoloader->loadClass()
 4 SYSTEMPATH/Router/AutoRouter.php(147): include_once('APPPATH/Controllers/Api.php')
 5 SYSTEMPATH/Router/Router.php(499): CodeIgniter\Router\AutoRouter->getRoute()
 6 SYSTEMPATH/Router/Router.php(205): CodeIgniter\Router\Router->autoRoute()
 7 SYSTEMPATH/CodeIgniter.php(771): CodeIgniter\Router\Router->handle()
 8 SYSTEMPATH/CodeIgniter.php(415): CodeIgniter\CodeIgniter->tryToRouteIt()
 9 SYSTEMPATH/CodeIgniter.php(349): CodeIgniter\CodeIgniter->handleRequest()
10 FCPATH/index.php(57): CodeIgniter\CodeIgniter->run()
CRITICAL - 2024-08-08 05:12:53 --> syntax error, unexpected token "exit"
in APPPATH/Controllers/BaseController.php on line 98.
 1 SYSTEMPATH/Autoloader/Autoloader.php(261): CodeIgniter\Autoloader\Autoloader->includeFile()
 2 SYSTEMPATH/Autoloader/Autoloader.php(239): CodeIgniter\Autoloader\Autoloader->loadInNamespace()
 3 APPPATH/Controllers/Api.php(5): CodeIgniter\Autoloader\Autoloader->loadClass()
 4 SYSTEMPATH/Router/AutoRouter.php(147): include_once('APPPATH/Controllers/Api.php')
 5 SYSTEMPATH/Router/Router.php(499): CodeIgniter\Router\AutoRouter->getRoute()
 6 SYSTEMPATH/Router/Router.php(205): CodeIgniter\Router\Router->autoRoute()
 7 SYSTEMPATH/CodeIgniter.php(771): CodeIgniter\Router\Router->handle()
 8 SYSTEMPATH/CodeIgniter.php(415): CodeIgniter\CodeIgniter->tryToRouteIt()
 9 SYSTEMPATH/CodeIgniter.php(349): CodeIgniter\CodeIgniter->handleRequest()
10 FCPATH/index.php(57): CodeIgniter\CodeIgniter->run()
CRITICAL - 2024-08-08 05:12:56 --> syntax error, unexpected token "exit"
in APPPATH/Controllers/BaseController.php on line 98.
 1 SYSTEMPATH/Autoloader/Autoloader.php(261): CodeIgniter\Autoloader\Autoloader->includeFile()
 2 SYSTEMPATH/Autoloader/Autoloader.php(239): CodeIgniter\Autoloader\Autoloader->loadInNamespace()
 3 APPPATH/Controllers/Api.php(5): CodeIgniter\Autoloader\Autoloader->loadClass()
 4 SYSTEMPATH/Router/AutoRouter.php(147): include_once('APPPATH/Controllers/Api.php')
 5 SYSTEMPATH/Router/Router.php(499): CodeIgniter\Router\AutoRouter->getRoute()
 6 SYSTEMPATH/Router/Router.php(205): CodeIgniter\Router\Router->autoRoute()
 7 SYSTEMPATH/CodeIgniter.php(771): CodeIgniter\Router\Router->handle()
 8 SYSTEMPATH/CodeIgniter.php(415): CodeIgniter\CodeIgniter->tryToRouteIt()
 9 SYSTEMPATH/CodeIgniter.php(349): CodeIgniter\CodeIgniter->handleRequest()
10 FCPATH/index.php(57): CodeIgniter\CodeIgniter->run()
CRITICAL - 2024-08-08 05:13:01 --> syntax error, unexpected token "exit"
in APPPATH/Controllers/BaseController.php on line 98.
 1 SYSTEMPATH/Autoloader/Autoloader.php(261): CodeIgniter\Autoloader\Autoloader->includeFile()
 2 SYSTEMPATH/Autoloader/Autoloader.php(239): CodeIgniter\Autoloader\Autoloader->loadInNamespace()
 3 APPPATH/Controllers/Api.php(5): CodeIgniter\Autoloader\Autoloader->loadClass()
 4 SYSTEMPATH/Router/AutoRouter.php(147): include_once('APPPATH/Controllers/Api.php')
 5 SYSTEMPATH/Router/Router.php(499): CodeIgniter\Router\AutoRouter->getRoute()
 6 SYSTEMPATH/Router/Router.php(205): CodeIgniter\Router\Router->autoRoute()
 7 SYSTEMPATH/CodeIgniter.php(771): CodeIgniter\Router\Router->handle()
 8 SYSTEMPATH/CodeIgniter.php(415): CodeIgniter\CodeIgniter->tryToRouteIt()
 9 SYSTEMPATH/CodeIgniter.php(349): CodeIgniter\CodeIgniter->handleRequest()
10 FCPATH/index.php(57): CodeIgniter\CodeIgniter->run()
CRITICAL - 2024-08-08 05:13:01 --> syntax error, unexpected token "exit"
in APPPATH/Controllers/BaseController.php on line 98.
 1 SYSTEMPATH/Autoloader/Autoloader.php(261): CodeIgniter\Autoloader\Autoloader->includeFile()
 2 SYSTEMPATH/Autoloader/Autoloader.php(239): CodeIgniter\Autoloader\Autoloader->loadInNamespace()
 3 APPPATH/Controllers/Api.php(5): CodeIgniter\Autoloader\Autoloader->loadClass()
 4 SYSTEMPATH/Router/AutoRouter.php(147): include_once('APPPATH/Controllers/Api.php')
 5 SYSTEMPATH/Router/Router.php(499): CodeIgniter\Router\AutoRouter->getRoute()
 6 SYSTEMPATH/Router/Router.php(205): CodeIgniter\Router\Router->autoRoute()
 7 SYSTEMPATH/CodeIgniter.php(771): CodeIgniter\Router\Router->handle()
 8 SYSTEMPATH/CodeIgniter.php(415): CodeIgniter\CodeIgniter->tryToRouteIt()
 9 SYSTEMPATH/CodeIgniter.php(349): CodeIgniter\CodeIgniter->handleRequest()
10 FCPATH/index.php(57): CodeIgniter\CodeIgniter->run()
CRITICAL - 2024-08-08 05:13:04 --> syntax error, unexpected token "exit"
in APPPATH/Controllers/BaseController.php on line 98.
 1 SYSTEMPATH/Autoloader/Autoloader.php(261): CodeIgniter\Autoloader\Autoloader->includeFile()
 2 SYSTEMPATH/Autoloader/Autoloader.php(239): CodeIgniter\Autoloader\Autoloader->loadInNamespace()
 3 APPPATH/Controllers/Billing.php(7): CodeIgniter\Autoloader\Autoloader->loadClass()
 4 SYSTEMPATH/Router/AutoRouter.php(147): include_once('APPPATH/Controllers/Billing.php')
 5 SYSTEMPATH/Router/Router.php(499): CodeIgniter\Router\AutoRouter->getRoute()
 6 SYSTEMPATH/Router/Router.php(205): CodeIgniter\Router\Router->autoRoute()
 7 SYSTEMPATH/CodeIgniter.php(771): CodeIgniter\Router\Router->handle()
 8 SYSTEMPATH/CodeIgniter.php(415): CodeIgniter\CodeIgniter->tryToRouteIt()
 9 SYSTEMPATH/CodeIgniter.php(349): CodeIgniter\CodeIgniter->handleRequest()
10 FCPATH/index.php(57): CodeIgniter\CodeIgniter->run()
CRITICAL - 2024-08-08 05:13:06 --> syntax error, unexpected token "exit"
in APPPATH/Controllers/BaseController.php on line 98.
 1 SYSTEMPATH/Autoloader/Autoloader.php(261): CodeIgniter\Autoloader\Autoloader->includeFile()
 2 SYSTEMPATH/Autoloader/Autoloader.php(239): CodeIgniter\Autoloader\Autoloader->loadInNamespace()
 3 APPPATH/Controllers/Api.php(5): CodeIgniter\Autoloader\Autoloader->loadClass()
 4 SYSTEMPATH/Router/AutoRouter.php(147): include_once('APPPATH/Controllers/Api.php')
 5 SYSTEMPATH/Router/Router.php(499): CodeIgniter\Router\AutoRouter->getRoute()
 6 SYSTEMPATH/Router/Router.php(205): CodeIgniter\Router\Router->autoRoute()
 7 SYSTEMPATH/CodeIgniter.php(771): CodeIgniter\Router\Router->handle()
 8 SYSTEMPATH/CodeIgniter.php(415): CodeIgniter\CodeIgniter->tryToRouteIt()
 9 SYSTEMPATH/CodeIgniter.php(349): CodeIgniter\CodeIgniter->handleRequest()
10 FCPATH/index.php(57): CodeIgniter\CodeIgniter->run()
CRITICAL - 2024-08-08 05:13:11 --> syntax error, unexpected token "exit"
in APPPATH/Controllers/BaseController.php on line 98.
 1 SYSTEMPATH/Autoloader/Autoloader.php(261): CodeIgniter\Autoloader\Autoloader->includeFile()
 2 SYSTEMPATH/Autoloader/Autoloader.php(239): CodeIgniter\Autoloader\Autoloader->loadInNamespace()
 3 APPPATH/Controllers/Api.php(5): CodeIgniter\Autoloader\Autoloader->loadClass()
 4 SYSTEMPATH/Router/AutoRouter.php(147): include_once('APPPATH/Controllers/Api.php')
 5 SYSTEMPATH/Router/Router.php(499): CodeIgniter\Router\AutoRouter->getRoute()
 6 SYSTEMPATH/Router/Router.php(205): CodeIgniter\Router\Router->autoRoute()
 7 SYSTEMPATH/CodeIgniter.php(771): CodeIgniter\Router\Router->handle()
 8 SYSTEMPATH/CodeIgniter.php(415): CodeIgniter\CodeIgniter->tryToRouteIt()
 9 SYSTEMPATH/CodeIgniter.php(349): CodeIgniter\CodeIgniter->handleRequest()
10 FCPATH/index.php(57): CodeIgniter\CodeIgniter->run()
CRITICAL - 2024-08-08 05:13:12 --> syntax error, unexpected token "exit"
in APPPATH/Controllers/BaseController.php on line 98.
 1 SYSTEMPATH/Autoloader/Autoloader.php(261): CodeIgniter\Autoloader\Autoloader->includeFile()
 2 SYSTEMPATH/Autoloader/Autoloader.php(239): CodeIgniter\Autoloader\Autoloader->loadInNamespace()
 3 APPPATH/Controllers/Billing.php(7): CodeIgniter\Autoloader\Autoloader->loadClass()
 4 SYSTEMPATH/Router/AutoRouter.php(147): include_once('APPPATH/Controllers/Billing.php')
 5 SYSTEMPATH/Router/Router.php(499): CodeIgniter\Router\AutoRouter->getRoute()
 6 SYSTEMPATH/Router/Router.php(205): CodeIgniter\Router\Router->autoRoute()
 7 SYSTEMPATH/CodeIgniter.php(771): CodeIgniter\Router\Router->handle()
 8 SYSTEMPATH/CodeIgniter.php(415): CodeIgniter\CodeIgniter->tryToRouteIt()
 9 SYSTEMPATH/CodeIgniter.php(349): CodeIgniter\CodeIgniter->handleRequest()
10 FCPATH/index.php(57): CodeIgniter\CodeIgniter->run()
CRITICAL - 2024-08-08 05:13:14 --> syntax error, unexpected token "exit"
in APPPATH/Controllers/BaseController.php on line 98.
 1 SYSTEMPATH/Autoloader/Autoloader.php(261): CodeIgniter\Autoloader\Autoloader->includeFile()
 2 SYSTEMPATH/Autoloader/Autoloader.php(239): CodeIgniter\Autoloader\Autoloader->loadInNamespace()
 3 APPPATH/Controllers/Billing.php(7): CodeIgniter\Autoloader\Autoloader->loadClass()
 4 SYSTEMPATH/Router/AutoRouter.php(147): include_once('APPPATH/Controllers/Billing.php')
 5 SYSTEMPATH/Router/Router.php(499): CodeIgniter\Router\AutoRouter->getRoute()
 6 SYSTEMPATH/Router/Router.php(205): CodeIgniter\Router\Router->autoRoute()
 7 SYSTEMPATH/CodeIgniter.php(771): CodeIgniter\Router\Router->handle()
 8 SYSTEMPATH/CodeIgniter.php(415): CodeIgniter\CodeIgniter->tryToRouteIt()
 9 SYSTEMPATH/CodeIgniter.php(349): CodeIgniter\CodeIgniter->handleRequest()
10 FCPATH/index.php(57): CodeIgniter\CodeIgniter->run()
CRITICAL - 2024-08-08 05:13:16 --> syntax error, unexpected token "exit"
in APPPATH/Controllers/BaseController.php on line 98.
 1 SYSTEMPATH/Autoloader/Autoloader.php(261): CodeIgniter\Autoloader\Autoloader->includeFile()
 2 SYSTEMPATH/Autoloader/Autoloader.php(239): CodeIgniter\Autoloader\Autoloader->loadInNamespace()
 3 APPPATH/Controllers/Api.php(5): CodeIgniter\Autoloader\Autoloader->loadClass()
 4 SYSTEMPATH/Router/AutoRouter.php(147): include_once('APPPATH/Controllers/Api.php')
 5 SYSTEMPATH/Router/Router.php(499): CodeIgniter\Router\AutoRouter->getRoute()
 6 SYSTEMPATH/Router/Router.php(205): CodeIgniter\Router\Router->autoRoute()
 7 SYSTEMPATH/CodeIgniter.php(771): CodeIgniter\Router\Router->handle()
 8 SYSTEMPATH/CodeIgniter.php(415): CodeIgniter\CodeIgniter->tryToRouteIt()
 9 SYSTEMPATH/CodeIgniter.php(349): CodeIgniter\CodeIgniter->handleRequest()
10 FCPATH/index.php(57): CodeIgniter\CodeIgniter->run()
CRITICAL - 2024-08-08 05:13:18 --> syntax error, unexpected token "exit"
in APPPATH/Controllers/BaseController.php on line 98.
 1 SYSTEMPATH/Autoloader/Autoloader.php(261): CodeIgniter\Autoloader\Autoloader->includeFile()
 2 SYSTEMPATH/Autoloader/Autoloader.php(239): CodeIgniter\Autoloader\Autoloader->loadInNamespace()
 3 APPPATH/Controllers/Patients.php(9): CodeIgniter\Autoloader\Autoloader->loadClass()
 4 SYSTEMPATH/Router/AutoRouter.php(147): include_once('APPPATH/Controllers/Patients.php')
 5 SYSTEMPATH/Router/Router.php(499): CodeIgniter\Router\AutoRouter->getRoute()
 6 SYSTEMPATH/Router/Router.php(205): CodeIgniter\Router\Router->autoRoute()
 7 SYSTEMPATH/CodeIgniter.php(771): CodeIgniter\Router\Router->handle()
 8 SYSTEMPATH/CodeIgniter.php(415): CodeIgniter\CodeIgniter->tryToRouteIt()
 9 SYSTEMPATH/CodeIgniter.php(349): CodeIgniter\CodeIgniter->handleRequest()
10 FCPATH/index.php(57): CodeIgniter\CodeIgniter->run()
CRITICAL - 2024-08-08 05:13:19 --> syntax error, unexpected token "exit"
in APPPATH/Controllers/BaseController.php on line 98.
 1 SYSTEMPATH/Autoloader/Autoloader.php(261): CodeIgniter\Autoloader\Autoloader->includeFile()
 2 SYSTEMPATH/Autoloader/Autoloader.php(239): CodeIgniter\Autoloader\Autoloader->loadInNamespace()
 3 APPPATH/Controllers/Transactions.php(8): CodeIgniter\Autoloader\Autoloader->loadClass()
 4 SYSTEMPATH/Router/AutoRouter.php(147): include_once('APPPATH/Controllers/Transactions.php')
 5 SYSTEMPATH/Router/Router.php(499): CodeIgniter\Router\AutoRouter->getRoute()
 6 SYSTEMPATH/Router/Router.php(205): CodeIgniter\Router\Router->autoRoute()
 7 SYSTEMPATH/CodeIgniter.php(771): CodeIgniter\Router\Router->handle()
 8 SYSTEMPATH/CodeIgniter.php(415): CodeIgniter\CodeIgniter->tryToRouteIt()
 9 SYSTEMPATH/CodeIgniter.php(349): CodeIgniter\CodeIgniter->handleRequest()
10 FCPATH/index.php(57): CodeIgniter\CodeIgniter->run()
CRITICAL - 2024-08-08 05:13:21 --> syntax error, unexpected token "exit"
in APPPATH/Controllers/BaseController.php on line 98.
 1 SYSTEMPATH/Autoloader/Autoloader.php(261): CodeIgniter\Autoloader\Autoloader->includeFile()
 2 SYSTEMPATH/Autoloader/Autoloader.php(239): CodeIgniter\Autoloader\Autoloader->loadInNamespace()
 3 APPPATH/Controllers/Api.php(5): CodeIgniter\Autoloader\Autoloader->loadClass()
 4 SYSTEMPATH/Router/AutoRouter.php(147): include_once('APPPATH/Controllers/Api.php')
 5 SYSTEMPATH/Router/Router.php(499): CodeIgniter\Router\AutoRouter->getRoute()
 6 SYSTEMPATH/Router/Router.php(205): CodeIgniter\Router\Router->autoRoute()
 7 SYSTEMPATH/CodeIgniter.php(771): CodeIgniter\Router\Router->handle()
 8 SYSTEMPATH/CodeIgniter.php(415): CodeIgniter\CodeIgniter->tryToRouteIt()
 9 SYSTEMPATH/CodeIgniter.php(349): CodeIgniter\CodeIgniter->handleRequest()
10 FCPATH/index.php(57): CodeIgniter\CodeIgniter->run()
CRITICAL - 2024-08-08 05:13:26 --> syntax error, unexpected token "exit"
in APPPATH/Controllers/BaseController.php on line 98.
 1 SYSTEMPATH/Autoloader/Autoloader.php(261): CodeIgniter\Autoloader\Autoloader->includeFile()
 2 SYSTEMPATH/Autoloader/Autoloader.php(239): CodeIgniter\Autoloader\Autoloader->loadInNamespace()
 3 APPPATH/Controllers/Api.php(5): CodeIgniter\Autoloader\Autoloader->loadClass()
 4 SYSTEMPATH/Router/AutoRouter.php(147): include_once('APPPATH/Controllers/Api.php')
 5 SYSTEMPATH/Router/Router.php(499): CodeIgniter\Router\AutoRouter->getRoute()
 6 SYSTEMPATH/Router/Router.php(205): CodeIgniter\Router\Router->autoRoute()
 7 SYSTEMPATH/CodeIgniter.php(771): CodeIgniter\Router\Router->handle()
 8 SYSTEMPATH/CodeIgniter.php(415): CodeIgniter\CodeIgniter->tryToRouteIt()
 9 SYSTEMPATH/CodeIgniter.php(349): CodeIgniter\CodeIgniter->handleRequest()
10 FCPATH/index.php(57): CodeIgniter\CodeIgniter->run()
CRITICAL - 2024-08-08 05:13:31 --> syntax error, unexpected token "exit"
in APPPATH/Controllers/BaseController.php on line 98.
 1 SYSTEMPATH/Autoloader/Autoloader.php(261): CodeIgniter\Autoloader\Autoloader->includeFile()
 2 SYSTEMPATH/Autoloader/Autoloader.php(239): CodeIgniter\Autoloader\Autoloader->loadInNamespace()
 3 APPPATH/Controllers/Api.php(5): CodeIgniter\Autoloader\Autoloader->loadClass()
 4 SYSTEMPATH/Router/AutoRouter.php(147): include_once('APPPATH/Controllers/Api.php')
 5 SYSTEMPATH/Router/Router.php(499): CodeIgniter\Router\AutoRouter->getRoute()
 6 SYSTEMPATH/Router/Router.php(205): CodeIgniter\Router\Router->autoRoute()
 7 SYSTEMPATH/CodeIgniter.php(771): CodeIgniter\Router\Router->handle()
 8 SYSTEMPATH/CodeIgniter.php(415): CodeIgniter\CodeIgniter->tryToRouteIt()
 9 SYSTEMPATH/CodeIgniter.php(349): CodeIgniter\CodeIgniter->handleRequest()
10 FCPATH/index.php(57): CodeIgniter\CodeIgniter->run()
CRITICAL - 2024-08-08 05:13:31 --> syntax error, unexpected token "exit"
in APPPATH/Controllers/BaseController.php on line 98.
 1 SYSTEMPATH/Autoloader/Autoloader.php(261): CodeIgniter\Autoloader\Autoloader->includeFile()
 2 SYSTEMPATH/Autoloader/Autoloader.php(239): CodeIgniter\Autoloader\Autoloader->loadInNamespace()
 3 APPPATH/Controllers/Api.php(5): CodeIgniter\Autoloader\Autoloader->loadClass()
 4 SYSTEMPATH/Router/AutoRouter.php(147): include_once('APPPATH/Controllers/Api.php')
 5 SYSTEMPATH/Router/Router.php(499): CodeIgniter\Router\AutoRouter->getRoute()
 6 SYSTEMPATH/Router/Router.php(205): CodeIgniter\Router\Router->autoRoute()
 7 SYSTEMPATH/CodeIgniter.php(771): CodeIgniter\Router\Router->handle()
 8 SYSTEMPATH/CodeIgniter.php(415): CodeIgniter\CodeIgniter->tryToRouteIt()
 9 SYSTEMPATH/CodeIgniter.php(349): CodeIgniter\CodeIgniter->handleRequest()
10 FCPATH/index.php(57): CodeIgniter\CodeIgniter->run()
CRITICAL - 2024-08-08 05:13:36 --> syntax error, unexpected token "exit"
in APPPATH/Controllers/BaseController.php on line 98.
 1 SYSTEMPATH/Autoloader/Autoloader.php(261): CodeIgniter\Autoloader\Autoloader->includeFile()
 2 SYSTEMPATH/Autoloader/Autoloader.php(239): CodeIgniter\Autoloader\Autoloader->loadInNamespace()
 3 APPPATH/Controllers/Api.php(5): CodeIgniter\Autoloader\Autoloader->loadClass()
 4 SYSTEMPATH/Router/AutoRouter.php(147): include_once('APPPATH/Controllers/Api.php')
 5 SYSTEMPATH/Router/Router.php(499): CodeIgniter\Router\AutoRouter->getRoute()
 6 SYSTEMPATH/Router/Router.php(205): CodeIgniter\Router\Router->autoRoute()
 7 SYSTEMPATH/CodeIgniter.php(771): CodeIgniter\Router\Router->handle()
 8 SYSTEMPATH/CodeIgniter.php(415): CodeIgniter\CodeIgniter->tryToRouteIt()
 9 SYSTEMPATH/CodeIgniter.php(349): CodeIgniter\CodeIgniter->handleRequest()
10 FCPATH/index.php(57): CodeIgniter\CodeIgniter->run()
CRITICAL - 2024-08-08 05:13:41 --> syntax error, unexpected token "exit"
in APPPATH/Controllers/BaseController.php on line 98.
 1 SYSTEMPATH/Autoloader/Autoloader.php(261): CodeIgniter\Autoloader\Autoloader->includeFile()
 2 SYSTEMPATH/Autoloader/Autoloader.php(239): CodeIgniter\Autoloader\Autoloader->loadInNamespace()
 3 APPPATH/Controllers/Api.php(5): CodeIgniter\Autoloader\Autoloader->loadClass()
 4 SYSTEMPATH/Router/AutoRouter.php(147): include_once('APPPATH/Controllers/Api.php')
 5 SYSTEMPATH/Router/Router.php(499): CodeIgniter\Router\AutoRouter->getRoute()
 6 SYSTEMPATH/Router/Router.php(205): CodeIgniter\Router\Router->autoRoute()
 7 SYSTEMPATH/CodeIgniter.php(771): CodeIgniter\Router\Router->handle()
 8 SYSTEMPATH/CodeIgniter.php(415): CodeIgniter\CodeIgniter->tryToRouteIt()
 9 SYSTEMPATH/CodeIgniter.php(349): CodeIgniter\CodeIgniter->handleRequest()
10 FCPATH/index.php(57): CodeIgniter\CodeIgniter->run()
CRITICAL - 2024-08-08 05:13:46 --> syntax error, unexpected token "exit"
in APPPATH/Controllers/BaseController.php on line 98.
 1 SYSTEMPATH/Autoloader/Autoloader.php(261): CodeIgniter\Autoloader\Autoloader->includeFile()
 2 SYSTEMPATH/Autoloader/Autoloader.php(239): CodeIgniter\Autoloader\Autoloader->loadInNamespace()
 3 APPPATH/Controllers/Api.php(5): CodeIgniter\Autoloader\Autoloader->loadClass()
 4 SYSTEMPATH/Router/AutoRouter.php(147): include_once('APPPATH/Controllers/Api.php')
 5 SYSTEMPATH/Router/Router.php(499): CodeIgniter\Router\AutoRouter->getRoute()
 6 SYSTEMPATH/Router/Router.php(205): CodeIgniter\Router\Router->autoRoute()
 7 SYSTEMPATH/CodeIgniter.php(771): CodeIgniter\Router\Router->handle()
 8 SYSTEMPATH/CodeIgniter.php(415): CodeIgniter\CodeIgniter->tryToRouteIt()
 9 SYSTEMPATH/CodeIgniter.php(349): CodeIgniter\CodeIgniter->handleRequest()
10 FCPATH/index.php(57): CodeIgniter\CodeIgniter->run()
CRITICAL - 2024-08-08 05:13:51 --> syntax error, unexpected token "exit"
in APPPATH/Controllers/BaseController.php on line 98.
 1 SYSTEMPATH/Autoloader/Autoloader.php(261): CodeIgniter\Autoloader\Autoloader->includeFile()
 2 SYSTEMPATH/Autoloader/Autoloader.php(239): CodeIgniter\Autoloader\Autoloader->loadInNamespace()
 3 APPPATH/Controllers/Api.php(5): CodeIgniter\Autoloader\Autoloader->loadClass()
 4 SYSTEMPATH/Router/AutoRouter.php(147): include_once('APPPATH/Controllers/Api.php')
 5 SYSTEMPATH/Router/Router.php(499): CodeIgniter\Router\AutoRouter->getRoute()
 6 SYSTEMPATH/Router/Router.php(205): CodeIgniter\Router\Router->autoRoute()
 7 SYSTEMPATH/CodeIgniter.php(771): CodeIgniter\Router\Router->handle()
 8 SYSTEMPATH/CodeIgniter.php(415): CodeIgniter\CodeIgniter->tryToRouteIt()
 9 SYSTEMPATH/CodeIgniter.php(349): CodeIgniter\CodeIgniter->handleRequest()
10 FCPATH/index.php(57): CodeIgniter\CodeIgniter->run()
CRITICAL - 2024-08-08 05:13:56 --> syntax error, unexpected token "exit"
in APPPATH/Controllers/BaseController.php on line 98.
 1 SYSTEMPATH/Autoloader/Autoloader.php(261): CodeIgniter\Autoloader\Autoloader->includeFile()
 2 SYSTEMPATH/Autoloader/Autoloader.php(239): CodeIgniter\Autoloader\Autoloader->loadInNamespace()
 3 APPPATH/Controllers/Api.php(5): CodeIgniter\Autoloader\Autoloader->loadClass()
 4 SYSTEMPATH/Router/AutoRouter.php(147): include_once('APPPATH/Controllers/Api.php')
 5 SYSTEMPATH/Router/Router.php(499): CodeIgniter\Router\AutoRouter->getRoute()
 6 SYSTEMPATH/Router/Router.php(205): CodeIgniter\Router\Router->autoRoute()
 7 SYSTEMPATH/CodeIgniter.php(771): CodeIgniter\Router\Router->handle()
 8 SYSTEMPATH/CodeIgniter.php(415): CodeIgniter\CodeIgniter->tryToRouteIt()
 9 SYSTEMPATH/CodeIgniter.php(349): CodeIgniter\CodeIgniter->handleRequest()
10 FCPATH/index.php(57): CodeIgniter\CodeIgniter->run()
CRITICAL - 2024-08-08 05:14:01 --> syntax error, unexpected token "exit"
in APPPATH/Controllers/BaseController.php on line 98.
 1 SYSTEMPATH/Autoloader/Autoloader.php(261): CodeIgniter\Autoloader\Autoloader->includeFile()
 2 SYSTEMPATH/Autoloader/Autoloader.php(239): CodeIgniter\Autoloader\Autoloader->loadInNamespace()
 3 APPPATH/Controllers/Api.php(5): CodeIgniter\Autoloader\Autoloader->loadClass()
 4 SYSTEMPATH/Router/AutoRouter.php(147): include_once('APPPATH/Controllers/Api.php')
 5 SYSTEMPATH/Router/Router.php(499): CodeIgniter\Router\AutoRouter->getRoute()
 6 SYSTEMPATH/Router/Router.php(205): CodeIgniter\Router\Router->autoRoute()
 7 SYSTEMPATH/CodeIgniter.php(771): CodeIgniter\Router\Router->handle()
 8 SYSTEMPATH/CodeIgniter.php(415): CodeIgniter\CodeIgniter->tryToRouteIt()
 9 SYSTEMPATH/CodeIgniter.php(349): CodeIgniter\CodeIgniter->handleRequest()
10 FCPATH/index.php(57): CodeIgniter\CodeIgniter->run()
CRITICAL - 2024-08-08 05:14:01 --> syntax error, unexpected token "exit"
in APPPATH/Controllers/BaseController.php on line 98.
 1 SYSTEMPATH/Autoloader/Autoloader.php(261): CodeIgniter\Autoloader\Autoloader->includeFile()
 2 SYSTEMPATH/Autoloader/Autoloader.php(239): CodeIgniter\Autoloader\Autoloader->loadInNamespace()
 3 APPPATH/Controllers/Api.php(5): CodeIgniter\Autoloader\Autoloader->loadClass()
 4 SYSTEMPATH/Router/AutoRouter.php(147): include_once('APPPATH/Controllers/Api.php')
 5 SYSTEMPATH/Router/Router.php(499): CodeIgniter\Router\AutoRouter->getRoute()
 6 SYSTEMPATH/Router/Router.php(205): CodeIgniter\Router\Router->autoRoute()
 7 SYSTEMPATH/CodeIgniter.php(771): CodeIgniter\Router\Router->handle()
 8 SYSTEMPATH/CodeIgniter.php(415): CodeIgniter\CodeIgniter->tryToRouteIt()
 9 SYSTEMPATH/CodeIgniter.php(349): CodeIgniter\CodeIgniter->handleRequest()
10 FCPATH/index.php(57): CodeIgniter\CodeIgniter->run()
CRITICAL - 2024-08-08 05:14:06 --> syntax error, unexpected token "exit"
in APPPATH/Controllers/BaseController.php on line 98.
 1 SYSTEMPATH/Autoloader/Autoloader.php(261): CodeIgniter\Autoloader\Autoloader->includeFile()
 2 SYSTEMPATH/Autoloader/Autoloader.php(239): CodeIgniter\Autoloader\Autoloader->loadInNamespace()
 3 APPPATH/Controllers/Malipo.php(7): CodeIgniter\Autoloader\Autoloader->loadClass()
 4 SYSTEMPATH/Router/AutoRouter.php(147): include_once('APPPATH/Controllers/Malipo.php')
 5 SYSTEMPATH/Router/Router.php(499): CodeIgniter\Router\AutoRouter->getRoute()
 6 SYSTEMPATH/Router/Router.php(205): CodeIgniter\Router\Router->autoRoute()
 7 SYSTEMPATH/CodeIgniter.php(771): CodeIgniter\Router\Router->handle()
 8 SYSTEMPATH/CodeIgniter.php(415): CodeIgniter\CodeIgniter->tryToRouteIt()
 9 SYSTEMPATH/CodeIgniter.php(349): CodeIgniter\CodeIgniter->handleRequest()
10 FCPATH/index.php(57): CodeIgniter\CodeIgniter->run()
CRITICAL - 2024-08-08 05:14:06 --> syntax error, unexpected token "exit"
in APPPATH/Controllers/BaseController.php on line 98.
 1 SYSTEMPATH/Autoloader/Autoloader.php(261): CodeIgniter\Autoloader\Autoloader->includeFile()
 2 SYSTEMPATH/Autoloader/Autoloader.php(239): CodeIgniter\Autoloader\Autoloader->loadInNamespace()
 3 APPPATH/Controllers/Api.php(5): CodeIgniter\Autoloader\Autoloader->loadClass()
 4 SYSTEMPATH/Router/AutoRouter.php(147): include_once('APPPATH/Controllers/Api.php')
 5 SYSTEMPATH/Router/Router.php(499): CodeIgniter\Router\AutoRouter->getRoute()
 6 SYSTEMPATH/Router/Router.php(205): CodeIgniter\Router\Router->autoRoute()
 7 SYSTEMPATH/CodeIgniter.php(771): CodeIgniter\Router\Router->handle()
 8 SYSTEMPATH/CodeIgniter.php(415): CodeIgniter\CodeIgniter->tryToRouteIt()
 9 SYSTEMPATH/CodeIgniter.php(349): CodeIgniter\CodeIgniter->handleRequest()
10 FCPATH/index.php(57): CodeIgniter\CodeIgniter->run()
CRITICAL - 2024-08-08 13:14:11 -->  route cannot be found while reverse-routing.
in SYSTEMPATH/HTTP/RedirectResponse.php on line 56.
 1 SYSTEMPATH/HTTP/RedirectResponse.php(56): CodeIgniter\HTTP\Exceptions\HTTPException::forInvalidRedirectRoute()
 2 APPPATH/Controllers/BaseController.php(97): CodeIgniter\HTTP\RedirectResponse->route()
 3 SYSTEMPATH/CodeIgniter.php(859): App\Controllers\BaseController->initController()
 4 SYSTEMPATH/CodeIgniter.php(457): CodeIgniter\CodeIgniter->createController()
 5 SYSTEMPATH/CodeIgniter.php(349): CodeIgniter\CodeIgniter->handleRequest()
 6 FCPATH/index.php(57): CodeIgniter\CodeIgniter->run()
CRITICAL - 2024-08-08 13:14:16 -->  route cannot be found while reverse-routing.
in SYSTEMPATH/HTTP/RedirectResponse.php on line 56.
 1 SYSTEMPATH/HTTP/RedirectResponse.php(56): CodeIgniter\HTTP\Exceptions\HTTPException::forInvalidRedirectRoute()
 2 APPPATH/Controllers/BaseController.php(97): CodeIgniter\HTTP\RedirectResponse->route()
 3 SYSTEMPATH/CodeIgniter.php(859): App\Controllers\BaseController->initController()
 4 SYSTEMPATH/CodeIgniter.php(457): CodeIgniter\CodeIgniter->createController()
 5 SYSTEMPATH/CodeIgniter.php(349): CodeIgniter\CodeIgniter->handleRequest()
 6 FCPATH/index.php(57): CodeIgniter\CodeIgniter->run()
CRITICAL - 2024-08-08 13:14:18 -->  route cannot be found while reverse-routing.
in SYSTEMPATH/HTTP/RedirectResponse.php on line 56.
 1 SYSTEMPATH/HTTP/RedirectResponse.php(56): CodeIgniter\HTTP\Exceptions\HTTPException::forInvalidRedirectRoute()
 2 APPPATH/Controllers/BaseController.php(97): CodeIgniter\HTTP\RedirectResponse->route()
 3 SYSTEMPATH/CodeIgniter.php(859): App\Controllers\BaseController->initController()
 4 SYSTEMPATH/CodeIgniter.php(457): CodeIgniter\CodeIgniter->createController()
 5 SYSTEMPATH/CodeIgniter.php(349): CodeIgniter\CodeIgniter->handleRequest()
 6 FCPATH/index.php(57): CodeIgniter\CodeIgniter->run()
CRITICAL - 2024-08-08 13:14:21 -->  route cannot be found while reverse-routing.
in SYSTEMPATH/HTTP/RedirectResponse.php on line 56.
 1 SYSTEMPATH/HTTP/RedirectResponse.php(56): CodeIgniter\HTTP\Exceptions\HTTPException::forInvalidRedirectRoute()
 2 APPPATH/Controllers/BaseController.php(97): CodeIgniter\HTTP\RedirectResponse->route()
 3 SYSTEMPATH/CodeIgniter.php(859): App\Controllers\BaseController->initController()
 4 SYSTEMPATH/CodeIgniter.php(457): CodeIgniter\CodeIgniter->createController()
 5 SYSTEMPATH/CodeIgniter.php(349): CodeIgniter\CodeIgniter->handleRequest()
 6 FCPATH/index.php(57): CodeIgniter\CodeIgniter->run()
CRITICAL - 2024-08-08 13:14:26 -->  route cannot be found while reverse-routing.
in SYSTEMPATH/HTTP/RedirectResponse.php on line 56.
 1 SYSTEMPATH/HTTP/RedirectResponse.php(56): CodeIgniter\HTTP\Exceptions\HTTPException::forInvalidRedirectRoute()
 2 APPPATH/Controllers/BaseController.php(97): CodeIgniter\HTTP\RedirectResponse->route()
 3 SYSTEMPATH/CodeIgniter.php(859): App\Controllers\BaseController->initController()
 4 SYSTEMPATH/CodeIgniter.php(457): CodeIgniter\CodeIgniter->createController()
 5 SYSTEMPATH/CodeIgniter.php(349): CodeIgniter\CodeIgniter->handleRequest()
 6 FCPATH/index.php(57): CodeIgniter\CodeIgniter->run()
CRITICAL - 2024-08-08 13:14:31 -->  route cannot be found while reverse-routing.
in SYSTEMPATH/HTTP/RedirectResponse.php on line 56.
 1 SYSTEMPATH/HTTP/RedirectResponse.php(56): CodeIgniter\HTTP\Exceptions\HTTPException::forInvalidRedirectRoute()
 2 APPPATH/Controllers/BaseController.php(97): CodeIgniter\HTTP\RedirectResponse->route()
 3 SYSTEMPATH/CodeIgniter.php(859): App\Controllers\BaseController->initController()
 4 SYSTEMPATH/CodeIgniter.php(457): CodeIgniter\CodeIgniter->createController()
 5 SYSTEMPATH/CodeIgniter.php(349): CodeIgniter\CodeIgniter->handleRequest()
 6 FCPATH/index.php(57): CodeIgniter\CodeIgniter->run()
CRITICAL - 2024-08-08 13:14:31 -->  route cannot be found while reverse-routing.
in SYSTEMPATH/HTTP/RedirectResponse.php on line 56.
 1 SYSTEMPATH/HTTP/RedirectResponse.php(56): CodeIgniter\HTTP\Exceptions\HTTPException::forInvalidRedirectRoute()
 2 APPPATH/Controllers/BaseController.php(97): CodeIgniter\HTTP\RedirectResponse->route()
 3 SYSTEMPATH/CodeIgniter.php(859): App\Controllers\BaseController->initController()
 4 SYSTEMPATH/CodeIgniter.php(457): CodeIgniter\CodeIgniter->createController()
 5 SYSTEMPATH/CodeIgniter.php(349): CodeIgniter\CodeIgniter->handleRequest()
 6 FCPATH/index.php(57): CodeIgniter\CodeIgniter->run()
CRITICAL - 2024-08-08 13:14:36 -->  route cannot be found while reverse-routing.
in SYSTEMPATH/HTTP/RedirectResponse.php on line 56.
 1 SYSTEMPATH/HTTP/RedirectResponse.php(56): CodeIgniter\HTTP\Exceptions\HTTPException::forInvalidRedirectRoute()
 2 APPPATH/Controllers/BaseController.php(97): CodeIgniter\HTTP\RedirectResponse->route()
 3 SYSTEMPATH/CodeIgniter.php(859): App\Controllers\BaseController->initController()
 4 SYSTEMPATH/CodeIgniter.php(457): CodeIgniter\CodeIgniter->createController()
 5 SYSTEMPATH/CodeIgniter.php(349): CodeIgniter\CodeIgniter->handleRequest()
 6 FCPATH/index.php(57): CodeIgniter\CodeIgniter->run()
CRITICAL - 2024-08-08 13:14:38 -->  route cannot be found while reverse-routing.
in SYSTEMPATH/HTTP/RedirectResponse.php on line 56.
 1 SYSTEMPATH/HTTP/RedirectResponse.php(56): CodeIgniter\HTTP\Exceptions\HTTPException::forInvalidRedirectRoute()
 2 APPPATH/Controllers/BaseController.php(97): CodeIgniter\HTTP\RedirectResponse->route()
 3 SYSTEMPATH/CodeIgniter.php(859): App\Controllers\BaseController->initController()
 4 SYSTEMPATH/CodeIgniter.php(457): CodeIgniter\CodeIgniter->createController()
 5 SYSTEMPATH/CodeIgniter.php(349): CodeIgniter\CodeIgniter->handleRequest()
 6 FCPATH/index.php(57): CodeIgniter\CodeIgniter->run()
CRITICAL - 2024-08-08 13:14:41 -->  route cannot be found while reverse-routing.
in SYSTEMPATH/HTTP/RedirectResponse.php on line 56.
 1 SYSTEMPATH/HTTP/RedirectResponse.php(56): CodeIgniter\HTTP\Exceptions\HTTPException::forInvalidRedirectRoute()
 2 APPPATH/Controllers/BaseController.php(97): CodeIgniter\HTTP\RedirectResponse->route()
 3 SYSTEMPATH/CodeIgniter.php(859): App\Controllers\BaseController->initController()
 4 SYSTEMPATH/CodeIgniter.php(457): CodeIgniter\CodeIgniter->createController()
 5 SYSTEMPATH/CodeIgniter.php(349): CodeIgniter\CodeIgniter->handleRequest()
 6 FCPATH/index.php(57): CodeIgniter\CodeIgniter->run()
CRITICAL - 2024-08-08 13:14:46 -->  route cannot be found while reverse-routing.
in SYSTEMPATH/HTTP/RedirectResponse.php on line 56.
 1 SYSTEMPATH/HTTP/RedirectResponse.php(56): CodeIgniter\HTTP\Exceptions\HTTPException::forInvalidRedirectRoute()
 2 APPPATH/Controllers/BaseController.php(97): CodeIgniter\HTTP\RedirectResponse->route()
 3 SYSTEMPATH/CodeIgniter.php(859): App\Controllers\BaseController->initController()
 4 SYSTEMPATH/CodeIgniter.php(457): CodeIgniter\CodeIgniter->createController()
 5 SYSTEMPATH/CodeIgniter.php(349): CodeIgniter\CodeIgniter->handleRequest()
 6 FCPATH/index.php(57): CodeIgniter\CodeIgniter->run()
CRITICAL - 2024-08-08 13:14:47 -->  route cannot be found while reverse-routing.
in SYSTEMPATH/HTTP/RedirectResponse.php on line 56.
 1 SYSTEMPATH/HTTP/RedirectResponse.php(56): CodeIgniter\HTTP\Exceptions\HTTPException::forInvalidRedirectRoute()
 2 APPPATH/Controllers/BaseController.php(97): CodeIgniter\HTTP\RedirectResponse->route()
 3 SYSTEMPATH/CodeIgniter.php(859): App\Controllers\BaseController->initController()
 4 SYSTEMPATH/CodeIgniter.php(457): CodeIgniter\CodeIgniter->createController()
 5 SYSTEMPATH/CodeIgniter.php(349): CodeIgniter\CodeIgniter->handleRequest()
 6 FCPATH/index.php(57): CodeIgniter\CodeIgniter->run()
CRITICAL - 2024-08-08 13:14:51 -->  route cannot be found while reverse-routing.
in SYSTEMPATH/HTTP/RedirectResponse.php on line 56.
 1 SYSTEMPATH/HTTP/RedirectResponse.php(56): CodeIgniter\HTTP\Exceptions\HTTPException::forInvalidRedirectRoute()
 2 APPPATH/Controllers/BaseController.php(97): CodeIgniter\HTTP\RedirectResponse->route()
 3 SYSTEMPATH/CodeIgniter.php(859): App\Controllers\BaseController->initController()
 4 SYSTEMPATH/CodeIgniter.php(457): CodeIgniter\CodeIgniter->createController()
 5 SYSTEMPATH/CodeIgniter.php(349): CodeIgniter\CodeIgniter->handleRequest()
 6 FCPATH/index.php(57): CodeIgniter\CodeIgniter->run()
CRITICAL - 2024-08-08 13:14:54 -->  route cannot be found while reverse-routing.
in SYSTEMPATH/HTTP/RedirectResponse.php on line 56.
 1 SYSTEMPATH/HTTP/RedirectResponse.php(56): CodeIgniter\HTTP\Exceptions\HTTPException::forInvalidRedirectRoute()
 2 APPPATH/Controllers/BaseController.php(97): CodeIgniter\HTTP\RedirectResponse->route()
 3 SYSTEMPATH/CodeIgniter.php(859): App\Controllers\BaseController->initController()
 4 SYSTEMPATH/CodeIgniter.php(457): CodeIgniter\CodeIgniter->createController()
 5 SYSTEMPATH/CodeIgniter.php(349): CodeIgniter\CodeIgniter->handleRequest()
 6 FCPATH/index.php(57): CodeIgniter\CodeIgniter->run()
CRITICAL - 2024-08-08 13:14:56 -->  route cannot be found while reverse-routing.
in SYSTEMPATH/HTTP/RedirectResponse.php on line 56.
 1 SYSTEMPATH/HTTP/RedirectResponse.php(56): CodeIgniter\HTTP\Exceptions\HTTPException::forInvalidRedirectRoute()
 2 APPPATH/Controllers/BaseController.php(97): CodeIgniter\HTTP\RedirectResponse->route()
 3 SYSTEMPATH/CodeIgniter.php(859): App\Controllers\BaseController->initController()
 4 SYSTEMPATH/CodeIgniter.php(457): CodeIgniter\CodeIgniter->createController()
 5 SYSTEMPATH/CodeIgniter.php(349): CodeIgniter\CodeIgniter->handleRequest()
 6 FCPATH/index.php(57): CodeIgniter\CodeIgniter->run()
CRITICAL - 2024-08-08 13:15:00 -->  route cannot be found while reverse-routing.
in SYSTEMPATH/HTTP/RedirectResponse.php on line 56.
 1 SYSTEMPATH/HTTP/RedirectResponse.php(56): CodeIgniter\HTTP\Exceptions\HTTPException::forInvalidRedirectRoute()
 2 APPPATH/Controllers/BaseController.php(97): CodeIgniter\HTTP\RedirectResponse->route()
 3 SYSTEMPATH/CodeIgniter.php(859): App\Controllers\BaseController->initController()
 4 SYSTEMPATH/CodeIgniter.php(457): CodeIgniter\CodeIgniter->createController()
 5 SYSTEMPATH/CodeIgniter.php(349): CodeIgniter\CodeIgniter->handleRequest()
 6 FCPATH/index.php(57): CodeIgniter\CodeIgniter->run()
CRITICAL - 2024-08-08 13:15:01 -->  route cannot be found while reverse-routing.
in SYSTEMPATH/HTTP/RedirectResponse.php on line 56.
 1 SYSTEMPATH/HTTP/RedirectResponse.php(56): CodeIgniter\HTTP\Exceptions\HTTPException::forInvalidRedirectRoute()
 2 APPPATH/Controllers/BaseController.php(97): CodeIgniter\HTTP\RedirectResponse->route()
 3 SYSTEMPATH/CodeIgniter.php(859): App\Controllers\BaseController->initController()
 4 SYSTEMPATH/CodeIgniter.php(457): CodeIgniter\CodeIgniter->createController()
 5 SYSTEMPATH/CodeIgniter.php(349): CodeIgniter\CodeIgniter->handleRequest()
 6 FCPATH/index.php(57): CodeIgniter\CodeIgniter->run()
CRITICAL - 2024-08-08 13:15:01 -->  route cannot be found while reverse-routing.
in SYSTEMPATH/HTTP/RedirectResponse.php on line 56.
 1 SYSTEMPATH/HTTP/RedirectResponse.php(56): CodeIgniter\HTTP\Exceptions\HTTPException::forInvalidRedirectRoute()
 2 APPPATH/Controllers/BaseController.php(97): CodeIgniter\HTTP\RedirectResponse->route()
 3 SYSTEMPATH/CodeIgniter.php(859): App\Controllers\BaseController->initController()
 4 SYSTEMPATH/CodeIgniter.php(457): CodeIgniter\CodeIgniter->createController()
 5 SYSTEMPATH/CodeIgniter.php(349): CodeIgniter\CodeIgniter->handleRequest()
 6 FCPATH/index.php(57): CodeIgniter\CodeIgniter->run()
CRITICAL - 2024-08-08 13:15:06 -->  route cannot be found while reverse-routing.
in SYSTEMPATH/HTTP/RedirectResponse.php on line 56.
 1 SYSTEMPATH/HTTP/RedirectResponse.php(56): CodeIgniter\HTTP\Exceptions\HTTPException::forInvalidRedirectRoute()
 2 APPPATH/Controllers/BaseController.php(97): CodeIgniter\HTTP\RedirectResponse->route()
 3 SYSTEMPATH/CodeIgniter.php(859): App\Controllers\BaseController->initController()
 4 SYSTEMPATH/CodeIgniter.php(457): CodeIgniter\CodeIgniter->createController()
 5 SYSTEMPATH/CodeIgniter.php(349): CodeIgniter\CodeIgniter->handleRequest()
 6 FCPATH/index.php(57): CodeIgniter\CodeIgniter->run()
CRITICAL - 2024-08-08 13:15:11 -->  route cannot be found while reverse-routing.
in SYSTEMPATH/HTTP/RedirectResponse.php on line 56.
 1 SYSTEMPATH/HTTP/RedirectResponse.php(56): CodeIgniter\HTTP\Exceptions\HTTPException::forInvalidRedirectRoute()
 2 APPPATH/Controllers/BaseController.php(97): CodeIgniter\HTTP\RedirectResponse->route()
 3 SYSTEMPATH/CodeIgniter.php(859): App\Controllers\BaseController->initController()
 4 SYSTEMPATH/CodeIgniter.php(457): CodeIgniter\CodeIgniter->createController()
 5 SYSTEMPATH/CodeIgniter.php(349): CodeIgniter\CodeIgniter->handleRequest()
 6 FCPATH/index.php(57): CodeIgniter\CodeIgniter->run()
CRITICAL - 2024-08-08 13:15:16 -->  route cannot be found while reverse-routing.
in SYSTEMPATH/HTTP/RedirectResponse.php on line 56.
 1 SYSTEMPATH/HTTP/RedirectResponse.php(56): CodeIgniter\HTTP\Exceptions\HTTPException::forInvalidRedirectRoute()
 2 APPPATH/Controllers/BaseController.php(97): CodeIgniter\HTTP\RedirectResponse->route()
 3 SYSTEMPATH/CodeIgniter.php(859): App\Controllers\BaseController->initController()
 4 SYSTEMPATH/CodeIgniter.php(457): CodeIgniter\CodeIgniter->createController()
 5 SYSTEMPATH/CodeIgniter.php(349): CodeIgniter\CodeIgniter->handleRequest()
 6 FCPATH/index.php(57): CodeIgniter\CodeIgniter->run()
CRITICAL - 2024-08-08 13:15:21 -->  route cannot be found while reverse-routing.
in SYSTEMPATH/HTTP/RedirectResponse.php on line 56.
 1 SYSTEMPATH/HTTP/RedirectResponse.php(56): CodeIgniter\HTTP\Exceptions\HTTPException::forInvalidRedirectRoute()
 2 APPPATH/Controllers/BaseController.php(97): CodeIgniter\HTTP\RedirectResponse->route()
 3 SYSTEMPATH/CodeIgniter.php(859): App\Controllers\BaseController->initController()
 4 SYSTEMPATH/CodeIgniter.php(457): CodeIgniter\CodeIgniter->createController()
 5 SYSTEMPATH/CodeIgniter.php(349): CodeIgniter\CodeIgniter->handleRequest()
 6 FCPATH/index.php(57): CodeIgniter\CodeIgniter->run()
CRITICAL - 2024-08-08 13:15:22 -->  route cannot be found while reverse-routing.
in SYSTEMPATH/HTTP/RedirectResponse.php on line 56.
 1 SYSTEMPATH/HTTP/RedirectResponse.php(56): CodeIgniter\HTTP\Exceptions\HTTPException::forInvalidRedirectRoute()
 2 APPPATH/Controllers/BaseController.php(97): CodeIgniter\HTTP\RedirectResponse->route()
 3 SYSTEMPATH/CodeIgniter.php(859): App\Controllers\BaseController->initController()
 4 SYSTEMPATH/CodeIgniter.php(457): CodeIgniter\CodeIgniter->createController()
 5 SYSTEMPATH/CodeIgniter.php(349): CodeIgniter\CodeIgniter->handleRequest()
 6 FCPATH/index.php(57): CodeIgniter\CodeIgniter->run()
CRITICAL - 2024-08-08 13:15:26 -->  route cannot be found while reverse-routing.
in SYSTEMPATH/HTTP/RedirectResponse.php on line 56.
 1 SYSTEMPATH/HTTP/RedirectResponse.php(56): CodeIgniter\HTTP\Exceptions\HTTPException::forInvalidRedirectRoute()
 2 APPPATH/Controllers/BaseController.php(97): CodeIgniter\HTTP\RedirectResponse->route()
 3 SYSTEMPATH/CodeIgniter.php(859): App\Controllers\BaseController->initController()
 4 SYSTEMPATH/CodeIgniter.php(457): CodeIgniter\CodeIgniter->createController()
 5 SYSTEMPATH/CodeIgniter.php(349): CodeIgniter\CodeIgniter->handleRequest()
 6 FCPATH/index.php(57): CodeIgniter\CodeIgniter->run()
CRITICAL - 2024-08-08 13:16:00 --> Undefined property: stdClass::$reference
in APPPATH/Helpers/global_helper.php on line 914.
 1 APPPATH/Helpers/global_helper.php(914): CodeIgniter\Debug\Exceptions->errorHandler()
 2 APPPATH/Controllers/Malipo.php(440): nmbGenSubmitJson()
 3 SYSTEMPATH/CodeIgniter.php(896): App\Controllers\Malipo->nmbbillrequest()
 4 SYSTEMPATH/CodeIgniter.php(466): CodeIgniter\CodeIgniter->runController()
 5 SYSTEMPATH/CodeIgniter.php(349): CodeIgniter\CodeIgniter->handleRequest()
 6 FCPATH/index.php(57): CodeIgniter\CodeIgniter->run()
CRITICAL - 2024-08-08 13:27:31 --> Too few arguments to function App\Controllers\Billing::dobillsearch(), 0 passed in /var/www/html/bmc/ci/system/CodeIgniter.php on line 896 and exactly 2 expected
in APPPATH/Controllers/Billing.php on line 245.
 1 SYSTEMPATH/CodeIgniter.php(896): App\Controllers\Billing->dobillsearch()
 2 SYSTEMPATH/CodeIgniter.php(466): CodeIgniter\CodeIgniter->runController()
 3 SYSTEMPATH/CodeIgniter.php(349): CodeIgniter\CodeIgniter->handleRequest()
 4 FCPATH/index.php(57): CodeIgniter\CodeIgniter->run()
CRITICAL - 2024-08-08 14:04:32 --> Undefined property: stdClass::$reference
in APPPATH/Helpers/global_helper.php on line 914.
 1 APPPATH/Helpers/global_helper.php(914): CodeIgniter\Debug\Exceptions->errorHandler()
 2 APPPATH/Controllers/Malipo.php(440): nmbGenSubmitJson()
 3 SYSTEMPATH/CodeIgniter.php(896): App\Controllers\Malipo->nmbbillrequest()
 4 SYSTEMPATH/CodeIgniter.php(466): CodeIgniter\CodeIgniter->runController()
 5 SYSTEMPATH/CodeIgniter.php(349): CodeIgniter\CodeIgniter->handleRequest()
 6 FCPATH/index.php(57): CodeIgniter\CodeIgniter->run()
CRITICAL - 2024-08-08 14:43:34 --> Undefined property: stdClass::$reference
in APPPATH/Helpers/global_helper.php on line 914.
 1 APPPATH/Helpers/global_helper.php(914): CodeIgniter\Debug\Exceptions->errorHandler()
 2 APPPATH/Controllers/Malipo.php(440): nmbGenSubmitJson()
 3 SYSTEMPATH/CodeIgniter.php(896): App\Controllers\Malipo->nmbbillrequest()
 4 SYSTEMPATH/CodeIgniter.php(466): CodeIgniter\CodeIgniter->runController()
 5 SYSTEMPATH/CodeIgniter.php(349): CodeIgniter\CodeIgniter->handleRequest()
 6 FCPATH/index.php(57): CodeIgniter\CodeIgniter->run()
CRITICAL - 2024-08-08 16:11:48 --> Undefined property: stdClass::$reference
in APPPATH/Helpers/global_helper.php on line 914.
 1 APPPATH/Helpers/global_helper.php(914): CodeIgniter\Debug\Exceptions->errorHandler()
 2 APPPATH/Controllers/Malipo.php(440): nmbGenSubmitJson()
 3 SYSTEMPATH/CodeIgniter.php(896): App\Controllers\Malipo->nmbbillrequest()
 4 SYSTEMPATH/CodeIgniter.php(466): CodeIgniter\CodeIgniter->runController()
 5 SYSTEMPATH/CodeIgniter.php(349): CodeIgniter\CodeIgniter->handleRequest()
 6 FCPATH/index.php(57): CodeIgniter\CodeIgniter->run()
CRITICAL - 2024-08-08 16:15:11 --> Undefined property: stdClass::$reference
in APPPATH/Helpers/global_helper.php on line 914.
 1 APPPATH/Helpers/global_helper.php(914): CodeIgniter\Debug\Exceptions->errorHandler()
 2 APPPATH/Controllers/Malipo.php(440): nmbGenSubmitJson()
 3 SYSTEMPATH/CodeIgniter.php(896): App\Controllers\Malipo->nmbbillrequest()
 4 SYSTEMPATH/CodeIgniter.php(466): CodeIgniter\CodeIgniter->runController()
 5 SYSTEMPATH/CodeIgniter.php(349): CodeIgniter\CodeIgniter->handleRequest()
 6 FCPATH/index.php(57): CodeIgniter\CodeIgniter->run()
CRITICAL - 2024-08-08 16:15:18 --> Undefined property: stdClass::$reference
in APPPATH/Helpers/global_helper.php on line 914.
 1 APPPATH/Helpers/global_helper.php(914): CodeIgniter\Debug\Exceptions->errorHandler()
 2 APPPATH/Controllers/Malipo.php(440): nmbGenSubmitJson()
 3 SYSTEMPATH/CodeIgniter.php(896): App\Controllers\Malipo->nmbbillrequest()
 4 SYSTEMPATH/CodeIgniter.php(466): CodeIgniter\CodeIgniter->runController()
 5 SYSTEMPATH/CodeIgniter.php(349): CodeIgniter\CodeIgniter->handleRequest()
 6 FCPATH/index.php(57): CodeIgniter\CodeIgniter->run()
CRITICAL - 2024-08-08 16:15:31 --> Undefined property: stdClass::$reference
in APPPATH/Helpers/global_helper.php on line 914.
 1 APPPATH/Helpers/global_helper.php(914): CodeIgniter\Debug\Exceptions->errorHandler()
 2 APPPATH/Controllers/Malipo.php(440): nmbGenSubmitJson()
 3 SYSTEMPATH/CodeIgniter.php(896): App\Controllers\Malipo->nmbbillrequest()
 4 SYSTEMPATH/CodeIgniter.php(466): CodeIgniter\CodeIgniter->runController()
 5 SYSTEMPATH/CodeIgniter.php(349): CodeIgniter\CodeIgniter->handleRequest()
 6 FCPATH/index.php(57): CodeIgniter\CodeIgniter->run()
CRITICAL - 2024-08-08 16:18:43 --> Undefined property: stdClass::$reference
in APPPATH/Helpers/global_helper.php on line 914.
 1 APPPATH/Helpers/global_helper.php(914): CodeIgniter\Debug\Exceptions->errorHandler()
 2 APPPATH/Controllers/Malipo.php(440): nmbGenSubmitJson()
 3 SYSTEMPATH/CodeIgniter.php(896): App\Controllers\Malipo->nmbbillrequest()
 4 SYSTEMPATH/CodeIgniter.php(466): CodeIgniter\CodeIgniter->runController()
 5 SYSTEMPATH/CodeIgniter.php(349): CodeIgniter\CodeIgniter->handleRequest()
 6 FCPATH/index.php(57): CodeIgniter\CodeIgniter->run()
CRITICAL - 2024-08-08 16:22:54 --> Undefined property: stdClass::$reference
in APPPATH/Helpers/global_helper.php on line 914.
 1 APPPATH/Helpers/global_helper.php(914): CodeIgniter\Debug\Exceptions->errorHandler()
 2 APPPATH/Controllers/Malipo.php(440): nmbGenSubmitJson()
 3 SYSTEMPATH/CodeIgniter.php(896): App\Controllers\Malipo->nmbbillrequest()
 4 SYSTEMPATH/CodeIgniter.php(466): CodeIgniter\CodeIgniter->runController()
 5 SYSTEMPATH/CodeIgniter.php(349): CodeIgniter\CodeIgniter->handleRequest()
 6 FCPATH/index.php(57): CodeIgniter\CodeIgniter->run()
CRITICAL - 2024-08-08 16:42:40 --> Undefined property: stdClass::$bill_num
in APPPATH/Helpers/global_helper.php on line 505.
 1 APPPATH/Helpers/global_helper.php(505): CodeIgniter\Debug\Exceptions->errorHandler()
 2 APPPATH/Helpers/global_helper.php(480): doProcessGlobalTransaction()
 3 APPPATH/Controllers/Malipo.php(312): doProcessCRDBTransaction()
 4 SYSTEMPATH/CodeIgniter.php(896): App\Controllers\Malipo->crdbpost()
 5 SYSTEMPATH/CodeIgniter.php(466): CodeIgniter\CodeIgniter->runController()
 6 SYSTEMPATH/CodeIgniter.php(349): CodeIgniter\CodeIgniter->handleRequest()
 7 FCPATH/index.php(57): CodeIgniter\CodeIgniter->run()
CRITICAL - 2024-08-08 16:44:40 --> Undefined property: stdClass::$bill_num
in APPPATH/Helpers/global_helper.php on line 505.
 1 APPPATH/Helpers/global_helper.php(505): CodeIgniter\Debug\Exceptions->errorHandler()
 2 APPPATH/Helpers/global_helper.php(480): doProcessGlobalTransaction()
 3 APPPATH/Controllers/Malipo.php(312): doProcessCRDBTransaction()
 4 SYSTEMPATH/CodeIgniter.php(896): App\Controllers\Malipo->crdbpost()
 5 SYSTEMPATH/CodeIgniter.php(466): CodeIgniter\CodeIgniter->runController()
 6 SYSTEMPATH/CodeIgniter.php(349): CodeIgniter\CodeIgniter->handleRequest()
 7 FCPATH/index.php(57): CodeIgniter\CodeIgniter->run()
CRITICAL - 2024-08-08 16:46:41 --> Undefined property: stdClass::$bill_num
in APPPATH/Helpers/global_helper.php on line 505.
 1 APPPATH/Helpers/global_helper.php(505): CodeIgniter\Debug\Exceptions->errorHandler()
 2 APPPATH/Helpers/global_helper.php(480): doProcessGlobalTransaction()
 3 APPPATH/Controllers/Malipo.php(312): doProcessCRDBTransaction()
 4 SYSTEMPATH/CodeIgniter.php(896): App\Controllers\Malipo->crdbpost()
 5 SYSTEMPATH/CodeIgniter.php(466): CodeIgniter\CodeIgniter->runController()
 6 SYSTEMPATH/CodeIgniter.php(349): CodeIgniter\CodeIgniter->handleRequest()
 7 FCPATH/index.php(57): CodeIgniter\CodeIgniter->run()
CRITICAL - 2024-08-08 16:48:40 --> Undefined property: stdClass::$bill_num
in APPPATH/Helpers/global_helper.php on line 505.
 1 APPPATH/Helpers/global_helper.php(505): CodeIgniter\Debug\Exceptions->errorHandler()
 2 APPPATH/Helpers/global_helper.php(480): doProcessGlobalTransaction()
 3 APPPATH/Controllers/Malipo.php(312): doProcessCRDBTransaction()
 4 SYSTEMPATH/CodeIgniter.php(896): App\Controllers\Malipo->crdbpost()
 5 SYSTEMPATH/CodeIgniter.php(466): CodeIgniter\CodeIgniter->runController()
 6 SYSTEMPATH/CodeIgniter.php(349): CodeIgniter\CodeIgniter->handleRequest()
 7 FCPATH/index.php(57): CodeIgniter\CodeIgniter->run()
CRITICAL - 2024-08-08 16:50:33 --> Too few arguments to function App\Controllers\Billing::dobillsearch(), 0 passed in /var/www/html/bmc/ci/system/CodeIgniter.php on line 896 and exactly 2 expected
in APPPATH/Controllers/Billing.php on line 245.
 1 SYSTEMPATH/CodeIgniter.php(896): App\Controllers\Billing->dobillsearch()
 2 SYSTEMPATH/CodeIgniter.php(466): CodeIgniter\CodeIgniter->runController()
 3 SYSTEMPATH/CodeIgniter.php(349): CodeIgniter\CodeIgniter->handleRequest()
 4 FCPATH/index.php(57): CodeIgniter\CodeIgniter->run()
CRITICAL - 2024-08-08 16:50:40 --> Undefined property: stdClass::$bill_num
in APPPATH/Helpers/global_helper.php on line 505.
 1 APPPATH/Helpers/global_helper.php(505): CodeIgniter\Debug\Exceptions->errorHandler()
 2 APPPATH/Helpers/global_helper.php(480): doProcessGlobalTransaction()
 3 APPPATH/Controllers/Malipo.php(312): doProcessCRDBTransaction()
 4 SYSTEMPATH/CodeIgniter.php(896): App\Controllers\Malipo->crdbpost()
 5 SYSTEMPATH/CodeIgniter.php(466): CodeIgniter\CodeIgniter->runController()
 6 SYSTEMPATH/CodeIgniter.php(349): CodeIgniter\CodeIgniter->handleRequest()
 7 FCPATH/index.php(57): CodeIgniter\CodeIgniter->run()
CRITICAL - 2024-08-08 16:51:03 --> Too few arguments to function App\Controllers\Billing::dobillsearch(), 0 passed in /var/www/html/bmc/ci/system/CodeIgniter.php on line 896 and exactly 2 expected
in APPPATH/Controllers/Billing.php on line 245.
 1 SYSTEMPATH/CodeIgniter.php(896): App\Controllers\Billing->dobillsearch()
 2 SYSTEMPATH/CodeIgniter.php(466): CodeIgniter\CodeIgniter->runController()
 3 SYSTEMPATH/CodeIgniter.php(349): CodeIgniter\CodeIgniter->handleRequest()
 4 FCPATH/index.php(57): CodeIgniter\CodeIgniter->run()
CRITICAL - 2024-08-08 16:52:43 --> Undefined property: stdClass::$bill_num
in APPPATH/Helpers/global_helper.php on line 505.
 1 APPPATH/Helpers/global_helper.php(505): CodeIgniter\Debug\Exceptions->errorHandler()
 2 APPPATH/Helpers/global_helper.php(480): doProcessGlobalTransaction()
 3 APPPATH/Controllers/Malipo.php(312): doProcessCRDBTransaction()
 4 SYSTEMPATH/CodeIgniter.php(896): App\Controllers\Malipo->crdbpost()
 5 SYSTEMPATH/CodeIgniter.php(466): CodeIgniter\CodeIgniter->runController()
 6 SYSTEMPATH/CodeIgniter.php(349): CodeIgniter\CodeIgniter->handleRequest()
 7 FCPATH/index.php(57): CodeIgniter\CodeIgniter->run()
CRITICAL - 2024-08-08 16:54:40 --> Undefined property: stdClass::$bill_num
in APPPATH/Helpers/global_helper.php on line 505.
 1 APPPATH/Helpers/global_helper.php(505): CodeIgniter\Debug\Exceptions->errorHandler()
 2 APPPATH/Helpers/global_helper.php(480): doProcessGlobalTransaction()
 3 APPPATH/Controllers/Malipo.php(312): doProcessCRDBTransaction()
 4 SYSTEMPATH/CodeIgniter.php(896): App\Controllers\Malipo->crdbpost()
 5 SYSTEMPATH/CodeIgniter.php(466): CodeIgniter\CodeIgniter->runController()
 6 SYSTEMPATH/CodeIgniter.php(349): CodeIgniter\CodeIgniter->handleRequest()
 7 FCPATH/index.php(57): CodeIgniter\CodeIgniter->run()
CRITICAL - 2024-08-08 16:56:40 --> Undefined property: stdClass::$bill_num
in APPPATH/Helpers/global_helper.php on line 505.
 1 APPPATH/Helpers/global_helper.php(505): CodeIgniter\Debug\Exceptions->errorHandler()
 2 APPPATH/Helpers/global_helper.php(480): doProcessGlobalTransaction()
 3 APPPATH/Controllers/Malipo.php(312): doProcessCRDBTransaction()
 4 SYSTEMPATH/CodeIgniter.php(896): App\Controllers\Malipo->crdbpost()
 5 SYSTEMPATH/CodeIgniter.php(466): CodeIgniter\CodeIgniter->runController()
 6 SYSTEMPATH/CodeIgniter.php(349): CodeIgniter\CodeIgniter->handleRequest()
 7 FCPATH/index.php(57): CodeIgniter\CodeIgniter->run()
CRITICAL - 2024-08-08 16:57:31 --> Undefined property: stdClass::$reference
in APPPATH/Helpers/global_helper.php on line 914.
 1 APPPATH/Helpers/global_helper.php(914): CodeIgniter\Debug\Exceptions->errorHandler()
 2 APPPATH/Controllers/Malipo.php(440): nmbGenSubmitJson()
 3 SYSTEMPATH/CodeIgniter.php(896): App\Controllers\Malipo->nmbbillrequest()
 4 SYSTEMPATH/CodeIgniter.php(466): CodeIgniter\CodeIgniter->runController()
 5 SYSTEMPATH/CodeIgniter.php(349): CodeIgniter\CodeIgniter->handleRequest()
 6 FCPATH/index.php(57): CodeIgniter\CodeIgniter->run()
CRITICAL - 2024-08-08 17:21:44 --> Undefined property: stdClass::$reference
in APPPATH/Helpers/global_helper.php on line 914.
 1 APPPATH/Helpers/global_helper.php(914): CodeIgniter\Debug\Exceptions->errorHandler()
 2 APPPATH/Controllers/Malipo.php(440): nmbGenSubmitJson()
 3 SYSTEMPATH/CodeIgniter.php(896): App\Controllers\Malipo->nmbbillrequest()
 4 SYSTEMPATH/CodeIgniter.php(466): CodeIgniter\CodeIgniter->runController()
 5 SYSTEMPATH/CodeIgniter.php(349): CodeIgniter\CodeIgniter->handleRequest()
 6 FCPATH/index.php(57): CodeIgniter\CodeIgniter->run()
CRITICAL - 2024-08-08 10:01:24 --> Error: Uncaught CodeIgniter\Format\Exceptions\FormatException: Failed to parse json string, error: "Malformed UTF-8 characters, possibly incorrectly encoded". in /var/www/html/bmc/ci/system/Format/JSONFormatter.php:41
Stack trace:
#0 /var/www/html/bmc/ci/system/Format/JSONFormatter.php(41): CodeIgniter\Format\Exceptions\FormatException::forInvalidJSON()
#1 /var/www/html/bmc/ci/system/API/ResponseTrait.php(341): CodeIgniter\Format\JSONFormatter->format()
#2 /var/www/html/bmc/ci/system/API/ResponseTrait.php(99): CodeIgniter\Debug\Exceptions->format()
#3 /var/www/html/bmc/ci/system/Debug/Exceptions.php(120): CodeIgniter\Debug\Exceptions->respond()
#4 [internal function]: CodeIgniter\Debug\Exceptions->exceptionHandler()
#5 {main}
  thrown
in SYSTEMPATH/Format/JSONFormatter.php on line 41.

CRITICAL - 2024-08-08 10:01:30 --> Error: Uncaught CodeIgniter\Format\Exceptions\FormatException: Failed to parse json string, error: "Malformed UTF-8 characters, possibly incorrectly encoded". in /var/www/html/bmc/ci/system/Format/JSONFormatter.php:41
Stack trace:
#0 /var/www/html/bmc/ci/system/Format/JSONFormatter.php(41): CodeIgniter\Format\Exceptions\FormatException::forInvalidJSON()
#1 /var/www/html/bmc/ci/system/API/ResponseTrait.php(341): CodeIgniter\Format\JSONFormatter->format()
#2 /var/www/html/bmc/ci/system/API/ResponseTrait.php(99): CodeIgniter\Debug\Exceptions->format()
#3 /var/www/html/bmc/ci/system/Debug/Exceptions.php(120): CodeIgniter\Debug\Exceptions->respond()
#4 [internal function]: CodeIgniter\Debug\Exceptions->exceptionHandler()
#5 {main}
  thrown
in SYSTEMPATH/Format/JSONFormatter.php on line 41.

ERROR - 2024-08-08 18:13:30 --> You have an error in your SQL syntax; check the manual that corresponds to your MySQL server version for the right syntax to use near 'engela %' || tb1.pat_num LIKE '%mg'engela %'  
			           || tb1.pat_id LIKE' at line 6
CRITICAL - 2024-08-08 18:13:30 --> You have an error in your SQL syntax; check the manual that corresponds to your MySQL server version for the right syntax to use near 'engela %' || tb1.pat_num LIKE '%mg'engela %'  
			           || tb1.pat_id LIKE' at line 6
in SYSTEMPATH/Database/MySQLi/Connection.php on line 292.
 1 SYSTEMPATH/Database/MySQLi/Connection.php(292): mysqli->query()
 2 SYSTEMPATH/Database/BaseConnection.php(695): CodeIgniter\Database\MySQLi\Connection->execute()
 3 SYSTEMPATH/Database/BaseConnection.php(609): CodeIgniter\Database\BaseConnection->simpleQuery()
 4 APPPATH/Models/Engine.php(1628): CodeIgniter\Database\BaseConnection->query()
 5 APPPATH/Controllers/Billing.php(240): App\Models\Engine->getBillFetchAllBillsWithWord()
 6 SYSTEMPATH/CodeIgniter.php(896): App\Controllers\Billing->dobillsfetch()
 7 SYSTEMPATH/CodeIgniter.php(466): CodeIgniter\CodeIgniter->runController()
 8 SYSTEMPATH/CodeIgniter.php(349): CodeIgniter\CodeIgniter->handleRequest()
 9 FCPATH/index.php(57): CodeIgniter\CodeIgniter->run()
CRITICAL - 2024-08-08 18:58:07 --> Undefined property: stdClass::$reference
in APPPATH/Helpers/global_helper.php on line 914.
 1 APPPATH/Helpers/global_helper.php(914): CodeIgniter\Debug\Exceptions->errorHandler()
 2 APPPATH/Controllers/Malipo.php(440): nmbGenSubmitJson()
 3 SYSTEMPATH/CodeIgniter.php(896): App\Controllers\Malipo->nmbbillrequest()
 4 SYSTEMPATH/CodeIgniter.php(466): CodeIgniter\CodeIgniter->runController()
 5 SYSTEMPATH/CodeIgniter.php(349): CodeIgniter\CodeIgniter->handleRequest()
 6 FCPATH/index.php(57): CodeIgniter\CodeIgniter->run()
CRITICAL - 2024-08-08 19:09:46 --> Class "App\Models\Engine" not found
in APPPATH/Controllers/BaseController.php on line 58.
 1 SYSTEMPATH/CodeIgniter.php(859): App\Controllers\BaseController->initController()
 2 SYSTEMPATH/CodeIgniter.php(457): CodeIgniter\CodeIgniter->createController()
 3 SYSTEMPATH/CodeIgniter.php(349): CodeIgniter\CodeIgniter->handleRequest()
 4 FCPATH/index.php(57): CodeIgniter\CodeIgniter->run()
CRITICAL - 2024-08-08 19:10:04 --> Call to undefined function App\Models\fetchPatientRecordNew()
in APPPATH/Models/Engine.php on line 1414.
 1 APPPATH/Models/Engine.php(1970): App\Models\Engine->fetchPatientRecord()
 2 APPPATH/Helpers/global_helper.php(538): App\Models\Engine->calcPatientBalance()
 3 APPPATH/Helpers/global_helper.php(488): doProcessGlobalTransaction()
 4 APPPATH/Controllers/Malipo.php(466): doProcessNMBTransaction()
 5 SYSTEMPATH/CodeIgniter.php(896): App\Controllers\Malipo->nmbprocesscallback()
 6 SYSTEMPATH/CodeIgniter.php(466): CodeIgniter\CodeIgniter->runController()
 7 SYSTEMPATH/CodeIgniter.php(349): CodeIgniter\CodeIgniter->handleRequest()
 8 FCPATH/index.php(57): CodeIgniter\CodeIgniter->run()
CRITICAL - 2024-08-08 19:10:05 --> Call to undefined function App\Models\fetchPatientRecordNew()
in APPPATH/Models/Engine.php on line 1414.
 1 APPPATH/Controllers/Api.php(76): App\Models\Engine->fetchPatientRecord()
 2 SYSTEMPATH/CodeIgniter.php(896): App\Controllers\Api->postpatbills()
 3 SYSTEMPATH/CodeIgniter.php(466): CodeIgniter\CodeIgniter->runController()
 4 SYSTEMPATH/CodeIgniter.php(349): CodeIgniter\CodeIgniter->handleRequest()
 5 FCPATH/index.php(57): CodeIgniter\CodeIgniter->run()
CRITICAL - 2024-08-08 19:10:11 --> Call to undefined function App\Models\fetchPatientRecordNew()
in APPPATH/Models/Engine.php on line 1414.
 1 APPPATH/Controllers/Api.php(76): App\Models\Engine->fetchPatientRecord()
 2 SYSTEMPATH/CodeIgniter.php(896): App\Controllers\Api->postpatbills()
 3 SYSTEMPATH/CodeIgniter.php(466): CodeIgniter\CodeIgniter->runController()
 4 SYSTEMPATH/CodeIgniter.php(349): CodeIgniter\CodeIgniter->handleRequest()
 5 FCPATH/index.php(57): CodeIgniter\CodeIgniter->run()
CRITICAL - 2024-08-08 19:10:19 --> Call to undefined function App\Models\fetchPatientRecordNew()
in APPPATH/Models/Engine.php on line 1414.
 1 APPPATH/Controllers/Api.php(76): App\Models\Engine->fetchPatientRecord()
 2 SYSTEMPATH/CodeIgniter.php(896): App\Controllers\Api->postpatbills()
 3 SYSTEMPATH/CodeIgniter.php(466): CodeIgniter\CodeIgniter->runController()
 4 SYSTEMPATH/CodeIgniter.php(349): CodeIgniter\CodeIgniter->handleRequest()
 5 FCPATH/index.php(57): CodeIgniter\CodeIgniter->run()
CRITICAL - 2024-08-08 19:10:39 --> Call to undefined function App\Models\fetchPatientRecordNew()
in APPPATH/Models/Engine.php on line 1414.
 1 APPPATH/Controllers/Api.php(76): App\Models\Engine->fetchPatientRecord()
 2 SYSTEMPATH/CodeIgniter.php(896): App\Controllers\Api->postpatbills()
 3 SYSTEMPATH/CodeIgniter.php(466): CodeIgniter\CodeIgniter->runController()
 4 SYSTEMPATH/CodeIgniter.php(349): CodeIgniter\CodeIgniter->handleRequest()
 5 FCPATH/index.php(57): CodeIgniter\CodeIgniter->run()
CRITICAL - 2024-08-08 19:10:52 --> Call to undefined function App\Models\fetchPatientRecordNew()
in APPPATH/Models/Engine.php on line 1414.
 1 APPPATH/Controllers/Api.php(76): App\Models\Engine->fetchPatientRecord()
 2 SYSTEMPATH/CodeIgniter.php(896): App\Controllers\Api->postpatbills()
 3 SYSTEMPATH/CodeIgniter.php(466): CodeIgniter\CodeIgniter->runController()
 4 SYSTEMPATH/CodeIgniter.php(349): CodeIgniter\CodeIgniter->handleRequest()
 5 FCPATH/index.php(57): CodeIgniter\CodeIgniter->run()
CRITICAL - 2024-08-08 19:11:14 --> Call to undefined function App\Models\fetchPatientRecordNew()
in APPPATH/Models/Engine.php on line 1414.
 1 APPPATH/Controllers/Api.php(76): App\Models\Engine->fetchPatientRecord()
 2 SYSTEMPATH/CodeIgniter.php(896): App\Controllers\Api->postpatbills()
 3 SYSTEMPATH/CodeIgniter.php(466): CodeIgniter\CodeIgniter->runController()
 4 SYSTEMPATH/CodeIgniter.php(349): CodeIgniter\CodeIgniter->handleRequest()
 5 FCPATH/index.php(57): CodeIgniter\CodeIgniter->run()
CRITICAL - 2024-08-08 19:12:59 --> Call to undefined function App\Models\fetchPatientRecordNew()
in APPPATH/Models/Engine.php on line 1414.
 1 APPPATH/Controllers/Api.php(76): App\Models\Engine->fetchPatientRecord()
 2 SYSTEMPATH/CodeIgniter.php(896): App\Controllers\Api->postpatbills()
 3 SYSTEMPATH/CodeIgniter.php(466): CodeIgniter\CodeIgniter->runController()
 4 SYSTEMPATH/CodeIgniter.php(349): CodeIgniter\CodeIgniter->handleRequest()
 5 FCPATH/index.php(57): CodeIgniter\CodeIgniter->run()
CRITICAL - 2024-08-08 19:13:06 --> Call to undefined function App\Models\fetchPatientRecordNew()
in APPPATH/Models/Engine.php on line 1414.
 1 APPPATH/Models/Engine.php(1970): App\Models\Engine->fetchPatientRecord()
 2 APPPATH/Helpers/global_helper.php(538): App\Models\Engine->calcPatientBalance()
 3 APPPATH/Helpers/global_helper.php(480): doProcessGlobalTransaction()
 4 APPPATH/Controllers/Malipo.php(312): doProcessCRDBTransaction()
 5 SYSTEMPATH/CodeIgniter.php(896): App\Controllers\Malipo->crdbpost()
 6 SYSTEMPATH/CodeIgniter.php(466): CodeIgniter\CodeIgniter->runController()
 7 SYSTEMPATH/CodeIgniter.php(349): CodeIgniter\CodeIgniter->handleRequest()
 8 FCPATH/index.php(57): CodeIgniter\CodeIgniter->run()
CRITICAL - 2024-08-08 19:18:22 --> Object of class stdClass could not be converted to string
in APPPATH/Controllers/Api.php on line 14.
 1 SYSTEMPATH/CodeIgniter.php(896): App\Controllers\Api->testpush()
 2 SYSTEMPATH/CodeIgniter.php(466): CodeIgniter\CodeIgniter->runController()
 3 SYSTEMPATH/CodeIgniter.php(349): CodeIgniter\CodeIgniter->handleRequest()
 4 FCPATH/index.php(57): CodeIgniter\CodeIgniter->run()
CRITICAL - 2024-08-08 19:19:30 --> Object of class stdClass could not be converted to string
in APPPATH/Controllers/Api.php on line 14.
 1 SYSTEMPATH/CodeIgniter.php(896): App\Controllers\Api->testpush()
 2 SYSTEMPATH/CodeIgniter.php(466): CodeIgniter\CodeIgniter->runController()
 3 SYSTEMPATH/CodeIgniter.php(349): CodeIgniter\CodeIgniter->handleRequest()
 4 FCPATH/index.php(57): CodeIgniter\CodeIgniter->run()
CRITICAL - 2024-08-08 19:31:28 --> You must set the database table to be used with your query.
in SYSTEMPATH/Database/BaseConnection.php on line 874.
 1 SYSTEMPATH/Model.php(586): CodeIgniter\Database\BaseConnection->table()
 2 SYSTEMPATH/Model.php(763): CodeIgniter\Model->builder()
 3 APPPATH/Models/Engine.php(1414): CodeIgniter\Model->__call()
 4 APPPATH/Models/Engine.php(1969): App\Models\Engine->fetchPatientRecord()
 5 APPPATH/Helpers/global_helper.php(538): App\Models\Engine->calcPatientBalance()
 6 APPPATH/Helpers/global_helper.php(488): doProcessGlobalTransaction()
 7 APPPATH/Controllers/Malipo.php(466): doProcessNMBTransaction()
 8 SYSTEMPATH/CodeIgniter.php(896): App\Controllers\Malipo->nmbprocesscallback()
 9 SYSTEMPATH/CodeIgniter.php(466): CodeIgniter\CodeIgniter->runController()
10 SYSTEMPATH/CodeIgniter.php(349): CodeIgniter\CodeIgniter->handleRequest()
11 FCPATH/index.php(57): CodeIgniter\CodeIgniter->run()
CRITICAL - 2024-08-08 19:40:15 --> You must set the database table to be used with your query.
in SYSTEMPATH/Database/BaseConnection.php on line 874.
 1 SYSTEMPATH/Model.php(586): CodeIgniter\Database\BaseConnection->table()
 2 SYSTEMPATH/Model.php(763): CodeIgniter\Model->builder()
 3 APPPATH/Models/Engine.php(1414): CodeIgniter\Model->__call()
 4 APPPATH/Controllers/Patients.php(39): App\Models\Engine->fetchPatientRecord()
 5 SYSTEMPATH/CodeIgniter.php(896): App\Controllers\Patients->record()
 6 SYSTEMPATH/CodeIgniter.php(466): CodeIgniter\CodeIgniter->runController()
 7 SYSTEMPATH/CodeIgniter.php(349): CodeIgniter\CodeIgniter->handleRequest()
 8 FCPATH/index.php(57): CodeIgniter\CodeIgniter->run()
CRITICAL - 2024-08-08 19:40:28 --> You must set the database table to be used with your query.
in SYSTEMPATH/Database/BaseConnection.php on line 874.
 1 SYSTEMPATH/Model.php(586): CodeIgniter\Database\BaseConnection->table()
 2 SYSTEMPATH/Model.php(763): CodeIgniter\Model->builder()
 3 APPPATH/Models/Engine.php(1414): CodeIgniter\Model->__call()
 4 APPPATH/Controllers/Patients.php(39): App\Models\Engine->fetchPatientRecord()
 5 SYSTEMPATH/CodeIgniter.php(896): App\Controllers\Patients->record()
 6 SYSTEMPATH/CodeIgniter.php(466): CodeIgniter\CodeIgniter->runController()
 7 SYSTEMPATH/CodeIgniter.php(349): CodeIgniter\CodeIgniter->handleRequest()
 8 FCPATH/index.php(57): CodeIgniter\CodeIgniter->run()
CRITICAL - 2024-08-08 19:40:44 --> You must set the database table to be used with your query.
in SYSTEMPATH/Database/BaseConnection.php on line 874.
 1 SYSTEMPATH/Model.php(586): CodeIgniter\Database\BaseConnection->table()
 2 SYSTEMPATH/Model.php(763): CodeIgniter\Model->builder()
 3 APPPATH/Models/Engine.php(1414): CodeIgniter\Model->__call()
 4 APPPATH/Controllers/Patients.php(39): App\Models\Engine->fetchPatientRecord()
 5 SYSTEMPATH/CodeIgniter.php(896): App\Controllers\Patients->record()
 6 SYSTEMPATH/CodeIgniter.php(466): CodeIgniter\CodeIgniter->runController()
 7 SYSTEMPATH/CodeIgniter.php(349): CodeIgniter\CodeIgniter->handleRequest()
 8 FCPATH/index.php(57): CodeIgniter\CodeIgniter->run()
CRITICAL - 2024-08-08 19:42:35 --> You must set the database table to be used with your query.
in SYSTEMPATH/Database/BaseConnection.php on line 874.
 1 SYSTEMPATH/Model.php(586): CodeIgniter\Database\BaseConnection->table()
 2 SYSTEMPATH/Model.php(763): CodeIgniter\Model->builder()
 3 APPPATH/Models/Engine.php(1414): CodeIgniter\Model->__call()
 4 APPPATH/Controllers/Api.php(15): App\Models\Engine->fetchPatientRecord()
 5 SYSTEMPATH/CodeIgniter.php(896): App\Controllers\Api->testpush()
 6 SYSTEMPATH/CodeIgniter.php(466): CodeIgniter\CodeIgniter->runController()
 7 SYSTEMPATH/CodeIgniter.php(349): CodeIgniter\CodeIgniter->handleRequest()
 8 FCPATH/index.php(57): CodeIgniter\CodeIgniter->run()
ERROR - 2024-08-08 19:43:04 --> Got error 4009 'Cluster Failure' from NDBCLUSTER
CRITICAL - 2024-08-08 19:43:04 --> Got error 4009 'Cluster Failure' from NDBCLUSTER
in SYSTEMPATH/Database/MySQLi/Connection.php on line 292.
 1 SYSTEMPATH/Database/MySQLi/Connection.php(292): mysqli->query()
 2 SYSTEMPATH/Database/BaseConnection.php(695): CodeIgniter\Database\MySQLi\Connection->execute()
 3 SYSTEMPATH/Database/BaseConnection.php(609): CodeIgniter\Database\BaseConnection->simpleQuery()
 4 APPPATH/Models/Engine.php(554): CodeIgniter\Database\BaseConnection->query()
 5 APPPATH/Controllers/BaseController.php(77): App\Models\Engine->getLanguages()
 6 SYSTEMPATH/CodeIgniter.php(859): App\Controllers\BaseController->initController()
 7 SYSTEMPATH/CodeIgniter.php(457): CodeIgniter\CodeIgniter->createController()
 8 SYSTEMPATH/CodeIgniter.php(349): CodeIgniter\CodeIgniter->handleRequest()
 9 FCPATH/index.php(57): CodeIgniter\CodeIgniter->run()
CRITICAL - 2024-08-08 19:44:56 --> No route to host
in /var/www/html/bmc1/libraries/vendor/joomla/database/src/Mysqli/MysqliDriver.php on line 269.
 1 /var/www/html/bmc1/libraries/vendor/joomla/database/src/Mysqli/MysqliDriver.php(269): mysqli->real_connect()
 2 /var/www/html/bmc1/libraries/vendor/joomla/session/src/Handler/DatabaseHandler.php(233): Joomla\Database\Mysqli\MysqliDriver->connect()
 3 [internal function]: Joomla\Session\Handler\DatabaseHandler->open()
 4 /var/www/html/bmc1/libraries/vendor/joomla/session/src/Storage/NativeStorage.php(481): session_start()
 5 /var/www/html/bmc1/libraries/src/Session/Storage/JoomlaStorage.php(306): Joomla\Session\Storage\NativeStorage->start()
 6 /var/www/html/bmc1/libraries/vendor/joomla/session/src/Session.php(406): Joomla\CMS\Session\Storage\JoomlaStorage->start()
 7 /var/www/html/bmc1/libraries/vendor/joomla/session/src/Session.php(333): Joomla\Session\Session->start()
 8 /var/www/html/bmc1/libraries/src/Session/Session.php(198): Joomla\Session\Session->has()
 9 APPPATH/Controllers/BaseController.php(60): Joomla\CMS\Session\Session->get()
10 SYSTEMPATH/CodeIgniter.php(859): App\Controllers\BaseController->initController()
11 SYSTEMPATH/CodeIgniter.php(457): CodeIgniter\CodeIgniter->createController()
12 SYSTEMPATH/CodeIgniter.php(349): CodeIgniter\CodeIgniter->handleRequest()
13 FCPATH/index.php(57): CodeIgniter\CodeIgniter->run()
ERROR - 2024-08-08 19:44:58 --> Got error 4009 'Cluster Failure' from NDBCLUSTER
CRITICAL - 2024-08-08 19:44:58 --> Got error 4009 'Cluster Failure' from NDBCLUSTER
in SYSTEMPATH/Database/MySQLi/Connection.php on line 292.
 1 SYSTEMPATH/Database/MySQLi/Connection.php(292): mysqli->query()
 2 SYSTEMPATH/Database/BaseConnection.php(695): CodeIgniter\Database\MySQLi\Connection->execute()
 3 SYSTEMPATH/Database/BaseConnection.php(609): CodeIgniter\Database\BaseConnection->simpleQuery()
 4 APPPATH/Models/Engine.php(554): CodeIgniter\Database\BaseConnection->query()
 5 APPPATH/Controllers/BaseController.php(77): App\Models\Engine->getLanguages()
 6 SYSTEMPATH/CodeIgniter.php(859): App\Controllers\BaseController->initController()
 7 SYSTEMPATH/CodeIgniter.php(457): CodeIgniter\CodeIgniter->createController()
 8 SYSTEMPATH/CodeIgniter.php(349): CodeIgniter\CodeIgniter->handleRequest()
 9 FCPATH/index.php(57): CodeIgniter\CodeIgniter->run()
ERROR - 2024-08-08 19:47:11 --> Got error 4009 'Cluster Failure' from NDBCLUSTER
CRITICAL - 2024-08-08 19:47:11 --> Got error 4009 'Cluster Failure' from NDBCLUSTER
in SYSTEMPATH/Database/MySQLi/Connection.php on line 292.
 1 SYSTEMPATH/Database/MySQLi/Connection.php(292): mysqli->query()
 2 SYSTEMPATH/Database/BaseConnection.php(695): CodeIgniter\Database\MySQLi\Connection->execute()
 3 SYSTEMPATH/Database/BaseConnection.php(609): CodeIgniter\Database\BaseConnection->simpleQuery()
 4 APPPATH/Models/Engine.php(784): CodeIgniter\Database\BaseConnection->query()
 5 APPPATH/Controllers/BaseController.php(65): App\Models\Engine->fetchUserDetails()
 6 SYSTEMPATH/CodeIgniter.php(859): App\Controllers\BaseController->initController()
 7 SYSTEMPATH/CodeIgniter.php(457): CodeIgniter\CodeIgniter->createController()
 8 SYSTEMPATH/CodeIgniter.php(349): CodeIgniter\CodeIgniter->handleRequest()
 9 FCPATH/index.php(57): CodeIgniter\CodeIgniter->run()
ERROR - 2024-08-08 19:47:12 --> Got error 4009 'Cluster Failure' from NDBCLUSTER
CRITICAL - 2024-08-08 19:47:12 --> Got error 4009 'Cluster Failure' from NDBCLUSTER
in SYSTEMPATH/Database/MySQLi/Connection.php on line 292.
 1 SYSTEMPATH/Database/MySQLi/Connection.php(292): mysqli->query()
 2 SYSTEMPATH/Database/BaseConnection.php(695): CodeIgniter\Database\MySQLi\Connection->execute()
 3 SYSTEMPATH/Database/BaseConnection.php(609): CodeIgniter\Database\BaseConnection->simpleQuery()
 4 APPPATH/Models/Engine.php(554): CodeIgniter\Database\BaseConnection->query()
 5 APPPATH/Controllers/BaseController.php(77): App\Models\Engine->getLanguages()
 6 SYSTEMPATH/CodeIgniter.php(859): App\Controllers\BaseController->initController()
 7 SYSTEMPATH/CodeIgniter.php(457): CodeIgniter\CodeIgniter->createController()
 8 SYSTEMPATH/CodeIgniter.php(349): CodeIgniter\CodeIgniter->handleRequest()
 9 FCPATH/index.php(57): CodeIgniter\CodeIgniter->run()
ERROR - 2024-08-08 19:48:14 --> Got error 4009 'Cluster Failure' from NDBCLUSTER
CRITICAL - 2024-08-08 19:48:14 --> Got error 4009 'Cluster Failure' from NDBCLUSTER
in SYSTEMPATH/Database/MySQLi/Connection.php on line 292.
 1 SYSTEMPATH/Database/MySQLi/Connection.php(292): mysqli->query()
 2 SYSTEMPATH/Database/BaseConnection.php(695): CodeIgniter\Database\MySQLi\Connection->execute()
 3 SYSTEMPATH/Database/BaseConnection.php(609): CodeIgniter\Database\BaseConnection->simpleQuery()
 4 APPPATH/Models/Engine.php(554): CodeIgniter\Database\BaseConnection->query()
 5 APPPATH/Controllers/BaseController.php(77): App\Models\Engine->getLanguages()
 6 SYSTEMPATH/CodeIgniter.php(859): App\Controllers\BaseController->initController()
 7 SYSTEMPATH/CodeIgniter.php(457): CodeIgniter\CodeIgniter->createController()
 8 SYSTEMPATH/CodeIgniter.php(349): CodeIgniter\CodeIgniter->handleRequest()
 9 FCPATH/index.php(57): CodeIgniter\CodeIgniter->run()
ERROR - 2024-08-08 20:02:19 --> Got error 4009 'Cluster Failure' from NDBCLUSTER
CRITICAL - 2024-08-08 20:02:19 --> Got error 4009 'Cluster Failure' from NDBCLUSTER
in SYSTEMPATH/Database/MySQLi/Connection.php on line 292.
 1 SYSTEMPATH/Database/MySQLi/Connection.php(292): mysqli->query()
 2 SYSTEMPATH/Database/BaseConnection.php(695): CodeIgniter\Database\MySQLi\Connection->execute()
 3 SYSTEMPATH/Database/BaseConnection.php(609): CodeIgniter\Database\BaseConnection->simpleQuery()
 4 APPPATH/Models/Engine.php(554): CodeIgniter\Database\BaseConnection->query()
 5 APPPATH/Controllers/BaseController.php(77): App\Models\Engine->getLanguages()
 6 SYSTEMPATH/CodeIgniter.php(859): App\Controllers\BaseController->initController()
 7 SYSTEMPATH/CodeIgniter.php(457): CodeIgniter\CodeIgniter->createController()
 8 SYSTEMPATH/CodeIgniter.php(349): CodeIgniter\CodeIgniter->handleRequest()
 9 FCPATH/index.php(57): CodeIgniter\CodeIgniter->run()
ERROR - 2024-08-08 20:02:19 --> Got error 4009 'Cluster Failure' from NDBCLUSTER
CRITICAL - 2024-08-08 20:02:19 --> Got error 4009 'Cluster Failure' from NDBCLUSTER
in SYSTEMPATH/Database/MySQLi/Connection.php on line 292.
 1 SYSTEMPATH/Database/MySQLi/Connection.php(292): mysqli->query()
 2 SYSTEMPATH/Database/BaseConnection.php(695): CodeIgniter\Database\MySQLi\Connection->execute()
 3 SYSTEMPATH/Database/BaseConnection.php(609): CodeIgniter\Database\BaseConnection->simpleQuery()
 4 APPPATH/Models/Engine.php(554): CodeIgniter\Database\BaseConnection->query()
 5 APPPATH/Controllers/BaseController.php(77): App\Models\Engine->getLanguages()
 6 SYSTEMPATH/CodeIgniter.php(859): App\Controllers\BaseController->initController()
 7 SYSTEMPATH/CodeIgniter.php(457): CodeIgniter\CodeIgniter->createController()
 8 SYSTEMPATH/CodeIgniter.php(349): CodeIgniter\CodeIgniter->handleRequest()
 9 FCPATH/index.php(57): CodeIgniter\CodeIgniter->run()
CRITICAL - 2024-08-08 20:09:28 --> Undefined variable $permitAccess
in APPPATH/Controllers/Malipo.php on line 380.
 1 APPPATH/Controllers/Malipo.php(380): CodeIgniter\Debug\Exceptions->errorHandler()
 2 SYSTEMPATH/CodeIgniter.php(896): App\Controllers\Malipo->nmbreq2xx()
 3 SYSTEMPATH/CodeIgniter.php(466): CodeIgniter\CodeIgniter->runController()
 4 SYSTEMPATH/CodeIgniter.php(349): CodeIgniter\CodeIgniter->handleRequest()
 5 FCPATH/index.php(57): CodeIgniter\CodeIgniter->run()
CRITICAL - 2024-08-08 20:09:53 --> Class "App\Controllers\SimpleXMLElement" not found
in APPPATH/Controllers/Malipo.php on line 381.
 1 SYSTEMPATH/CodeIgniter.php(896): App\Controllers\Malipo->nmbreq2xx()
 2 SYSTEMPATH/CodeIgniter.php(466): CodeIgniter\CodeIgniter->runController()
 3 SYSTEMPATH/CodeIgniter.php(349): CodeIgniter\CodeIgniter->handleRequest()
 4 FCPATH/index.php(57): CodeIgniter\CodeIgniter->run()
CRITICAL - 2024-08-08 20:10:21 --> Class "App\Controllers\SimpleXMLElement" not found
in APPPATH/Controllers/Malipo.php on line 380.
 1 SYSTEMPATH/CodeIgniter.php(896): App\Controllers\Malipo->nmbreq2xx()
 2 SYSTEMPATH/CodeIgniter.php(466): CodeIgniter\CodeIgniter->runController()
 3 SYSTEMPATH/CodeIgniter.php(349): CodeIgniter\CodeIgniter->handleRequest()
 4 FCPATH/index.php(57): CodeIgniter\CodeIgniter->run()
CRITICAL - 2024-08-08 20:10:22 --> Undefined property: stdClass::$reference
in APPPATH/Helpers/global_helper.php on line 914.
 1 APPPATH/Helpers/global_helper.php(914): CodeIgniter\Debug\Exceptions->errorHandler()
 2 APPPATH/Controllers/Malipo.php(461): nmbGenSubmitJson()
 3 SYSTEMPATH/CodeIgniter.php(896): App\Controllers\Malipo->nmbbillrequest()
 4 SYSTEMPATH/CodeIgniter.php(466): CodeIgniter\CodeIgniter->runController()
 5 SYSTEMPATH/CodeIgniter.php(349): CodeIgniter\CodeIgniter->handleRequest()
 6 FCPATH/index.php(57): CodeIgniter\CodeIgniter->run()
CRITICAL - 2024-08-08 20:10:35 --> Class "App\Controllers\SimpleXMLElement" not found
in APPPATH/Controllers/Malipo.php on line 358.
 1 SYSTEMPATH/CodeIgniter.php(896): App\Controllers\Malipo->nmbreq2()
 2 SYSTEMPATH/CodeIgniter.php(466): CodeIgniter\CodeIgniter->runController()
 3 SYSTEMPATH/CodeIgniter.php(349): CodeIgniter\CodeIgniter->handleRequest()
 4 FCPATH/index.php(57): CodeIgniter\CodeIgniter->run()
CRITICAL - 2024-08-08 20:10:36 --> Undefined property: stdClass::$reference
in APPPATH/Helpers/global_helper.php on line 914.
 1 APPPATH/Helpers/global_helper.php(914): CodeIgniter\Debug\Exceptions->errorHandler()
 2 APPPATH/Controllers/Malipo.php(461): nmbGenSubmitJson()
 3 SYSTEMPATH/CodeIgniter.php(896): App\Controllers\Malipo->nmbbillrequest()
 4 SYSTEMPATH/CodeIgniter.php(466): CodeIgniter\CodeIgniter->runController()
 5 SYSTEMPATH/CodeIgniter.php(349): CodeIgniter\CodeIgniter->handleRequest()
 6 FCPATH/index.php(57): CodeIgniter\CodeIgniter->run()
CRITICAL - 2024-08-08 20:10:59 --> Class "App\Controllers\SimpleXMLElement" not found
in APPPATH/Controllers/Malipo.php on line 358.
 1 SYSTEMPATH/CodeIgniter.php(896): App\Controllers\Malipo->nmbreq2()
 2 SYSTEMPATH/CodeIgniter.php(466): CodeIgniter\CodeIgniter->runController()
 3 SYSTEMPATH/CodeIgniter.php(349): CodeIgniter\CodeIgniter->handleRequest()
 4 FCPATH/index.php(57): CodeIgniter\CodeIgniter->run()
CRITICAL - 2024-08-08 20:11:49 --> Class "App\Controllers\SimpleXMLElement" not found
in APPPATH/Controllers/Malipo.php on line 380.
 1 SYSTEMPATH/CodeIgniter.php(896): App\Controllers\Malipo->nmbreq2xx()
 2 SYSTEMPATH/CodeIgniter.php(466): CodeIgniter\CodeIgniter->runController()
 3 SYSTEMPATH/CodeIgniter.php(349): CodeIgniter\CodeIgniter->handleRequest()
 4 FCPATH/index.php(57): CodeIgniter\CodeIgniter->run()
CRITICAL - 2024-08-08 20:12:20 --> Undefined array key "amount"
in APPPATH/Helpers/global_helper.php on line 499.
 1 APPPATH/Helpers/global_helper.php(499): CodeIgniter\Debug\Exceptions->errorHandler()
 2 APPPATH/Helpers/global_helper.php(488): doProcessGlobalTransaction()
 3 APPPATH/Controllers/Malipo.php(381): doProcessNMBTransaction()
 4 SYSTEMPATH/CodeIgniter.php(896): App\Controllers\Malipo->nmbreq2xx()
 5 SYSTEMPATH/CodeIgniter.php(466): CodeIgniter\CodeIgniter->runController()
 6 SYSTEMPATH/CodeIgniter.php(349): CodeIgniter\CodeIgniter->handleRequest()
 7 FCPATH/index.php(57): CodeIgniter\CodeIgniter->run()
CRITICAL - 2024-08-08 20:16:42 --> Array to string conversion
in APPPATH/Helpers/xml/initiatorXmlNMB.php on line 21.
 1 APPPATH/Helpers/xml/initiatorXmlNMB.php(21): CodeIgniter\Debug\Exceptions->errorHandler()
 2 APPPATH/Helpers/global_helper.php(176): require('APPPATH/Helpers/xml/initiatorXmlNMB.php')
 3 APPPATH/Controllers/Malipo.php(384): dispResponseNMBInitiator()
 4 SYSTEMPATH/CodeIgniter.php(896): App\Controllers\Malipo->nmbreq2xx()
 5 SYSTEMPATH/CodeIgniter.php(466): CodeIgniter\CodeIgniter->runController()
 6 SYSTEMPATH/CodeIgniter.php(349): CodeIgniter\CodeIgniter->handleRequest()
 7 FCPATH/index.php(57): CodeIgniter\CodeIgniter->run()
CRITICAL - 2024-08-08 20:18:20 --> Undefined array key "status"
in APPPATH/Helpers/xml/initiatorXmlNMB.php on line 21.
 1 APPPATH/Helpers/xml/initiatorXmlNMB.php(21): CodeIgniter\Debug\Exceptions->errorHandler()
 2 APPPATH/Helpers/global_helper.php(176): require('APPPATH/Helpers/xml/initiatorXmlNMB.php')
 3 APPPATH/Controllers/Malipo.php(384): dispResponseNMBInitiator()
 4 SYSTEMPATH/CodeIgniter.php(896): App\Controllers\Malipo->nmbreq2xx()
 5 SYSTEMPATH/CodeIgniter.php(466): CodeIgniter\CodeIgniter->runController()
 6 SYSTEMPATH/CodeIgniter.php(349): CodeIgniter\CodeIgniter->handleRequest()
 7 FCPATH/index.php(57): CodeIgniter\CodeIgniter->run()
CRITICAL - 2024-08-08 20:22:03 --> Undefined property: stdClass::$bill_num
in APPPATH/Helpers/global_helper.php on line 505.
 1 APPPATH/Helpers/global_helper.php(505): CodeIgniter\Debug\Exceptions->errorHandler()
 2 APPPATH/Controllers/Malipo.php(386): doProcessGlobalTransaction()
 3 SYSTEMPATH/CodeIgniter.php(896): App\Controllers\Malipo->nmbreq2xx()
 4 SYSTEMPATH/CodeIgniter.php(466): CodeIgniter\CodeIgniter->runController()
 5 SYSTEMPATH/CodeIgniter.php(349): CodeIgniter\CodeIgniter->handleRequest()
 6 FCPATH/index.php(57): CodeIgniter\CodeIgniter->run()
CRITICAL - 2024-08-08 20:23:16 --> Undefined array key "reference"
in APPPATH/Helpers/xml/initiatorXmlNMB.php on line 23.
 1 APPPATH/Helpers/xml/initiatorXmlNMB.php(23): CodeIgniter\Debug\Exceptions->errorHandler()
 2 APPPATH/Helpers/global_helper.php(176): require('APPPATH/Helpers/xml/initiatorXmlNMB.php')
 3 APPPATH/Controllers/Malipo.php(388): dispResponseNMBInitiator()
 4 SYSTEMPATH/CodeIgniter.php(896): App\Controllers\Malipo->nmbreq2xx()
 5 SYSTEMPATH/CodeIgniter.php(466): CodeIgniter\CodeIgniter->runController()
 6 SYSTEMPATH/CodeIgniter.php(349): CodeIgniter\CodeIgniter->handleRequest()
 7 FCPATH/index.php(57): CodeIgniter\CodeIgniter->run()
CRITICAL - 2024-08-08 20:26:27 --> Undefined array key "reference"
in APPPATH/Helpers/xml/initiatorXmlNMB.php on line 23.
 1 APPPATH/Helpers/xml/initiatorXmlNMB.php(23): CodeIgniter\Debug\Exceptions->errorHandler()
 2 APPPATH/Helpers/global_helper.php(176): require('APPPATH/Helpers/xml/initiatorXmlNMB.php')
 3 APPPATH/Controllers/Malipo.php(388): dispResponseNMBInitiator()
 4 SYSTEMPATH/CodeIgniter.php(896): App\Controllers\Malipo->nmbreq2xx()
 5 SYSTEMPATH/CodeIgniter.php(466): CodeIgniter\CodeIgniter->runController()
 6 SYSTEMPATH/CodeIgniter.php(349): CodeIgniter\CodeIgniter->handleRequest()
 7 FCPATH/index.php(57): CodeIgniter\CodeIgniter->run()
CRITICAL - 2024-08-08 20:35:25 --> Undefined array key "reference"
in APPPATH/Helpers/xml/initiatorXmlNMB.php on line 23.
 1 APPPATH/Helpers/xml/initiatorXmlNMB.php(23): CodeIgniter\Debug\Exceptions->errorHandler()
 2 APPPATH/Helpers/global_helper.php(176): require('APPPATH/Helpers/xml/initiatorXmlNMB.php')
 3 APPPATH/Controllers/Malipo.php(388): dispResponseNMBInitiator()
 4 SYSTEMPATH/CodeIgniter.php(896): App\Controllers\Malipo->nmbreq2xx()
 5 SYSTEMPATH/CodeIgniter.php(466): CodeIgniter\CodeIgniter->runController()
 6 SYSTEMPATH/CodeIgniter.php(349): CodeIgniter\CodeIgniter->handleRequest()
 7 FCPATH/index.php(57): CodeIgniter\CodeIgniter->run()
ERROR - 2024-08-08 20:41:11 --> Got error 4009 'Cluster Failure' from NDBCLUSTER
CRITICAL - 2024-08-08 20:41:11 --> Got error 4009 'Cluster Failure' from NDBCLUSTER
in SYSTEMPATH/Database/MySQLi/Connection.php on line 292.
 1 SYSTEMPATH/Database/MySQLi/Connection.php(292): mysqli->query()
 2 SYSTEMPATH/Database/BaseConnection.php(695): CodeIgniter\Database\MySQLi\Connection->execute()
 3 SYSTEMPATH/Database/BaseConnection.php(609): CodeIgniter\Database\BaseConnection->simpleQuery()
 4 APPPATH/Models/Engine.php(554): CodeIgniter\Database\BaseConnection->query()
 5 APPPATH/Controllers/BaseController.php(77): App\Models\Engine->getLanguages()
 6 SYSTEMPATH/CodeIgniter.php(859): App\Controllers\BaseController->initController()
 7 SYSTEMPATH/CodeIgniter.php(457): CodeIgniter\CodeIgniter->createController()
 8 SYSTEMPATH/CodeIgniter.php(349): CodeIgniter\CodeIgniter->handleRequest()
 9 FCPATH/index.php(57): CodeIgniter\CodeIgniter->run()
ERROR - 2024-08-08 20:41:11 --> Got error 4009 'Cluster Failure' from NDBCLUSTER
CRITICAL - 2024-08-08 20:41:11 --> Got error 4009 'Cluster Failure' from NDBCLUSTER
in SYSTEMPATH/Database/MySQLi/Connection.php on line 292.
 1 SYSTEMPATH/Database/MySQLi/Connection.php(292): mysqli->query()
 2 SYSTEMPATH/Database/BaseConnection.php(695): CodeIgniter\Database\MySQLi\Connection->execute()
 3 SYSTEMPATH/Database/BaseConnection.php(609): CodeIgniter\Database\BaseConnection->simpleQuery()
 4 APPPATH/Models/Engine.php(554): CodeIgniter\Database\BaseConnection->query()
 5 APPPATH/Controllers/BaseController.php(77): App\Models\Engine->getLanguages()
 6 SYSTEMPATH/CodeIgniter.php(859): App\Controllers\BaseController->initController()
 7 SYSTEMPATH/CodeIgniter.php(457): CodeIgniter\CodeIgniter->createController()
 8 SYSTEMPATH/CodeIgniter.php(349): CodeIgniter\CodeIgniter->handleRequest()
 9 FCPATH/index.php(57): CodeIgniter\CodeIgniter->run()
ERROR - 2024-08-08 23:18:37 --> Got error 4009 'Cluster Failure' from NDBCLUSTER
CRITICAL - 2024-08-08 23:18:37 --> Got error 4009 'Cluster Failure' from NDBCLUSTER
in SYSTEMPATH/Database/MySQLi/Connection.php on line 292.
 1 SYSTEMPATH/Database/MySQLi/Connection.php(292): mysqli->query()
 2 SYSTEMPATH/Database/BaseConnection.php(695): CodeIgniter\Database\MySQLi\Connection->execute()
 3 SYSTEMPATH/Database/BaseConnection.php(609): CodeIgniter\Database\BaseConnection->simpleQuery()
 4 APPPATH/Models/Engine.php(554): CodeIgniter\Database\BaseConnection->query()
 5 APPPATH/Controllers/BaseController.php(77): App\Models\Engine->getLanguages()
 6 SYSTEMPATH/CodeIgniter.php(859): App\Controllers\BaseController->initController()
 7 SYSTEMPATH/CodeIgniter.php(457): CodeIgniter\CodeIgniter->createController()
 8 SYSTEMPATH/CodeIgniter.php(349): CodeIgniter\CodeIgniter->handleRequest()
 9 FCPATH/index.php(57): CodeIgniter\CodeIgniter->run()
