ERROR - 2024-08-07 00:30:18 --> Got error 4009 'Cluster Failure' from NDBCLUSTER
CRITICAL - 2024-08-07 00:30:18 --> Got error 4009 'Cluster Failure' from NDBCLUSTER
in SYSTEMPATH/Database/MySQLi/Connection.php on line 292.
 1 SYSTEMPATH/Database/MySQLi/Connection.php(292): mysqli->query()
 2 SYSTEMPATH/Database/BaseConnection.php(695): CodeIgniter\Database\MySQLi\Connection->execute()
 3 SYSTEMPATH/Database/BaseConnection.php(609): CodeIgniter\Database\BaseConnection->simpleQuery()
 4 APPPATH/Models/Engine.php(463): CodeIgniter\Database\BaseConnection->query()
 5 APPPATH/Controllers/BaseController.php(77): App\Models\Engine->getLanguages()
 6 SYSTEMPATH/CodeIgniter.php(859): App\Controllers\BaseController->initController()
 7 SYSTEMPATH/CodeIgniter.php(457): CodeIgniter\CodeIgniter->createController()
 8 SYSTEMPATH/CodeIgniter.php(349): CodeIgniter\CodeIgniter->handleRequest()
 9 FCPATH/index.php(57): CodeIgniter\CodeIgniter->run()
ERROR - 2024-08-07 05:44:17 --> Got error 4009 'Cluster Failure' from NDBCLUSTER
CRITICAL - 2024-08-07 05:44:17 --> Got error 4009 'Cluster Failure' from NDBCLUSTER
in SYSTEMPATH/Database/MySQLi/Connection.php on line 292.
 1 SYSTEMPATH/Database/MySQLi/Connection.php(292): mysqli->query()
 2 SYSTEMPATH/Database/BaseConnection.php(695): CodeIgniter\Database\MySQLi\Connection->execute()
 3 SYSTEMPATH/Database/BaseConnection.php(609): CodeIgniter\Database\BaseConnection->simpleQuery()
 4 APPPATH/Models/Engine.php(463): CodeIgniter\Database\BaseConnection->query()
 5 APPPATH/Controllers/BaseController.php(77): App\Models\Engine->getLanguages()
 6 SYSTEMPATH/CodeIgniter.php(859): App\Controllers\BaseController->initController()
 7 SYSTEMPATH/CodeIgniter.php(457): CodeIgniter\CodeIgniter->createController()
 8 SYSTEMPATH/CodeIgniter.php(349): CodeIgniter\CodeIgniter->handleRequest()
 9 FCPATH/index.php(57): CodeIgniter\CodeIgniter->run()
ERROR - 2024-08-07 06:19:18 --> Got error 4009 'Cluster Failure' from NDBCLUSTER
CRITICAL - 2024-08-07 06:19:18 --> Got error 4009 'Cluster Failure' from NDBCLUSTER
in SYSTEMPATH/Database/MySQLi/Connection.php on line 292.
 1 SYSTEMPATH/Database/MySQLi/Connection.php(292): mysqli->query()
 2 SYSTEMPATH/Database/BaseConnection.php(695): CodeIgniter\Database\MySQLi\Connection->execute()
 3 SYSTEMPATH/Database/BaseConnection.php(609): CodeIgniter\Database\BaseConnection->simpleQuery()
 4 APPPATH/Models/Engine.php(463): CodeIgniter\Database\BaseConnection->query()
 5 APPPATH/Controllers/BaseController.php(77): App\Models\Engine->getLanguages()
 6 SYSTEMPATH/CodeIgniter.php(859): App\Controllers\BaseController->initController()
 7 SYSTEMPATH/CodeIgniter.php(457): CodeIgniter\CodeIgniter->createController()
 8 SYSTEMPATH/CodeIgniter.php(349): CodeIgniter\CodeIgniter->handleRequest()
 9 FCPATH/index.php(57): CodeIgniter\CodeIgniter->run()
CRITICAL - 2024-08-07 09:36:01 --> Class "App\Models\Engine" not found
in APPPATH/Controllers/BaseController.php on line 58.
 1 SYSTEMPATH/CodeIgniter.php(859): App\Controllers\BaseController->initController()
 2 SYSTEMPATH/CodeIgniter.php(457): CodeIgniter\CodeIgniter->createController()
 3 SYSTEMPATH/CodeIgniter.php(349): CodeIgniter\CodeIgniter->handleRequest()
 4 FCPATH/index.php(57): CodeIgniter\CodeIgniter->run()
CRITICAL - 2024-08-07 09:36:01 --> Unclosed '('
in APPPATH/Models/Engine.php on line 1212.
 1 SYSTEMPATH/Autoloader/Autoloader.php(261): CodeIgniter\Autoloader\Autoloader->includeFile()
 2 SYSTEMPATH/Autoloader/Autoloader.php(239): CodeIgniter\Autoloader\Autoloader->loadInNamespace()
 3 APPPATH/Controllers/BaseController.php(58): CodeIgniter\Autoloader\Autoloader->loadClass()
 4 SYSTEMPATH/CodeIgniter.php(859): App\Controllers\BaseController->initController()
 5 SYSTEMPATH/CodeIgniter.php(457): CodeIgniter\CodeIgniter->createController()
 6 SYSTEMPATH/CodeIgniter.php(349): CodeIgniter\CodeIgniter->handleRequest()
 7 FCPATH/index.php(57): CodeIgniter\CodeIgniter->run()
CRITICAL - 2024-08-07 11:32:51 --> Undefined variable $payData
in APPPATH/Views/billing/bill_hist_disp.php on line 10.
 1 APPPATH/Views/billing/bill_hist_disp.php(10): CodeIgniter\Debug\Exceptions->errorHandler()
 2 APPPATH/Views/billing/bill_history.php(33): require('APPPATH/Views/billing/bill_hist_disp.php')
 3 APPPATH/Views/billing/bill_container.php(19): require_once('APPPATH/Views/billing/bill_history.php')
 4 SYSTEMPATH/View/View.php(213): include('APPPATH/Views/billing/bill_container.php')
 5 SYSTEMPATH/View/View.php(216): CodeIgniter\View\View->CodeIgniter\View\{closure}()
 6 SYSTEMPATH/Common.php(1135): CodeIgniter\View\View->render()
 7 APPPATH/Controllers/Billing.php(20): view()
 8 SYSTEMPATH/CodeIgniter.php(896): App\Controllers\Billing->index()
 9 SYSTEMPATH/CodeIgniter.php(466): CodeIgniter\CodeIgniter->runController()
10 SYSTEMPATH/CodeIgniter.php(349): CodeIgniter\CodeIgniter->handleRequest()
11 FCPATH/index.php(57): CodeIgniter\CodeIgniter->run()
CRITICAL - 2024-08-07 11:56:57 --> Undefined array key "start"
in APPPATH/Views/billing/bill_hist_disp.php on line 10.
 1 APPPATH/Views/billing/bill_hist_disp.php(10): CodeIgniter\Debug\Exceptions->errorHandler()
 2 SYSTEMPATH/View/View.php(213): include('APPPATH/Views/billing/bill_hist_disp.php')
 3 SYSTEMPATH/View/View.php(216): CodeIgniter\View\View->CodeIgniter\View\{closure}()
 4 SYSTEMPATH/Common.php(1135): CodeIgniter\View\View->render()
 5 APPPATH/Controllers/Billing.php(258): view()
 6 SYSTEMPATH/CodeIgniter.php(896): App\Controllers\Billing->dobillsearch()
 7 SYSTEMPATH/CodeIgniter.php(466): CodeIgniter\CodeIgniter->runController()
 8 SYSTEMPATH/CodeIgniter.php(349): CodeIgniter\CodeIgniter->handleRequest()
 9 FCPATH/index.php(57): CodeIgniter\CodeIgniter->run()
ERROR - 2024-08-07 11:57:33 --> Undeclared variable: undefined
CRITICAL - 2024-08-07 11:57:33 --> Undeclared variable: undefined
in SYSTEMPATH/Database/MySQLi/Connection.php on line 292.
 1 SYSTEMPATH/Database/MySQLi/Connection.php(292): mysqli->query()
 2 SYSTEMPATH/Database/BaseConnection.php(695): CodeIgniter\Database\MySQLi\Connection->execute()
 3 SYSTEMPATH/Database/BaseConnection.php(609): CodeIgniter\Database\BaseConnection->simpleQuery()
 4 APPPATH/Models/Engine.php(1526): CodeIgniter\Database\BaseConnection->query()
 5 APPPATH/Controllers/Billing.php(235): App\Models\Engine->getBillFetchAllBills()
 6 SYSTEMPATH/CodeIgniter.php(896): App\Controllers\Billing->dobillsfetch()
 7 SYSTEMPATH/CodeIgniter.php(466): CodeIgniter\CodeIgniter->runController()
 8 SYSTEMPATH/CodeIgniter.php(349): CodeIgniter\CodeIgniter->handleRequest()
 9 FCPATH/index.php(57): CodeIgniter\CodeIgniter->run()
ERROR - 2024-08-07 11:58:03 --> Undeclared variable: undefined
CRITICAL - 2024-08-07 11:58:03 --> Undeclared variable: undefined
in SYSTEMPATH/Database/MySQLi/Connection.php on line 292.
 1 SYSTEMPATH/Database/MySQLi/Connection.php(292): mysqli->query()
 2 SYSTEMPATH/Database/BaseConnection.php(695): CodeIgniter\Database\MySQLi\Connection->execute()
 3 SYSTEMPATH/Database/BaseConnection.php(609): CodeIgniter\Database\BaseConnection->simpleQuery()
 4 APPPATH/Models/Engine.php(1526): CodeIgniter\Database\BaseConnection->query()
 5 APPPATH/Controllers/Billing.php(235): App\Models\Engine->getBillFetchAllBills()
 6 SYSTEMPATH/CodeIgniter.php(896): App\Controllers\Billing->dobillsfetch()
 7 SYSTEMPATH/CodeIgniter.php(466): CodeIgniter\CodeIgniter->runController()
 8 SYSTEMPATH/CodeIgniter.php(349): CodeIgniter\CodeIgniter->handleRequest()
 9 FCPATH/index.php(57): CodeIgniter\CodeIgniter->run()
ERROR - 2024-08-07 12:24:46 --> Undeclared variable: undefined
CRITICAL - 2024-08-07 12:24:46 --> Undeclared variable: undefined
in SYSTEMPATH/Database/MySQLi/Connection.php on line 292.
 1 SYSTEMPATH/Database/MySQLi/Connection.php(292): mysqli->query()
 2 SYSTEMPATH/Database/BaseConnection.php(695): CodeIgniter\Database\MySQLi\Connection->execute()
 3 SYSTEMPATH/Database/BaseConnection.php(609): CodeIgniter\Database\BaseConnection->simpleQuery()
 4 APPPATH/Models/Engine.php(1526): CodeIgniter\Database\BaseConnection->query()
 5 APPPATH/Controllers/Billing.php(235): App\Models\Engine->getBillFetchAllBills()
 6 SYSTEMPATH/CodeIgniter.php(896): App\Controllers\Billing->dobillsfetch()
 7 SYSTEMPATH/CodeIgniter.php(466): CodeIgniter\CodeIgniter->runController()
 8 SYSTEMPATH/CodeIgniter.php(349): CodeIgniter\CodeIgniter->handleRequest()
 9 FCPATH/index.php(57): CodeIgniter\CodeIgniter->run()
ERROR - 2024-08-07 12:25:09 --> Undeclared variable: undefined
CRITICAL - 2024-08-07 12:25:09 --> Undeclared variable: undefined
in SYSTEMPATH/Database/MySQLi/Connection.php on line 292.
 1 SYSTEMPATH/Database/MySQLi/Connection.php(292): mysqli->query()
 2 SYSTEMPATH/Database/BaseConnection.php(695): CodeIgniter\Database\MySQLi\Connection->execute()
 3 SYSTEMPATH/Database/BaseConnection.php(609): CodeIgniter\Database\BaseConnection->simpleQuery()
 4 APPPATH/Models/Engine.php(1526): CodeIgniter\Database\BaseConnection->query()
 5 APPPATH/Controllers/Billing.php(235): App\Models\Engine->getBillFetchAllBills()
 6 SYSTEMPATH/CodeIgniter.php(896): App\Controllers\Billing->dobillsfetch()
 7 SYSTEMPATH/CodeIgniter.php(466): CodeIgniter\CodeIgniter->runController()
 8 SYSTEMPATH/CodeIgniter.php(349): CodeIgniter\CodeIgniter->handleRequest()
 9 FCPATH/index.php(57): CodeIgniter\CodeIgniter->run()
ERROR - 2024-08-07 12:26:27 --> Undeclared variable: undefined
CRITICAL - 2024-08-07 12:26:27 --> Undeclared variable: undefined
in SYSTEMPATH/Database/MySQLi/Connection.php on line 292.
 1 SYSTEMPATH/Database/MySQLi/Connection.php(292): mysqli->query()
 2 SYSTEMPATH/Database/BaseConnection.php(695): CodeIgniter\Database\MySQLi\Connection->execute()
 3 SYSTEMPATH/Database/BaseConnection.php(609): CodeIgniter\Database\BaseConnection->simpleQuery()
 4 APPPATH/Models/Engine.php(1526): CodeIgniter\Database\BaseConnection->query()
 5 APPPATH/Controllers/Billing.php(235): App\Models\Engine->getBillFetchAllBills()
 6 SYSTEMPATH/CodeIgniter.php(896): App\Controllers\Billing->dobillsfetch()
 7 SYSTEMPATH/CodeIgniter.php(466): CodeIgniter\CodeIgniter->runController()
 8 SYSTEMPATH/CodeIgniter.php(349): CodeIgniter\CodeIgniter->handleRequest()
 9 FCPATH/index.php(57): CodeIgniter\CodeIgniter->run()
ERROR - 2024-08-07 12:27:03 --> Undeclared variable: undefined
CRITICAL - 2024-08-07 12:27:03 --> Undeclared variable: undefined
in SYSTEMPATH/Database/MySQLi/Connection.php on line 292.
 1 SYSTEMPATH/Database/MySQLi/Connection.php(292): mysqli->query()
 2 SYSTEMPATH/Database/BaseConnection.php(695): CodeIgniter\Database\MySQLi\Connection->execute()
 3 SYSTEMPATH/Database/BaseConnection.php(609): CodeIgniter\Database\BaseConnection->simpleQuery()
 4 APPPATH/Models/Engine.php(1526): CodeIgniter\Database\BaseConnection->query()
 5 APPPATH/Controllers/Billing.php(235): App\Models\Engine->getBillFetchAllBills()
 6 SYSTEMPATH/CodeIgniter.php(896): App\Controllers\Billing->dobillsfetch()
 7 SYSTEMPATH/CodeIgniter.php(466): CodeIgniter\CodeIgniter->runController()
 8 SYSTEMPATH/CodeIgniter.php(349): CodeIgniter\CodeIgniter->handleRequest()
 9 FCPATH/index.php(57): CodeIgniter\CodeIgniter->run()
ERROR - 2024-08-07 12:27:09 --> Undeclared variable: undefined
CRITICAL - 2024-08-07 12:27:09 --> Undeclared variable: undefined
in SYSTEMPATH/Database/MySQLi/Connection.php on line 292.
 1 SYSTEMPATH/Database/MySQLi/Connection.php(292): mysqli->query()
 2 SYSTEMPATH/Database/BaseConnection.php(695): CodeIgniter\Database\MySQLi\Connection->execute()
 3 SYSTEMPATH/Database/BaseConnection.php(609): CodeIgniter\Database\BaseConnection->simpleQuery()
 4 APPPATH/Models/Engine.php(1526): CodeIgniter\Database\BaseConnection->query()
 5 APPPATH/Controllers/Billing.php(235): App\Models\Engine->getBillFetchAllBills()
 6 SYSTEMPATH/CodeIgniter.php(896): App\Controllers\Billing->dobillsfetch()
 7 SYSTEMPATH/CodeIgniter.php(466): CodeIgniter\CodeIgniter->runController()
 8 SYSTEMPATH/CodeIgniter.php(349): CodeIgniter\CodeIgniter->handleRequest()
 9 FCPATH/index.php(57): CodeIgniter\CodeIgniter->run()
ERROR - 2024-08-07 12:27:31 --> Undeclared variable: undefined
CRITICAL - 2024-08-07 12:27:31 --> Undeclared variable: undefined
in SYSTEMPATH/Database/MySQLi/Connection.php on line 292.
 1 SYSTEMPATH/Database/MySQLi/Connection.php(292): mysqli->query()
 2 SYSTEMPATH/Database/BaseConnection.php(695): CodeIgniter\Database\MySQLi\Connection->execute()
 3 SYSTEMPATH/Database/BaseConnection.php(609): CodeIgniter\Database\BaseConnection->simpleQuery()
 4 APPPATH/Models/Engine.php(1526): CodeIgniter\Database\BaseConnection->query()
 5 APPPATH/Controllers/Billing.php(235): App\Models\Engine->getBillFetchAllBills()
 6 SYSTEMPATH/CodeIgniter.php(896): App\Controllers\Billing->dobillsfetch()
 7 SYSTEMPATH/CodeIgniter.php(466): CodeIgniter\CodeIgniter->runController()
 8 SYSTEMPATH/CodeIgniter.php(349): CodeIgniter\CodeIgniter->handleRequest()
 9 FCPATH/index.php(57): CodeIgniter\CodeIgniter->run()
ERROR - 2024-08-07 12:27:50 --> Undeclared variable: undefined
CRITICAL - 2024-08-07 12:27:50 --> Undeclared variable: undefined
in SYSTEMPATH/Database/MySQLi/Connection.php on line 292.
 1 SYSTEMPATH/Database/MySQLi/Connection.php(292): mysqli->query()
 2 SYSTEMPATH/Database/BaseConnection.php(695): CodeIgniter\Database\MySQLi\Connection->execute()
 3 SYSTEMPATH/Database/BaseConnection.php(609): CodeIgniter\Database\BaseConnection->simpleQuery()
 4 APPPATH/Models/Engine.php(1526): CodeIgniter\Database\BaseConnection->query()
 5 APPPATH/Controllers/Billing.php(235): App\Models\Engine->getBillFetchAllBills()
 6 SYSTEMPATH/CodeIgniter.php(896): App\Controllers\Billing->dobillsfetch()
 7 SYSTEMPATH/CodeIgniter.php(466): CodeIgniter\CodeIgniter->runController()
 8 SYSTEMPATH/CodeIgniter.php(349): CodeIgniter\CodeIgniter->handleRequest()
 9 FCPATH/index.php(57): CodeIgniter\CodeIgniter->run()
ERROR - 2024-08-07 12:30:01 --> Undeclared variable: undefined
CRITICAL - 2024-08-07 12:30:01 --> Undeclared variable: undefined
in SYSTEMPATH/Database/MySQLi/Connection.php on line 292.
 1 SYSTEMPATH/Database/MySQLi/Connection.php(292): mysqli->query()
 2 SYSTEMPATH/Database/BaseConnection.php(695): CodeIgniter\Database\MySQLi\Connection->execute()
 3 SYSTEMPATH/Database/BaseConnection.php(609): CodeIgniter\Database\BaseConnection->simpleQuery()
 4 APPPATH/Models/Engine.php(1526): CodeIgniter\Database\BaseConnection->query()
 5 APPPATH/Controllers/Billing.php(235): App\Models\Engine->getBillFetchAllBills()
 6 SYSTEMPATH/CodeIgniter.php(896): App\Controllers\Billing->dobillsfetch()
 7 SYSTEMPATH/CodeIgniter.php(466): CodeIgniter\CodeIgniter->runController()
 8 SYSTEMPATH/CodeIgniter.php(349): CodeIgniter\CodeIgniter->handleRequest()
 9 FCPATH/index.php(57): CodeIgniter\CodeIgniter->run()
ERROR - 2024-08-07 12:30:06 --> Undeclared variable: undefined
CRITICAL - 2024-08-07 12:30:06 --> Undeclared variable: undefined
in SYSTEMPATH/Database/MySQLi/Connection.php on line 292.
 1 SYSTEMPATH/Database/MySQLi/Connection.php(292): mysqli->query()
 2 SYSTEMPATH/Database/BaseConnection.php(695): CodeIgniter\Database\MySQLi\Connection->execute()
 3 SYSTEMPATH/Database/BaseConnection.php(609): CodeIgniter\Database\BaseConnection->simpleQuery()
 4 APPPATH/Models/Engine.php(1526): CodeIgniter\Database\BaseConnection->query()
 5 APPPATH/Controllers/Billing.php(235): App\Models\Engine->getBillFetchAllBills()
 6 SYSTEMPATH/CodeIgniter.php(896): App\Controllers\Billing->dobillsfetch()
 7 SYSTEMPATH/CodeIgniter.php(466): CodeIgniter\CodeIgniter->runController()
 8 SYSTEMPATH/CodeIgniter.php(349): CodeIgniter\CodeIgniter->handleRequest()
 9 FCPATH/index.php(57): CodeIgniter\CodeIgniter->run()
CRITICAL - 2024-08-07 13:59:59 --> Attempt to read property "name" on null
in APPPATH/Views/Headers/page_header.php on line 145.
 1 APPPATH/Views/Headers/page_header.php(145): CodeIgniter\Debug\Exceptions->errorHandler()
 2 SYSTEMPATH/View/View.php(213): include('APPPATH/Views/Headers/page_header.php')
 3 SYSTEMPATH/View/View.php(216): CodeIgniter\View\View->CodeIgniter\View\{closure}()
 4 SYSTEMPATH/Common.php(1135): CodeIgniter\View\View->render()
 5 APPPATH/Controllers/Billing.php(19): view()
 6 SYSTEMPATH/CodeIgniter.php(896): App\Controllers\Billing->index()
 7 SYSTEMPATH/CodeIgniter.php(466): CodeIgniter\CodeIgniter->runController()
 8 SYSTEMPATH/CodeIgniter.php(349): CodeIgniter\CodeIgniter->handleRequest()
 9 FCPATH/index.php(57): CodeIgniter\CodeIgniter->run()
CRITICAL - 2024-08-07 14:49:52 --> Undefined array key "start"
in APPPATH/Views/billing/bill_hist_disp.php on line 10.
 1 APPPATH/Views/billing/bill_hist_disp.php(10): CodeIgniter\Debug\Exceptions->errorHandler()
 2 SYSTEMPATH/View/View.php(213): include('APPPATH/Views/billing/bill_hist_disp.php')
 3 SYSTEMPATH/View/View.php(216): CodeIgniter\View\View->CodeIgniter\View\{closure}()
 4 SYSTEMPATH/Common.php(1135): CodeIgniter\View\View->render()
 5 APPPATH/Controllers/Billing.php(258): view()
 6 SYSTEMPATH/CodeIgniter.php(896): App\Controllers\Billing->dobillsearch()
 7 SYSTEMPATH/CodeIgniter.php(466): CodeIgniter\CodeIgniter->runController()
 8 SYSTEMPATH/CodeIgniter.php(349): CodeIgniter\CodeIgniter->handleRequest()
 9 FCPATH/index.php(57): CodeIgniter\CodeIgniter->run()
CRITICAL - 2024-08-07 15:06:00 --> Undefined array key "word"
in APPPATH/Views/billing/bill_hist_disp.php on line 12.
 1 APPPATH/Views/billing/bill_hist_disp.php(12): CodeIgniter\Debug\Exceptions->errorHandler()
 2 APPPATH/Views/billing/bill_history.php(33): require('APPPATH/Views/billing/bill_hist_disp.php')
 3 APPPATH/Views/billing/bill_container.php(19): require_once('APPPATH/Views/billing/bill_history.php')
 4 SYSTEMPATH/View/View.php(213): include('APPPATH/Views/billing/bill_container.php')
 5 SYSTEMPATH/View/View.php(216): CodeIgniter\View\View->CodeIgniter\View\{closure}()
 6 SYSTEMPATH/Common.php(1135): CodeIgniter\View\View->render()
 7 APPPATH/Controllers/Billing.php(20): view()
 8 SYSTEMPATH/CodeIgniter.php(896): App\Controllers\Billing->index()
 9 SYSTEMPATH/CodeIgniter.php(466): CodeIgniter\CodeIgniter->runController()
10 SYSTEMPATH/CodeIgniter.php(349): CodeIgniter\CodeIgniter->handleRequest()
11 FCPATH/index.php(57): CodeIgniter\CodeIgniter->run()
CRITICAL - 2024-08-07 15:24:25 --> Undefined array key "word"
in APPPATH/Views/billing/bill_hist_disp.php on line 12.
 1 APPPATH/Views/billing/bill_hist_disp.php(12): CodeIgniter\Debug\Exceptions->errorHandler()
 2 APPPATH/Views/billing/bill_history.php(33): require('APPPATH/Views/billing/bill_hist_disp.php')
 3 APPPATH/Views/billing/bill_container.php(19): require_once('APPPATH/Views/billing/bill_history.php')
 4 SYSTEMPATH/View/View.php(213): include('APPPATH/Views/billing/bill_container.php')
 5 SYSTEMPATH/View/View.php(216): CodeIgniter\View\View->CodeIgniter\View\{closure}()
 6 SYSTEMPATH/Common.php(1135): CodeIgniter\View\View->render()
 7 APPPATH/Controllers/Billing.php(20): view()
 8 SYSTEMPATH/CodeIgniter.php(896): App\Controllers\Billing->index()
 9 SYSTEMPATH/CodeIgniter.php(466): CodeIgniter\CodeIgniter->runController()
10 SYSTEMPATH/CodeIgniter.php(349): CodeIgniter\CodeIgniter->handleRequest()
11 FCPATH/index.php(57): CodeIgniter\CodeIgniter->run()
CRITICAL - 2024-08-07 15:24:51 --> Undefined array key "word"
in APPPATH/Views/billing/bill_hist_disp.php on line 12.
 1 APPPATH/Views/billing/bill_hist_disp.php(12): CodeIgniter\Debug\Exceptions->errorHandler()
 2 APPPATH/Views/billing/bill_history.php(33): require('APPPATH/Views/billing/bill_hist_disp.php')
 3 APPPATH/Views/billing/bill_container.php(19): require_once('APPPATH/Views/billing/bill_history.php')
 4 SYSTEMPATH/View/View.php(213): include('APPPATH/Views/billing/bill_container.php')
 5 SYSTEMPATH/View/View.php(216): CodeIgniter\View\View->CodeIgniter\View\{closure}()
 6 SYSTEMPATH/Common.php(1135): CodeIgniter\View\View->render()
 7 APPPATH/Controllers/Billing.php(20): view()
 8 SYSTEMPATH/CodeIgniter.php(896): App\Controllers\Billing->index()
 9 SYSTEMPATH/CodeIgniter.php(466): CodeIgniter\CodeIgniter->runController()
10 SYSTEMPATH/CodeIgniter.php(349): CodeIgniter\CodeIgniter->handleRequest()
11 FCPATH/index.php(57): CodeIgniter\CodeIgniter->run()
CRITICAL - 2024-08-07 15:25:17 --> You must set the database table to be used with your query.
in SYSTEMPATH/Database/BaseConnection.php on line 874.
 1 SYSTEMPATH/Model.php(586): CodeIgniter\Database\BaseConnection->table()
 2 SYSTEMPATH/Model.php(763): CodeIgniter\Model->builder()
 3 APPPATH/Views/billing/bill_history.php(15): CodeIgniter\Model->__call()
 4 APPPATH/Views/billing/bill_container.php(19): require_once('APPPATH/Views/billing/bill_history.php')
 5 SYSTEMPATH/View/View.php(213): include('APPPATH/Views/billing/bill_container.php')
 6 SYSTEMPATH/View/View.php(216): CodeIgniter\View\View->CodeIgniter\View\{closure}()
 7 SYSTEMPATH/Common.php(1135): CodeIgniter\View\View->render()
 8 APPPATH/Controllers/Billing.php(20): view()
 9 SYSTEMPATH/CodeIgniter.php(896): App\Controllers\Billing->index()
10 SYSTEMPATH/CodeIgniter.php(466): CodeIgniter\CodeIgniter->runController()
11 SYSTEMPATH/CodeIgniter.php(349): CodeIgniter\CodeIgniter->handleRequest()
12 FCPATH/index.php(57): CodeIgniter\CodeIgniter->run()
CRITICAL - 2024-08-07 15:26:03 --> Undefined array key "word"
in APPPATH/Views/billing/bill_hist_disp.php on line 12.
 1 APPPATH/Views/billing/bill_hist_disp.php(12): CodeIgniter\Debug\Exceptions->errorHandler()
 2 APPPATH/Views/billing/bill_history.php(32): require('APPPATH/Views/billing/bill_hist_disp.php')
 3 APPPATH/Views/billing/bill_container.php(19): require_once('APPPATH/Views/billing/bill_history.php')
 4 SYSTEMPATH/View/View.php(213): include('APPPATH/Views/billing/bill_container.php')
 5 SYSTEMPATH/View/View.php(216): CodeIgniter\View\View->CodeIgniter\View\{closure}()
 6 SYSTEMPATH/Common.php(1135): CodeIgniter\View\View->render()
 7 APPPATH/Controllers/Billing.php(20): view()
 8 SYSTEMPATH/CodeIgniter.php(896): App\Controllers\Billing->index()
 9 SYSTEMPATH/CodeIgniter.php(466): CodeIgniter\CodeIgniter->runController()
10 SYSTEMPATH/CodeIgniter.php(349): CodeIgniter\CodeIgniter->handleRequest()
11 FCPATH/index.php(57): CodeIgniter\CodeIgniter->run()
CRITICAL - 2024-08-07 15:27:18 --> Trying to access array offset on value of type null
in APPPATH/Views/billing/bill_hist_disp.php on line 10.
 1 APPPATH/Views/billing/bill_hist_disp.php(10): CodeIgniter\Debug\Exceptions->errorHandler()
 2 SYSTEMPATH/View/View.php(213): include('APPPATH/Views/billing/bill_hist_disp.php')
 3 SYSTEMPATH/View/View.php(216): CodeIgniter\View\View->CodeIgniter\View\{closure}()
 4 SYSTEMPATH/Common.php(1135): CodeIgniter\View\View->render()
 5 APPPATH/Controllers/Billing.php(237): view()
 6 SYSTEMPATH/CodeIgniter.php(896): App\Controllers\Billing->dobillsfetch()
 7 SYSTEMPATH/CodeIgniter.php(466): CodeIgniter\CodeIgniter->runController()
 8 SYSTEMPATH/CodeIgniter.php(349): CodeIgniter\CodeIgniter->handleRequest()
 9 FCPATH/index.php(57): CodeIgniter\CodeIgniter->run()
CRITICAL - 2024-08-07 15:27:29 --> Trying to access array offset on value of type null
in APPPATH/Views/billing/bill_hist_disp.php on line 10.
 1 APPPATH/Views/billing/bill_hist_disp.php(10): CodeIgniter\Debug\Exceptions->errorHandler()
 2 SYSTEMPATH/View/View.php(213): include('APPPATH/Views/billing/bill_hist_disp.php')
 3 SYSTEMPATH/View/View.php(216): CodeIgniter\View\View->CodeIgniter\View\{closure}()
 4 SYSTEMPATH/Common.php(1135): CodeIgniter\View\View->render()
 5 APPPATH/Controllers/Billing.php(237): view()
 6 SYSTEMPATH/CodeIgniter.php(896): App\Controllers\Billing->dobillsfetch()
 7 SYSTEMPATH/CodeIgniter.php(466): CodeIgniter\CodeIgniter->runController()
 8 SYSTEMPATH/CodeIgniter.php(349): CodeIgniter\CodeIgniter->handleRequest()
 9 FCPATH/index.php(57): CodeIgniter\CodeIgniter->run()
CRITICAL - 2024-08-07 15:29:16 --> Trying to access array offset on value of type null
in APPPATH/Views/billing/bill_hist_disp.php on line 10.
 1 APPPATH/Views/billing/bill_hist_disp.php(10): CodeIgniter\Debug\Exceptions->errorHandler()
 2 SYSTEMPATH/View/View.php(213): include('APPPATH/Views/billing/bill_hist_disp.php')
 3 SYSTEMPATH/View/View.php(216): CodeIgniter\View\View->CodeIgniter\View\{closure}()
 4 SYSTEMPATH/Common.php(1135): CodeIgniter\View\View->render()
 5 APPPATH/Controllers/Billing.php(237): view()
 6 SYSTEMPATH/CodeIgniter.php(896): App\Controllers\Billing->dobillsfetch()
 7 SYSTEMPATH/CodeIgniter.php(466): CodeIgniter\CodeIgniter->runController()
 8 SYSTEMPATH/CodeIgniter.php(349): CodeIgniter\CodeIgniter->handleRequest()
 9 FCPATH/index.php(57): CodeIgniter\CodeIgniter->run()
ERROR - 2024-08-07 15:34:32 --> Got error 4009 'Cluster Failure' from NDBCLUSTER
CRITICAL - 2024-08-07 15:34:32 --> Got error 4009 'Cluster Failure' from NDBCLUSTER
in SYSTEMPATH/Database/MySQLi/Connection.php on line 292.
 1 SYSTEMPATH/Database/MySQLi/Connection.php(292): mysqli->query()
 2 SYSTEMPATH/Database/BaseConnection.php(695): CodeIgniter\Database\MySQLi\Connection->execute()
 3 SYSTEMPATH/Database/BaseConnection.php(609): CodeIgniter\Database\BaseConnection->simpleQuery()
 4 APPPATH/Models/Engine.php(693): CodeIgniter\Database\BaseConnection->query()
 5 APPPATH/Controllers/BaseController.php(65): App\Models\Engine->fetchUserDetails()
 6 SYSTEMPATH/CodeIgniter.php(859): App\Controllers\BaseController->initController()
 7 SYSTEMPATH/CodeIgniter.php(457): CodeIgniter\CodeIgniter->createController()
 8 SYSTEMPATH/CodeIgniter.php(349): CodeIgniter\CodeIgniter->handleRequest()
 9 FCPATH/index.php(57): CodeIgniter\CodeIgniter->run()
CRITICAL - 2024-08-07 15:38:57 --> Trying to access array offset on value of type null
in APPPATH/Views/billing/bill_hist_disp.php on line 10.
 1 APPPATH/Views/billing/bill_hist_disp.php(10): CodeIgniter\Debug\Exceptions->errorHandler()
 2 SYSTEMPATH/View/View.php(213): include('APPPATH/Views/billing/bill_hist_disp.php')
 3 SYSTEMPATH/View/View.php(216): CodeIgniter\View\View->CodeIgniter\View\{closure}()
 4 SYSTEMPATH/Common.php(1135): CodeIgniter\View\View->render()
 5 APPPATH/Controllers/Billing.php(237): view()
 6 SYSTEMPATH/CodeIgniter.php(896): App\Controllers\Billing->dobillsfetch()
 7 SYSTEMPATH/CodeIgniter.php(466): CodeIgniter\CodeIgniter->runController()
 8 SYSTEMPATH/CodeIgniter.php(349): CodeIgniter\CodeIgniter->handleRequest()
 9 FCPATH/index.php(57): CodeIgniter\CodeIgniter->run()
CRITICAL - 2024-08-07 15:39:19 --> Trying to access array offset on value of type null
in APPPATH/Views/billing/bill_hist_disp.php on line 10.
 1 APPPATH/Views/billing/bill_hist_disp.php(10): CodeIgniter\Debug\Exceptions->errorHandler()
 2 SYSTEMPATH/View/View.php(213): include('APPPATH/Views/billing/bill_hist_disp.php')
 3 SYSTEMPATH/View/View.php(216): CodeIgniter\View\View->CodeIgniter\View\{closure}()
 4 SYSTEMPATH/Common.php(1135): CodeIgniter\View\View->render()
 5 APPPATH/Controllers/Billing.php(237): view()
 6 SYSTEMPATH/CodeIgniter.php(896): App\Controllers\Billing->dobillsfetch()
 7 SYSTEMPATH/CodeIgniter.php(466): CodeIgniter\CodeIgniter->runController()
 8 SYSTEMPATH/CodeIgniter.php(349): CodeIgniter\CodeIgniter->handleRequest()
 9 FCPATH/index.php(57): CodeIgniter\CodeIgniter->run()
CRITICAL - 2024-08-07 15:44:00 --> Trying to access array offset on value of type null
in APPPATH/Views/billing/bill_hist_disp.php on line 10.
 1 APPPATH/Views/billing/bill_hist_disp.php(10): CodeIgniter\Debug\Exceptions->errorHandler()
 2 SYSTEMPATH/View/View.php(213): include('APPPATH/Views/billing/bill_hist_disp.php')
 3 SYSTEMPATH/View/View.php(216): CodeIgniter\View\View->CodeIgniter\View\{closure}()
 4 SYSTEMPATH/Common.php(1135): CodeIgniter\View\View->render()
 5 APPPATH/Controllers/Billing.php(237): view()
 6 SYSTEMPATH/CodeIgniter.php(896): App\Controllers\Billing->dobillsfetch()
 7 SYSTEMPATH/CodeIgniter.php(466): CodeIgniter\CodeIgniter->runController()
 8 SYSTEMPATH/CodeIgniter.php(349): CodeIgniter\CodeIgniter->handleRequest()
 9 FCPATH/index.php(57): CodeIgniter\CodeIgniter->run()
CRITICAL - 2024-08-07 15:45:50 --> Trying to access array offset on value of type null
in APPPATH/Views/billing/bill_hist_disp.php on line 10.
 1 APPPATH/Views/billing/bill_hist_disp.php(10): CodeIgniter\Debug\Exceptions->errorHandler()
 2 SYSTEMPATH/View/View.php(213): include('APPPATH/Views/billing/bill_hist_disp.php')
 3 SYSTEMPATH/View/View.php(216): CodeIgniter\View\View->CodeIgniter\View\{closure}()
 4 SYSTEMPATH/Common.php(1135): CodeIgniter\View\View->render()
 5 APPPATH/Controllers/Billing.php(237): view()
 6 SYSTEMPATH/CodeIgniter.php(896): App\Controllers\Billing->dobillsfetch()
 7 SYSTEMPATH/CodeIgniter.php(466): CodeIgniter\CodeIgniter->runController()
 8 SYSTEMPATH/CodeIgniter.php(349): CodeIgniter\CodeIgniter->handleRequest()
 9 FCPATH/index.php(57): CodeIgniter\CodeIgniter->run()
CRITICAL - 2024-08-07 15:46:34 --> Trying to access array offset on value of type null
in APPPATH/Views/billing/bill_hist_disp.php on line 10.
 1 APPPATH/Views/billing/bill_hist_disp.php(10): CodeIgniter\Debug\Exceptions->errorHandler()
 2 SYSTEMPATH/View/View.php(213): include('APPPATH/Views/billing/bill_hist_disp.php')
 3 SYSTEMPATH/View/View.php(216): CodeIgniter\View\View->CodeIgniter\View\{closure}()
 4 SYSTEMPATH/Common.php(1135): CodeIgniter\View\View->render()
 5 APPPATH/Controllers/Billing.php(237): view()
 6 SYSTEMPATH/CodeIgniter.php(896): App\Controllers\Billing->dobillsfetch()
 7 SYSTEMPATH/CodeIgniter.php(466): CodeIgniter\CodeIgniter->runController()
 8 SYSTEMPATH/CodeIgniter.php(349): CodeIgniter\CodeIgniter->handleRequest()
 9 FCPATH/index.php(57): CodeIgniter\CodeIgniter->run()
CRITICAL - 2024-08-07 16:05:36 --> strlen() expects exactly 1 argument, 0 given
in APPPATH/Models/Engine.php on line 1527.
 1 APPPATH/Models/Engine.php(1527): strlen()
 2 APPPATH/Views/billing/bill_history.php(15): App\Models\Engine->getBillFetchAllBillsWithWord()
 3 APPPATH/Views/billing/bill_container.php(19): require_once('APPPATH/Views/billing/bill_history.php')
 4 SYSTEMPATH/View/View.php(213): include('APPPATH/Views/billing/bill_container.php')
 5 SYSTEMPATH/View/View.php(216): CodeIgniter\View\View->CodeIgniter\View\{closure}()
 6 SYSTEMPATH/Common.php(1135): CodeIgniter\View\View->render()
 7 APPPATH/Controllers/Billing.php(20): view()
 8 SYSTEMPATH/CodeIgniter.php(896): App\Controllers\Billing->index()
 9 SYSTEMPATH/CodeIgniter.php(466): CodeIgniter\CodeIgniter->runController()
10 SYSTEMPATH/CodeIgniter.php(349): CodeIgniter\CodeIgniter->handleRequest()
11 FCPATH/index.php(57): CodeIgniter\CodeIgniter->run()
CRITICAL - 2024-08-07 16:05:41 --> strlen() expects exactly 1 argument, 0 given
in APPPATH/Models/Engine.php on line 1527.
 1 APPPATH/Models/Engine.php(1527): strlen()
 2 APPPATH/Views/billing/bill_history.php(15): App\Models\Engine->getBillFetchAllBillsWithWord()
 3 APPPATH/Views/billing/bill_container.php(19): require_once('APPPATH/Views/billing/bill_history.php')
 4 SYSTEMPATH/View/View.php(213): include('APPPATH/Views/billing/bill_container.php')
 5 SYSTEMPATH/View/View.php(216): CodeIgniter\View\View->CodeIgniter\View\{closure}()
 6 SYSTEMPATH/Common.php(1135): CodeIgniter\View\View->render()
 7 APPPATH/Controllers/Billing.php(20): view()
 8 SYSTEMPATH/CodeIgniter.php(896): App\Controllers\Billing->index()
 9 SYSTEMPATH/CodeIgniter.php(466): CodeIgniter\CodeIgniter->runController()
10 SYSTEMPATH/CodeIgniter.php(349): CodeIgniter\CodeIgniter->handleRequest()
11 FCPATH/index.php(57): CodeIgniter\CodeIgniter->run()
CRITICAL - 2024-08-07 16:05:42 --> strlen() expects exactly 1 argument, 0 given
in APPPATH/Models/Engine.php on line 1527.
 1 APPPATH/Models/Engine.php(1527): strlen()
 2 APPPATH/Views/billing/bill_history.php(15): App\Models\Engine->getBillFetchAllBillsWithWord()
 3 APPPATH/Views/billing/bill_container.php(19): require_once('APPPATH/Views/billing/bill_history.php')
 4 SYSTEMPATH/View/View.php(213): include('APPPATH/Views/billing/bill_container.php')
 5 SYSTEMPATH/View/View.php(216): CodeIgniter\View\View->CodeIgniter\View\{closure}()
 6 SYSTEMPATH/Common.php(1135): CodeIgniter\View\View->render()
 7 APPPATH/Controllers/Billing.php(20): view()
 8 SYSTEMPATH/CodeIgniter.php(896): App\Controllers\Billing->index()
 9 SYSTEMPATH/CodeIgniter.php(466): CodeIgniter\CodeIgniter->runController()
10 SYSTEMPATH/CodeIgniter.php(349): CodeIgniter\CodeIgniter->handleRequest()
11 FCPATH/index.php(57): CodeIgniter\CodeIgniter->run()
ERROR - 2024-08-07 16:50:19 --> Got error 4009 'Cluster Failure' from NDBCLUSTER
CRITICAL - 2024-08-07 16:50:19 --> Got error 4009 'Cluster Failure' from NDBCLUSTER
in SYSTEMPATH/Database/MySQLi/Connection.php on line 292.
 1 SYSTEMPATH/Database/MySQLi/Connection.php(292): mysqli->query()
 2 SYSTEMPATH/Database/BaseConnection.php(695): CodeIgniter\Database\MySQLi\Connection->execute()
 3 SYSTEMPATH/Database/BaseConnection.php(609): CodeIgniter\Database\BaseConnection->simpleQuery()
 4 APPPATH/Models/Engine.php(463): CodeIgniter\Database\BaseConnection->query()
 5 APPPATH/Controllers/BaseController.php(77): App\Models\Engine->getLanguages()
 6 SYSTEMPATH/CodeIgniter.php(859): App\Controllers\BaseController->initController()
 7 SYSTEMPATH/CodeIgniter.php(457): CodeIgniter\CodeIgniter->createController()
 8 SYSTEMPATH/CodeIgniter.php(349): CodeIgniter\CodeIgniter->handleRequest()
 9 FCPATH/index.php(57): CodeIgniter\CodeIgniter->run()
ERROR - 2024-08-07 16:57:51 --> Got error 4009 'Cluster Failure' from NDBCLUSTER
CRITICAL - 2024-08-07 16:57:51 --> Got error 4009 'Cluster Failure' from NDBCLUSTER
in SYSTEMPATH/Database/MySQLi/Connection.php on line 292.
 1 SYSTEMPATH/Database/MySQLi/Connection.php(292): mysqli->query()
 2 SYSTEMPATH/Database/BaseConnection.php(695): CodeIgniter\Database\MySQLi\Connection->execute()
 3 SYSTEMPATH/Database/BaseConnection.php(609): CodeIgniter\Database\BaseConnection->simpleQuery()
 4 APPPATH/Models/Engine.php(463): CodeIgniter\Database\BaseConnection->query()
 5 APPPATH/Controllers/BaseController.php(77): App\Models\Engine->getLanguages()
 6 SYSTEMPATH/CodeIgniter.php(859): App\Controllers\BaseController->initController()
 7 SYSTEMPATH/CodeIgniter.php(457): CodeIgniter\CodeIgniter->createController()
 8 SYSTEMPATH/CodeIgniter.php(349): CodeIgniter\CodeIgniter->handleRequest()
 9 FCPATH/index.php(57): CodeIgniter\CodeIgniter->run()
ERROR - 2024-08-07 17:21:44 --> Got error 4009 'Cluster Failure' from NDBCLUSTER
CRITICAL - 2024-08-07 17:21:44 --> Got error 4009 'Cluster Failure' from NDBCLUSTER
in SYSTEMPATH/Database/MySQLi/Connection.php on line 292.
 1 SYSTEMPATH/Database/MySQLi/Connection.php(292): mysqli->query()
 2 SYSTEMPATH/Database/BaseConnection.php(695): CodeIgniter\Database\MySQLi\Connection->execute()
 3 SYSTEMPATH/Database/BaseConnection.php(609): CodeIgniter\Database\BaseConnection->simpleQuery()
 4 APPPATH/Models/Engine.php(463): CodeIgniter\Database\BaseConnection->query()
 5 APPPATH/Controllers/BaseController.php(77): App\Models\Engine->getLanguages()
 6 SYSTEMPATH/CodeIgniter.php(859): App\Controllers\BaseController->initController()
 7 SYSTEMPATH/CodeIgniter.php(457): CodeIgniter\CodeIgniter->createController()
 8 SYSTEMPATH/CodeIgniter.php(349): CodeIgniter\CodeIgniter->handleRequest()
 9 FCPATH/index.php(57): CodeIgniter\CodeIgniter->run()
CRITICAL - 2024-08-07 17:46:11 --> Too few arguments to function App\Controllers\Billing::dobillsearch(), 0 passed in /var/www/html/bmc/ci/system/CodeIgniter.php on line 896 and exactly 2 expected
in APPPATH/Controllers/Billing.php on line 245.
 1 SYSTEMPATH/CodeIgniter.php(896): App\Controllers\Billing->dobillsearch()
 2 SYSTEMPATH/CodeIgniter.php(466): CodeIgniter\CodeIgniter->runController()
 3 SYSTEMPATH/CodeIgniter.php(349): CodeIgniter\CodeIgniter->handleRequest()
 4 FCPATH/index.php(57): CodeIgniter\CodeIgniter->run()
CRITICAL - 2024-08-07 17:47:36 --> Too few arguments to function App\Controllers\Billing::dobillsearch(), 0 passed in /var/www/html/bmc/ci/system/CodeIgniter.php on line 896 and exactly 2 expected
in APPPATH/Controllers/Billing.php on line 245.
 1 SYSTEMPATH/CodeIgniter.php(896): App\Controllers\Billing->dobillsearch()
 2 SYSTEMPATH/CodeIgniter.php(466): CodeIgniter\CodeIgniter->runController()
 3 SYSTEMPATH/CodeIgniter.php(349): CodeIgniter\CodeIgniter->handleRequest()
 4 FCPATH/index.php(57): CodeIgniter\CodeIgniter->run()
CRITICAL - 2024-08-07 17:52:06 --> Too few arguments to function App\Controllers\Billing::dobillsearch(), 0 passed in /var/www/html/bmc/ci/system/CodeIgniter.php on line 896 and exactly 2 expected
in APPPATH/Controllers/Billing.php on line 245.
 1 SYSTEMPATH/CodeIgniter.php(896): App\Controllers\Billing->dobillsearch()
 2 SYSTEMPATH/CodeIgniter.php(466): CodeIgniter\CodeIgniter->runController()
 3 SYSTEMPATH/CodeIgniter.php(349): CodeIgniter\CodeIgniter->handleRequest()
 4 FCPATH/index.php(57): CodeIgniter\CodeIgniter->run()
CRITICAL - 2024-08-07 17:52:11 --> Too few arguments to function App\Controllers\Billing::dobillsearch(), 0 passed in /var/www/html/bmc/ci/system/CodeIgniter.php on line 896 and exactly 2 expected
in APPPATH/Controllers/Billing.php on line 245.
 1 SYSTEMPATH/CodeIgniter.php(896): App\Controllers\Billing->dobillsearch()
 2 SYSTEMPATH/CodeIgniter.php(466): CodeIgniter\CodeIgniter->runController()
 3 SYSTEMPATH/CodeIgniter.php(349): CodeIgniter\CodeIgniter->handleRequest()
 4 FCPATH/index.php(57): CodeIgniter\CodeIgniter->run()
CRITICAL - 2024-08-07 18:16:21 --> Too few arguments to function App\Controllers\Billing::dobillsearch(), 0 passed in /var/www/html/bmc/ci/system/CodeIgniter.php on line 896 and exactly 2 expected
in APPPATH/Controllers/Billing.php on line 245.
 1 SYSTEMPATH/CodeIgniter.php(896): App\Controllers\Billing->dobillsearch()
 2 SYSTEMPATH/CodeIgniter.php(466): CodeIgniter\CodeIgniter->runController()
 3 SYSTEMPATH/CodeIgniter.php(349): CodeIgniter\CodeIgniter->handleRequest()
 4 FCPATH/index.php(57): CodeIgniter\CodeIgniter->run()
ERROR - 2024-08-07 18:35:44 --> Unknown column 'tb1.pat_num' in 'where clause'
CRITICAL - 2024-08-07 18:35:44 --> Unknown column 'tb1.pat_num' in 'where clause'
in SYSTEMPATH/Database/MySQLi/Connection.php on line 292.
 1 SYSTEMPATH/Database/MySQLi/Connection.php(292): mysqli->query()
 2 SYSTEMPATH/Database/BaseConnection.php(695): CodeIgniter\Database\MySQLi\Connection->execute()
 3 SYSTEMPATH/Database/BaseConnection.php(609): CodeIgniter\Database\BaseConnection->simpleQuery()
 4 APPPATH/Models/Engine.php(252): CodeIgniter\Database\BaseConnection->query()
 5 APPPATH/Controllers/Transactions.php(183): App\Models\Engine->srchPaymentData()
 6 SYSTEMPATH/CodeIgniter.php(896): App\Controllers\Transactions->searchdata()
 7 SYSTEMPATH/CodeIgniter.php(466): CodeIgniter\CodeIgniter->runController()
 8 SYSTEMPATH/CodeIgniter.php(349): CodeIgniter\CodeIgniter->handleRequest()
 9 FCPATH/index.php(57): CodeIgniter\CodeIgniter->run()
ERROR - 2024-08-07 18:37:55 --> Unknown column 'tb1.pat_num' in 'where clause'
CRITICAL - 2024-08-07 18:37:55 --> Unknown column 'tb1.pat_num' in 'where clause'
in SYSTEMPATH/Database/MySQLi/Connection.php on line 292.
 1 SYSTEMPATH/Database/MySQLi/Connection.php(292): mysqli->query()
 2 SYSTEMPATH/Database/BaseConnection.php(695): CodeIgniter\Database\MySQLi\Connection->execute()
 3 SYSTEMPATH/Database/BaseConnection.php(609): CodeIgniter\Database\BaseConnection->simpleQuery()
 4 APPPATH/Models/Engine.php(252): CodeIgniter\Database\BaseConnection->query()
 5 APPPATH/Controllers/Transactions.php(183): App\Models\Engine->srchPaymentData()
 6 SYSTEMPATH/CodeIgniter.php(896): App\Controllers\Transactions->searchdata()
 7 SYSTEMPATH/CodeIgniter.php(466): CodeIgniter\CodeIgniter->runController()
 8 SYSTEMPATH/CodeIgniter.php(349): CodeIgniter\CodeIgniter->handleRequest()
 9 FCPATH/index.php(57): CodeIgniter\CodeIgniter->run()
ERROR - 2024-08-07 18:38:49 --> Unknown column 'tb1.pat_num' in 'where clause'
CRITICAL - 2024-08-07 18:38:49 --> Unknown column 'tb1.pat_num' in 'where clause'
in SYSTEMPATH/Database/MySQLi/Connection.php on line 292.
 1 SYSTEMPATH/Database/MySQLi/Connection.php(292): mysqli->query()
 2 SYSTEMPATH/Database/BaseConnection.php(695): CodeIgniter\Database\MySQLi\Connection->execute()
 3 SYSTEMPATH/Database/BaseConnection.php(609): CodeIgniter\Database\BaseConnection->simpleQuery()
 4 APPPATH/Models/Engine.php(252): CodeIgniter\Database\BaseConnection->query()
 5 APPPATH/Controllers/Transactions.php(183): App\Models\Engine->srchPaymentData()
 6 SYSTEMPATH/CodeIgniter.php(896): App\Controllers\Transactions->searchdata()
 7 SYSTEMPATH/CodeIgniter.php(466): CodeIgniter\CodeIgniter->runController()
 8 SYSTEMPATH/CodeIgniter.php(349): CodeIgniter\CodeIgniter->handleRequest()
 9 FCPATH/index.php(57): CodeIgniter\CodeIgniter->run()
ERROR - 2024-08-07 18:42:35 --> You have an error in your SQL syntax; check the manual that corresponds to your MySQL server version for the right syntax to use near ', 50' at line 11
CRITICAL - 2024-08-07 18:42:35 --> You have an error in your SQL syntax; check the manual that corresponds to your MySQL server version for the right syntax to use near ', 50' at line 11
in SYSTEMPATH/Database/MySQLi/Connection.php on line 292.
 1 SYSTEMPATH/Database/MySQLi/Connection.php(292): mysqli->query()
 2 SYSTEMPATH/Database/BaseConnection.php(695): CodeIgniter\Database\MySQLi\Connection->execute()
 3 SYSTEMPATH/Database/BaseConnection.php(609): CodeIgniter\Database\BaseConnection->simpleQuery()
 4 APPPATH/Models/Engine.php(252): CodeIgniter\Database\BaseConnection->query()
 5 APPPATH/Controllers/Transactions.php(183): App\Models\Engine->srchPaymentData()
 6 SYSTEMPATH/CodeIgniter.php(896): App\Controllers\Transactions->searchdata()
 7 SYSTEMPATH/CodeIgniter.php(466): CodeIgniter\CodeIgniter->runController()
 8 SYSTEMPATH/CodeIgniter.php(349): CodeIgniter\CodeIgniter->handleRequest()
 9 FCPATH/index.php(57): CodeIgniter\CodeIgniter->run()
ERROR - 2024-08-07 20:41:59 --> Got error 4009 'Cluster Failure' from NDBCLUSTER
CRITICAL - 2024-08-07 20:41:59 --> Got error 4009 'Cluster Failure' from NDBCLUSTER
in SYSTEMPATH/Database/MySQLi/Connection.php on line 292.
 1 SYSTEMPATH/Database/MySQLi/Connection.php(292): mysqli->query()
 2 SYSTEMPATH/Database/BaseConnection.php(695): CodeIgniter\Database\MySQLi\Connection->execute()
 3 SYSTEMPATH/Database/BaseConnection.php(609): CodeIgniter\Database\BaseConnection->simpleQuery()
 4 APPPATH/Models/Engine.php(464): CodeIgniter\Database\BaseConnection->query()
 5 APPPATH/Controllers/BaseController.php(77): App\Models\Engine->getLanguages()
 6 SYSTEMPATH/CodeIgniter.php(859): App\Controllers\BaseController->initController()
 7 SYSTEMPATH/CodeIgniter.php(457): CodeIgniter\CodeIgniter->createController()
 8 SYSTEMPATH/CodeIgniter.php(349): CodeIgniter\CodeIgniter->handleRequest()
 9 FCPATH/index.php(57): CodeIgniter\CodeIgniter->run()
ERROR - 2024-08-07 20:42:01 --> Got error 4009 'Cluster Failure' from NDBCLUSTER
CRITICAL - 2024-08-07 20:42:01 --> Got error 4009 'Cluster Failure' from NDBCLUSTER
in SYSTEMPATH/Database/MySQLi/Connection.php on line 292.
 1 SYSTEMPATH/Database/MySQLi/Connection.php(292): mysqli->query()
 2 SYSTEMPATH/Database/BaseConnection.php(695): CodeIgniter\Database\MySQLi\Connection->execute()
 3 SYSTEMPATH/Database/BaseConnection.php(609): CodeIgniter\Database\BaseConnection->simpleQuery()
 4 APPPATH/Models/Engine.php(464): CodeIgniter\Database\BaseConnection->query()
 5 APPPATH/Controllers/BaseController.php(77): App\Models\Engine->getLanguages()
 6 SYSTEMPATH/CodeIgniter.php(859): App\Controllers\BaseController->initController()
 7 SYSTEMPATH/CodeIgniter.php(457): CodeIgniter\CodeIgniter->createController()
 8 SYSTEMPATH/CodeIgniter.php(349): CodeIgniter\CodeIgniter->handleRequest()
 9 FCPATH/index.php(57): CodeIgniter\CodeIgniter->run()
ERROR - 2024-08-07 20:42:01 --> Got error 4009 'Cluster Failure' from NDBCLUSTER
CRITICAL - 2024-08-07 20:42:01 --> Got error 4009 'Cluster Failure' from NDBCLUSTER
in SYSTEMPATH/Database/MySQLi/Connection.php on line 292.
 1 SYSTEMPATH/Database/MySQLi/Connection.php(292): mysqli->query()
 2 SYSTEMPATH/Database/BaseConnection.php(695): CodeIgniter\Database\MySQLi\Connection->execute()
 3 SYSTEMPATH/Database/BaseConnection.php(609): CodeIgniter\Database\BaseConnection->simpleQuery()
 4 APPPATH/Models/Engine.php(464): CodeIgniter\Database\BaseConnection->query()
 5 APPPATH/Controllers/BaseController.php(77): App\Models\Engine->getLanguages()
 6 SYSTEMPATH/CodeIgniter.php(859): App\Controllers\BaseController->initController()
 7 SYSTEMPATH/CodeIgniter.php(457): CodeIgniter\CodeIgniter->createController()
 8 SYSTEMPATH/CodeIgniter.php(349): CodeIgniter\CodeIgniter->handleRequest()
 9 FCPATH/index.php(57): CodeIgniter\CodeIgniter->run()
CRITICAL - 2024-08-07 21:31:16 --> You must set the database table to be used with your query.
in SYSTEMPATH/Database/BaseConnection.php on line 874.
 1 SYSTEMPATH/Model.php(586): CodeIgniter\Database\BaseConnection->table()
 2 SYSTEMPATH/Model.php(763): CodeIgniter\Model->builder()
 3 APPPATH/Controllers/Api.php(30): CodeIgniter\Model->__call()
 4 SYSTEMPATH/CodeIgniter.php(896): App\Controllers\Api->postbillpayment()
 5 SYSTEMPATH/CodeIgniter.php(466): CodeIgniter\CodeIgniter->runController()
 6 SYSTEMPATH/CodeIgniter.php(349): CodeIgniter\CodeIgniter->handleRequest()
 7 FCPATH/index.php(57): CodeIgniter\CodeIgniter->run()
CRITICAL - 2024-08-07 21:31:21 --> You must set the database table to be used with your query.
in SYSTEMPATH/Database/BaseConnection.php on line 874.
 1 SYSTEMPATH/Model.php(586): CodeIgniter\Database\BaseConnection->table()
 2 SYSTEMPATH/Model.php(763): CodeIgniter\Model->builder()
 3 APPPATH/Controllers/Api.php(30): CodeIgniter\Model->__call()
 4 SYSTEMPATH/CodeIgniter.php(896): App\Controllers\Api->postbillpayment()
 5 SYSTEMPATH/CodeIgniter.php(466): CodeIgniter\CodeIgniter->runController()
 6 SYSTEMPATH/CodeIgniter.php(349): CodeIgniter\CodeIgniter->handleRequest()
 7 FCPATH/index.php(57): CodeIgniter\CodeIgniter->run()
CRITICAL - 2024-08-07 21:31:26 --> You must set the database table to be used with your query.
in SYSTEMPATH/Database/BaseConnection.php on line 874.
 1 SYSTEMPATH/Model.php(586): CodeIgniter\Database\BaseConnection->table()
 2 SYSTEMPATH/Model.php(763): CodeIgniter\Model->builder()
 3 APPPATH/Controllers/Api.php(30): CodeIgniter\Model->__call()
 4 SYSTEMPATH/CodeIgniter.php(896): App\Controllers\Api->postbillpayment()
 5 SYSTEMPATH/CodeIgniter.php(466): CodeIgniter\CodeIgniter->runController()
 6 SYSTEMPATH/CodeIgniter.php(349): CodeIgniter\CodeIgniter->handleRequest()
 7 FCPATH/index.php(57): CodeIgniter\CodeIgniter->run()
CRITICAL - 2024-08-07 21:31:31 --> You must set the database table to be used with your query.
in SYSTEMPATH/Database/BaseConnection.php on line 874.
 1 SYSTEMPATH/Model.php(586): CodeIgniter\Database\BaseConnection->table()
 2 SYSTEMPATH/Model.php(763): CodeIgniter\Model->builder()
 3 APPPATH/Controllers/Api.php(30): CodeIgniter\Model->__call()
 4 SYSTEMPATH/CodeIgniter.php(896): App\Controllers\Api->postbillpayment()
 5 SYSTEMPATH/CodeIgniter.php(466): CodeIgniter\CodeIgniter->runController()
 6 SYSTEMPATH/CodeIgniter.php(349): CodeIgniter\CodeIgniter->handleRequest()
 7 FCPATH/index.php(57): CodeIgniter\CodeIgniter->run()
CRITICAL - 2024-08-07 21:31:31 --> You must set the database table to be used with your query.
in SYSTEMPATH/Database/BaseConnection.php on line 874.
 1 SYSTEMPATH/Model.php(586): CodeIgniter\Database\BaseConnection->table()
 2 SYSTEMPATH/Model.php(763): CodeIgniter\Model->builder()
 3 APPPATH/Controllers/Api.php(30): CodeIgniter\Model->__call()
 4 SYSTEMPATH/CodeIgniter.php(896): App\Controllers\Api->postbillpayment()
 5 SYSTEMPATH/CodeIgniter.php(466): CodeIgniter\CodeIgniter->runController()
 6 SYSTEMPATH/CodeIgniter.php(349): CodeIgniter\CodeIgniter->handleRequest()
 7 FCPATH/index.php(57): CodeIgniter\CodeIgniter->run()
CRITICAL - 2024-08-07 21:31:36 --> You must set the database table to be used with your query.
in SYSTEMPATH/Database/BaseConnection.php on line 874.
 1 SYSTEMPATH/Model.php(586): CodeIgniter\Database\BaseConnection->table()
 2 SYSTEMPATH/Model.php(763): CodeIgniter\Model->builder()
 3 APPPATH/Controllers/Api.php(30): CodeIgniter\Model->__call()
 4 SYSTEMPATH/CodeIgniter.php(896): App\Controllers\Api->postbillpayment()
 5 SYSTEMPATH/CodeIgniter.php(466): CodeIgniter\CodeIgniter->runController()
 6 SYSTEMPATH/CodeIgniter.php(349): CodeIgniter\CodeIgniter->handleRequest()
 7 FCPATH/index.php(57): CodeIgniter\CodeIgniter->run()
CRITICAL - 2024-08-07 21:31:41 --> Class "App\Models\Engine" not found
in APPPATH/Controllers/BaseController.php on line 58.
 1 SYSTEMPATH/CodeIgniter.php(859): App\Controllers\BaseController->initController()
 2 SYSTEMPATH/CodeIgniter.php(457): CodeIgniter\CodeIgniter->createController()
 3 SYSTEMPATH/CodeIgniter.php(349): CodeIgniter\CodeIgniter->handleRequest()
 4 FCPATH/index.php(57): CodeIgniter\CodeIgniter->run()
CRITICAL - 2024-08-07 21:31:46 --> Call to undefined method CodeIgniter\Database\MySQLi\Result::result_array()
in APPPATH/Models/Engine.php on line 343.
 1 APPPATH/Controllers/Api.php(30): App\Models\Engine->cronstart()
 2 SYSTEMPATH/CodeIgniter.php(896): App\Controllers\Api->postbillpayment()
 3 SYSTEMPATH/CodeIgniter.php(466): CodeIgniter\CodeIgniter->runController()
 4 SYSTEMPATH/CodeIgniter.php(349): CodeIgniter\CodeIgniter->handleRequest()
 5 FCPATH/index.php(57): CodeIgniter\CodeIgniter->run()
CRITICAL - 2024-08-07 21:31:51 --> Call to undefined method CodeIgniter\Database\MySQLi\Result::result_array()
in APPPATH/Models/Engine.php on line 343.
 1 APPPATH/Controllers/Api.php(30): App\Models\Engine->cronstart()
 2 SYSTEMPATH/CodeIgniter.php(896): App\Controllers\Api->postbillpayment()
 3 SYSTEMPATH/CodeIgniter.php(466): CodeIgniter\CodeIgniter->runController()
 4 SYSTEMPATH/CodeIgniter.php(349): CodeIgniter\CodeIgniter->handleRequest()
 5 FCPATH/index.php(57): CodeIgniter\CodeIgniter->run()
CRITICAL - 2024-08-07 21:31:56 --> Call to undefined method CodeIgniter\Database\MySQLi\Result::result_array()
in APPPATH/Models/Engine.php on line 343.
 1 APPPATH/Controllers/Api.php(30): App\Models\Engine->cronstart()
 2 SYSTEMPATH/CodeIgniter.php(896): App\Controllers\Api->postbillpayment()
 3 SYSTEMPATH/CodeIgniter.php(466): CodeIgniter\CodeIgniter->runController()
 4 SYSTEMPATH/CodeIgniter.php(349): CodeIgniter\CodeIgniter->handleRequest()
 5 FCPATH/index.php(57): CodeIgniter\CodeIgniter->run()
CRITICAL - 2024-08-07 21:32:01 --> Call to undefined method CodeIgniter\Database\MySQLi\Result::result_array()
in APPPATH/Models/Engine.php on line 343.
 1 APPPATH/Controllers/Api.php(30): App\Models\Engine->cronstart()
 2 SYSTEMPATH/CodeIgniter.php(896): App\Controllers\Api->postbillpayment()
 3 SYSTEMPATH/CodeIgniter.php(466): CodeIgniter\CodeIgniter->runController()
 4 SYSTEMPATH/CodeIgniter.php(349): CodeIgniter\CodeIgniter->handleRequest()
 5 FCPATH/index.php(57): CodeIgniter\CodeIgniter->run()
CRITICAL - 2024-08-07 21:32:01 --> Call to undefined method CodeIgniter\Database\MySQLi\Result::result_array()
in APPPATH/Models/Engine.php on line 343.
 1 APPPATH/Controllers/Api.php(30): App\Models\Engine->cronstart()
 2 SYSTEMPATH/CodeIgniter.php(896): App\Controllers\Api->postbillpayment()
 3 SYSTEMPATH/CodeIgniter.php(466): CodeIgniter\CodeIgniter->runController()
 4 SYSTEMPATH/CodeIgniter.php(349): CodeIgniter\CodeIgniter->handleRequest()
 5 FCPATH/index.php(57): CodeIgniter\CodeIgniter->run()
CRITICAL - 2024-08-07 21:32:06 --> Call to undefined method CodeIgniter\Database\MySQLi\Result::result_array()
in APPPATH/Models/Engine.php on line 343.
 1 APPPATH/Controllers/Api.php(30): App\Models\Engine->cronstart()
 2 SYSTEMPATH/CodeIgniter.php(896): App\Controllers\Api->postbillpayment()
 3 SYSTEMPATH/CodeIgniter.php(466): CodeIgniter\CodeIgniter->runController()
 4 SYSTEMPATH/CodeIgniter.php(349): CodeIgniter\CodeIgniter->handleRequest()
 5 FCPATH/index.php(57): CodeIgniter\CodeIgniter->run()
CRITICAL - 2024-08-07 21:32:11 --> Call to undefined method CodeIgniter\Database\MySQLi\Result::result_array()
in APPPATH/Models/Engine.php on line 343.
 1 APPPATH/Controllers/Api.php(30): App\Models\Engine->cronstart()
 2 SYSTEMPATH/CodeIgniter.php(896): App\Controllers\Api->postbillpayment()
 3 SYSTEMPATH/CodeIgniter.php(466): CodeIgniter\CodeIgniter->runController()
 4 SYSTEMPATH/CodeIgniter.php(349): CodeIgniter\CodeIgniter->handleRequest()
 5 FCPATH/index.php(57): CodeIgniter\CodeIgniter->run()
CRITICAL - 2024-08-07 21:32:16 --> Call to undefined method CodeIgniter\Database\MySQLi\Result::result_array()
in APPPATH/Models/Engine.php on line 343.
 1 APPPATH/Controllers/Api.php(30): App\Models\Engine->cronstart()
 2 SYSTEMPATH/CodeIgniter.php(896): App\Controllers\Api->postbillpayment()
 3 SYSTEMPATH/CodeIgniter.php(466): CodeIgniter\CodeIgniter->runController()
 4 SYSTEMPATH/CodeIgniter.php(349): CodeIgniter\CodeIgniter->handleRequest()
 5 FCPATH/index.php(57): CodeIgniter\CodeIgniter->run()
CRITICAL - 2024-08-07 21:32:21 --> Call to undefined method CodeIgniter\Database\MySQLi\Result::result_array()
in APPPATH/Models/Engine.php on line 343.
 1 APPPATH/Controllers/Api.php(30): App\Models\Engine->cronstart()
 2 SYSTEMPATH/CodeIgniter.php(896): App\Controllers\Api->postbillpayment()
 3 SYSTEMPATH/CodeIgniter.php(466): CodeIgniter\CodeIgniter->runController()
 4 SYSTEMPATH/CodeIgniter.php(349): CodeIgniter\CodeIgniter->handleRequest()
 5 FCPATH/index.php(57): CodeIgniter\CodeIgniter->run()
CRITICAL - 2024-08-07 21:32:26 --> Call to undefined method CodeIgniter\Database\MySQLi\Result::result_array()
in APPPATH/Models/Engine.php on line 343.
 1 APPPATH/Controllers/Api.php(30): App\Models\Engine->cronstart()
 2 SYSTEMPATH/CodeIgniter.php(896): App\Controllers\Api->postbillpayment()
 3 SYSTEMPATH/CodeIgniter.php(466): CodeIgniter\CodeIgniter->runController()
 4 SYSTEMPATH/CodeIgniter.php(349): CodeIgniter\CodeIgniter->handleRequest()
 5 FCPATH/index.php(57): CodeIgniter\CodeIgniter->run()
CRITICAL - 2024-08-07 21:32:31 --> Call to undefined method CodeIgniter\Database\MySQLi\Result::result_array()
in APPPATH/Models/Engine.php on line 343.
 1 APPPATH/Controllers/Api.php(30): App\Models\Engine->cronstart()
 2 SYSTEMPATH/CodeIgniter.php(896): App\Controllers\Api->postbillpayment()
 3 SYSTEMPATH/CodeIgniter.php(466): CodeIgniter\CodeIgniter->runController()
 4 SYSTEMPATH/CodeIgniter.php(349): CodeIgniter\CodeIgniter->handleRequest()
 5 FCPATH/index.php(57): CodeIgniter\CodeIgniter->run()
CRITICAL - 2024-08-07 21:32:31 --> Call to undefined method CodeIgniter\Database\MySQLi\Result::result_array()
in APPPATH/Models/Engine.php on line 343.
 1 APPPATH/Controllers/Api.php(30): App\Models\Engine->cronstart()
 2 SYSTEMPATH/CodeIgniter.php(896): App\Controllers\Api->postbillpayment()
 3 SYSTEMPATH/CodeIgniter.php(466): CodeIgniter\CodeIgniter->runController()
 4 SYSTEMPATH/CodeIgniter.php(349): CodeIgniter\CodeIgniter->handleRequest()
 5 FCPATH/index.php(57): CodeIgniter\CodeIgniter->run()
CRITICAL - 2024-08-07 21:32:36 --> Call to undefined method CodeIgniter\Database\MySQLi\Result::result_array()
in APPPATH/Models/Engine.php on line 343.
 1 APPPATH/Controllers/Api.php(30): App\Models\Engine->cronstart()
 2 SYSTEMPATH/CodeIgniter.php(896): App\Controllers\Api->postbillpayment()
 3 SYSTEMPATH/CodeIgniter.php(466): CodeIgniter\CodeIgniter->runController()
 4 SYSTEMPATH/CodeIgniter.php(349): CodeIgniter\CodeIgniter->handleRequest()
 5 FCPATH/index.php(57): CodeIgniter\CodeIgniter->run()
CRITICAL - 2024-08-07 21:32:41 --> Call to undefined method CodeIgniter\Database\MySQLi\Result::result_array()
in APPPATH/Models/Engine.php on line 343.
 1 APPPATH/Controllers/Api.php(30): App\Models\Engine->cronstart()
 2 SYSTEMPATH/CodeIgniter.php(896): App\Controllers\Api->postbillpayment()
 3 SYSTEMPATH/CodeIgniter.php(466): CodeIgniter\CodeIgniter->runController()
 4 SYSTEMPATH/CodeIgniter.php(349): CodeIgniter\CodeIgniter->handleRequest()
 5 FCPATH/index.php(57): CodeIgniter\CodeIgniter->run()
CRITICAL - 2024-08-07 21:32:46 --> Call to undefined method CodeIgniter\Database\MySQLi\Result::result_array()
in APPPATH/Models/Engine.php on line 343.
 1 APPPATH/Controllers/Api.php(30): App\Models\Engine->cronstart()
 2 SYSTEMPATH/CodeIgniter.php(896): App\Controllers\Api->postbillpayment()
 3 SYSTEMPATH/CodeIgniter.php(466): CodeIgniter\CodeIgniter->runController()
 4 SYSTEMPATH/CodeIgniter.php(349): CodeIgniter\CodeIgniter->handleRequest()
 5 FCPATH/index.php(57): CodeIgniter\CodeIgniter->run()
CRITICAL - 2024-08-07 21:32:51 --> Call to undefined method CodeIgniter\Database\MySQLi\Result::result_array()
in APPPATH/Models/Engine.php on line 343.
 1 APPPATH/Controllers/Api.php(30): App\Models\Engine->cronstart()
 2 SYSTEMPATH/CodeIgniter.php(896): App\Controllers\Api->postbillpayment()
 3 SYSTEMPATH/CodeIgniter.php(466): CodeIgniter\CodeIgniter->runController()
 4 SYSTEMPATH/CodeIgniter.php(349): CodeIgniter\CodeIgniter->handleRequest()
 5 FCPATH/index.php(57): CodeIgniter\CodeIgniter->run()
CRITICAL - 2024-08-07 21:32:54 --> Call to undefined method CodeIgniter\Database\MySQLi\Result::result_array()
in APPPATH/Models/Engine.php on line 343.
 1 APPPATH/Controllers/Api.php(30): App\Models\Engine->cronstart()
 2 SYSTEMPATH/CodeIgniter.php(896): App\Controllers\Api->postbillpayment()
 3 SYSTEMPATH/CodeIgniter.php(466): CodeIgniter\CodeIgniter->runController()
 4 SYSTEMPATH/CodeIgniter.php(349): CodeIgniter\CodeIgniter->handleRequest()
 5 FCPATH/index.php(57): CodeIgniter\CodeIgniter->run()
CRITICAL - 2024-08-07 21:32:56 --> Call to undefined method CodeIgniter\Database\MySQLi\Result::result_array()
in APPPATH/Models/Engine.php on line 343.
 1 APPPATH/Controllers/Api.php(30): App\Models\Engine->cronstart()
 2 SYSTEMPATH/CodeIgniter.php(896): App\Controllers\Api->postbillpayment()
 3 SYSTEMPATH/CodeIgniter.php(466): CodeIgniter\CodeIgniter->runController()
 4 SYSTEMPATH/CodeIgniter.php(349): CodeIgniter\CodeIgniter->handleRequest()
 5 FCPATH/index.php(57): CodeIgniter\CodeIgniter->run()
CRITICAL - 2024-08-07 21:33:01 --> Call to undefined method CodeIgniter\Database\MySQLi\Result::result_array()
in APPPATH/Models/Engine.php on line 343.
 1 APPPATH/Controllers/Api.php(30): App\Models\Engine->cronstart()
 2 SYSTEMPATH/CodeIgniter.php(896): App\Controllers\Api->postbillpayment()
 3 SYSTEMPATH/CodeIgniter.php(466): CodeIgniter\CodeIgniter->runController()
 4 SYSTEMPATH/CodeIgniter.php(349): CodeIgniter\CodeIgniter->handleRequest()
 5 FCPATH/index.php(57): CodeIgniter\CodeIgniter->run()
CRITICAL - 2024-08-07 21:33:01 --> Call to undefined method CodeIgniter\Database\MySQLi\Result::result_array()
in APPPATH/Models/Engine.php on line 343.
 1 APPPATH/Controllers/Api.php(30): App\Models\Engine->cronstart()
 2 SYSTEMPATH/CodeIgniter.php(896): App\Controllers\Api->postbillpayment()
 3 SYSTEMPATH/CodeIgniter.php(466): CodeIgniter\CodeIgniter->runController()
 4 SYSTEMPATH/CodeIgniter.php(349): CodeIgniter\CodeIgniter->handleRequest()
 5 FCPATH/index.php(57): CodeIgniter\CodeIgniter->run()
CRITICAL - 2024-08-07 21:33:06 --> Call to undefined method CodeIgniter\Database\MySQLi\Result::result_array()
in APPPATH/Models/Engine.php on line 343.
 1 APPPATH/Controllers/Api.php(30): App\Models\Engine->cronstart()
 2 SYSTEMPATH/CodeIgniter.php(896): App\Controllers\Api->postbillpayment()
 3 SYSTEMPATH/CodeIgniter.php(466): CodeIgniter\CodeIgniter->runController()
 4 SYSTEMPATH/CodeIgniter.php(349): CodeIgniter\CodeIgniter->handleRequest()
 5 FCPATH/index.php(57): CodeIgniter\CodeIgniter->run()
CRITICAL - 2024-08-07 21:33:11 --> Call to undefined method CodeIgniter\Database\MySQLi\Result::result_array()
in APPPATH/Models/Engine.php on line 343.
 1 APPPATH/Controllers/Api.php(30): App\Models\Engine->cronstart()
 2 SYSTEMPATH/CodeIgniter.php(896): App\Controllers\Api->postbillpayment()
 3 SYSTEMPATH/CodeIgniter.php(466): CodeIgniter\CodeIgniter->runController()
 4 SYSTEMPATH/CodeIgniter.php(349): CodeIgniter\CodeIgniter->handleRequest()
 5 FCPATH/index.php(57): CodeIgniter\CodeIgniter->run()
CRITICAL - 2024-08-07 21:33:16 --> Call to undefined method CodeIgniter\Database\MySQLi\Result::result_array()
in APPPATH/Models/Engine.php on line 343.
 1 APPPATH/Controllers/Api.php(30): App\Models\Engine->cronstart()
 2 SYSTEMPATH/CodeIgniter.php(896): App\Controllers\Api->postbillpayment()
 3 SYSTEMPATH/CodeIgniter.php(466): CodeIgniter\CodeIgniter->runController()
 4 SYSTEMPATH/CodeIgniter.php(349): CodeIgniter\CodeIgniter->handleRequest()
 5 FCPATH/index.php(57): CodeIgniter\CodeIgniter->run()
CRITICAL - 2024-08-07 21:33:21 --> Call to undefined method CodeIgniter\Database\MySQLi\Result::result_array()
in APPPATH/Models/Engine.php on line 343.
 1 APPPATH/Controllers/Api.php(30): App\Models\Engine->cronstart()
 2 SYSTEMPATH/CodeIgniter.php(896): App\Controllers\Api->postbillpayment()
 3 SYSTEMPATH/CodeIgniter.php(466): CodeIgniter\CodeIgniter->runController()
 4 SYSTEMPATH/CodeIgniter.php(349): CodeIgniter\CodeIgniter->handleRequest()
 5 FCPATH/index.php(57): CodeIgniter\CodeIgniter->run()
CRITICAL - 2024-08-07 21:33:26 --> Call to undefined method CodeIgniter\Database\MySQLi\Result::result_array()
in APPPATH/Models/Engine.php on line 343.
 1 APPPATH/Controllers/Api.php(30): App\Models\Engine->cronstart()
 2 SYSTEMPATH/CodeIgniter.php(896): App\Controllers\Api->postbillpayment()
 3 SYSTEMPATH/CodeIgniter.php(466): CodeIgniter\CodeIgniter->runController()
 4 SYSTEMPATH/CodeIgniter.php(349): CodeIgniter\CodeIgniter->handleRequest()
 5 FCPATH/index.php(57): CodeIgniter\CodeIgniter->run()
CRITICAL - 2024-08-07 21:33:31 --> Call to undefined method CodeIgniter\Database\MySQLi\Result::result_array()
in APPPATH/Models/Engine.php on line 343.
 1 APPPATH/Controllers/Api.php(30): App\Models\Engine->cronstart()
 2 SYSTEMPATH/CodeIgniter.php(896): App\Controllers\Api->postbillpayment()
 3 SYSTEMPATH/CodeIgniter.php(466): CodeIgniter\CodeIgniter->runController()
 4 SYSTEMPATH/CodeIgniter.php(349): CodeIgniter\CodeIgniter->handleRequest()
 5 FCPATH/index.php(57): CodeIgniter\CodeIgniter->run()
CRITICAL - 2024-08-07 21:33:31 --> Call to undefined method CodeIgniter\Database\MySQLi\Result::result_array()
in APPPATH/Models/Engine.php on line 343.
 1 APPPATH/Controllers/Api.php(30): App\Models\Engine->cronstart()
 2 SYSTEMPATH/CodeIgniter.php(896): App\Controllers\Api->postbillpayment()
 3 SYSTEMPATH/CodeIgniter.php(466): CodeIgniter\CodeIgniter->runController()
 4 SYSTEMPATH/CodeIgniter.php(349): CodeIgniter\CodeIgniter->handleRequest()
 5 FCPATH/index.php(57): CodeIgniter\CodeIgniter->run()
CRITICAL - 2024-08-07 21:33:36 --> Call to undefined method CodeIgniter\Database\MySQLi\Result::result_array()
in APPPATH/Models/Engine.php on line 343.
 1 APPPATH/Controllers/Api.php(30): App\Models\Engine->cronstart()
 2 SYSTEMPATH/CodeIgniter.php(896): App\Controllers\Api->postbillpayment()
 3 SYSTEMPATH/CodeIgniter.php(466): CodeIgniter\CodeIgniter->runController()
 4 SYSTEMPATH/CodeIgniter.php(349): CodeIgniter\CodeIgniter->handleRequest()
 5 FCPATH/index.php(57): CodeIgniter\CodeIgniter->run()
CRITICAL - 2024-08-07 21:33:41 --> Call to undefined method CodeIgniter\Database\MySQLi\Result::result_array()
in APPPATH/Models/Engine.php on line 343.
 1 APPPATH/Controllers/Api.php(30): App\Models\Engine->cronstart()
 2 SYSTEMPATH/CodeIgniter.php(896): App\Controllers\Api->postbillpayment()
 3 SYSTEMPATH/CodeIgniter.php(466): CodeIgniter\CodeIgniter->runController()
 4 SYSTEMPATH/CodeIgniter.php(349): CodeIgniter\CodeIgniter->handleRequest()
 5 FCPATH/index.php(57): CodeIgniter\CodeIgniter->run()
CRITICAL - 2024-08-07 21:33:46 --> Call to undefined method CodeIgniter\Database\MySQLi\Result::result_array()
in APPPATH/Models/Engine.php on line 343.
 1 APPPATH/Controllers/Api.php(30): App\Models\Engine->cronstart()
 2 SYSTEMPATH/CodeIgniter.php(896): App\Controllers\Api->postbillpayment()
 3 SYSTEMPATH/CodeIgniter.php(466): CodeIgniter\CodeIgniter->runController()
 4 SYSTEMPATH/CodeIgniter.php(349): CodeIgniter\CodeIgniter->handleRequest()
 5 FCPATH/index.php(57): CodeIgniter\CodeIgniter->run()
CRITICAL - 2024-08-07 21:33:51 --> Call to undefined method CodeIgniter\Database\MySQLi\Result::result_array()
in APPPATH/Models/Engine.php on line 343.
 1 APPPATH/Controllers/Api.php(30): App\Models\Engine->cronstart()
 2 SYSTEMPATH/CodeIgniter.php(896): App\Controllers\Api->postbillpayment()
 3 SYSTEMPATH/CodeIgniter.php(466): CodeIgniter\CodeIgniter->runController()
 4 SYSTEMPATH/CodeIgniter.php(349): CodeIgniter\CodeIgniter->handleRequest()
 5 FCPATH/index.php(57): CodeIgniter\CodeIgniter->run()
CRITICAL - 2024-08-07 21:33:56 --> Call to undefined method CodeIgniter\Database\MySQLi\Result::result_array()
in APPPATH/Models/Engine.php on line 343.
 1 APPPATH/Controllers/Api.php(30): App\Models\Engine->cronstart()
 2 SYSTEMPATH/CodeIgniter.php(896): App\Controllers\Api->postbillpayment()
 3 SYSTEMPATH/CodeIgniter.php(466): CodeIgniter\CodeIgniter->runController()
 4 SYSTEMPATH/CodeIgniter.php(349): CodeIgniter\CodeIgniter->handleRequest()
 5 FCPATH/index.php(57): CodeIgniter\CodeIgniter->run()
CRITICAL - 2024-08-07 21:34:01 --> Call to undefined method CodeIgniter\Database\MySQLi\Result::result_array()
in APPPATH/Models/Engine.php on line 343.
 1 APPPATH/Controllers/Api.php(30): App\Models\Engine->cronstart()
 2 SYSTEMPATH/CodeIgniter.php(896): App\Controllers\Api->postbillpayment()
 3 SYSTEMPATH/CodeIgniter.php(466): CodeIgniter\CodeIgniter->runController()
 4 SYSTEMPATH/CodeIgniter.php(349): CodeIgniter\CodeIgniter->handleRequest()
 5 FCPATH/index.php(57): CodeIgniter\CodeIgniter->run()
CRITICAL - 2024-08-07 21:34:01 --> Call to undefined method CodeIgniter\Database\MySQLi\Result::result_array()
in APPPATH/Models/Engine.php on line 343.
 1 APPPATH/Controllers/Api.php(30): App\Models\Engine->cronstart()
 2 SYSTEMPATH/CodeIgniter.php(896): App\Controllers\Api->postbillpayment()
 3 SYSTEMPATH/CodeIgniter.php(466): CodeIgniter\CodeIgniter->runController()
 4 SYSTEMPATH/CodeIgniter.php(349): CodeIgniter\CodeIgniter->handleRequest()
 5 FCPATH/index.php(57): CodeIgniter\CodeIgniter->run()
CRITICAL - 2024-08-07 21:34:06 --> Call to undefined method CodeIgniter\Database\MySQLi\Result::result_array()
in APPPATH/Models/Engine.php on line 343.
 1 APPPATH/Controllers/Api.php(30): App\Models\Engine->cronstart()
 2 SYSTEMPATH/CodeIgniter.php(896): App\Controllers\Api->postbillpayment()
 3 SYSTEMPATH/CodeIgniter.php(466): CodeIgniter\CodeIgniter->runController()
 4 SYSTEMPATH/CodeIgniter.php(349): CodeIgniter\CodeIgniter->handleRequest()
 5 FCPATH/index.php(57): CodeIgniter\CodeIgniter->run()
CRITICAL - 2024-08-07 21:34:11 --> Call to undefined method CodeIgniter\Database\MySQLi\Result::result_array()
in APPPATH/Models/Engine.php on line 343.
 1 APPPATH/Controllers/Api.php(30): App\Models\Engine->cronstart()
 2 SYSTEMPATH/CodeIgniter.php(896): App\Controllers\Api->postbillpayment()
 3 SYSTEMPATH/CodeIgniter.php(466): CodeIgniter\CodeIgniter->runController()
 4 SYSTEMPATH/CodeIgniter.php(349): CodeIgniter\CodeIgniter->handleRequest()
 5 FCPATH/index.php(57): CodeIgniter\CodeIgniter->run()
CRITICAL - 2024-08-07 21:34:14 --> Call to undefined method CodeIgniter\Database\MySQLi\Result::result_array()
in APPPATH/Models/Engine.php on line 343.
 1 APPPATH/Controllers/Api.php(30): App\Models\Engine->cronstart()
 2 SYSTEMPATH/CodeIgniter.php(896): App\Controllers\Api->postbillpayment()
 3 SYSTEMPATH/CodeIgniter.php(466): CodeIgniter\CodeIgniter->runController()
 4 SYSTEMPATH/CodeIgniter.php(349): CodeIgniter\CodeIgniter->handleRequest()
 5 FCPATH/index.php(57): CodeIgniter\CodeIgniter->run()
CRITICAL - 2024-08-07 21:34:16 --> Call to undefined method CodeIgniter\Database\MySQLi\Result::result_array()
in APPPATH/Models/Engine.php on line 343.
 1 APPPATH/Controllers/Api.php(30): App\Models\Engine->cronstart()
 2 SYSTEMPATH/CodeIgniter.php(896): App\Controllers\Api->postbillpayment()
 3 SYSTEMPATH/CodeIgniter.php(466): CodeIgniter\CodeIgniter->runController()
 4 SYSTEMPATH/CodeIgniter.php(349): CodeIgniter\CodeIgniter->handleRequest()
 5 FCPATH/index.php(57): CodeIgniter\CodeIgniter->run()
CRITICAL - 2024-08-07 21:34:21 --> Call to undefined method CodeIgniter\Database\MySQLi\Result::result_array()
in APPPATH/Models/Engine.php on line 343.
 1 APPPATH/Controllers/Api.php(30): App\Models\Engine->cronstart()
 2 SYSTEMPATH/CodeIgniter.php(896): App\Controllers\Api->postbillpayment()
 3 SYSTEMPATH/CodeIgniter.php(466): CodeIgniter\CodeIgniter->runController()
 4 SYSTEMPATH/CodeIgniter.php(349): CodeIgniter\CodeIgniter->handleRequest()
 5 FCPATH/index.php(57): CodeIgniter\CodeIgniter->run()
CRITICAL - 2024-08-07 21:34:26 --> Call to undefined method CodeIgniter\Database\MySQLi\Result::result_array()
in APPPATH/Models/Engine.php on line 343.
 1 APPPATH/Controllers/Api.php(30): App\Models\Engine->cronstart()
 2 SYSTEMPATH/CodeIgniter.php(896): App\Controllers\Api->postbillpayment()
 3 SYSTEMPATH/CodeIgniter.php(466): CodeIgniter\CodeIgniter->runController()
 4 SYSTEMPATH/CodeIgniter.php(349): CodeIgniter\CodeIgniter->handleRequest()
 5 FCPATH/index.php(57): CodeIgniter\CodeIgniter->run()
CRITICAL - 2024-08-07 21:34:31 --> Call to undefined method CodeIgniter\Database\MySQLi\Result::result_array()
in APPPATH/Models/Engine.php on line 343.
 1 APPPATH/Controllers/Api.php(30): App\Models\Engine->cronstart()
 2 SYSTEMPATH/CodeIgniter.php(896): App\Controllers\Api->postbillpayment()
 3 SYSTEMPATH/CodeIgniter.php(466): CodeIgniter\CodeIgniter->runController()
 4 SYSTEMPATH/CodeIgniter.php(349): CodeIgniter\CodeIgniter->handleRequest()
 5 FCPATH/index.php(57): CodeIgniter\CodeIgniter->run()
CRITICAL - 2024-08-07 21:34:31 --> Call to undefined method CodeIgniter\Database\MySQLi\Result::result_array()
in APPPATH/Models/Engine.php on line 343.
 1 APPPATH/Controllers/Api.php(30): App\Models\Engine->cronstart()
 2 SYSTEMPATH/CodeIgniter.php(896): App\Controllers\Api->postbillpayment()
 3 SYSTEMPATH/CodeIgniter.php(466): CodeIgniter\CodeIgniter->runController()
 4 SYSTEMPATH/CodeIgniter.php(349): CodeIgniter\CodeIgniter->handleRequest()
 5 FCPATH/index.php(57): CodeIgniter\CodeIgniter->run()
CRITICAL - 2024-08-07 21:34:36 --> Call to undefined method CodeIgniter\Database\MySQLi\Result::result_array()
in APPPATH/Models/Engine.php on line 343.
 1 APPPATH/Controllers/Api.php(30): App\Models\Engine->cronstart()
 2 SYSTEMPATH/CodeIgniter.php(896): App\Controllers\Api->postbillpayment()
 3 SYSTEMPATH/CodeIgniter.php(466): CodeIgniter\CodeIgniter->runController()
 4 SYSTEMPATH/CodeIgniter.php(349): CodeIgniter\CodeIgniter->handleRequest()
 5 FCPATH/index.php(57): CodeIgniter\CodeIgniter->run()
CRITICAL - 2024-08-07 21:34:41 --> Call to undefined method CodeIgniter\Database\MySQLi\Result::result_array()
in APPPATH/Models/Engine.php on line 343.
 1 APPPATH/Controllers/Api.php(30): App\Models\Engine->cronstart()
 2 SYSTEMPATH/CodeIgniter.php(896): App\Controllers\Api->postbillpayment()
 3 SYSTEMPATH/CodeIgniter.php(466): CodeIgniter\CodeIgniter->runController()
 4 SYSTEMPATH/CodeIgniter.php(349): CodeIgniter\CodeIgniter->handleRequest()
 5 FCPATH/index.php(57): CodeIgniter\CodeIgniter->run()
CRITICAL - 2024-08-07 21:34:46 --> Call to undefined method CodeIgniter\Database\MySQLi\Result::result_array()
in APPPATH/Models/Engine.php on line 343.
 1 APPPATH/Controllers/Api.php(30): App\Models\Engine->cronstart()
 2 SYSTEMPATH/CodeIgniter.php(896): App\Controllers\Api->postbillpayment()
 3 SYSTEMPATH/CodeIgniter.php(466): CodeIgniter\CodeIgniter->runController()
 4 SYSTEMPATH/CodeIgniter.php(349): CodeIgniter\CodeIgniter->handleRequest()
 5 FCPATH/index.php(57): CodeIgniter\CodeIgniter->run()
CRITICAL - 2024-08-07 21:34:51 --> Call to undefined method CodeIgniter\Database\MySQLi\Result::result_array()
in APPPATH/Models/Engine.php on line 343.
 1 APPPATH/Controllers/Api.php(30): App\Models\Engine->cronstart()
 2 SYSTEMPATH/CodeIgniter.php(896): App\Controllers\Api->postbillpayment()
 3 SYSTEMPATH/CodeIgniter.php(466): CodeIgniter\CodeIgniter->runController()
 4 SYSTEMPATH/CodeIgniter.php(349): CodeIgniter\CodeIgniter->handleRequest()
 5 FCPATH/index.php(57): CodeIgniter\CodeIgniter->run()
CRITICAL - 2024-08-07 21:34:56 --> Call to undefined method CodeIgniter\Database\MySQLi\Result::result_array()
in APPPATH/Models/Engine.php on line 343.
 1 APPPATH/Controllers/Api.php(30): App\Models\Engine->cronstart()
 2 SYSTEMPATH/CodeIgniter.php(896): App\Controllers\Api->postbillpayment()
 3 SYSTEMPATH/CodeIgniter.php(466): CodeIgniter\CodeIgniter->runController()
 4 SYSTEMPATH/CodeIgniter.php(349): CodeIgniter\CodeIgniter->handleRequest()
 5 FCPATH/index.php(57): CodeIgniter\CodeIgniter->run()
CRITICAL - 2024-08-07 21:35:01 --> Call to undefined method CodeIgniter\Database\MySQLi\Result::result_array()
in APPPATH/Models/Engine.php on line 343.
 1 APPPATH/Controllers/Api.php(30): App\Models\Engine->cronstart()
 2 SYSTEMPATH/CodeIgniter.php(896): App\Controllers\Api->postbillpayment()
 3 SYSTEMPATH/CodeIgniter.php(466): CodeIgniter\CodeIgniter->runController()
 4 SYSTEMPATH/CodeIgniter.php(349): CodeIgniter\CodeIgniter->handleRequest()
 5 FCPATH/index.php(57): CodeIgniter\CodeIgniter->run()
CRITICAL - 2024-08-07 21:35:01 --> Call to undefined method CodeIgniter\Database\MySQLi\Result::result_array()
in APPPATH/Models/Engine.php on line 343.
 1 APPPATH/Controllers/Api.php(30): App\Models\Engine->cronstart()
 2 SYSTEMPATH/CodeIgniter.php(896): App\Controllers\Api->postbillpayment()
 3 SYSTEMPATH/CodeIgniter.php(466): CodeIgniter\CodeIgniter->runController()
 4 SYSTEMPATH/CodeIgniter.php(349): CodeIgniter\CodeIgniter->handleRequest()
 5 FCPATH/index.php(57): CodeIgniter\CodeIgniter->run()
CRITICAL - 2024-08-07 21:35:06 --> Call to undefined method CodeIgniter\Database\MySQLi\Result::result_array()
in APPPATH/Models/Engine.php on line 343.
 1 APPPATH/Controllers/Api.php(30): App\Models\Engine->cronstart()
 2 SYSTEMPATH/CodeIgniter.php(896): App\Controllers\Api->postbillpayment()
 3 SYSTEMPATH/CodeIgniter.php(466): CodeIgniter\CodeIgniter->runController()
 4 SYSTEMPATH/CodeIgniter.php(349): CodeIgniter\CodeIgniter->handleRequest()
 5 FCPATH/index.php(57): CodeIgniter\CodeIgniter->run()
CRITICAL - 2024-08-07 21:35:11 --> Call to undefined method CodeIgniter\Database\MySQLi\Result::result_array()
in APPPATH/Models/Engine.php on line 343.
 1 APPPATH/Controllers/Api.php(30): App\Models\Engine->cronstart()
 2 SYSTEMPATH/CodeIgniter.php(896): App\Controllers\Api->postbillpayment()
 3 SYSTEMPATH/CodeIgniter.php(466): CodeIgniter\CodeIgniter->runController()
 4 SYSTEMPATH/CodeIgniter.php(349): CodeIgniter\CodeIgniter->handleRequest()
 5 FCPATH/index.php(57): CodeIgniter\CodeIgniter->run()
CRITICAL - 2024-08-07 21:35:16 --> Call to undefined method CodeIgniter\Database\MySQLi\Result::result_array()
in APPPATH/Models/Engine.php on line 343.
 1 APPPATH/Controllers/Api.php(30): App\Models\Engine->cronstart()
 2 SYSTEMPATH/CodeIgniter.php(896): App\Controllers\Api->postbillpayment()
 3 SYSTEMPATH/CodeIgniter.php(466): CodeIgniter\CodeIgniter->runController()
 4 SYSTEMPATH/CodeIgniter.php(349): CodeIgniter\CodeIgniter->handleRequest()
 5 FCPATH/index.php(57): CodeIgniter\CodeIgniter->run()
CRITICAL - 2024-08-07 21:35:21 --> Call to undefined method CodeIgniter\Database\MySQLi\Result::result_array()
in APPPATH/Models/Engine.php on line 343.
 1 APPPATH/Controllers/Api.php(30): App\Models\Engine->cronstart()
 2 SYSTEMPATH/CodeIgniter.php(896): App\Controllers\Api->postbillpayment()
 3 SYSTEMPATH/CodeIgniter.php(466): CodeIgniter\CodeIgniter->runController()
 4 SYSTEMPATH/CodeIgniter.php(349): CodeIgniter\CodeIgniter->handleRequest()
 5 FCPATH/index.php(57): CodeIgniter\CodeIgniter->run()
CRITICAL - 2024-08-07 21:35:26 --> Call to undefined method CodeIgniter\Database\MySQLi\Result::result_array()
in APPPATH/Models/Engine.php on line 343.
 1 APPPATH/Controllers/Api.php(30): App\Models\Engine->cronstart()
 2 SYSTEMPATH/CodeIgniter.php(896): App\Controllers\Api->postbillpayment()
 3 SYSTEMPATH/CodeIgniter.php(466): CodeIgniter\CodeIgniter->runController()
 4 SYSTEMPATH/CodeIgniter.php(349): CodeIgniter\CodeIgniter->handleRequest()
 5 FCPATH/index.php(57): CodeIgniter\CodeIgniter->run()
CRITICAL - 2024-08-07 21:35:31 --> Call to undefined method CodeIgniter\Database\MySQLi\Result::result_array()
in APPPATH/Models/Engine.php on line 343.
 1 APPPATH/Controllers/Api.php(30): App\Models\Engine->cronstart()
 2 SYSTEMPATH/CodeIgniter.php(896): App\Controllers\Api->postbillpayment()
 3 SYSTEMPATH/CodeIgniter.php(466): CodeIgniter\CodeIgniter->runController()
 4 SYSTEMPATH/CodeIgniter.php(349): CodeIgniter\CodeIgniter->handleRequest()
 5 FCPATH/index.php(57): CodeIgniter\CodeIgniter->run()
CRITICAL - 2024-08-07 21:35:31 --> Call to undefined method CodeIgniter\Database\MySQLi\Result::result_array()
in APPPATH/Models/Engine.php on line 343.
 1 APPPATH/Controllers/Api.php(30): App\Models\Engine->cronstart()
 2 SYSTEMPATH/CodeIgniter.php(896): App\Controllers\Api->postbillpayment()
 3 SYSTEMPATH/CodeIgniter.php(466): CodeIgniter\CodeIgniter->runController()
 4 SYSTEMPATH/CodeIgniter.php(349): CodeIgniter\CodeIgniter->handleRequest()
 5 FCPATH/index.php(57): CodeIgniter\CodeIgniter->run()
CRITICAL - 2024-08-07 21:35:36 --> Call to undefined method CodeIgniter\Database\MySQLi\Result::result_array()
in APPPATH/Models/Engine.php on line 343.
 1 APPPATH/Controllers/Api.php(30): App\Models\Engine->cronstart()
 2 SYSTEMPATH/CodeIgniter.php(896): App\Controllers\Api->postbillpayment()
 3 SYSTEMPATH/CodeIgniter.php(466): CodeIgniter\CodeIgniter->runController()
 4 SYSTEMPATH/CodeIgniter.php(349): CodeIgniter\CodeIgniter->handleRequest()
 5 FCPATH/index.php(57): CodeIgniter\CodeIgniter->run()
CRITICAL - 2024-08-07 21:35:41 --> Call to undefined method CodeIgniter\Database\MySQLi\Result::result_array()
in APPPATH/Models/Engine.php on line 343.
 1 APPPATH/Controllers/Api.php(30): App\Models\Engine->cronstart()
 2 SYSTEMPATH/CodeIgniter.php(896): App\Controllers\Api->postbillpayment()
 3 SYSTEMPATH/CodeIgniter.php(466): CodeIgniter\CodeIgniter->runController()
 4 SYSTEMPATH/CodeIgniter.php(349): CodeIgniter\CodeIgniter->handleRequest()
 5 FCPATH/index.php(57): CodeIgniter\CodeIgniter->run()
CRITICAL - 2024-08-07 21:35:46 --> Call to undefined method CodeIgniter\Database\MySQLi\Result::result_array()
in APPPATH/Models/Engine.php on line 343.
 1 APPPATH/Controllers/Api.php(30): App\Models\Engine->cronstart()
 2 SYSTEMPATH/CodeIgniter.php(896): App\Controllers\Api->postbillpayment()
 3 SYSTEMPATH/CodeIgniter.php(466): CodeIgniter\CodeIgniter->runController()
 4 SYSTEMPATH/CodeIgniter.php(349): CodeIgniter\CodeIgniter->handleRequest()
 5 FCPATH/index.php(57): CodeIgniter\CodeIgniter->run()
CRITICAL - 2024-08-07 21:35:51 --> Call to undefined method CodeIgniter\Database\MySQLi\Result::result_array()
in APPPATH/Models/Engine.php on line 343.
 1 APPPATH/Controllers/Api.php(30): App\Models\Engine->cronstart()
 2 SYSTEMPATH/CodeIgniter.php(896): App\Controllers\Api->postbillpayment()
 3 SYSTEMPATH/CodeIgniter.php(466): CodeIgniter\CodeIgniter->runController()
 4 SYSTEMPATH/CodeIgniter.php(349): CodeIgniter\CodeIgniter->handleRequest()
 5 FCPATH/index.php(57): CodeIgniter\CodeIgniter->run()
CRITICAL - 2024-08-07 21:35:56 --> Call to undefined method CodeIgniter\Database\MySQLi\Result::result_array()
in APPPATH/Models/Engine.php on line 343.
 1 APPPATH/Controllers/Api.php(30): App\Models\Engine->cronstart()
 2 SYSTEMPATH/CodeIgniter.php(896): App\Controllers\Api->postbillpayment()
 3 SYSTEMPATH/CodeIgniter.php(466): CodeIgniter\CodeIgniter->runController()
 4 SYSTEMPATH/CodeIgniter.php(349): CodeIgniter\CodeIgniter->handleRequest()
 5 FCPATH/index.php(57): CodeIgniter\CodeIgniter->run()
CRITICAL - 2024-08-07 21:36:01 --> Call to undefined method CodeIgniter\Database\MySQLi\Result::result_array()
in APPPATH/Models/Engine.php on line 343.
 1 APPPATH/Controllers/Api.php(30): App\Models\Engine->cronstart()
 2 SYSTEMPATH/CodeIgniter.php(896): App\Controllers\Api->postbillpayment()
 3 SYSTEMPATH/CodeIgniter.php(466): CodeIgniter\CodeIgniter->runController()
 4 SYSTEMPATH/CodeIgniter.php(349): CodeIgniter\CodeIgniter->handleRequest()
 5 FCPATH/index.php(57): CodeIgniter\CodeIgniter->run()
CRITICAL - 2024-08-07 21:36:01 --> Call to undefined method CodeIgniter\Database\MySQLi\Result::result_array()
in APPPATH/Models/Engine.php on line 343.
 1 APPPATH/Controllers/Api.php(30): App\Models\Engine->cronstart()
 2 SYSTEMPATH/CodeIgniter.php(896): App\Controllers\Api->postbillpayment()
 3 SYSTEMPATH/CodeIgniter.php(466): CodeIgniter\CodeIgniter->runController()
 4 SYSTEMPATH/CodeIgniter.php(349): CodeIgniter\CodeIgniter->handleRequest()
 5 FCPATH/index.php(57): CodeIgniter\CodeIgniter->run()
CRITICAL - 2024-08-07 21:36:06 --> Call to undefined method CodeIgniter\Database\MySQLi\Result::result_array()
in APPPATH/Models/Engine.php on line 343.
 1 APPPATH/Controllers/Api.php(30): App\Models\Engine->cronstart()
 2 SYSTEMPATH/CodeIgniter.php(896): App\Controllers\Api->postbillpayment()
 3 SYSTEMPATH/CodeIgniter.php(466): CodeIgniter\CodeIgniter->runController()
 4 SYSTEMPATH/CodeIgniter.php(349): CodeIgniter\CodeIgniter->handleRequest()
 5 FCPATH/index.php(57): CodeIgniter\CodeIgniter->run()
CRITICAL - 2024-08-07 21:36:11 --> Call to undefined method CodeIgniter\Database\MySQLi\Result::result_array()
in APPPATH/Models/Engine.php on line 343.
 1 APPPATH/Controllers/Api.php(30): App\Models\Engine->cronstart()
 2 SYSTEMPATH/CodeIgniter.php(896): App\Controllers\Api->postbillpayment()
 3 SYSTEMPATH/CodeIgniter.php(466): CodeIgniter\CodeIgniter->runController()
 4 SYSTEMPATH/CodeIgniter.php(349): CodeIgniter\CodeIgniter->handleRequest()
 5 FCPATH/index.php(57): CodeIgniter\CodeIgniter->run()
CRITICAL - 2024-08-07 21:36:16 --> Call to undefined method CodeIgniter\Database\MySQLi\Result::result_array()
in APPPATH/Models/Engine.php on line 343.
 1 APPPATH/Controllers/Api.php(30): App\Models\Engine->cronstart()
 2 SYSTEMPATH/CodeIgniter.php(896): App\Controllers\Api->postbillpayment()
 3 SYSTEMPATH/CodeIgniter.php(466): CodeIgniter\CodeIgniter->runController()
 4 SYSTEMPATH/CodeIgniter.php(349): CodeIgniter\CodeIgniter->handleRequest()
 5 FCPATH/index.php(57): CodeIgniter\CodeIgniter->run()
CRITICAL - 2024-08-07 21:36:21 --> Call to undefined method CodeIgniter\Database\MySQLi\Result::result_array()
in APPPATH/Models/Engine.php on line 343.
 1 APPPATH/Controllers/Api.php(30): App\Models\Engine->cronstart()
 2 SYSTEMPATH/CodeIgniter.php(896): App\Controllers\Api->postbillpayment()
 3 SYSTEMPATH/CodeIgniter.php(466): CodeIgniter\CodeIgniter->runController()
 4 SYSTEMPATH/CodeIgniter.php(349): CodeIgniter\CodeIgniter->handleRequest()
 5 FCPATH/index.php(57): CodeIgniter\CodeIgniter->run()
CRITICAL - 2024-08-07 21:36:26 --> Call to undefined method CodeIgniter\Database\MySQLi\Result::result_array()
in APPPATH/Models/Engine.php on line 343.
 1 APPPATH/Controllers/Api.php(30): App\Models\Engine->cronstart()
 2 SYSTEMPATH/CodeIgniter.php(896): App\Controllers\Api->postbillpayment()
 3 SYSTEMPATH/CodeIgniter.php(466): CodeIgniter\CodeIgniter->runController()
 4 SYSTEMPATH/CodeIgniter.php(349): CodeIgniter\CodeIgniter->handleRequest()
 5 FCPATH/index.php(57): CodeIgniter\CodeIgniter->run()
CRITICAL - 2024-08-07 21:36:31 --> Call to undefined method CodeIgniter\Database\MySQLi\Result::result_array()
in APPPATH/Models/Engine.php on line 343.
 1 APPPATH/Controllers/Api.php(30): App\Models\Engine->cronstart()
 2 SYSTEMPATH/CodeIgniter.php(896): App\Controllers\Api->postbillpayment()
 3 SYSTEMPATH/CodeIgniter.php(466): CodeIgniter\CodeIgniter->runController()
 4 SYSTEMPATH/CodeIgniter.php(349): CodeIgniter\CodeIgniter->handleRequest()
 5 FCPATH/index.php(57): CodeIgniter\CodeIgniter->run()
CRITICAL - 2024-08-07 21:36:31 --> Call to undefined method CodeIgniter\Database\MySQLi\Result::result_array()
in APPPATH/Models/Engine.php on line 343.
 1 APPPATH/Controllers/Api.php(30): App\Models\Engine->cronstart()
 2 SYSTEMPATH/CodeIgniter.php(896): App\Controllers\Api->postbillpayment()
 3 SYSTEMPATH/CodeIgniter.php(466): CodeIgniter\CodeIgniter->runController()
 4 SYSTEMPATH/CodeIgniter.php(349): CodeIgniter\CodeIgniter->handleRequest()
 5 FCPATH/index.php(57): CodeIgniter\CodeIgniter->run()
CRITICAL - 2024-08-07 21:36:36 --> Call to undefined method CodeIgniter\Database\MySQLi\Result::result_array()
in APPPATH/Models/Engine.php on line 343.
 1 APPPATH/Controllers/Api.php(30): App\Models\Engine->cronstart()
 2 SYSTEMPATH/CodeIgniter.php(896): App\Controllers\Api->postbillpayment()
 3 SYSTEMPATH/CodeIgniter.php(466): CodeIgniter\CodeIgniter->runController()
 4 SYSTEMPATH/CodeIgniter.php(349): CodeIgniter\CodeIgniter->handleRequest()
 5 FCPATH/index.php(57): CodeIgniter\CodeIgniter->run()
CRITICAL - 2024-08-07 21:36:41 --> Call to undefined method CodeIgniter\Database\MySQLi\Result::result_array()
in APPPATH/Models/Engine.php on line 343.
 1 APPPATH/Controllers/Api.php(30): App\Models\Engine->cronstart()
 2 SYSTEMPATH/CodeIgniter.php(896): App\Controllers\Api->postbillpayment()
 3 SYSTEMPATH/CodeIgniter.php(466): CodeIgniter\CodeIgniter->runController()
 4 SYSTEMPATH/CodeIgniter.php(349): CodeIgniter\CodeIgniter->handleRequest()
 5 FCPATH/index.php(57): CodeIgniter\CodeIgniter->run()
CRITICAL - 2024-08-07 21:36:46 --> Call to undefined method CodeIgniter\Database\MySQLi\Result::result_array()
in APPPATH/Models/Engine.php on line 343.
 1 APPPATH/Controllers/Api.php(30): App\Models\Engine->cronstart()
 2 SYSTEMPATH/CodeIgniter.php(896): App\Controllers\Api->postbillpayment()
 3 SYSTEMPATH/CodeIgniter.php(466): CodeIgniter\CodeIgniter->runController()
 4 SYSTEMPATH/CodeIgniter.php(349): CodeIgniter\CodeIgniter->handleRequest()
 5 FCPATH/index.php(57): CodeIgniter\CodeIgniter->run()
CRITICAL - 2024-08-07 21:36:51 --> You must set the database table to be used with your query.
in SYSTEMPATH/Database/BaseConnection.php on line 874.
 1 SYSTEMPATH/Model.php(586): CodeIgniter\Database\BaseConnection->table()
 2 SYSTEMPATH/Model.php(734): CodeIgniter\Model->builder()
 3 APPPATH/Models/Engine.php(348): CodeIgniter\Model->__get()
 4 APPPATH/Controllers/Api.php(30): App\Models\Engine->cronstart()
 5 SYSTEMPATH/CodeIgniter.php(896): App\Controllers\Api->postbillpayment()
 6 SYSTEMPATH/CodeIgniter.php(466): CodeIgniter\CodeIgniter->runController()
 7 SYSTEMPATH/CodeIgniter.php(349): CodeIgniter\CodeIgniter->handleRequest()
 8 FCPATH/index.php(57): CodeIgniter\CodeIgniter->run()
CRITICAL - 2024-08-07 21:36:53 --> You must set the database table to be used with your query.
in SYSTEMPATH/Database/BaseConnection.php on line 874.
 1 SYSTEMPATH/Model.php(586): CodeIgniter\Database\BaseConnection->table()
 2 SYSTEMPATH/Model.php(734): CodeIgniter\Model->builder()
 3 APPPATH/Models/Engine.php(348): CodeIgniter\Model->__get()
 4 APPPATH/Controllers/Api.php(30): App\Models\Engine->cronstart()
 5 SYSTEMPATH/CodeIgniter.php(896): App\Controllers\Api->postbillpayment()
 6 SYSTEMPATH/CodeIgniter.php(466): CodeIgniter\CodeIgniter->runController()
 7 SYSTEMPATH/CodeIgniter.php(349): CodeIgniter\CodeIgniter->handleRequest()
 8 FCPATH/index.php(57): CodeIgniter\CodeIgniter->run()
CRITICAL - 2024-08-07 21:36:56 --> You must set the database table to be used with your query.
in SYSTEMPATH/Database/BaseConnection.php on line 874.
 1 SYSTEMPATH/Model.php(586): CodeIgniter\Database\BaseConnection->table()
 2 SYSTEMPATH/Model.php(734): CodeIgniter\Model->builder()
 3 APPPATH/Models/Engine.php(348): CodeIgniter\Model->__get()
 4 APPPATH/Controllers/Api.php(30): App\Models\Engine->cronstart()
 5 SYSTEMPATH/CodeIgniter.php(896): App\Controllers\Api->postbillpayment()
 6 SYSTEMPATH/CodeIgniter.php(466): CodeIgniter\CodeIgniter->runController()
 7 SYSTEMPATH/CodeIgniter.php(349): CodeIgniter\CodeIgniter->handleRequest()
 8 FCPATH/index.php(57): CodeIgniter\CodeIgniter->run()
CRITICAL - 2024-08-07 21:37:01 --> You must set the database table to be used with your query.
in SYSTEMPATH/Database/BaseConnection.php on line 874.
 1 SYSTEMPATH/Model.php(586): CodeIgniter\Database\BaseConnection->table()
 2 SYSTEMPATH/Model.php(734): CodeIgniter\Model->builder()
 3 APPPATH/Models/Engine.php(348): CodeIgniter\Model->__get()
 4 APPPATH/Controllers/Api.php(30): App\Models\Engine->cronstart()
 5 SYSTEMPATH/CodeIgniter.php(896): App\Controllers\Api->postbillpayment()
 6 SYSTEMPATH/CodeIgniter.php(466): CodeIgniter\CodeIgniter->runController()
 7 SYSTEMPATH/CodeIgniter.php(349): CodeIgniter\CodeIgniter->handleRequest()
 8 FCPATH/index.php(57): CodeIgniter\CodeIgniter->run()
CRITICAL - 2024-08-07 21:37:01 --> You must set the database table to be used with your query.
in SYSTEMPATH/Database/BaseConnection.php on line 874.
 1 SYSTEMPATH/Model.php(586): CodeIgniter\Database\BaseConnection->table()
 2 SYSTEMPATH/Model.php(734): CodeIgniter\Model->builder()
 3 APPPATH/Models/Engine.php(348): CodeIgniter\Model->__get()
 4 APPPATH/Controllers/Api.php(30): App\Models\Engine->cronstart()
 5 SYSTEMPATH/CodeIgniter.php(896): App\Controllers\Api->postbillpayment()
 6 SYSTEMPATH/CodeIgniter.php(466): CodeIgniter\CodeIgniter->runController()
 7 SYSTEMPATH/CodeIgniter.php(349): CodeIgniter\CodeIgniter->handleRequest()
 8 FCPATH/index.php(57): CodeIgniter\CodeIgniter->run()
CRITICAL - 2024-08-07 21:37:06 --> You must set the database table to be used with your query.
in SYSTEMPATH/Database/BaseConnection.php on line 874.
 1 SYSTEMPATH/Model.php(586): CodeIgniter\Database\BaseConnection->table()
 2 SYSTEMPATH/Model.php(734): CodeIgniter\Model->builder()
 3 APPPATH/Models/Engine.php(348): CodeIgniter\Model->__get()
 4 APPPATH/Controllers/Api.php(30): App\Models\Engine->cronstart()
 5 SYSTEMPATH/CodeIgniter.php(896): App\Controllers\Api->postbillpayment()
 6 SYSTEMPATH/CodeIgniter.php(466): CodeIgniter\CodeIgniter->runController()
 7 SYSTEMPATH/CodeIgniter.php(349): CodeIgniter\CodeIgniter->handleRequest()
 8 FCPATH/index.php(57): CodeIgniter\CodeIgniter->run()
CRITICAL - 2024-08-07 21:37:11 --> You must set the database table to be used with your query.
in SYSTEMPATH/Database/BaseConnection.php on line 874.
 1 SYSTEMPATH/Model.php(586): CodeIgniter\Database\BaseConnection->table()
 2 SYSTEMPATH/Model.php(734): CodeIgniter\Model->builder()
 3 APPPATH/Models/Engine.php(348): CodeIgniter\Model->__get()
 4 APPPATH/Controllers/Api.php(30): App\Models\Engine->cronstart()
 5 SYSTEMPATH/CodeIgniter.php(896): App\Controllers\Api->postbillpayment()
 6 SYSTEMPATH/CodeIgniter.php(466): CodeIgniter\CodeIgniter->runController()
 7 SYSTEMPATH/CodeIgniter.php(349): CodeIgniter\CodeIgniter->handleRequest()
 8 FCPATH/index.php(57): CodeIgniter\CodeIgniter->run()
CRITICAL - 2024-08-07 21:37:16 --> You must set the database table to be used with your query.
in SYSTEMPATH/Database/BaseConnection.php on line 874.
 1 SYSTEMPATH/Model.php(586): CodeIgniter\Database\BaseConnection->table()
 2 SYSTEMPATH/Model.php(734): CodeIgniter\Model->builder()
 3 APPPATH/Models/Engine.php(348): CodeIgniter\Model->__get()
 4 APPPATH/Controllers/Api.php(30): App\Models\Engine->cronstart()
 5 SYSTEMPATH/CodeIgniter.php(896): App\Controllers\Api->postbillpayment()
 6 SYSTEMPATH/CodeIgniter.php(466): CodeIgniter\CodeIgniter->runController()
 7 SYSTEMPATH/CodeIgniter.php(349): CodeIgniter\CodeIgniter->handleRequest()
 8 FCPATH/index.php(57): CodeIgniter\CodeIgniter->run()
CRITICAL - 2024-08-07 21:37:21 --> You must set the database table to be used with your query.
in SYSTEMPATH/Database/BaseConnection.php on line 874.
 1 SYSTEMPATH/Model.php(586): CodeIgniter\Database\BaseConnection->table()
 2 SYSTEMPATH/Model.php(734): CodeIgniter\Model->builder()
 3 APPPATH/Models/Engine.php(348): CodeIgniter\Model->__get()
 4 APPPATH/Controllers/Api.php(30): App\Models\Engine->cronstart()
 5 SYSTEMPATH/CodeIgniter.php(896): App\Controllers\Api->postbillpayment()
 6 SYSTEMPATH/CodeIgniter.php(466): CodeIgniter\CodeIgniter->runController()
 7 SYSTEMPATH/CodeIgniter.php(349): CodeIgniter\CodeIgniter->handleRequest()
 8 FCPATH/index.php(57): CodeIgniter\CodeIgniter->run()
CRITICAL - 2024-08-07 21:37:26 --> You must set the database table to be used with your query.
in SYSTEMPATH/Database/BaseConnection.php on line 874.
 1 SYSTEMPATH/Model.php(586): CodeIgniter\Database\BaseConnection->table()
 2 SYSTEMPATH/Model.php(734): CodeIgniter\Model->builder()
 3 APPPATH/Models/Engine.php(348): CodeIgniter\Model->__get()
 4 APPPATH/Controllers/Api.php(30): App\Models\Engine->cronstart()
 5 SYSTEMPATH/CodeIgniter.php(896): App\Controllers\Api->postbillpayment()
 6 SYSTEMPATH/CodeIgniter.php(466): CodeIgniter\CodeIgniter->runController()
 7 SYSTEMPATH/CodeIgniter.php(349): CodeIgniter\CodeIgniter->handleRequest()
 8 FCPATH/index.php(57): CodeIgniter\CodeIgniter->run()
CRITICAL - 2024-08-07 21:37:31 --> You must set the database table to be used with your query.
in SYSTEMPATH/Database/BaseConnection.php on line 874.
 1 SYSTEMPATH/Model.php(586): CodeIgniter\Database\BaseConnection->table()
 2 SYSTEMPATH/Model.php(734): CodeIgniter\Model->builder()
 3 APPPATH/Models/Engine.php(348): CodeIgniter\Model->__get()
 4 APPPATH/Controllers/Api.php(30): App\Models\Engine->cronstart()
 5 SYSTEMPATH/CodeIgniter.php(896): App\Controllers\Api->postbillpayment()
 6 SYSTEMPATH/CodeIgniter.php(466): CodeIgniter\CodeIgniter->runController()
 7 SYSTEMPATH/CodeIgniter.php(349): CodeIgniter\CodeIgniter->handleRequest()
 8 FCPATH/index.php(57): CodeIgniter\CodeIgniter->run()
CRITICAL - 2024-08-07 21:37:31 --> You must set the database table to be used with your query.
in SYSTEMPATH/Database/BaseConnection.php on line 874.
 1 SYSTEMPATH/Model.php(586): CodeIgniter\Database\BaseConnection->table()
 2 SYSTEMPATH/Model.php(734): CodeIgniter\Model->builder()
 3 APPPATH/Models/Engine.php(348): CodeIgniter\Model->__get()
 4 APPPATH/Controllers/Api.php(30): App\Models\Engine->cronstart()
 5 SYSTEMPATH/CodeIgniter.php(896): App\Controllers\Api->postbillpayment()
 6 SYSTEMPATH/CodeIgniter.php(466): CodeIgniter\CodeIgniter->runController()
 7 SYSTEMPATH/CodeIgniter.php(349): CodeIgniter\CodeIgniter->handleRequest()
 8 FCPATH/index.php(57): CodeIgniter\CodeIgniter->run()
CRITICAL - 2024-08-07 21:37:36 --> You must set the database table to be used with your query.
in SYSTEMPATH/Database/BaseConnection.php on line 874.
 1 SYSTEMPATH/Model.php(586): CodeIgniter\Database\BaseConnection->table()
 2 SYSTEMPATH/Model.php(734): CodeIgniter\Model->builder()
 3 APPPATH/Models/Engine.php(348): CodeIgniter\Model->__get()
 4 APPPATH/Controllers/Api.php(30): App\Models\Engine->cronstart()
 5 SYSTEMPATH/CodeIgniter.php(896): App\Controllers\Api->postbillpayment()
 6 SYSTEMPATH/CodeIgniter.php(466): CodeIgniter\CodeIgniter->runController()
 7 SYSTEMPATH/CodeIgniter.php(349): CodeIgniter\CodeIgniter->handleRequest()
 8 FCPATH/index.php(57): CodeIgniter\CodeIgniter->run()
CRITICAL - 2024-08-07 21:37:41 --> You must set the database table to be used with your query.
in SYSTEMPATH/Database/BaseConnection.php on line 874.
 1 SYSTEMPATH/Model.php(586): CodeIgniter\Database\BaseConnection->table()
 2 SYSTEMPATH/Model.php(734): CodeIgniter\Model->builder()
 3 APPPATH/Models/Engine.php(348): CodeIgniter\Model->__get()
 4 APPPATH/Controllers/Api.php(30): App\Models\Engine->cronstart()
 5 SYSTEMPATH/CodeIgniter.php(896): App\Controllers\Api->postbillpayment()
 6 SYSTEMPATH/CodeIgniter.php(466): CodeIgniter\CodeIgniter->runController()
 7 SYSTEMPATH/CodeIgniter.php(349): CodeIgniter\CodeIgniter->handleRequest()
 8 FCPATH/index.php(57): CodeIgniter\CodeIgniter->run()
CRITICAL - 2024-08-07 21:37:46 --> You must set the database table to be used with your query.
in SYSTEMPATH/Database/BaseConnection.php on line 874.
 1 SYSTEMPATH/Model.php(586): CodeIgniter\Database\BaseConnection->table()
 2 SYSTEMPATH/Model.php(734): CodeIgniter\Model->builder()
 3 APPPATH/Models/Engine.php(348): CodeIgniter\Model->__get()
 4 APPPATH/Controllers/Api.php(30): App\Models\Engine->cronstart()
 5 SYSTEMPATH/CodeIgniter.php(896): App\Controllers\Api->postbillpayment()
 6 SYSTEMPATH/CodeIgniter.php(466): CodeIgniter\CodeIgniter->runController()
 7 SYSTEMPATH/CodeIgniter.php(349): CodeIgniter\CodeIgniter->handleRequest()
 8 FCPATH/index.php(57): CodeIgniter\CodeIgniter->run()
CRITICAL - 2024-08-07 21:37:51 --> You must set the database table to be used with your query.
in SYSTEMPATH/Database/BaseConnection.php on line 874.
 1 SYSTEMPATH/Model.php(586): CodeIgniter\Database\BaseConnection->table()
 2 SYSTEMPATH/Model.php(734): CodeIgniter\Model->builder()
 3 APPPATH/Models/Engine.php(348): CodeIgniter\Model->__get()
 4 APPPATH/Controllers/Api.php(30): App\Models\Engine->cronstart()
 5 SYSTEMPATH/CodeIgniter.php(896): App\Controllers\Api->postbillpayment()
 6 SYSTEMPATH/CodeIgniter.php(466): CodeIgniter\CodeIgniter->runController()
 7 SYSTEMPATH/CodeIgniter.php(349): CodeIgniter\CodeIgniter->handleRequest()
 8 FCPATH/index.php(57): CodeIgniter\CodeIgniter->run()
CRITICAL - 2024-08-07 21:37:56 --> You must set the database table to be used with your query.
in SYSTEMPATH/Database/BaseConnection.php on line 874.
 1 SYSTEMPATH/Model.php(586): CodeIgniter\Database\BaseConnection->table()
 2 SYSTEMPATH/Model.php(734): CodeIgniter\Model->builder()
 3 APPPATH/Models/Engine.php(348): CodeIgniter\Model->__get()
 4 APPPATH/Controllers/Api.php(30): App\Models\Engine->cronstart()
 5 SYSTEMPATH/CodeIgniter.php(896): App\Controllers\Api->postbillpayment()
 6 SYSTEMPATH/CodeIgniter.php(466): CodeIgniter\CodeIgniter->runController()
 7 SYSTEMPATH/CodeIgniter.php(349): CodeIgniter\CodeIgniter->handleRequest()
 8 FCPATH/index.php(57): CodeIgniter\CodeIgniter->run()
CRITICAL - 2024-08-07 21:38:01 --> You must set the database table to be used with your query.
in SYSTEMPATH/Database/BaseConnection.php on line 874.
 1 SYSTEMPATH/Model.php(586): CodeIgniter\Database\BaseConnection->table()
 2 SYSTEMPATH/Model.php(734): CodeIgniter\Model->builder()
 3 APPPATH/Models/Engine.php(348): CodeIgniter\Model->__get()
 4 APPPATH/Controllers/Api.php(30): App\Models\Engine->cronstart()
 5 SYSTEMPATH/CodeIgniter.php(896): App\Controllers\Api->postbillpayment()
 6 SYSTEMPATH/CodeIgniter.php(466): CodeIgniter\CodeIgniter->runController()
 7 SYSTEMPATH/CodeIgniter.php(349): CodeIgniter\CodeIgniter->handleRequest()
 8 FCPATH/index.php(57): CodeIgniter\CodeIgniter->run()
CRITICAL - 2024-08-07 21:38:01 --> You must set the database table to be used with your query.
in SYSTEMPATH/Database/BaseConnection.php on line 874.
 1 SYSTEMPATH/Model.php(586): CodeIgniter\Database\BaseConnection->table()
 2 SYSTEMPATH/Model.php(734): CodeIgniter\Model->builder()
 3 APPPATH/Models/Engine.php(348): CodeIgniter\Model->__get()
 4 APPPATH/Controllers/Api.php(30): App\Models\Engine->cronstart()
 5 SYSTEMPATH/CodeIgniter.php(896): App\Controllers\Api->postbillpayment()
 6 SYSTEMPATH/CodeIgniter.php(466): CodeIgniter\CodeIgniter->runController()
 7 SYSTEMPATH/CodeIgniter.php(349): CodeIgniter\CodeIgniter->handleRequest()
 8 FCPATH/index.php(57): CodeIgniter\CodeIgniter->run()
CRITICAL - 2024-08-07 21:38:06 --> You must set the database table to be used with your query.
in SYSTEMPATH/Database/BaseConnection.php on line 874.
 1 SYSTEMPATH/Model.php(586): CodeIgniter\Database\BaseConnection->table()
 2 SYSTEMPATH/Model.php(734): CodeIgniter\Model->builder()
 3 APPPATH/Models/Engine.php(348): CodeIgniter\Model->__get()
 4 APPPATH/Controllers/Api.php(30): App\Models\Engine->cronstart()
 5 SYSTEMPATH/CodeIgniter.php(896): App\Controllers\Api->postbillpayment()
 6 SYSTEMPATH/CodeIgniter.php(466): CodeIgniter\CodeIgniter->runController()
 7 SYSTEMPATH/CodeIgniter.php(349): CodeIgniter\CodeIgniter->handleRequest()
 8 FCPATH/index.php(57): CodeIgniter\CodeIgniter->run()
CRITICAL - 2024-08-07 21:38:11 --> You must set the database table to be used with your query.
in SYSTEMPATH/Database/BaseConnection.php on line 874.
 1 SYSTEMPATH/Model.php(586): CodeIgniter\Database\BaseConnection->table()
 2 SYSTEMPATH/Model.php(734): CodeIgniter\Model->builder()
 3 APPPATH/Models/Engine.php(348): CodeIgniter\Model->__get()
 4 APPPATH/Controllers/Api.php(30): App\Models\Engine->cronstart()
 5 SYSTEMPATH/CodeIgniter.php(896): App\Controllers\Api->postbillpayment()
 6 SYSTEMPATH/CodeIgniter.php(466): CodeIgniter\CodeIgniter->runController()
 7 SYSTEMPATH/CodeIgniter.php(349): CodeIgniter\CodeIgniter->handleRequest()
 8 FCPATH/index.php(57): CodeIgniter\CodeIgniter->run()
CRITICAL - 2024-08-07 21:38:16 --> You must set the database table to be used with your query.
in SYSTEMPATH/Database/BaseConnection.php on line 874.
 1 SYSTEMPATH/Model.php(586): CodeIgniter\Database\BaseConnection->table()
 2 SYSTEMPATH/Model.php(734): CodeIgniter\Model->builder()
 3 APPPATH/Models/Engine.php(348): CodeIgniter\Model->__get()
 4 APPPATH/Controllers/Api.php(30): App\Models\Engine->cronstart()
 5 SYSTEMPATH/CodeIgniter.php(896): App\Controllers\Api->postbillpayment()
 6 SYSTEMPATH/CodeIgniter.php(466): CodeIgniter\CodeIgniter->runController()
 7 SYSTEMPATH/CodeIgniter.php(349): CodeIgniter\CodeIgniter->handleRequest()
 8 FCPATH/index.php(57): CodeIgniter\CodeIgniter->run()
CRITICAL - 2024-08-07 21:38:21 --> You must set the database table to be used with your query.
in SYSTEMPATH/Database/BaseConnection.php on line 874.
 1 SYSTEMPATH/Model.php(586): CodeIgniter\Database\BaseConnection->table()
 2 SYSTEMPATH/Model.php(734): CodeIgniter\Model->builder()
 3 APPPATH/Models/Engine.php(348): CodeIgniter\Model->__get()
 4 APPPATH/Controllers/Api.php(30): App\Models\Engine->cronstart()
 5 SYSTEMPATH/CodeIgniter.php(896): App\Controllers\Api->postbillpayment()
 6 SYSTEMPATH/CodeIgniter.php(466): CodeIgniter\CodeIgniter->runController()
 7 SYSTEMPATH/CodeIgniter.php(349): CodeIgniter\CodeIgniter->handleRequest()
 8 FCPATH/index.php(57): CodeIgniter\CodeIgniter->run()
CRITICAL - 2024-08-07 21:38:26 --> You must set the database table to be used with your query.
in SYSTEMPATH/Database/BaseConnection.php on line 874.
 1 SYSTEMPATH/Model.php(586): CodeIgniter\Database\BaseConnection->table()
 2 SYSTEMPATH/Model.php(734): CodeIgniter\Model->builder()
 3 APPPATH/Models/Engine.php(348): CodeIgniter\Model->__get()
 4 APPPATH/Controllers/Api.php(30): App\Models\Engine->cronstart()
 5 SYSTEMPATH/CodeIgniter.php(896): App\Controllers\Api->postbillpayment()
 6 SYSTEMPATH/CodeIgniter.php(466): CodeIgniter\CodeIgniter->runController()
 7 SYSTEMPATH/CodeIgniter.php(349): CodeIgniter\CodeIgniter->handleRequest()
 8 FCPATH/index.php(57): CodeIgniter\CodeIgniter->run()
CRITICAL - 2024-08-07 21:38:31 --> You must set the database table to be used with your query.
in SYSTEMPATH/Database/BaseConnection.php on line 874.
 1 SYSTEMPATH/Model.php(586): CodeIgniter\Database\BaseConnection->table()
 2 SYSTEMPATH/Model.php(734): CodeIgniter\Model->builder()
 3 APPPATH/Models/Engine.php(274): CodeIgniter\Model->__get()
 4 APPPATH/Controllers/Api.php(31): App\Models\Engine->doSynchBillPaymentsEHMS()
 5 SYSTEMPATH/CodeIgniter.php(896): App\Controllers\Api->postbillpayment()
 6 SYSTEMPATH/CodeIgniter.php(466): CodeIgniter\CodeIgniter->runController()
 7 SYSTEMPATH/CodeIgniter.php(349): CodeIgniter\CodeIgniter->handleRequest()
 8 FCPATH/index.php(57): CodeIgniter\CodeIgniter->run()
CRITICAL - 2024-08-07 21:38:31 --> You must set the database table to be used with your query.
in SYSTEMPATH/Database/BaseConnection.php on line 874.
 1 SYSTEMPATH/Model.php(586): CodeIgniter\Database\BaseConnection->table()
 2 SYSTEMPATH/Model.php(734): CodeIgniter\Model->builder()
 3 APPPATH/Models/Engine.php(274): CodeIgniter\Model->__get()
 4 APPPATH/Controllers/Api.php(31): App\Models\Engine->doSynchBillPaymentsEHMS()
 5 SYSTEMPATH/CodeIgniter.php(896): App\Controllers\Api->postbillpayment()
 6 SYSTEMPATH/CodeIgniter.php(466): CodeIgniter\CodeIgniter->runController()
 7 SYSTEMPATH/CodeIgniter.php(349): CodeIgniter\CodeIgniter->handleRequest()
 8 FCPATH/index.php(57): CodeIgniter\CodeIgniter->run()
CRITICAL - 2024-08-07 21:38:34 --> You must set the database table to be used with your query.
in SYSTEMPATH/Database/BaseConnection.php on line 874.
 1 SYSTEMPATH/Model.php(586): CodeIgniter\Database\BaseConnection->table()
 2 SYSTEMPATH/Model.php(734): CodeIgniter\Model->builder()
 3 APPPATH/Models/Engine.php(274): CodeIgniter\Model->__get()
 4 APPPATH/Controllers/Api.php(31): App\Models\Engine->doSynchBillPaymentsEHMS()
 5 SYSTEMPATH/CodeIgniter.php(896): App\Controllers\Api->postbillpayment()
 6 SYSTEMPATH/CodeIgniter.php(466): CodeIgniter\CodeIgniter->runController()
 7 SYSTEMPATH/CodeIgniter.php(349): CodeIgniter\CodeIgniter->handleRequest()
 8 FCPATH/index.php(57): CodeIgniter\CodeIgniter->run()
CRITICAL - 2024-08-07 21:38:36 --> You must set the database table to be used with your query.
in SYSTEMPATH/Database/BaseConnection.php on line 874.
 1 SYSTEMPATH/Model.php(586): CodeIgniter\Database\BaseConnection->table()
 2 SYSTEMPATH/Model.php(734): CodeIgniter\Model->builder()
 3 APPPATH/Models/Engine.php(274): CodeIgniter\Model->__get()
 4 APPPATH/Controllers/Api.php(31): App\Models\Engine->doSynchBillPaymentsEHMS()
 5 SYSTEMPATH/CodeIgniter.php(896): App\Controllers\Api->postbillpayment()
 6 SYSTEMPATH/CodeIgniter.php(466): CodeIgniter\CodeIgniter->runController()
 7 SYSTEMPATH/CodeIgniter.php(349): CodeIgniter\CodeIgniter->handleRequest()
 8 FCPATH/index.php(57): CodeIgniter\CodeIgniter->run()
CRITICAL - 2024-08-07 21:38:41 --> You must set the database table to be used with your query.
in SYSTEMPATH/Database/BaseConnection.php on line 874.
 1 SYSTEMPATH/Model.php(586): CodeIgniter\Database\BaseConnection->table()
 2 SYSTEMPATH/Model.php(734): CodeIgniter\Model->builder()
 3 APPPATH/Models/Engine.php(274): CodeIgniter\Model->__get()
 4 APPPATH/Controllers/Api.php(31): App\Models\Engine->doSynchBillPaymentsEHMS()
 5 SYSTEMPATH/CodeIgniter.php(896): App\Controllers\Api->postbillpayment()
 6 SYSTEMPATH/CodeIgniter.php(466): CodeIgniter\CodeIgniter->runController()
 7 SYSTEMPATH/CodeIgniter.php(349): CodeIgniter\CodeIgniter->handleRequest()
 8 FCPATH/index.php(57): CodeIgniter\CodeIgniter->run()
CRITICAL - 2024-08-07 21:38:46 --> You must set the database table to be used with your query.
in SYSTEMPATH/Database/BaseConnection.php on line 874.
 1 SYSTEMPATH/Model.php(586): CodeIgniter\Database\BaseConnection->table()
 2 SYSTEMPATH/Model.php(734): CodeIgniter\Model->builder()
 3 APPPATH/Models/Engine.php(274): CodeIgniter\Model->__get()
 4 APPPATH/Controllers/Api.php(31): App\Models\Engine->doSynchBillPaymentsEHMS()
 5 SYSTEMPATH/CodeIgniter.php(896): App\Controllers\Api->postbillpayment()
 6 SYSTEMPATH/CodeIgniter.php(466): CodeIgniter\CodeIgniter->runController()
 7 SYSTEMPATH/CodeIgniter.php(349): CodeIgniter\CodeIgniter->handleRequest()
 8 FCPATH/index.php(57): CodeIgniter\CodeIgniter->run()
CRITICAL - 2024-08-07 21:38:51 --> You must set the database table to be used with your query.
in SYSTEMPATH/Database/BaseConnection.php on line 874.
 1 SYSTEMPATH/Model.php(586): CodeIgniter\Database\BaseConnection->table()
 2 SYSTEMPATH/Model.php(734): CodeIgniter\Model->builder()
 3 APPPATH/Models/Engine.php(274): CodeIgniter\Model->__get()
 4 APPPATH/Controllers/Api.php(31): App\Models\Engine->doSynchBillPaymentsEHMS()
 5 SYSTEMPATH/CodeIgniter.php(896): App\Controllers\Api->postbillpayment()
 6 SYSTEMPATH/CodeIgniter.php(466): CodeIgniter\CodeIgniter->runController()
 7 SYSTEMPATH/CodeIgniter.php(349): CodeIgniter\CodeIgniter->handleRequest()
 8 FCPATH/index.php(57): CodeIgniter\CodeIgniter->run()
CRITICAL - 2024-08-07 21:38:56 --> You must set the database table to be used with your query.
in SYSTEMPATH/Database/BaseConnection.php on line 874.
 1 SYSTEMPATH/Model.php(586): CodeIgniter\Database\BaseConnection->table()
 2 SYSTEMPATH/Model.php(734): CodeIgniter\Model->builder()
 3 APPPATH/Models/Engine.php(274): CodeIgniter\Model->__get()
 4 APPPATH/Controllers/Api.php(31): App\Models\Engine->doSynchBillPaymentsEHMS()
 5 SYSTEMPATH/CodeIgniter.php(896): App\Controllers\Api->postbillpayment()
 6 SYSTEMPATH/CodeIgniter.php(466): CodeIgniter\CodeIgniter->runController()
 7 SYSTEMPATH/CodeIgniter.php(349): CodeIgniter\CodeIgniter->handleRequest()
 8 FCPATH/index.php(57): CodeIgniter\CodeIgniter->run()
CRITICAL - 2024-08-07 21:39:01 --> You must set the database table to be used with your query.
in SYSTEMPATH/Database/BaseConnection.php on line 874.
 1 SYSTEMPATH/Model.php(586): CodeIgniter\Database\BaseConnection->table()
 2 SYSTEMPATH/Model.php(734): CodeIgniter\Model->builder()
 3 APPPATH/Models/Engine.php(274): CodeIgniter\Model->__get()
 4 APPPATH/Controllers/Api.php(31): App\Models\Engine->doSynchBillPaymentsEHMS()
 5 SYSTEMPATH/CodeIgniter.php(896): App\Controllers\Api->postbillpayment()
 6 SYSTEMPATH/CodeIgniter.php(466): CodeIgniter\CodeIgniter->runController()
 7 SYSTEMPATH/CodeIgniter.php(349): CodeIgniter\CodeIgniter->handleRequest()
 8 FCPATH/index.php(57): CodeIgniter\CodeIgniter->run()
CRITICAL - 2024-08-07 21:39:01 --> You must set the database table to be used with your query.
in SYSTEMPATH/Database/BaseConnection.php on line 874.
 1 SYSTEMPATH/Model.php(586): CodeIgniter\Database\BaseConnection->table()
 2 SYSTEMPATH/Model.php(734): CodeIgniter\Model->builder()
 3 APPPATH/Models/Engine.php(274): CodeIgniter\Model->__get()
 4 APPPATH/Controllers/Api.php(31): App\Models\Engine->doSynchBillPaymentsEHMS()
 5 SYSTEMPATH/CodeIgniter.php(896): App\Controllers\Api->postbillpayment()
 6 SYSTEMPATH/CodeIgniter.php(466): CodeIgniter\CodeIgniter->runController()
 7 SYSTEMPATH/CodeIgniter.php(349): CodeIgniter\CodeIgniter->handleRequest()
 8 FCPATH/index.php(57): CodeIgniter\CodeIgniter->run()
CRITICAL - 2024-08-07 21:39:06 --> You must set the database table to be used with your query.
in SYSTEMPATH/Database/BaseConnection.php on line 874.
 1 SYSTEMPATH/Model.php(586): CodeIgniter\Database\BaseConnection->table()
 2 SYSTEMPATH/Model.php(734): CodeIgniter\Model->builder()
 3 APPPATH/Models/Engine.php(274): CodeIgniter\Model->__get()
 4 APPPATH/Controllers/Api.php(31): App\Models\Engine->doSynchBillPaymentsEHMS()
 5 SYSTEMPATH/CodeIgniter.php(896): App\Controllers\Api->postbillpayment()
 6 SYSTEMPATH/CodeIgniter.php(466): CodeIgniter\CodeIgniter->runController()
 7 SYSTEMPATH/CodeIgniter.php(349): CodeIgniter\CodeIgniter->handleRequest()
 8 FCPATH/index.php(57): CodeIgniter\CodeIgniter->run()
CRITICAL - 2024-08-07 21:39:11 --> You must set the database table to be used with your query.
in SYSTEMPATH/Database/BaseConnection.php on line 874.
 1 SYSTEMPATH/Model.php(586): CodeIgniter\Database\BaseConnection->table()
 2 SYSTEMPATH/Model.php(734): CodeIgniter\Model->builder()
 3 APPPATH/Models/Engine.php(274): CodeIgniter\Model->__get()
 4 APPPATH/Controllers/Api.php(31): App\Models\Engine->doSynchBillPaymentsEHMS()
 5 SYSTEMPATH/CodeIgniter.php(896): App\Controllers\Api->postbillpayment()
 6 SYSTEMPATH/CodeIgniter.php(466): CodeIgniter\CodeIgniter->runController()
 7 SYSTEMPATH/CodeIgniter.php(349): CodeIgniter\CodeIgniter->handleRequest()
 8 FCPATH/index.php(57): CodeIgniter\CodeIgniter->run()
CRITICAL - 2024-08-07 21:39:16 --> You must set the database table to be used with your query.
in SYSTEMPATH/Database/BaseConnection.php on line 874.
 1 SYSTEMPATH/Model.php(586): CodeIgniter\Database\BaseConnection->table()
 2 SYSTEMPATH/Model.php(734): CodeIgniter\Model->builder()
 3 APPPATH/Models/Engine.php(274): CodeIgniter\Model->__get()
 4 APPPATH/Controllers/Api.php(31): App\Models\Engine->doSynchBillPaymentsEHMS()
 5 SYSTEMPATH/CodeIgniter.php(896): App\Controllers\Api->postbillpayment()
 6 SYSTEMPATH/CodeIgniter.php(466): CodeIgniter\CodeIgniter->runController()
 7 SYSTEMPATH/CodeIgniter.php(349): CodeIgniter\CodeIgniter->handleRequest()
 8 FCPATH/index.php(57): CodeIgniter\CodeIgniter->run()
CRITICAL - 2024-08-07 21:39:21 --> You must set the database table to be used with your query.
in SYSTEMPATH/Database/BaseConnection.php on line 874.
 1 SYSTEMPATH/Model.php(586): CodeIgniter\Database\BaseConnection->table()
 2 SYSTEMPATH/Model.php(734): CodeIgniter\Model->builder()
 3 APPPATH/Models/Engine.php(274): CodeIgniter\Model->__get()
 4 APPPATH/Controllers/Api.php(31): App\Models\Engine->doSynchBillPaymentsEHMS()
 5 SYSTEMPATH/CodeIgniter.php(896): App\Controllers\Api->postbillpayment()
 6 SYSTEMPATH/CodeIgniter.php(466): CodeIgniter\CodeIgniter->runController()
 7 SYSTEMPATH/CodeIgniter.php(349): CodeIgniter\CodeIgniter->handleRequest()
 8 FCPATH/index.php(57): CodeIgniter\CodeIgniter->run()
CRITICAL - 2024-08-07 21:39:26 --> You must set the database table to be used with your query.
in SYSTEMPATH/Database/BaseConnection.php on line 874.
 1 SYSTEMPATH/Model.php(586): CodeIgniter\Database\BaseConnection->table()
 2 SYSTEMPATH/Model.php(734): CodeIgniter\Model->builder()
 3 APPPATH/Models/Engine.php(348): CodeIgniter\Model->__get()
 4 APPPATH/Controllers/Api.php(30): App\Models\Engine->cronstart()
 5 SYSTEMPATH/CodeIgniter.php(896): App\Controllers\Api->postbillpayment()
 6 SYSTEMPATH/CodeIgniter.php(466): CodeIgniter\CodeIgniter->runController()
 7 SYSTEMPATH/CodeIgniter.php(349): CodeIgniter\CodeIgniter->handleRequest()
 8 FCPATH/index.php(57): CodeIgniter\CodeIgniter->run()
CRITICAL - 2024-08-07 21:39:30 --> You must set the database table to be used with your query.
in SYSTEMPATH/Database/BaseConnection.php on line 874.
 1 SYSTEMPATH/Model.php(586): CodeIgniter\Database\BaseConnection->table()
 2 SYSTEMPATH/Model.php(734): CodeIgniter\Model->builder()
 3 APPPATH/Models/Engine.php(348): CodeIgniter\Model->__get()
 4 APPPATH/Controllers/Api.php(30): App\Models\Engine->cronstart()
 5 SYSTEMPATH/CodeIgniter.php(896): App\Controllers\Api->postbillpayment()
 6 SYSTEMPATH/CodeIgniter.php(466): CodeIgniter\CodeIgniter->runController()
 7 SYSTEMPATH/CodeIgniter.php(349): CodeIgniter\CodeIgniter->handleRequest()
 8 FCPATH/index.php(57): CodeIgniter\CodeIgniter->run()
CRITICAL - 2024-08-07 21:39:31 --> You must set the database table to be used with your query.
in SYSTEMPATH/Database/BaseConnection.php on line 874.
 1 SYSTEMPATH/Model.php(586): CodeIgniter\Database\BaseConnection->table()
 2 SYSTEMPATH/Model.php(734): CodeIgniter\Model->builder()
 3 APPPATH/Models/Engine.php(348): CodeIgniter\Model->__get()
 4 APPPATH/Controllers/Api.php(30): App\Models\Engine->cronstart()
 5 SYSTEMPATH/CodeIgniter.php(896): App\Controllers\Api->postbillpayment()
 6 SYSTEMPATH/CodeIgniter.php(466): CodeIgniter\CodeIgniter->runController()
 7 SYSTEMPATH/CodeIgniter.php(349): CodeIgniter\CodeIgniter->handleRequest()
 8 FCPATH/index.php(57): CodeIgniter\CodeIgniter->run()
CRITICAL - 2024-08-07 21:39:31 --> You must set the database table to be used with your query.
in SYSTEMPATH/Database/BaseConnection.php on line 874.
 1 SYSTEMPATH/Model.php(586): CodeIgniter\Database\BaseConnection->table()
 2 SYSTEMPATH/Model.php(734): CodeIgniter\Model->builder()
 3 APPPATH/Models/Engine.php(348): CodeIgniter\Model->__get()
 4 APPPATH/Controllers/Api.php(30): App\Models\Engine->cronstart()
 5 SYSTEMPATH/CodeIgniter.php(896): App\Controllers\Api->postbillpayment()
 6 SYSTEMPATH/CodeIgniter.php(466): CodeIgniter\CodeIgniter->runController()
 7 SYSTEMPATH/CodeIgniter.php(349): CodeIgniter\CodeIgniter->handleRequest()
 8 FCPATH/index.php(57): CodeIgniter\CodeIgniter->run()
CRITICAL - 2024-08-07 21:39:36 --> You must set the database table to be used with your query.
in SYSTEMPATH/Database/BaseConnection.php on line 874.
 1 SYSTEMPATH/Model.php(586): CodeIgniter\Database\BaseConnection->table()
 2 SYSTEMPATH/Model.php(734): CodeIgniter\Model->builder()
 3 APPPATH/Models/Engine.php(348): CodeIgniter\Model->__get()
 4 APPPATH/Controllers/Api.php(30): App\Models\Engine->cronstart()
 5 SYSTEMPATH/CodeIgniter.php(896): App\Controllers\Api->postbillpayment()
 6 SYSTEMPATH/CodeIgniter.php(466): CodeIgniter\CodeIgniter->runController()
 7 SYSTEMPATH/CodeIgniter.php(349): CodeIgniter\CodeIgniter->handleRequest()
 8 FCPATH/index.php(57): CodeIgniter\CodeIgniter->run()
CRITICAL - 2024-08-07 21:39:41 --> You must set the database table to be used with your query.
in SYSTEMPATH/Database/BaseConnection.php on line 874.
 1 SYSTEMPATH/Model.php(586): CodeIgniter\Database\BaseConnection->table()
 2 SYSTEMPATH/Model.php(734): CodeIgniter\Model->builder()
 3 APPPATH/Models/Engine.php(348): CodeIgniter\Model->__get()
 4 APPPATH/Controllers/Api.php(30): App\Models\Engine->cronstart()
 5 SYSTEMPATH/CodeIgniter.php(896): App\Controllers\Api->postbillpayment()
 6 SYSTEMPATH/CodeIgniter.php(466): CodeIgniter\CodeIgniter->runController()
 7 SYSTEMPATH/CodeIgniter.php(349): CodeIgniter\CodeIgniter->handleRequest()
 8 FCPATH/index.php(57): CodeIgniter\CodeIgniter->run()
CRITICAL - 2024-08-07 21:39:46 --> You must set the database table to be used with your query.
in SYSTEMPATH/Database/BaseConnection.php on line 874.
 1 SYSTEMPATH/Model.php(586): CodeIgniter\Database\BaseConnection->table()
 2 SYSTEMPATH/Model.php(734): CodeIgniter\Model->builder()
 3 APPPATH/Models/Engine.php(348): CodeIgniter\Model->__get()
 4 APPPATH/Controllers/Api.php(30): App\Models\Engine->cronstart()
 5 SYSTEMPATH/CodeIgniter.php(896): App\Controllers\Api->postbillpayment()
 6 SYSTEMPATH/CodeIgniter.php(466): CodeIgniter\CodeIgniter->runController()
 7 SYSTEMPATH/CodeIgniter.php(349): CodeIgniter\CodeIgniter->handleRequest()
 8 FCPATH/index.php(57): CodeIgniter\CodeIgniter->run()
CRITICAL - 2024-08-07 21:39:51 --> You must set the database table to be used with your query.
in SYSTEMPATH/Database/BaseConnection.php on line 874.
 1 SYSTEMPATH/Model.php(586): CodeIgniter\Database\BaseConnection->table()
 2 SYSTEMPATH/Model.php(734): CodeIgniter\Model->builder()
 3 APPPATH/Models/Engine.php(348): CodeIgniter\Model->__get()
 4 APPPATH/Controllers/Api.php(30): App\Models\Engine->cronstart()
 5 SYSTEMPATH/CodeIgniter.php(896): App\Controllers\Api->postbillpayment()
 6 SYSTEMPATH/CodeIgniter.php(466): CodeIgniter\CodeIgniter->runController()
 7 SYSTEMPATH/CodeIgniter.php(349): CodeIgniter\CodeIgniter->handleRequest()
 8 FCPATH/index.php(57): CodeIgniter\CodeIgniter->run()
CRITICAL - 2024-08-07 21:39:56 --> You must set the database table to be used with your query.
in SYSTEMPATH/Database/BaseConnection.php on line 874.
 1 SYSTEMPATH/Model.php(586): CodeIgniter\Database\BaseConnection->table()
 2 SYSTEMPATH/Model.php(734): CodeIgniter\Model->builder()
 3 APPPATH/Models/Engine.php(348): CodeIgniter\Model->__get()
 4 APPPATH/Controllers/Api.php(30): App\Models\Engine->cronstart()
 5 SYSTEMPATH/CodeIgniter.php(896): App\Controllers\Api->postbillpayment()
 6 SYSTEMPATH/CodeIgniter.php(466): CodeIgniter\CodeIgniter->runController()
 7 SYSTEMPATH/CodeIgniter.php(349): CodeIgniter\CodeIgniter->handleRequest()
 8 FCPATH/index.php(57): CodeIgniter\CodeIgniter->run()
CRITICAL - 2024-08-07 21:40:01 --> You must set the database table to be used with your query.
in SYSTEMPATH/Database/BaseConnection.php on line 874.
 1 SYSTEMPATH/Model.php(586): CodeIgniter\Database\BaseConnection->table()
 2 SYSTEMPATH/Model.php(734): CodeIgniter\Model->builder()
 3 APPPATH/Models/Engine.php(348): CodeIgniter\Model->__get()
 4 APPPATH/Controllers/Api.php(30): App\Models\Engine->cronstart()
 5 SYSTEMPATH/CodeIgniter.php(896): App\Controllers\Api->postbillpayment()
 6 SYSTEMPATH/CodeIgniter.php(466): CodeIgniter\CodeIgniter->runController()
 7 SYSTEMPATH/CodeIgniter.php(349): CodeIgniter\CodeIgniter->handleRequest()
 8 FCPATH/index.php(57): CodeIgniter\CodeIgniter->run()
CRITICAL - 2024-08-07 21:40:01 --> You must set the database table to be used with your query.
in SYSTEMPATH/Database/BaseConnection.php on line 874.
 1 SYSTEMPATH/Model.php(586): CodeIgniter\Database\BaseConnection->table()
 2 SYSTEMPATH/Model.php(734): CodeIgniter\Model->builder()
 3 APPPATH/Models/Engine.php(348): CodeIgniter\Model->__get()
 4 APPPATH/Controllers/Api.php(30): App\Models\Engine->cronstart()
 5 SYSTEMPATH/CodeIgniter.php(896): App\Controllers\Api->postbillpayment()
 6 SYSTEMPATH/CodeIgniter.php(466): CodeIgniter\CodeIgniter->runController()
 7 SYSTEMPATH/CodeIgniter.php(349): CodeIgniter\CodeIgniter->handleRequest()
 8 FCPATH/index.php(57): CodeIgniter\CodeIgniter->run()
CRITICAL - 2024-08-07 21:40:06 --> You must set the database table to be used with your query.
in SYSTEMPATH/Database/BaseConnection.php on line 874.
 1 SYSTEMPATH/Model.php(586): CodeIgniter\Database\BaseConnection->table()
 2 SYSTEMPATH/Model.php(734): CodeIgniter\Model->builder()
 3 APPPATH/Models/Engine.php(348): CodeIgniter\Model->__get()
 4 APPPATH/Controllers/Api.php(30): App\Models\Engine->cronstart()
 5 SYSTEMPATH/CodeIgniter.php(896): App\Controllers\Api->postbillpayment()
 6 SYSTEMPATH/CodeIgniter.php(466): CodeIgniter\CodeIgniter->runController()
 7 SYSTEMPATH/CodeIgniter.php(349): CodeIgniter\CodeIgniter->handleRequest()
 8 FCPATH/index.php(57): CodeIgniter\CodeIgniter->run()
CRITICAL - 2024-08-07 21:40:11 --> You must set the database table to be used with your query.
in SYSTEMPATH/Database/BaseConnection.php on line 874.
 1 SYSTEMPATH/Model.php(586): CodeIgniter\Database\BaseConnection->table()
 2 SYSTEMPATH/Model.php(734): CodeIgniter\Model->builder()
 3 APPPATH/Models/Engine.php(348): CodeIgniter\Model->__get()
 4 APPPATH/Controllers/Api.php(30): App\Models\Engine->cronstart()
 5 SYSTEMPATH/CodeIgniter.php(896): App\Controllers\Api->postbillpayment()
 6 SYSTEMPATH/CodeIgniter.php(466): CodeIgniter\CodeIgniter->runController()
 7 SYSTEMPATH/CodeIgniter.php(349): CodeIgniter\CodeIgniter->handleRequest()
 8 FCPATH/index.php(57): CodeIgniter\CodeIgniter->run()
CRITICAL - 2024-08-07 21:40:16 --> You must set the database table to be used with your query.
in SYSTEMPATH/Database/BaseConnection.php on line 874.
 1 SYSTEMPATH/Model.php(586): CodeIgniter\Database\BaseConnection->table()
 2 SYSTEMPATH/Model.php(734): CodeIgniter\Model->builder()
 3 APPPATH/Models/Engine.php(348): CodeIgniter\Model->__get()
 4 APPPATH/Controllers/Api.php(30): App\Models\Engine->cronstart()
 5 SYSTEMPATH/CodeIgniter.php(896): App\Controllers\Api->postbillpayment()
 6 SYSTEMPATH/CodeIgniter.php(466): CodeIgniter\CodeIgniter->runController()
 7 SYSTEMPATH/CodeIgniter.php(349): CodeIgniter\CodeIgniter->handleRequest()
 8 FCPATH/index.php(57): CodeIgniter\CodeIgniter->run()
CRITICAL - 2024-08-07 21:40:21 --> You must set the database table to be used with your query.
in SYSTEMPATH/Database/BaseConnection.php on line 874.
 1 SYSTEMPATH/Model.php(586): CodeIgniter\Database\BaseConnection->table()
 2 SYSTEMPATH/Model.php(734): CodeIgniter\Model->builder()
 3 APPPATH/Models/Engine.php(348): CodeIgniter\Model->__get()
 4 APPPATH/Controllers/Api.php(30): App\Models\Engine->cronstart()
 5 SYSTEMPATH/CodeIgniter.php(896): App\Controllers\Api->postbillpayment()
 6 SYSTEMPATH/CodeIgniter.php(466): CodeIgniter\CodeIgniter->runController()
 7 SYSTEMPATH/CodeIgniter.php(349): CodeIgniter\CodeIgniter->handleRequest()
 8 FCPATH/index.php(57): CodeIgniter\CodeIgniter->run()
CRITICAL - 2024-08-07 21:40:26 --> You must set the database table to be used with your query.
in SYSTEMPATH/Database/BaseConnection.php on line 874.
 1 SYSTEMPATH/Model.php(586): CodeIgniter\Database\BaseConnection->table()
 2 SYSTEMPATH/Model.php(734): CodeIgniter\Model->builder()
 3 APPPATH/Models/Engine.php(348): CodeIgniter\Model->__get()
 4 APPPATH/Controllers/Api.php(30): App\Models\Engine->cronstart()
 5 SYSTEMPATH/CodeIgniter.php(896): App\Controllers\Api->postbillpayment()
 6 SYSTEMPATH/CodeIgniter.php(466): CodeIgniter\CodeIgniter->runController()
 7 SYSTEMPATH/CodeIgniter.php(349): CodeIgniter\CodeIgniter->handleRequest()
 8 FCPATH/index.php(57): CodeIgniter\CodeIgniter->run()
CRITICAL - 2024-08-07 21:40:31 --> You must set the database table to be used with your query.
in SYSTEMPATH/Database/BaseConnection.php on line 874.
 1 SYSTEMPATH/Model.php(586): CodeIgniter\Database\BaseConnection->table()
 2 SYSTEMPATH/Model.php(734): CodeIgniter\Model->builder()
 3 APPPATH/Models/Engine.php(348): CodeIgniter\Model->__get()
 4 APPPATH/Controllers/Api.php(30): App\Models\Engine->cronstart()
 5 SYSTEMPATH/CodeIgniter.php(896): App\Controllers\Api->postbillpayment()
 6 SYSTEMPATH/CodeIgniter.php(466): CodeIgniter\CodeIgniter->runController()
 7 SYSTEMPATH/CodeIgniter.php(349): CodeIgniter\CodeIgniter->handleRequest()
 8 FCPATH/index.php(57): CodeIgniter\CodeIgniter->run()
CRITICAL - 2024-08-07 21:40:31 --> You must set the database table to be used with your query.
in SYSTEMPATH/Database/BaseConnection.php on line 874.
 1 SYSTEMPATH/Model.php(586): CodeIgniter\Database\BaseConnection->table()
 2 SYSTEMPATH/Model.php(734): CodeIgniter\Model->builder()
 3 APPPATH/Models/Engine.php(348): CodeIgniter\Model->__get()
 4 APPPATH/Controllers/Api.php(30): App\Models\Engine->cronstart()
 5 SYSTEMPATH/CodeIgniter.php(896): App\Controllers\Api->postbillpayment()
 6 SYSTEMPATH/CodeIgniter.php(466): CodeIgniter\CodeIgniter->runController()
 7 SYSTEMPATH/CodeIgniter.php(349): CodeIgniter\CodeIgniter->handleRequest()
 8 FCPATH/index.php(57): CodeIgniter\CodeIgniter->run()
CRITICAL - 2024-08-07 21:40:36 --> You must set the database table to be used with your query.
in SYSTEMPATH/Database/BaseConnection.php on line 874.
 1 SYSTEMPATH/Model.php(586): CodeIgniter\Database\BaseConnection->table()
 2 SYSTEMPATH/Model.php(734): CodeIgniter\Model->builder()
 3 APPPATH/Models/Engine.php(348): CodeIgniter\Model->__get()
 4 APPPATH/Controllers/Api.php(30): App\Models\Engine->cronstart()
 5 SYSTEMPATH/CodeIgniter.php(896): App\Controllers\Api->postbillpayment()
 6 SYSTEMPATH/CodeIgniter.php(466): CodeIgniter\CodeIgniter->runController()
 7 SYSTEMPATH/CodeIgniter.php(349): CodeIgniter\CodeIgniter->handleRequest()
 8 FCPATH/index.php(57): CodeIgniter\CodeIgniter->run()
CRITICAL - 2024-08-07 21:40:41 --> You must set the database table to be used with your query.
in SYSTEMPATH/Database/BaseConnection.php on line 874.
 1 SYSTEMPATH/Model.php(586): CodeIgniter\Database\BaseConnection->table()
 2 SYSTEMPATH/Model.php(734): CodeIgniter\Model->builder()
 3 APPPATH/Models/Engine.php(348): CodeIgniter\Model->__get()
 4 APPPATH/Controllers/Api.php(30): App\Models\Engine->cronstart()
 5 SYSTEMPATH/CodeIgniter.php(896): App\Controllers\Api->postbillpayment()
 6 SYSTEMPATH/CodeIgniter.php(466): CodeIgniter\CodeIgniter->runController()
 7 SYSTEMPATH/CodeIgniter.php(349): CodeIgniter\CodeIgniter->handleRequest()
 8 FCPATH/index.php(57): CodeIgniter\CodeIgniter->run()
CRITICAL - 2024-08-07 21:40:46 --> You must set the database table to be used with your query.
in SYSTEMPATH/Database/BaseConnection.php on line 874.
 1 SYSTEMPATH/Model.php(586): CodeIgniter\Database\BaseConnection->table()
 2 SYSTEMPATH/Model.php(734): CodeIgniter\Model->builder()
 3 APPPATH/Models/Engine.php(348): CodeIgniter\Model->__get()
 4 APPPATH/Controllers/Api.php(30): App\Models\Engine->cronstart()
 5 SYSTEMPATH/CodeIgniter.php(896): App\Controllers\Api->postbillpayment()
 6 SYSTEMPATH/CodeIgniter.php(466): CodeIgniter\CodeIgniter->runController()
 7 SYSTEMPATH/CodeIgniter.php(349): CodeIgniter\CodeIgniter->handleRequest()
 8 FCPATH/index.php(57): CodeIgniter\CodeIgniter->run()
CRITICAL - 2024-08-07 21:40:51 --> You must set the database table to be used with your query.
in SYSTEMPATH/Database/BaseConnection.php on line 874.
 1 SYSTEMPATH/Model.php(586): CodeIgniter\Database\BaseConnection->table()
 2 SYSTEMPATH/Model.php(734): CodeIgniter\Model->builder()
 3 APPPATH/Models/Engine.php(348): CodeIgniter\Model->__get()
 4 APPPATH/Controllers/Api.php(30): App\Models\Engine->cronstart()
 5 SYSTEMPATH/CodeIgniter.php(896): App\Controllers\Api->postbillpayment()
 6 SYSTEMPATH/CodeIgniter.php(466): CodeIgniter\CodeIgniter->runController()
 7 SYSTEMPATH/CodeIgniter.php(349): CodeIgniter\CodeIgniter->handleRequest()
 8 FCPATH/index.php(57): CodeIgniter\CodeIgniter->run()
CRITICAL - 2024-08-07 21:40:56 --> You must set the database table to be used with your query.
in SYSTEMPATH/Database/BaseConnection.php on line 874.
 1 SYSTEMPATH/Model.php(586): CodeIgniter\Database\BaseConnection->table()
 2 SYSTEMPATH/Model.php(734): CodeIgniter\Model->builder()
 3 APPPATH/Models/Engine.php(348): CodeIgniter\Model->__get()
 4 APPPATH/Controllers/Api.php(30): App\Models\Engine->cronstart()
 5 SYSTEMPATH/CodeIgniter.php(896): App\Controllers\Api->postbillpayment()
 6 SYSTEMPATH/CodeIgniter.php(466): CodeIgniter\CodeIgniter->runController()
 7 SYSTEMPATH/CodeIgniter.php(349): CodeIgniter\CodeIgniter->handleRequest()
 8 FCPATH/index.php(57): CodeIgniter\CodeIgniter->run()
CRITICAL - 2024-08-07 21:41:01 --> You must set the database table to be used with your query.
in SYSTEMPATH/Database/BaseConnection.php on line 874.
 1 SYSTEMPATH/Model.php(586): CodeIgniter\Database\BaseConnection->table()
 2 SYSTEMPATH/Model.php(734): CodeIgniter\Model->builder()
 3 APPPATH/Models/Engine.php(348): CodeIgniter\Model->__get()
 4 APPPATH/Controllers/Api.php(30): App\Models\Engine->cronstart()
 5 SYSTEMPATH/CodeIgniter.php(896): App\Controllers\Api->postbillpayment()
 6 SYSTEMPATH/CodeIgniter.php(466): CodeIgniter\CodeIgniter->runController()
 7 SYSTEMPATH/CodeIgniter.php(349): CodeIgniter\CodeIgniter->handleRequest()
 8 FCPATH/index.php(57): CodeIgniter\CodeIgniter->run()
CRITICAL - 2024-08-07 21:41:01 --> You must set the database table to be used with your query.
in SYSTEMPATH/Database/BaseConnection.php on line 874.
 1 SYSTEMPATH/Model.php(586): CodeIgniter\Database\BaseConnection->table()
 2 SYSTEMPATH/Model.php(734): CodeIgniter\Model->builder()
 3 APPPATH/Models/Engine.php(348): CodeIgniter\Model->__get()
 4 APPPATH/Controllers/Api.php(30): App\Models\Engine->cronstart()
 5 SYSTEMPATH/CodeIgniter.php(896): App\Controllers\Api->postbillpayment()
 6 SYSTEMPATH/CodeIgniter.php(466): CodeIgniter\CodeIgniter->runController()
 7 SYSTEMPATH/CodeIgniter.php(349): CodeIgniter\CodeIgniter->handleRequest()
 8 FCPATH/index.php(57): CodeIgniter\CodeIgniter->run()
CRITICAL - 2024-08-07 21:41:06 --> You must set the database table to be used with your query.
in SYSTEMPATH/Database/BaseConnection.php on line 874.
 1 SYSTEMPATH/Model.php(586): CodeIgniter\Database\BaseConnection->table()
 2 SYSTEMPATH/Model.php(734): CodeIgniter\Model->builder()
 3 APPPATH/Models/Engine.php(348): CodeIgniter\Model->__get()
 4 APPPATH/Controllers/Api.php(30): App\Models\Engine->cronstart()
 5 SYSTEMPATH/CodeIgniter.php(896): App\Controllers\Api->postbillpayment()
 6 SYSTEMPATH/CodeIgniter.php(466): CodeIgniter\CodeIgniter->runController()
 7 SYSTEMPATH/CodeIgniter.php(349): CodeIgniter\CodeIgniter->handleRequest()
 8 FCPATH/index.php(57): CodeIgniter\CodeIgniter->run()
CRITICAL - 2024-08-07 21:41:11 --> You must set the database table to be used with your query.
in SYSTEMPATH/Database/BaseConnection.php on line 874.
 1 SYSTEMPATH/Model.php(586): CodeIgniter\Database\BaseConnection->table()
 2 SYSTEMPATH/Model.php(734): CodeIgniter\Model->builder()
 3 APPPATH/Models/Engine.php(348): CodeIgniter\Model->__get()
 4 APPPATH/Controllers/Api.php(30): App\Models\Engine->cronstart()
 5 SYSTEMPATH/CodeIgniter.php(896): App\Controllers\Api->postbillpayment()
 6 SYSTEMPATH/CodeIgniter.php(466): CodeIgniter\CodeIgniter->runController()
 7 SYSTEMPATH/CodeIgniter.php(349): CodeIgniter\CodeIgniter->handleRequest()
 8 FCPATH/index.php(57): CodeIgniter\CodeIgniter->run()
CRITICAL - 2024-08-07 21:41:16 --> You must set the database table to be used with your query.
in SYSTEMPATH/Database/BaseConnection.php on line 874.
 1 SYSTEMPATH/Model.php(586): CodeIgniter\Database\BaseConnection->table()
 2 SYSTEMPATH/Model.php(734): CodeIgniter\Model->builder()
 3 APPPATH/Models/Engine.php(348): CodeIgniter\Model->__get()
 4 APPPATH/Controllers/Api.php(30): App\Models\Engine->cronstart()
 5 SYSTEMPATH/CodeIgniter.php(896): App\Controllers\Api->postbillpayment()
 6 SYSTEMPATH/CodeIgniter.php(466): CodeIgniter\CodeIgniter->runController()
 7 SYSTEMPATH/CodeIgniter.php(349): CodeIgniter\CodeIgniter->handleRequest()
 8 FCPATH/index.php(57): CodeIgniter\CodeIgniter->run()
CRITICAL - 2024-08-07 21:41:21 --> You must set the database table to be used with your query.
in SYSTEMPATH/Database/BaseConnection.php on line 874.
 1 SYSTEMPATH/Model.php(586): CodeIgniter\Database\BaseConnection->table()
 2 SYSTEMPATH/Model.php(734): CodeIgniter\Model->builder()
 3 APPPATH/Models/Engine.php(348): CodeIgniter\Model->__get()
 4 APPPATH/Controllers/Api.php(30): App\Models\Engine->cronstart()
 5 SYSTEMPATH/CodeIgniter.php(896): App\Controllers\Api->postbillpayment()
 6 SYSTEMPATH/CodeIgniter.php(466): CodeIgniter\CodeIgniter->runController()
 7 SYSTEMPATH/CodeIgniter.php(349): CodeIgniter\CodeIgniter->handleRequest()
 8 FCPATH/index.php(57): CodeIgniter\CodeIgniter->run()
CRITICAL - 2024-08-07 21:41:26 --> You must set the database table to be used with your query.
in SYSTEMPATH/Database/BaseConnection.php on line 874.
 1 SYSTEMPATH/Model.php(586): CodeIgniter\Database\BaseConnection->table()
 2 SYSTEMPATH/Model.php(734): CodeIgniter\Model->builder()
 3 APPPATH/Models/Engine.php(348): CodeIgniter\Model->__get()
 4 APPPATH/Controllers/Api.php(30): App\Models\Engine->cronstart()
 5 SYSTEMPATH/CodeIgniter.php(896): App\Controllers\Api->postbillpayment()
 6 SYSTEMPATH/CodeIgniter.php(466): CodeIgniter\CodeIgniter->runController()
 7 SYSTEMPATH/CodeIgniter.php(349): CodeIgniter\CodeIgniter->handleRequest()
 8 FCPATH/index.php(57): CodeIgniter\CodeIgniter->run()
CRITICAL - 2024-08-07 21:41:31 --> You must set the database table to be used with your query.
in SYSTEMPATH/Database/BaseConnection.php on line 874.
 1 SYSTEMPATH/Model.php(586): CodeIgniter\Database\BaseConnection->table()
 2 SYSTEMPATH/Model.php(734): CodeIgniter\Model->builder()
 3 APPPATH/Models/Engine.php(348): CodeIgniter\Model->__get()
 4 APPPATH/Controllers/Api.php(30): App\Models\Engine->cronstart()
 5 SYSTEMPATH/CodeIgniter.php(896): App\Controllers\Api->postbillpayment()
 6 SYSTEMPATH/CodeIgniter.php(466): CodeIgniter\CodeIgniter->runController()
 7 SYSTEMPATH/CodeIgniter.php(349): CodeIgniter\CodeIgniter->handleRequest()
 8 FCPATH/index.php(57): CodeIgniter\CodeIgniter->run()
CRITICAL - 2024-08-07 21:41:31 --> You must set the database table to be used with your query.
in SYSTEMPATH/Database/BaseConnection.php on line 874.
 1 SYSTEMPATH/Model.php(586): CodeIgniter\Database\BaseConnection->table()
 2 SYSTEMPATH/Model.php(734): CodeIgniter\Model->builder()
 3 APPPATH/Models/Engine.php(348): CodeIgniter\Model->__get()
 4 APPPATH/Controllers/Api.php(30): App\Models\Engine->cronstart()
 5 SYSTEMPATH/CodeIgniter.php(896): App\Controllers\Api->postbillpayment()
 6 SYSTEMPATH/CodeIgniter.php(466): CodeIgniter\CodeIgniter->runController()
 7 SYSTEMPATH/CodeIgniter.php(349): CodeIgniter\CodeIgniter->handleRequest()
 8 FCPATH/index.php(57): CodeIgniter\CodeIgniter->run()
CRITICAL - 2024-08-07 21:41:36 --> You must set the database table to be used with your query.
in SYSTEMPATH/Database/BaseConnection.php on line 874.
 1 SYSTEMPATH/Model.php(586): CodeIgniter\Database\BaseConnection->table()
 2 SYSTEMPATH/Model.php(734): CodeIgniter\Model->builder()
 3 APPPATH/Models/Engine.php(348): CodeIgniter\Model->__get()
 4 APPPATH/Controllers/Api.php(30): App\Models\Engine->cronstart()
 5 SYSTEMPATH/CodeIgniter.php(896): App\Controllers\Api->postbillpayment()
 6 SYSTEMPATH/CodeIgniter.php(466): CodeIgniter\CodeIgniter->runController()
 7 SYSTEMPATH/CodeIgniter.php(349): CodeIgniter\CodeIgniter->handleRequest()
 8 FCPATH/index.php(57): CodeIgniter\CodeIgniter->run()
CRITICAL - 2024-08-07 21:41:41 --> You must set the database table to be used with your query.
in SYSTEMPATH/Database/BaseConnection.php on line 874.
 1 SYSTEMPATH/Model.php(586): CodeIgniter\Database\BaseConnection->table()
 2 SYSTEMPATH/Model.php(734): CodeIgniter\Model->builder()
 3 APPPATH/Models/Engine.php(348): CodeIgniter\Model->__get()
 4 APPPATH/Controllers/Api.php(30): App\Models\Engine->cronstart()
 5 SYSTEMPATH/CodeIgniter.php(896): App\Controllers\Api->postbillpayment()
 6 SYSTEMPATH/CodeIgniter.php(466): CodeIgniter\CodeIgniter->runController()
 7 SYSTEMPATH/CodeIgniter.php(349): CodeIgniter\CodeIgniter->handleRequest()
 8 FCPATH/index.php(57): CodeIgniter\CodeIgniter->run()
CRITICAL - 2024-08-07 21:41:46 --> You must set the database table to be used with your query.
in SYSTEMPATH/Database/BaseConnection.php on line 874.
 1 SYSTEMPATH/Model.php(586): CodeIgniter\Database\BaseConnection->table()
 2 SYSTEMPATH/Model.php(734): CodeIgniter\Model->builder()
 3 APPPATH/Models/Engine.php(348): CodeIgniter\Model->__get()
 4 APPPATH/Controllers/Api.php(30): App\Models\Engine->cronstart()
 5 SYSTEMPATH/CodeIgniter.php(896): App\Controllers\Api->postbillpayment()
 6 SYSTEMPATH/CodeIgniter.php(466): CodeIgniter\CodeIgniter->runController()
 7 SYSTEMPATH/CodeIgniter.php(349): CodeIgniter\CodeIgniter->handleRequest()
 8 FCPATH/index.php(57): CodeIgniter\CodeIgniter->run()
CRITICAL - 2024-08-07 21:41:51 --> You must set the database table to be used with your query.
in SYSTEMPATH/Database/BaseConnection.php on line 874.
 1 SYSTEMPATH/Model.php(586): CodeIgniter\Database\BaseConnection->table()
 2 SYSTEMPATH/Model.php(734): CodeIgniter\Model->builder()
 3 APPPATH/Models/Engine.php(348): CodeIgniter\Model->__get()
 4 APPPATH/Controllers/Api.php(30): App\Models\Engine->cronstart()
 5 SYSTEMPATH/CodeIgniter.php(896): App\Controllers\Api->postbillpayment()
 6 SYSTEMPATH/CodeIgniter.php(466): CodeIgniter\CodeIgniter->runController()
 7 SYSTEMPATH/CodeIgniter.php(349): CodeIgniter\CodeIgniter->handleRequest()
 8 FCPATH/index.php(57): CodeIgniter\CodeIgniter->run()
CRITICAL - 2024-08-07 21:41:56 --> You must set the database table to be used with your query.
in SYSTEMPATH/Database/BaseConnection.php on line 874.
 1 SYSTEMPATH/Model.php(586): CodeIgniter\Database\BaseConnection->table()
 2 SYSTEMPATH/Model.php(734): CodeIgniter\Model->builder()
 3 APPPATH/Models/Engine.php(348): CodeIgniter\Model->__get()
 4 APPPATH/Controllers/Api.php(30): App\Models\Engine->cronstart()
 5 SYSTEMPATH/CodeIgniter.php(896): App\Controllers\Api->postbillpayment()
 6 SYSTEMPATH/CodeIgniter.php(466): CodeIgniter\CodeIgniter->runController()
 7 SYSTEMPATH/CodeIgniter.php(349): CodeIgniter\CodeIgniter->handleRequest()
 8 FCPATH/index.php(57): CodeIgniter\CodeIgniter->run()
CRITICAL - 2024-08-07 21:42:01 --> You must set the database table to be used with your query.
in SYSTEMPATH/Database/BaseConnection.php on line 874.
 1 SYSTEMPATH/Model.php(586): CodeIgniter\Database\BaseConnection->table()
 2 SYSTEMPATH/Model.php(734): CodeIgniter\Model->builder()
 3 APPPATH/Models/Engine.php(348): CodeIgniter\Model->__get()
 4 APPPATH/Controllers/Api.php(30): App\Models\Engine->cronstart()
 5 SYSTEMPATH/CodeIgniter.php(896): App\Controllers\Api->postbillpayment()
 6 SYSTEMPATH/CodeIgniter.php(466): CodeIgniter\CodeIgniter->runController()
 7 SYSTEMPATH/CodeIgniter.php(349): CodeIgniter\CodeIgniter->handleRequest()
 8 FCPATH/index.php(57): CodeIgniter\CodeIgniter->run()
CRITICAL - 2024-08-07 21:42:01 --> You must set the database table to be used with your query.
in SYSTEMPATH/Database/BaseConnection.php on line 874.
 1 SYSTEMPATH/Model.php(586): CodeIgniter\Database\BaseConnection->table()
 2 SYSTEMPATH/Model.php(734): CodeIgniter\Model->builder()
 3 APPPATH/Models/Engine.php(348): CodeIgniter\Model->__get()
 4 APPPATH/Controllers/Api.php(30): App\Models\Engine->cronstart()
 5 SYSTEMPATH/CodeIgniter.php(896): App\Controllers\Api->postbillpayment()
 6 SYSTEMPATH/CodeIgniter.php(466): CodeIgniter\CodeIgniter->runController()
 7 SYSTEMPATH/CodeIgniter.php(349): CodeIgniter\CodeIgniter->handleRequest()
 8 FCPATH/index.php(57): CodeIgniter\CodeIgniter->run()
CRITICAL - 2024-08-07 21:42:06 --> You must set the database table to be used with your query.
in SYSTEMPATH/Database/BaseConnection.php on line 874.
 1 SYSTEMPATH/Model.php(586): CodeIgniter\Database\BaseConnection->table()
 2 SYSTEMPATH/Model.php(734): CodeIgniter\Model->builder()
 3 APPPATH/Models/Engine.php(348): CodeIgniter\Model->__get()
 4 APPPATH/Controllers/Api.php(30): App\Models\Engine->cronstart()
 5 SYSTEMPATH/CodeIgniter.php(896): App\Controllers\Api->postbillpayment()
 6 SYSTEMPATH/CodeIgniter.php(466): CodeIgniter\CodeIgniter->runController()
 7 SYSTEMPATH/CodeIgniter.php(349): CodeIgniter\CodeIgniter->handleRequest()
 8 FCPATH/index.php(57): CodeIgniter\CodeIgniter->run()
CRITICAL - 2024-08-07 21:42:11 --> You must set the database table to be used with your query.
in SYSTEMPATH/Database/BaseConnection.php on line 874.
 1 SYSTEMPATH/Model.php(586): CodeIgniter\Database\BaseConnection->table()
 2 SYSTEMPATH/Model.php(734): CodeIgniter\Model->builder()
 3 APPPATH/Models/Engine.php(348): CodeIgniter\Model->__get()
 4 APPPATH/Controllers/Api.php(30): App\Models\Engine->cronstart()
 5 SYSTEMPATH/CodeIgniter.php(896): App\Controllers\Api->postbillpayment()
 6 SYSTEMPATH/CodeIgniter.php(466): CodeIgniter\CodeIgniter->runController()
 7 SYSTEMPATH/CodeIgniter.php(349): CodeIgniter\CodeIgniter->handleRequest()
 8 FCPATH/index.php(57): CodeIgniter\CodeIgniter->run()
CRITICAL - 2024-08-07 21:42:16 --> You must set the database table to be used with your query.
in SYSTEMPATH/Database/BaseConnection.php on line 874.
 1 SYSTEMPATH/Model.php(586): CodeIgniter\Database\BaseConnection->table()
 2 SYSTEMPATH/Model.php(734): CodeIgniter\Model->builder()
 3 APPPATH/Models/Engine.php(348): CodeIgniter\Model->__get()
 4 APPPATH/Controllers/Api.php(30): App\Models\Engine->cronstart()
 5 SYSTEMPATH/CodeIgniter.php(896): App\Controllers\Api->postbillpayment()
 6 SYSTEMPATH/CodeIgniter.php(466): CodeIgniter\CodeIgniter->runController()
 7 SYSTEMPATH/CodeIgniter.php(349): CodeIgniter\CodeIgniter->handleRequest()
 8 FCPATH/index.php(57): CodeIgniter\CodeIgniter->run()
CRITICAL - 2024-08-07 21:42:21 --> You must set the database table to be used with your query.
in SYSTEMPATH/Database/BaseConnection.php on line 874.
 1 SYSTEMPATH/Model.php(586): CodeIgniter\Database\BaseConnection->table()
 2 SYSTEMPATH/Model.php(734): CodeIgniter\Model->builder()
 3 APPPATH/Models/Engine.php(348): CodeIgniter\Model->__get()
 4 APPPATH/Controllers/Api.php(30): App\Models\Engine->cronstart()
 5 SYSTEMPATH/CodeIgniter.php(896): App\Controllers\Api->postbillpayment()
 6 SYSTEMPATH/CodeIgniter.php(466): CodeIgniter\CodeIgniter->runController()
 7 SYSTEMPATH/CodeIgniter.php(349): CodeIgniter\CodeIgniter->handleRequest()
 8 FCPATH/index.php(57): CodeIgniter\CodeIgniter->run()
CRITICAL - 2024-08-07 21:42:26 --> You must set the database table to be used with your query.
in SYSTEMPATH/Database/BaseConnection.php on line 874.
 1 SYSTEMPATH/Model.php(586): CodeIgniter\Database\BaseConnection->table()
 2 SYSTEMPATH/Model.php(734): CodeIgniter\Model->builder()
 3 APPPATH/Models/Engine.php(348): CodeIgniter\Model->__get()
 4 APPPATH/Controllers/Api.php(30): App\Models\Engine->cronstart()
 5 SYSTEMPATH/CodeIgniter.php(896): App\Controllers\Api->postbillpayment()
 6 SYSTEMPATH/CodeIgniter.php(466): CodeIgniter\CodeIgniter->runController()
 7 SYSTEMPATH/CodeIgniter.php(349): CodeIgniter\CodeIgniter->handleRequest()
 8 FCPATH/index.php(57): CodeIgniter\CodeIgniter->run()
CRITICAL - 2024-08-07 21:42:31 --> You must set the database table to be used with your query.
in SYSTEMPATH/Database/BaseConnection.php on line 874.
 1 SYSTEMPATH/Model.php(586): CodeIgniter\Database\BaseConnection->table()
 2 SYSTEMPATH/Model.php(734): CodeIgniter\Model->builder()
 3 APPPATH/Models/Engine.php(348): CodeIgniter\Model->__get()
 4 APPPATH/Controllers/Api.php(30): App\Models\Engine->cronstart()
 5 SYSTEMPATH/CodeIgniter.php(896): App\Controllers\Api->postbillpayment()
 6 SYSTEMPATH/CodeIgniter.php(466): CodeIgniter\CodeIgniter->runController()
 7 SYSTEMPATH/CodeIgniter.php(349): CodeIgniter\CodeIgniter->handleRequest()
 8 FCPATH/index.php(57): CodeIgniter\CodeIgniter->run()
CRITICAL - 2024-08-07 21:42:31 --> You must set the database table to be used with your query.
in SYSTEMPATH/Database/BaseConnection.php on line 874.
 1 SYSTEMPATH/Model.php(586): CodeIgniter\Database\BaseConnection->table()
 2 SYSTEMPATH/Model.php(734): CodeIgniter\Model->builder()
 3 APPPATH/Models/Engine.php(348): CodeIgniter\Model->__get()
 4 APPPATH/Controllers/Api.php(30): App\Models\Engine->cronstart()
 5 SYSTEMPATH/CodeIgniter.php(896): App\Controllers\Api->postbillpayment()
 6 SYSTEMPATH/CodeIgniter.php(466): CodeIgniter\CodeIgniter->runController()
 7 SYSTEMPATH/CodeIgniter.php(349): CodeIgniter\CodeIgniter->handleRequest()
 8 FCPATH/index.php(57): CodeIgniter\CodeIgniter->run()
CRITICAL - 2024-08-07 21:42:36 --> You must set the database table to be used with your query.
in SYSTEMPATH/Database/BaseConnection.php on line 874.
 1 SYSTEMPATH/Model.php(586): CodeIgniter\Database\BaseConnection->table()
 2 SYSTEMPATH/Model.php(734): CodeIgniter\Model->builder()
 3 APPPATH/Models/Engine.php(348): CodeIgniter\Model->__get()
 4 APPPATH/Controllers/Api.php(30): App\Models\Engine->cronstart()
 5 SYSTEMPATH/CodeIgniter.php(896): App\Controllers\Api->postbillpayment()
 6 SYSTEMPATH/CodeIgniter.php(466): CodeIgniter\CodeIgniter->runController()
 7 SYSTEMPATH/CodeIgniter.php(349): CodeIgniter\CodeIgniter->handleRequest()
 8 FCPATH/index.php(57): CodeIgniter\CodeIgniter->run()
CRITICAL - 2024-08-07 21:42:41 --> You must set the database table to be used with your query.
in SYSTEMPATH/Database/BaseConnection.php on line 874.
 1 SYSTEMPATH/Model.php(586): CodeIgniter\Database\BaseConnection->table()
 2 SYSTEMPATH/Model.php(734): CodeIgniter\Model->builder()
 3 APPPATH/Models/Engine.php(348): CodeIgniter\Model->__get()
 4 APPPATH/Controllers/Api.php(30): App\Models\Engine->cronstart()
 5 SYSTEMPATH/CodeIgniter.php(896): App\Controllers\Api->postbillpayment()
 6 SYSTEMPATH/CodeIgniter.php(466): CodeIgniter\CodeIgniter->runController()
 7 SYSTEMPATH/CodeIgniter.php(349): CodeIgniter\CodeIgniter->handleRequest()
 8 FCPATH/index.php(57): CodeIgniter\CodeIgniter->run()
CRITICAL - 2024-08-07 21:42:46 --> You must set the database table to be used with your query.
in SYSTEMPATH/Database/BaseConnection.php on line 874.
 1 SYSTEMPATH/Model.php(586): CodeIgniter\Database\BaseConnection->table()
 2 SYSTEMPATH/Model.php(734): CodeIgniter\Model->builder()
 3 APPPATH/Models/Engine.php(348): CodeIgniter\Model->__get()
 4 APPPATH/Controllers/Api.php(30): App\Models\Engine->cronstart()
 5 SYSTEMPATH/CodeIgniter.php(896): App\Controllers\Api->postbillpayment()
 6 SYSTEMPATH/CodeIgniter.php(466): CodeIgniter\CodeIgniter->runController()
 7 SYSTEMPATH/CodeIgniter.php(349): CodeIgniter\CodeIgniter->handleRequest()
 8 FCPATH/index.php(57): CodeIgniter\CodeIgniter->run()
CRITICAL - 2024-08-07 21:42:51 --> You must set the database table to be used with your query.
in SYSTEMPATH/Database/BaseConnection.php on line 874.
 1 SYSTEMPATH/Model.php(586): CodeIgniter\Database\BaseConnection->table()
 2 SYSTEMPATH/Model.php(734): CodeIgniter\Model->builder()
 3 APPPATH/Models/Engine.php(348): CodeIgniter\Model->__get()
 4 APPPATH/Controllers/Api.php(30): App\Models\Engine->cronstart()
 5 SYSTEMPATH/CodeIgniter.php(896): App\Controllers\Api->postbillpayment()
 6 SYSTEMPATH/CodeIgniter.php(466): CodeIgniter\CodeIgniter->runController()
 7 SYSTEMPATH/CodeIgniter.php(349): CodeIgniter\CodeIgniter->handleRequest()
 8 FCPATH/index.php(57): CodeIgniter\CodeIgniter->run()
CRITICAL - 2024-08-07 21:42:56 --> You must set the database table to be used with your query.
in SYSTEMPATH/Database/BaseConnection.php on line 874.
 1 SYSTEMPATH/Model.php(586): CodeIgniter\Database\BaseConnection->table()
 2 SYSTEMPATH/Model.php(734): CodeIgniter\Model->builder()
 3 APPPATH/Models/Engine.php(348): CodeIgniter\Model->__get()
 4 APPPATH/Controllers/Api.php(30): App\Models\Engine->cronstart()
 5 SYSTEMPATH/CodeIgniter.php(896): App\Controllers\Api->postbillpayment()
 6 SYSTEMPATH/CodeIgniter.php(466): CodeIgniter\CodeIgniter->runController()
 7 SYSTEMPATH/CodeIgniter.php(349): CodeIgniter\CodeIgniter->handleRequest()
 8 FCPATH/index.php(57): CodeIgniter\CodeIgniter->run()
CRITICAL - 2024-08-07 21:42:58 --> You must set the database table to be used with your query.
in SYSTEMPATH/Database/BaseConnection.php on line 874.
 1 SYSTEMPATH/Model.php(586): CodeIgniter\Database\BaseConnection->table()
 2 SYSTEMPATH/Model.php(734): CodeIgniter\Model->builder()
 3 APPPATH/Models/Engine.php(348): CodeIgniter\Model->__get()
 4 APPPATH/Controllers/Api.php(30): App\Models\Engine->cronstart()
 5 SYSTEMPATH/CodeIgniter.php(896): App\Controllers\Api->postbillpayment()
 6 SYSTEMPATH/CodeIgniter.php(466): CodeIgniter\CodeIgniter->runController()
 7 SYSTEMPATH/CodeIgniter.php(349): CodeIgniter\CodeIgniter->handleRequest()
 8 FCPATH/index.php(57): CodeIgniter\CodeIgniter->run()
CRITICAL - 2024-08-07 21:43:01 --> You must set the database table to be used with your query.
in SYSTEMPATH/Database/BaseConnection.php on line 874.
 1 SYSTEMPATH/Model.php(586): CodeIgniter\Database\BaseConnection->table()
 2 SYSTEMPATH/Model.php(734): CodeIgniter\Model->builder()
 3 APPPATH/Models/Engine.php(348): CodeIgniter\Model->__get()
 4 APPPATH/Controllers/Api.php(30): App\Models\Engine->cronstart()
 5 SYSTEMPATH/CodeIgniter.php(896): App\Controllers\Api->postbillpayment()
 6 SYSTEMPATH/CodeIgniter.php(466): CodeIgniter\CodeIgniter->runController()
 7 SYSTEMPATH/CodeIgniter.php(349): CodeIgniter\CodeIgniter->handleRequest()
 8 FCPATH/index.php(57): CodeIgniter\CodeIgniter->run()
CRITICAL - 2024-08-07 21:43:01 --> You must set the database table to be used with your query.
in SYSTEMPATH/Database/BaseConnection.php on line 874.
 1 SYSTEMPATH/Model.php(586): CodeIgniter\Database\BaseConnection->table()
 2 SYSTEMPATH/Model.php(734): CodeIgniter\Model->builder()
 3 APPPATH/Models/Engine.php(348): CodeIgniter\Model->__get()
 4 APPPATH/Controllers/Api.php(30): App\Models\Engine->cronstart()
 5 SYSTEMPATH/CodeIgniter.php(896): App\Controllers\Api->postbillpayment()
 6 SYSTEMPATH/CodeIgniter.php(466): CodeIgniter\CodeIgniter->runController()
 7 SYSTEMPATH/CodeIgniter.php(349): CodeIgniter\CodeIgniter->handleRequest()
 8 FCPATH/index.php(57): CodeIgniter\CodeIgniter->run()
CRITICAL - 2024-08-07 21:43:06 --> You must set the database table to be used with your query.
in SYSTEMPATH/Database/BaseConnection.php on line 874.
 1 SYSTEMPATH/Model.php(586): CodeIgniter\Database\BaseConnection->table()
 2 SYSTEMPATH/Model.php(734): CodeIgniter\Model->builder()
 3 APPPATH/Models/Engine.php(348): CodeIgniter\Model->__get()
 4 APPPATH/Controllers/Api.php(30): App\Models\Engine->cronstart()
 5 SYSTEMPATH/CodeIgniter.php(896): App\Controllers\Api->postbillpayment()
 6 SYSTEMPATH/CodeIgniter.php(466): CodeIgniter\CodeIgniter->runController()
 7 SYSTEMPATH/CodeIgniter.php(349): CodeIgniter\CodeIgniter->handleRequest()
 8 FCPATH/index.php(57): CodeIgniter\CodeIgniter->run()
CRITICAL - 2024-08-07 21:43:11 --> You must set the database table to be used with your query.
in SYSTEMPATH/Database/BaseConnection.php on line 874.
 1 SYSTEMPATH/Model.php(586): CodeIgniter\Database\BaseConnection->table()
 2 SYSTEMPATH/Model.php(734): CodeIgniter\Model->builder()
 3 APPPATH/Models/Engine.php(348): CodeIgniter\Model->__get()
 4 APPPATH/Controllers/Api.php(30): App\Models\Engine->cronstart()
 5 SYSTEMPATH/CodeIgniter.php(896): App\Controllers\Api->postbillpayment()
 6 SYSTEMPATH/CodeIgniter.php(466): CodeIgniter\CodeIgniter->runController()
 7 SYSTEMPATH/CodeIgniter.php(349): CodeIgniter\CodeIgniter->handleRequest()
 8 FCPATH/index.php(57): CodeIgniter\CodeIgniter->run()
CRITICAL - 2024-08-07 21:43:16 --> You must set the database table to be used with your query.
in SYSTEMPATH/Database/BaseConnection.php on line 874.
 1 SYSTEMPATH/Model.php(586): CodeIgniter\Database\BaseConnection->table()
 2 SYSTEMPATH/Model.php(734): CodeIgniter\Model->builder()
 3 APPPATH/Models/Engine.php(348): CodeIgniter\Model->__get()
 4 APPPATH/Controllers/Api.php(30): App\Models\Engine->cronstart()
 5 SYSTEMPATH/CodeIgniter.php(896): App\Controllers\Api->postbillpayment()
 6 SYSTEMPATH/CodeIgniter.php(466): CodeIgniter\CodeIgniter->runController()
 7 SYSTEMPATH/CodeIgniter.php(349): CodeIgniter\CodeIgniter->handleRequest()
 8 FCPATH/index.php(57): CodeIgniter\CodeIgniter->run()
CRITICAL - 2024-08-07 21:43:21 --> You must set the database table to be used with your query.
in SYSTEMPATH/Database/BaseConnection.php on line 874.
 1 SYSTEMPATH/Model.php(586): CodeIgniter\Database\BaseConnection->table()
 2 SYSTEMPATH/Model.php(734): CodeIgniter\Model->builder()
 3 APPPATH/Models/Engine.php(348): CodeIgniter\Model->__get()
 4 APPPATH/Controllers/Api.php(30): App\Models\Engine->cronstart()
 5 SYSTEMPATH/CodeIgniter.php(896): App\Controllers\Api->postbillpayment()
 6 SYSTEMPATH/CodeIgniter.php(466): CodeIgniter\CodeIgniter->runController()
 7 SYSTEMPATH/CodeIgniter.php(349): CodeIgniter\CodeIgniter->handleRequest()
 8 FCPATH/index.php(57): CodeIgniter\CodeIgniter->run()
CRITICAL - 2024-08-07 21:43:26 --> You must set the database table to be used with your query.
in SYSTEMPATH/Database/BaseConnection.php on line 874.
 1 SYSTEMPATH/Model.php(586): CodeIgniter\Database\BaseConnection->table()
 2 SYSTEMPATH/Model.php(734): CodeIgniter\Model->builder()
 3 APPPATH/Models/Engine.php(348): CodeIgniter\Model->__get()
 4 APPPATH/Controllers/Api.php(30): App\Models\Engine->cronstart()
 5 SYSTEMPATH/CodeIgniter.php(896): App\Controllers\Api->postbillpayment()
 6 SYSTEMPATH/CodeIgniter.php(466): CodeIgniter\CodeIgniter->runController()
 7 SYSTEMPATH/CodeIgniter.php(349): CodeIgniter\CodeIgniter->handleRequest()
 8 FCPATH/index.php(57): CodeIgniter\CodeIgniter->run()
CRITICAL - 2024-08-07 21:43:31 --> You must set the database table to be used with your query.
in SYSTEMPATH/Database/BaseConnection.php on line 874.
 1 SYSTEMPATH/Model.php(586): CodeIgniter\Database\BaseConnection->table()
 2 SYSTEMPATH/Model.php(734): CodeIgniter\Model->builder()
 3 APPPATH/Models/Engine.php(348): CodeIgniter\Model->__get()
 4 APPPATH/Controllers/Api.php(30): App\Models\Engine->cronstart()
 5 SYSTEMPATH/CodeIgniter.php(896): App\Controllers\Api->postbillpayment()
 6 SYSTEMPATH/CodeIgniter.php(466): CodeIgniter\CodeIgniter->runController()
 7 SYSTEMPATH/CodeIgniter.php(349): CodeIgniter\CodeIgniter->handleRequest()
 8 FCPATH/index.php(57): CodeIgniter\CodeIgniter->run()
CRITICAL - 2024-08-07 21:43:31 --> You must set the database table to be used with your query.
in SYSTEMPATH/Database/BaseConnection.php on line 874.
 1 SYSTEMPATH/Model.php(586): CodeIgniter\Database\BaseConnection->table()
 2 SYSTEMPATH/Model.php(734): CodeIgniter\Model->builder()
 3 APPPATH/Models/Engine.php(348): CodeIgniter\Model->__get()
 4 APPPATH/Controllers/Api.php(30): App\Models\Engine->cronstart()
 5 SYSTEMPATH/CodeIgniter.php(896): App\Controllers\Api->postbillpayment()
 6 SYSTEMPATH/CodeIgniter.php(466): CodeIgniter\CodeIgniter->runController()
 7 SYSTEMPATH/CodeIgniter.php(349): CodeIgniter\CodeIgniter->handleRequest()
 8 FCPATH/index.php(57): CodeIgniter\CodeIgniter->run()
CRITICAL - 2024-08-07 21:43:36 --> You must set the database table to be used with your query.
in SYSTEMPATH/Database/BaseConnection.php on line 874.
 1 SYSTEMPATH/Model.php(586): CodeIgniter\Database\BaseConnection->table()
 2 SYSTEMPATH/Model.php(734): CodeIgniter\Model->builder()
 3 APPPATH/Models/Engine.php(348): CodeIgniter\Model->__get()
 4 APPPATH/Controllers/Api.php(30): App\Models\Engine->cronstart()
 5 SYSTEMPATH/CodeIgniter.php(896): App\Controllers\Api->postbillpayment()
 6 SYSTEMPATH/CodeIgniter.php(466): CodeIgniter\CodeIgniter->runController()
 7 SYSTEMPATH/CodeIgniter.php(349): CodeIgniter\CodeIgniter->handleRequest()
 8 FCPATH/index.php(57): CodeIgniter\CodeIgniter->run()
CRITICAL - 2024-08-07 21:43:41 --> You must set the database table to be used with your query.
in SYSTEMPATH/Database/BaseConnection.php on line 874.
 1 SYSTEMPATH/Model.php(586): CodeIgniter\Database\BaseConnection->table()
 2 SYSTEMPATH/Model.php(734): CodeIgniter\Model->builder()
 3 APPPATH/Models/Engine.php(348): CodeIgniter\Model->__get()
 4 APPPATH/Controllers/Api.php(30): App\Models\Engine->cronstart()
 5 SYSTEMPATH/CodeIgniter.php(896): App\Controllers\Api->postbillpayment()
 6 SYSTEMPATH/CodeIgniter.php(466): CodeIgniter\CodeIgniter->runController()
 7 SYSTEMPATH/CodeIgniter.php(349): CodeIgniter\CodeIgniter->handleRequest()
 8 FCPATH/index.php(57): CodeIgniter\CodeIgniter->run()
CRITICAL - 2024-08-07 21:43:46 --> You must set the database table to be used with your query.
in SYSTEMPATH/Database/BaseConnection.php on line 874.
 1 SYSTEMPATH/Model.php(586): CodeIgniter\Database\BaseConnection->table()
 2 SYSTEMPATH/Model.php(734): CodeIgniter\Model->builder()
 3 APPPATH/Models/Engine.php(348): CodeIgniter\Model->__get()
 4 APPPATH/Controllers/Api.php(30): App\Models\Engine->cronstart()
 5 SYSTEMPATH/CodeIgniter.php(896): App\Controllers\Api->postbillpayment()
 6 SYSTEMPATH/CodeIgniter.php(466): CodeIgniter\CodeIgniter->runController()
 7 SYSTEMPATH/CodeIgniter.php(349): CodeIgniter\CodeIgniter->handleRequest()
 8 FCPATH/index.php(57): CodeIgniter\CodeIgniter->run()
CRITICAL - 2024-08-07 21:43:51 --> You must set the database table to be used with your query.
in SYSTEMPATH/Database/BaseConnection.php on line 874.
 1 SYSTEMPATH/Model.php(586): CodeIgniter\Database\BaseConnection->table()
 2 SYSTEMPATH/Model.php(734): CodeIgniter\Model->builder()
 3 APPPATH/Models/Engine.php(348): CodeIgniter\Model->__get()
 4 APPPATH/Controllers/Api.php(30): App\Models\Engine->cronstart()
 5 SYSTEMPATH/CodeIgniter.php(896): App\Controllers\Api->postbillpayment()
 6 SYSTEMPATH/CodeIgniter.php(466): CodeIgniter\CodeIgniter->runController()
 7 SYSTEMPATH/CodeIgniter.php(349): CodeIgniter\CodeIgniter->handleRequest()
 8 FCPATH/index.php(57): CodeIgniter\CodeIgniter->run()
CRITICAL - 2024-08-07 21:43:56 --> You must set the database table to be used with your query.
in SYSTEMPATH/Database/BaseConnection.php on line 874.
 1 SYSTEMPATH/Model.php(586): CodeIgniter\Database\BaseConnection->table()
 2 SYSTEMPATH/Model.php(734): CodeIgniter\Model->builder()
 3 APPPATH/Models/Engine.php(348): CodeIgniter\Model->__get()
 4 APPPATH/Controllers/Api.php(30): App\Models\Engine->cronstart()
 5 SYSTEMPATH/CodeIgniter.php(896): App\Controllers\Api->postbillpayment()
 6 SYSTEMPATH/CodeIgniter.php(466): CodeIgniter\CodeIgniter->runController()
 7 SYSTEMPATH/CodeIgniter.php(349): CodeIgniter\CodeIgniter->handleRequest()
 8 FCPATH/index.php(57): CodeIgniter\CodeIgniter->run()
CRITICAL - 2024-08-07 21:44:01 --> You must set the database table to be used with your query.
in SYSTEMPATH/Database/BaseConnection.php on line 874.
 1 SYSTEMPATH/Model.php(586): CodeIgniter\Database\BaseConnection->table()
 2 SYSTEMPATH/Model.php(734): CodeIgniter\Model->builder()
 3 APPPATH/Models/Engine.php(348): CodeIgniter\Model->__get()
 4 APPPATH/Controllers/Api.php(30): App\Models\Engine->cronstart()
 5 SYSTEMPATH/CodeIgniter.php(896): App\Controllers\Api->postbillpayment()
 6 SYSTEMPATH/CodeIgniter.php(466): CodeIgniter\CodeIgniter->runController()
 7 SYSTEMPATH/CodeIgniter.php(349): CodeIgniter\CodeIgniter->handleRequest()
 8 FCPATH/index.php(57): CodeIgniter\CodeIgniter->run()
CRITICAL - 2024-08-07 21:44:01 --> You must set the database table to be used with your query.
in SYSTEMPATH/Database/BaseConnection.php on line 874.
 1 SYSTEMPATH/Model.php(586): CodeIgniter\Database\BaseConnection->table()
 2 SYSTEMPATH/Model.php(734): CodeIgniter\Model->builder()
 3 APPPATH/Models/Engine.php(348): CodeIgniter\Model->__get()
 4 APPPATH/Controllers/Api.php(30): App\Models\Engine->cronstart()
 5 SYSTEMPATH/CodeIgniter.php(896): App\Controllers\Api->postbillpayment()
 6 SYSTEMPATH/CodeIgniter.php(466): CodeIgniter\CodeIgniter->runController()
 7 SYSTEMPATH/CodeIgniter.php(349): CodeIgniter\CodeIgniter->handleRequest()
 8 FCPATH/index.php(57): CodeIgniter\CodeIgniter->run()
CRITICAL - 2024-08-07 21:44:06 --> You must set the database table to be used with your query.
in SYSTEMPATH/Database/BaseConnection.php on line 874.
 1 SYSTEMPATH/Model.php(586): CodeIgniter\Database\BaseConnection->table()
 2 SYSTEMPATH/Model.php(734): CodeIgniter\Model->builder()
 3 APPPATH/Models/Engine.php(348): CodeIgniter\Model->__get()
 4 APPPATH/Controllers/Api.php(30): App\Models\Engine->cronstart()
 5 SYSTEMPATH/CodeIgniter.php(896): App\Controllers\Api->postbillpayment()
 6 SYSTEMPATH/CodeIgniter.php(466): CodeIgniter\CodeIgniter->runController()
 7 SYSTEMPATH/CodeIgniter.php(349): CodeIgniter\CodeIgniter->handleRequest()
 8 FCPATH/index.php(57): CodeIgniter\CodeIgniter->run()
CRITICAL - 2024-08-07 21:44:11 --> You must set the database table to be used with your query.
in SYSTEMPATH/Database/BaseConnection.php on line 874.
 1 SYSTEMPATH/Model.php(586): CodeIgniter\Database\BaseConnection->table()
 2 SYSTEMPATH/Model.php(734): CodeIgniter\Model->builder()
 3 APPPATH/Models/Engine.php(348): CodeIgniter\Model->__get()
 4 APPPATH/Controllers/Api.php(30): App\Models\Engine->cronstart()
 5 SYSTEMPATH/CodeIgniter.php(896): App\Controllers\Api->postbillpayment()
 6 SYSTEMPATH/CodeIgniter.php(466): CodeIgniter\CodeIgniter->runController()
 7 SYSTEMPATH/CodeIgniter.php(349): CodeIgniter\CodeIgniter->handleRequest()
 8 FCPATH/index.php(57): CodeIgniter\CodeIgniter->run()
CRITICAL - 2024-08-07 21:44:16 --> You must set the database table to be used with your query.
in SYSTEMPATH/Database/BaseConnection.php on line 874.
 1 SYSTEMPATH/Model.php(586): CodeIgniter\Database\BaseConnection->table()
 2 SYSTEMPATH/Model.php(734): CodeIgniter\Model->builder()
 3 APPPATH/Models/Engine.php(348): CodeIgniter\Model->__get()
 4 APPPATH/Controllers/Api.php(30): App\Models\Engine->cronstart()
 5 SYSTEMPATH/CodeIgniter.php(896): App\Controllers\Api->postbillpayment()
 6 SYSTEMPATH/CodeIgniter.php(466): CodeIgniter\CodeIgniter->runController()
 7 SYSTEMPATH/CodeIgniter.php(349): CodeIgniter\CodeIgniter->handleRequest()
 8 FCPATH/index.php(57): CodeIgniter\CodeIgniter->run()
CRITICAL - 2024-08-07 21:44:21 --> You must set the database table to be used with your query.
in SYSTEMPATH/Database/BaseConnection.php on line 874.
 1 SYSTEMPATH/Model.php(586): CodeIgniter\Database\BaseConnection->table()
 2 SYSTEMPATH/Model.php(734): CodeIgniter\Model->builder()
 3 APPPATH/Models/Engine.php(348): CodeIgniter\Model->__get()
 4 APPPATH/Controllers/Api.php(30): App\Models\Engine->cronstart()
 5 SYSTEMPATH/CodeIgniter.php(896): App\Controllers\Api->postbillpayment()
 6 SYSTEMPATH/CodeIgniter.php(466): CodeIgniter\CodeIgniter->runController()
 7 SYSTEMPATH/CodeIgniter.php(349): CodeIgniter\CodeIgniter->handleRequest()
 8 FCPATH/index.php(57): CodeIgniter\CodeIgniter->run()
CRITICAL - 2024-08-07 21:44:26 --> You must set the database table to be used with your query.
in SYSTEMPATH/Database/BaseConnection.php on line 874.
 1 SYSTEMPATH/Model.php(586): CodeIgniter\Database\BaseConnection->table()
 2 SYSTEMPATH/Model.php(734): CodeIgniter\Model->builder()
 3 APPPATH/Models/Engine.php(348): CodeIgniter\Model->__get()
 4 APPPATH/Controllers/Api.php(30): App\Models\Engine->cronstart()
 5 SYSTEMPATH/CodeIgniter.php(896): App\Controllers\Api->postbillpayment()
 6 SYSTEMPATH/CodeIgniter.php(466): CodeIgniter\CodeIgniter->runController()
 7 SYSTEMPATH/CodeIgniter.php(349): CodeIgniter\CodeIgniter->handleRequest()
 8 FCPATH/index.php(57): CodeIgniter\CodeIgniter->run()
CRITICAL - 2024-08-07 21:44:31 --> You must set the database table to be used with your query.
in SYSTEMPATH/Database/BaseConnection.php on line 874.
 1 SYSTEMPATH/Model.php(586): CodeIgniter\Database\BaseConnection->table()
 2 SYSTEMPATH/Model.php(734): CodeIgniter\Model->builder()
 3 APPPATH/Models/Engine.php(348): CodeIgniter\Model->__get()
 4 APPPATH/Controllers/Api.php(30): App\Models\Engine->cronstart()
 5 SYSTEMPATH/CodeIgniter.php(896): App\Controllers\Api->postbillpayment()
 6 SYSTEMPATH/CodeIgniter.php(466): CodeIgniter\CodeIgniter->runController()
 7 SYSTEMPATH/CodeIgniter.php(349): CodeIgniter\CodeIgniter->handleRequest()
 8 FCPATH/index.php(57): CodeIgniter\CodeIgniter->run()
CRITICAL - 2024-08-07 21:44:31 --> You must set the database table to be used with your query.
in SYSTEMPATH/Database/BaseConnection.php on line 874.
 1 SYSTEMPATH/Model.php(586): CodeIgniter\Database\BaseConnection->table()
 2 SYSTEMPATH/Model.php(734): CodeIgniter\Model->builder()
 3 APPPATH/Models/Engine.php(348): CodeIgniter\Model->__get()
 4 APPPATH/Controllers/Api.php(30): App\Models\Engine->cronstart()
 5 SYSTEMPATH/CodeIgniter.php(896): App\Controllers\Api->postbillpayment()
 6 SYSTEMPATH/CodeIgniter.php(466): CodeIgniter\CodeIgniter->runController()
 7 SYSTEMPATH/CodeIgniter.php(349): CodeIgniter\CodeIgniter->handleRequest()
 8 FCPATH/index.php(57): CodeIgniter\CodeIgniter->run()
CRITICAL - 2024-08-07 21:44:36 --> You must set the database table to be used with your query.
in SYSTEMPATH/Database/BaseConnection.php on line 874.
 1 SYSTEMPATH/Model.php(586): CodeIgniter\Database\BaseConnection->table()
 2 SYSTEMPATH/Model.php(734): CodeIgniter\Model->builder()
 3 APPPATH/Models/Engine.php(348): CodeIgniter\Model->__get()
 4 APPPATH/Controllers/Api.php(30): App\Models\Engine->cronstart()
 5 SYSTEMPATH/CodeIgniter.php(896): App\Controllers\Api->postbillpayment()
 6 SYSTEMPATH/CodeIgniter.php(466): CodeIgniter\CodeIgniter->runController()
 7 SYSTEMPATH/CodeIgniter.php(349): CodeIgniter\CodeIgniter->handleRequest()
 8 FCPATH/index.php(57): CodeIgniter\CodeIgniter->run()
CRITICAL - 2024-08-07 21:44:41 --> You must set the database table to be used with your query.
in SYSTEMPATH/Database/BaseConnection.php on line 874.
 1 SYSTEMPATH/Model.php(586): CodeIgniter\Database\BaseConnection->table()
 2 SYSTEMPATH/Model.php(734): CodeIgniter\Model->builder()
 3 APPPATH/Models/Engine.php(348): CodeIgniter\Model->__get()
 4 APPPATH/Controllers/Api.php(30): App\Models\Engine->cronstart()
 5 SYSTEMPATH/CodeIgniter.php(896): App\Controllers\Api->postbillpayment()
 6 SYSTEMPATH/CodeIgniter.php(466): CodeIgniter\CodeIgniter->runController()
 7 SYSTEMPATH/CodeIgniter.php(349): CodeIgniter\CodeIgniter->handleRequest()
 8 FCPATH/index.php(57): CodeIgniter\CodeIgniter->run()
CRITICAL - 2024-08-07 21:44:46 --> You must set the database table to be used with your query.
in SYSTEMPATH/Database/BaseConnection.php on line 874.
 1 SYSTEMPATH/Model.php(586): CodeIgniter\Database\BaseConnection->table()
 2 SYSTEMPATH/Model.php(734): CodeIgniter\Model->builder()
 3 APPPATH/Models/Engine.php(348): CodeIgniter\Model->__get()
 4 APPPATH/Controllers/Api.php(30): App\Models\Engine->cronstart()
 5 SYSTEMPATH/CodeIgniter.php(896): App\Controllers\Api->postbillpayment()
 6 SYSTEMPATH/CodeIgniter.php(466): CodeIgniter\CodeIgniter->runController()
 7 SYSTEMPATH/CodeIgniter.php(349): CodeIgniter\CodeIgniter->handleRequest()
 8 FCPATH/index.php(57): CodeIgniter\CodeIgniter->run()
CRITICAL - 2024-08-07 21:44:51 --> You must set the database table to be used with your query.
in SYSTEMPATH/Database/BaseConnection.php on line 874.
 1 SYSTEMPATH/Model.php(586): CodeIgniter\Database\BaseConnection->table()
 2 SYSTEMPATH/Model.php(734): CodeIgniter\Model->builder()
 3 APPPATH/Models/Engine.php(348): CodeIgniter\Model->__get()
 4 APPPATH/Controllers/Api.php(30): App\Models\Engine->cronstart()
 5 SYSTEMPATH/CodeIgniter.php(896): App\Controllers\Api->postbillpayment()
 6 SYSTEMPATH/CodeIgniter.php(466): CodeIgniter\CodeIgniter->runController()
 7 SYSTEMPATH/CodeIgniter.php(349): CodeIgniter\CodeIgniter->handleRequest()
 8 FCPATH/index.php(57): CodeIgniter\CodeIgniter->run()
CRITICAL - 2024-08-07 21:44:56 --> You must set the database table to be used with your query.
in SYSTEMPATH/Database/BaseConnection.php on line 874.
 1 SYSTEMPATH/Model.php(586): CodeIgniter\Database\BaseConnection->table()
 2 SYSTEMPATH/Model.php(734): CodeIgniter\Model->builder()
 3 APPPATH/Models/Engine.php(348): CodeIgniter\Model->__get()
 4 APPPATH/Controllers/Api.php(30): App\Models\Engine->cronstart()
 5 SYSTEMPATH/CodeIgniter.php(896): App\Controllers\Api->postbillpayment()
 6 SYSTEMPATH/CodeIgniter.php(466): CodeIgniter\CodeIgniter->runController()
 7 SYSTEMPATH/CodeIgniter.php(349): CodeIgniter\CodeIgniter->handleRequest()
 8 FCPATH/index.php(57): CodeIgniter\CodeIgniter->run()
CRITICAL - 2024-08-07 21:45:01 --> You must set the database table to be used with your query.
in SYSTEMPATH/Database/BaseConnection.php on line 874.
 1 SYSTEMPATH/Model.php(586): CodeIgniter\Database\BaseConnection->table()
 2 SYSTEMPATH/Model.php(734): CodeIgniter\Model->builder()
 3 APPPATH/Models/Engine.php(348): CodeIgniter\Model->__get()
 4 APPPATH/Controllers/Api.php(30): App\Models\Engine->cronstart()
 5 SYSTEMPATH/CodeIgniter.php(896): App\Controllers\Api->postbillpayment()
 6 SYSTEMPATH/CodeIgniter.php(466): CodeIgniter\CodeIgniter->runController()
 7 SYSTEMPATH/CodeIgniter.php(349): CodeIgniter\CodeIgniter->handleRequest()
 8 FCPATH/index.php(57): CodeIgniter\CodeIgniter->run()
CRITICAL - 2024-08-07 21:45:01 --> You must set the database table to be used with your query.
in SYSTEMPATH/Database/BaseConnection.php on line 874.
 1 SYSTEMPATH/Model.php(586): CodeIgniter\Database\BaseConnection->table()
 2 SYSTEMPATH/Model.php(734): CodeIgniter\Model->builder()
 3 APPPATH/Models/Engine.php(348): CodeIgniter\Model->__get()
 4 APPPATH/Controllers/Api.php(30): App\Models\Engine->cronstart()
 5 SYSTEMPATH/CodeIgniter.php(896): App\Controllers\Api->postbillpayment()
 6 SYSTEMPATH/CodeIgniter.php(466): CodeIgniter\CodeIgniter->runController()
 7 SYSTEMPATH/CodeIgniter.php(349): CodeIgniter\CodeIgniter->handleRequest()
 8 FCPATH/index.php(57): CodeIgniter\CodeIgniter->run()
CRITICAL - 2024-08-07 21:45:06 --> You must set the database table to be used with your query.
in SYSTEMPATH/Database/BaseConnection.php on line 874.
 1 SYSTEMPATH/Model.php(586): CodeIgniter\Database\BaseConnection->table()
 2 SYSTEMPATH/Model.php(734): CodeIgniter\Model->builder()
 3 APPPATH/Models/Engine.php(348): CodeIgniter\Model->__get()
 4 APPPATH/Controllers/Api.php(30): App\Models\Engine->cronstart()
 5 SYSTEMPATH/CodeIgniter.php(896): App\Controllers\Api->postbillpayment()
 6 SYSTEMPATH/CodeIgniter.php(466): CodeIgniter\CodeIgniter->runController()
 7 SYSTEMPATH/CodeIgniter.php(349): CodeIgniter\CodeIgniter->handleRequest()
 8 FCPATH/index.php(57): CodeIgniter\CodeIgniter->run()
CRITICAL - 2024-08-07 21:45:11 --> You must set the database table to be used with your query.
in SYSTEMPATH/Database/BaseConnection.php on line 874.
 1 SYSTEMPATH/Model.php(586): CodeIgniter\Database\BaseConnection->table()
 2 SYSTEMPATH/Model.php(734): CodeIgniter\Model->builder()
 3 APPPATH/Models/Engine.php(348): CodeIgniter\Model->__get()
 4 APPPATH/Controllers/Api.php(30): App\Models\Engine->cronstart()
 5 SYSTEMPATH/CodeIgniter.php(896): App\Controllers\Api->postbillpayment()
 6 SYSTEMPATH/CodeIgniter.php(466): CodeIgniter\CodeIgniter->runController()
 7 SYSTEMPATH/CodeIgniter.php(349): CodeIgniter\CodeIgniter->handleRequest()
 8 FCPATH/index.php(57): CodeIgniter\CodeIgniter->run()
CRITICAL - 2024-08-07 21:45:16 --> You must set the database table to be used with your query.
in SYSTEMPATH/Database/BaseConnection.php on line 874.
 1 SYSTEMPATH/Model.php(586): CodeIgniter\Database\BaseConnection->table()
 2 SYSTEMPATH/Model.php(734): CodeIgniter\Model->builder()
 3 APPPATH/Models/Engine.php(348): CodeIgniter\Model->__get()
 4 APPPATH/Controllers/Api.php(30): App\Models\Engine->cronstart()
 5 SYSTEMPATH/CodeIgniter.php(896): App\Controllers\Api->postbillpayment()
 6 SYSTEMPATH/CodeIgniter.php(466): CodeIgniter\CodeIgniter->runController()
 7 SYSTEMPATH/CodeIgniter.php(349): CodeIgniter\CodeIgniter->handleRequest()
 8 FCPATH/index.php(57): CodeIgniter\CodeIgniter->run()
CRITICAL - 2024-08-07 21:45:21 --> You must set the database table to be used with your query.
in SYSTEMPATH/Database/BaseConnection.php on line 874.
 1 SYSTEMPATH/Model.php(586): CodeIgniter\Database\BaseConnection->table()
 2 SYSTEMPATH/Model.php(734): CodeIgniter\Model->builder()
 3 APPPATH/Models/Engine.php(348): CodeIgniter\Model->__get()
 4 APPPATH/Controllers/Api.php(30): App\Models\Engine->cronstart()
 5 SYSTEMPATH/CodeIgniter.php(896): App\Controllers\Api->postbillpayment()
 6 SYSTEMPATH/CodeIgniter.php(466): CodeIgniter\CodeIgniter->runController()
 7 SYSTEMPATH/CodeIgniter.php(349): CodeIgniter\CodeIgniter->handleRequest()
 8 FCPATH/index.php(57): CodeIgniter\CodeIgniter->run()
CRITICAL - 2024-08-07 21:45:26 --> You must set the database table to be used with your query.
in SYSTEMPATH/Database/BaseConnection.php on line 874.
 1 SYSTEMPATH/Model.php(586): CodeIgniter\Database\BaseConnection->table()
 2 SYSTEMPATH/Model.php(734): CodeIgniter\Model->builder()
 3 APPPATH/Models/Engine.php(348): CodeIgniter\Model->__get()
 4 APPPATH/Controllers/Api.php(30): App\Models\Engine->cronstart()
 5 SYSTEMPATH/CodeIgniter.php(896): App\Controllers\Api->postbillpayment()
 6 SYSTEMPATH/CodeIgniter.php(466): CodeIgniter\CodeIgniter->runController()
 7 SYSTEMPATH/CodeIgniter.php(349): CodeIgniter\CodeIgniter->handleRequest()
 8 FCPATH/index.php(57): CodeIgniter\CodeIgniter->run()
CRITICAL - 2024-08-07 21:45:31 --> You must set the database table to be used with your query.
in SYSTEMPATH/Database/BaseConnection.php on line 874.
 1 SYSTEMPATH/Model.php(586): CodeIgniter\Database\BaseConnection->table()
 2 SYSTEMPATH/Model.php(734): CodeIgniter\Model->builder()
 3 APPPATH/Models/Engine.php(348): CodeIgniter\Model->__get()
 4 APPPATH/Controllers/Api.php(30): App\Models\Engine->cronstart()
 5 SYSTEMPATH/CodeIgniter.php(896): App\Controllers\Api->postbillpayment()
 6 SYSTEMPATH/CodeIgniter.php(466): CodeIgniter\CodeIgniter->runController()
 7 SYSTEMPATH/CodeIgniter.php(349): CodeIgniter\CodeIgniter->handleRequest()
 8 FCPATH/index.php(57): CodeIgniter\CodeIgniter->run()
CRITICAL - 2024-08-07 21:45:31 --> You must set the database table to be used with your query.
in SYSTEMPATH/Database/BaseConnection.php on line 874.
 1 SYSTEMPATH/Model.php(586): CodeIgniter\Database\BaseConnection->table()
 2 SYSTEMPATH/Model.php(734): CodeIgniter\Model->builder()
 3 APPPATH/Models/Engine.php(348): CodeIgniter\Model->__get()
 4 APPPATH/Controllers/Api.php(30): App\Models\Engine->cronstart()
 5 SYSTEMPATH/CodeIgniter.php(896): App\Controllers\Api->postbillpayment()
 6 SYSTEMPATH/CodeIgniter.php(466): CodeIgniter\CodeIgniter->runController()
 7 SYSTEMPATH/CodeIgniter.php(349): CodeIgniter\CodeIgniter->handleRequest()
 8 FCPATH/index.php(57): CodeIgniter\CodeIgniter->run()
CRITICAL - 2024-08-07 21:45:36 --> You must set the database table to be used with your query.
in SYSTEMPATH/Database/BaseConnection.php on line 874.
 1 SYSTEMPATH/Model.php(586): CodeIgniter\Database\BaseConnection->table()
 2 SYSTEMPATH/Model.php(734): CodeIgniter\Model->builder()
 3 APPPATH/Models/Engine.php(348): CodeIgniter\Model->__get()
 4 APPPATH/Controllers/Api.php(30): App\Models\Engine->cronstart()
 5 SYSTEMPATH/CodeIgniter.php(896): App\Controllers\Api->postbillpayment()
 6 SYSTEMPATH/CodeIgniter.php(466): CodeIgniter\CodeIgniter->runController()
 7 SYSTEMPATH/CodeIgniter.php(349): CodeIgniter\CodeIgniter->handleRequest()
 8 FCPATH/index.php(57): CodeIgniter\CodeIgniter->run()
CRITICAL - 2024-08-07 21:45:41 --> You must set the database table to be used with your query.
in SYSTEMPATH/Database/BaseConnection.php on line 874.
 1 SYSTEMPATH/Model.php(586): CodeIgniter\Database\BaseConnection->table()
 2 SYSTEMPATH/Model.php(734): CodeIgniter\Model->builder()
 3 APPPATH/Models/Engine.php(348): CodeIgniter\Model->__get()
 4 APPPATH/Controllers/Api.php(30): App\Models\Engine->cronstart()
 5 SYSTEMPATH/CodeIgniter.php(896): App\Controllers\Api->postbillpayment()
 6 SYSTEMPATH/CodeIgniter.php(466): CodeIgniter\CodeIgniter->runController()
 7 SYSTEMPATH/CodeIgniter.php(349): CodeIgniter\CodeIgniter->handleRequest()
 8 FCPATH/index.php(57): CodeIgniter\CodeIgniter->run()
CRITICAL - 2024-08-07 21:45:46 --> You must set the database table to be used with your query.
in SYSTEMPATH/Database/BaseConnection.php on line 874.
 1 SYSTEMPATH/Model.php(586): CodeIgniter\Database\BaseConnection->table()
 2 SYSTEMPATH/Model.php(734): CodeIgniter\Model->builder()
 3 APPPATH/Models/Engine.php(348): CodeIgniter\Model->__get()
 4 APPPATH/Controllers/Api.php(30): App\Models\Engine->cronstart()
 5 SYSTEMPATH/CodeIgniter.php(896): App\Controllers\Api->postbillpayment()
 6 SYSTEMPATH/CodeIgniter.php(466): CodeIgniter\CodeIgniter->runController()
 7 SYSTEMPATH/CodeIgniter.php(349): CodeIgniter\CodeIgniter->handleRequest()
 8 FCPATH/index.php(57): CodeIgniter\CodeIgniter->run()
CRITICAL - 2024-08-07 21:45:51 --> You must set the database table to be used with your query.
in SYSTEMPATH/Database/BaseConnection.php on line 874.
 1 SYSTEMPATH/Model.php(586): CodeIgniter\Database\BaseConnection->table()
 2 SYSTEMPATH/Model.php(734): CodeIgniter\Model->builder()
 3 APPPATH/Models/Engine.php(348): CodeIgniter\Model->__get()
 4 APPPATH/Controllers/Api.php(30): App\Models\Engine->cronstart()
 5 SYSTEMPATH/CodeIgniter.php(896): App\Controllers\Api->postbillpayment()
 6 SYSTEMPATH/CodeIgniter.php(466): CodeIgniter\CodeIgniter->runController()
 7 SYSTEMPATH/CodeIgniter.php(349): CodeIgniter\CodeIgniter->handleRequest()
 8 FCPATH/index.php(57): CodeIgniter\CodeIgniter->run()
CRITICAL - 2024-08-07 21:45:56 --> You must set the database table to be used with your query.
in SYSTEMPATH/Database/BaseConnection.php on line 874.
 1 SYSTEMPATH/Model.php(586): CodeIgniter\Database\BaseConnection->table()
 2 SYSTEMPATH/Model.php(734): CodeIgniter\Model->builder()
 3 APPPATH/Models/Engine.php(348): CodeIgniter\Model->__get()
 4 APPPATH/Controllers/Api.php(30): App\Models\Engine->cronstart()
 5 SYSTEMPATH/CodeIgniter.php(896): App\Controllers\Api->postbillpayment()
 6 SYSTEMPATH/CodeIgniter.php(466): CodeIgniter\CodeIgniter->runController()
 7 SYSTEMPATH/CodeIgniter.php(349): CodeIgniter\CodeIgniter->handleRequest()
 8 FCPATH/index.php(57): CodeIgniter\CodeIgniter->run()
CRITICAL - 2024-08-07 21:46:01 --> You must set the database table to be used with your query.
in SYSTEMPATH/Database/BaseConnection.php on line 874.
 1 SYSTEMPATH/Model.php(586): CodeIgniter\Database\BaseConnection->table()
 2 SYSTEMPATH/Model.php(734): CodeIgniter\Model->builder()
 3 APPPATH/Models/Engine.php(348): CodeIgniter\Model->__get()
 4 APPPATH/Controllers/Api.php(30): App\Models\Engine->cronstart()
 5 SYSTEMPATH/CodeIgniter.php(896): App\Controllers\Api->postbillpayment()
 6 SYSTEMPATH/CodeIgniter.php(466): CodeIgniter\CodeIgniter->runController()
 7 SYSTEMPATH/CodeIgniter.php(349): CodeIgniter\CodeIgniter->handleRequest()
 8 FCPATH/index.php(57): CodeIgniter\CodeIgniter->run()
CRITICAL - 2024-08-07 21:46:01 --> You must set the database table to be used with your query.
in SYSTEMPATH/Database/BaseConnection.php on line 874.
 1 SYSTEMPATH/Model.php(586): CodeIgniter\Database\BaseConnection->table()
 2 SYSTEMPATH/Model.php(734): CodeIgniter\Model->builder()
 3 APPPATH/Models/Engine.php(348): CodeIgniter\Model->__get()
 4 APPPATH/Controllers/Api.php(30): App\Models\Engine->cronstart()
 5 SYSTEMPATH/CodeIgniter.php(896): App\Controllers\Api->postbillpayment()
 6 SYSTEMPATH/CodeIgniter.php(466): CodeIgniter\CodeIgniter->runController()
 7 SYSTEMPATH/CodeIgniter.php(349): CodeIgniter\CodeIgniter->handleRequest()
 8 FCPATH/index.php(57): CodeIgniter\CodeIgniter->run()
CRITICAL - 2024-08-07 21:46:06 --> You must set the database table to be used with your query.
in SYSTEMPATH/Database/BaseConnection.php on line 874.
 1 SYSTEMPATH/Model.php(586): CodeIgniter\Database\BaseConnection->table()
 2 SYSTEMPATH/Model.php(734): CodeIgniter\Model->builder()
 3 APPPATH/Models/Engine.php(348): CodeIgniter\Model->__get()
 4 APPPATH/Controllers/Api.php(30): App\Models\Engine->cronstart()
 5 SYSTEMPATH/CodeIgniter.php(896): App\Controllers\Api->postbillpayment()
 6 SYSTEMPATH/CodeIgniter.php(466): CodeIgniter\CodeIgniter->runController()
 7 SYSTEMPATH/CodeIgniter.php(349): CodeIgniter\CodeIgniter->handleRequest()
 8 FCPATH/index.php(57): CodeIgniter\CodeIgniter->run()
CRITICAL - 2024-08-07 21:46:11 --> You must set the database table to be used with your query.
in SYSTEMPATH/Database/BaseConnection.php on line 874.
 1 SYSTEMPATH/Model.php(586): CodeIgniter\Database\BaseConnection->table()
 2 SYSTEMPATH/Model.php(734): CodeIgniter\Model->builder()
 3 APPPATH/Models/Engine.php(348): CodeIgniter\Model->__get()
 4 APPPATH/Controllers/Api.php(30): App\Models\Engine->cronstart()
 5 SYSTEMPATH/CodeIgniter.php(896): App\Controllers\Api->postbillpayment()
 6 SYSTEMPATH/CodeIgniter.php(466): CodeIgniter\CodeIgniter->runController()
 7 SYSTEMPATH/CodeIgniter.php(349): CodeIgniter\CodeIgniter->handleRequest()
 8 FCPATH/index.php(57): CodeIgniter\CodeIgniter->run()
CRITICAL - 2024-08-07 21:46:16 --> You must set the database table to be used with your query.
in SYSTEMPATH/Database/BaseConnection.php on line 874.
 1 SYSTEMPATH/Model.php(586): CodeIgniter\Database\BaseConnection->table()
 2 SYSTEMPATH/Model.php(734): CodeIgniter\Model->builder()
 3 APPPATH/Models/Engine.php(348): CodeIgniter\Model->__get()
 4 APPPATH/Controllers/Api.php(30): App\Models\Engine->cronstart()
 5 SYSTEMPATH/CodeIgniter.php(896): App\Controllers\Api->postbillpayment()
 6 SYSTEMPATH/CodeIgniter.php(466): CodeIgniter\CodeIgniter->runController()
 7 SYSTEMPATH/CodeIgniter.php(349): CodeIgniter\CodeIgniter->handleRequest()
 8 FCPATH/index.php(57): CodeIgniter\CodeIgniter->run()
CRITICAL - 2024-08-07 21:46:21 --> You must set the database table to be used with your query.
in SYSTEMPATH/Database/BaseConnection.php on line 874.
 1 SYSTEMPATH/Model.php(586): CodeIgniter\Database\BaseConnection->table()
 2 SYSTEMPATH/Model.php(734): CodeIgniter\Model->builder()
 3 APPPATH/Models/Engine.php(348): CodeIgniter\Model->__get()
 4 APPPATH/Controllers/Api.php(30): App\Models\Engine->cronstart()
 5 SYSTEMPATH/CodeIgniter.php(896): App\Controllers\Api->postbillpayment()
 6 SYSTEMPATH/CodeIgniter.php(466): CodeIgniter\CodeIgniter->runController()
 7 SYSTEMPATH/CodeIgniter.php(349): CodeIgniter\CodeIgniter->handleRequest()
 8 FCPATH/index.php(57): CodeIgniter\CodeIgniter->run()
CRITICAL - 2024-08-07 21:46:26 --> You must set the database table to be used with your query.
in SYSTEMPATH/Database/BaseConnection.php on line 874.
 1 SYSTEMPATH/Model.php(586): CodeIgniter\Database\BaseConnection->table()
 2 SYSTEMPATH/Model.php(734): CodeIgniter\Model->builder()
 3 APPPATH/Models/Engine.php(348): CodeIgniter\Model->__get()
 4 APPPATH/Controllers/Api.php(30): App\Models\Engine->cronstart()
 5 SYSTEMPATH/CodeIgniter.php(896): App\Controllers\Api->postbillpayment()
 6 SYSTEMPATH/CodeIgniter.php(466): CodeIgniter\CodeIgniter->runController()
 7 SYSTEMPATH/CodeIgniter.php(349): CodeIgniter\CodeIgniter->handleRequest()
 8 FCPATH/index.php(57): CodeIgniter\CodeIgniter->run()
CRITICAL - 2024-08-07 21:46:31 --> You must set the database table to be used with your query.
in SYSTEMPATH/Database/BaseConnection.php on line 874.
 1 SYSTEMPATH/Model.php(586): CodeIgniter\Database\BaseConnection->table()
 2 SYSTEMPATH/Model.php(734): CodeIgniter\Model->builder()
 3 APPPATH/Models/Engine.php(348): CodeIgniter\Model->__get()
 4 APPPATH/Controllers/Api.php(30): App\Models\Engine->cronstart()
 5 SYSTEMPATH/CodeIgniter.php(896): App\Controllers\Api->postbillpayment()
 6 SYSTEMPATH/CodeIgniter.php(466): CodeIgniter\CodeIgniter->runController()
 7 SYSTEMPATH/CodeIgniter.php(349): CodeIgniter\CodeIgniter->handleRequest()
 8 FCPATH/index.php(57): CodeIgniter\CodeIgniter->run()
CRITICAL - 2024-08-07 21:46:31 --> You must set the database table to be used with your query.
in SYSTEMPATH/Database/BaseConnection.php on line 874.
 1 SYSTEMPATH/Model.php(586): CodeIgniter\Database\BaseConnection->table()
 2 SYSTEMPATH/Model.php(734): CodeIgniter\Model->builder()
 3 APPPATH/Models/Engine.php(348): CodeIgniter\Model->__get()
 4 APPPATH/Controllers/Api.php(30): App\Models\Engine->cronstart()
 5 SYSTEMPATH/CodeIgniter.php(896): App\Controllers\Api->postbillpayment()
 6 SYSTEMPATH/CodeIgniter.php(466): CodeIgniter\CodeIgniter->runController()
 7 SYSTEMPATH/CodeIgniter.php(349): CodeIgniter\CodeIgniter->handleRequest()
 8 FCPATH/index.php(57): CodeIgniter\CodeIgniter->run()
CRITICAL - 2024-08-07 21:46:36 --> You must set the database table to be used with your query.
in SYSTEMPATH/Database/BaseConnection.php on line 874.
 1 SYSTEMPATH/Model.php(586): CodeIgniter\Database\BaseConnection->table()
 2 SYSTEMPATH/Model.php(734): CodeIgniter\Model->builder()
 3 APPPATH/Models/Engine.php(348): CodeIgniter\Model->__get()
 4 APPPATH/Controllers/Api.php(30): App\Models\Engine->cronstart()
 5 SYSTEMPATH/CodeIgniter.php(896): App\Controllers\Api->postbillpayment()
 6 SYSTEMPATH/CodeIgniter.php(466): CodeIgniter\CodeIgniter->runController()
 7 SYSTEMPATH/CodeIgniter.php(349): CodeIgniter\CodeIgniter->handleRequest()
 8 FCPATH/index.php(57): CodeIgniter\CodeIgniter->run()
CRITICAL - 2024-08-07 21:46:41 --> You must set the database table to be used with your query.
in SYSTEMPATH/Database/BaseConnection.php on line 874.
 1 SYSTEMPATH/Model.php(586): CodeIgniter\Database\BaseConnection->table()
 2 SYSTEMPATH/Model.php(734): CodeIgniter\Model->builder()
 3 APPPATH/Models/Engine.php(274): CodeIgniter\Model->__get()
 4 APPPATH/Controllers/Api.php(31): App\Models\Engine->doSynchBillPaymentsEHMS()
 5 SYSTEMPATH/CodeIgniter.php(896): App\Controllers\Api->postbillpayment()
 6 SYSTEMPATH/CodeIgniter.php(466): CodeIgniter\CodeIgniter->runController()
 7 SYSTEMPATH/CodeIgniter.php(349): CodeIgniter\CodeIgniter->handleRequest()
 8 FCPATH/index.php(57): CodeIgniter\CodeIgniter->run()
CRITICAL - 2024-08-07 21:47:42 --> You must set the database table to be used with your query.
in SYSTEMPATH/Database/BaseConnection.php on line 874.
 1 SYSTEMPATH/Model.php(586): CodeIgniter\Database\BaseConnection->table()
 2 SYSTEMPATH/Model.php(734): CodeIgniter\Model->builder()
 3 APPPATH/Models/Engine.php(274): CodeIgniter\Model->__get()
 4 APPPATH/Controllers/Api.php(31): App\Models\Engine->doSynchBillPaymentsEHMS()
 5 SYSTEMPATH/CodeIgniter.php(896): App\Controllers\Api->postbillpayment()
 6 SYSTEMPATH/CodeIgniter.php(466): CodeIgniter\CodeIgniter->runController()
 7 SYSTEMPATH/CodeIgniter.php(349): CodeIgniter\CodeIgniter->handleRequest()
 8 FCPATH/index.php(57): CodeIgniter\CodeIgniter->run()
CRITICAL - 2024-08-07 21:47:45 --> You must set the database table to be used with your query.
in SYSTEMPATH/Database/BaseConnection.php on line 874.
 1 SYSTEMPATH/Model.php(586): CodeIgniter\Database\BaseConnection->table()
 2 SYSTEMPATH/Model.php(734): CodeIgniter\Model->builder()
 3 APPPATH/Models/Engine.php(274): CodeIgniter\Model->__get()
 4 APPPATH/Controllers/Api.php(31): App\Models\Engine->doSynchBillPaymentsEHMS()
 5 SYSTEMPATH/CodeIgniter.php(896): App\Controllers\Api->postbillpayment()
 6 SYSTEMPATH/CodeIgniter.php(466): CodeIgniter\CodeIgniter->runController()
 7 SYSTEMPATH/CodeIgniter.php(349): CodeIgniter\CodeIgniter->handleRequest()
 8 FCPATH/index.php(57): CodeIgniter\CodeIgniter->run()
CRITICAL - 2024-08-07 21:47:47 --> You must set the database table to be used with your query.
in SYSTEMPATH/Database/BaseConnection.php on line 874.
 1 SYSTEMPATH/Model.php(586): CodeIgniter\Database\BaseConnection->table()
 2 SYSTEMPATH/Model.php(734): CodeIgniter\Model->builder()
 3 APPPATH/Models/Engine.php(274): CodeIgniter\Model->__get()
 4 APPPATH/Controllers/Api.php(31): App\Models\Engine->doSynchBillPaymentsEHMS()
 5 SYSTEMPATH/CodeIgniter.php(896): App\Controllers\Api->postbillpayment()
 6 SYSTEMPATH/CodeIgniter.php(466): CodeIgniter\CodeIgniter->runController()
 7 SYSTEMPATH/CodeIgniter.php(349): CodeIgniter\CodeIgniter->handleRequest()
 8 FCPATH/index.php(57): CodeIgniter\CodeIgniter->run()
CRITICAL - 2024-08-07 21:47:52 --> You must set the database table to be used with your query.
in SYSTEMPATH/Database/BaseConnection.php on line 874.
 1 SYSTEMPATH/Model.php(586): CodeIgniter\Database\BaseConnection->table()
 2 SYSTEMPATH/Model.php(734): CodeIgniter\Model->builder()
 3 APPPATH/Models/Engine.php(274): CodeIgniter\Model->__get()
 4 APPPATH/Controllers/Api.php(31): App\Models\Engine->doSynchBillPaymentsEHMS()
 5 SYSTEMPATH/CodeIgniter.php(896): App\Controllers\Api->postbillpayment()
 6 SYSTEMPATH/CodeIgniter.php(466): CodeIgniter\CodeIgniter->runController()
 7 SYSTEMPATH/CodeIgniter.php(349): CodeIgniter\CodeIgniter->handleRequest()
 8 FCPATH/index.php(57): CodeIgniter\CodeIgniter->run()
CRITICAL - 2024-08-07 21:47:57 --> You must set the database table to be used with your query.
in SYSTEMPATH/Database/BaseConnection.php on line 874.
 1 SYSTEMPATH/Model.php(586): CodeIgniter\Database\BaseConnection->table()
 2 SYSTEMPATH/Model.php(734): CodeIgniter\Model->builder()
 3 APPPATH/Models/Engine.php(274): CodeIgniter\Model->__get()
 4 APPPATH/Controllers/Api.php(31): App\Models\Engine->doSynchBillPaymentsEHMS()
 5 SYSTEMPATH/CodeIgniter.php(896): App\Controllers\Api->postbillpayment()
 6 SYSTEMPATH/CodeIgniter.php(466): CodeIgniter\CodeIgniter->runController()
 7 SYSTEMPATH/CodeIgniter.php(349): CodeIgniter\CodeIgniter->handleRequest()
 8 FCPATH/index.php(57): CodeIgniter\CodeIgniter->run()
CRITICAL - 2024-08-07 21:48:01 --> You must set the database table to be used with your query.
in SYSTEMPATH/Database/BaseConnection.php on line 874.
 1 SYSTEMPATH/Model.php(586): CodeIgniter\Database\BaseConnection->table()
 2 SYSTEMPATH/Model.php(734): CodeIgniter\Model->builder()
 3 APPPATH/Models/Engine.php(274): CodeIgniter\Model->__get()
 4 APPPATH/Controllers/Api.php(31): App\Models\Engine->doSynchBillPaymentsEHMS()
 5 SYSTEMPATH/CodeIgniter.php(896): App\Controllers\Api->postbillpayment()
 6 SYSTEMPATH/CodeIgniter.php(466): CodeIgniter\CodeIgniter->runController()
 7 SYSTEMPATH/CodeIgniter.php(349): CodeIgniter\CodeIgniter->handleRequest()
 8 FCPATH/index.php(57): CodeIgniter\CodeIgniter->run()
CRITICAL - 2024-08-07 21:48:01 --> You must set the database table to be used with your query.
in SYSTEMPATH/Database/BaseConnection.php on line 874.
 1 SYSTEMPATH/Model.php(586): CodeIgniter\Database\BaseConnection->table()
 2 SYSTEMPATH/Model.php(734): CodeIgniter\Model->builder()
 3 APPPATH/Models/Engine.php(274): CodeIgniter\Model->__get()
 4 APPPATH/Controllers/Api.php(31): App\Models\Engine->doSynchBillPaymentsEHMS()
 5 SYSTEMPATH/CodeIgniter.php(896): App\Controllers\Api->postbillpayment()
 6 SYSTEMPATH/CodeIgniter.php(466): CodeIgniter\CodeIgniter->runController()
 7 SYSTEMPATH/CodeIgniter.php(349): CodeIgniter\CodeIgniter->handleRequest()
 8 FCPATH/index.php(57): CodeIgniter\CodeIgniter->run()
CRITICAL - 2024-08-07 21:48:06 --> You must set the database table to be used with your query.
in SYSTEMPATH/Database/BaseConnection.php on line 874.
 1 SYSTEMPATH/Model.php(586): CodeIgniter\Database\BaseConnection->table()
 2 SYSTEMPATH/Model.php(734): CodeIgniter\Model->builder()
 3 APPPATH/Models/Engine.php(274): CodeIgniter\Model->__get()
 4 APPPATH/Controllers/Api.php(31): App\Models\Engine->doSynchBillPaymentsEHMS()
 5 SYSTEMPATH/CodeIgniter.php(896): App\Controllers\Api->postbillpayment()
 6 SYSTEMPATH/CodeIgniter.php(466): CodeIgniter\CodeIgniter->runController()
 7 SYSTEMPATH/CodeIgniter.php(349): CodeIgniter\CodeIgniter->handleRequest()
 8 FCPATH/index.php(57): CodeIgniter\CodeIgniter->run()
CRITICAL - 2024-08-07 21:48:16 --> You must set the database table to be used with your query.
in SYSTEMPATH/Database/BaseConnection.php on line 874.
 1 SYSTEMPATH/Model.php(586): CodeIgniter\Database\BaseConnection->table()
 2 SYSTEMPATH/Model.php(734): CodeIgniter\Model->builder()
 3 APPPATH/Models/Engine.php(274): CodeIgniter\Model->__get()
 4 APPPATH/Controllers/Api.php(31): App\Models\Engine->doSynchBillPaymentsEHMS()
 5 SYSTEMPATH/CodeIgniter.php(896): App\Controllers\Api->postbillpayment()
 6 SYSTEMPATH/CodeIgniter.php(466): CodeIgniter\CodeIgniter->runController()
 7 SYSTEMPATH/CodeIgniter.php(349): CodeIgniter\CodeIgniter->handleRequest()
 8 FCPATH/index.php(57): CodeIgniter\CodeIgniter->run()
CRITICAL - 2024-08-07 21:48:16 --> You must set the database table to be used with your query.
in SYSTEMPATH/Database/BaseConnection.php on line 874.
 1 SYSTEMPATH/Model.php(586): CodeIgniter\Database\BaseConnection->table()
 2 SYSTEMPATH/Model.php(734): CodeIgniter\Model->builder()
 3 APPPATH/Models/Engine.php(274): CodeIgniter\Model->__get()
 4 APPPATH/Controllers/Api.php(31): App\Models\Engine->doSynchBillPaymentsEHMS()
 5 SYSTEMPATH/CodeIgniter.php(896): App\Controllers\Api->postbillpayment()
 6 SYSTEMPATH/CodeIgniter.php(466): CodeIgniter\CodeIgniter->runController()
 7 SYSTEMPATH/CodeIgniter.php(349): CodeIgniter\CodeIgniter->handleRequest()
 8 FCPATH/index.php(57): CodeIgniter\CodeIgniter->run()
CRITICAL - 2024-08-07 21:48:21 --> You must set the database table to be used with your query.
in SYSTEMPATH/Database/BaseConnection.php on line 874.
 1 SYSTEMPATH/Model.php(586): CodeIgniter\Database\BaseConnection->table()
 2 SYSTEMPATH/Model.php(734): CodeIgniter\Model->builder()
 3 APPPATH/Models/Engine.php(274): CodeIgniter\Model->__get()
 4 APPPATH/Controllers/Api.php(31): App\Models\Engine->doSynchBillPaymentsEHMS()
 5 SYSTEMPATH/CodeIgniter.php(896): App\Controllers\Api->postbillpayment()
 6 SYSTEMPATH/CodeIgniter.php(466): CodeIgniter\CodeIgniter->runController()
 7 SYSTEMPATH/CodeIgniter.php(349): CodeIgniter\CodeIgniter->handleRequest()
 8 FCPATH/index.php(57): CodeIgniter\CodeIgniter->run()
CRITICAL - 2024-08-07 21:48:26 --> You must set the database table to be used with your query.
in SYSTEMPATH/Database/BaseConnection.php on line 874.
 1 SYSTEMPATH/Model.php(586): CodeIgniter\Database\BaseConnection->table()
 2 SYSTEMPATH/Model.php(734): CodeIgniter\Model->builder()
 3 APPPATH/Models/Engine.php(274): CodeIgniter\Model->__get()
 4 APPPATH/Controllers/Api.php(31): App\Models\Engine->doSynchBillPaymentsEHMS()
 5 SYSTEMPATH/CodeIgniter.php(896): App\Controllers\Api->postbillpayment()
 6 SYSTEMPATH/CodeIgniter.php(466): CodeIgniter\CodeIgniter->runController()
 7 SYSTEMPATH/CodeIgniter.php(349): CodeIgniter\CodeIgniter->handleRequest()
 8 FCPATH/index.php(57): CodeIgniter\CodeIgniter->run()
CRITICAL - 2024-08-07 21:48:31 --> You must set the database table to be used with your query.
in SYSTEMPATH/Database/BaseConnection.php on line 874.
 1 SYSTEMPATH/Model.php(586): CodeIgniter\Database\BaseConnection->table()
 2 SYSTEMPATH/Model.php(734): CodeIgniter\Model->builder()
 3 APPPATH/Models/Engine.php(274): CodeIgniter\Model->__get()
 4 APPPATH/Controllers/Api.php(31): App\Models\Engine->doSynchBillPaymentsEHMS()
 5 SYSTEMPATH/CodeIgniter.php(896): App\Controllers\Api->postbillpayment()
 6 SYSTEMPATH/CodeIgniter.php(466): CodeIgniter\CodeIgniter->runController()
 7 SYSTEMPATH/CodeIgniter.php(349): CodeIgniter\CodeIgniter->handleRequest()
 8 FCPATH/index.php(57): CodeIgniter\CodeIgniter->run()
CRITICAL - 2024-08-07 21:48:31 --> You must set the database table to be used with your query.
in SYSTEMPATH/Database/BaseConnection.php on line 874.
 1 SYSTEMPATH/Model.php(586): CodeIgniter\Database\BaseConnection->table()
 2 SYSTEMPATH/Model.php(734): CodeIgniter\Model->builder()
 3 APPPATH/Models/Engine.php(274): CodeIgniter\Model->__get()
 4 APPPATH/Controllers/Api.php(31): App\Models\Engine->doSynchBillPaymentsEHMS()
 5 SYSTEMPATH/CodeIgniter.php(896): App\Controllers\Api->postbillpayment()
 6 SYSTEMPATH/CodeIgniter.php(466): CodeIgniter\CodeIgniter->runController()
 7 SYSTEMPATH/CodeIgniter.php(349): CodeIgniter\CodeIgniter->handleRequest()
 8 FCPATH/index.php(57): CodeIgniter\CodeIgniter->run()
CRITICAL - 2024-08-07 21:48:36 --> You must set the database table to be used with your query.
in SYSTEMPATH/Database/BaseConnection.php on line 874.
 1 SYSTEMPATH/Model.php(586): CodeIgniter\Database\BaseConnection->table()
 2 SYSTEMPATH/Model.php(734): CodeIgniter\Model->builder()
 3 APPPATH/Models/Engine.php(274): CodeIgniter\Model->__get()
 4 APPPATH/Controllers/Api.php(31): App\Models\Engine->doSynchBillPaymentsEHMS()
 5 SYSTEMPATH/CodeIgniter.php(896): App\Controllers\Api->postbillpayment()
 6 SYSTEMPATH/CodeIgniter.php(466): CodeIgniter\CodeIgniter->runController()
 7 SYSTEMPATH/CodeIgniter.php(349): CodeIgniter\CodeIgniter->handleRequest()
 8 FCPATH/index.php(57): CodeIgniter\CodeIgniter->run()
CRITICAL - 2024-08-07 21:48:41 --> You must set the database table to be used with your query.
in SYSTEMPATH/Database/BaseConnection.php on line 874.
 1 SYSTEMPATH/Model.php(586): CodeIgniter\Database\BaseConnection->table()
 2 SYSTEMPATH/Model.php(734): CodeIgniter\Model->builder()
 3 APPPATH/Models/Engine.php(274): CodeIgniter\Model->__get()
 4 APPPATH/Controllers/Api.php(31): App\Models\Engine->doSynchBillPaymentsEHMS()
 5 SYSTEMPATH/CodeIgniter.php(896): App\Controllers\Api->postbillpayment()
 6 SYSTEMPATH/CodeIgniter.php(466): CodeIgniter\CodeIgniter->runController()
 7 SYSTEMPATH/CodeIgniter.php(349): CodeIgniter\CodeIgniter->handleRequest()
 8 FCPATH/index.php(57): CodeIgniter\CodeIgniter->run()
CRITICAL - 2024-08-07 21:48:46 --> You must set the database table to be used with your query.
in SYSTEMPATH/Database/BaseConnection.php on line 874.
 1 SYSTEMPATH/Model.php(586): CodeIgniter\Database\BaseConnection->table()
 2 SYSTEMPATH/Model.php(734): CodeIgniter\Model->builder()
 3 APPPATH/Models/Engine.php(274): CodeIgniter\Model->__get()
 4 APPPATH/Controllers/Api.php(31): App\Models\Engine->doSynchBillPaymentsEHMS()
 5 SYSTEMPATH/CodeIgniter.php(896): App\Controllers\Api->postbillpayment()
 6 SYSTEMPATH/CodeIgniter.php(466): CodeIgniter\CodeIgniter->runController()
 7 SYSTEMPATH/CodeIgniter.php(349): CodeIgniter\CodeIgniter->handleRequest()
 8 FCPATH/index.php(57): CodeIgniter\CodeIgniter->run()
CRITICAL - 2024-08-07 21:48:51 --> You must set the database table to be used with your query.
in SYSTEMPATH/Database/BaseConnection.php on line 874.
 1 SYSTEMPATH/Model.php(586): CodeIgniter\Database\BaseConnection->table()
 2 SYSTEMPATH/Model.php(734): CodeIgniter\Model->builder()
 3 APPPATH/Models/Engine.php(274): CodeIgniter\Model->__get()
 4 APPPATH/Controllers/Api.php(31): App\Models\Engine->doSynchBillPaymentsEHMS()
 5 SYSTEMPATH/CodeIgniter.php(896): App\Controllers\Api->postbillpayment()
 6 SYSTEMPATH/CodeIgniter.php(466): CodeIgniter\CodeIgniter->runController()
 7 SYSTEMPATH/CodeIgniter.php(349): CodeIgniter\CodeIgniter->handleRequest()
 8 FCPATH/index.php(57): CodeIgniter\CodeIgniter->run()
CRITICAL - 2024-08-07 21:48:56 --> You must set the database table to be used with your query.
in SYSTEMPATH/Database/BaseConnection.php on line 874.
 1 SYSTEMPATH/Model.php(586): CodeIgniter\Database\BaseConnection->table()
 2 SYSTEMPATH/Model.php(734): CodeIgniter\Model->builder()
 3 APPPATH/Models/Engine.php(274): CodeIgniter\Model->__get()
 4 APPPATH/Controllers/Api.php(31): App\Models\Engine->doSynchBillPaymentsEHMS()
 5 SYSTEMPATH/CodeIgniter.php(896): App\Controllers\Api->postbillpayment()
 6 SYSTEMPATH/CodeIgniter.php(466): CodeIgniter\CodeIgniter->runController()
 7 SYSTEMPATH/CodeIgniter.php(349): CodeIgniter\CodeIgniter->handleRequest()
 8 FCPATH/index.php(57): CodeIgniter\CodeIgniter->run()
CRITICAL - 2024-08-07 21:49:01 --> You must set the database table to be used with your query.
in SYSTEMPATH/Database/BaseConnection.php on line 874.
 1 SYSTEMPATH/Model.php(586): CodeIgniter\Database\BaseConnection->table()
 2 SYSTEMPATH/Model.php(734): CodeIgniter\Model->builder()
 3 APPPATH/Models/Engine.php(274): CodeIgniter\Model->__get()
 4 APPPATH/Controllers/Api.php(31): App\Models\Engine->doSynchBillPaymentsEHMS()
 5 SYSTEMPATH/CodeIgniter.php(896): App\Controllers\Api->postbillpayment()
 6 SYSTEMPATH/CodeIgniter.php(466): CodeIgniter\CodeIgniter->runController()
 7 SYSTEMPATH/CodeIgniter.php(349): CodeIgniter\CodeIgniter->handleRequest()
 8 FCPATH/index.php(57): CodeIgniter\CodeIgniter->run()
CRITICAL - 2024-08-07 21:49:01 --> You must set the database table to be used with your query.
in SYSTEMPATH/Database/BaseConnection.php on line 874.
 1 SYSTEMPATH/Model.php(586): CodeIgniter\Database\BaseConnection->table()
 2 SYSTEMPATH/Model.php(734): CodeIgniter\Model->builder()
 3 APPPATH/Models/Engine.php(274): CodeIgniter\Model->__get()
 4 APPPATH/Controllers/Api.php(31): App\Models\Engine->doSynchBillPaymentsEHMS()
 5 SYSTEMPATH/CodeIgniter.php(896): App\Controllers\Api->postbillpayment()
 6 SYSTEMPATH/CodeIgniter.php(466): CodeIgniter\CodeIgniter->runController()
 7 SYSTEMPATH/CodeIgniter.php(349): CodeIgniter\CodeIgniter->handleRequest()
 8 FCPATH/index.php(57): CodeIgniter\CodeIgniter->run()
CRITICAL - 2024-08-07 21:49:06 --> You must set the database table to be used with your query.
in SYSTEMPATH/Database/BaseConnection.php on line 874.
 1 SYSTEMPATH/Model.php(586): CodeIgniter\Database\BaseConnection->table()
 2 SYSTEMPATH/Model.php(734): CodeIgniter\Model->builder()
 3 APPPATH/Models/Engine.php(274): CodeIgniter\Model->__get()
 4 APPPATH/Controllers/Api.php(31): App\Models\Engine->doSynchBillPaymentsEHMS()
 5 SYSTEMPATH/CodeIgniter.php(896): App\Controllers\Api->postbillpayment()
 6 SYSTEMPATH/CodeIgniter.php(466): CodeIgniter\CodeIgniter->runController()
 7 SYSTEMPATH/CodeIgniter.php(349): CodeIgniter\CodeIgniter->handleRequest()
 8 FCPATH/index.php(57): CodeIgniter\CodeIgniter->run()
CRITICAL - 2024-08-07 21:49:11 --> You must set the database table to be used with your query.
in SYSTEMPATH/Database/BaseConnection.php on line 874.
 1 SYSTEMPATH/Model.php(586): CodeIgniter\Database\BaseConnection->table()
 2 SYSTEMPATH/Model.php(734): CodeIgniter\Model->builder()
 3 APPPATH/Models/Engine.php(274): CodeIgniter\Model->__get()
 4 APPPATH/Controllers/Api.php(31): App\Models\Engine->doSynchBillPaymentsEHMS()
 5 SYSTEMPATH/CodeIgniter.php(896): App\Controllers\Api->postbillpayment()
 6 SYSTEMPATH/CodeIgniter.php(466): CodeIgniter\CodeIgniter->runController()
 7 SYSTEMPATH/CodeIgniter.php(349): CodeIgniter\CodeIgniter->handleRequest()
 8 FCPATH/index.php(57): CodeIgniter\CodeIgniter->run()
CRITICAL - 2024-08-07 21:49:16 --> You must set the database table to be used with your query.
in SYSTEMPATH/Database/BaseConnection.php on line 874.
 1 SYSTEMPATH/Model.php(586): CodeIgniter\Database\BaseConnection->table()
 2 SYSTEMPATH/Model.php(734): CodeIgniter\Model->builder()
 3 APPPATH/Models/Engine.php(274): CodeIgniter\Model->__get()
 4 APPPATH/Controllers/Api.php(31): App\Models\Engine->doSynchBillPaymentsEHMS()
 5 SYSTEMPATH/CodeIgniter.php(896): App\Controllers\Api->postbillpayment()
 6 SYSTEMPATH/CodeIgniter.php(466): CodeIgniter\CodeIgniter->runController()
 7 SYSTEMPATH/CodeIgniter.php(349): CodeIgniter\CodeIgniter->handleRequest()
 8 FCPATH/index.php(57): CodeIgniter\CodeIgniter->run()
CRITICAL - 2024-08-07 21:49:21 --> You must set the database table to be used with your query.
in SYSTEMPATH/Database/BaseConnection.php on line 874.
 1 SYSTEMPATH/Model.php(586): CodeIgniter\Database\BaseConnection->table()
 2 SYSTEMPATH/Model.php(734): CodeIgniter\Model->builder()
 3 APPPATH/Models/Engine.php(274): CodeIgniter\Model->__get()
 4 APPPATH/Controllers/Api.php(31): App\Models\Engine->doSynchBillPaymentsEHMS()
 5 SYSTEMPATH/CodeIgniter.php(896): App\Controllers\Api->postbillpayment()
 6 SYSTEMPATH/CodeIgniter.php(466): CodeIgniter\CodeIgniter->runController()
 7 SYSTEMPATH/CodeIgniter.php(349): CodeIgniter\CodeIgniter->handleRequest()
 8 FCPATH/index.php(57): CodeIgniter\CodeIgniter->run()
CRITICAL - 2024-08-07 21:49:26 --> You must set the database table to be used with your query.
in SYSTEMPATH/Database/BaseConnection.php on line 874.
 1 SYSTEMPATH/Model.php(586): CodeIgniter\Database\BaseConnection->table()
 2 SYSTEMPATH/Model.php(734): CodeIgniter\Model->builder()
 3 APPPATH/Models/Engine.php(274): CodeIgniter\Model->__get()
 4 APPPATH/Controllers/Api.php(31): App\Models\Engine->doSynchBillPaymentsEHMS()
 5 SYSTEMPATH/CodeIgniter.php(896): App\Controllers\Api->postbillpayment()
 6 SYSTEMPATH/CodeIgniter.php(466): CodeIgniter\CodeIgniter->runController()
 7 SYSTEMPATH/CodeIgniter.php(349): CodeIgniter\CodeIgniter->handleRequest()
 8 FCPATH/index.php(57): CodeIgniter\CodeIgniter->run()
CRITICAL - 2024-08-07 21:49:31 --> You must set the database table to be used with your query.
in SYSTEMPATH/Database/BaseConnection.php on line 874.
 1 SYSTEMPATH/Model.php(586): CodeIgniter\Database\BaseConnection->table()
 2 SYSTEMPATH/Model.php(734): CodeIgniter\Model->builder()
 3 APPPATH/Models/Engine.php(274): CodeIgniter\Model->__get()
 4 APPPATH/Controllers/Api.php(31): App\Models\Engine->doSynchBillPaymentsEHMS()
 5 SYSTEMPATH/CodeIgniter.php(896): App\Controllers\Api->postbillpayment()
 6 SYSTEMPATH/CodeIgniter.php(466): CodeIgniter\CodeIgniter->runController()
 7 SYSTEMPATH/CodeIgniter.php(349): CodeIgniter\CodeIgniter->handleRequest()
 8 FCPATH/index.php(57): CodeIgniter\CodeIgniter->run()
CRITICAL - 2024-08-07 21:49:31 --> You must set the database table to be used with your query.
in SYSTEMPATH/Database/BaseConnection.php on line 874.
 1 SYSTEMPATH/Model.php(586): CodeIgniter\Database\BaseConnection->table()
 2 SYSTEMPATH/Model.php(734): CodeIgniter\Model->builder()
 3 APPPATH/Models/Engine.php(274): CodeIgniter\Model->__get()
 4 APPPATH/Controllers/Api.php(31): App\Models\Engine->doSynchBillPaymentsEHMS()
 5 SYSTEMPATH/CodeIgniter.php(896): App\Controllers\Api->postbillpayment()
 6 SYSTEMPATH/CodeIgniter.php(466): CodeIgniter\CodeIgniter->runController()
 7 SYSTEMPATH/CodeIgniter.php(349): CodeIgniter\CodeIgniter->handleRequest()
 8 FCPATH/index.php(57): CodeIgniter\CodeIgniter->run()
CRITICAL - 2024-08-07 21:49:36 --> You must set the database table to be used with your query.
in SYSTEMPATH/Database/BaseConnection.php on line 874.
 1 SYSTEMPATH/Model.php(586): CodeIgniter\Database\BaseConnection->table()
 2 SYSTEMPATH/Model.php(734): CodeIgniter\Model->builder()
 3 APPPATH/Models/Engine.php(274): CodeIgniter\Model->__get()
 4 APPPATH/Controllers/Api.php(31): App\Models\Engine->doSynchBillPaymentsEHMS()
 5 SYSTEMPATH/CodeIgniter.php(896): App\Controllers\Api->postbillpayment()
 6 SYSTEMPATH/CodeIgniter.php(466): CodeIgniter\CodeIgniter->runController()
 7 SYSTEMPATH/CodeIgniter.php(349): CodeIgniter\CodeIgniter->handleRequest()
 8 FCPATH/index.php(57): CodeIgniter\CodeIgniter->run()
CRITICAL - 2024-08-07 21:49:41 --> You must set the database table to be used with your query.
in SYSTEMPATH/Database/BaseConnection.php on line 874.
 1 SYSTEMPATH/Model.php(586): CodeIgniter\Database\BaseConnection->table()
 2 SYSTEMPATH/Model.php(734): CodeIgniter\Model->builder()
 3 APPPATH/Models/Engine.php(274): CodeIgniter\Model->__get()
 4 APPPATH/Controllers/Api.php(31): App\Models\Engine->doSynchBillPaymentsEHMS()
 5 SYSTEMPATH/CodeIgniter.php(896): App\Controllers\Api->postbillpayment()
 6 SYSTEMPATH/CodeIgniter.php(466): CodeIgniter\CodeIgniter->runController()
 7 SYSTEMPATH/CodeIgniter.php(349): CodeIgniter\CodeIgniter->handleRequest()
 8 FCPATH/index.php(57): CodeIgniter\CodeIgniter->run()
CRITICAL - 2024-08-07 21:49:46 --> You must set the database table to be used with your query.
in SYSTEMPATH/Database/BaseConnection.php on line 874.
 1 SYSTEMPATH/Model.php(586): CodeIgniter\Database\BaseConnection->table()
 2 SYSTEMPATH/Model.php(734): CodeIgniter\Model->builder()
 3 APPPATH/Models/Engine.php(274): CodeIgniter\Model->__get()
 4 APPPATH/Controllers/Api.php(31): App\Models\Engine->doSynchBillPaymentsEHMS()
 5 SYSTEMPATH/CodeIgniter.php(896): App\Controllers\Api->postbillpayment()
 6 SYSTEMPATH/CodeIgniter.php(466): CodeIgniter\CodeIgniter->runController()
 7 SYSTEMPATH/CodeIgniter.php(349): CodeIgniter\CodeIgniter->handleRequest()
 8 FCPATH/index.php(57): CodeIgniter\CodeIgniter->run()
CRITICAL - 2024-08-07 21:49:51 --> You must set the database table to be used with your query.
in SYSTEMPATH/Database/BaseConnection.php on line 874.
 1 SYSTEMPATH/Model.php(586): CodeIgniter\Database\BaseConnection->table()
 2 SYSTEMPATH/Model.php(734): CodeIgniter\Model->builder()
 3 APPPATH/Models/Engine.php(274): CodeIgniter\Model->__get()
 4 APPPATH/Controllers/Api.php(31): App\Models\Engine->doSynchBillPaymentsEHMS()
 5 SYSTEMPATH/CodeIgniter.php(896): App\Controllers\Api->postbillpayment()
 6 SYSTEMPATH/CodeIgniter.php(466): CodeIgniter\CodeIgniter->runController()
 7 SYSTEMPATH/CodeIgniter.php(349): CodeIgniter\CodeIgniter->handleRequest()
 8 FCPATH/index.php(57): CodeIgniter\CodeIgniter->run()
CRITICAL - 2024-08-07 21:49:56 --> You must set the database table to be used with your query.
in SYSTEMPATH/Database/BaseConnection.php on line 874.
 1 SYSTEMPATH/Model.php(586): CodeIgniter\Database\BaseConnection->table()
 2 SYSTEMPATH/Model.php(734): CodeIgniter\Model->builder()
 3 APPPATH/Models/Engine.php(274): CodeIgniter\Model->__get()
 4 APPPATH/Controllers/Api.php(31): App\Models\Engine->doSynchBillPaymentsEHMS()
 5 SYSTEMPATH/CodeIgniter.php(896): App\Controllers\Api->postbillpayment()
 6 SYSTEMPATH/CodeIgniter.php(466): CodeIgniter\CodeIgniter->runController()
 7 SYSTEMPATH/CodeIgniter.php(349): CodeIgniter\CodeIgniter->handleRequest()
 8 FCPATH/index.php(57): CodeIgniter\CodeIgniter->run()
CRITICAL - 2024-08-07 21:50:01 --> You must set the database table to be used with your query.
in SYSTEMPATH/Database/BaseConnection.php on line 874.
 1 SYSTEMPATH/Model.php(586): CodeIgniter\Database\BaseConnection->table()
 2 SYSTEMPATH/Model.php(734): CodeIgniter\Model->builder()
 3 APPPATH/Models/Engine.php(274): CodeIgniter\Model->__get()
 4 APPPATH/Controllers/Api.php(31): App\Models\Engine->doSynchBillPaymentsEHMS()
 5 SYSTEMPATH/CodeIgniter.php(896): App\Controllers\Api->postbillpayment()
 6 SYSTEMPATH/CodeIgniter.php(466): CodeIgniter\CodeIgniter->runController()
 7 SYSTEMPATH/CodeIgniter.php(349): CodeIgniter\CodeIgniter->handleRequest()
 8 FCPATH/index.php(57): CodeIgniter\CodeIgniter->run()
CRITICAL - 2024-08-07 21:50:01 --> You must set the database table to be used with your query.
in SYSTEMPATH/Database/BaseConnection.php on line 874.
 1 SYSTEMPATH/Model.php(586): CodeIgniter\Database\BaseConnection->table()
 2 SYSTEMPATH/Model.php(734): CodeIgniter\Model->builder()
 3 APPPATH/Models/Engine.php(274): CodeIgniter\Model->__get()
 4 APPPATH/Controllers/Api.php(31): App\Models\Engine->doSynchBillPaymentsEHMS()
 5 SYSTEMPATH/CodeIgniter.php(896): App\Controllers\Api->postbillpayment()
 6 SYSTEMPATH/CodeIgniter.php(466): CodeIgniter\CodeIgniter->runController()
 7 SYSTEMPATH/CodeIgniter.php(349): CodeIgniter\CodeIgniter->handleRequest()
 8 FCPATH/index.php(57): CodeIgniter\CodeIgniter->run()
CRITICAL - 2024-08-07 21:50:06 --> You must set the database table to be used with your query.
in SYSTEMPATH/Database/BaseConnection.php on line 874.
 1 SYSTEMPATH/Model.php(586): CodeIgniter\Database\BaseConnection->table()
 2 SYSTEMPATH/Model.php(734): CodeIgniter\Model->builder()
 3 APPPATH/Models/Engine.php(274): CodeIgniter\Model->__get()
 4 APPPATH/Controllers/Api.php(31): App\Models\Engine->doSynchBillPaymentsEHMS()
 5 SYSTEMPATH/CodeIgniter.php(896): App\Controllers\Api->postbillpayment()
 6 SYSTEMPATH/CodeIgniter.php(466): CodeIgniter\CodeIgniter->runController()
 7 SYSTEMPATH/CodeIgniter.php(349): CodeIgniter\CodeIgniter->handleRequest()
 8 FCPATH/index.php(57): CodeIgniter\CodeIgniter->run()
CRITICAL - 2024-08-07 23:44:19 --> Attempt to read property "name" on null
in APPPATH/Views/Headers/page_header.php on line 145.
 1 APPPATH/Views/Headers/page_header.php(145): CodeIgniter\Debug\Exceptions->errorHandler()
 2 SYSTEMPATH/View/View.php(213): include('APPPATH/Views/Headers/page_header.php')
 3 SYSTEMPATH/View/View.php(216): CodeIgniter\View\View->CodeIgniter\View\{closure}()
 4 SYSTEMPATH/Common.php(1135): CodeIgniter\View\View->render()
 5 APPPATH/Controllers/Billing.php(19): view()
 6 SYSTEMPATH/CodeIgniter.php(896): App\Controllers\Billing->index()
 7 SYSTEMPATH/CodeIgniter.php(466): CodeIgniter\CodeIgniter->runController()
 8 SYSTEMPATH/CodeIgniter.php(349): CodeIgniter\CodeIgniter->handleRequest()
 9 FCPATH/index.php(57): CodeIgniter\CodeIgniter->run()
