ERROR - 2024-11-13 00:25:19 --> Got error 4009 'Cluster Failure' from NDBCLUSTER
CRITICAL - 2024-11-13 00:25:19 --> Got error 4009 'Cluster Failure' from NDBCLUSTER
in SYSTEMPATH/Database/MySQLi/Connection.php on line 292.
 1 SYSTEMPATH/Database/MySQLi/Connection.php(292): mysqli->query()
 2 SYSTEMPATH/Database/BaseConnection.php(695): CodeIgniter\Database\MySQLi\Connection->execute()
 3 SYSTEMPATH/Database/BaseConnection.php(609): CodeIgniter\Database\BaseConnection->simpleQuery()
 4 APPPATH/Models/Engine.php(554): CodeIgniter\Database\BaseConnection->query()
 5 APPPATH/Controllers/BaseController.php(77): App\Models\Engine->getLanguages()
 6 SYSTEMPATH/CodeIgniter.php(859): App\Controllers\BaseController->initController()
 7 SYSTEMPATH/CodeIgniter.php(457): CodeIgniter\CodeIgniter->createController()
 8 SYSTEMPATH/CodeIgniter.php(349): CodeIgniter\CodeIgniter->handleRequest()
 9 FCPATH/index.php(57): CodeIgniter\CodeIgniter->run()
ERROR - 2024-11-13 00:25:19 --> Got error 4009 'Cluster Failure' from NDBCLUSTER
CRITICAL - 2024-11-13 00:25:19 --> Got error 4009 'Cluster Failure' from NDBCLUSTER
in SYSTEMPATH/Database/MySQLi/Connection.php on line 292.
 1 SYSTEMPATH/Database/MySQLi/Connection.php(292): mysqli->query()
 2 SYSTEMPATH/Database/BaseConnection.php(695): CodeIgniter\Database\MySQLi\Connection->execute()
 3 SYSTEMPATH/Database/BaseConnection.php(609): CodeIgniter\Database\BaseConnection->simpleQuery()
 4 APPPATH/Models/Engine.php(554): CodeIgniter\Database\BaseConnection->query()
 5 APPPATH/Controllers/BaseController.php(77): App\Models\Engine->getLanguages()
 6 SYSTEMPATH/CodeIgniter.php(859): App\Controllers\BaseController->initController()
 7 SYSTEMPATH/CodeIgniter.php(457): CodeIgniter\CodeIgniter->createController()
 8 SYSTEMPATH/CodeIgniter.php(349): CodeIgniter\CodeIgniter->handleRequest()
 9 FCPATH/index.php(57): CodeIgniter\CodeIgniter->run()
ERROR - 2024-11-13 00:25:21 --> Got error 4009 'Cluster Failure' from NDBCLUSTER
CRITICAL - 2024-11-13 00:25:21 --> Got error 4009 'Cluster Failure' from NDBCLUSTER
in SYSTEMPATH/Database/MySQLi/Connection.php on line 292.
 1 SYSTEMPATH/Database/MySQLi/Connection.php(292): mysqli->query()
 2 SYSTEMPATH/Database/BaseConnection.php(695): CodeIgniter\Database\MySQLi\Connection->execute()
 3 SYSTEMPATH/Database/BaseConnection.php(609): CodeIgniter\Database\BaseConnection->simpleQuery()
 4 APPPATH/Models/Engine.php(554): CodeIgniter\Database\BaseConnection->query()
 5 APPPATH/Controllers/BaseController.php(77): App\Models\Engine->getLanguages()
 6 SYSTEMPATH/CodeIgniter.php(859): App\Controllers\BaseController->initController()
 7 SYSTEMPATH/CodeIgniter.php(457): CodeIgniter\CodeIgniter->createController()
 8 SYSTEMPATH/CodeIgniter.php(349): CodeIgniter\CodeIgniter->handleRequest()
 9 FCPATH/index.php(57): CodeIgniter\CodeIgniter->run()
ERROR - 2024-11-13 00:28:45 --> Got error 4009 'Cluster Failure' from NDBCLUSTER
CRITICAL - 2024-11-13 00:28:45 --> Got error 4009 'Cluster Failure' from NDBCLUSTER
in SYSTEMPATH/Database/MySQLi/Connection.php on line 292.
 1 SYSTEMPATH/Database/MySQLi/Connection.php(292): mysqli->query()
 2 SYSTEMPATH/Database/BaseConnection.php(695): CodeIgniter\Database\MySQLi\Connection->execute()
 3 SYSTEMPATH/Database/BaseConnection.php(609): CodeIgniter\Database\BaseConnection->simpleQuery()
 4 APPPATH/Models/Engine.php(554): CodeIgniter\Database\BaseConnection->query()
 5 APPPATH/Controllers/BaseController.php(77): App\Models\Engine->getLanguages()
 6 SYSTEMPATH/CodeIgniter.php(859): App\Controllers\BaseController->initController()
 7 SYSTEMPATH/CodeIgniter.php(457): CodeIgniter\CodeIgniter->createController()
 8 SYSTEMPATH/CodeIgniter.php(349): CodeIgniter\CodeIgniter->handleRequest()
 9 FCPATH/index.php(57): CodeIgniter\CodeIgniter->run()
ERROR - 2024-11-13 00:42:54 --> Got error 4009 'Cluster Failure' from NDBCLUSTER
CRITICAL - 2024-11-13 00:42:54 --> Got error 4009 'Cluster Failure' from NDBCLUSTER
in SYSTEMPATH/Database/MySQLi/Connection.php on line 292.
 1 SYSTEMPATH/Database/MySQLi/Connection.php(292): mysqli->query()
 2 SYSTEMPATH/Database/BaseConnection.php(695): CodeIgniter\Database\MySQLi\Connection->execute()
 3 SYSTEMPATH/Database/BaseConnection.php(609): CodeIgniter\Database\BaseConnection->simpleQuery()
 4 APPPATH/Models/Engine.php(554): CodeIgniter\Database\BaseConnection->query()
 5 APPPATH/Controllers/BaseController.php(77): App\Models\Engine->getLanguages()
 6 SYSTEMPATH/CodeIgniter.php(859): App\Controllers\BaseController->initController()
 7 SYSTEMPATH/CodeIgniter.php(457): CodeIgniter\CodeIgniter->createController()
 8 SYSTEMPATH/CodeIgniter.php(349): CodeIgniter\CodeIgniter->handleRequest()
 9 FCPATH/index.php(57): CodeIgniter\CodeIgniter->run()
ERROR - 2024-11-13 04:41:00 --> Got error 4009 'Cluster Failure' from NDBCLUSTER
CRITICAL - 2024-11-13 04:41:00 --> Got error 4009 'Cluster Failure' from NDBCLUSTER
in SYSTEMPATH/Database/MySQLi/Connection.php on line 292.
 1 SYSTEMPATH/Database/MySQLi/Connection.php(292): mysqli->query()
 2 SYSTEMPATH/Database/BaseConnection.php(695): CodeIgniter\Database\MySQLi\Connection->execute()
 3 SYSTEMPATH/Database/BaseConnection.php(609): CodeIgniter\Database\BaseConnection->simpleQuery()
 4 APPPATH/Models/Engine.php(554): CodeIgniter\Database\BaseConnection->query()
 5 APPPATH/Controllers/BaseController.php(77): App\Models\Engine->getLanguages()
 6 SYSTEMPATH/CodeIgniter.php(859): App\Controllers\BaseController->initController()
 7 SYSTEMPATH/CodeIgniter.php(457): CodeIgniter\CodeIgniter->createController()
 8 SYSTEMPATH/CodeIgniter.php(349): CodeIgniter\CodeIgniter->handleRequest()
 9 FCPATH/index.php(57): CodeIgniter\CodeIgniter->run()
ERROR - 2024-11-13 04:41:00 --> Got error 4009 'Cluster Failure' from NDBCLUSTER
ERROR - 2024-11-13 04:41:00 --> Got error 4009 'Cluster Failure' from NDBCLUSTER
CRITICAL - 2024-11-13 04:41:00 --> Got error 4009 'Cluster Failure' from NDBCLUSTER
in SYSTEMPATH/Database/MySQLi/Connection.php on line 292.
 1 SYSTEMPATH/Database/MySQLi/Connection.php(292): mysqli->query()
 2 SYSTEMPATH/Database/BaseConnection.php(695): CodeIgniter\Database\MySQLi\Connection->execute()
 3 SYSTEMPATH/Database/BaseConnection.php(609): CodeIgniter\Database\BaseConnection->simpleQuery()
 4 APPPATH/Models/Engine.php(554): CodeIgniter\Database\BaseConnection->query()
 5 APPPATH/Controllers/BaseController.php(77): App\Models\Engine->getLanguages()
 6 SYSTEMPATH/CodeIgniter.php(859): App\Controllers\BaseController->initController()
 7 SYSTEMPATH/CodeIgniter.php(457): CodeIgniter\CodeIgniter->createController()
 8 SYSTEMPATH/CodeIgniter.php(349): CodeIgniter\CodeIgniter->handleRequest()
 9 FCPATH/index.php(57): CodeIgniter\CodeIgniter->run()
CRITICAL - 2024-11-13 04:41:00 --> Got error 4009 'Cluster Failure' from NDBCLUSTER
in SYSTEMPATH/Database/MySQLi/Connection.php on line 292.
 1 SYSTEMPATH/Database/MySQLi/Connection.php(292): mysqli->query()
 2 SYSTEMPATH/Database/BaseConnection.php(695): CodeIgniter\Database\MySQLi\Connection->execute()
 3 SYSTEMPATH/Database/BaseConnection.php(609): CodeIgniter\Database\BaseConnection->simpleQuery()
 4 APPPATH/Models/Engine.php(554): CodeIgniter\Database\BaseConnection->query()
 5 APPPATH/Controllers/BaseController.php(77): App\Models\Engine->getLanguages()
 6 SYSTEMPATH/CodeIgniter.php(859): App\Controllers\BaseController->initController()
 7 SYSTEMPATH/CodeIgniter.php(457): CodeIgniter\CodeIgniter->createController()
 8 SYSTEMPATH/CodeIgniter.php(349): CodeIgniter\CodeIgniter->handleRequest()
 9 FCPATH/index.php(57): CodeIgniter\CodeIgniter->run()
CRITICAL - 2024-11-13 04:43:17 --> Undefined property: stdClass::$reference
in APPPATH/Helpers/global_helper.php on line 914.
 1 APPPATH/Helpers/global_helper.php(914): CodeIgniter\Debug\Exceptions->errorHandler()
 2 APPPATH/Controllers/Malipo.php(476): nmbGenSubmitJson()
 3 SYSTEMPATH/CodeIgniter.php(896): App\Controllers\Malipo->nmbbillrequest()
 4 SYSTEMPATH/CodeIgniter.php(466): CodeIgniter\CodeIgniter->runController()
 5 SYSTEMPATH/CodeIgniter.php(349): CodeIgniter\CodeIgniter->handleRequest()
 6 FCPATH/index.php(57): CodeIgniter\CodeIgniter->run()
ERROR - 2024-11-13 06:56:11 --> Got error 4009 'Cluster Failure' from NDBCLUSTER
CRITICAL - 2024-11-13 06:56:11 --> Got error 4009 'Cluster Failure' from NDBCLUSTER
in SYSTEMPATH/Database/MySQLi/Connection.php on line 292.
 1 SYSTEMPATH/Database/MySQLi/Connection.php(292): mysqli->query()
 2 SYSTEMPATH/Database/BaseConnection.php(695): CodeIgniter\Database\MySQLi\Connection->execute()
 3 SYSTEMPATH/Database/BaseConnection.php(609): CodeIgniter\Database\BaseConnection->simpleQuery()
 4 APPPATH/Models/Engine.php(554): CodeIgniter\Database\BaseConnection->query()
 5 APPPATH/Controllers/BaseController.php(77): App\Models\Engine->getLanguages()
 6 SYSTEMPATH/CodeIgniter.php(859): App\Controllers\BaseController->initController()
 7 SYSTEMPATH/CodeIgniter.php(457): CodeIgniter\CodeIgniter->createController()
 8 SYSTEMPATH/CodeIgniter.php(349): CodeIgniter\CodeIgniter->handleRequest()
 9 FCPATH/index.php(57): CodeIgniter\CodeIgniter->run()
ERROR - 2024-11-13 06:56:11 --> Got error 4009 'Cluster Failure' from NDBCLUSTER
CRITICAL - 2024-11-13 06:56:11 --> Got error 4009 'Cluster Failure' from NDBCLUSTER
in SYSTEMPATH/Database/MySQLi/Connection.php on line 292.
 1 SYSTEMPATH/Database/MySQLi/Connection.php(292): mysqli->query()
 2 SYSTEMPATH/Database/BaseConnection.php(695): CodeIgniter\Database\MySQLi\Connection->execute()
 3 SYSTEMPATH/Database/BaseConnection.php(609): CodeIgniter\Database\BaseConnection->simpleQuery()
 4 APPPATH/Models/Engine.php(554): CodeIgniter\Database\BaseConnection->query()
 5 APPPATH/Controllers/BaseController.php(77): App\Models\Engine->getLanguages()
 6 SYSTEMPATH/CodeIgniter.php(859): App\Controllers\BaseController->initController()
 7 SYSTEMPATH/CodeIgniter.php(457): CodeIgniter\CodeIgniter->createController()
 8 SYSTEMPATH/CodeIgniter.php(349): CodeIgniter\CodeIgniter->handleRequest()
 9 FCPATH/index.php(57): CodeIgniter\CodeIgniter->run()
ERROR - 2024-11-13 06:56:12 --> Got error 4009 'Cluster Failure' from NDBCLUSTER
CRITICAL - 2024-11-13 06:56:12 --> Got error 4009 'Cluster Failure' from NDBCLUSTER
in SYSTEMPATH/Database/MySQLi/Connection.php on line 292.
 1 SYSTEMPATH/Database/MySQLi/Connection.php(292): mysqli->query()
 2 SYSTEMPATH/Database/BaseConnection.php(695): CodeIgniter\Database\MySQLi\Connection->execute()
 3 SYSTEMPATH/Database/BaseConnection.php(609): CodeIgniter\Database\BaseConnection->simpleQuery()
 4 APPPATH/Models/Engine.php(554): CodeIgniter\Database\BaseConnection->query()
 5 APPPATH/Controllers/BaseController.php(77): App\Models\Engine->getLanguages()
 6 SYSTEMPATH/CodeIgniter.php(859): App\Controllers\BaseController->initController()
 7 SYSTEMPATH/CodeIgniter.php(457): CodeIgniter\CodeIgniter->createController()
 8 SYSTEMPATH/CodeIgniter.php(349): CodeIgniter\CodeIgniter->handleRequest()
 9 FCPATH/index.php(57): CodeIgniter\CodeIgniter->run()
CRITICAL - 2024-11-13 07:33:39 --> Undefined array key "data"
in APPPATH/Helpers/global_helper.php on line 154.
 1 APPPATH/Helpers/global_helper.php(154): CodeIgniter\Debug\Exceptions->errorHandler()
 2 APPPATH/Controllers/Malipo.php(294): dispResponseCRDBValidate()
 3 SYSTEMPATH/CodeIgniter.php(896): App\Controllers\Malipo->crdbverify()
 4 SYSTEMPATH/CodeIgniter.php(466): CodeIgniter\CodeIgniter->runController()
 5 SYSTEMPATH/CodeIgniter.php(349): CodeIgniter\CodeIgniter->handleRequest()
 6 FCPATH/index.php(57): CodeIgniter\CodeIgniter->run()
CRITICAL - 2024-11-13 08:17:14 --> Undefined array key "data"
in APPPATH/Helpers/global_helper.php on line 154.
 1 APPPATH/Helpers/global_helper.php(154): CodeIgniter\Debug\Exceptions->errorHandler()
 2 APPPATH/Controllers/Malipo.php(294): dispResponseCRDBValidate()
 3 SYSTEMPATH/CodeIgniter.php(896): App\Controllers\Malipo->crdbverify()
 4 SYSTEMPATH/CodeIgniter.php(466): CodeIgniter\CodeIgniter->runController()
 5 SYSTEMPATH/CodeIgniter.php(349): CodeIgniter\CodeIgniter->handleRequest()
 6 FCPATH/index.php(57): CodeIgniter\CodeIgniter->run()
CRITICAL - 2024-11-13 08:22:15 --> Undefined array key "data"
in APPPATH/Helpers/global_helper.php on line 154.
 1 APPPATH/Helpers/global_helper.php(154): CodeIgniter\Debug\Exceptions->errorHandler()
 2 APPPATH/Controllers/Malipo.php(294): dispResponseCRDBValidate()
 3 SYSTEMPATH/CodeIgniter.php(896): App\Controllers\Malipo->crdbverify()
 4 SYSTEMPATH/CodeIgniter.php(466): CodeIgniter\CodeIgniter->runController()
 5 SYSTEMPATH/CodeIgniter.php(349): CodeIgniter\CodeIgniter->handleRequest()
 6 FCPATH/index.php(57): CodeIgniter\CodeIgniter->run()
CRITICAL - 2024-11-13 08:28:34 --> Undefined property: stdClass::$reference
in APPPATH/Helpers/global_helper.php on line 914.
 1 APPPATH/Helpers/global_helper.php(914): CodeIgniter\Debug\Exceptions->errorHandler()
 2 APPPATH/Controllers/Malipo.php(476): nmbGenSubmitJson()
 3 SYSTEMPATH/CodeIgniter.php(896): App\Controllers\Malipo->nmbbillrequest()
 4 SYSTEMPATH/CodeIgniter.php(466): CodeIgniter\CodeIgniter->runController()
 5 SYSTEMPATH/CodeIgniter.php(349): CodeIgniter\CodeIgniter->handleRequest()
 6 FCPATH/index.php(57): CodeIgniter\CodeIgniter->run()
CRITICAL - 2024-11-13 09:40:20 --> Undefined property: stdClass::$reference
in APPPATH/Helpers/global_helper.php on line 914.
 1 APPPATH/Helpers/global_helper.php(914): CodeIgniter\Debug\Exceptions->errorHandler()
 2 APPPATH/Controllers/Malipo.php(476): nmbGenSubmitJson()
 3 SYSTEMPATH/CodeIgniter.php(896): App\Controllers\Malipo->nmbbillrequest()
 4 SYSTEMPATH/CodeIgniter.php(466): CodeIgniter\CodeIgniter->runController()
 5 SYSTEMPATH/CodeIgniter.php(349): CodeIgniter\CodeIgniter->handleRequest()
 6 FCPATH/index.php(57): CodeIgniter\CodeIgniter->run()
CRITICAL - 2024-11-13 09:50:53 --> Undefined property: stdClass::$reference
in APPPATH/Helpers/global_helper.php on line 914.
 1 APPPATH/Helpers/global_helper.php(914): CodeIgniter\Debug\Exceptions->errorHandler()
 2 APPPATH/Controllers/Malipo.php(476): nmbGenSubmitJson()
 3 SYSTEMPATH/CodeIgniter.php(896): App\Controllers\Malipo->nmbbillrequest()
 4 SYSTEMPATH/CodeIgniter.php(466): CodeIgniter\CodeIgniter->runController()
 5 SYSTEMPATH/CodeIgniter.php(349): CodeIgniter\CodeIgniter->handleRequest()
 6 FCPATH/index.php(57): CodeIgniter\CodeIgniter->run()
CRITICAL - 2024-11-13 10:18:24 --> Undefined property: stdClass::$reference
in APPPATH/Helpers/global_helper.php on line 914.
 1 APPPATH/Helpers/global_helper.php(914): CodeIgniter\Debug\Exceptions->errorHandler()
 2 APPPATH/Controllers/Malipo.php(476): nmbGenSubmitJson()
 3 SYSTEMPATH/CodeIgniter.php(896): App\Controllers\Malipo->nmbbillrequest()
 4 SYSTEMPATH/CodeIgniter.php(466): CodeIgniter\CodeIgniter->runController()
 5 SYSTEMPATH/CodeIgniter.php(349): CodeIgniter\CodeIgniter->handleRequest()
 6 FCPATH/index.php(57): CodeIgniter\CodeIgniter->run()
ERROR - 2024-11-13 10:40:35 --> Duplicate entry 'E00000000052825' for key 'bmc_bills.bill_num'
CRITICAL - 2024-11-13 10:40:35 --> Duplicate entry 'E00000000052825' for key 'bmc_bills.bill_num'
in SYSTEMPATH/Database/MySQLi/Connection.php on line 292.
 1 SYSTEMPATH/Database/MySQLi/Connection.php(292): mysqli->query()
 2 SYSTEMPATH/Database/BaseConnection.php(695): CodeIgniter\Database\MySQLi\Connection->execute()
 3 SYSTEMPATH/Database/BaseConnection.php(609): CodeIgniter\Database\BaseConnection->simpleQuery()
 4 SYSTEMPATH/Database/BaseBuilder.php(1904): CodeIgniter\Database\BaseConnection->query()
 5 APPPATH/Models/Engine.php(993): CodeIgniter\Database\BaseBuilder->insert()
 6 APPPATH/Controllers/Api.php(187): App\Models\Engine->saveBillDetails()
 7 SYSTEMPATH/CodeIgniter.php(896): App\Controllers\Api->postpatbills()
 8 SYSTEMPATH/CodeIgniter.php(466): CodeIgniter\CodeIgniter->runController()
 9 SYSTEMPATH/CodeIgniter.php(349): CodeIgniter\CodeIgniter->handleRequest()
10 FCPATH/index.php(57): CodeIgniter\CodeIgniter->run()
CRITICAL - 2024-11-13 10:47:39 --> Undefined property: stdClass::$bill_num
in APPPATH/Helpers/global_helper.php on line 505.
 1 APPPATH/Helpers/global_helper.php(505): CodeIgniter\Debug\Exceptions->errorHandler()
 2 APPPATH/Helpers/global_helper.php(480): doProcessGlobalTransaction()
 3 APPPATH/Controllers/Malipo.php(312): doProcessCRDBTransaction()
 4 SYSTEMPATH/CodeIgniter.php(896): App\Controllers\Malipo->crdbpost()
 5 SYSTEMPATH/CodeIgniter.php(466): CodeIgniter\CodeIgniter->runController()
 6 SYSTEMPATH/CodeIgniter.php(349): CodeIgniter\CodeIgniter->handleRequest()
 7 FCPATH/index.php(57): CodeIgniter\CodeIgniter->run()
CRITICAL - 2024-11-13 10:49:39 --> Undefined property: stdClass::$bill_num
in APPPATH/Helpers/global_helper.php on line 505.
 1 APPPATH/Helpers/global_helper.php(505): CodeIgniter\Debug\Exceptions->errorHandler()
 2 APPPATH/Helpers/global_helper.php(480): doProcessGlobalTransaction()
 3 APPPATH/Controllers/Malipo.php(312): doProcessCRDBTransaction()
 4 SYSTEMPATH/CodeIgniter.php(896): App\Controllers\Malipo->crdbpost()
 5 SYSTEMPATH/CodeIgniter.php(466): CodeIgniter\CodeIgniter->runController()
 6 SYSTEMPATH/CodeIgniter.php(349): CodeIgniter\CodeIgniter->handleRequest()
 7 FCPATH/index.php(57): CodeIgniter\CodeIgniter->run()
CRITICAL - 2024-11-13 10:51:39 --> Undefined property: stdClass::$bill_num
in APPPATH/Helpers/global_helper.php on line 505.
 1 APPPATH/Helpers/global_helper.php(505): CodeIgniter\Debug\Exceptions->errorHandler()
 2 APPPATH/Helpers/global_helper.php(480): doProcessGlobalTransaction()
 3 APPPATH/Controllers/Malipo.php(312): doProcessCRDBTransaction()
 4 SYSTEMPATH/CodeIgniter.php(896): App\Controllers\Malipo->crdbpost()
 5 SYSTEMPATH/CodeIgniter.php(466): CodeIgniter\CodeIgniter->runController()
 6 SYSTEMPATH/CodeIgniter.php(349): CodeIgniter\CodeIgniter->handleRequest()
 7 FCPATH/index.php(57): CodeIgniter\CodeIgniter->run()
CRITICAL - 2024-11-13 10:53:39 --> Undefined property: stdClass::$bill_num
in APPPATH/Helpers/global_helper.php on line 505.
 1 APPPATH/Helpers/global_helper.php(505): CodeIgniter\Debug\Exceptions->errorHandler()
 2 APPPATH/Helpers/global_helper.php(480): doProcessGlobalTransaction()
 3 APPPATH/Controllers/Malipo.php(312): doProcessCRDBTransaction()
 4 SYSTEMPATH/CodeIgniter.php(896): App\Controllers\Malipo->crdbpost()
 5 SYSTEMPATH/CodeIgniter.php(466): CodeIgniter\CodeIgniter->runController()
 6 SYSTEMPATH/CodeIgniter.php(349): CodeIgniter\CodeIgniter->handleRequest()
 7 FCPATH/index.php(57): CodeIgniter\CodeIgniter->run()
CRITICAL - 2024-11-13 10:55:41 --> Undefined property: stdClass::$bill_num
in APPPATH/Helpers/global_helper.php on line 505.
 1 APPPATH/Helpers/global_helper.php(505): CodeIgniter\Debug\Exceptions->errorHandler()
 2 APPPATH/Helpers/global_helper.php(480): doProcessGlobalTransaction()
 3 APPPATH/Controllers/Malipo.php(312): doProcessCRDBTransaction()
 4 SYSTEMPATH/CodeIgniter.php(896): App\Controllers\Malipo->crdbpost()
 5 SYSTEMPATH/CodeIgniter.php(466): CodeIgniter\CodeIgniter->runController()
 6 SYSTEMPATH/CodeIgniter.php(349): CodeIgniter\CodeIgniter->handleRequest()
 7 FCPATH/index.php(57): CodeIgniter\CodeIgniter->run()
CRITICAL - 2024-11-13 10:57:39 --> Undefined property: stdClass::$bill_num
in APPPATH/Helpers/global_helper.php on line 505.
 1 APPPATH/Helpers/global_helper.php(505): CodeIgniter\Debug\Exceptions->errorHandler()
 2 APPPATH/Helpers/global_helper.php(480): doProcessGlobalTransaction()
 3 APPPATH/Controllers/Malipo.php(312): doProcessCRDBTransaction()
 4 SYSTEMPATH/CodeIgniter.php(896): App\Controllers\Malipo->crdbpost()
 5 SYSTEMPATH/CodeIgniter.php(466): CodeIgniter\CodeIgniter->runController()
 6 SYSTEMPATH/CodeIgniter.php(349): CodeIgniter\CodeIgniter->handleRequest()
 7 FCPATH/index.php(57): CodeIgniter\CodeIgniter->run()
CRITICAL - 2024-11-13 10:58:44 --> Undefined array key "data"
in APPPATH/Helpers/global_helper.php on line 154.
 1 APPPATH/Helpers/global_helper.php(154): CodeIgniter\Debug\Exceptions->errorHandler()
 2 APPPATH/Controllers/Malipo.php(294): dispResponseCRDBValidate()
 3 SYSTEMPATH/CodeIgniter.php(896): App\Controllers\Malipo->crdbverify()
 4 SYSTEMPATH/CodeIgniter.php(466): CodeIgniter\CodeIgniter->runController()
 5 SYSTEMPATH/CodeIgniter.php(349): CodeIgniter\CodeIgniter->handleRequest()
 6 FCPATH/index.php(57): CodeIgniter\CodeIgniter->run()
CRITICAL - 2024-11-13 11:01:39 --> Undefined property: stdClass::$bill_num
in APPPATH/Helpers/global_helper.php on line 505.
 1 APPPATH/Helpers/global_helper.php(505): CodeIgniter\Debug\Exceptions->errorHandler()
 2 APPPATH/Helpers/global_helper.php(480): doProcessGlobalTransaction()
 3 APPPATH/Controllers/Malipo.php(312): doProcessCRDBTransaction()
 4 SYSTEMPATH/CodeIgniter.php(896): App\Controllers\Malipo->crdbpost()
 5 SYSTEMPATH/CodeIgniter.php(466): CodeIgniter\CodeIgniter->runController()
 6 SYSTEMPATH/CodeIgniter.php(349): CodeIgniter\CodeIgniter->handleRequest()
 7 FCPATH/index.php(57): CodeIgniter\CodeIgniter->run()
ERROR - 2024-11-13 11:04:16 --> Got error 4009 'Cluster Failure' from NDBCLUSTER
CRITICAL - 2024-11-13 11:04:16 --> Got error 4009 'Cluster Failure' from NDBCLUSTER
in SYSTEMPATH/Database/MySQLi/Connection.php on line 292.
 1 SYSTEMPATH/Database/MySQLi/Connection.php(292): mysqli->query()
 2 SYSTEMPATH/Database/BaseConnection.php(695): CodeIgniter\Database\MySQLi\Connection->execute()
 3 SYSTEMPATH/Database/BaseConnection.php(609): CodeIgniter\Database\BaseConnection->simpleQuery()
 4 APPPATH/Models/Engine.php(554): CodeIgniter\Database\BaseConnection->query()
 5 APPPATH/Controllers/BaseController.php(77): App\Models\Engine->getLanguages()
 6 SYSTEMPATH/CodeIgniter.php(859): App\Controllers\BaseController->initController()
 7 SYSTEMPATH/CodeIgniter.php(457): CodeIgniter\CodeIgniter->createController()
 8 SYSTEMPATH/CodeIgniter.php(349): CodeIgniter\CodeIgniter->handleRequest()
 9 FCPATH/index.php(57): CodeIgniter\CodeIgniter->run()
ERROR - 2024-11-13 11:04:17 --> Got error 4009 'Cluster Failure' from NDBCLUSTER
CRITICAL - 2024-11-13 11:04:17 --> Got error 4009 'Cluster Failure' from NDBCLUSTER
in SYSTEMPATH/Database/MySQLi/Connection.php on line 292.
 1 SYSTEMPATH/Database/MySQLi/Connection.php(292): mysqli->query()
 2 SYSTEMPATH/Database/BaseConnection.php(695): CodeIgniter\Database\MySQLi\Connection->execute()
 3 SYSTEMPATH/Database/BaseConnection.php(609): CodeIgniter\Database\BaseConnection->simpleQuery()
 4 APPPATH/Models/Engine.php(554): CodeIgniter\Database\BaseConnection->query()
 5 APPPATH/Controllers/BaseController.php(77): App\Models\Engine->getLanguages()
 6 SYSTEMPATH/CodeIgniter.php(859): App\Controllers\BaseController->initController()
 7 SYSTEMPATH/CodeIgniter.php(457): CodeIgniter\CodeIgniter->createController()
 8 SYSTEMPATH/CodeIgniter.php(349): CodeIgniter\CodeIgniter->handleRequest()
 9 FCPATH/index.php(57): CodeIgniter\CodeIgniter->run()
ERROR - 2024-11-13 11:04:17 --> Got error 4009 'Cluster Failure' from NDBCLUSTER
CRITICAL - 2024-11-13 11:04:17 --> Got error 4009 'Cluster Failure' from NDBCLUSTER
in SYSTEMPATH/Database/MySQLi/Connection.php on line 292.
 1 SYSTEMPATH/Database/MySQLi/Connection.php(292): mysqli->query()
 2 SYSTEMPATH/Database/BaseConnection.php(695): CodeIgniter\Database\MySQLi\Connection->execute()
 3 SYSTEMPATH/Database/BaseConnection.php(609): CodeIgniter\Database\BaseConnection->simpleQuery()
 4 APPPATH/Models/Engine.php(554): CodeIgniter\Database\BaseConnection->query()
 5 APPPATH/Controllers/BaseController.php(77): App\Models\Engine->getLanguages()
 6 SYSTEMPATH/CodeIgniter.php(859): App\Controllers\BaseController->initController()
 7 SYSTEMPATH/CodeIgniter.php(457): CodeIgniter\CodeIgniter->createController()
 8 SYSTEMPATH/CodeIgniter.php(349): CodeIgniter\CodeIgniter->handleRequest()
 9 FCPATH/index.php(57): CodeIgniter\CodeIgniter->run()
CRITICAL - 2024-11-13 11:04:43 --> Undefined property: stdClass::$bill_num
in APPPATH/Helpers/global_helper.php on line 505.
 1 APPPATH/Helpers/global_helper.php(505): CodeIgniter\Debug\Exceptions->errorHandler()
 2 APPPATH/Helpers/global_helper.php(480): doProcessGlobalTransaction()
 3 APPPATH/Controllers/Malipo.php(312): doProcessCRDBTransaction()
 4 SYSTEMPATH/CodeIgniter.php(896): App\Controllers\Malipo->crdbpost()
 5 SYSTEMPATH/CodeIgniter.php(466): CodeIgniter\CodeIgniter->runController()
 6 SYSTEMPATH/CodeIgniter.php(349): CodeIgniter\CodeIgniter->handleRequest()
 7 FCPATH/index.php(57): CodeIgniter\CodeIgniter->run()
CRITICAL - 2024-11-13 11:05:24 --> Undefined property: stdClass::$reference
in APPPATH/Helpers/global_helper.php on line 914.
 1 APPPATH/Helpers/global_helper.php(914): CodeIgniter\Debug\Exceptions->errorHandler()
 2 APPPATH/Controllers/Malipo.php(476): nmbGenSubmitJson()
 3 SYSTEMPATH/CodeIgniter.php(896): App\Controllers\Malipo->nmbbillrequest()
 4 SYSTEMPATH/CodeIgniter.php(466): CodeIgniter\CodeIgniter->runController()
 5 SYSTEMPATH/CodeIgniter.php(349): CodeIgniter\CodeIgniter->handleRequest()
 6 FCPATH/index.php(57): CodeIgniter\CodeIgniter->run()
CRITICAL - 2024-11-13 11:05:42 --> Undefined property: stdClass::$bill_num
in APPPATH/Helpers/global_helper.php on line 505.
 1 APPPATH/Helpers/global_helper.php(505): CodeIgniter\Debug\Exceptions->errorHandler()
 2 APPPATH/Helpers/global_helper.php(480): doProcessGlobalTransaction()
 3 APPPATH/Controllers/Malipo.php(312): doProcessCRDBTransaction()
 4 SYSTEMPATH/CodeIgniter.php(896): App\Controllers\Malipo->crdbpost()
 5 SYSTEMPATH/CodeIgniter.php(466): CodeIgniter\CodeIgniter->runController()
 6 SYSTEMPATH/CodeIgniter.php(349): CodeIgniter\CodeIgniter->handleRequest()
 7 FCPATH/index.php(57): CodeIgniter\CodeIgniter->run()
CRITICAL - 2024-11-13 11:07:39 --> Undefined property: stdClass::$bill_num
in APPPATH/Helpers/global_helper.php on line 505.
 1 APPPATH/Helpers/global_helper.php(505): CodeIgniter\Debug\Exceptions->errorHandler()
 2 APPPATH/Helpers/global_helper.php(480): doProcessGlobalTransaction()
 3 APPPATH/Controllers/Malipo.php(312): doProcessCRDBTransaction()
 4 SYSTEMPATH/CodeIgniter.php(896): App\Controllers\Malipo->crdbpost()
 5 SYSTEMPATH/CodeIgniter.php(466): CodeIgniter\CodeIgniter->runController()
 6 SYSTEMPATH/CodeIgniter.php(349): CodeIgniter\CodeIgniter->handleRequest()
 7 FCPATH/index.php(57): CodeIgniter\CodeIgniter->run()
CRITICAL - 2024-11-13 11:09:42 --> Undefined property: stdClass::$bill_num
in APPPATH/Helpers/global_helper.php on line 505.
 1 APPPATH/Helpers/global_helper.php(505): CodeIgniter\Debug\Exceptions->errorHandler()
 2 APPPATH/Helpers/global_helper.php(480): doProcessGlobalTransaction()
 3 APPPATH/Controllers/Malipo.php(312): doProcessCRDBTransaction()
 4 SYSTEMPATH/CodeIgniter.php(896): App\Controllers\Malipo->crdbpost()
 5 SYSTEMPATH/CodeIgniter.php(466): CodeIgniter\CodeIgniter->runController()
 6 SYSTEMPATH/CodeIgniter.php(349): CodeIgniter\CodeIgniter->handleRequest()
 7 FCPATH/index.php(57): CodeIgniter\CodeIgniter->run()
CRITICAL - 2024-11-13 11:11:39 --> Undefined property: stdClass::$bill_num
in APPPATH/Helpers/global_helper.php on line 505.
 1 APPPATH/Helpers/global_helper.php(505): CodeIgniter\Debug\Exceptions->errorHandler()
 2 APPPATH/Helpers/global_helper.php(480): doProcessGlobalTransaction()
 3 APPPATH/Controllers/Malipo.php(312): doProcessCRDBTransaction()
 4 SYSTEMPATH/CodeIgniter.php(896): App\Controllers\Malipo->crdbpost()
 5 SYSTEMPATH/CodeIgniter.php(466): CodeIgniter\CodeIgniter->runController()
 6 SYSTEMPATH/CodeIgniter.php(349): CodeIgniter\CodeIgniter->handleRequest()
 7 FCPATH/index.php(57): CodeIgniter\CodeIgniter->run()
CRITICAL - 2024-11-13 11:13:39 --> Undefined property: stdClass::$bill_num
in APPPATH/Helpers/global_helper.php on line 505.
 1 APPPATH/Helpers/global_helper.php(505): CodeIgniter\Debug\Exceptions->errorHandler()
 2 APPPATH/Helpers/global_helper.php(480): doProcessGlobalTransaction()
 3 APPPATH/Controllers/Malipo.php(312): doProcessCRDBTransaction()
 4 SYSTEMPATH/CodeIgniter.php(896): App\Controllers\Malipo->crdbpost()
 5 SYSTEMPATH/CodeIgniter.php(466): CodeIgniter\CodeIgniter->runController()
 6 SYSTEMPATH/CodeIgniter.php(349): CodeIgniter\CodeIgniter->handleRequest()
 7 FCPATH/index.php(57): CodeIgniter\CodeIgniter->run()
CRITICAL - 2024-11-13 11:15:39 --> Undefined property: stdClass::$bill_num
in APPPATH/Helpers/global_helper.php on line 505.
 1 APPPATH/Helpers/global_helper.php(505): CodeIgniter\Debug\Exceptions->errorHandler()
 2 APPPATH/Helpers/global_helper.php(480): doProcessGlobalTransaction()
 3 APPPATH/Controllers/Malipo.php(312): doProcessCRDBTransaction()
 4 SYSTEMPATH/CodeIgniter.php(896): App\Controllers\Malipo->crdbpost()
 5 SYSTEMPATH/CodeIgniter.php(466): CodeIgniter\CodeIgniter->runController()
 6 SYSTEMPATH/CodeIgniter.php(349): CodeIgniter\CodeIgniter->handleRequest()
 7 FCPATH/index.php(57): CodeIgniter\CodeIgniter->run()
CRITICAL - 2024-11-13 11:20:32 --> Undefined array key "data"
in APPPATH/Helpers/global_helper.php on line 154.
 1 APPPATH/Helpers/global_helper.php(154): CodeIgniter\Debug\Exceptions->errorHandler()
 2 APPPATH/Controllers/Malipo.php(294): dispResponseCRDBValidate()
 3 SYSTEMPATH/CodeIgniter.php(896): App\Controllers\Malipo->crdbverify()
 4 SYSTEMPATH/CodeIgniter.php(466): CodeIgniter\CodeIgniter->runController()
 5 SYSTEMPATH/CodeIgniter.php(349): CodeIgniter\CodeIgniter->handleRequest()
 6 FCPATH/index.php(57): CodeIgniter\CodeIgniter->run()
CRITICAL - 2024-11-13 11:43:42 --> Undefined array key "data"
in APPPATH/Helpers/global_helper.php on line 154.
 1 APPPATH/Helpers/global_helper.php(154): CodeIgniter\Debug\Exceptions->errorHandler()
 2 APPPATH/Controllers/Malipo.php(294): dispResponseCRDBValidate()
 3 SYSTEMPATH/CodeIgniter.php(896): App\Controllers\Malipo->crdbverify()
 4 SYSTEMPATH/CodeIgniter.php(466): CodeIgniter\CodeIgniter->runController()
 5 SYSTEMPATH/CodeIgniter.php(349): CodeIgniter\CodeIgniter->handleRequest()
 6 FCPATH/index.php(57): CodeIgniter\CodeIgniter->run()
CRITICAL - 2024-11-13 11:57:18 --> Undefined property: stdClass::$reference
in APPPATH/Helpers/global_helper.php on line 914.
 1 APPPATH/Helpers/global_helper.php(914): CodeIgniter\Debug\Exceptions->errorHandler()
 2 APPPATH/Controllers/Malipo.php(476): nmbGenSubmitJson()
 3 SYSTEMPATH/CodeIgniter.php(896): App\Controllers\Malipo->nmbbillrequest()
 4 SYSTEMPATH/CodeIgniter.php(466): CodeIgniter\CodeIgniter->runController()
 5 SYSTEMPATH/CodeIgniter.php(349): CodeIgniter\CodeIgniter->handleRequest()
 6 FCPATH/index.php(57): CodeIgniter\CodeIgniter->run()
CRITICAL - 2024-11-13 12:13:47 --> Undefined property: stdClass::$bill_num
in APPPATH/Helpers/global_helper.php on line 505.
 1 APPPATH/Helpers/global_helper.php(505): CodeIgniter\Debug\Exceptions->errorHandler()
 2 APPPATH/Helpers/global_helper.php(480): doProcessGlobalTransaction()
 3 APPPATH/Controllers/Malipo.php(312): doProcessCRDBTransaction()
 4 SYSTEMPATH/CodeIgniter.php(896): App\Controllers\Malipo->crdbpost()
 5 SYSTEMPATH/CodeIgniter.php(466): CodeIgniter\CodeIgniter->runController()
 6 SYSTEMPATH/CodeIgniter.php(349): CodeIgniter\CodeIgniter->handleRequest()
 7 FCPATH/index.php(57): CodeIgniter\CodeIgniter->run()
CRITICAL - 2024-11-13 12:14:21 --> Undefined array key "data"
in APPPATH/Helpers/global_helper.php on line 154.
 1 APPPATH/Helpers/global_helper.php(154): CodeIgniter\Debug\Exceptions->errorHandler()
 2 APPPATH/Controllers/Malipo.php(294): dispResponseCRDBValidate()
 3 SYSTEMPATH/CodeIgniter.php(896): App\Controllers\Malipo->crdbverify()
 4 SYSTEMPATH/CodeIgniter.php(466): CodeIgniter\CodeIgniter->runController()
 5 SYSTEMPATH/CodeIgniter.php(349): CodeIgniter\CodeIgniter->handleRequest()
 6 FCPATH/index.php(57): CodeIgniter\CodeIgniter->run()
CRITICAL - 2024-11-13 12:14:29 --> Undefined array key "data"
in APPPATH/Helpers/global_helper.php on line 154.
 1 APPPATH/Helpers/global_helper.php(154): CodeIgniter\Debug\Exceptions->errorHandler()
 2 APPPATH/Controllers/Malipo.php(294): dispResponseCRDBValidate()
 3 SYSTEMPATH/CodeIgniter.php(896): App\Controllers\Malipo->crdbverify()
 4 SYSTEMPATH/CodeIgniter.php(466): CodeIgniter\CodeIgniter->runController()
 5 SYSTEMPATH/CodeIgniter.php(349): CodeIgniter\CodeIgniter->handleRequest()
 6 FCPATH/index.php(57): CodeIgniter\CodeIgniter->run()
CRITICAL - 2024-11-13 12:24:54 --> Undefined property: stdClass::$reference
in APPPATH/Helpers/global_helper.php on line 914.
 1 APPPATH/Helpers/global_helper.php(914): CodeIgniter\Debug\Exceptions->errorHandler()
 2 APPPATH/Controllers/Malipo.php(476): nmbGenSubmitJson()
 3 SYSTEMPATH/CodeIgniter.php(896): App\Controllers\Malipo->nmbbillrequest()
 4 SYSTEMPATH/CodeIgniter.php(466): CodeIgniter\CodeIgniter->runController()
 5 SYSTEMPATH/CodeIgniter.php(349): CodeIgniter\CodeIgniter->handleRequest()
 6 FCPATH/index.php(57): CodeIgniter\CodeIgniter->run()
CRITICAL - 2024-11-13 12:47:38 --> Undefined property: stdClass::$bill_num
in APPPATH/Helpers/global_helper.php on line 505.
 1 APPPATH/Helpers/global_helper.php(505): CodeIgniter\Debug\Exceptions->errorHandler()
 2 APPPATH/Helpers/global_helper.php(480): doProcessGlobalTransaction()
 3 APPPATH/Controllers/Malipo.php(312): doProcessCRDBTransaction()
 4 SYSTEMPATH/CodeIgniter.php(896): App\Controllers\Malipo->crdbpost()
 5 SYSTEMPATH/CodeIgniter.php(466): CodeIgniter\CodeIgniter->runController()
 6 SYSTEMPATH/CodeIgniter.php(349): CodeIgniter\CodeIgniter->handleRequest()
 7 FCPATH/index.php(57): CodeIgniter\CodeIgniter->run()
CRITICAL - 2024-11-13 12:47:39 --> Undefined property: stdClass::$bill_num
in APPPATH/Helpers/global_helper.php on line 505.
 1 APPPATH/Helpers/global_helper.php(505): CodeIgniter\Debug\Exceptions->errorHandler()
 2 APPPATH/Helpers/global_helper.php(480): doProcessGlobalTransaction()
 3 APPPATH/Controllers/Malipo.php(312): doProcessCRDBTransaction()
 4 SYSTEMPATH/CodeIgniter.php(896): App\Controllers\Malipo->crdbpost()
 5 SYSTEMPATH/CodeIgniter.php(466): CodeIgniter\CodeIgniter->runController()
 6 SYSTEMPATH/CodeIgniter.php(349): CodeIgniter\CodeIgniter->handleRequest()
 7 FCPATH/index.php(57): CodeIgniter\CodeIgniter->run()
CRITICAL - 2024-11-13 12:49:39 --> Undefined property: stdClass::$bill_num
in APPPATH/Helpers/global_helper.php on line 505.
 1 APPPATH/Helpers/global_helper.php(505): CodeIgniter\Debug\Exceptions->errorHandler()
 2 APPPATH/Helpers/global_helper.php(480): doProcessGlobalTransaction()
 3 APPPATH/Controllers/Malipo.php(312): doProcessCRDBTransaction()
 4 SYSTEMPATH/CodeIgniter.php(896): App\Controllers\Malipo->crdbpost()
 5 SYSTEMPATH/CodeIgniter.php(466): CodeIgniter\CodeIgniter->runController()
 6 SYSTEMPATH/CodeIgniter.php(349): CodeIgniter\CodeIgniter->handleRequest()
 7 FCPATH/index.php(57): CodeIgniter\CodeIgniter->run()
CRITICAL - 2024-11-13 12:49:39 --> Undefined property: stdClass::$bill_num
in APPPATH/Helpers/global_helper.php on line 505.
 1 APPPATH/Helpers/global_helper.php(505): CodeIgniter\Debug\Exceptions->errorHandler()
 2 APPPATH/Helpers/global_helper.php(480): doProcessGlobalTransaction()
 3 APPPATH/Controllers/Malipo.php(312): doProcessCRDBTransaction()
 4 SYSTEMPATH/CodeIgniter.php(896): App\Controllers\Malipo->crdbpost()
 5 SYSTEMPATH/CodeIgniter.php(466): CodeIgniter\CodeIgniter->runController()
 6 SYSTEMPATH/CodeIgniter.php(349): CodeIgniter\CodeIgniter->handleRequest()
 7 FCPATH/index.php(57): CodeIgniter\CodeIgniter->run()
CRITICAL - 2024-11-13 12:49:39 --> Undefined property: stdClass::$bill_num
in APPPATH/Helpers/global_helper.php on line 505.
 1 APPPATH/Helpers/global_helper.php(505): CodeIgniter\Debug\Exceptions->errorHandler()
 2 APPPATH/Helpers/global_helper.php(480): doProcessGlobalTransaction()
 3 APPPATH/Controllers/Malipo.php(312): doProcessCRDBTransaction()
 4 SYSTEMPATH/CodeIgniter.php(896): App\Controllers\Malipo->crdbpost()
 5 SYSTEMPATH/CodeIgniter.php(466): CodeIgniter\CodeIgniter->runController()
 6 SYSTEMPATH/CodeIgniter.php(349): CodeIgniter\CodeIgniter->handleRequest()
 7 FCPATH/index.php(57): CodeIgniter\CodeIgniter->run()
CRITICAL - 2024-11-13 12:51:39 --> Undefined property: stdClass::$bill_num
in APPPATH/Helpers/global_helper.php on line 505.
 1 APPPATH/Helpers/global_helper.php(505): CodeIgniter\Debug\Exceptions->errorHandler()
 2 APPPATH/Helpers/global_helper.php(480): doProcessGlobalTransaction()
 3 APPPATH/Controllers/Malipo.php(312): doProcessCRDBTransaction()
 4 SYSTEMPATH/CodeIgniter.php(896): App\Controllers\Malipo->crdbpost()
 5 SYSTEMPATH/CodeIgniter.php(466): CodeIgniter\CodeIgniter->runController()
 6 SYSTEMPATH/CodeIgniter.php(349): CodeIgniter\CodeIgniter->handleRequest()
 7 FCPATH/index.php(57): CodeIgniter\CodeIgniter->run()
CRITICAL - 2024-11-13 12:51:39 --> Undefined property: stdClass::$bill_num
in APPPATH/Helpers/global_helper.php on line 505.
 1 APPPATH/Helpers/global_helper.php(505): CodeIgniter\Debug\Exceptions->errorHandler()
 2 APPPATH/Helpers/global_helper.php(480): doProcessGlobalTransaction()
 3 APPPATH/Controllers/Malipo.php(312): doProcessCRDBTransaction()
 4 SYSTEMPATH/CodeIgniter.php(896): App\Controllers\Malipo->crdbpost()
 5 SYSTEMPATH/CodeIgniter.php(466): CodeIgniter\CodeIgniter->runController()
 6 SYSTEMPATH/CodeIgniter.php(349): CodeIgniter\CodeIgniter->handleRequest()
 7 FCPATH/index.php(57): CodeIgniter\CodeIgniter->run()
CRITICAL - 2024-11-13 12:51:39 --> Undefined property: stdClass::$bill_num
in APPPATH/Helpers/global_helper.php on line 505.
 1 APPPATH/Helpers/global_helper.php(505): CodeIgniter\Debug\Exceptions->errorHandler()
 2 APPPATH/Helpers/global_helper.php(480): doProcessGlobalTransaction()
 3 APPPATH/Controllers/Malipo.php(312): doProcessCRDBTransaction()
 4 SYSTEMPATH/CodeIgniter.php(896): App\Controllers\Malipo->crdbpost()
 5 SYSTEMPATH/CodeIgniter.php(466): CodeIgniter\CodeIgniter->runController()
 6 SYSTEMPATH/CodeIgniter.php(349): CodeIgniter\CodeIgniter->handleRequest()
 7 FCPATH/index.php(57): CodeIgniter\CodeIgniter->run()
CRITICAL - 2024-11-13 12:53:39 --> Undefined property: stdClass::$bill_num
in APPPATH/Helpers/global_helper.php on line 505.
 1 APPPATH/Helpers/global_helper.php(505): CodeIgniter\Debug\Exceptions->errorHandler()
 2 APPPATH/Helpers/global_helper.php(480): doProcessGlobalTransaction()
 3 APPPATH/Controllers/Malipo.php(312): doProcessCRDBTransaction()
 4 SYSTEMPATH/CodeIgniter.php(896): App\Controllers\Malipo->crdbpost()
 5 SYSTEMPATH/CodeIgniter.php(466): CodeIgniter\CodeIgniter->runController()
 6 SYSTEMPATH/CodeIgniter.php(349): CodeIgniter\CodeIgniter->handleRequest()
 7 FCPATH/index.php(57): CodeIgniter\CodeIgniter->run()
CRITICAL - 2024-11-13 12:53:39 --> Undefined property: stdClass::$bill_num
in APPPATH/Helpers/global_helper.php on line 505.
 1 APPPATH/Helpers/global_helper.php(505): CodeIgniter\Debug\Exceptions->errorHandler()
 2 APPPATH/Helpers/global_helper.php(480): doProcessGlobalTransaction()
 3 APPPATH/Controllers/Malipo.php(312): doProcessCRDBTransaction()
 4 SYSTEMPATH/CodeIgniter.php(896): App\Controllers\Malipo->crdbpost()
 5 SYSTEMPATH/CodeIgniter.php(466): CodeIgniter\CodeIgniter->runController()
 6 SYSTEMPATH/CodeIgniter.php(349): CodeIgniter\CodeIgniter->handleRequest()
 7 FCPATH/index.php(57): CodeIgniter\CodeIgniter->run()
CRITICAL - 2024-11-13 12:53:39 --> Undefined property: stdClass::$bill_num
in APPPATH/Helpers/global_helper.php on line 505.
 1 APPPATH/Helpers/global_helper.php(505): CodeIgniter\Debug\Exceptions->errorHandler()
 2 APPPATH/Helpers/global_helper.php(480): doProcessGlobalTransaction()
 3 APPPATH/Controllers/Malipo.php(312): doProcessCRDBTransaction()
 4 SYSTEMPATH/CodeIgniter.php(896): App\Controllers\Malipo->crdbpost()
 5 SYSTEMPATH/CodeIgniter.php(466): CodeIgniter\CodeIgniter->runController()
 6 SYSTEMPATH/CodeIgniter.php(349): CodeIgniter\CodeIgniter->handleRequest()
 7 FCPATH/index.php(57): CodeIgniter\CodeIgniter->run()
CRITICAL - 2024-11-13 12:55:39 --> Undefined property: stdClass::$bill_num
in APPPATH/Helpers/global_helper.php on line 505.
 1 APPPATH/Helpers/global_helper.php(505): CodeIgniter\Debug\Exceptions->errorHandler()
 2 APPPATH/Helpers/global_helper.php(480): doProcessGlobalTransaction()
 3 APPPATH/Controllers/Malipo.php(312): doProcessCRDBTransaction()
 4 SYSTEMPATH/CodeIgniter.php(896): App\Controllers\Malipo->crdbpost()
 5 SYSTEMPATH/CodeIgniter.php(466): CodeIgniter\CodeIgniter->runController()
 6 SYSTEMPATH/CodeIgniter.php(349): CodeIgniter\CodeIgniter->handleRequest()
 7 FCPATH/index.php(57): CodeIgniter\CodeIgniter->run()
CRITICAL - 2024-11-13 12:55:39 --> Undefined property: stdClass::$bill_num
in APPPATH/Helpers/global_helper.php on line 505.
 1 APPPATH/Helpers/global_helper.php(505): CodeIgniter\Debug\Exceptions->errorHandler()
 2 APPPATH/Helpers/global_helper.php(480): doProcessGlobalTransaction()
 3 APPPATH/Controllers/Malipo.php(312): doProcessCRDBTransaction()
 4 SYSTEMPATH/CodeIgniter.php(896): App\Controllers\Malipo->crdbpost()
 5 SYSTEMPATH/CodeIgniter.php(466): CodeIgniter\CodeIgniter->runController()
 6 SYSTEMPATH/CodeIgniter.php(349): CodeIgniter\CodeIgniter->handleRequest()
 7 FCPATH/index.php(57): CodeIgniter\CodeIgniter->run()
CRITICAL - 2024-11-13 12:55:39 --> Undefined property: stdClass::$bill_num
in APPPATH/Helpers/global_helper.php on line 505.
 1 APPPATH/Helpers/global_helper.php(505): CodeIgniter\Debug\Exceptions->errorHandler()
 2 APPPATH/Helpers/global_helper.php(480): doProcessGlobalTransaction()
 3 APPPATH/Controllers/Malipo.php(312): doProcessCRDBTransaction()
 4 SYSTEMPATH/CodeIgniter.php(896): App\Controllers\Malipo->crdbpost()
 5 SYSTEMPATH/CodeIgniter.php(466): CodeIgniter\CodeIgniter->runController()
 6 SYSTEMPATH/CodeIgniter.php(349): CodeIgniter\CodeIgniter->handleRequest()
 7 FCPATH/index.php(57): CodeIgniter\CodeIgniter->run()
CRITICAL - 2024-11-13 12:57:39 --> Undefined property: stdClass::$bill_num
in APPPATH/Helpers/global_helper.php on line 505.
 1 APPPATH/Helpers/global_helper.php(505): CodeIgniter\Debug\Exceptions->errorHandler()
 2 APPPATH/Helpers/global_helper.php(480): doProcessGlobalTransaction()
 3 APPPATH/Controllers/Malipo.php(312): doProcessCRDBTransaction()
 4 SYSTEMPATH/CodeIgniter.php(896): App\Controllers\Malipo->crdbpost()
 5 SYSTEMPATH/CodeIgniter.php(466): CodeIgniter\CodeIgniter->runController()
 6 SYSTEMPATH/CodeIgniter.php(349): CodeIgniter\CodeIgniter->handleRequest()
 7 FCPATH/index.php(57): CodeIgniter\CodeIgniter->run()
CRITICAL - 2024-11-13 12:57:39 --> Undefined property: stdClass::$bill_num
in APPPATH/Helpers/global_helper.php on line 505.
 1 APPPATH/Helpers/global_helper.php(505): CodeIgniter\Debug\Exceptions->errorHandler()
 2 APPPATH/Helpers/global_helper.php(480): doProcessGlobalTransaction()
 3 APPPATH/Controllers/Malipo.php(312): doProcessCRDBTransaction()
 4 SYSTEMPATH/CodeIgniter.php(896): App\Controllers\Malipo->crdbpost()
 5 SYSTEMPATH/CodeIgniter.php(466): CodeIgniter\CodeIgniter->runController()
 6 SYSTEMPATH/CodeIgniter.php(349): CodeIgniter\CodeIgniter->handleRequest()
 7 FCPATH/index.php(57): CodeIgniter\CodeIgniter->run()
CRITICAL - 2024-11-13 13:03:42 --> Undefined property: stdClass::$bill_num
in APPPATH/Helpers/global_helper.php on line 505.
 1 APPPATH/Helpers/global_helper.php(505): CodeIgniter\Debug\Exceptions->errorHandler()
 2 APPPATH/Helpers/global_helper.php(480): doProcessGlobalTransaction()
 3 APPPATH/Controllers/Malipo.php(312): doProcessCRDBTransaction()
 4 SYSTEMPATH/CodeIgniter.php(896): App\Controllers\Malipo->crdbpost()
 5 SYSTEMPATH/CodeIgniter.php(466): CodeIgniter\CodeIgniter->runController()
 6 SYSTEMPATH/CodeIgniter.php(349): CodeIgniter\CodeIgniter->handleRequest()
 7 FCPATH/index.php(57): CodeIgniter\CodeIgniter->run()
CRITICAL - 2024-11-13 13:03:42 --> Undefined property: stdClass::$bill_num
in APPPATH/Helpers/global_helper.php on line 505.
 1 APPPATH/Helpers/global_helper.php(505): CodeIgniter\Debug\Exceptions->errorHandler()
 2 APPPATH/Helpers/global_helper.php(480): doProcessGlobalTransaction()
 3 APPPATH/Controllers/Malipo.php(312): doProcessCRDBTransaction()
 4 SYSTEMPATH/CodeIgniter.php(896): App\Controllers\Malipo->crdbpost()
 5 SYSTEMPATH/CodeIgniter.php(466): CodeIgniter\CodeIgniter->runController()
 6 SYSTEMPATH/CodeIgniter.php(349): CodeIgniter\CodeIgniter->handleRequest()
 7 FCPATH/index.php(57): CodeIgniter\CodeIgniter->run()
CRITICAL - 2024-11-13 13:08:34 --> Undefined property: stdClass::$bill_num
in APPPATH/Helpers/global_helper.php on line 505.
 1 APPPATH/Helpers/global_helper.php(505): CodeIgniter\Debug\Exceptions->errorHandler()
 2 APPPATH/Helpers/global_helper.php(480): doProcessGlobalTransaction()
 3 APPPATH/Controllers/Malipo.php(312): doProcessCRDBTransaction()
 4 SYSTEMPATH/CodeIgniter.php(896): App\Controllers\Malipo->crdbpost()
 5 SYSTEMPATH/CodeIgniter.php(466): CodeIgniter\CodeIgniter->runController()
 6 SYSTEMPATH/CodeIgniter.php(349): CodeIgniter\CodeIgniter->handleRequest()
 7 FCPATH/index.php(57): CodeIgniter\CodeIgniter->run()
CRITICAL - 2024-11-13 13:09:38 --> Undefined property: stdClass::$bill_num
in APPPATH/Helpers/global_helper.php on line 505.
 1 APPPATH/Helpers/global_helper.php(505): CodeIgniter\Debug\Exceptions->errorHandler()
 2 APPPATH/Helpers/global_helper.php(480): doProcessGlobalTransaction()
 3 APPPATH/Controllers/Malipo.php(312): doProcessCRDBTransaction()
 4 SYSTEMPATH/CodeIgniter.php(896): App\Controllers\Malipo->crdbpost()
 5 SYSTEMPATH/CodeIgniter.php(466): CodeIgniter\CodeIgniter->runController()
 6 SYSTEMPATH/CodeIgniter.php(349): CodeIgniter\CodeIgniter->handleRequest()
 7 FCPATH/index.php(57): CodeIgniter\CodeIgniter->run()
CRITICAL - 2024-11-13 13:09:39 --> Undefined property: stdClass::$bill_num
in APPPATH/Helpers/global_helper.php on line 505.
 1 APPPATH/Helpers/global_helper.php(505): CodeIgniter\Debug\Exceptions->errorHandler()
 2 APPPATH/Helpers/global_helper.php(480): doProcessGlobalTransaction()
 3 APPPATH/Controllers/Malipo.php(312): doProcessCRDBTransaction()
 4 SYSTEMPATH/CodeIgniter.php(896): App\Controllers\Malipo->crdbpost()
 5 SYSTEMPATH/CodeIgniter.php(466): CodeIgniter\CodeIgniter->runController()
 6 SYSTEMPATH/CodeIgniter.php(349): CodeIgniter\CodeIgniter->handleRequest()
 7 FCPATH/index.php(57): CodeIgniter\CodeIgniter->run()
CRITICAL - 2024-11-13 13:09:39 --> Undefined property: stdClass::$bill_num
in APPPATH/Helpers/global_helper.php on line 505.
 1 APPPATH/Helpers/global_helper.php(505): CodeIgniter\Debug\Exceptions->errorHandler()
 2 APPPATH/Helpers/global_helper.php(480): doProcessGlobalTransaction()
 3 APPPATH/Controllers/Malipo.php(312): doProcessCRDBTransaction()
 4 SYSTEMPATH/CodeIgniter.php(896): App\Controllers\Malipo->crdbpost()
 5 SYSTEMPATH/CodeIgniter.php(466): CodeIgniter\CodeIgniter->runController()
 6 SYSTEMPATH/CodeIgniter.php(349): CodeIgniter\CodeIgniter->handleRequest()
 7 FCPATH/index.php(57): CodeIgniter\CodeIgniter->run()
CRITICAL - 2024-11-13 13:11:39 --> Undefined property: stdClass::$bill_num
in APPPATH/Helpers/global_helper.php on line 505.
 1 APPPATH/Helpers/global_helper.php(505): CodeIgniter\Debug\Exceptions->errorHandler()
 2 APPPATH/Helpers/global_helper.php(480): doProcessGlobalTransaction()
 3 APPPATH/Controllers/Malipo.php(312): doProcessCRDBTransaction()
 4 SYSTEMPATH/CodeIgniter.php(896): App\Controllers\Malipo->crdbpost()
 5 SYSTEMPATH/CodeIgniter.php(466): CodeIgniter\CodeIgniter->runController()
 6 SYSTEMPATH/CodeIgniter.php(349): CodeIgniter\CodeIgniter->handleRequest()
 7 FCPATH/index.php(57): CodeIgniter\CodeIgniter->run()
CRITICAL - 2024-11-13 13:11:39 --> Undefined property: stdClass::$bill_num
in APPPATH/Helpers/global_helper.php on line 505.
 1 APPPATH/Helpers/global_helper.php(505): CodeIgniter\Debug\Exceptions->errorHandler()
 2 APPPATH/Helpers/global_helper.php(480): doProcessGlobalTransaction()
 3 APPPATH/Controllers/Malipo.php(312): doProcessCRDBTransaction()
 4 SYSTEMPATH/CodeIgniter.php(896): App\Controllers\Malipo->crdbpost()
 5 SYSTEMPATH/CodeIgniter.php(466): CodeIgniter\CodeIgniter->runController()
 6 SYSTEMPATH/CodeIgniter.php(349): CodeIgniter\CodeIgniter->handleRequest()
 7 FCPATH/index.php(57): CodeIgniter\CodeIgniter->run()
CRITICAL - 2024-11-13 13:25:32 --> Error: Maximum execution time of 300 seconds exceeded
in SYSTEMPATH/Database/BaseConnection.php on line 614.

CRITICAL - 2024-11-13 13:30:05 --> Undefined array key "data"
in APPPATH/Helpers/global_helper.php on line 154.
 1 APPPATH/Helpers/global_helper.php(154): CodeIgniter\Debug\Exceptions->errorHandler()
 2 APPPATH/Controllers/Malipo.php(294): dispResponseCRDBValidate()
 3 SYSTEMPATH/CodeIgniter.php(896): App\Controllers\Malipo->crdbverify()
 4 SYSTEMPATH/CodeIgniter.php(466): CodeIgniter\CodeIgniter->runController()
 5 SYSTEMPATH/CodeIgniter.php(349): CodeIgniter\CodeIgniter->handleRequest()
 6 FCPATH/index.php(57): CodeIgniter\CodeIgniter->run()
CRITICAL - 2024-11-13 13:35:06 --> Error: Maximum execution time of 300 seconds exceeded
in SYSTEMPATH/Database/MySQLi/Connection.php on line 292.

CRITICAL - 2024-11-13 13:35:40 --> Undefined array key "data"
in APPPATH/Helpers/global_helper.php on line 154.
 1 APPPATH/Helpers/global_helper.php(154): CodeIgniter\Debug\Exceptions->errorHandler()
 2 APPPATH/Controllers/Malipo.php(294): dispResponseCRDBValidate()
 3 SYSTEMPATH/CodeIgniter.php(896): App\Controllers\Malipo->crdbverify()
 4 SYSTEMPATH/CodeIgniter.php(466): CodeIgniter\CodeIgniter->runController()
 5 SYSTEMPATH/CodeIgniter.php(349): CodeIgniter\CodeIgniter->handleRequest()
 6 FCPATH/index.php(57): CodeIgniter\CodeIgniter->run()
CRITICAL - 2024-11-13 13:42:35 --> Undefined property: stdClass::$bill_num
in APPPATH/Helpers/global_helper.php on line 505.
 1 APPPATH/Helpers/global_helper.php(505): CodeIgniter\Debug\Exceptions->errorHandler()
 2 APPPATH/Helpers/global_helper.php(480): doProcessGlobalTransaction()
 3 APPPATH/Controllers/Malipo.php(312): doProcessCRDBTransaction()
 4 SYSTEMPATH/CodeIgniter.php(896): App\Controllers\Malipo->crdbpost()
 5 SYSTEMPATH/CodeIgniter.php(466): CodeIgniter\CodeIgniter->runController()
 6 SYSTEMPATH/CodeIgniter.php(349): CodeIgniter\CodeIgniter->handleRequest()
 7 FCPATH/index.php(57): CodeIgniter\CodeIgniter->run()
CRITICAL - 2024-11-13 13:45:39 --> Undefined property: stdClass::$bill_num
in APPPATH/Helpers/global_helper.php on line 505.
 1 APPPATH/Helpers/global_helper.php(505): CodeIgniter\Debug\Exceptions->errorHandler()
 2 APPPATH/Helpers/global_helper.php(480): doProcessGlobalTransaction()
 3 APPPATH/Controllers/Malipo.php(312): doProcessCRDBTransaction()
 4 SYSTEMPATH/CodeIgniter.php(896): App\Controllers\Malipo->crdbpost()
 5 SYSTEMPATH/CodeIgniter.php(466): CodeIgniter\CodeIgniter->runController()
 6 SYSTEMPATH/CodeIgniter.php(349): CodeIgniter\CodeIgniter->handleRequest()
 7 FCPATH/index.php(57): CodeIgniter\CodeIgniter->run()
CRITICAL - 2024-11-13 13:47:42 --> Undefined property: stdClass::$bill_num
in APPPATH/Helpers/global_helper.php on line 505.
 1 APPPATH/Helpers/global_helper.php(505): CodeIgniter\Debug\Exceptions->errorHandler()
 2 APPPATH/Helpers/global_helper.php(480): doProcessGlobalTransaction()
 3 APPPATH/Controllers/Malipo.php(312): doProcessCRDBTransaction()
 4 SYSTEMPATH/CodeIgniter.php(896): App\Controllers\Malipo->crdbpost()
 5 SYSTEMPATH/CodeIgniter.php(466): CodeIgniter\CodeIgniter->runController()
 6 SYSTEMPATH/CodeIgniter.php(349): CodeIgniter\CodeIgniter->handleRequest()
 7 FCPATH/index.php(57): CodeIgniter\CodeIgniter->run()
CRITICAL - 2024-11-13 13:49:42 --> Undefined property: stdClass::$bill_num
in APPPATH/Helpers/global_helper.php on line 505.
 1 APPPATH/Helpers/global_helper.php(505): CodeIgniter\Debug\Exceptions->errorHandler()
 2 APPPATH/Helpers/global_helper.php(480): doProcessGlobalTransaction()
 3 APPPATH/Controllers/Malipo.php(312): doProcessCRDBTransaction()
 4 SYSTEMPATH/CodeIgniter.php(896): App\Controllers\Malipo->crdbpost()
 5 SYSTEMPATH/CodeIgniter.php(466): CodeIgniter\CodeIgniter->runController()
 6 SYSTEMPATH/CodeIgniter.php(349): CodeIgniter\CodeIgniter->handleRequest()
 7 FCPATH/index.php(57): CodeIgniter\CodeIgniter->run()
CRITICAL - 2024-11-13 13:51:52 --> Undefined property: stdClass::$bill_num
in APPPATH/Helpers/global_helper.php on line 505.
 1 APPPATH/Helpers/global_helper.php(505): CodeIgniter\Debug\Exceptions->errorHandler()
 2 APPPATH/Helpers/global_helper.php(480): doProcessGlobalTransaction()
 3 APPPATH/Controllers/Malipo.php(312): doProcessCRDBTransaction()
 4 SYSTEMPATH/CodeIgniter.php(896): App\Controllers\Malipo->crdbpost()
 5 SYSTEMPATH/CodeIgniter.php(466): CodeIgniter\CodeIgniter->runController()
 6 SYSTEMPATH/CodeIgniter.php(349): CodeIgniter\CodeIgniter->handleRequest()
 7 FCPATH/index.php(57): CodeIgniter\CodeIgniter->run()
CRITICAL - 2024-11-13 13:54:43 --> Undefined property: stdClass::$bill_num
in APPPATH/Helpers/global_helper.php on line 505.
 1 APPPATH/Helpers/global_helper.php(505): CodeIgniter\Debug\Exceptions->errorHandler()
 2 APPPATH/Helpers/global_helper.php(480): doProcessGlobalTransaction()
 3 APPPATH/Controllers/Malipo.php(312): doProcessCRDBTransaction()
 4 SYSTEMPATH/CodeIgniter.php(896): App\Controllers\Malipo->crdbpost()
 5 SYSTEMPATH/CodeIgniter.php(466): CodeIgniter\CodeIgniter->runController()
 6 SYSTEMPATH/CodeIgniter.php(349): CodeIgniter\CodeIgniter->handleRequest()
 7 FCPATH/index.php(57): CodeIgniter\CodeIgniter->run()
CRITICAL - 2024-11-13 13:55:43 --> Undefined property: stdClass::$bill_num
in APPPATH/Helpers/global_helper.php on line 505.
 1 APPPATH/Helpers/global_helper.php(505): CodeIgniter\Debug\Exceptions->errorHandler()
 2 APPPATH/Helpers/global_helper.php(480): doProcessGlobalTransaction()
 3 APPPATH/Controllers/Malipo.php(312): doProcessCRDBTransaction()
 4 SYSTEMPATH/CodeIgniter.php(896): App\Controllers\Malipo->crdbpost()
 5 SYSTEMPATH/CodeIgniter.php(466): CodeIgniter\CodeIgniter->runController()
 6 SYSTEMPATH/CodeIgniter.php(349): CodeIgniter\CodeIgniter->handleRequest()
 7 FCPATH/index.php(57): CodeIgniter\CodeIgniter->run()
CRITICAL - 2024-11-13 13:55:45 --> Undefined property: stdClass::$bill_num
in APPPATH/Helpers/global_helper.php on line 505.
 1 APPPATH/Helpers/global_helper.php(505): CodeIgniter\Debug\Exceptions->errorHandler()
 2 APPPATH/Helpers/global_helper.php(480): doProcessGlobalTransaction()
 3 APPPATH/Controllers/Malipo.php(312): doProcessCRDBTransaction()
 4 SYSTEMPATH/CodeIgniter.php(896): App\Controllers\Malipo->crdbpost()
 5 SYSTEMPATH/CodeIgniter.php(466): CodeIgniter\CodeIgniter->runController()
 6 SYSTEMPATH/CodeIgniter.php(349): CodeIgniter\CodeIgniter->handleRequest()
 7 FCPATH/index.php(57): CodeIgniter\CodeIgniter->run()
CRITICAL - 2024-11-13 13:57:39 --> Undefined property: stdClass::$bill_num
in APPPATH/Helpers/global_helper.php on line 505.
 1 APPPATH/Helpers/global_helper.php(505): CodeIgniter\Debug\Exceptions->errorHandler()
 2 APPPATH/Helpers/global_helper.php(480): doProcessGlobalTransaction()
 3 APPPATH/Controllers/Malipo.php(312): doProcessCRDBTransaction()
 4 SYSTEMPATH/CodeIgniter.php(896): App\Controllers\Malipo->crdbpost()
 5 SYSTEMPATH/CodeIgniter.php(466): CodeIgniter\CodeIgniter->runController()
 6 SYSTEMPATH/CodeIgniter.php(349): CodeIgniter\CodeIgniter->handleRequest()
 7 FCPATH/index.php(57): CodeIgniter\CodeIgniter->run()
CRITICAL - 2024-11-13 13:57:39 --> Undefined property: stdClass::$bill_num
in APPPATH/Helpers/global_helper.php on line 505.
 1 APPPATH/Helpers/global_helper.php(505): CodeIgniter\Debug\Exceptions->errorHandler()
 2 APPPATH/Helpers/global_helper.php(480): doProcessGlobalTransaction()
 3 APPPATH/Controllers/Malipo.php(312): doProcessCRDBTransaction()
 4 SYSTEMPATH/CodeIgniter.php(896): App\Controllers\Malipo->crdbpost()
 5 SYSTEMPATH/CodeIgniter.php(466): CodeIgniter\CodeIgniter->runController()
 6 SYSTEMPATH/CodeIgniter.php(349): CodeIgniter\CodeIgniter->handleRequest()
 7 FCPATH/index.php(57): CodeIgniter\CodeIgniter->run()
CRITICAL - 2024-11-13 13:59:42 --> Undefined property: stdClass::$bill_num
in APPPATH/Helpers/global_helper.php on line 505.
 1 APPPATH/Helpers/global_helper.php(505): CodeIgniter\Debug\Exceptions->errorHandler()
 2 APPPATH/Helpers/global_helper.php(480): doProcessGlobalTransaction()
 3 APPPATH/Controllers/Malipo.php(312): doProcessCRDBTransaction()
 4 SYSTEMPATH/CodeIgniter.php(896): App\Controllers\Malipo->crdbpost()
 5 SYSTEMPATH/CodeIgniter.php(466): CodeIgniter\CodeIgniter->runController()
 6 SYSTEMPATH/CodeIgniter.php(349): CodeIgniter\CodeIgniter->handleRequest()
 7 FCPATH/index.php(57): CodeIgniter\CodeIgniter->run()
CRITICAL - 2024-11-13 13:59:43 --> Undefined property: stdClass::$bill_num
in APPPATH/Helpers/global_helper.php on line 505.
 1 APPPATH/Helpers/global_helper.php(505): CodeIgniter\Debug\Exceptions->errorHandler()
 2 APPPATH/Helpers/global_helper.php(480): doProcessGlobalTransaction()
 3 APPPATH/Controllers/Malipo.php(312): doProcessCRDBTransaction()
 4 SYSTEMPATH/CodeIgniter.php(896): App\Controllers\Malipo->crdbpost()
 5 SYSTEMPATH/CodeIgniter.php(466): CodeIgniter\CodeIgniter->runController()
 6 SYSTEMPATH/CodeIgniter.php(349): CodeIgniter\CodeIgniter->handleRequest()
 7 FCPATH/index.php(57): CodeIgniter\CodeIgniter->run()
CRITICAL - 2024-11-13 14:01:42 --> Undefined property: stdClass::$bill_num
in APPPATH/Helpers/global_helper.php on line 505.
 1 APPPATH/Helpers/global_helper.php(505): CodeIgniter\Debug\Exceptions->errorHandler()
 2 APPPATH/Helpers/global_helper.php(480): doProcessGlobalTransaction()
 3 APPPATH/Controllers/Malipo.php(312): doProcessCRDBTransaction()
 4 SYSTEMPATH/CodeIgniter.php(896): App\Controllers\Malipo->crdbpost()
 5 SYSTEMPATH/CodeIgniter.php(466): CodeIgniter\CodeIgniter->runController()
 6 SYSTEMPATH/CodeIgniter.php(349): CodeIgniter\CodeIgniter->handleRequest()
 7 FCPATH/index.php(57): CodeIgniter\CodeIgniter->run()
CRITICAL - 2024-11-13 14:01:42 --> Undefined property: stdClass::$bill_num
in APPPATH/Helpers/global_helper.php on line 505.
 1 APPPATH/Helpers/global_helper.php(505): CodeIgniter\Debug\Exceptions->errorHandler()
 2 APPPATH/Helpers/global_helper.php(480): doProcessGlobalTransaction()
 3 APPPATH/Controllers/Malipo.php(312): doProcessCRDBTransaction()
 4 SYSTEMPATH/CodeIgniter.php(896): App\Controllers\Malipo->crdbpost()
 5 SYSTEMPATH/CodeIgniter.php(466): CodeIgniter\CodeIgniter->runController()
 6 SYSTEMPATH/CodeIgniter.php(349): CodeIgniter\CodeIgniter->handleRequest()
 7 FCPATH/index.php(57): CodeIgniter\CodeIgniter->run()
CRITICAL - 2024-11-13 14:03:39 --> Undefined property: stdClass::$bill_num
in APPPATH/Helpers/global_helper.php on line 505.
 1 APPPATH/Helpers/global_helper.php(505): CodeIgniter\Debug\Exceptions->errorHandler()
 2 APPPATH/Helpers/global_helper.php(480): doProcessGlobalTransaction()
 3 APPPATH/Controllers/Malipo.php(312): doProcessCRDBTransaction()
 4 SYSTEMPATH/CodeIgniter.php(896): App\Controllers\Malipo->crdbpost()
 5 SYSTEMPATH/CodeIgniter.php(466): CodeIgniter\CodeIgniter->runController()
 6 SYSTEMPATH/CodeIgniter.php(349): CodeIgniter\CodeIgniter->handleRequest()
 7 FCPATH/index.php(57): CodeIgniter\CodeIgniter->run()
CRITICAL - 2024-11-13 14:03:39 --> Undefined property: stdClass::$bill_num
in APPPATH/Helpers/global_helper.php on line 505.
 1 APPPATH/Helpers/global_helper.php(505): CodeIgniter\Debug\Exceptions->errorHandler()
 2 APPPATH/Helpers/global_helper.php(480): doProcessGlobalTransaction()
 3 APPPATH/Controllers/Malipo.php(312): doProcessCRDBTransaction()
 4 SYSTEMPATH/CodeIgniter.php(896): App\Controllers\Malipo->crdbpost()
 5 SYSTEMPATH/CodeIgniter.php(466): CodeIgniter\CodeIgniter->runController()
 6 SYSTEMPATH/CodeIgniter.php(349): CodeIgniter\CodeIgniter->handleRequest()
 7 FCPATH/index.php(57): CodeIgniter\CodeIgniter->run()
CRITICAL - 2024-11-13 14:05:42 --> Undefined property: stdClass::$bill_num
in APPPATH/Helpers/global_helper.php on line 505.
 1 APPPATH/Helpers/global_helper.php(505): CodeIgniter\Debug\Exceptions->errorHandler()
 2 APPPATH/Helpers/global_helper.php(480): doProcessGlobalTransaction()
 3 APPPATH/Controllers/Malipo.php(312): doProcessCRDBTransaction()
 4 SYSTEMPATH/CodeIgniter.php(896): App\Controllers\Malipo->crdbpost()
 5 SYSTEMPATH/CodeIgniter.php(466): CodeIgniter\CodeIgniter->runController()
 6 SYSTEMPATH/CodeIgniter.php(349): CodeIgniter\CodeIgniter->handleRequest()
 7 FCPATH/index.php(57): CodeIgniter\CodeIgniter->run()
CRITICAL - 2024-11-13 14:05:42 --> Undefined property: stdClass::$bill_num
in APPPATH/Helpers/global_helper.php on line 505.
 1 APPPATH/Helpers/global_helper.php(505): CodeIgniter\Debug\Exceptions->errorHandler()
 2 APPPATH/Helpers/global_helper.php(480): doProcessGlobalTransaction()
 3 APPPATH/Controllers/Malipo.php(312): doProcessCRDBTransaction()
 4 SYSTEMPATH/CodeIgniter.php(896): App\Controllers\Malipo->crdbpost()
 5 SYSTEMPATH/CodeIgniter.php(466): CodeIgniter\CodeIgniter->runController()
 6 SYSTEMPATH/CodeIgniter.php(349): CodeIgniter\CodeIgniter->handleRequest()
 7 FCPATH/index.php(57): CodeIgniter\CodeIgniter->run()
CRITICAL - 2024-11-13 14:07:39 --> Undefined property: stdClass::$bill_num
in APPPATH/Helpers/global_helper.php on line 505.
 1 APPPATH/Helpers/global_helper.php(505): CodeIgniter\Debug\Exceptions->errorHandler()
 2 APPPATH/Helpers/global_helper.php(480): doProcessGlobalTransaction()
 3 APPPATH/Controllers/Malipo.php(312): doProcessCRDBTransaction()
 4 SYSTEMPATH/CodeIgniter.php(896): App\Controllers\Malipo->crdbpost()
 5 SYSTEMPATH/CodeIgniter.php(466): CodeIgniter\CodeIgniter->runController()
 6 SYSTEMPATH/CodeIgniter.php(349): CodeIgniter\CodeIgniter->handleRequest()
 7 FCPATH/index.php(57): CodeIgniter\CodeIgniter->run()
CRITICAL - 2024-11-13 14:07:47 --> Undefined array key "data"
in APPPATH/Helpers/global_helper.php on line 154.
 1 APPPATH/Helpers/global_helper.php(154): CodeIgniter\Debug\Exceptions->errorHandler()
 2 APPPATH/Controllers/Malipo.php(294): dispResponseCRDBValidate()
 3 SYSTEMPATH/CodeIgniter.php(896): App\Controllers\Malipo->crdbverify()
 4 SYSTEMPATH/CodeIgniter.php(466): CodeIgniter\CodeIgniter->runController()
 5 SYSTEMPATH/CodeIgniter.php(349): CodeIgniter\CodeIgniter->handleRequest()
 6 FCPATH/index.php(57): CodeIgniter\CodeIgniter->run()
CRITICAL - 2024-11-13 14:09:39 --> Undefined property: stdClass::$bill_num
in APPPATH/Helpers/global_helper.php on line 505.
 1 APPPATH/Helpers/global_helper.php(505): CodeIgniter\Debug\Exceptions->errorHandler()
 2 APPPATH/Helpers/global_helper.php(480): doProcessGlobalTransaction()
 3 APPPATH/Controllers/Malipo.php(312): doProcessCRDBTransaction()
 4 SYSTEMPATH/CodeIgniter.php(896): App\Controllers\Malipo->crdbpost()
 5 SYSTEMPATH/CodeIgniter.php(466): CodeIgniter\CodeIgniter->runController()
 6 SYSTEMPATH/CodeIgniter.php(349): CodeIgniter\CodeIgniter->handleRequest()
 7 FCPATH/index.php(57): CodeIgniter\CodeIgniter->run()
CRITICAL - 2024-11-13 14:11:39 --> Undefined property: stdClass::$bill_num
in APPPATH/Helpers/global_helper.php on line 505.
 1 APPPATH/Helpers/global_helper.php(505): CodeIgniter\Debug\Exceptions->errorHandler()
 2 APPPATH/Helpers/global_helper.php(480): doProcessGlobalTransaction()
 3 APPPATH/Controllers/Malipo.php(312): doProcessCRDBTransaction()
 4 SYSTEMPATH/CodeIgniter.php(896): App\Controllers\Malipo->crdbpost()
 5 SYSTEMPATH/CodeIgniter.php(466): CodeIgniter\CodeIgniter->runController()
 6 SYSTEMPATH/CodeIgniter.php(349): CodeIgniter\CodeIgniter->handleRequest()
 7 FCPATH/index.php(57): CodeIgniter\CodeIgniter->run()
CRITICAL - 2024-11-13 14:13:39 --> Undefined property: stdClass::$bill_num
in APPPATH/Helpers/global_helper.php on line 505.
 1 APPPATH/Helpers/global_helper.php(505): CodeIgniter\Debug\Exceptions->errorHandler()
 2 APPPATH/Helpers/global_helper.php(480): doProcessGlobalTransaction()
 3 APPPATH/Controllers/Malipo.php(312): doProcessCRDBTransaction()
 4 SYSTEMPATH/CodeIgniter.php(896): App\Controllers\Malipo->crdbpost()
 5 SYSTEMPATH/CodeIgniter.php(466): CodeIgniter\CodeIgniter->runController()
 6 SYSTEMPATH/CodeIgniter.php(349): CodeIgniter\CodeIgniter->handleRequest()
 7 FCPATH/index.php(57): CodeIgniter\CodeIgniter->run()
CRITICAL - 2024-11-13 14:15:42 --> Undefined property: stdClass::$bill_num
in APPPATH/Helpers/global_helper.php on line 505.
 1 APPPATH/Helpers/global_helper.php(505): CodeIgniter\Debug\Exceptions->errorHandler()
 2 APPPATH/Helpers/global_helper.php(480): doProcessGlobalTransaction()
 3 APPPATH/Controllers/Malipo.php(312): doProcessCRDBTransaction()
 4 SYSTEMPATH/CodeIgniter.php(896): App\Controllers\Malipo->crdbpost()
 5 SYSTEMPATH/CodeIgniter.php(466): CodeIgniter\CodeIgniter->runController()
 6 SYSTEMPATH/CodeIgniter.php(349): CodeIgniter\CodeIgniter->handleRequest()
 7 FCPATH/index.php(57): CodeIgniter\CodeIgniter->run()
CRITICAL - 2024-11-13 14:17:39 --> Undefined property: stdClass::$bill_num
in APPPATH/Helpers/global_helper.php on line 505.
 1 APPPATH/Helpers/global_helper.php(505): CodeIgniter\Debug\Exceptions->errorHandler()
 2 APPPATH/Helpers/global_helper.php(480): doProcessGlobalTransaction()
 3 APPPATH/Controllers/Malipo.php(312): doProcessCRDBTransaction()
 4 SYSTEMPATH/CodeIgniter.php(896): App\Controllers\Malipo->crdbpost()
 5 SYSTEMPATH/CodeIgniter.php(466): CodeIgniter\CodeIgniter->runController()
 6 SYSTEMPATH/CodeIgniter.php(349): CodeIgniter\CodeIgniter->handleRequest()
 7 FCPATH/index.php(57): CodeIgniter\CodeIgniter->run()
CRITICAL - 2024-11-13 14:19:39 --> Undefined property: stdClass::$bill_num
in APPPATH/Helpers/global_helper.php on line 505.
 1 APPPATH/Helpers/global_helper.php(505): CodeIgniter\Debug\Exceptions->errorHandler()
 2 APPPATH/Helpers/global_helper.php(480): doProcessGlobalTransaction()
 3 APPPATH/Controllers/Malipo.php(312): doProcessCRDBTransaction()
 4 SYSTEMPATH/CodeIgniter.php(896): App\Controllers\Malipo->crdbpost()
 5 SYSTEMPATH/CodeIgniter.php(466): CodeIgniter\CodeIgniter->runController()
 6 SYSTEMPATH/CodeIgniter.php(349): CodeIgniter\CodeIgniter->handleRequest()
 7 FCPATH/index.php(57): CodeIgniter\CodeIgniter->run()
CRITICAL - 2024-11-13 14:21:39 --> Undefined property: stdClass::$bill_num
in APPPATH/Helpers/global_helper.php on line 505.
 1 APPPATH/Helpers/global_helper.php(505): CodeIgniter\Debug\Exceptions->errorHandler()
 2 APPPATH/Helpers/global_helper.php(480): doProcessGlobalTransaction()
 3 APPPATH/Controllers/Malipo.php(312): doProcessCRDBTransaction()
 4 SYSTEMPATH/CodeIgniter.php(896): App\Controllers\Malipo->crdbpost()
 5 SYSTEMPATH/CodeIgniter.php(466): CodeIgniter\CodeIgniter->runController()
 6 SYSTEMPATH/CodeIgniter.php(349): CodeIgniter\CodeIgniter->handleRequest()
 7 FCPATH/index.php(57): CodeIgniter\CodeIgniter->run()
CRITICAL - 2024-11-13 14:26:39 --> Undefined property: stdClass::$reference
in APPPATH/Helpers/global_helper.php on line 914.
 1 APPPATH/Helpers/global_helper.php(914): CodeIgniter\Debug\Exceptions->errorHandler()
 2 APPPATH/Controllers/Malipo.php(476): nmbGenSubmitJson()
 3 SYSTEMPATH/CodeIgniter.php(896): App\Controllers\Malipo->nmbbillrequest()
 4 SYSTEMPATH/CodeIgniter.php(466): CodeIgniter\CodeIgniter->runController()
 5 SYSTEMPATH/CodeIgniter.php(349): CodeIgniter\CodeIgniter->handleRequest()
 6 FCPATH/index.php(57): CodeIgniter\CodeIgniter->run()
ERROR - 2024-11-13 14:47:59 --> Got error 4009 'Cluster Failure' from NDBCLUSTER
CRITICAL - 2024-11-13 14:47:59 --> Got error 4009 'Cluster Failure' from NDBCLUSTER
in SYSTEMPATH/Database/MySQLi/Connection.php on line 292.
 1 SYSTEMPATH/Database/MySQLi/Connection.php(292): mysqli->query()
 2 SYSTEMPATH/Database/BaseConnection.php(695): CodeIgniter\Database\MySQLi\Connection->execute()
 3 SYSTEMPATH/Database/BaseConnection.php(609): CodeIgniter\Database\BaseConnection->simpleQuery()
 4 APPPATH/Models/Engine.php(554): CodeIgniter\Database\BaseConnection->query()
 5 APPPATH/Controllers/BaseController.php(77): App\Models\Engine->getLanguages()
 6 SYSTEMPATH/CodeIgniter.php(859): App\Controllers\BaseController->initController()
 7 SYSTEMPATH/CodeIgniter.php(457): CodeIgniter\CodeIgniter->createController()
 8 SYSTEMPATH/CodeIgniter.php(349): CodeIgniter\CodeIgniter->handleRequest()
 9 FCPATH/index.php(57): CodeIgniter\CodeIgniter->run()
ERROR - 2024-11-13 14:48:00 --> Got error 4009 'Cluster Failure' from NDBCLUSTER
CRITICAL - 2024-11-13 14:48:00 --> Got error 4009 'Cluster Failure' from NDBCLUSTER
in SYSTEMPATH/Database/MySQLi/Connection.php on line 292.
 1 SYSTEMPATH/Database/MySQLi/Connection.php(292): mysqli->query()
 2 SYSTEMPATH/Database/BaseConnection.php(695): CodeIgniter\Database\MySQLi\Connection->execute()
 3 SYSTEMPATH/Database/BaseConnection.php(609): CodeIgniter\Database\BaseConnection->simpleQuery()
 4 APPPATH/Models/Engine.php(554): CodeIgniter\Database\BaseConnection->query()
 5 APPPATH/Controllers/BaseController.php(77): App\Models\Engine->getLanguages()
 6 SYSTEMPATH/CodeIgniter.php(859): App\Controllers\BaseController->initController()
 7 SYSTEMPATH/CodeIgniter.php(457): CodeIgniter\CodeIgniter->createController()
 8 SYSTEMPATH/CodeIgniter.php(349): CodeIgniter\CodeIgniter->handleRequest()
 9 FCPATH/index.php(57): CodeIgniter\CodeIgniter->run()
CRITICAL - 2024-11-13 14:49:42 --> Undefined property: stdClass::$bill_num
in APPPATH/Helpers/global_helper.php on line 505.
 1 APPPATH/Helpers/global_helper.php(505): CodeIgniter\Debug\Exceptions->errorHandler()
 2 APPPATH/Helpers/global_helper.php(480): doProcessGlobalTransaction()
 3 APPPATH/Controllers/Malipo.php(312): doProcessCRDBTransaction()
 4 SYSTEMPATH/CodeIgniter.php(896): App\Controllers\Malipo->crdbpost()
 5 SYSTEMPATH/CodeIgniter.php(466): CodeIgniter\CodeIgniter->runController()
 6 SYSTEMPATH/CodeIgniter.php(349): CodeIgniter\CodeIgniter->handleRequest()
 7 FCPATH/index.php(57): CodeIgniter\CodeIgniter->run()
CRITICAL - 2024-11-13 14:49:55 --> Undefined property: stdClass::$bill_num
in APPPATH/Helpers/global_helper.php on line 505.
 1 APPPATH/Helpers/global_helper.php(505): CodeIgniter\Debug\Exceptions->errorHandler()
 2 APPPATH/Helpers/global_helper.php(480): doProcessGlobalTransaction()
 3 APPPATH/Controllers/Malipo.php(312): doProcessCRDBTransaction()
 4 SYSTEMPATH/CodeIgniter.php(896): App\Controllers\Malipo->crdbpost()
 5 SYSTEMPATH/CodeIgniter.php(466): CodeIgniter\CodeIgniter->runController()
 6 SYSTEMPATH/CodeIgniter.php(349): CodeIgniter\CodeIgniter->handleRequest()
 7 FCPATH/index.php(57): CodeIgniter\CodeIgniter->run()
CRITICAL - 2024-11-13 14:51:39 --> Undefined property: stdClass::$bill_num
in APPPATH/Helpers/global_helper.php on line 505.
 1 APPPATH/Helpers/global_helper.php(505): CodeIgniter\Debug\Exceptions->errorHandler()
 2 APPPATH/Helpers/global_helper.php(480): doProcessGlobalTransaction()
 3 APPPATH/Controllers/Malipo.php(312): doProcessCRDBTransaction()
 4 SYSTEMPATH/CodeIgniter.php(896): App\Controllers\Malipo->crdbpost()
 5 SYSTEMPATH/CodeIgniter.php(466): CodeIgniter\CodeIgniter->runController()
 6 SYSTEMPATH/CodeIgniter.php(349): CodeIgniter\CodeIgniter->handleRequest()
 7 FCPATH/index.php(57): CodeIgniter\CodeIgniter->run()
CRITICAL - 2024-11-13 14:53:39 --> Undefined property: stdClass::$bill_num
in APPPATH/Helpers/global_helper.php on line 505.
 1 APPPATH/Helpers/global_helper.php(505): CodeIgniter\Debug\Exceptions->errorHandler()
 2 APPPATH/Helpers/global_helper.php(480): doProcessGlobalTransaction()
 3 APPPATH/Controllers/Malipo.php(312): doProcessCRDBTransaction()
 4 SYSTEMPATH/CodeIgniter.php(896): App\Controllers\Malipo->crdbpost()
 5 SYSTEMPATH/CodeIgniter.php(466): CodeIgniter\CodeIgniter->runController()
 6 SYSTEMPATH/CodeIgniter.php(349): CodeIgniter\CodeIgniter->handleRequest()
 7 FCPATH/index.php(57): CodeIgniter\CodeIgniter->run()
CRITICAL - 2024-11-13 14:55:39 --> Undefined property: stdClass::$bill_num
in APPPATH/Helpers/global_helper.php on line 505.
 1 APPPATH/Helpers/global_helper.php(505): CodeIgniter\Debug\Exceptions->errorHandler()
 2 APPPATH/Helpers/global_helper.php(480): doProcessGlobalTransaction()
 3 APPPATH/Controllers/Malipo.php(312): doProcessCRDBTransaction()
 4 SYSTEMPATH/CodeIgniter.php(896): App\Controllers\Malipo->crdbpost()
 5 SYSTEMPATH/CodeIgniter.php(466): CodeIgniter\CodeIgniter->runController()
 6 SYSTEMPATH/CodeIgniter.php(349): CodeIgniter\CodeIgniter->handleRequest()
 7 FCPATH/index.php(57): CodeIgniter\CodeIgniter->run()
CRITICAL - 2024-11-13 14:57:39 --> Undefined property: stdClass::$bill_num
in APPPATH/Helpers/global_helper.php on line 505.
 1 APPPATH/Helpers/global_helper.php(505): CodeIgniter\Debug\Exceptions->errorHandler()
 2 APPPATH/Helpers/global_helper.php(480): doProcessGlobalTransaction()
 3 APPPATH/Controllers/Malipo.php(312): doProcessCRDBTransaction()
 4 SYSTEMPATH/CodeIgniter.php(896): App\Controllers\Malipo->crdbpost()
 5 SYSTEMPATH/CodeIgniter.php(466): CodeIgniter\CodeIgniter->runController()
 6 SYSTEMPATH/CodeIgniter.php(349): CodeIgniter\CodeIgniter->handleRequest()
 7 FCPATH/index.php(57): CodeIgniter\CodeIgniter->run()
CRITICAL - 2024-11-13 14:58:48 --> Undefined property: stdClass::$reference
in APPPATH/Helpers/global_helper.php on line 914.
 1 APPPATH/Helpers/global_helper.php(914): CodeIgniter\Debug\Exceptions->errorHandler()
 2 APPPATH/Controllers/Malipo.php(476): nmbGenSubmitJson()
 3 SYSTEMPATH/CodeIgniter.php(896): App\Controllers\Malipo->nmbbillrequest()
 4 SYSTEMPATH/CodeIgniter.php(466): CodeIgniter\CodeIgniter->runController()
 5 SYSTEMPATH/CodeIgniter.php(349): CodeIgniter\CodeIgniter->handleRequest()
 6 FCPATH/index.php(57): CodeIgniter\CodeIgniter->run()
CRITICAL - 2024-11-13 14:59:39 --> Undefined property: stdClass::$bill_num
in APPPATH/Helpers/global_helper.php on line 505.
 1 APPPATH/Helpers/global_helper.php(505): CodeIgniter\Debug\Exceptions->errorHandler()
 2 APPPATH/Helpers/global_helper.php(480): doProcessGlobalTransaction()
 3 APPPATH/Controllers/Malipo.php(312): doProcessCRDBTransaction()
 4 SYSTEMPATH/CodeIgniter.php(896): App\Controllers\Malipo->crdbpost()
 5 SYSTEMPATH/CodeIgniter.php(466): CodeIgniter\CodeIgniter->runController()
 6 SYSTEMPATH/CodeIgniter.php(349): CodeIgniter\CodeIgniter->handleRequest()
 7 FCPATH/index.php(57): CodeIgniter\CodeIgniter->run()
CRITICAL - 2024-11-13 15:01:39 --> Undefined property: stdClass::$bill_num
in APPPATH/Helpers/global_helper.php on line 505.
 1 APPPATH/Helpers/global_helper.php(505): CodeIgniter\Debug\Exceptions->errorHandler()
 2 APPPATH/Helpers/global_helper.php(480): doProcessGlobalTransaction()
 3 APPPATH/Controllers/Malipo.php(312): doProcessCRDBTransaction()
 4 SYSTEMPATH/CodeIgniter.php(896): App\Controllers\Malipo->crdbpost()
 5 SYSTEMPATH/CodeIgniter.php(466): CodeIgniter\CodeIgniter->runController()
 6 SYSTEMPATH/CodeIgniter.php(349): CodeIgniter\CodeIgniter->handleRequest()
 7 FCPATH/index.php(57): CodeIgniter\CodeIgniter->run()
CRITICAL - 2024-11-13 15:03:39 --> Undefined property: stdClass::$bill_num
in APPPATH/Helpers/global_helper.php on line 505.
 1 APPPATH/Helpers/global_helper.php(505): CodeIgniter\Debug\Exceptions->errorHandler()
 2 APPPATH/Helpers/global_helper.php(480): doProcessGlobalTransaction()
 3 APPPATH/Controllers/Malipo.php(312): doProcessCRDBTransaction()
 4 SYSTEMPATH/CodeIgniter.php(896): App\Controllers\Malipo->crdbpost()
 5 SYSTEMPATH/CodeIgniter.php(466): CodeIgniter\CodeIgniter->runController()
 6 SYSTEMPATH/CodeIgniter.php(349): CodeIgniter\CodeIgniter->handleRequest()
 7 FCPATH/index.php(57): CodeIgniter\CodeIgniter->run()
CRITICAL - 2024-11-13 15:13:11 --> Undefined property: stdClass::$reference
in APPPATH/Helpers/global_helper.php on line 914.
 1 APPPATH/Helpers/global_helper.php(914): CodeIgniter\Debug\Exceptions->errorHandler()
 2 APPPATH/Controllers/Malipo.php(476): nmbGenSubmitJson()
 3 SYSTEMPATH/CodeIgniter.php(896): App\Controllers\Malipo->nmbbillrequest()
 4 SYSTEMPATH/CodeIgniter.php(466): CodeIgniter\CodeIgniter->runController()
 5 SYSTEMPATH/CodeIgniter.php(349): CodeIgniter\CodeIgniter->handleRequest()
 6 FCPATH/index.php(57): CodeIgniter\CodeIgniter->run()
CRITICAL - 2024-11-13 15:17:39 --> Undefined property: stdClass::$bill_num
in APPPATH/Helpers/global_helper.php on line 505.
 1 APPPATH/Helpers/global_helper.php(505): CodeIgniter\Debug\Exceptions->errorHandler()
 2 APPPATH/Helpers/global_helper.php(480): doProcessGlobalTransaction()
 3 APPPATH/Controllers/Malipo.php(312): doProcessCRDBTransaction()
 4 SYSTEMPATH/CodeIgniter.php(896): App\Controllers\Malipo->crdbpost()
 5 SYSTEMPATH/CodeIgniter.php(466): CodeIgniter\CodeIgniter->runController()
 6 SYSTEMPATH/CodeIgniter.php(349): CodeIgniter\CodeIgniter->handleRequest()
 7 FCPATH/index.php(57): CodeIgniter\CodeIgniter->run()
CRITICAL - 2024-11-13 15:21:39 --> Undefined property: stdClass::$bill_num
in APPPATH/Helpers/global_helper.php on line 505.
 1 APPPATH/Helpers/global_helper.php(505): CodeIgniter\Debug\Exceptions->errorHandler()
 2 APPPATH/Helpers/global_helper.php(480): doProcessGlobalTransaction()
 3 APPPATH/Controllers/Malipo.php(312): doProcessCRDBTransaction()
 4 SYSTEMPATH/CodeIgniter.php(896): App\Controllers\Malipo->crdbpost()
 5 SYSTEMPATH/CodeIgniter.php(466): CodeIgniter\CodeIgniter->runController()
 6 SYSTEMPATH/CodeIgniter.php(349): CodeIgniter\CodeIgniter->handleRequest()
 7 FCPATH/index.php(57): CodeIgniter\CodeIgniter->run()
CRITICAL - 2024-11-13 15:23:39 --> Undefined property: stdClass::$bill_num
in APPPATH/Helpers/global_helper.php on line 505.
 1 APPPATH/Helpers/global_helper.php(505): CodeIgniter\Debug\Exceptions->errorHandler()
 2 APPPATH/Helpers/global_helper.php(480): doProcessGlobalTransaction()
 3 APPPATH/Controllers/Malipo.php(312): doProcessCRDBTransaction()
 4 SYSTEMPATH/CodeIgniter.php(896): App\Controllers\Malipo->crdbpost()
 5 SYSTEMPATH/CodeIgniter.php(466): CodeIgniter\CodeIgniter->runController()
 6 SYSTEMPATH/CodeIgniter.php(349): CodeIgniter\CodeIgniter->handleRequest()
 7 FCPATH/index.php(57): CodeIgniter\CodeIgniter->run()
CRITICAL - 2024-11-13 15:25:39 --> Undefined property: stdClass::$bill_num
in APPPATH/Helpers/global_helper.php on line 505.
 1 APPPATH/Helpers/global_helper.php(505): CodeIgniter\Debug\Exceptions->errorHandler()
 2 APPPATH/Helpers/global_helper.php(480): doProcessGlobalTransaction()
 3 APPPATH/Controllers/Malipo.php(312): doProcessCRDBTransaction()
 4 SYSTEMPATH/CodeIgniter.php(896): App\Controllers\Malipo->crdbpost()
 5 SYSTEMPATH/CodeIgniter.php(466): CodeIgniter\CodeIgniter->runController()
 6 SYSTEMPATH/CodeIgniter.php(349): CodeIgniter\CodeIgniter->handleRequest()
 7 FCPATH/index.php(57): CodeIgniter\CodeIgniter->run()
CRITICAL - 2024-11-13 15:27:44 --> Undefined property: stdClass::$bill_num
in APPPATH/Helpers/global_helper.php on line 505.
 1 APPPATH/Helpers/global_helper.php(505): CodeIgniter\Debug\Exceptions->errorHandler()
 2 APPPATH/Helpers/global_helper.php(480): doProcessGlobalTransaction()
 3 APPPATH/Controllers/Malipo.php(312): doProcessCRDBTransaction()
 4 SYSTEMPATH/CodeIgniter.php(896): App\Controllers\Malipo->crdbpost()
 5 SYSTEMPATH/CodeIgniter.php(466): CodeIgniter\CodeIgniter->runController()
 6 SYSTEMPATH/CodeIgniter.php(349): CodeIgniter\CodeIgniter->handleRequest()
 7 FCPATH/index.php(57): CodeIgniter\CodeIgniter->run()
CRITICAL - 2024-11-13 15:29:41 --> Undefined property: stdClass::$bill_num
in APPPATH/Helpers/global_helper.php on line 505.
 1 APPPATH/Helpers/global_helper.php(505): CodeIgniter\Debug\Exceptions->errorHandler()
 2 APPPATH/Helpers/global_helper.php(480): doProcessGlobalTransaction()
 3 APPPATH/Controllers/Malipo.php(312): doProcessCRDBTransaction()
 4 SYSTEMPATH/CodeIgniter.php(896): App\Controllers\Malipo->crdbpost()
 5 SYSTEMPATH/CodeIgniter.php(466): CodeIgniter\CodeIgniter->runController()
 6 SYSTEMPATH/CodeIgniter.php(349): CodeIgniter\CodeIgniter->handleRequest()
 7 FCPATH/index.php(57): CodeIgniter\CodeIgniter->run()
CRITICAL - 2024-11-13 15:31:39 --> Undefined property: stdClass::$bill_num
in APPPATH/Helpers/global_helper.php on line 505.
 1 APPPATH/Helpers/global_helper.php(505): CodeIgniter\Debug\Exceptions->errorHandler()
 2 APPPATH/Helpers/global_helper.php(480): doProcessGlobalTransaction()
 3 APPPATH/Controllers/Malipo.php(312): doProcessCRDBTransaction()
 4 SYSTEMPATH/CodeIgniter.php(896): App\Controllers\Malipo->crdbpost()
 5 SYSTEMPATH/CodeIgniter.php(466): CodeIgniter\CodeIgniter->runController()
 6 SYSTEMPATH/CodeIgniter.php(349): CodeIgniter\CodeIgniter->handleRequest()
 7 FCPATH/index.php(57): CodeIgniter\CodeIgniter->run()
CRITICAL - 2024-11-13 15:33:39 --> Undefined property: stdClass::$bill_num
in APPPATH/Helpers/global_helper.php on line 505.
 1 APPPATH/Helpers/global_helper.php(505): CodeIgniter\Debug\Exceptions->errorHandler()
 2 APPPATH/Helpers/global_helper.php(480): doProcessGlobalTransaction()
 3 APPPATH/Controllers/Malipo.php(312): doProcessCRDBTransaction()
 4 SYSTEMPATH/CodeIgniter.php(896): App\Controllers\Malipo->crdbpost()
 5 SYSTEMPATH/CodeIgniter.php(466): CodeIgniter\CodeIgniter->runController()
 6 SYSTEMPATH/CodeIgniter.php(349): CodeIgniter\CodeIgniter->handleRequest()
 7 FCPATH/index.php(57): CodeIgniter\CodeIgniter->run()
CRITICAL - 2024-11-13 15:35:39 --> Undefined property: stdClass::$bill_num
in APPPATH/Helpers/global_helper.php on line 505.
 1 APPPATH/Helpers/global_helper.php(505): CodeIgniter\Debug\Exceptions->errorHandler()
 2 APPPATH/Helpers/global_helper.php(480): doProcessGlobalTransaction()
 3 APPPATH/Controllers/Malipo.php(312): doProcessCRDBTransaction()
 4 SYSTEMPATH/CodeIgniter.php(896): App\Controllers\Malipo->crdbpost()
 5 SYSTEMPATH/CodeIgniter.php(466): CodeIgniter\CodeIgniter->runController()
 6 SYSTEMPATH/CodeIgniter.php(349): CodeIgniter\CodeIgniter->handleRequest()
 7 FCPATH/index.php(57): CodeIgniter\CodeIgniter->run()
CRITICAL - 2024-11-13 15:57:39 --> Undefined property: stdClass::$bill_num
in APPPATH/Helpers/global_helper.php on line 505.
 1 APPPATH/Helpers/global_helper.php(505): CodeIgniter\Debug\Exceptions->errorHandler()
 2 APPPATH/Helpers/global_helper.php(480): doProcessGlobalTransaction()
 3 APPPATH/Controllers/Malipo.php(312): doProcessCRDBTransaction()
 4 SYSTEMPATH/CodeIgniter.php(896): App\Controllers\Malipo->crdbpost()
 5 SYSTEMPATH/CodeIgniter.php(466): CodeIgniter\CodeIgniter->runController()
 6 SYSTEMPATH/CodeIgniter.php(349): CodeIgniter\CodeIgniter->handleRequest()
 7 FCPATH/index.php(57): CodeIgniter\CodeIgniter->run()
CRITICAL - 2024-11-13 15:59:55 --> Undefined property: stdClass::$bill_num
in APPPATH/Helpers/global_helper.php on line 505.
 1 APPPATH/Helpers/global_helper.php(505): CodeIgniter\Debug\Exceptions->errorHandler()
 2 APPPATH/Helpers/global_helper.php(480): doProcessGlobalTransaction()
 3 APPPATH/Controllers/Malipo.php(312): doProcessCRDBTransaction()
 4 SYSTEMPATH/CodeIgniter.php(896): App\Controllers\Malipo->crdbpost()
 5 SYSTEMPATH/CodeIgniter.php(466): CodeIgniter\CodeIgniter->runController()
 6 SYSTEMPATH/CodeIgniter.php(349): CodeIgniter\CodeIgniter->handleRequest()
 7 FCPATH/index.php(57): CodeIgniter\CodeIgniter->run()
CRITICAL - 2024-11-13 16:05:46 --> Undefined property: stdClass::$bill_num
in APPPATH/Helpers/global_helper.php on line 505.
 1 APPPATH/Helpers/global_helper.php(505): CodeIgniter\Debug\Exceptions->errorHandler()
 2 APPPATH/Helpers/global_helper.php(480): doProcessGlobalTransaction()
 3 APPPATH/Controllers/Malipo.php(312): doProcessCRDBTransaction()
 4 SYSTEMPATH/CodeIgniter.php(896): App\Controllers\Malipo->crdbpost()
 5 SYSTEMPATH/CodeIgniter.php(466): CodeIgniter\CodeIgniter->runController()
 6 SYSTEMPATH/CodeIgniter.php(349): CodeIgniter\CodeIgniter->handleRequest()
 7 FCPATH/index.php(57): CodeIgniter\CodeIgniter->run()
CRITICAL - 2024-11-13 16:09:48 --> Undefined property: stdClass::$reference
in APPPATH/Helpers/global_helper.php on line 914.
 1 APPPATH/Helpers/global_helper.php(914): CodeIgniter\Debug\Exceptions->errorHandler()
 2 APPPATH/Controllers/Malipo.php(476): nmbGenSubmitJson()
 3 SYSTEMPATH/CodeIgniter.php(896): App\Controllers\Malipo->nmbbillrequest()
 4 SYSTEMPATH/CodeIgniter.php(466): CodeIgniter\CodeIgniter->runController()
 5 SYSTEMPATH/CodeIgniter.php(349): CodeIgniter\CodeIgniter->handleRequest()
 6 FCPATH/index.php(57): CodeIgniter\CodeIgniter->run()
CRITICAL - 2024-11-13 16:11:20 --> Undefined array key "data"
in APPPATH/Helpers/global_helper.php on line 154.
 1 APPPATH/Helpers/global_helper.php(154): CodeIgniter\Debug\Exceptions->errorHandler()
 2 APPPATH/Controllers/Malipo.php(294): dispResponseCRDBValidate()
 3 SYSTEMPATH/CodeIgniter.php(896): App\Controllers\Malipo->crdbverify()
 4 SYSTEMPATH/CodeIgniter.php(466): CodeIgniter\CodeIgniter->runController()
 5 SYSTEMPATH/CodeIgniter.php(349): CodeIgniter\CodeIgniter->handleRequest()
 6 FCPATH/index.php(57): CodeIgniter\CodeIgniter->run()
CRITICAL - 2024-11-13 16:11:39 --> Undefined property: stdClass::$bill_num
in APPPATH/Helpers/global_helper.php on line 505.
 1 APPPATH/Helpers/global_helper.php(505): CodeIgniter\Debug\Exceptions->errorHandler()
 2 APPPATH/Helpers/global_helper.php(480): doProcessGlobalTransaction()
 3 APPPATH/Controllers/Malipo.php(312): doProcessCRDBTransaction()
 4 SYSTEMPATH/CodeIgniter.php(896): App\Controllers\Malipo->crdbpost()
 5 SYSTEMPATH/CodeIgniter.php(466): CodeIgniter\CodeIgniter->runController()
 6 SYSTEMPATH/CodeIgniter.php(349): CodeIgniter\CodeIgniter->handleRequest()
 7 FCPATH/index.php(57): CodeIgniter\CodeIgniter->run()
CRITICAL - 2024-11-13 16:13:40 --> Undefined property: stdClass::$bill_num
in APPPATH/Helpers/global_helper.php on line 505.
 1 APPPATH/Helpers/global_helper.php(505): CodeIgniter\Debug\Exceptions->errorHandler()
 2 APPPATH/Helpers/global_helper.php(480): doProcessGlobalTransaction()
 3 APPPATH/Controllers/Malipo.php(312): doProcessCRDBTransaction()
 4 SYSTEMPATH/CodeIgniter.php(896): App\Controllers\Malipo->crdbpost()
 5 SYSTEMPATH/CodeIgniter.php(466): CodeIgniter\CodeIgniter->runController()
 6 SYSTEMPATH/CodeIgniter.php(349): CodeIgniter\CodeIgniter->handleRequest()
 7 FCPATH/index.php(57): CodeIgniter\CodeIgniter->run()
CRITICAL - 2024-11-13 16:17:39 --> Undefined property: stdClass::$bill_num
in APPPATH/Helpers/global_helper.php on line 505.
 1 APPPATH/Helpers/global_helper.php(505): CodeIgniter\Debug\Exceptions->errorHandler()
 2 APPPATH/Helpers/global_helper.php(480): doProcessGlobalTransaction()
 3 APPPATH/Controllers/Malipo.php(312): doProcessCRDBTransaction()
 4 SYSTEMPATH/CodeIgniter.php(896): App\Controllers\Malipo->crdbpost()
 5 SYSTEMPATH/CodeIgniter.php(466): CodeIgniter\CodeIgniter->runController()
 6 SYSTEMPATH/CodeIgniter.php(349): CodeIgniter\CodeIgniter->handleRequest()
 7 FCPATH/index.php(57): CodeIgniter\CodeIgniter->run()
CRITICAL - 2024-11-13 16:19:39 --> Undefined property: stdClass::$bill_num
in APPPATH/Helpers/global_helper.php on line 505.
 1 APPPATH/Helpers/global_helper.php(505): CodeIgniter\Debug\Exceptions->errorHandler()
 2 APPPATH/Helpers/global_helper.php(480): doProcessGlobalTransaction()
 3 APPPATH/Controllers/Malipo.php(312): doProcessCRDBTransaction()
 4 SYSTEMPATH/CodeIgniter.php(896): App\Controllers\Malipo->crdbpost()
 5 SYSTEMPATH/CodeIgniter.php(466): CodeIgniter\CodeIgniter->runController()
 6 SYSTEMPATH/CodeIgniter.php(349): CodeIgniter\CodeIgniter->handleRequest()
 7 FCPATH/index.php(57): CodeIgniter\CodeIgniter->run()
CRITICAL - 2024-11-13 16:21:39 --> Undefined property: stdClass::$bill_num
in APPPATH/Helpers/global_helper.php on line 505.
 1 APPPATH/Helpers/global_helper.php(505): CodeIgniter\Debug\Exceptions->errorHandler()
 2 APPPATH/Helpers/global_helper.php(480): doProcessGlobalTransaction()
 3 APPPATH/Controllers/Malipo.php(312): doProcessCRDBTransaction()
 4 SYSTEMPATH/CodeIgniter.php(896): App\Controllers\Malipo->crdbpost()
 5 SYSTEMPATH/CodeIgniter.php(466): CodeIgniter\CodeIgniter->runController()
 6 SYSTEMPATH/CodeIgniter.php(349): CodeIgniter\CodeIgniter->handleRequest()
 7 FCPATH/index.php(57): CodeIgniter\CodeIgniter->run()
CRITICAL - 2024-11-13 16:23:39 --> Undefined property: stdClass::$bill_num
in APPPATH/Helpers/global_helper.php on line 505.
 1 APPPATH/Helpers/global_helper.php(505): CodeIgniter\Debug\Exceptions->errorHandler()
 2 APPPATH/Helpers/global_helper.php(480): doProcessGlobalTransaction()
 3 APPPATH/Controllers/Malipo.php(312): doProcessCRDBTransaction()
 4 SYSTEMPATH/CodeIgniter.php(896): App\Controllers\Malipo->crdbpost()
 5 SYSTEMPATH/CodeIgniter.php(466): CodeIgniter\CodeIgniter->runController()
 6 SYSTEMPATH/CodeIgniter.php(349): CodeIgniter\CodeIgniter->handleRequest()
 7 FCPATH/index.php(57): CodeIgniter\CodeIgniter->run()
CRITICAL - 2024-11-13 16:25:39 --> Undefined property: stdClass::$bill_num
in APPPATH/Helpers/global_helper.php on line 505.
 1 APPPATH/Helpers/global_helper.php(505): CodeIgniter\Debug\Exceptions->errorHandler()
 2 APPPATH/Helpers/global_helper.php(480): doProcessGlobalTransaction()
 3 APPPATH/Controllers/Malipo.php(312): doProcessCRDBTransaction()
 4 SYSTEMPATH/CodeIgniter.php(896): App\Controllers\Malipo->crdbpost()
 5 SYSTEMPATH/CodeIgniter.php(466): CodeIgniter\CodeIgniter->runController()
 6 SYSTEMPATH/CodeIgniter.php(349): CodeIgniter\CodeIgniter->handleRequest()
 7 FCPATH/index.php(57): CodeIgniter\CodeIgniter->run()
CRITICAL - 2024-11-13 16:31:51 --> Undefined property: stdClass::$reference
in APPPATH/Helpers/global_helper.php on line 914.
 1 APPPATH/Helpers/global_helper.php(914): CodeIgniter\Debug\Exceptions->errorHandler()
 2 APPPATH/Controllers/Malipo.php(476): nmbGenSubmitJson()
 3 SYSTEMPATH/CodeIgniter.php(896): App\Controllers\Malipo->nmbbillrequest()
 4 SYSTEMPATH/CodeIgniter.php(466): CodeIgniter\CodeIgniter->runController()
 5 SYSTEMPATH/CodeIgniter.php(349): CodeIgniter\CodeIgniter->handleRequest()
 6 FCPATH/index.php(57): CodeIgniter\CodeIgniter->run()
CRITICAL - 2024-11-13 16:37:59 --> Undefined property: stdClass::$reference
in APPPATH/Helpers/global_helper.php on line 914.
 1 APPPATH/Helpers/global_helper.php(914): CodeIgniter\Debug\Exceptions->errorHandler()
 2 APPPATH/Controllers/Malipo.php(476): nmbGenSubmitJson()
 3 SYSTEMPATH/CodeIgniter.php(896): App\Controllers\Malipo->nmbbillrequest()
 4 SYSTEMPATH/CodeIgniter.php(466): CodeIgniter\CodeIgniter->runController()
 5 SYSTEMPATH/CodeIgniter.php(349): CodeIgniter\CodeIgniter->handleRequest()
 6 FCPATH/index.php(57): CodeIgniter\CodeIgniter->run()
CRITICAL - 2024-11-13 16:42:47 --> Undefined array key "data"
in APPPATH/Helpers/global_helper.php on line 154.
 1 APPPATH/Helpers/global_helper.php(154): CodeIgniter\Debug\Exceptions->errorHandler()
 2 APPPATH/Controllers/Malipo.php(294): dispResponseCRDBValidate()
 3 SYSTEMPATH/CodeIgniter.php(896): App\Controllers\Malipo->crdbverify()
 4 SYSTEMPATH/CodeIgniter.php(466): CodeIgniter\CodeIgniter->runController()
 5 SYSTEMPATH/CodeIgniter.php(349): CodeIgniter\CodeIgniter->handleRequest()
 6 FCPATH/index.php(57): CodeIgniter\CodeIgniter->run()
CRITICAL - 2024-11-13 16:42:47 --> Undefined array key "data"
in APPPATH/Helpers/global_helper.php on line 154.
 1 APPPATH/Helpers/global_helper.php(154): CodeIgniter\Debug\Exceptions->errorHandler()
 2 APPPATH/Controllers/Malipo.php(294): dispResponseCRDBValidate()
 3 SYSTEMPATH/CodeIgniter.php(896): App\Controllers\Malipo->crdbverify()
 4 SYSTEMPATH/CodeIgniter.php(466): CodeIgniter\CodeIgniter->runController()
 5 SYSTEMPATH/CodeIgniter.php(349): CodeIgniter\CodeIgniter->handleRequest()
 6 FCPATH/index.php(57): CodeIgniter\CodeIgniter->run()
CRITICAL - 2024-11-13 17:47:39 --> Undefined property: stdClass::$bill_num
in APPPATH/Helpers/global_helper.php on line 505.
 1 APPPATH/Helpers/global_helper.php(505): CodeIgniter\Debug\Exceptions->errorHandler()
 2 APPPATH/Helpers/global_helper.php(480): doProcessGlobalTransaction()
 3 APPPATH/Controllers/Malipo.php(312): doProcessCRDBTransaction()
 4 SYSTEMPATH/CodeIgniter.php(896): App\Controllers\Malipo->crdbpost()
 5 SYSTEMPATH/CodeIgniter.php(466): CodeIgniter\CodeIgniter->runController()
 6 SYSTEMPATH/CodeIgniter.php(349): CodeIgniter\CodeIgniter->handleRequest()
 7 FCPATH/index.php(57): CodeIgniter\CodeIgniter->run()
CRITICAL - 2024-11-13 17:49:39 --> Undefined property: stdClass::$bill_num
in APPPATH/Helpers/global_helper.php on line 505.
 1 APPPATH/Helpers/global_helper.php(505): CodeIgniter\Debug\Exceptions->errorHandler()
 2 APPPATH/Helpers/global_helper.php(480): doProcessGlobalTransaction()
 3 APPPATH/Controllers/Malipo.php(312): doProcessCRDBTransaction()
 4 SYSTEMPATH/CodeIgniter.php(896): App\Controllers\Malipo->crdbpost()
 5 SYSTEMPATH/CodeIgniter.php(466): CodeIgniter\CodeIgniter->runController()
 6 SYSTEMPATH/CodeIgniter.php(349): CodeIgniter\CodeIgniter->handleRequest()
 7 FCPATH/index.php(57): CodeIgniter\CodeIgniter->run()
CRITICAL - 2024-11-13 17:51:39 --> Undefined property: stdClass::$bill_num
in APPPATH/Helpers/global_helper.php on line 505.
 1 APPPATH/Helpers/global_helper.php(505): CodeIgniter\Debug\Exceptions->errorHandler()
 2 APPPATH/Helpers/global_helper.php(480): doProcessGlobalTransaction()
 3 APPPATH/Controllers/Malipo.php(312): doProcessCRDBTransaction()
 4 SYSTEMPATH/CodeIgniter.php(896): App\Controllers\Malipo->crdbpost()
 5 SYSTEMPATH/CodeIgniter.php(466): CodeIgniter\CodeIgniter->runController()
 6 SYSTEMPATH/CodeIgniter.php(349): CodeIgniter\CodeIgniter->handleRequest()
 7 FCPATH/index.php(57): CodeIgniter\CodeIgniter->run()
CRITICAL - 2024-11-13 17:53:44 --> Undefined property: stdClass::$bill_num
in APPPATH/Helpers/global_helper.php on line 505.
 1 APPPATH/Helpers/global_helper.php(505): CodeIgniter\Debug\Exceptions->errorHandler()
 2 APPPATH/Helpers/global_helper.php(480): doProcessGlobalTransaction()
 3 APPPATH/Controllers/Malipo.php(312): doProcessCRDBTransaction()
 4 SYSTEMPATH/CodeIgniter.php(896): App\Controllers\Malipo->crdbpost()
 5 SYSTEMPATH/CodeIgniter.php(466): CodeIgniter\CodeIgniter->runController()
 6 SYSTEMPATH/CodeIgniter.php(349): CodeIgniter\CodeIgniter->handleRequest()
 7 FCPATH/index.php(57): CodeIgniter\CodeIgniter->run()
CRITICAL - 2024-11-13 17:55:39 --> Undefined property: stdClass::$bill_num
in APPPATH/Helpers/global_helper.php on line 505.
 1 APPPATH/Helpers/global_helper.php(505): CodeIgniter\Debug\Exceptions->errorHandler()
 2 APPPATH/Helpers/global_helper.php(480): doProcessGlobalTransaction()
 3 APPPATH/Controllers/Malipo.php(312): doProcessCRDBTransaction()
 4 SYSTEMPATH/CodeIgniter.php(896): App\Controllers\Malipo->crdbpost()
 5 SYSTEMPATH/CodeIgniter.php(466): CodeIgniter\CodeIgniter->runController()
 6 SYSTEMPATH/CodeIgniter.php(349): CodeIgniter\CodeIgniter->handleRequest()
 7 FCPATH/index.php(57): CodeIgniter\CodeIgniter->run()
CRITICAL - 2024-11-13 17:57:46 --> Undefined property: stdClass::$bill_num
in APPPATH/Helpers/global_helper.php on line 505.
 1 APPPATH/Helpers/global_helper.php(505): CodeIgniter\Debug\Exceptions->errorHandler()
 2 APPPATH/Helpers/global_helper.php(480): doProcessGlobalTransaction()
 3 APPPATH/Controllers/Malipo.php(312): doProcessCRDBTransaction()
 4 SYSTEMPATH/CodeIgniter.php(896): App\Controllers\Malipo->crdbpost()
 5 SYSTEMPATH/CodeIgniter.php(466): CodeIgniter\CodeIgniter->runController()
 6 SYSTEMPATH/CodeIgniter.php(349): CodeIgniter\CodeIgniter->handleRequest()
 7 FCPATH/index.php(57): CodeIgniter\CodeIgniter->run()
CRITICAL - 2024-11-13 17:59:39 --> Undefined property: stdClass::$bill_num
in APPPATH/Helpers/global_helper.php on line 505.
 1 APPPATH/Helpers/global_helper.php(505): CodeIgniter\Debug\Exceptions->errorHandler()
 2 APPPATH/Helpers/global_helper.php(480): doProcessGlobalTransaction()
 3 APPPATH/Controllers/Malipo.php(312): doProcessCRDBTransaction()
 4 SYSTEMPATH/CodeIgniter.php(896): App\Controllers\Malipo->crdbpost()
 5 SYSTEMPATH/CodeIgniter.php(466): CodeIgniter\CodeIgniter->runController()
 6 SYSTEMPATH/CodeIgniter.php(349): CodeIgniter\CodeIgniter->handleRequest()
 7 FCPATH/index.php(57): CodeIgniter\CodeIgniter->run()
CRITICAL - 2024-11-13 18:01:39 --> Undefined property: stdClass::$bill_num
in APPPATH/Helpers/global_helper.php on line 505.
 1 APPPATH/Helpers/global_helper.php(505): CodeIgniter\Debug\Exceptions->errorHandler()
 2 APPPATH/Helpers/global_helper.php(480): doProcessGlobalTransaction()
 3 APPPATH/Controllers/Malipo.php(312): doProcessCRDBTransaction()
 4 SYSTEMPATH/CodeIgniter.php(896): App\Controllers\Malipo->crdbpost()
 5 SYSTEMPATH/CodeIgniter.php(466): CodeIgniter\CodeIgniter->runController()
 6 SYSTEMPATH/CodeIgniter.php(349): CodeIgniter\CodeIgniter->handleRequest()
 7 FCPATH/index.php(57): CodeIgniter\CodeIgniter->run()
CRITICAL - 2024-11-13 18:03:39 --> Undefined property: stdClass::$bill_num
in APPPATH/Helpers/global_helper.php on line 505.
 1 APPPATH/Helpers/global_helper.php(505): CodeIgniter\Debug\Exceptions->errorHandler()
 2 APPPATH/Helpers/global_helper.php(480): doProcessGlobalTransaction()
 3 APPPATH/Controllers/Malipo.php(312): doProcessCRDBTransaction()
 4 SYSTEMPATH/CodeIgniter.php(896): App\Controllers\Malipo->crdbpost()
 5 SYSTEMPATH/CodeIgniter.php(466): CodeIgniter\CodeIgniter->runController()
 6 SYSTEMPATH/CodeIgniter.php(349): CodeIgniter\CodeIgniter->handleRequest()
 7 FCPATH/index.php(57): CodeIgniter\CodeIgniter->run()
CRITICAL - 2024-11-13 18:05:39 --> Undefined property: stdClass::$bill_num
in APPPATH/Helpers/global_helper.php on line 505.
 1 APPPATH/Helpers/global_helper.php(505): CodeIgniter\Debug\Exceptions->errorHandler()
 2 APPPATH/Helpers/global_helper.php(480): doProcessGlobalTransaction()
 3 APPPATH/Controllers/Malipo.php(312): doProcessCRDBTransaction()
 4 SYSTEMPATH/CodeIgniter.php(896): App\Controllers\Malipo->crdbpost()
 5 SYSTEMPATH/CodeIgniter.php(466): CodeIgniter\CodeIgniter->runController()
 6 SYSTEMPATH/CodeIgniter.php(349): CodeIgniter\CodeIgniter->handleRequest()
 7 FCPATH/index.php(57): CodeIgniter\CodeIgniter->run()
CRITICAL - 2024-11-13 18:07:39 --> Undefined property: stdClass::$bill_num
in APPPATH/Helpers/global_helper.php on line 505.
 1 APPPATH/Helpers/global_helper.php(505): CodeIgniter\Debug\Exceptions->errorHandler()
 2 APPPATH/Helpers/global_helper.php(480): doProcessGlobalTransaction()
 3 APPPATH/Controllers/Malipo.php(312): doProcessCRDBTransaction()
 4 SYSTEMPATH/CodeIgniter.php(896): App\Controllers\Malipo->crdbpost()
 5 SYSTEMPATH/CodeIgniter.php(466): CodeIgniter\CodeIgniter->runController()
 6 SYSTEMPATH/CodeIgniter.php(349): CodeIgniter\CodeIgniter->handleRequest()
 7 FCPATH/index.php(57): CodeIgniter\CodeIgniter->run()
CRITICAL - 2024-11-13 18:09:39 --> Undefined property: stdClass::$bill_num
in APPPATH/Helpers/global_helper.php on line 505.
 1 APPPATH/Helpers/global_helper.php(505): CodeIgniter\Debug\Exceptions->errorHandler()
 2 APPPATH/Helpers/global_helper.php(480): doProcessGlobalTransaction()
 3 APPPATH/Controllers/Malipo.php(312): doProcessCRDBTransaction()
 4 SYSTEMPATH/CodeIgniter.php(896): App\Controllers\Malipo->crdbpost()
 5 SYSTEMPATH/CodeIgniter.php(466): CodeIgniter\CodeIgniter->runController()
 6 SYSTEMPATH/CodeIgniter.php(349): CodeIgniter\CodeIgniter->handleRequest()
 7 FCPATH/index.php(57): CodeIgniter\CodeIgniter->run()
CRITICAL - 2024-11-13 18:11:44 --> Undefined property: stdClass::$bill_num
in APPPATH/Helpers/global_helper.php on line 505.
 1 APPPATH/Helpers/global_helper.php(505): CodeIgniter\Debug\Exceptions->errorHandler()
 2 APPPATH/Helpers/global_helper.php(480): doProcessGlobalTransaction()
 3 APPPATH/Controllers/Malipo.php(312): doProcessCRDBTransaction()
 4 SYSTEMPATH/CodeIgniter.php(896): App\Controllers\Malipo->crdbpost()
 5 SYSTEMPATH/CodeIgniter.php(466): CodeIgniter\CodeIgniter->runController()
 6 SYSTEMPATH/CodeIgniter.php(349): CodeIgniter\CodeIgniter->handleRequest()
 7 FCPATH/index.php(57): CodeIgniter\CodeIgniter->run()
CRITICAL - 2024-11-13 18:13:44 --> Undefined property: stdClass::$bill_num
in APPPATH/Helpers/global_helper.php on line 505.
 1 APPPATH/Helpers/global_helper.php(505): CodeIgniter\Debug\Exceptions->errorHandler()
 2 APPPATH/Helpers/global_helper.php(480): doProcessGlobalTransaction()
 3 APPPATH/Controllers/Malipo.php(312): doProcessCRDBTransaction()
 4 SYSTEMPATH/CodeIgniter.php(896): App\Controllers\Malipo->crdbpost()
 5 SYSTEMPATH/CodeIgniter.php(466): CodeIgniter\CodeIgniter->runController()
 6 SYSTEMPATH/CodeIgniter.php(349): CodeIgniter\CodeIgniter->handleRequest()
 7 FCPATH/index.php(57): CodeIgniter\CodeIgniter->run()
CRITICAL - 2024-11-13 18:41:46 --> Undefined property: stdClass::$bill_num
in APPPATH/Helpers/global_helper.php on line 505.
 1 APPPATH/Helpers/global_helper.php(505): CodeIgniter\Debug\Exceptions->errorHandler()
 2 APPPATH/Helpers/global_helper.php(480): doProcessGlobalTransaction()
 3 APPPATH/Controllers/Malipo.php(312): doProcessCRDBTransaction()
 4 SYSTEMPATH/CodeIgniter.php(896): App\Controllers\Malipo->crdbpost()
 5 SYSTEMPATH/CodeIgniter.php(466): CodeIgniter\CodeIgniter->runController()
 6 SYSTEMPATH/CodeIgniter.php(349): CodeIgniter\CodeIgniter->handleRequest()
 7 FCPATH/index.php(57): CodeIgniter\CodeIgniter->run()
CRITICAL - 2024-11-13 18:43:46 --> Undefined property: stdClass::$bill_num
in APPPATH/Helpers/global_helper.php on line 505.
 1 APPPATH/Helpers/global_helper.php(505): CodeIgniter\Debug\Exceptions->errorHandler()
 2 APPPATH/Helpers/global_helper.php(480): doProcessGlobalTransaction()
 3 APPPATH/Controllers/Malipo.php(312): doProcessCRDBTransaction()
 4 SYSTEMPATH/CodeIgniter.php(896): App\Controllers\Malipo->crdbpost()
 5 SYSTEMPATH/CodeIgniter.php(466): CodeIgniter\CodeIgniter->runController()
 6 SYSTEMPATH/CodeIgniter.php(349): CodeIgniter\CodeIgniter->handleRequest()
 7 FCPATH/index.php(57): CodeIgniter\CodeIgniter->run()
CRITICAL - 2024-11-13 18:45:39 --> Undefined property: stdClass::$bill_num
in APPPATH/Helpers/global_helper.php on line 505.
 1 APPPATH/Helpers/global_helper.php(505): CodeIgniter\Debug\Exceptions->errorHandler()
 2 APPPATH/Helpers/global_helper.php(480): doProcessGlobalTransaction()
 3 APPPATH/Controllers/Malipo.php(312): doProcessCRDBTransaction()
 4 SYSTEMPATH/CodeIgniter.php(896): App\Controllers\Malipo->crdbpost()
 5 SYSTEMPATH/CodeIgniter.php(466): CodeIgniter\CodeIgniter->runController()
 6 SYSTEMPATH/CodeIgniter.php(349): CodeIgniter\CodeIgniter->handleRequest()
 7 FCPATH/index.php(57): CodeIgniter\CodeIgniter->run()
CRITICAL - 2024-11-13 18:47:39 --> Undefined property: stdClass::$bill_num
in APPPATH/Helpers/global_helper.php on line 505.
 1 APPPATH/Helpers/global_helper.php(505): CodeIgniter\Debug\Exceptions->errorHandler()
 2 APPPATH/Helpers/global_helper.php(480): doProcessGlobalTransaction()
 3 APPPATH/Controllers/Malipo.php(312): doProcessCRDBTransaction()
 4 SYSTEMPATH/CodeIgniter.php(896): App\Controllers\Malipo->crdbpost()
 5 SYSTEMPATH/CodeIgniter.php(466): CodeIgniter\CodeIgniter->runController()
 6 SYSTEMPATH/CodeIgniter.php(349): CodeIgniter\CodeIgniter->handleRequest()
 7 FCPATH/index.php(57): CodeIgniter\CodeIgniter->run()
CRITICAL - 2024-11-13 18:49:39 --> Undefined property: stdClass::$bill_num
in APPPATH/Helpers/global_helper.php on line 505.
 1 APPPATH/Helpers/global_helper.php(505): CodeIgniter\Debug\Exceptions->errorHandler()
 2 APPPATH/Helpers/global_helper.php(480): doProcessGlobalTransaction()
 3 APPPATH/Controllers/Malipo.php(312): doProcessCRDBTransaction()
 4 SYSTEMPATH/CodeIgniter.php(896): App\Controllers\Malipo->crdbpost()
 5 SYSTEMPATH/CodeIgniter.php(466): CodeIgniter\CodeIgniter->runController()
 6 SYSTEMPATH/CodeIgniter.php(349): CodeIgniter\CodeIgniter->handleRequest()
 7 FCPATH/index.php(57): CodeIgniter\CodeIgniter->run()
CRITICAL - 2024-11-13 18:51:39 --> Undefined property: stdClass::$bill_num
in APPPATH/Helpers/global_helper.php on line 505.
 1 APPPATH/Helpers/global_helper.php(505): CodeIgniter\Debug\Exceptions->errorHandler()
 2 APPPATH/Helpers/global_helper.php(480): doProcessGlobalTransaction()
 3 APPPATH/Controllers/Malipo.php(312): doProcessCRDBTransaction()
 4 SYSTEMPATH/CodeIgniter.php(896): App\Controllers\Malipo->crdbpost()
 5 SYSTEMPATH/CodeIgniter.php(466): CodeIgniter\CodeIgniter->runController()
 6 SYSTEMPATH/CodeIgniter.php(349): CodeIgniter\CodeIgniter->handleRequest()
 7 FCPATH/index.php(57): CodeIgniter\CodeIgniter->run()
CRITICAL - 2024-11-13 18:53:55 --> Undefined property: stdClass::$bill_num
in APPPATH/Helpers/global_helper.php on line 505.
 1 APPPATH/Helpers/global_helper.php(505): CodeIgniter\Debug\Exceptions->errorHandler()
 2 APPPATH/Helpers/global_helper.php(480): doProcessGlobalTransaction()
 3 APPPATH/Controllers/Malipo.php(312): doProcessCRDBTransaction()
 4 SYSTEMPATH/CodeIgniter.php(896): App\Controllers\Malipo->crdbpost()
 5 SYSTEMPATH/CodeIgniter.php(466): CodeIgniter\CodeIgniter->runController()
 6 SYSTEMPATH/CodeIgniter.php(349): CodeIgniter\CodeIgniter->handleRequest()
 7 FCPATH/index.php(57): CodeIgniter\CodeIgniter->run()
CRITICAL - 2024-11-13 18:57:43 --> Undefined property: stdClass::$bill_num
in APPPATH/Helpers/global_helper.php on line 505.
 1 APPPATH/Helpers/global_helper.php(505): CodeIgniter\Debug\Exceptions->errorHandler()
 2 APPPATH/Helpers/global_helper.php(480): doProcessGlobalTransaction()
 3 APPPATH/Controllers/Malipo.php(312): doProcessCRDBTransaction()
 4 SYSTEMPATH/CodeIgniter.php(896): App\Controllers\Malipo->crdbpost()
 5 SYSTEMPATH/CodeIgniter.php(466): CodeIgniter\CodeIgniter->runController()
 6 SYSTEMPATH/CodeIgniter.php(349): CodeIgniter\CodeIgniter->handleRequest()
 7 FCPATH/index.php(57): CodeIgniter\CodeIgniter->run()
CRITICAL - 2024-11-13 18:59:39 --> Undefined property: stdClass::$bill_num
in APPPATH/Helpers/global_helper.php on line 505.
 1 APPPATH/Helpers/global_helper.php(505): CodeIgniter\Debug\Exceptions->errorHandler()
 2 APPPATH/Helpers/global_helper.php(480): doProcessGlobalTransaction()
 3 APPPATH/Controllers/Malipo.php(312): doProcessCRDBTransaction()
 4 SYSTEMPATH/CodeIgniter.php(896): App\Controllers\Malipo->crdbpost()
 5 SYSTEMPATH/CodeIgniter.php(466): CodeIgniter\CodeIgniter->runController()
 6 SYSTEMPATH/CodeIgniter.php(349): CodeIgniter\CodeIgniter->handleRequest()
 7 FCPATH/index.php(57): CodeIgniter\CodeIgniter->run()
CRITICAL - 2024-11-13 19:01:39 --> Undefined property: stdClass::$bill_num
in APPPATH/Helpers/global_helper.php on line 505.
 1 APPPATH/Helpers/global_helper.php(505): CodeIgniter\Debug\Exceptions->errorHandler()
 2 APPPATH/Helpers/global_helper.php(480): doProcessGlobalTransaction()
 3 APPPATH/Controllers/Malipo.php(312): doProcessCRDBTransaction()
 4 SYSTEMPATH/CodeIgniter.php(896): App\Controllers\Malipo->crdbpost()
 5 SYSTEMPATH/CodeIgniter.php(466): CodeIgniter\CodeIgniter->runController()
 6 SYSTEMPATH/CodeIgniter.php(349): CodeIgniter\CodeIgniter->handleRequest()
 7 FCPATH/index.php(57): CodeIgniter\CodeIgniter->run()
CRITICAL - 2024-11-13 19:03:39 --> Undefined property: stdClass::$bill_num
in APPPATH/Helpers/global_helper.php on line 505.
 1 APPPATH/Helpers/global_helper.php(505): CodeIgniter\Debug\Exceptions->errorHandler()
 2 APPPATH/Helpers/global_helper.php(480): doProcessGlobalTransaction()
 3 APPPATH/Controllers/Malipo.php(312): doProcessCRDBTransaction()
 4 SYSTEMPATH/CodeIgniter.php(896): App\Controllers\Malipo->crdbpost()
 5 SYSTEMPATH/CodeIgniter.php(466): CodeIgniter\CodeIgniter->runController()
 6 SYSTEMPATH/CodeIgniter.php(349): CodeIgniter\CodeIgniter->handleRequest()
 7 FCPATH/index.php(57): CodeIgniter\CodeIgniter->run()
CRITICAL - 2024-11-13 19:05:39 --> Undefined property: stdClass::$bill_num
in APPPATH/Helpers/global_helper.php on line 505.
 1 APPPATH/Helpers/global_helper.php(505): CodeIgniter\Debug\Exceptions->errorHandler()
 2 APPPATH/Helpers/global_helper.php(480): doProcessGlobalTransaction()
 3 APPPATH/Controllers/Malipo.php(312): doProcessCRDBTransaction()
 4 SYSTEMPATH/CodeIgniter.php(896): App\Controllers\Malipo->crdbpost()
 5 SYSTEMPATH/CodeIgniter.php(466): CodeIgniter\CodeIgniter->runController()
 6 SYSTEMPATH/CodeIgniter.php(349): CodeIgniter\CodeIgniter->handleRequest()
 7 FCPATH/index.php(57): CodeIgniter\CodeIgniter->run()
CRITICAL - 2024-11-13 19:07:39 --> Undefined property: stdClass::$bill_num
in APPPATH/Helpers/global_helper.php on line 505.
 1 APPPATH/Helpers/global_helper.php(505): CodeIgniter\Debug\Exceptions->errorHandler()
 2 APPPATH/Helpers/global_helper.php(480): doProcessGlobalTransaction()
 3 APPPATH/Controllers/Malipo.php(312): doProcessCRDBTransaction()
 4 SYSTEMPATH/CodeIgniter.php(896): App\Controllers\Malipo->crdbpost()
 5 SYSTEMPATH/CodeIgniter.php(466): CodeIgniter\CodeIgniter->runController()
 6 SYSTEMPATH/CodeIgniter.php(349): CodeIgniter\CodeIgniter->handleRequest()
 7 FCPATH/index.php(57): CodeIgniter\CodeIgniter->run()
CRITICAL - 2024-11-13 19:09:39 --> Undefined property: stdClass::$bill_num
in APPPATH/Helpers/global_helper.php on line 505.
 1 APPPATH/Helpers/global_helper.php(505): CodeIgniter\Debug\Exceptions->errorHandler()
 2 APPPATH/Helpers/global_helper.php(480): doProcessGlobalTransaction()
 3 APPPATH/Controllers/Malipo.php(312): doProcessCRDBTransaction()
 4 SYSTEMPATH/CodeIgniter.php(896): App\Controllers\Malipo->crdbpost()
 5 SYSTEMPATH/CodeIgniter.php(466): CodeIgniter\CodeIgniter->runController()
 6 SYSTEMPATH/CodeIgniter.php(349): CodeIgniter\CodeIgniter->handleRequest()
 7 FCPATH/index.php(57): CodeIgniter\CodeIgniter->run()
CRITICAL - 2024-11-13 19:18:52 --> Undefined array key "data"
in APPPATH/Helpers/global_helper.php on line 154.
 1 APPPATH/Helpers/global_helper.php(154): CodeIgniter\Debug\Exceptions->errorHandler()
 2 APPPATH/Controllers/Malipo.php(294): dispResponseCRDBValidate()
 3 SYSTEMPATH/CodeIgniter.php(896): App\Controllers\Malipo->crdbverify()
 4 SYSTEMPATH/CodeIgniter.php(466): CodeIgniter\CodeIgniter->runController()
 5 SYSTEMPATH/CodeIgniter.php(349): CodeIgniter\CodeIgniter->handleRequest()
 6 FCPATH/index.php(57): CodeIgniter\CodeIgniter->run()
ERROR - 2024-11-13 21:55:36 --> Got error 4009 'Cluster Failure' from NDBCLUSTER
CRITICAL - 2024-11-13 21:55:36 --> Got error 4009 'Cluster Failure' from NDBCLUSTER
in SYSTEMPATH/Database/MySQLi/Connection.php on line 292.
 1 SYSTEMPATH/Database/MySQLi/Connection.php(292): mysqli->query()
 2 SYSTEMPATH/Database/BaseConnection.php(695): CodeIgniter\Database\MySQLi\Connection->execute()
 3 SYSTEMPATH/Database/BaseConnection.php(609): CodeIgniter\Database\BaseConnection->simpleQuery()
 4 APPPATH/Models/Engine.php(554): CodeIgniter\Database\BaseConnection->query()
 5 APPPATH/Controllers/BaseController.php(77): App\Models\Engine->getLanguages()
 6 SYSTEMPATH/CodeIgniter.php(859): App\Controllers\BaseController->initController()
 7 SYSTEMPATH/CodeIgniter.php(457): CodeIgniter\CodeIgniter->createController()
 8 SYSTEMPATH/CodeIgniter.php(349): CodeIgniter\CodeIgniter->handleRequest()
 9 FCPATH/index.php(57): CodeIgniter\CodeIgniter->run()
ERROR - 2024-11-13 21:55:36 --> Got error 4009 'Cluster Failure' from NDBCLUSTER
CRITICAL - 2024-11-13 21:55:36 --> Got error 4009 'Cluster Failure' from NDBCLUSTER
in SYSTEMPATH/Database/MySQLi/Connection.php on line 292.
 1 SYSTEMPATH/Database/MySQLi/Connection.php(292): mysqli->query()
 2 SYSTEMPATH/Database/BaseConnection.php(695): CodeIgniter\Database\MySQLi\Connection->execute()
 3 SYSTEMPATH/Database/BaseConnection.php(609): CodeIgniter\Database\BaseConnection->simpleQuery()
 4 APPPATH/Models/Engine.php(554): CodeIgniter\Database\BaseConnection->query()
 5 APPPATH/Controllers/BaseController.php(77): App\Models\Engine->getLanguages()
 6 SYSTEMPATH/CodeIgniter.php(859): App\Controllers\BaseController->initController()
 7 SYSTEMPATH/CodeIgniter.php(457): CodeIgniter\CodeIgniter->createController()
 8 SYSTEMPATH/CodeIgniter.php(349): CodeIgniter\CodeIgniter->handleRequest()
 9 FCPATH/index.php(57): CodeIgniter\CodeIgniter->run()
