CRITICAL - 2024-07-29 00:00:01 --> Undefined variable $payArray
in APPPATH/Models/Engine.php on line 2230.
 1 APPPATH/Models/Engine.php(2230): CodeIgniter\Debug\Exceptions->errorHandler()
 2 APPPATH/Controllers/Api.php(147): App\Models\Engine->getBillToSynch()
 3 SYSTEMPATH/CodeIgniter.php(896): App\Controllers\Api->postbillpayment()
 4 SYSTEMPATH/CodeIgniter.php(466): CodeIgniter\CodeIgniter->runController()
 5 SYSTEMPATH/CodeIgniter.php(349): CodeIgniter\CodeIgniter->handleRequest()
 6 FCPATH/index.php(57): CodeIgniter\CodeIgniter->run()
CRITICAL - 2024-07-29 00:01:01 --> Undefined variable $payArray
in APPPATH/Models/Engine.php on line 2230.
 1 APPPATH/Models/Engine.php(2230): CodeIgniter\Debug\Exceptions->errorHandler()
 2 APPPATH/Controllers/Api.php(147): App\Models\Engine->getBillToSynch()
 3 SYSTEMPATH/CodeIgniter.php(896): App\Controllers\Api->postbillpayment()
 4 SYSTEMPATH/CodeIgniter.php(466): CodeIgniter\CodeIgniter->runController()
 5 SYSTEMPATH/CodeIgniter.php(349): CodeIgniter\CodeIgniter->handleRequest()
 6 FCPATH/index.php(57): CodeIgniter\CodeIgniter->run()
CRITICAL - 2024-07-29 00:02:01 --> Undefined variable $payArray
in APPPATH/Models/Engine.php on line 2230.
 1 APPPATH/Models/Engine.php(2230): CodeIgniter\Debug\Exceptions->errorHandler()
 2 APPPATH/Controllers/Api.php(147): App\Models\Engine->getBillToSynch()
 3 SYSTEMPATH/CodeIgniter.php(896): App\Controllers\Api->postbillpayment()
 4 SYSTEMPATH/CodeIgniter.php(466): CodeIgniter\CodeIgniter->runController()
 5 SYSTEMPATH/CodeIgniter.php(349): CodeIgniter\CodeIgniter->handleRequest()
 6 FCPATH/index.php(57): CodeIgniter\CodeIgniter->run()
CRITICAL - 2024-07-29 00:03:01 --> Undefined variable $payArray
in APPPATH/Models/Engine.php on line 2230.
 1 APPPATH/Models/Engine.php(2230): CodeIgniter\Debug\Exceptions->errorHandler()
 2 APPPATH/Controllers/Api.php(147): App\Models\Engine->getBillToSynch()
 3 SYSTEMPATH/CodeIgniter.php(896): App\Controllers\Api->postbillpayment()
 4 SYSTEMPATH/CodeIgniter.php(466): CodeIgniter\CodeIgniter->runController()
 5 SYSTEMPATH/CodeIgniter.php(349): CodeIgniter\CodeIgniter->handleRequest()
 6 FCPATH/index.php(57): CodeIgniter\CodeIgniter->run()
CRITICAL - 2024-07-29 00:04:01 --> Undefined variable $payArray
in APPPATH/Models/Engine.php on line 2230.
 1 APPPATH/Models/Engine.php(2230): CodeIgniter\Debug\Exceptions->errorHandler()
 2 APPPATH/Controllers/Api.php(147): App\Models\Engine->getBillToSynch()
 3 SYSTEMPATH/CodeIgniter.php(896): App\Controllers\Api->postbillpayment()
 4 SYSTEMPATH/CodeIgniter.php(466): CodeIgniter\CodeIgniter->runController()
 5 SYSTEMPATH/CodeIgniter.php(349): CodeIgniter\CodeIgniter->handleRequest()
 6 FCPATH/index.php(57): CodeIgniter\CodeIgniter->run()
CRITICAL - 2024-07-29 00:05:01 --> Undefined variable $payArray
in APPPATH/Models/Engine.php on line 2230.
 1 APPPATH/Models/Engine.php(2230): CodeIgniter\Debug\Exceptions->errorHandler()
 2 APPPATH/Controllers/Api.php(147): App\Models\Engine->getBillToSynch()
 3 SYSTEMPATH/CodeIgniter.php(896): App\Controllers\Api->postbillpayment()
 4 SYSTEMPATH/CodeIgniter.php(466): CodeIgniter\CodeIgniter->runController()
 5 SYSTEMPATH/CodeIgniter.php(349): CodeIgniter\CodeIgniter->handleRequest()
 6 FCPATH/index.php(57): CodeIgniter\CodeIgniter->run()
CRITICAL - 2024-07-29 00:06:01 --> Undefined variable $payArray
in APPPATH/Models/Engine.php on line 2230.
 1 APPPATH/Models/Engine.php(2230): CodeIgniter\Debug\Exceptions->errorHandler()
 2 APPPATH/Controllers/Api.php(147): App\Models\Engine->getBillToSynch()
 3 SYSTEMPATH/CodeIgniter.php(896): App\Controllers\Api->postbillpayment()
 4 SYSTEMPATH/CodeIgniter.php(466): CodeIgniter\CodeIgniter->runController()
 5 SYSTEMPATH/CodeIgniter.php(349): CodeIgniter\CodeIgniter->handleRequest()
 6 FCPATH/index.php(57): CodeIgniter\CodeIgniter->run()
CRITICAL - 2024-07-29 00:07:01 --> Undefined variable $payArray
in APPPATH/Models/Engine.php on line 2230.
 1 APPPATH/Models/Engine.php(2230): CodeIgniter\Debug\Exceptions->errorHandler()
 2 APPPATH/Controllers/Api.php(147): App\Models\Engine->getBillToSynch()
 3 SYSTEMPATH/CodeIgniter.php(896): App\Controllers\Api->postbillpayment()
 4 SYSTEMPATH/CodeIgniter.php(466): CodeIgniter\CodeIgniter->runController()
 5 SYSTEMPATH/CodeIgniter.php(349): CodeIgniter\CodeIgniter->handleRequest()
 6 FCPATH/index.php(57): CodeIgniter\CodeIgniter->run()
CRITICAL - 2024-07-29 00:08:01 --> Undefined variable $payArray
in APPPATH/Models/Engine.php on line 2230.
 1 APPPATH/Models/Engine.php(2230): CodeIgniter\Debug\Exceptions->errorHandler()
 2 APPPATH/Controllers/Api.php(147): App\Models\Engine->getBillToSynch()
 3 SYSTEMPATH/CodeIgniter.php(896): App\Controllers\Api->postbillpayment()
 4 SYSTEMPATH/CodeIgniter.php(466): CodeIgniter\CodeIgniter->runController()
 5 SYSTEMPATH/CodeIgniter.php(349): CodeIgniter\CodeIgniter->handleRequest()
 6 FCPATH/index.php(57): CodeIgniter\CodeIgniter->run()
CRITICAL - 2024-07-29 00:09:01 --> Undefined variable $payArray
in APPPATH/Models/Engine.php on line 2230.
 1 APPPATH/Models/Engine.php(2230): CodeIgniter\Debug\Exceptions->errorHandler()
 2 APPPATH/Controllers/Api.php(147): App\Models\Engine->getBillToSynch()
 3 SYSTEMPATH/CodeIgniter.php(896): App\Controllers\Api->postbillpayment()
 4 SYSTEMPATH/CodeIgniter.php(466): CodeIgniter\CodeIgniter->runController()
 5 SYSTEMPATH/CodeIgniter.php(349): CodeIgniter\CodeIgniter->handleRequest()
 6 FCPATH/index.php(57): CodeIgniter\CodeIgniter->run()
CRITICAL - 2024-07-29 00:10:01 --> Undefined variable $payArray
in APPPATH/Models/Engine.php on line 2230.
 1 APPPATH/Models/Engine.php(2230): CodeIgniter\Debug\Exceptions->errorHandler()
 2 APPPATH/Controllers/Api.php(147): App\Models\Engine->getBillToSynch()
 3 SYSTEMPATH/CodeIgniter.php(896): App\Controllers\Api->postbillpayment()
 4 SYSTEMPATH/CodeIgniter.php(466): CodeIgniter\CodeIgniter->runController()
 5 SYSTEMPATH/CodeIgniter.php(349): CodeIgniter\CodeIgniter->handleRequest()
 6 FCPATH/index.php(57): CodeIgniter\CodeIgniter->run()
CRITICAL - 2024-07-29 00:11:01 --> Undefined variable $payArray
in APPPATH/Models/Engine.php on line 2230.
 1 APPPATH/Models/Engine.php(2230): CodeIgniter\Debug\Exceptions->errorHandler()
 2 APPPATH/Controllers/Api.php(147): App\Models\Engine->getBillToSynch()
 3 SYSTEMPATH/CodeIgniter.php(896): App\Controllers\Api->postbillpayment()
 4 SYSTEMPATH/CodeIgniter.php(466): CodeIgniter\CodeIgniter->runController()
 5 SYSTEMPATH/CodeIgniter.php(349): CodeIgniter\CodeIgniter->handleRequest()
 6 FCPATH/index.php(57): CodeIgniter\CodeIgniter->run()
CRITICAL - 2024-07-29 00:12:01 --> Undefined variable $payArray
in APPPATH/Models/Engine.php on line 2230.
 1 APPPATH/Models/Engine.php(2230): CodeIgniter\Debug\Exceptions->errorHandler()
 2 APPPATH/Controllers/Api.php(147): App\Models\Engine->getBillToSynch()
 3 SYSTEMPATH/CodeIgniter.php(896): App\Controllers\Api->postbillpayment()
 4 SYSTEMPATH/CodeIgniter.php(466): CodeIgniter\CodeIgniter->runController()
 5 SYSTEMPATH/CodeIgniter.php(349): CodeIgniter\CodeIgniter->handleRequest()
 6 FCPATH/index.php(57): CodeIgniter\CodeIgniter->run()
CRITICAL - 2024-07-29 00:13:00 --> Undefined variable $payArray
in APPPATH/Models/Engine.php on line 2230.
 1 APPPATH/Models/Engine.php(2230): CodeIgniter\Debug\Exceptions->errorHandler()
 2 APPPATH/Controllers/Api.php(147): App\Models\Engine->getBillToSynch()
 3 SYSTEMPATH/CodeIgniter.php(896): App\Controllers\Api->postbillpayment()
 4 SYSTEMPATH/CodeIgniter.php(466): CodeIgniter\CodeIgniter->runController()
 5 SYSTEMPATH/CodeIgniter.php(349): CodeIgniter\CodeIgniter->handleRequest()
 6 FCPATH/index.php(57): CodeIgniter\CodeIgniter->run()
CRITICAL - 2024-07-29 00:14:01 --> Undefined variable $payArray
in APPPATH/Models/Engine.php on line 2230.
 1 APPPATH/Models/Engine.php(2230): CodeIgniter\Debug\Exceptions->errorHandler()
 2 APPPATH/Controllers/Api.php(147): App\Models\Engine->getBillToSynch()
 3 SYSTEMPATH/CodeIgniter.php(896): App\Controllers\Api->postbillpayment()
 4 SYSTEMPATH/CodeIgniter.php(466): CodeIgniter\CodeIgniter->runController()
 5 SYSTEMPATH/CodeIgniter.php(349): CodeIgniter\CodeIgniter->handleRequest()
 6 FCPATH/index.php(57): CodeIgniter\CodeIgniter->run()
CRITICAL - 2024-07-29 00:15:01 --> Undefined variable $payArray
in APPPATH/Models/Engine.php on line 2230.
 1 APPPATH/Models/Engine.php(2230): CodeIgniter\Debug\Exceptions->errorHandler()
 2 APPPATH/Controllers/Api.php(147): App\Models\Engine->getBillToSynch()
 3 SYSTEMPATH/CodeIgniter.php(896): App\Controllers\Api->postbillpayment()
 4 SYSTEMPATH/CodeIgniter.php(466): CodeIgniter\CodeIgniter->runController()
 5 SYSTEMPATH/CodeIgniter.php(349): CodeIgniter\CodeIgniter->handleRequest()
 6 FCPATH/index.php(57): CodeIgniter\CodeIgniter->run()
CRITICAL - 2024-07-29 00:16:01 --> Undefined variable $payArray
in APPPATH/Models/Engine.php on line 2230.
 1 APPPATH/Models/Engine.php(2230): CodeIgniter\Debug\Exceptions->errorHandler()
 2 APPPATH/Controllers/Api.php(147): App\Models\Engine->getBillToSynch()
 3 SYSTEMPATH/CodeIgniter.php(896): App\Controllers\Api->postbillpayment()
 4 SYSTEMPATH/CodeIgniter.php(466): CodeIgniter\CodeIgniter->runController()
 5 SYSTEMPATH/CodeIgniter.php(349): CodeIgniter\CodeIgniter->handleRequest()
 6 FCPATH/index.php(57): CodeIgniter\CodeIgniter->run()
CRITICAL - 2024-07-29 00:17:01 --> Undefined variable $payArray
in APPPATH/Models/Engine.php on line 2230.
 1 APPPATH/Models/Engine.php(2230): CodeIgniter\Debug\Exceptions->errorHandler()
 2 APPPATH/Controllers/Api.php(147): App\Models\Engine->getBillToSynch()
 3 SYSTEMPATH/CodeIgniter.php(896): App\Controllers\Api->postbillpayment()
 4 SYSTEMPATH/CodeIgniter.php(466): CodeIgniter\CodeIgniter->runController()
 5 SYSTEMPATH/CodeIgniter.php(349): CodeIgniter\CodeIgniter->handleRequest()
 6 FCPATH/index.php(57): CodeIgniter\CodeIgniter->run()
CRITICAL - 2024-07-29 00:18:01 --> Undefined variable $payArray
in APPPATH/Models/Engine.php on line 2230.
 1 APPPATH/Models/Engine.php(2230): CodeIgniter\Debug\Exceptions->errorHandler()
 2 APPPATH/Controllers/Api.php(147): App\Models\Engine->getBillToSynch()
 3 SYSTEMPATH/CodeIgniter.php(896): App\Controllers\Api->postbillpayment()
 4 SYSTEMPATH/CodeIgniter.php(466): CodeIgniter\CodeIgniter->runController()
 5 SYSTEMPATH/CodeIgniter.php(349): CodeIgniter\CodeIgniter->handleRequest()
 6 FCPATH/index.php(57): CodeIgniter\CodeIgniter->run()
CRITICAL - 2024-07-29 00:19:01 --> Undefined variable $payArray
in APPPATH/Models/Engine.php on line 2230.
 1 APPPATH/Models/Engine.php(2230): CodeIgniter\Debug\Exceptions->errorHandler()
 2 APPPATH/Controllers/Api.php(147): App\Models\Engine->getBillToSynch()
 3 SYSTEMPATH/CodeIgniter.php(896): App\Controllers\Api->postbillpayment()
 4 SYSTEMPATH/CodeIgniter.php(466): CodeIgniter\CodeIgniter->runController()
 5 SYSTEMPATH/CodeIgniter.php(349): CodeIgniter\CodeIgniter->handleRequest()
 6 FCPATH/index.php(57): CodeIgniter\CodeIgniter->run()
CRITICAL - 2024-07-29 00:20:01 --> Undefined variable $payArray
in APPPATH/Models/Engine.php on line 2230.
 1 APPPATH/Models/Engine.php(2230): CodeIgniter\Debug\Exceptions->errorHandler()
 2 APPPATH/Controllers/Api.php(147): App\Models\Engine->getBillToSynch()
 3 SYSTEMPATH/CodeIgniter.php(896): App\Controllers\Api->postbillpayment()
 4 SYSTEMPATH/CodeIgniter.php(466): CodeIgniter\CodeIgniter->runController()
 5 SYSTEMPATH/CodeIgniter.php(349): CodeIgniter\CodeIgniter->handleRequest()
 6 FCPATH/index.php(57): CodeIgniter\CodeIgniter->run()
CRITICAL - 2024-07-29 00:21:01 --> Undefined variable $payArray
in APPPATH/Models/Engine.php on line 2230.
 1 APPPATH/Models/Engine.php(2230): CodeIgniter\Debug\Exceptions->errorHandler()
 2 APPPATH/Controllers/Api.php(147): App\Models\Engine->getBillToSynch()
 3 SYSTEMPATH/CodeIgniter.php(896): App\Controllers\Api->postbillpayment()
 4 SYSTEMPATH/CodeIgniter.php(466): CodeIgniter\CodeIgniter->runController()
 5 SYSTEMPATH/CodeIgniter.php(349): CodeIgniter\CodeIgniter->handleRequest()
 6 FCPATH/index.php(57): CodeIgniter\CodeIgniter->run()
CRITICAL - 2024-07-29 00:22:01 --> Undefined variable $payArray
in APPPATH/Models/Engine.php on line 2230.
 1 APPPATH/Models/Engine.php(2230): CodeIgniter\Debug\Exceptions->errorHandler()
 2 APPPATH/Controllers/Api.php(147): App\Models\Engine->getBillToSynch()
 3 SYSTEMPATH/CodeIgniter.php(896): App\Controllers\Api->postbillpayment()
 4 SYSTEMPATH/CodeIgniter.php(466): CodeIgniter\CodeIgniter->runController()
 5 SYSTEMPATH/CodeIgniter.php(349): CodeIgniter\CodeIgniter->handleRequest()
 6 FCPATH/index.php(57): CodeIgniter\CodeIgniter->run()
CRITICAL - 2024-07-29 00:23:01 --> Undefined variable $payArray
in APPPATH/Models/Engine.php on line 2230.
 1 APPPATH/Models/Engine.php(2230): CodeIgniter\Debug\Exceptions->errorHandler()
 2 APPPATH/Controllers/Api.php(147): App\Models\Engine->getBillToSynch()
 3 SYSTEMPATH/CodeIgniter.php(896): App\Controllers\Api->postbillpayment()
 4 SYSTEMPATH/CodeIgniter.php(466): CodeIgniter\CodeIgniter->runController()
 5 SYSTEMPATH/CodeIgniter.php(349): CodeIgniter\CodeIgniter->handleRequest()
 6 FCPATH/index.php(57): CodeIgniter\CodeIgniter->run()
CRITICAL - 2024-07-29 00:24:01 --> Undefined variable $payArray
in APPPATH/Models/Engine.php on line 2230.
 1 APPPATH/Models/Engine.php(2230): CodeIgniter\Debug\Exceptions->errorHandler()
 2 APPPATH/Controllers/Api.php(147): App\Models\Engine->getBillToSynch()
 3 SYSTEMPATH/CodeIgniter.php(896): App\Controllers\Api->postbillpayment()
 4 SYSTEMPATH/CodeIgniter.php(466): CodeIgniter\CodeIgniter->runController()
 5 SYSTEMPATH/CodeIgniter.php(349): CodeIgniter\CodeIgniter->handleRequest()
 6 FCPATH/index.php(57): CodeIgniter\CodeIgniter->run()
CRITICAL - 2024-07-29 00:25:01 --> Undefined variable $payArray
in APPPATH/Models/Engine.php on line 2230.
 1 APPPATH/Models/Engine.php(2230): CodeIgniter\Debug\Exceptions->errorHandler()
 2 APPPATH/Controllers/Api.php(147): App\Models\Engine->getBillToSynch()
 3 SYSTEMPATH/CodeIgniter.php(896): App\Controllers\Api->postbillpayment()
 4 SYSTEMPATH/CodeIgniter.php(466): CodeIgniter\CodeIgniter->runController()
 5 SYSTEMPATH/CodeIgniter.php(349): CodeIgniter\CodeIgniter->handleRequest()
 6 FCPATH/index.php(57): CodeIgniter\CodeIgniter->run()
CRITICAL - 2024-07-29 00:26:01 --> Undefined variable $payArray
in APPPATH/Models/Engine.php on line 2230.
 1 APPPATH/Models/Engine.php(2230): CodeIgniter\Debug\Exceptions->errorHandler()
 2 APPPATH/Controllers/Api.php(147): App\Models\Engine->getBillToSynch()
 3 SYSTEMPATH/CodeIgniter.php(896): App\Controllers\Api->postbillpayment()
 4 SYSTEMPATH/CodeIgniter.php(466): CodeIgniter\CodeIgniter->runController()
 5 SYSTEMPATH/CodeIgniter.php(349): CodeIgniter\CodeIgniter->handleRequest()
 6 FCPATH/index.php(57): CodeIgniter\CodeIgniter->run()
CRITICAL - 2024-07-29 00:27:01 --> Undefined variable $payArray
in APPPATH/Models/Engine.php on line 2230.
 1 APPPATH/Models/Engine.php(2230): CodeIgniter\Debug\Exceptions->errorHandler()
 2 APPPATH/Controllers/Api.php(147): App\Models\Engine->getBillToSynch()
 3 SYSTEMPATH/CodeIgniter.php(896): App\Controllers\Api->postbillpayment()
 4 SYSTEMPATH/CodeIgniter.php(466): CodeIgniter\CodeIgniter->runController()
 5 SYSTEMPATH/CodeIgniter.php(349): CodeIgniter\CodeIgniter->handleRequest()
 6 FCPATH/index.php(57): CodeIgniter\CodeIgniter->run()
CRITICAL - 2024-07-29 00:28:01 --> Undefined variable $payArray
in APPPATH/Models/Engine.php on line 2230.
 1 APPPATH/Models/Engine.php(2230): CodeIgniter\Debug\Exceptions->errorHandler()
 2 APPPATH/Controllers/Api.php(147): App\Models\Engine->getBillToSynch()
 3 SYSTEMPATH/CodeIgniter.php(896): App\Controllers\Api->postbillpayment()
 4 SYSTEMPATH/CodeIgniter.php(466): CodeIgniter\CodeIgniter->runController()
 5 SYSTEMPATH/CodeIgniter.php(349): CodeIgniter\CodeIgniter->handleRequest()
 6 FCPATH/index.php(57): CodeIgniter\CodeIgniter->run()
CRITICAL - 2024-07-29 00:29:01 --> Undefined variable $payArray
in APPPATH/Models/Engine.php on line 2230.
 1 APPPATH/Models/Engine.php(2230): CodeIgniter\Debug\Exceptions->errorHandler()
 2 APPPATH/Controllers/Api.php(147): App\Models\Engine->getBillToSynch()
 3 SYSTEMPATH/CodeIgniter.php(896): App\Controllers\Api->postbillpayment()
 4 SYSTEMPATH/CodeIgniter.php(466): CodeIgniter\CodeIgniter->runController()
 5 SYSTEMPATH/CodeIgniter.php(349): CodeIgniter\CodeIgniter->handleRequest()
 6 FCPATH/index.php(57): CodeIgniter\CodeIgniter->run()
CRITICAL - 2024-07-29 00:30:00 --> Undefined variable $payArray
in APPPATH/Models/Engine.php on line 2230.
 1 APPPATH/Models/Engine.php(2230): CodeIgniter\Debug\Exceptions->errorHandler()
 2 APPPATH/Controllers/Api.php(147): App\Models\Engine->getBillToSynch()
 3 SYSTEMPATH/CodeIgniter.php(896): App\Controllers\Api->postbillpayment()
 4 SYSTEMPATH/CodeIgniter.php(466): CodeIgniter\CodeIgniter->runController()
 5 SYSTEMPATH/CodeIgniter.php(349): CodeIgniter\CodeIgniter->handleRequest()
 6 FCPATH/index.php(57): CodeIgniter\CodeIgniter->run()
CRITICAL - 2024-07-29 00:31:00 --> Undefined variable $payArray
in APPPATH/Models/Engine.php on line 2230.
 1 APPPATH/Models/Engine.php(2230): CodeIgniter\Debug\Exceptions->errorHandler()
 2 APPPATH/Controllers/Api.php(147): App\Models\Engine->getBillToSynch()
 3 SYSTEMPATH/CodeIgniter.php(896): App\Controllers\Api->postbillpayment()
 4 SYSTEMPATH/CodeIgniter.php(466): CodeIgniter\CodeIgniter->runController()
 5 SYSTEMPATH/CodeIgniter.php(349): CodeIgniter\CodeIgniter->handleRequest()
 6 FCPATH/index.php(57): CodeIgniter\CodeIgniter->run()
CRITICAL - 2024-07-29 00:32:00 --> Undefined variable $payArray
in APPPATH/Models/Engine.php on line 2230.
 1 APPPATH/Models/Engine.php(2230): CodeIgniter\Debug\Exceptions->errorHandler()
 2 APPPATH/Controllers/Api.php(147): App\Models\Engine->getBillToSynch()
 3 SYSTEMPATH/CodeIgniter.php(896): App\Controllers\Api->postbillpayment()
 4 SYSTEMPATH/CodeIgniter.php(466): CodeIgniter\CodeIgniter->runController()
 5 SYSTEMPATH/CodeIgniter.php(349): CodeIgniter\CodeIgniter->handleRequest()
 6 FCPATH/index.php(57): CodeIgniter\CodeIgniter->run()
CRITICAL - 2024-07-29 00:33:01 --> Undefined variable $payArray
in APPPATH/Models/Engine.php on line 2230.
 1 APPPATH/Models/Engine.php(2230): CodeIgniter\Debug\Exceptions->errorHandler()
 2 APPPATH/Controllers/Api.php(147): App\Models\Engine->getBillToSynch()
 3 SYSTEMPATH/CodeIgniter.php(896): App\Controllers\Api->postbillpayment()
 4 SYSTEMPATH/CodeIgniter.php(466): CodeIgniter\CodeIgniter->runController()
 5 SYSTEMPATH/CodeIgniter.php(349): CodeIgniter\CodeIgniter->handleRequest()
 6 FCPATH/index.php(57): CodeIgniter\CodeIgniter->run()
CRITICAL - 2024-07-29 00:34:01 --> Undefined variable $payArray
in APPPATH/Models/Engine.php on line 2230.
 1 APPPATH/Models/Engine.php(2230): CodeIgniter\Debug\Exceptions->errorHandler()
 2 APPPATH/Controllers/Api.php(147): App\Models\Engine->getBillToSynch()
 3 SYSTEMPATH/CodeIgniter.php(896): App\Controllers\Api->postbillpayment()
 4 SYSTEMPATH/CodeIgniter.php(466): CodeIgniter\CodeIgniter->runController()
 5 SYSTEMPATH/CodeIgniter.php(349): CodeIgniter\CodeIgniter->handleRequest()
 6 FCPATH/index.php(57): CodeIgniter\CodeIgniter->run()
CRITICAL - 2024-07-29 00:35:01 --> Undefined variable $payArray
in APPPATH/Models/Engine.php on line 2230.
 1 APPPATH/Models/Engine.php(2230): CodeIgniter\Debug\Exceptions->errorHandler()
 2 APPPATH/Controllers/Api.php(147): App\Models\Engine->getBillToSynch()
 3 SYSTEMPATH/CodeIgniter.php(896): App\Controllers\Api->postbillpayment()
 4 SYSTEMPATH/CodeIgniter.php(466): CodeIgniter\CodeIgniter->runController()
 5 SYSTEMPATH/CodeIgniter.php(349): CodeIgniter\CodeIgniter->handleRequest()
 6 FCPATH/index.php(57): CodeIgniter\CodeIgniter->run()
CRITICAL - 2024-07-29 00:36:01 --> Undefined variable $payArray
in APPPATH/Models/Engine.php on line 2230.
 1 APPPATH/Models/Engine.php(2230): CodeIgniter\Debug\Exceptions->errorHandler()
 2 APPPATH/Controllers/Api.php(147): App\Models\Engine->getBillToSynch()
 3 SYSTEMPATH/CodeIgniter.php(896): App\Controllers\Api->postbillpayment()
 4 SYSTEMPATH/CodeIgniter.php(466): CodeIgniter\CodeIgniter->runController()
 5 SYSTEMPATH/CodeIgniter.php(349): CodeIgniter\CodeIgniter->handleRequest()
 6 FCPATH/index.php(57): CodeIgniter\CodeIgniter->run()
CRITICAL - 2024-07-29 00:37:01 --> Undefined variable $payArray
in APPPATH/Models/Engine.php on line 2230.
 1 APPPATH/Models/Engine.php(2230): CodeIgniter\Debug\Exceptions->errorHandler()
 2 APPPATH/Controllers/Api.php(147): App\Models\Engine->getBillToSynch()
 3 SYSTEMPATH/CodeIgniter.php(896): App\Controllers\Api->postbillpayment()
 4 SYSTEMPATH/CodeIgniter.php(466): CodeIgniter\CodeIgniter->runController()
 5 SYSTEMPATH/CodeIgniter.php(349): CodeIgniter\CodeIgniter->handleRequest()
 6 FCPATH/index.php(57): CodeIgniter\CodeIgniter->run()
CRITICAL - 2024-07-29 00:38:01 --> Undefined variable $payArray
in APPPATH/Models/Engine.php on line 2230.
 1 APPPATH/Models/Engine.php(2230): CodeIgniter\Debug\Exceptions->errorHandler()
 2 APPPATH/Controllers/Api.php(147): App\Models\Engine->getBillToSynch()
 3 SYSTEMPATH/CodeIgniter.php(896): App\Controllers\Api->postbillpayment()
 4 SYSTEMPATH/CodeIgniter.php(466): CodeIgniter\CodeIgniter->runController()
 5 SYSTEMPATH/CodeIgniter.php(349): CodeIgniter\CodeIgniter->handleRequest()
 6 FCPATH/index.php(57): CodeIgniter\CodeIgniter->run()
CRITICAL - 2024-07-29 00:39:01 --> Undefined variable $payArray
in APPPATH/Models/Engine.php on line 2230.
 1 APPPATH/Models/Engine.php(2230): CodeIgniter\Debug\Exceptions->errorHandler()
 2 APPPATH/Controllers/Api.php(147): App\Models\Engine->getBillToSynch()
 3 SYSTEMPATH/CodeIgniter.php(896): App\Controllers\Api->postbillpayment()
 4 SYSTEMPATH/CodeIgniter.php(466): CodeIgniter\CodeIgniter->runController()
 5 SYSTEMPATH/CodeIgniter.php(349): CodeIgniter\CodeIgniter->handleRequest()
 6 FCPATH/index.php(57): CodeIgniter\CodeIgniter->run()
CRITICAL - 2024-07-29 00:40:01 --> Undefined variable $payArray
in APPPATH/Models/Engine.php on line 2230.
 1 APPPATH/Models/Engine.php(2230): CodeIgniter\Debug\Exceptions->errorHandler()
 2 APPPATH/Controllers/Api.php(147): App\Models\Engine->getBillToSynch()
 3 SYSTEMPATH/CodeIgniter.php(896): App\Controllers\Api->postbillpayment()
 4 SYSTEMPATH/CodeIgniter.php(466): CodeIgniter\CodeIgniter->runController()
 5 SYSTEMPATH/CodeIgniter.php(349): CodeIgniter\CodeIgniter->handleRequest()
 6 FCPATH/index.php(57): CodeIgniter\CodeIgniter->run()
CRITICAL - 2024-07-29 00:41:01 --> Undefined variable $payArray
in APPPATH/Models/Engine.php on line 2230.
 1 APPPATH/Models/Engine.php(2230): CodeIgniter\Debug\Exceptions->errorHandler()
 2 APPPATH/Controllers/Api.php(147): App\Models\Engine->getBillToSynch()
 3 SYSTEMPATH/CodeIgniter.php(896): App\Controllers\Api->postbillpayment()
 4 SYSTEMPATH/CodeIgniter.php(466): CodeIgniter\CodeIgniter->runController()
 5 SYSTEMPATH/CodeIgniter.php(349): CodeIgniter\CodeIgniter->handleRequest()
 6 FCPATH/index.php(57): CodeIgniter\CodeIgniter->run()
CRITICAL - 2024-07-29 00:42:01 --> Undefined variable $payArray
in APPPATH/Models/Engine.php on line 2230.
 1 APPPATH/Models/Engine.php(2230): CodeIgniter\Debug\Exceptions->errorHandler()
 2 APPPATH/Controllers/Api.php(147): App\Models\Engine->getBillToSynch()
 3 SYSTEMPATH/CodeIgniter.php(896): App\Controllers\Api->postbillpayment()
 4 SYSTEMPATH/CodeIgniter.php(466): CodeIgniter\CodeIgniter->runController()
 5 SYSTEMPATH/CodeIgniter.php(349): CodeIgniter\CodeIgniter->handleRequest()
 6 FCPATH/index.php(57): CodeIgniter\CodeIgniter->run()
CRITICAL - 2024-07-29 00:43:01 --> Undefined variable $payArray
in APPPATH/Models/Engine.php on line 2230.
 1 APPPATH/Models/Engine.php(2230): CodeIgniter\Debug\Exceptions->errorHandler()
 2 APPPATH/Controllers/Api.php(147): App\Models\Engine->getBillToSynch()
 3 SYSTEMPATH/CodeIgniter.php(896): App\Controllers\Api->postbillpayment()
 4 SYSTEMPATH/CodeIgniter.php(466): CodeIgniter\CodeIgniter->runController()
 5 SYSTEMPATH/CodeIgniter.php(349): CodeIgniter\CodeIgniter->handleRequest()
 6 FCPATH/index.php(57): CodeIgniter\CodeIgniter->run()
CRITICAL - 2024-07-29 00:44:01 --> Undefined variable $payArray
in APPPATH/Models/Engine.php on line 2230.
 1 APPPATH/Models/Engine.php(2230): CodeIgniter\Debug\Exceptions->errorHandler()
 2 APPPATH/Controllers/Api.php(147): App\Models\Engine->getBillToSynch()
 3 SYSTEMPATH/CodeIgniter.php(896): App\Controllers\Api->postbillpayment()
 4 SYSTEMPATH/CodeIgniter.php(466): CodeIgniter\CodeIgniter->runController()
 5 SYSTEMPATH/CodeIgniter.php(349): CodeIgniter\CodeIgniter->handleRequest()
 6 FCPATH/index.php(57): CodeIgniter\CodeIgniter->run()
CRITICAL - 2024-07-29 00:45:01 --> Undefined variable $payArray
in APPPATH/Models/Engine.php on line 2230.
 1 APPPATH/Models/Engine.php(2230): CodeIgniter\Debug\Exceptions->errorHandler()
 2 APPPATH/Controllers/Api.php(147): App\Models\Engine->getBillToSynch()
 3 SYSTEMPATH/CodeIgniter.php(896): App\Controllers\Api->postbillpayment()
 4 SYSTEMPATH/CodeIgniter.php(466): CodeIgniter\CodeIgniter->runController()
 5 SYSTEMPATH/CodeIgniter.php(349): CodeIgniter\CodeIgniter->handleRequest()
 6 FCPATH/index.php(57): CodeIgniter\CodeIgniter->run()
CRITICAL - 2024-07-29 00:46:01 --> Undefined variable $payArray
in APPPATH/Models/Engine.php on line 2230.
 1 APPPATH/Models/Engine.php(2230): CodeIgniter\Debug\Exceptions->errorHandler()
 2 APPPATH/Controllers/Api.php(147): App\Models\Engine->getBillToSynch()
 3 SYSTEMPATH/CodeIgniter.php(896): App\Controllers\Api->postbillpayment()
 4 SYSTEMPATH/CodeIgniter.php(466): CodeIgniter\CodeIgniter->runController()
 5 SYSTEMPATH/CodeIgniter.php(349): CodeIgniter\CodeIgniter->handleRequest()
 6 FCPATH/index.php(57): CodeIgniter\CodeIgniter->run()
CRITICAL - 2024-07-29 00:47:02 --> Undefined variable $payArray
in APPPATH/Models/Engine.php on line 2230.
 1 APPPATH/Models/Engine.php(2230): CodeIgniter\Debug\Exceptions->errorHandler()
 2 APPPATH/Controllers/Api.php(147): App\Models\Engine->getBillToSynch()
 3 SYSTEMPATH/CodeIgniter.php(896): App\Controllers\Api->postbillpayment()
 4 SYSTEMPATH/CodeIgniter.php(466): CodeIgniter\CodeIgniter->runController()
 5 SYSTEMPATH/CodeIgniter.php(349): CodeIgniter\CodeIgniter->handleRequest()
 6 FCPATH/index.php(57): CodeIgniter\CodeIgniter->run()
CRITICAL - 2024-07-29 00:48:01 --> Undefined variable $payArray
in APPPATH/Models/Engine.php on line 2230.
 1 APPPATH/Models/Engine.php(2230): CodeIgniter\Debug\Exceptions->errorHandler()
 2 APPPATH/Controllers/Api.php(147): App\Models\Engine->getBillToSynch()
 3 SYSTEMPATH/CodeIgniter.php(896): App\Controllers\Api->postbillpayment()
 4 SYSTEMPATH/CodeIgniter.php(466): CodeIgniter\CodeIgniter->runController()
 5 SYSTEMPATH/CodeIgniter.php(349): CodeIgniter\CodeIgniter->handleRequest()
 6 FCPATH/index.php(57): CodeIgniter\CodeIgniter->run()
CRITICAL - 2024-07-29 00:49:01 --> Undefined variable $payArray
in APPPATH/Models/Engine.php on line 2230.
 1 APPPATH/Models/Engine.php(2230): CodeIgniter\Debug\Exceptions->errorHandler()
 2 APPPATH/Controllers/Api.php(147): App\Models\Engine->getBillToSynch()
 3 SYSTEMPATH/CodeIgniter.php(896): App\Controllers\Api->postbillpayment()
 4 SYSTEMPATH/CodeIgniter.php(466): CodeIgniter\CodeIgniter->runController()
 5 SYSTEMPATH/CodeIgniter.php(349): CodeIgniter\CodeIgniter->handleRequest()
 6 FCPATH/index.php(57): CodeIgniter\CodeIgniter->run()
CRITICAL - 2024-07-29 00:50:01 --> Undefined variable $payArray
in APPPATH/Models/Engine.php on line 2230.
 1 APPPATH/Models/Engine.php(2230): CodeIgniter\Debug\Exceptions->errorHandler()
 2 APPPATH/Controllers/Api.php(147): App\Models\Engine->getBillToSynch()
 3 SYSTEMPATH/CodeIgniter.php(896): App\Controllers\Api->postbillpayment()
 4 SYSTEMPATH/CodeIgniter.php(466): CodeIgniter\CodeIgniter->runController()
 5 SYSTEMPATH/CodeIgniter.php(349): CodeIgniter\CodeIgniter->handleRequest()
 6 FCPATH/index.php(57): CodeIgniter\CodeIgniter->run()
CRITICAL - 2024-07-29 00:51:01 --> Undefined variable $payArray
in APPPATH/Models/Engine.php on line 2230.
 1 APPPATH/Models/Engine.php(2230): CodeIgniter\Debug\Exceptions->errorHandler()
 2 APPPATH/Controllers/Api.php(147): App\Models\Engine->getBillToSynch()
 3 SYSTEMPATH/CodeIgniter.php(896): App\Controllers\Api->postbillpayment()
 4 SYSTEMPATH/CodeIgniter.php(466): CodeIgniter\CodeIgniter->runController()
 5 SYSTEMPATH/CodeIgniter.php(349): CodeIgniter\CodeIgniter->handleRequest()
 6 FCPATH/index.php(57): CodeIgniter\CodeIgniter->run()
CRITICAL - 2024-07-29 00:52:01 --> Undefined variable $payArray
in APPPATH/Models/Engine.php on line 2230.
 1 APPPATH/Models/Engine.php(2230): CodeIgniter\Debug\Exceptions->errorHandler()
 2 APPPATH/Controllers/Api.php(147): App\Models\Engine->getBillToSynch()
 3 SYSTEMPATH/CodeIgniter.php(896): App\Controllers\Api->postbillpayment()
 4 SYSTEMPATH/CodeIgniter.php(466): CodeIgniter\CodeIgniter->runController()
 5 SYSTEMPATH/CodeIgniter.php(349): CodeIgniter\CodeIgniter->handleRequest()
 6 FCPATH/index.php(57): CodeIgniter\CodeIgniter->run()
CRITICAL - 2024-07-29 00:53:01 --> Undefined variable $payArray
in APPPATH/Models/Engine.php on line 2230.
 1 APPPATH/Models/Engine.php(2230): CodeIgniter\Debug\Exceptions->errorHandler()
 2 APPPATH/Controllers/Api.php(147): App\Models\Engine->getBillToSynch()
 3 SYSTEMPATH/CodeIgniter.php(896): App\Controllers\Api->postbillpayment()
 4 SYSTEMPATH/CodeIgniter.php(466): CodeIgniter\CodeIgniter->runController()
 5 SYSTEMPATH/CodeIgniter.php(349): CodeIgniter\CodeIgniter->handleRequest()
 6 FCPATH/index.php(57): CodeIgniter\CodeIgniter->run()
CRITICAL - 2024-07-29 00:54:01 --> Undefined variable $payArray
in APPPATH/Models/Engine.php on line 2230.
 1 APPPATH/Models/Engine.php(2230): CodeIgniter\Debug\Exceptions->errorHandler()
 2 APPPATH/Controllers/Api.php(147): App\Models\Engine->getBillToSynch()
 3 SYSTEMPATH/CodeIgniter.php(896): App\Controllers\Api->postbillpayment()
 4 SYSTEMPATH/CodeIgniter.php(466): CodeIgniter\CodeIgniter->runController()
 5 SYSTEMPATH/CodeIgniter.php(349): CodeIgniter\CodeIgniter->handleRequest()
 6 FCPATH/index.php(57): CodeIgniter\CodeIgniter->run()
CRITICAL - 2024-07-29 00:55:01 --> Undefined variable $payArray
in APPPATH/Models/Engine.php on line 2230.
 1 APPPATH/Models/Engine.php(2230): CodeIgniter\Debug\Exceptions->errorHandler()
 2 APPPATH/Controllers/Api.php(147): App\Models\Engine->getBillToSynch()
 3 SYSTEMPATH/CodeIgniter.php(896): App\Controllers\Api->postbillpayment()
 4 SYSTEMPATH/CodeIgniter.php(466): CodeIgniter\CodeIgniter->runController()
 5 SYSTEMPATH/CodeIgniter.php(349): CodeIgniter\CodeIgniter->handleRequest()
 6 FCPATH/index.php(57): CodeIgniter\CodeIgniter->run()
CRITICAL - 2024-07-29 00:56:01 --> Undefined variable $payArray
in APPPATH/Models/Engine.php on line 2230.
 1 APPPATH/Models/Engine.php(2230): CodeIgniter\Debug\Exceptions->errorHandler()
 2 APPPATH/Controllers/Api.php(147): App\Models\Engine->getBillToSynch()
 3 SYSTEMPATH/CodeIgniter.php(896): App\Controllers\Api->postbillpayment()
 4 SYSTEMPATH/CodeIgniter.php(466): CodeIgniter\CodeIgniter->runController()
 5 SYSTEMPATH/CodeIgniter.php(349): CodeIgniter\CodeIgniter->handleRequest()
 6 FCPATH/index.php(57): CodeIgniter\CodeIgniter->run()
CRITICAL - 2024-07-29 00:57:01 --> Undefined variable $payArray
in APPPATH/Models/Engine.php on line 2230.
 1 APPPATH/Models/Engine.php(2230): CodeIgniter\Debug\Exceptions->errorHandler()
 2 APPPATH/Controllers/Api.php(147): App\Models\Engine->getBillToSynch()
 3 SYSTEMPATH/CodeIgniter.php(896): App\Controllers\Api->postbillpayment()
 4 SYSTEMPATH/CodeIgniter.php(466): CodeIgniter\CodeIgniter->runController()
 5 SYSTEMPATH/CodeIgniter.php(349): CodeIgniter\CodeIgniter->handleRequest()
 6 FCPATH/index.php(57): CodeIgniter\CodeIgniter->run()
CRITICAL - 2024-07-29 00:58:01 --> Undefined variable $payArray
in APPPATH/Models/Engine.php on line 2230.
 1 APPPATH/Models/Engine.php(2230): CodeIgniter\Debug\Exceptions->errorHandler()
 2 APPPATH/Controllers/Api.php(147): App\Models\Engine->getBillToSynch()
 3 SYSTEMPATH/CodeIgniter.php(896): App\Controllers\Api->postbillpayment()
 4 SYSTEMPATH/CodeIgniter.php(466): CodeIgniter\CodeIgniter->runController()
 5 SYSTEMPATH/CodeIgniter.php(349): CodeIgniter\CodeIgniter->handleRequest()
 6 FCPATH/index.php(57): CodeIgniter\CodeIgniter->run()
CRITICAL - 2024-07-29 00:59:01 --> Undefined variable $payArray
in APPPATH/Models/Engine.php on line 2230.
 1 APPPATH/Models/Engine.php(2230): CodeIgniter\Debug\Exceptions->errorHandler()
 2 APPPATH/Controllers/Api.php(147): App\Models\Engine->getBillToSynch()
 3 SYSTEMPATH/CodeIgniter.php(896): App\Controllers\Api->postbillpayment()
 4 SYSTEMPATH/CodeIgniter.php(466): CodeIgniter\CodeIgniter->runController()
 5 SYSTEMPATH/CodeIgniter.php(349): CodeIgniter\CodeIgniter->handleRequest()
 6 FCPATH/index.php(57): CodeIgniter\CodeIgniter->run()
CRITICAL - 2024-07-29 01:00:01 --> Undefined variable $payArray
in APPPATH/Models/Engine.php on line 2230.
 1 APPPATH/Models/Engine.php(2230): CodeIgniter\Debug\Exceptions->errorHandler()
 2 APPPATH/Controllers/Api.php(147): App\Models\Engine->getBillToSynch()
 3 SYSTEMPATH/CodeIgniter.php(896): App\Controllers\Api->postbillpayment()
 4 SYSTEMPATH/CodeIgniter.php(466): CodeIgniter\CodeIgniter->runController()
 5 SYSTEMPATH/CodeIgniter.php(349): CodeIgniter\CodeIgniter->handleRequest()
 6 FCPATH/index.php(57): CodeIgniter\CodeIgniter->run()
CRITICAL - 2024-07-29 01:01:01 --> Undefined variable $payArray
in APPPATH/Models/Engine.php on line 2230.
 1 APPPATH/Models/Engine.php(2230): CodeIgniter\Debug\Exceptions->errorHandler()
 2 APPPATH/Controllers/Api.php(147): App\Models\Engine->getBillToSynch()
 3 SYSTEMPATH/CodeIgniter.php(896): App\Controllers\Api->postbillpayment()
 4 SYSTEMPATH/CodeIgniter.php(466): CodeIgniter\CodeIgniter->runController()
 5 SYSTEMPATH/CodeIgniter.php(349): CodeIgniter\CodeIgniter->handleRequest()
 6 FCPATH/index.php(57): CodeIgniter\CodeIgniter->run()
CRITICAL - 2024-07-29 01:02:01 --> Undefined variable $payArray
in APPPATH/Models/Engine.php on line 2230.
 1 APPPATH/Models/Engine.php(2230): CodeIgniter\Debug\Exceptions->errorHandler()
 2 APPPATH/Controllers/Api.php(147): App\Models\Engine->getBillToSynch()
 3 SYSTEMPATH/CodeIgniter.php(896): App\Controllers\Api->postbillpayment()
 4 SYSTEMPATH/CodeIgniter.php(466): CodeIgniter\CodeIgniter->runController()
 5 SYSTEMPATH/CodeIgniter.php(349): CodeIgniter\CodeIgniter->handleRequest()
 6 FCPATH/index.php(57): CodeIgniter\CodeIgniter->run()
CRITICAL - 2024-07-29 01:03:01 --> Undefined variable $payArray
in APPPATH/Models/Engine.php on line 2230.
 1 APPPATH/Models/Engine.php(2230): CodeIgniter\Debug\Exceptions->errorHandler()
 2 APPPATH/Controllers/Api.php(147): App\Models\Engine->getBillToSynch()
 3 SYSTEMPATH/CodeIgniter.php(896): App\Controllers\Api->postbillpayment()
 4 SYSTEMPATH/CodeIgniter.php(466): CodeIgniter\CodeIgniter->runController()
 5 SYSTEMPATH/CodeIgniter.php(349): CodeIgniter\CodeIgniter->handleRequest()
 6 FCPATH/index.php(57): CodeIgniter\CodeIgniter->run()
CRITICAL - 2024-07-29 01:04:01 --> Undefined variable $payArray
in APPPATH/Models/Engine.php on line 2230.
 1 APPPATH/Models/Engine.php(2230): CodeIgniter\Debug\Exceptions->errorHandler()
 2 APPPATH/Controllers/Api.php(147): App\Models\Engine->getBillToSynch()
 3 SYSTEMPATH/CodeIgniter.php(896): App\Controllers\Api->postbillpayment()
 4 SYSTEMPATH/CodeIgniter.php(466): CodeIgniter\CodeIgniter->runController()
 5 SYSTEMPATH/CodeIgniter.php(349): CodeIgniter\CodeIgniter->handleRequest()
 6 FCPATH/index.php(57): CodeIgniter\CodeIgniter->run()
CRITICAL - 2024-07-29 01:05:01 --> Undefined variable $payArray
in APPPATH/Models/Engine.php on line 2230.
 1 APPPATH/Models/Engine.php(2230): CodeIgniter\Debug\Exceptions->errorHandler()
 2 APPPATH/Controllers/Api.php(147): App\Models\Engine->getBillToSynch()
 3 SYSTEMPATH/CodeIgniter.php(896): App\Controllers\Api->postbillpayment()
 4 SYSTEMPATH/CodeIgniter.php(466): CodeIgniter\CodeIgniter->runController()
 5 SYSTEMPATH/CodeIgniter.php(349): CodeIgniter\CodeIgniter->handleRequest()
 6 FCPATH/index.php(57): CodeIgniter\CodeIgniter->run()
CRITICAL - 2024-07-29 01:06:01 --> Undefined variable $payArray
in APPPATH/Models/Engine.php on line 2230.
 1 APPPATH/Models/Engine.php(2230): CodeIgniter\Debug\Exceptions->errorHandler()
 2 APPPATH/Controllers/Api.php(147): App\Models\Engine->getBillToSynch()
 3 SYSTEMPATH/CodeIgniter.php(896): App\Controllers\Api->postbillpayment()
 4 SYSTEMPATH/CodeIgniter.php(466): CodeIgniter\CodeIgniter->runController()
 5 SYSTEMPATH/CodeIgniter.php(349): CodeIgniter\CodeIgniter->handleRequest()
 6 FCPATH/index.php(57): CodeIgniter\CodeIgniter->run()
CRITICAL - 2024-07-29 01:07:01 --> Undefined variable $payArray
in APPPATH/Models/Engine.php on line 2230.
 1 APPPATH/Models/Engine.php(2230): CodeIgniter\Debug\Exceptions->errorHandler()
 2 APPPATH/Controllers/Api.php(147): App\Models\Engine->getBillToSynch()
 3 SYSTEMPATH/CodeIgniter.php(896): App\Controllers\Api->postbillpayment()
 4 SYSTEMPATH/CodeIgniter.php(466): CodeIgniter\CodeIgniter->runController()
 5 SYSTEMPATH/CodeIgniter.php(349): CodeIgniter\CodeIgniter->handleRequest()
 6 FCPATH/index.php(57): CodeIgniter\CodeIgniter->run()
CRITICAL - 2024-07-29 01:08:01 --> Undefined variable $payArray
in APPPATH/Models/Engine.php on line 2230.
 1 APPPATH/Models/Engine.php(2230): CodeIgniter\Debug\Exceptions->errorHandler()
 2 APPPATH/Controllers/Api.php(147): App\Models\Engine->getBillToSynch()
 3 SYSTEMPATH/CodeIgniter.php(896): App\Controllers\Api->postbillpayment()
 4 SYSTEMPATH/CodeIgniter.php(466): CodeIgniter\CodeIgniter->runController()
 5 SYSTEMPATH/CodeIgniter.php(349): CodeIgniter\CodeIgniter->handleRequest()
 6 FCPATH/index.php(57): CodeIgniter\CodeIgniter->run()
CRITICAL - 2024-07-29 01:09:01 --> Undefined variable $payArray
in APPPATH/Models/Engine.php on line 2230.
 1 APPPATH/Models/Engine.php(2230): CodeIgniter\Debug\Exceptions->errorHandler()
 2 APPPATH/Controllers/Api.php(147): App\Models\Engine->getBillToSynch()
 3 SYSTEMPATH/CodeIgniter.php(896): App\Controllers\Api->postbillpayment()
 4 SYSTEMPATH/CodeIgniter.php(466): CodeIgniter\CodeIgniter->runController()
 5 SYSTEMPATH/CodeIgniter.php(349): CodeIgniter\CodeIgniter->handleRequest()
 6 FCPATH/index.php(57): CodeIgniter\CodeIgniter->run()
CRITICAL - 2024-07-29 01:10:01 --> Undefined variable $payArray
in APPPATH/Models/Engine.php on line 2230.
 1 APPPATH/Models/Engine.php(2230): CodeIgniter\Debug\Exceptions->errorHandler()
 2 APPPATH/Controllers/Api.php(147): App\Models\Engine->getBillToSynch()
 3 SYSTEMPATH/CodeIgniter.php(896): App\Controllers\Api->postbillpayment()
 4 SYSTEMPATH/CodeIgniter.php(466): CodeIgniter\CodeIgniter->runController()
 5 SYSTEMPATH/CodeIgniter.php(349): CodeIgniter\CodeIgniter->handleRequest()
 6 FCPATH/index.php(57): CodeIgniter\CodeIgniter->run()
CRITICAL - 2024-07-29 01:11:01 --> Undefined variable $payArray
in APPPATH/Models/Engine.php on line 2230.
 1 APPPATH/Models/Engine.php(2230): CodeIgniter\Debug\Exceptions->errorHandler()
 2 APPPATH/Controllers/Api.php(147): App\Models\Engine->getBillToSynch()
 3 SYSTEMPATH/CodeIgniter.php(896): App\Controllers\Api->postbillpayment()
 4 SYSTEMPATH/CodeIgniter.php(466): CodeIgniter\CodeIgniter->runController()
 5 SYSTEMPATH/CodeIgniter.php(349): CodeIgniter\CodeIgniter->handleRequest()
 6 FCPATH/index.php(57): CodeIgniter\CodeIgniter->run()
CRITICAL - 2024-07-29 01:12:01 --> Undefined variable $payArray
in APPPATH/Models/Engine.php on line 2230.
 1 APPPATH/Models/Engine.php(2230): CodeIgniter\Debug\Exceptions->errorHandler()
 2 APPPATH/Controllers/Api.php(147): App\Models\Engine->getBillToSynch()
 3 SYSTEMPATH/CodeIgniter.php(896): App\Controllers\Api->postbillpayment()
 4 SYSTEMPATH/CodeIgniter.php(466): CodeIgniter\CodeIgniter->runController()
 5 SYSTEMPATH/CodeIgniter.php(349): CodeIgniter\CodeIgniter->handleRequest()
 6 FCPATH/index.php(57): CodeIgniter\CodeIgniter->run()
CRITICAL - 2024-07-29 01:13:01 --> Undefined variable $payArray
in APPPATH/Models/Engine.php on line 2230.
 1 APPPATH/Models/Engine.php(2230): CodeIgniter\Debug\Exceptions->errorHandler()
 2 APPPATH/Controllers/Api.php(147): App\Models\Engine->getBillToSynch()
 3 SYSTEMPATH/CodeIgniter.php(896): App\Controllers\Api->postbillpayment()
 4 SYSTEMPATH/CodeIgniter.php(466): CodeIgniter\CodeIgniter->runController()
 5 SYSTEMPATH/CodeIgniter.php(349): CodeIgniter\CodeIgniter->handleRequest()
 6 FCPATH/index.php(57): CodeIgniter\CodeIgniter->run()
CRITICAL - 2024-07-29 01:14:01 --> Undefined variable $payArray
in APPPATH/Models/Engine.php on line 2230.
 1 APPPATH/Models/Engine.php(2230): CodeIgniter\Debug\Exceptions->errorHandler()
 2 APPPATH/Controllers/Api.php(147): App\Models\Engine->getBillToSynch()
 3 SYSTEMPATH/CodeIgniter.php(896): App\Controllers\Api->postbillpayment()
 4 SYSTEMPATH/CodeIgniter.php(466): CodeIgniter\CodeIgniter->runController()
 5 SYSTEMPATH/CodeIgniter.php(349): CodeIgniter\CodeIgniter->handleRequest()
 6 FCPATH/index.php(57): CodeIgniter\CodeIgniter->run()
CRITICAL - 2024-07-29 01:15:01 --> Undefined variable $payArray
in APPPATH/Models/Engine.php on line 2230.
 1 APPPATH/Models/Engine.php(2230): CodeIgniter\Debug\Exceptions->errorHandler()
 2 APPPATH/Controllers/Api.php(147): App\Models\Engine->getBillToSynch()
 3 SYSTEMPATH/CodeIgniter.php(896): App\Controllers\Api->postbillpayment()
 4 SYSTEMPATH/CodeIgniter.php(466): CodeIgniter\CodeIgniter->runController()
 5 SYSTEMPATH/CodeIgniter.php(349): CodeIgniter\CodeIgniter->handleRequest()
 6 FCPATH/index.php(57): CodeIgniter\CodeIgniter->run()
CRITICAL - 2024-07-29 01:16:01 --> Undefined variable $payArray
in APPPATH/Models/Engine.php on line 2230.
 1 APPPATH/Models/Engine.php(2230): CodeIgniter\Debug\Exceptions->errorHandler()
 2 APPPATH/Controllers/Api.php(147): App\Models\Engine->getBillToSynch()
 3 SYSTEMPATH/CodeIgniter.php(896): App\Controllers\Api->postbillpayment()
 4 SYSTEMPATH/CodeIgniter.php(466): CodeIgniter\CodeIgniter->runController()
 5 SYSTEMPATH/CodeIgniter.php(349): CodeIgniter\CodeIgniter->handleRequest()
 6 FCPATH/index.php(57): CodeIgniter\CodeIgniter->run()
CRITICAL - 2024-07-29 01:17:01 --> Undefined variable $payArray
in APPPATH/Models/Engine.php on line 2230.
 1 APPPATH/Models/Engine.php(2230): CodeIgniter\Debug\Exceptions->errorHandler()
 2 APPPATH/Controllers/Api.php(147): App\Models\Engine->getBillToSynch()
 3 SYSTEMPATH/CodeIgniter.php(896): App\Controllers\Api->postbillpayment()
 4 SYSTEMPATH/CodeIgniter.php(466): CodeIgniter\CodeIgniter->runController()
 5 SYSTEMPATH/CodeIgniter.php(349): CodeIgniter\CodeIgniter->handleRequest()
 6 FCPATH/index.php(57): CodeIgniter\CodeIgniter->run()
CRITICAL - 2024-07-29 01:18:01 --> Undefined variable $payArray
in APPPATH/Models/Engine.php on line 2230.
 1 APPPATH/Models/Engine.php(2230): CodeIgniter\Debug\Exceptions->errorHandler()
 2 APPPATH/Controllers/Api.php(147): App\Models\Engine->getBillToSynch()
 3 SYSTEMPATH/CodeIgniter.php(896): App\Controllers\Api->postbillpayment()
 4 SYSTEMPATH/CodeIgniter.php(466): CodeIgniter\CodeIgniter->runController()
 5 SYSTEMPATH/CodeIgniter.php(349): CodeIgniter\CodeIgniter->handleRequest()
 6 FCPATH/index.php(57): CodeIgniter\CodeIgniter->run()
CRITICAL - 2024-07-29 01:19:01 --> Undefined variable $payArray
in APPPATH/Models/Engine.php on line 2230.
 1 APPPATH/Models/Engine.php(2230): CodeIgniter\Debug\Exceptions->errorHandler()
 2 APPPATH/Controllers/Api.php(147): App\Models\Engine->getBillToSynch()
 3 SYSTEMPATH/CodeIgniter.php(896): App\Controllers\Api->postbillpayment()
 4 SYSTEMPATH/CodeIgniter.php(466): CodeIgniter\CodeIgniter->runController()
 5 SYSTEMPATH/CodeIgniter.php(349): CodeIgniter\CodeIgniter->handleRequest()
 6 FCPATH/index.php(57): CodeIgniter\CodeIgniter->run()
CRITICAL - 2024-07-29 01:20:01 --> Undefined variable $payArray
in APPPATH/Models/Engine.php on line 2230.
 1 APPPATH/Models/Engine.php(2230): CodeIgniter\Debug\Exceptions->errorHandler()
 2 APPPATH/Controllers/Api.php(147): App\Models\Engine->getBillToSynch()
 3 SYSTEMPATH/CodeIgniter.php(896): App\Controllers\Api->postbillpayment()
 4 SYSTEMPATH/CodeIgniter.php(466): CodeIgniter\CodeIgniter->runController()
 5 SYSTEMPATH/CodeIgniter.php(349): CodeIgniter\CodeIgniter->handleRequest()
 6 FCPATH/index.php(57): CodeIgniter\CodeIgniter->run()
CRITICAL - 2024-07-29 01:21:01 --> Undefined variable $payArray
in APPPATH/Models/Engine.php on line 2230.
 1 APPPATH/Models/Engine.php(2230): CodeIgniter\Debug\Exceptions->errorHandler()
 2 APPPATH/Controllers/Api.php(147): App\Models\Engine->getBillToSynch()
 3 SYSTEMPATH/CodeIgniter.php(896): App\Controllers\Api->postbillpayment()
 4 SYSTEMPATH/CodeIgniter.php(466): CodeIgniter\CodeIgniter->runController()
 5 SYSTEMPATH/CodeIgniter.php(349): CodeIgniter\CodeIgniter->handleRequest()
 6 FCPATH/index.php(57): CodeIgniter\CodeIgniter->run()
CRITICAL - 2024-07-29 01:22:02 --> Undefined variable $payArray
in APPPATH/Models/Engine.php on line 2230.
 1 APPPATH/Models/Engine.php(2230): CodeIgniter\Debug\Exceptions->errorHandler()
 2 APPPATH/Controllers/Api.php(147): App\Models\Engine->getBillToSynch()
 3 SYSTEMPATH/CodeIgniter.php(896): App\Controllers\Api->postbillpayment()
 4 SYSTEMPATH/CodeIgniter.php(466): CodeIgniter\CodeIgniter->runController()
 5 SYSTEMPATH/CodeIgniter.php(349): CodeIgniter\CodeIgniter->handleRequest()
 6 FCPATH/index.php(57): CodeIgniter\CodeIgniter->run()
CRITICAL - 2024-07-29 01:23:01 --> Undefined variable $payArray
in APPPATH/Models/Engine.php on line 2230.
 1 APPPATH/Models/Engine.php(2230): CodeIgniter\Debug\Exceptions->errorHandler()
 2 APPPATH/Controllers/Api.php(147): App\Models\Engine->getBillToSynch()
 3 SYSTEMPATH/CodeIgniter.php(896): App\Controllers\Api->postbillpayment()
 4 SYSTEMPATH/CodeIgniter.php(466): CodeIgniter\CodeIgniter->runController()
 5 SYSTEMPATH/CodeIgniter.php(349): CodeIgniter\CodeIgniter->handleRequest()
 6 FCPATH/index.php(57): CodeIgniter\CodeIgniter->run()
CRITICAL - 2024-07-29 01:24:01 --> Undefined variable $payArray
in APPPATH/Models/Engine.php on line 2230.
 1 APPPATH/Models/Engine.php(2230): CodeIgniter\Debug\Exceptions->errorHandler()
 2 APPPATH/Controllers/Api.php(147): App\Models\Engine->getBillToSynch()
 3 SYSTEMPATH/CodeIgniter.php(896): App\Controllers\Api->postbillpayment()
 4 SYSTEMPATH/CodeIgniter.php(466): CodeIgniter\CodeIgniter->runController()
 5 SYSTEMPATH/CodeIgniter.php(349): CodeIgniter\CodeIgniter->handleRequest()
 6 FCPATH/index.php(57): CodeIgniter\CodeIgniter->run()
CRITICAL - 2024-07-29 01:25:01 --> Undefined variable $payArray
in APPPATH/Models/Engine.php on line 2230.
 1 APPPATH/Models/Engine.php(2230): CodeIgniter\Debug\Exceptions->errorHandler()
 2 APPPATH/Controllers/Api.php(147): App\Models\Engine->getBillToSynch()
 3 SYSTEMPATH/CodeIgniter.php(896): App\Controllers\Api->postbillpayment()
 4 SYSTEMPATH/CodeIgniter.php(466): CodeIgniter\CodeIgniter->runController()
 5 SYSTEMPATH/CodeIgniter.php(349): CodeIgniter\CodeIgniter->handleRequest()
 6 FCPATH/index.php(57): CodeIgniter\CodeIgniter->run()
CRITICAL - 2024-07-29 01:26:01 --> Undefined variable $payArray
in APPPATH/Models/Engine.php on line 2230.
 1 APPPATH/Models/Engine.php(2230): CodeIgniter\Debug\Exceptions->errorHandler()
 2 APPPATH/Controllers/Api.php(147): App\Models\Engine->getBillToSynch()
 3 SYSTEMPATH/CodeIgniter.php(896): App\Controllers\Api->postbillpayment()
 4 SYSTEMPATH/CodeIgniter.php(466): CodeIgniter\CodeIgniter->runController()
 5 SYSTEMPATH/CodeIgniter.php(349): CodeIgniter\CodeIgniter->handleRequest()
 6 FCPATH/index.php(57): CodeIgniter\CodeIgniter->run()
CRITICAL - 2024-07-29 01:27:01 --> Undefined variable $payArray
in APPPATH/Models/Engine.php on line 2230.
 1 APPPATH/Models/Engine.php(2230): CodeIgniter\Debug\Exceptions->errorHandler()
 2 APPPATH/Controllers/Api.php(147): App\Models\Engine->getBillToSynch()
 3 SYSTEMPATH/CodeIgniter.php(896): App\Controllers\Api->postbillpayment()
 4 SYSTEMPATH/CodeIgniter.php(466): CodeIgniter\CodeIgniter->runController()
 5 SYSTEMPATH/CodeIgniter.php(349): CodeIgniter\CodeIgniter->handleRequest()
 6 FCPATH/index.php(57): CodeIgniter\CodeIgniter->run()
CRITICAL - 2024-07-29 01:28:01 --> Undefined variable $payArray
in APPPATH/Models/Engine.php on line 2230.
 1 APPPATH/Models/Engine.php(2230): CodeIgniter\Debug\Exceptions->errorHandler()
 2 APPPATH/Controllers/Api.php(147): App\Models\Engine->getBillToSynch()
 3 SYSTEMPATH/CodeIgniter.php(896): App\Controllers\Api->postbillpayment()
 4 SYSTEMPATH/CodeIgniter.php(466): CodeIgniter\CodeIgniter->runController()
 5 SYSTEMPATH/CodeIgniter.php(349): CodeIgniter\CodeIgniter->handleRequest()
 6 FCPATH/index.php(57): CodeIgniter\CodeIgniter->run()
CRITICAL - 2024-07-29 01:29:01 --> Undefined variable $payArray
in APPPATH/Models/Engine.php on line 2230.
 1 APPPATH/Models/Engine.php(2230): CodeIgniter\Debug\Exceptions->errorHandler()
 2 APPPATH/Controllers/Api.php(147): App\Models\Engine->getBillToSynch()
 3 SYSTEMPATH/CodeIgniter.php(896): App\Controllers\Api->postbillpayment()
 4 SYSTEMPATH/CodeIgniter.php(466): CodeIgniter\CodeIgniter->runController()
 5 SYSTEMPATH/CodeIgniter.php(349): CodeIgniter\CodeIgniter->handleRequest()
 6 FCPATH/index.php(57): CodeIgniter\CodeIgniter->run()
CRITICAL - 2024-07-29 01:30:01 --> Undefined variable $payArray
in APPPATH/Models/Engine.php on line 2230.
 1 APPPATH/Models/Engine.php(2230): CodeIgniter\Debug\Exceptions->errorHandler()
 2 APPPATH/Controllers/Api.php(147): App\Models\Engine->getBillToSynch()
 3 SYSTEMPATH/CodeIgniter.php(896): App\Controllers\Api->postbillpayment()
 4 SYSTEMPATH/CodeIgniter.php(466): CodeIgniter\CodeIgniter->runController()
 5 SYSTEMPATH/CodeIgniter.php(349): CodeIgniter\CodeIgniter->handleRequest()
 6 FCPATH/index.php(57): CodeIgniter\CodeIgniter->run()
CRITICAL - 2024-07-29 01:31:01 --> Undefined variable $payArray
in APPPATH/Models/Engine.php on line 2230.
 1 APPPATH/Models/Engine.php(2230): CodeIgniter\Debug\Exceptions->errorHandler()
 2 APPPATH/Controllers/Api.php(147): App\Models\Engine->getBillToSynch()
 3 SYSTEMPATH/CodeIgniter.php(896): App\Controllers\Api->postbillpayment()
 4 SYSTEMPATH/CodeIgniter.php(466): CodeIgniter\CodeIgniter->runController()
 5 SYSTEMPATH/CodeIgniter.php(349): CodeIgniter\CodeIgniter->handleRequest()
 6 FCPATH/index.php(57): CodeIgniter\CodeIgniter->run()
CRITICAL - 2024-07-29 01:32:01 --> Undefined variable $payArray
in APPPATH/Models/Engine.php on line 2230.
 1 APPPATH/Models/Engine.php(2230): CodeIgniter\Debug\Exceptions->errorHandler()
 2 APPPATH/Controllers/Api.php(147): App\Models\Engine->getBillToSynch()
 3 SYSTEMPATH/CodeIgniter.php(896): App\Controllers\Api->postbillpayment()
 4 SYSTEMPATH/CodeIgniter.php(466): CodeIgniter\CodeIgniter->runController()
 5 SYSTEMPATH/CodeIgniter.php(349): CodeIgniter\CodeIgniter->handleRequest()
 6 FCPATH/index.php(57): CodeIgniter\CodeIgniter->run()
CRITICAL - 2024-07-29 01:33:01 --> Undefined variable $payArray
in APPPATH/Models/Engine.php on line 2230.
 1 APPPATH/Models/Engine.php(2230): CodeIgniter\Debug\Exceptions->errorHandler()
 2 APPPATH/Controllers/Api.php(147): App\Models\Engine->getBillToSynch()
 3 SYSTEMPATH/CodeIgniter.php(896): App\Controllers\Api->postbillpayment()
 4 SYSTEMPATH/CodeIgniter.php(466): CodeIgniter\CodeIgniter->runController()
 5 SYSTEMPATH/CodeIgniter.php(349): CodeIgniter\CodeIgniter->handleRequest()
 6 FCPATH/index.php(57): CodeIgniter\CodeIgniter->run()
CRITICAL - 2024-07-29 01:34:01 --> Undefined variable $payArray
in APPPATH/Models/Engine.php on line 2230.
 1 APPPATH/Models/Engine.php(2230): CodeIgniter\Debug\Exceptions->errorHandler()
 2 APPPATH/Controllers/Api.php(147): App\Models\Engine->getBillToSynch()
 3 SYSTEMPATH/CodeIgniter.php(896): App\Controllers\Api->postbillpayment()
 4 SYSTEMPATH/CodeIgniter.php(466): CodeIgniter\CodeIgniter->runController()
 5 SYSTEMPATH/CodeIgniter.php(349): CodeIgniter\CodeIgniter->handleRequest()
 6 FCPATH/index.php(57): CodeIgniter\CodeIgniter->run()
CRITICAL - 2024-07-29 01:35:01 --> Undefined variable $payArray
in APPPATH/Models/Engine.php on line 2230.
 1 APPPATH/Models/Engine.php(2230): CodeIgniter\Debug\Exceptions->errorHandler()
 2 APPPATH/Controllers/Api.php(147): App\Models\Engine->getBillToSynch()
 3 SYSTEMPATH/CodeIgniter.php(896): App\Controllers\Api->postbillpayment()
 4 SYSTEMPATH/CodeIgniter.php(466): CodeIgniter\CodeIgniter->runController()
 5 SYSTEMPATH/CodeIgniter.php(349): CodeIgniter\CodeIgniter->handleRequest()
 6 FCPATH/index.php(57): CodeIgniter\CodeIgniter->run()
CRITICAL - 2024-07-29 01:36:01 --> Undefined variable $payArray
in APPPATH/Models/Engine.php on line 2230.
 1 APPPATH/Models/Engine.php(2230): CodeIgniter\Debug\Exceptions->errorHandler()
 2 APPPATH/Controllers/Api.php(147): App\Models\Engine->getBillToSynch()
 3 SYSTEMPATH/CodeIgniter.php(896): App\Controllers\Api->postbillpayment()
 4 SYSTEMPATH/CodeIgniter.php(466): CodeIgniter\CodeIgniter->runController()
 5 SYSTEMPATH/CodeIgniter.php(349): CodeIgniter\CodeIgniter->handleRequest()
 6 FCPATH/index.php(57): CodeIgniter\CodeIgniter->run()
CRITICAL - 2024-07-29 01:37:01 --> Undefined variable $payArray
in APPPATH/Models/Engine.php on line 2230.
 1 APPPATH/Models/Engine.php(2230): CodeIgniter\Debug\Exceptions->errorHandler()
 2 APPPATH/Controllers/Api.php(147): App\Models\Engine->getBillToSynch()
 3 SYSTEMPATH/CodeIgniter.php(896): App\Controllers\Api->postbillpayment()
 4 SYSTEMPATH/CodeIgniter.php(466): CodeIgniter\CodeIgniter->runController()
 5 SYSTEMPATH/CodeIgniter.php(349): CodeIgniter\CodeIgniter->handleRequest()
 6 FCPATH/index.php(57): CodeIgniter\CodeIgniter->run()
CRITICAL - 2024-07-29 01:38:01 --> Undefined variable $payArray
in APPPATH/Models/Engine.php on line 2230.
 1 APPPATH/Models/Engine.php(2230): CodeIgniter\Debug\Exceptions->errorHandler()
 2 APPPATH/Controllers/Api.php(147): App\Models\Engine->getBillToSynch()
 3 SYSTEMPATH/CodeIgniter.php(896): App\Controllers\Api->postbillpayment()
 4 SYSTEMPATH/CodeIgniter.php(466): CodeIgniter\CodeIgniter->runController()
 5 SYSTEMPATH/CodeIgniter.php(349): CodeIgniter\CodeIgniter->handleRequest()
 6 FCPATH/index.php(57): CodeIgniter\CodeIgniter->run()
CRITICAL - 2024-07-29 01:39:02 --> Undefined variable $payArray
in APPPATH/Models/Engine.php on line 2230.
 1 APPPATH/Models/Engine.php(2230): CodeIgniter\Debug\Exceptions->errorHandler()
 2 APPPATH/Controllers/Api.php(147): App\Models\Engine->getBillToSynch()
 3 SYSTEMPATH/CodeIgniter.php(896): App\Controllers\Api->postbillpayment()
 4 SYSTEMPATH/CodeIgniter.php(466): CodeIgniter\CodeIgniter->runController()
 5 SYSTEMPATH/CodeIgniter.php(349): CodeIgniter\CodeIgniter->handleRequest()
 6 FCPATH/index.php(57): CodeIgniter\CodeIgniter->run()
CRITICAL - 2024-07-29 01:40:02 --> Undefined variable $payArray
in APPPATH/Models/Engine.php on line 2230.
 1 APPPATH/Models/Engine.php(2230): CodeIgniter\Debug\Exceptions->errorHandler()
 2 APPPATH/Controllers/Api.php(147): App\Models\Engine->getBillToSynch()
 3 SYSTEMPATH/CodeIgniter.php(896): App\Controllers\Api->postbillpayment()
 4 SYSTEMPATH/CodeIgniter.php(466): CodeIgniter\CodeIgniter->runController()
 5 SYSTEMPATH/CodeIgniter.php(349): CodeIgniter\CodeIgniter->handleRequest()
 6 FCPATH/index.php(57): CodeIgniter\CodeIgniter->run()
CRITICAL - 2024-07-29 01:41:01 --> Undefined variable $payArray
in APPPATH/Models/Engine.php on line 2230.
 1 APPPATH/Models/Engine.php(2230): CodeIgniter\Debug\Exceptions->errorHandler()
 2 APPPATH/Controllers/Api.php(147): App\Models\Engine->getBillToSynch()
 3 SYSTEMPATH/CodeIgniter.php(896): App\Controllers\Api->postbillpayment()
 4 SYSTEMPATH/CodeIgniter.php(466): CodeIgniter\CodeIgniter->runController()
 5 SYSTEMPATH/CodeIgniter.php(349): CodeIgniter\CodeIgniter->handleRequest()
 6 FCPATH/index.php(57): CodeIgniter\CodeIgniter->run()
CRITICAL - 2024-07-29 01:42:01 --> Undefined variable $payArray
in APPPATH/Models/Engine.php on line 2230.
 1 APPPATH/Models/Engine.php(2230): CodeIgniter\Debug\Exceptions->errorHandler()
 2 APPPATH/Controllers/Api.php(147): App\Models\Engine->getBillToSynch()
 3 SYSTEMPATH/CodeIgniter.php(896): App\Controllers\Api->postbillpayment()
 4 SYSTEMPATH/CodeIgniter.php(466): CodeIgniter\CodeIgniter->runController()
 5 SYSTEMPATH/CodeIgniter.php(349): CodeIgniter\CodeIgniter->handleRequest()
 6 FCPATH/index.php(57): CodeIgniter\CodeIgniter->run()
CRITICAL - 2024-07-29 01:43:01 --> Undefined variable $payArray
in APPPATH/Models/Engine.php on line 2230.
 1 APPPATH/Models/Engine.php(2230): CodeIgniter\Debug\Exceptions->errorHandler()
 2 APPPATH/Controllers/Api.php(147): App\Models\Engine->getBillToSynch()
 3 SYSTEMPATH/CodeIgniter.php(896): App\Controllers\Api->postbillpayment()
 4 SYSTEMPATH/CodeIgniter.php(466): CodeIgniter\CodeIgniter->runController()
 5 SYSTEMPATH/CodeIgniter.php(349): CodeIgniter\CodeIgniter->handleRequest()
 6 FCPATH/index.php(57): CodeIgniter\CodeIgniter->run()
CRITICAL - 2024-07-29 01:44:01 --> Undefined variable $payArray
in APPPATH/Models/Engine.php on line 2230.
 1 APPPATH/Models/Engine.php(2230): CodeIgniter\Debug\Exceptions->errorHandler()
 2 APPPATH/Controllers/Api.php(147): App\Models\Engine->getBillToSynch()
 3 SYSTEMPATH/CodeIgniter.php(896): App\Controllers\Api->postbillpayment()
 4 SYSTEMPATH/CodeIgniter.php(466): CodeIgniter\CodeIgniter->runController()
 5 SYSTEMPATH/CodeIgniter.php(349): CodeIgniter\CodeIgniter->handleRequest()
 6 FCPATH/index.php(57): CodeIgniter\CodeIgniter->run()
CRITICAL - 2024-07-29 01:45:01 --> Undefined variable $payArray
in APPPATH/Models/Engine.php on line 2230.
 1 APPPATH/Models/Engine.php(2230): CodeIgniter\Debug\Exceptions->errorHandler()
 2 APPPATH/Controllers/Api.php(147): App\Models\Engine->getBillToSynch()
 3 SYSTEMPATH/CodeIgniter.php(896): App\Controllers\Api->postbillpayment()
 4 SYSTEMPATH/CodeIgniter.php(466): CodeIgniter\CodeIgniter->runController()
 5 SYSTEMPATH/CodeIgniter.php(349): CodeIgniter\CodeIgniter->handleRequest()
 6 FCPATH/index.php(57): CodeIgniter\CodeIgniter->run()
CRITICAL - 2024-07-29 01:46:01 --> Undefined variable $payArray
in APPPATH/Models/Engine.php on line 2230.
 1 APPPATH/Models/Engine.php(2230): CodeIgniter\Debug\Exceptions->errorHandler()
 2 APPPATH/Controllers/Api.php(147): App\Models\Engine->getBillToSynch()
 3 SYSTEMPATH/CodeIgniter.php(896): App\Controllers\Api->postbillpayment()
 4 SYSTEMPATH/CodeIgniter.php(466): CodeIgniter\CodeIgniter->runController()
 5 SYSTEMPATH/CodeIgniter.php(349): CodeIgniter\CodeIgniter->handleRequest()
 6 FCPATH/index.php(57): CodeIgniter\CodeIgniter->run()
CRITICAL - 2024-07-29 01:47:01 --> Undefined variable $payArray
in APPPATH/Models/Engine.php on line 2230.
 1 APPPATH/Models/Engine.php(2230): CodeIgniter\Debug\Exceptions->errorHandler()
 2 APPPATH/Controllers/Api.php(147): App\Models\Engine->getBillToSynch()
 3 SYSTEMPATH/CodeIgniter.php(896): App\Controllers\Api->postbillpayment()
 4 SYSTEMPATH/CodeIgniter.php(466): CodeIgniter\CodeIgniter->runController()
 5 SYSTEMPATH/CodeIgniter.php(349): CodeIgniter\CodeIgniter->handleRequest()
 6 FCPATH/index.php(57): CodeIgniter\CodeIgniter->run()
CRITICAL - 2024-07-29 01:48:01 --> Undefined variable $payArray
in APPPATH/Models/Engine.php on line 2230.
 1 APPPATH/Models/Engine.php(2230): CodeIgniter\Debug\Exceptions->errorHandler()
 2 APPPATH/Controllers/Api.php(147): App\Models\Engine->getBillToSynch()
 3 SYSTEMPATH/CodeIgniter.php(896): App\Controllers\Api->postbillpayment()
 4 SYSTEMPATH/CodeIgniter.php(466): CodeIgniter\CodeIgniter->runController()
 5 SYSTEMPATH/CodeIgniter.php(349): CodeIgniter\CodeIgniter->handleRequest()
 6 FCPATH/index.php(57): CodeIgniter\CodeIgniter->run()
CRITICAL - 2024-07-29 01:49:01 --> Undefined variable $payArray
in APPPATH/Models/Engine.php on line 2230.
 1 APPPATH/Models/Engine.php(2230): CodeIgniter\Debug\Exceptions->errorHandler()
 2 APPPATH/Controllers/Api.php(147): App\Models\Engine->getBillToSynch()
 3 SYSTEMPATH/CodeIgniter.php(896): App\Controllers\Api->postbillpayment()
 4 SYSTEMPATH/CodeIgniter.php(466): CodeIgniter\CodeIgniter->runController()
 5 SYSTEMPATH/CodeIgniter.php(349): CodeIgniter\CodeIgniter->handleRequest()
 6 FCPATH/index.php(57): CodeIgniter\CodeIgniter->run()
CRITICAL - 2024-07-29 01:50:01 --> Undefined variable $payArray
in APPPATH/Models/Engine.php on line 2230.
 1 APPPATH/Models/Engine.php(2230): CodeIgniter\Debug\Exceptions->errorHandler()
 2 APPPATH/Controllers/Api.php(147): App\Models\Engine->getBillToSynch()
 3 SYSTEMPATH/CodeIgniter.php(896): App\Controllers\Api->postbillpayment()
 4 SYSTEMPATH/CodeIgniter.php(466): CodeIgniter\CodeIgniter->runController()
 5 SYSTEMPATH/CodeIgniter.php(349): CodeIgniter\CodeIgniter->handleRequest()
 6 FCPATH/index.php(57): CodeIgniter\CodeIgniter->run()
CRITICAL - 2024-07-29 01:51:01 --> Undefined variable $payArray
in APPPATH/Models/Engine.php on line 2230.
 1 APPPATH/Models/Engine.php(2230): CodeIgniter\Debug\Exceptions->errorHandler()
 2 APPPATH/Controllers/Api.php(147): App\Models\Engine->getBillToSynch()
 3 SYSTEMPATH/CodeIgniter.php(896): App\Controllers\Api->postbillpayment()
 4 SYSTEMPATH/CodeIgniter.php(466): CodeIgniter\CodeIgniter->runController()
 5 SYSTEMPATH/CodeIgniter.php(349): CodeIgniter\CodeIgniter->handleRequest()
 6 FCPATH/index.php(57): CodeIgniter\CodeIgniter->run()
CRITICAL - 2024-07-29 01:52:01 --> Undefined variable $payArray
in APPPATH/Models/Engine.php on line 2230.
 1 APPPATH/Models/Engine.php(2230): CodeIgniter\Debug\Exceptions->errorHandler()
 2 APPPATH/Controllers/Api.php(147): App\Models\Engine->getBillToSynch()
 3 SYSTEMPATH/CodeIgniter.php(896): App\Controllers\Api->postbillpayment()
 4 SYSTEMPATH/CodeIgniter.php(466): CodeIgniter\CodeIgniter->runController()
 5 SYSTEMPATH/CodeIgniter.php(349): CodeIgniter\CodeIgniter->handleRequest()
 6 FCPATH/index.php(57): CodeIgniter\CodeIgniter->run()
CRITICAL - 2024-07-29 01:53:01 --> Undefined variable $payArray
in APPPATH/Models/Engine.php on line 2230.
 1 APPPATH/Models/Engine.php(2230): CodeIgniter\Debug\Exceptions->errorHandler()
 2 APPPATH/Controllers/Api.php(147): App\Models\Engine->getBillToSynch()
 3 SYSTEMPATH/CodeIgniter.php(896): App\Controllers\Api->postbillpayment()
 4 SYSTEMPATH/CodeIgniter.php(466): CodeIgniter\CodeIgniter->runController()
 5 SYSTEMPATH/CodeIgniter.php(349): CodeIgniter\CodeIgniter->handleRequest()
 6 FCPATH/index.php(57): CodeIgniter\CodeIgniter->run()
CRITICAL - 2024-07-29 01:54:01 --> Undefined variable $payArray
in APPPATH/Models/Engine.php on line 2230.
 1 APPPATH/Models/Engine.php(2230): CodeIgniter\Debug\Exceptions->errorHandler()
 2 APPPATH/Controllers/Api.php(147): App\Models\Engine->getBillToSynch()
 3 SYSTEMPATH/CodeIgniter.php(896): App\Controllers\Api->postbillpayment()
 4 SYSTEMPATH/CodeIgniter.php(466): CodeIgniter\CodeIgniter->runController()
 5 SYSTEMPATH/CodeIgniter.php(349): CodeIgniter\CodeIgniter->handleRequest()
 6 FCPATH/index.php(57): CodeIgniter\CodeIgniter->run()
CRITICAL - 2024-07-29 01:55:01 --> Undefined variable $payArray
in APPPATH/Models/Engine.php on line 2230.
 1 APPPATH/Models/Engine.php(2230): CodeIgniter\Debug\Exceptions->errorHandler()
 2 APPPATH/Controllers/Api.php(147): App\Models\Engine->getBillToSynch()
 3 SYSTEMPATH/CodeIgniter.php(896): App\Controllers\Api->postbillpayment()
 4 SYSTEMPATH/CodeIgniter.php(466): CodeIgniter\CodeIgniter->runController()
 5 SYSTEMPATH/CodeIgniter.php(349): CodeIgniter\CodeIgniter->handleRequest()
 6 FCPATH/index.php(57): CodeIgniter\CodeIgniter->run()
CRITICAL - 2024-07-29 01:56:02 --> Undefined variable $payArray
in APPPATH/Models/Engine.php on line 2230.
 1 APPPATH/Models/Engine.php(2230): CodeIgniter\Debug\Exceptions->errorHandler()
 2 APPPATH/Controllers/Api.php(147): App\Models\Engine->getBillToSynch()
 3 SYSTEMPATH/CodeIgniter.php(896): App\Controllers\Api->postbillpayment()
 4 SYSTEMPATH/CodeIgniter.php(466): CodeIgniter\CodeIgniter->runController()
 5 SYSTEMPATH/CodeIgniter.php(349): CodeIgniter\CodeIgniter->handleRequest()
 6 FCPATH/index.php(57): CodeIgniter\CodeIgniter->run()
CRITICAL - 2024-07-29 01:57:02 --> Undefined variable $payArray
in APPPATH/Models/Engine.php on line 2230.
 1 APPPATH/Models/Engine.php(2230): CodeIgniter\Debug\Exceptions->errorHandler()
 2 APPPATH/Controllers/Api.php(147): App\Models\Engine->getBillToSynch()
 3 SYSTEMPATH/CodeIgniter.php(896): App\Controllers\Api->postbillpayment()
 4 SYSTEMPATH/CodeIgniter.php(466): CodeIgniter\CodeIgniter->runController()
 5 SYSTEMPATH/CodeIgniter.php(349): CodeIgniter\CodeIgniter->handleRequest()
 6 FCPATH/index.php(57): CodeIgniter\CodeIgniter->run()
CRITICAL - 2024-07-29 01:58:01 --> Undefined variable $payArray
in APPPATH/Models/Engine.php on line 2230.
 1 APPPATH/Models/Engine.php(2230): CodeIgniter\Debug\Exceptions->errorHandler()
 2 APPPATH/Controllers/Api.php(147): App\Models\Engine->getBillToSynch()
 3 SYSTEMPATH/CodeIgniter.php(896): App\Controllers\Api->postbillpayment()
 4 SYSTEMPATH/CodeIgniter.php(466): CodeIgniter\CodeIgniter->runController()
 5 SYSTEMPATH/CodeIgniter.php(349): CodeIgniter\CodeIgniter->handleRequest()
 6 FCPATH/index.php(57): CodeIgniter\CodeIgniter->run()
CRITICAL - 2024-07-29 01:59:01 --> Undefined variable $payArray
in APPPATH/Models/Engine.php on line 2230.
 1 APPPATH/Models/Engine.php(2230): CodeIgniter\Debug\Exceptions->errorHandler()
 2 APPPATH/Controllers/Api.php(147): App\Models\Engine->getBillToSynch()
 3 SYSTEMPATH/CodeIgniter.php(896): App\Controllers\Api->postbillpayment()
 4 SYSTEMPATH/CodeIgniter.php(466): CodeIgniter\CodeIgniter->runController()
 5 SYSTEMPATH/CodeIgniter.php(349): CodeIgniter\CodeIgniter->handleRequest()
 6 FCPATH/index.php(57): CodeIgniter\CodeIgniter->run()
CRITICAL - 2024-07-29 02:00:01 --> Undefined variable $payArray
in APPPATH/Models/Engine.php on line 2230.
 1 APPPATH/Models/Engine.php(2230): CodeIgniter\Debug\Exceptions->errorHandler()
 2 APPPATH/Controllers/Api.php(147): App\Models\Engine->getBillToSynch()
 3 SYSTEMPATH/CodeIgniter.php(896): App\Controllers\Api->postbillpayment()
 4 SYSTEMPATH/CodeIgniter.php(466): CodeIgniter\CodeIgniter->runController()
 5 SYSTEMPATH/CodeIgniter.php(349): CodeIgniter\CodeIgniter->handleRequest()
 6 FCPATH/index.php(57): CodeIgniter\CodeIgniter->run()
CRITICAL - 2024-07-29 02:01:01 --> Undefined variable $payArray
in APPPATH/Models/Engine.php on line 2230.
 1 APPPATH/Models/Engine.php(2230): CodeIgniter\Debug\Exceptions->errorHandler()
 2 APPPATH/Controllers/Api.php(147): App\Models\Engine->getBillToSynch()
 3 SYSTEMPATH/CodeIgniter.php(896): App\Controllers\Api->postbillpayment()
 4 SYSTEMPATH/CodeIgniter.php(466): CodeIgniter\CodeIgniter->runController()
 5 SYSTEMPATH/CodeIgniter.php(349): CodeIgniter\CodeIgniter->handleRequest()
 6 FCPATH/index.php(57): CodeIgniter\CodeIgniter->run()
CRITICAL - 2024-07-29 02:02:01 --> Undefined variable $payArray
in APPPATH/Models/Engine.php on line 2230.
 1 APPPATH/Models/Engine.php(2230): CodeIgniter\Debug\Exceptions->errorHandler()
 2 APPPATH/Controllers/Api.php(147): App\Models\Engine->getBillToSynch()
 3 SYSTEMPATH/CodeIgniter.php(896): App\Controllers\Api->postbillpayment()
 4 SYSTEMPATH/CodeIgniter.php(466): CodeIgniter\CodeIgniter->runController()
 5 SYSTEMPATH/CodeIgniter.php(349): CodeIgniter\CodeIgniter->handleRequest()
 6 FCPATH/index.php(57): CodeIgniter\CodeIgniter->run()
CRITICAL - 2024-07-29 02:03:01 --> Undefined variable $payArray
in APPPATH/Models/Engine.php on line 2230.
 1 APPPATH/Models/Engine.php(2230): CodeIgniter\Debug\Exceptions->errorHandler()
 2 APPPATH/Controllers/Api.php(147): App\Models\Engine->getBillToSynch()
 3 SYSTEMPATH/CodeIgniter.php(896): App\Controllers\Api->postbillpayment()
 4 SYSTEMPATH/CodeIgniter.php(466): CodeIgniter\CodeIgniter->runController()
 5 SYSTEMPATH/CodeIgniter.php(349): CodeIgniter\CodeIgniter->handleRequest()
 6 FCPATH/index.php(57): CodeIgniter\CodeIgniter->run()
CRITICAL - 2024-07-29 02:04:01 --> Undefined variable $payArray
in APPPATH/Models/Engine.php on line 2230.
 1 APPPATH/Models/Engine.php(2230): CodeIgniter\Debug\Exceptions->errorHandler()
 2 APPPATH/Controllers/Api.php(147): App\Models\Engine->getBillToSynch()
 3 SYSTEMPATH/CodeIgniter.php(896): App\Controllers\Api->postbillpayment()
 4 SYSTEMPATH/CodeIgniter.php(466): CodeIgniter\CodeIgniter->runController()
 5 SYSTEMPATH/CodeIgniter.php(349): CodeIgniter\CodeIgniter->handleRequest()
 6 FCPATH/index.php(57): CodeIgniter\CodeIgniter->run()
CRITICAL - 2024-07-29 02:05:01 --> Undefined variable $payArray
in APPPATH/Models/Engine.php on line 2230.
 1 APPPATH/Models/Engine.php(2230): CodeIgniter\Debug\Exceptions->errorHandler()
 2 APPPATH/Controllers/Api.php(147): App\Models\Engine->getBillToSynch()
 3 SYSTEMPATH/CodeIgniter.php(896): App\Controllers\Api->postbillpayment()
 4 SYSTEMPATH/CodeIgniter.php(466): CodeIgniter\CodeIgniter->runController()
 5 SYSTEMPATH/CodeIgniter.php(349): CodeIgniter\CodeIgniter->handleRequest()
 6 FCPATH/index.php(57): CodeIgniter\CodeIgniter->run()
CRITICAL - 2024-07-29 02:06:01 --> Undefined variable $payArray
in APPPATH/Models/Engine.php on line 2230.
 1 APPPATH/Models/Engine.php(2230): CodeIgniter\Debug\Exceptions->errorHandler()
 2 APPPATH/Controllers/Api.php(147): App\Models\Engine->getBillToSynch()
 3 SYSTEMPATH/CodeIgniter.php(896): App\Controllers\Api->postbillpayment()
 4 SYSTEMPATH/CodeIgniter.php(466): CodeIgniter\CodeIgniter->runController()
 5 SYSTEMPATH/CodeIgniter.php(349): CodeIgniter\CodeIgniter->handleRequest()
 6 FCPATH/index.php(57): CodeIgniter\CodeIgniter->run()
CRITICAL - 2024-07-29 02:07:01 --> Undefined variable $payArray
in APPPATH/Models/Engine.php on line 2230.
 1 APPPATH/Models/Engine.php(2230): CodeIgniter\Debug\Exceptions->errorHandler()
 2 APPPATH/Controllers/Api.php(147): App\Models\Engine->getBillToSynch()
 3 SYSTEMPATH/CodeIgniter.php(896): App\Controllers\Api->postbillpayment()
 4 SYSTEMPATH/CodeIgniter.php(466): CodeIgniter\CodeIgniter->runController()
 5 SYSTEMPATH/CodeIgniter.php(349): CodeIgniter\CodeIgniter->handleRequest()
 6 FCPATH/index.php(57): CodeIgniter\CodeIgniter->run()
CRITICAL - 2024-07-29 02:08:01 --> Undefined variable $payArray
in APPPATH/Models/Engine.php on line 2230.
 1 APPPATH/Models/Engine.php(2230): CodeIgniter\Debug\Exceptions->errorHandler()
 2 APPPATH/Controllers/Api.php(147): App\Models\Engine->getBillToSynch()
 3 SYSTEMPATH/CodeIgniter.php(896): App\Controllers\Api->postbillpayment()
 4 SYSTEMPATH/CodeIgniter.php(466): CodeIgniter\CodeIgniter->runController()
 5 SYSTEMPATH/CodeIgniter.php(349): CodeIgniter\CodeIgniter->handleRequest()
 6 FCPATH/index.php(57): CodeIgniter\CodeIgniter->run()
CRITICAL - 2024-07-29 02:09:01 --> Undefined variable $payArray
in APPPATH/Models/Engine.php on line 2230.
 1 APPPATH/Models/Engine.php(2230): CodeIgniter\Debug\Exceptions->errorHandler()
 2 APPPATH/Controllers/Api.php(147): App\Models\Engine->getBillToSynch()
 3 SYSTEMPATH/CodeIgniter.php(896): App\Controllers\Api->postbillpayment()
 4 SYSTEMPATH/CodeIgniter.php(466): CodeIgniter\CodeIgniter->runController()
 5 SYSTEMPATH/CodeIgniter.php(349): CodeIgniter\CodeIgniter->handleRequest()
 6 FCPATH/index.php(57): CodeIgniter\CodeIgniter->run()
CRITICAL - 2024-07-29 02:10:01 --> Undefined variable $payArray
in APPPATH/Models/Engine.php on line 2230.
 1 APPPATH/Models/Engine.php(2230): CodeIgniter\Debug\Exceptions->errorHandler()
 2 APPPATH/Controllers/Api.php(147): App\Models\Engine->getBillToSynch()
 3 SYSTEMPATH/CodeIgniter.php(896): App\Controllers\Api->postbillpayment()
 4 SYSTEMPATH/CodeIgniter.php(466): CodeIgniter\CodeIgniter->runController()
 5 SYSTEMPATH/CodeIgniter.php(349): CodeIgniter\CodeIgniter->handleRequest()
 6 FCPATH/index.php(57): CodeIgniter\CodeIgniter->run()
CRITICAL - 2024-07-29 02:11:01 --> Undefined variable $payArray
in APPPATH/Models/Engine.php on line 2230.
 1 APPPATH/Models/Engine.php(2230): CodeIgniter\Debug\Exceptions->errorHandler()
 2 APPPATH/Controllers/Api.php(147): App\Models\Engine->getBillToSynch()
 3 SYSTEMPATH/CodeIgniter.php(896): App\Controllers\Api->postbillpayment()
 4 SYSTEMPATH/CodeIgniter.php(466): CodeIgniter\CodeIgniter->runController()
 5 SYSTEMPATH/CodeIgniter.php(349): CodeIgniter\CodeIgniter->handleRequest()
 6 FCPATH/index.php(57): CodeIgniter\CodeIgniter->run()
CRITICAL - 2024-07-29 02:12:01 --> Undefined variable $payArray
in APPPATH/Models/Engine.php on line 2230.
 1 APPPATH/Models/Engine.php(2230): CodeIgniter\Debug\Exceptions->errorHandler()
 2 APPPATH/Controllers/Api.php(147): App\Models\Engine->getBillToSynch()
 3 SYSTEMPATH/CodeIgniter.php(896): App\Controllers\Api->postbillpayment()
 4 SYSTEMPATH/CodeIgniter.php(466): CodeIgniter\CodeIgniter->runController()
 5 SYSTEMPATH/CodeIgniter.php(349): CodeIgniter\CodeIgniter->handleRequest()
 6 FCPATH/index.php(57): CodeIgniter\CodeIgniter->run()
CRITICAL - 2024-07-29 02:13:01 --> Undefined variable $payArray
in APPPATH/Models/Engine.php on line 2230.
 1 APPPATH/Models/Engine.php(2230): CodeIgniter\Debug\Exceptions->errorHandler()
 2 APPPATH/Controllers/Api.php(147): App\Models\Engine->getBillToSynch()
 3 SYSTEMPATH/CodeIgniter.php(896): App\Controllers\Api->postbillpayment()
 4 SYSTEMPATH/CodeIgniter.php(466): CodeIgniter\CodeIgniter->runController()
 5 SYSTEMPATH/CodeIgniter.php(349): CodeIgniter\CodeIgniter->handleRequest()
 6 FCPATH/index.php(57): CodeIgniter\CodeIgniter->run()
CRITICAL - 2024-07-29 02:14:02 --> Undefined variable $payArray
in APPPATH/Models/Engine.php on line 2230.
 1 APPPATH/Models/Engine.php(2230): CodeIgniter\Debug\Exceptions->errorHandler()
 2 APPPATH/Controllers/Api.php(147): App\Models\Engine->getBillToSynch()
 3 SYSTEMPATH/CodeIgniter.php(896): App\Controllers\Api->postbillpayment()
 4 SYSTEMPATH/CodeIgniter.php(466): CodeIgniter\CodeIgniter->runController()
 5 SYSTEMPATH/CodeIgniter.php(349): CodeIgniter\CodeIgniter->handleRequest()
 6 FCPATH/index.php(57): CodeIgniter\CodeIgniter->run()
CRITICAL - 2024-07-29 02:15:01 --> Undefined variable $payArray
in APPPATH/Models/Engine.php on line 2230.
 1 APPPATH/Models/Engine.php(2230): CodeIgniter\Debug\Exceptions->errorHandler()
 2 APPPATH/Controllers/Api.php(147): App\Models\Engine->getBillToSynch()
 3 SYSTEMPATH/CodeIgniter.php(896): App\Controllers\Api->postbillpayment()
 4 SYSTEMPATH/CodeIgniter.php(466): CodeIgniter\CodeIgniter->runController()
 5 SYSTEMPATH/CodeIgniter.php(349): CodeIgniter\CodeIgniter->handleRequest()
 6 FCPATH/index.php(57): CodeIgniter\CodeIgniter->run()
CRITICAL - 2024-07-29 02:16:01 --> Undefined variable $payArray
in APPPATH/Models/Engine.php on line 2230.
 1 APPPATH/Models/Engine.php(2230): CodeIgniter\Debug\Exceptions->errorHandler()
 2 APPPATH/Controllers/Api.php(147): App\Models\Engine->getBillToSynch()
 3 SYSTEMPATH/CodeIgniter.php(896): App\Controllers\Api->postbillpayment()
 4 SYSTEMPATH/CodeIgniter.php(466): CodeIgniter\CodeIgniter->runController()
 5 SYSTEMPATH/CodeIgniter.php(349): CodeIgniter\CodeIgniter->handleRequest()
 6 FCPATH/index.php(57): CodeIgniter\CodeIgniter->run()
CRITICAL - 2024-07-29 02:17:01 --> Undefined variable $payArray
in APPPATH/Models/Engine.php on line 2230.
 1 APPPATH/Models/Engine.php(2230): CodeIgniter\Debug\Exceptions->errorHandler()
 2 APPPATH/Controllers/Api.php(147): App\Models\Engine->getBillToSynch()
 3 SYSTEMPATH/CodeIgniter.php(896): App\Controllers\Api->postbillpayment()
 4 SYSTEMPATH/CodeIgniter.php(466): CodeIgniter\CodeIgniter->runController()
 5 SYSTEMPATH/CodeIgniter.php(349): CodeIgniter\CodeIgniter->handleRequest()
 6 FCPATH/index.php(57): CodeIgniter\CodeIgniter->run()
CRITICAL - 2024-07-29 02:18:01 --> Undefined variable $payArray
in APPPATH/Models/Engine.php on line 2230.
 1 APPPATH/Models/Engine.php(2230): CodeIgniter\Debug\Exceptions->errorHandler()
 2 APPPATH/Controllers/Api.php(147): App\Models\Engine->getBillToSynch()
 3 SYSTEMPATH/CodeIgniter.php(896): App\Controllers\Api->postbillpayment()
 4 SYSTEMPATH/CodeIgniter.php(466): CodeIgniter\CodeIgniter->runController()
 5 SYSTEMPATH/CodeIgniter.php(349): CodeIgniter\CodeIgniter->handleRequest()
 6 FCPATH/index.php(57): CodeIgniter\CodeIgniter->run()
CRITICAL - 2024-07-29 02:19:01 --> Undefined variable $payArray
in APPPATH/Models/Engine.php on line 2230.
 1 APPPATH/Models/Engine.php(2230): CodeIgniter\Debug\Exceptions->errorHandler()
 2 APPPATH/Controllers/Api.php(147): App\Models\Engine->getBillToSynch()
 3 SYSTEMPATH/CodeIgniter.php(896): App\Controllers\Api->postbillpayment()
 4 SYSTEMPATH/CodeIgniter.php(466): CodeIgniter\CodeIgniter->runController()
 5 SYSTEMPATH/CodeIgniter.php(349): CodeIgniter\CodeIgniter->handleRequest()
 6 FCPATH/index.php(57): CodeIgniter\CodeIgniter->run()
CRITICAL - 2024-07-29 02:20:01 --> Undefined variable $payArray
in APPPATH/Models/Engine.php on line 2230.
 1 APPPATH/Models/Engine.php(2230): CodeIgniter\Debug\Exceptions->errorHandler()
 2 APPPATH/Controllers/Api.php(147): App\Models\Engine->getBillToSynch()
 3 SYSTEMPATH/CodeIgniter.php(896): App\Controllers\Api->postbillpayment()
 4 SYSTEMPATH/CodeIgniter.php(466): CodeIgniter\CodeIgniter->runController()
 5 SYSTEMPATH/CodeIgniter.php(349): CodeIgniter\CodeIgniter->handleRequest()
 6 FCPATH/index.php(57): CodeIgniter\CodeIgniter->run()
CRITICAL - 2024-07-29 02:21:01 --> Undefined variable $payArray
in APPPATH/Models/Engine.php on line 2230.
 1 APPPATH/Models/Engine.php(2230): CodeIgniter\Debug\Exceptions->errorHandler()
 2 APPPATH/Controllers/Api.php(147): App\Models\Engine->getBillToSynch()
 3 SYSTEMPATH/CodeIgniter.php(896): App\Controllers\Api->postbillpayment()
 4 SYSTEMPATH/CodeIgniter.php(466): CodeIgniter\CodeIgniter->runController()
 5 SYSTEMPATH/CodeIgniter.php(349): CodeIgniter\CodeIgniter->handleRequest()
 6 FCPATH/index.php(57): CodeIgniter\CodeIgniter->run()
CRITICAL - 2024-07-29 02:22:01 --> Undefined variable $payArray
in APPPATH/Models/Engine.php on line 2230.
 1 APPPATH/Models/Engine.php(2230): CodeIgniter\Debug\Exceptions->errorHandler()
 2 APPPATH/Controllers/Api.php(147): App\Models\Engine->getBillToSynch()
 3 SYSTEMPATH/CodeIgniter.php(896): App\Controllers\Api->postbillpayment()
 4 SYSTEMPATH/CodeIgniter.php(466): CodeIgniter\CodeIgniter->runController()
 5 SYSTEMPATH/CodeIgniter.php(349): CodeIgniter\CodeIgniter->handleRequest()
 6 FCPATH/index.php(57): CodeIgniter\CodeIgniter->run()
CRITICAL - 2024-07-29 02:23:01 --> Undefined variable $payArray
in APPPATH/Models/Engine.php on line 2230.
 1 APPPATH/Models/Engine.php(2230): CodeIgniter\Debug\Exceptions->errorHandler()
 2 APPPATH/Controllers/Api.php(147): App\Models\Engine->getBillToSynch()
 3 SYSTEMPATH/CodeIgniter.php(896): App\Controllers\Api->postbillpayment()
 4 SYSTEMPATH/CodeIgniter.php(466): CodeIgniter\CodeIgniter->runController()
 5 SYSTEMPATH/CodeIgniter.php(349): CodeIgniter\CodeIgniter->handleRequest()
 6 FCPATH/index.php(57): CodeIgniter\CodeIgniter->run()
CRITICAL - 2024-07-29 02:24:01 --> Undefined variable $payArray
in APPPATH/Models/Engine.php on line 2230.
 1 APPPATH/Models/Engine.php(2230): CodeIgniter\Debug\Exceptions->errorHandler()
 2 APPPATH/Controllers/Api.php(147): App\Models\Engine->getBillToSynch()
 3 SYSTEMPATH/CodeIgniter.php(896): App\Controllers\Api->postbillpayment()
 4 SYSTEMPATH/CodeIgniter.php(466): CodeIgniter\CodeIgniter->runController()
 5 SYSTEMPATH/CodeIgniter.php(349): CodeIgniter\CodeIgniter->handleRequest()
 6 FCPATH/index.php(57): CodeIgniter\CodeIgniter->run()
CRITICAL - 2024-07-29 02:25:01 --> Undefined variable $payArray
in APPPATH/Models/Engine.php on line 2230.
 1 APPPATH/Models/Engine.php(2230): CodeIgniter\Debug\Exceptions->errorHandler()
 2 APPPATH/Controllers/Api.php(147): App\Models\Engine->getBillToSynch()
 3 SYSTEMPATH/CodeIgniter.php(896): App\Controllers\Api->postbillpayment()
 4 SYSTEMPATH/CodeIgniter.php(466): CodeIgniter\CodeIgniter->runController()
 5 SYSTEMPATH/CodeIgniter.php(349): CodeIgniter\CodeIgniter->handleRequest()
 6 FCPATH/index.php(57): CodeIgniter\CodeIgniter->run()
CRITICAL - 2024-07-29 02:26:01 --> Undefined variable $payArray
in APPPATH/Models/Engine.php on line 2230.
 1 APPPATH/Models/Engine.php(2230): CodeIgniter\Debug\Exceptions->errorHandler()
 2 APPPATH/Controllers/Api.php(147): App\Models\Engine->getBillToSynch()
 3 SYSTEMPATH/CodeIgniter.php(896): App\Controllers\Api->postbillpayment()
 4 SYSTEMPATH/CodeIgniter.php(466): CodeIgniter\CodeIgniter->runController()
 5 SYSTEMPATH/CodeIgniter.php(349): CodeIgniter\CodeIgniter->handleRequest()
 6 FCPATH/index.php(57): CodeIgniter\CodeIgniter->run()
CRITICAL - 2024-07-29 02:27:01 --> Undefined variable $payArray
in APPPATH/Models/Engine.php on line 2230.
 1 APPPATH/Models/Engine.php(2230): CodeIgniter\Debug\Exceptions->errorHandler()
 2 APPPATH/Controllers/Api.php(147): App\Models\Engine->getBillToSynch()
 3 SYSTEMPATH/CodeIgniter.php(896): App\Controllers\Api->postbillpayment()
 4 SYSTEMPATH/CodeIgniter.php(466): CodeIgniter\CodeIgniter->runController()
 5 SYSTEMPATH/CodeIgniter.php(349): CodeIgniter\CodeIgniter->handleRequest()
 6 FCPATH/index.php(57): CodeIgniter\CodeIgniter->run()
CRITICAL - 2024-07-29 02:28:01 --> Undefined variable $payArray
in APPPATH/Models/Engine.php on line 2230.
 1 APPPATH/Models/Engine.php(2230): CodeIgniter\Debug\Exceptions->errorHandler()
 2 APPPATH/Controllers/Api.php(147): App\Models\Engine->getBillToSynch()
 3 SYSTEMPATH/CodeIgniter.php(896): App\Controllers\Api->postbillpayment()
 4 SYSTEMPATH/CodeIgniter.php(466): CodeIgniter\CodeIgniter->runController()
 5 SYSTEMPATH/CodeIgniter.php(349): CodeIgniter\CodeIgniter->handleRequest()
 6 FCPATH/index.php(57): CodeIgniter\CodeIgniter->run()
CRITICAL - 2024-07-29 02:29:01 --> Undefined variable $payArray
in APPPATH/Models/Engine.php on line 2230.
 1 APPPATH/Models/Engine.php(2230): CodeIgniter\Debug\Exceptions->errorHandler()
 2 APPPATH/Controllers/Api.php(147): App\Models\Engine->getBillToSynch()
 3 SYSTEMPATH/CodeIgniter.php(896): App\Controllers\Api->postbillpayment()
 4 SYSTEMPATH/CodeIgniter.php(466): CodeIgniter\CodeIgniter->runController()
 5 SYSTEMPATH/CodeIgniter.php(349): CodeIgniter\CodeIgniter->handleRequest()
 6 FCPATH/index.php(57): CodeIgniter\CodeIgniter->run()
CRITICAL - 2024-07-29 02:30:01 --> Undefined variable $payArray
in APPPATH/Models/Engine.php on line 2230.
 1 APPPATH/Models/Engine.php(2230): CodeIgniter\Debug\Exceptions->errorHandler()
 2 APPPATH/Controllers/Api.php(147): App\Models\Engine->getBillToSynch()
 3 SYSTEMPATH/CodeIgniter.php(896): App\Controllers\Api->postbillpayment()
 4 SYSTEMPATH/CodeIgniter.php(466): CodeIgniter\CodeIgniter->runController()
 5 SYSTEMPATH/CodeIgniter.php(349): CodeIgniter\CodeIgniter->handleRequest()
 6 FCPATH/index.php(57): CodeIgniter\CodeIgniter->run()
CRITICAL - 2024-07-29 02:31:01 --> Undefined variable $payArray
in APPPATH/Models/Engine.php on line 2230.
 1 APPPATH/Models/Engine.php(2230): CodeIgniter\Debug\Exceptions->errorHandler()
 2 APPPATH/Controllers/Api.php(147): App\Models\Engine->getBillToSynch()
 3 SYSTEMPATH/CodeIgniter.php(896): App\Controllers\Api->postbillpayment()
 4 SYSTEMPATH/CodeIgniter.php(466): CodeIgniter\CodeIgniter->runController()
 5 SYSTEMPATH/CodeIgniter.php(349): CodeIgniter\CodeIgniter->handleRequest()
 6 FCPATH/index.php(57): CodeIgniter\CodeIgniter->run()
CRITICAL - 2024-07-29 02:32:01 --> Undefined variable $payArray
in APPPATH/Models/Engine.php on line 2230.
 1 APPPATH/Models/Engine.php(2230): CodeIgniter\Debug\Exceptions->errorHandler()
 2 APPPATH/Controllers/Api.php(147): App\Models\Engine->getBillToSynch()
 3 SYSTEMPATH/CodeIgniter.php(896): App\Controllers\Api->postbillpayment()
 4 SYSTEMPATH/CodeIgniter.php(466): CodeIgniter\CodeIgniter->runController()
 5 SYSTEMPATH/CodeIgniter.php(349): CodeIgniter\CodeIgniter->handleRequest()
 6 FCPATH/index.php(57): CodeIgniter\CodeIgniter->run()
CRITICAL - 2024-07-29 02:33:01 --> Undefined variable $payArray
in APPPATH/Models/Engine.php on line 2230.
 1 APPPATH/Models/Engine.php(2230): CodeIgniter\Debug\Exceptions->errorHandler()
 2 APPPATH/Controllers/Api.php(147): App\Models\Engine->getBillToSynch()
 3 SYSTEMPATH/CodeIgniter.php(896): App\Controllers\Api->postbillpayment()
 4 SYSTEMPATH/CodeIgniter.php(466): CodeIgniter\CodeIgniter->runController()
 5 SYSTEMPATH/CodeIgniter.php(349): CodeIgniter\CodeIgniter->handleRequest()
 6 FCPATH/index.php(57): CodeIgniter\CodeIgniter->run()
CRITICAL - 2024-07-29 02:34:01 --> Undefined variable $payArray
in APPPATH/Models/Engine.php on line 2230.
 1 APPPATH/Models/Engine.php(2230): CodeIgniter\Debug\Exceptions->errorHandler()
 2 APPPATH/Controllers/Api.php(147): App\Models\Engine->getBillToSynch()
 3 SYSTEMPATH/CodeIgniter.php(896): App\Controllers\Api->postbillpayment()
 4 SYSTEMPATH/CodeIgniter.php(466): CodeIgniter\CodeIgniter->runController()
 5 SYSTEMPATH/CodeIgniter.php(349): CodeIgniter\CodeIgniter->handleRequest()
 6 FCPATH/index.php(57): CodeIgniter\CodeIgniter->run()
CRITICAL - 2024-07-29 02:35:01 --> Undefined variable $payArray
in APPPATH/Models/Engine.php on line 2230.
 1 APPPATH/Models/Engine.php(2230): CodeIgniter\Debug\Exceptions->errorHandler()
 2 APPPATH/Controllers/Api.php(147): App\Models\Engine->getBillToSynch()
 3 SYSTEMPATH/CodeIgniter.php(896): App\Controllers\Api->postbillpayment()
 4 SYSTEMPATH/CodeIgniter.php(466): CodeIgniter\CodeIgniter->runController()
 5 SYSTEMPATH/CodeIgniter.php(349): CodeIgniter\CodeIgniter->handleRequest()
 6 FCPATH/index.php(57): CodeIgniter\CodeIgniter->run()
CRITICAL - 2024-07-29 02:36:01 --> Undefined variable $payArray
in APPPATH/Models/Engine.php on line 2230.
 1 APPPATH/Models/Engine.php(2230): CodeIgniter\Debug\Exceptions->errorHandler()
 2 APPPATH/Controllers/Api.php(147): App\Models\Engine->getBillToSynch()
 3 SYSTEMPATH/CodeIgniter.php(896): App\Controllers\Api->postbillpayment()
 4 SYSTEMPATH/CodeIgniter.php(466): CodeIgniter\CodeIgniter->runController()
 5 SYSTEMPATH/CodeIgniter.php(349): CodeIgniter\CodeIgniter->handleRequest()
 6 FCPATH/index.php(57): CodeIgniter\CodeIgniter->run()
CRITICAL - 2024-07-29 02:37:01 --> Undefined variable $payArray
in APPPATH/Models/Engine.php on line 2230.
 1 APPPATH/Models/Engine.php(2230): CodeIgniter\Debug\Exceptions->errorHandler()
 2 APPPATH/Controllers/Api.php(147): App\Models\Engine->getBillToSynch()
 3 SYSTEMPATH/CodeIgniter.php(896): App\Controllers\Api->postbillpayment()
 4 SYSTEMPATH/CodeIgniter.php(466): CodeIgniter\CodeIgniter->runController()
 5 SYSTEMPATH/CodeIgniter.php(349): CodeIgniter\CodeIgniter->handleRequest()
 6 FCPATH/index.php(57): CodeIgniter\CodeIgniter->run()
CRITICAL - 2024-07-29 02:38:01 --> Undefined variable $payArray
in APPPATH/Models/Engine.php on line 2230.
 1 APPPATH/Models/Engine.php(2230): CodeIgniter\Debug\Exceptions->errorHandler()
 2 APPPATH/Controllers/Api.php(147): App\Models\Engine->getBillToSynch()
 3 SYSTEMPATH/CodeIgniter.php(896): App\Controllers\Api->postbillpayment()
 4 SYSTEMPATH/CodeIgniter.php(466): CodeIgniter\CodeIgniter->runController()
 5 SYSTEMPATH/CodeIgniter.php(349): CodeIgniter\CodeIgniter->handleRequest()
 6 FCPATH/index.php(57): CodeIgniter\CodeIgniter->run()
CRITICAL - 2024-07-29 02:39:01 --> Undefined variable $payArray
in APPPATH/Models/Engine.php on line 2230.
 1 APPPATH/Models/Engine.php(2230): CodeIgniter\Debug\Exceptions->errorHandler()
 2 APPPATH/Controllers/Api.php(147): App\Models\Engine->getBillToSynch()
 3 SYSTEMPATH/CodeIgniter.php(896): App\Controllers\Api->postbillpayment()
 4 SYSTEMPATH/CodeIgniter.php(466): CodeIgniter\CodeIgniter->runController()
 5 SYSTEMPATH/CodeIgniter.php(349): CodeIgniter\CodeIgniter->handleRequest()
 6 FCPATH/index.php(57): CodeIgniter\CodeIgniter->run()
CRITICAL - 2024-07-29 02:40:01 --> Undefined variable $payArray
in APPPATH/Models/Engine.php on line 2230.
 1 APPPATH/Models/Engine.php(2230): CodeIgniter\Debug\Exceptions->errorHandler()
 2 APPPATH/Controllers/Api.php(147): App\Models\Engine->getBillToSynch()
 3 SYSTEMPATH/CodeIgniter.php(896): App\Controllers\Api->postbillpayment()
 4 SYSTEMPATH/CodeIgniter.php(466): CodeIgniter\CodeIgniter->runController()
 5 SYSTEMPATH/CodeIgniter.php(349): CodeIgniter\CodeIgniter->handleRequest()
 6 FCPATH/index.php(57): CodeIgniter\CodeIgniter->run()
CRITICAL - 2024-07-29 02:41:01 --> Undefined variable $payArray
in APPPATH/Models/Engine.php on line 2230.
 1 APPPATH/Models/Engine.php(2230): CodeIgniter\Debug\Exceptions->errorHandler()
 2 APPPATH/Controllers/Api.php(147): App\Models\Engine->getBillToSynch()
 3 SYSTEMPATH/CodeIgniter.php(896): App\Controllers\Api->postbillpayment()
 4 SYSTEMPATH/CodeIgniter.php(466): CodeIgniter\CodeIgniter->runController()
 5 SYSTEMPATH/CodeIgniter.php(349): CodeIgniter\CodeIgniter->handleRequest()
 6 FCPATH/index.php(57): CodeIgniter\CodeIgniter->run()
CRITICAL - 2024-07-29 02:42:01 --> Undefined variable $payArray
in APPPATH/Models/Engine.php on line 2230.
 1 APPPATH/Models/Engine.php(2230): CodeIgniter\Debug\Exceptions->errorHandler()
 2 APPPATH/Controllers/Api.php(147): App\Models\Engine->getBillToSynch()
 3 SYSTEMPATH/CodeIgniter.php(896): App\Controllers\Api->postbillpayment()
 4 SYSTEMPATH/CodeIgniter.php(466): CodeIgniter\CodeIgniter->runController()
 5 SYSTEMPATH/CodeIgniter.php(349): CodeIgniter\CodeIgniter->handleRequest()
 6 FCPATH/index.php(57): CodeIgniter\CodeIgniter->run()
CRITICAL - 2024-07-29 02:43:01 --> Undefined variable $payArray
in APPPATH/Models/Engine.php on line 2230.
 1 APPPATH/Models/Engine.php(2230): CodeIgniter\Debug\Exceptions->errorHandler()
 2 APPPATH/Controllers/Api.php(147): App\Models\Engine->getBillToSynch()
 3 SYSTEMPATH/CodeIgniter.php(896): App\Controllers\Api->postbillpayment()
 4 SYSTEMPATH/CodeIgniter.php(466): CodeIgniter\CodeIgniter->runController()
 5 SYSTEMPATH/CodeIgniter.php(349): CodeIgniter\CodeIgniter->handleRequest()
 6 FCPATH/index.php(57): CodeIgniter\CodeIgniter->run()
CRITICAL - 2024-07-29 02:44:01 --> Undefined variable $payArray
in APPPATH/Models/Engine.php on line 2230.
 1 APPPATH/Models/Engine.php(2230): CodeIgniter\Debug\Exceptions->errorHandler()
 2 APPPATH/Controllers/Api.php(147): App\Models\Engine->getBillToSynch()
 3 SYSTEMPATH/CodeIgniter.php(896): App\Controllers\Api->postbillpayment()
 4 SYSTEMPATH/CodeIgniter.php(466): CodeIgniter\CodeIgniter->runController()
 5 SYSTEMPATH/CodeIgniter.php(349): CodeIgniter\CodeIgniter->handleRequest()
 6 FCPATH/index.php(57): CodeIgniter\CodeIgniter->run()
CRITICAL - 2024-07-29 02:45:01 --> Undefined variable $payArray
in APPPATH/Models/Engine.php on line 2230.
 1 APPPATH/Models/Engine.php(2230): CodeIgniter\Debug\Exceptions->errorHandler()
 2 APPPATH/Controllers/Api.php(147): App\Models\Engine->getBillToSynch()
 3 SYSTEMPATH/CodeIgniter.php(896): App\Controllers\Api->postbillpayment()
 4 SYSTEMPATH/CodeIgniter.php(466): CodeIgniter\CodeIgniter->runController()
 5 SYSTEMPATH/CodeIgniter.php(349): CodeIgniter\CodeIgniter->handleRequest()
 6 FCPATH/index.php(57): CodeIgniter\CodeIgniter->run()
CRITICAL - 2024-07-29 02:46:01 --> Undefined variable $payArray
in APPPATH/Models/Engine.php on line 2230.
 1 APPPATH/Models/Engine.php(2230): CodeIgniter\Debug\Exceptions->errorHandler()
 2 APPPATH/Controllers/Api.php(147): App\Models\Engine->getBillToSynch()
 3 SYSTEMPATH/CodeIgniter.php(896): App\Controllers\Api->postbillpayment()
 4 SYSTEMPATH/CodeIgniter.php(466): CodeIgniter\CodeIgniter->runController()
 5 SYSTEMPATH/CodeIgniter.php(349): CodeIgniter\CodeIgniter->handleRequest()
 6 FCPATH/index.php(57): CodeIgniter\CodeIgniter->run()
CRITICAL - 2024-07-29 02:47:01 --> Undefined variable $payArray
in APPPATH/Models/Engine.php on line 2230.
 1 APPPATH/Models/Engine.php(2230): CodeIgniter\Debug\Exceptions->errorHandler()
 2 APPPATH/Controllers/Api.php(147): App\Models\Engine->getBillToSynch()
 3 SYSTEMPATH/CodeIgniter.php(896): App\Controllers\Api->postbillpayment()
 4 SYSTEMPATH/CodeIgniter.php(466): CodeIgniter\CodeIgniter->runController()
 5 SYSTEMPATH/CodeIgniter.php(349): CodeIgniter\CodeIgniter->handleRequest()
 6 FCPATH/index.php(57): CodeIgniter\CodeIgniter->run()
CRITICAL - 2024-07-29 02:48:01 --> Undefined variable $payArray
in APPPATH/Models/Engine.php on line 2230.
 1 APPPATH/Models/Engine.php(2230): CodeIgniter\Debug\Exceptions->errorHandler()
 2 APPPATH/Controllers/Api.php(147): App\Models\Engine->getBillToSynch()
 3 SYSTEMPATH/CodeIgniter.php(896): App\Controllers\Api->postbillpayment()
 4 SYSTEMPATH/CodeIgniter.php(466): CodeIgniter\CodeIgniter->runController()
 5 SYSTEMPATH/CodeIgniter.php(349): CodeIgniter\CodeIgniter->handleRequest()
 6 FCPATH/index.php(57): CodeIgniter\CodeIgniter->run()
CRITICAL - 2024-07-29 02:49:01 --> Undefined variable $payArray
in APPPATH/Models/Engine.php on line 2230.
 1 APPPATH/Models/Engine.php(2230): CodeIgniter\Debug\Exceptions->errorHandler()
 2 APPPATH/Controllers/Api.php(147): App\Models\Engine->getBillToSynch()
 3 SYSTEMPATH/CodeIgniter.php(896): App\Controllers\Api->postbillpayment()
 4 SYSTEMPATH/CodeIgniter.php(466): CodeIgniter\CodeIgniter->runController()
 5 SYSTEMPATH/CodeIgniter.php(349): CodeIgniter\CodeIgniter->handleRequest()
 6 FCPATH/index.php(57): CodeIgniter\CodeIgniter->run()
CRITICAL - 2024-07-29 02:50:00 --> Undefined variable $payArray
in APPPATH/Models/Engine.php on line 2230.
 1 APPPATH/Models/Engine.php(2230): CodeIgniter\Debug\Exceptions->errorHandler()
 2 APPPATH/Controllers/Api.php(147): App\Models\Engine->getBillToSynch()
 3 SYSTEMPATH/CodeIgniter.php(896): App\Controllers\Api->postbillpayment()
 4 SYSTEMPATH/CodeIgniter.php(466): CodeIgniter\CodeIgniter->runController()
 5 SYSTEMPATH/CodeIgniter.php(349): CodeIgniter\CodeIgniter->handleRequest()
 6 FCPATH/index.php(57): CodeIgniter\CodeIgniter->run()
CRITICAL - 2024-07-29 02:51:01 --> Undefined variable $payArray
in APPPATH/Models/Engine.php on line 2230.
 1 APPPATH/Models/Engine.php(2230): CodeIgniter\Debug\Exceptions->errorHandler()
 2 APPPATH/Controllers/Api.php(147): App\Models\Engine->getBillToSynch()
 3 SYSTEMPATH/CodeIgniter.php(896): App\Controllers\Api->postbillpayment()
 4 SYSTEMPATH/CodeIgniter.php(466): CodeIgniter\CodeIgniter->runController()
 5 SYSTEMPATH/CodeIgniter.php(349): CodeIgniter\CodeIgniter->handleRequest()
 6 FCPATH/index.php(57): CodeIgniter\CodeIgniter->run()
CRITICAL - 2024-07-29 02:52:01 --> Undefined variable $payArray
in APPPATH/Models/Engine.php on line 2230.
 1 APPPATH/Models/Engine.php(2230): CodeIgniter\Debug\Exceptions->errorHandler()
 2 APPPATH/Controllers/Api.php(147): App\Models\Engine->getBillToSynch()
 3 SYSTEMPATH/CodeIgniter.php(896): App\Controllers\Api->postbillpayment()
 4 SYSTEMPATH/CodeIgniter.php(466): CodeIgniter\CodeIgniter->runController()
 5 SYSTEMPATH/CodeIgniter.php(349): CodeIgniter\CodeIgniter->handleRequest()
 6 FCPATH/index.php(57): CodeIgniter\CodeIgniter->run()
CRITICAL - 2024-07-29 02:53:01 --> Undefined variable $payArray
in APPPATH/Models/Engine.php on line 2230.
 1 APPPATH/Models/Engine.php(2230): CodeIgniter\Debug\Exceptions->errorHandler()
 2 APPPATH/Controllers/Api.php(147): App\Models\Engine->getBillToSynch()
 3 SYSTEMPATH/CodeIgniter.php(896): App\Controllers\Api->postbillpayment()
 4 SYSTEMPATH/CodeIgniter.php(466): CodeIgniter\CodeIgniter->runController()
 5 SYSTEMPATH/CodeIgniter.php(349): CodeIgniter\CodeIgniter->handleRequest()
 6 FCPATH/index.php(57): CodeIgniter\CodeIgniter->run()
CRITICAL - 2024-07-29 02:54:01 --> Undefined variable $payArray
in APPPATH/Models/Engine.php on line 2230.
 1 APPPATH/Models/Engine.php(2230): CodeIgniter\Debug\Exceptions->errorHandler()
 2 APPPATH/Controllers/Api.php(147): App\Models\Engine->getBillToSynch()
 3 SYSTEMPATH/CodeIgniter.php(896): App\Controllers\Api->postbillpayment()
 4 SYSTEMPATH/CodeIgniter.php(466): CodeIgniter\CodeIgniter->runController()
 5 SYSTEMPATH/CodeIgniter.php(349): CodeIgniter\CodeIgniter->handleRequest()
 6 FCPATH/index.php(57): CodeIgniter\CodeIgniter->run()
CRITICAL - 2024-07-29 02:55:01 --> Undefined variable $payArray
in APPPATH/Models/Engine.php on line 2230.
 1 APPPATH/Models/Engine.php(2230): CodeIgniter\Debug\Exceptions->errorHandler()
 2 APPPATH/Controllers/Api.php(147): App\Models\Engine->getBillToSynch()
 3 SYSTEMPATH/CodeIgniter.php(896): App\Controllers\Api->postbillpayment()
 4 SYSTEMPATH/CodeIgniter.php(466): CodeIgniter\CodeIgniter->runController()
 5 SYSTEMPATH/CodeIgniter.php(349): CodeIgniter\CodeIgniter->handleRequest()
 6 FCPATH/index.php(57): CodeIgniter\CodeIgniter->run()
CRITICAL - 2024-07-29 02:56:01 --> Undefined variable $payArray
in APPPATH/Models/Engine.php on line 2230.
 1 APPPATH/Models/Engine.php(2230): CodeIgniter\Debug\Exceptions->errorHandler()
 2 APPPATH/Controllers/Api.php(147): App\Models\Engine->getBillToSynch()
 3 SYSTEMPATH/CodeIgniter.php(896): App\Controllers\Api->postbillpayment()
 4 SYSTEMPATH/CodeIgniter.php(466): CodeIgniter\CodeIgniter->runController()
 5 SYSTEMPATH/CodeIgniter.php(349): CodeIgniter\CodeIgniter->handleRequest()
 6 FCPATH/index.php(57): CodeIgniter\CodeIgniter->run()
CRITICAL - 2024-07-29 02:57:01 --> Undefined variable $payArray
in APPPATH/Models/Engine.php on line 2230.
 1 APPPATH/Models/Engine.php(2230): CodeIgniter\Debug\Exceptions->errorHandler()
 2 APPPATH/Controllers/Api.php(147): App\Models\Engine->getBillToSynch()
 3 SYSTEMPATH/CodeIgniter.php(896): App\Controllers\Api->postbillpayment()
 4 SYSTEMPATH/CodeIgniter.php(466): CodeIgniter\CodeIgniter->runController()
 5 SYSTEMPATH/CodeIgniter.php(349): CodeIgniter\CodeIgniter->handleRequest()
 6 FCPATH/index.php(57): CodeIgniter\CodeIgniter->run()
CRITICAL - 2024-07-29 02:58:01 --> Undefined variable $payArray
in APPPATH/Models/Engine.php on line 2230.
 1 APPPATH/Models/Engine.php(2230): CodeIgniter\Debug\Exceptions->errorHandler()
 2 APPPATH/Controllers/Api.php(147): App\Models\Engine->getBillToSynch()
 3 SYSTEMPATH/CodeIgniter.php(896): App\Controllers\Api->postbillpayment()
 4 SYSTEMPATH/CodeIgniter.php(466): CodeIgniter\CodeIgniter->runController()
 5 SYSTEMPATH/CodeIgniter.php(349): CodeIgniter\CodeIgniter->handleRequest()
 6 FCPATH/index.php(57): CodeIgniter\CodeIgniter->run()
CRITICAL - 2024-07-29 02:59:01 --> Undefined variable $payArray
in APPPATH/Models/Engine.php on line 2230.
 1 APPPATH/Models/Engine.php(2230): CodeIgniter\Debug\Exceptions->errorHandler()
 2 APPPATH/Controllers/Api.php(147): App\Models\Engine->getBillToSynch()
 3 SYSTEMPATH/CodeIgniter.php(896): App\Controllers\Api->postbillpayment()
 4 SYSTEMPATH/CodeIgniter.php(466): CodeIgniter\CodeIgniter->runController()
 5 SYSTEMPATH/CodeIgniter.php(349): CodeIgniter\CodeIgniter->handleRequest()
 6 FCPATH/index.php(57): CodeIgniter\CodeIgniter->run()
CRITICAL - 2024-07-29 03:00:01 --> Undefined variable $payArray
in APPPATH/Models/Engine.php on line 2230.
 1 APPPATH/Models/Engine.php(2230): CodeIgniter\Debug\Exceptions->errorHandler()
 2 APPPATH/Controllers/Api.php(147): App\Models\Engine->getBillToSynch()
 3 SYSTEMPATH/CodeIgniter.php(896): App\Controllers\Api->postbillpayment()
 4 SYSTEMPATH/CodeIgniter.php(466): CodeIgniter\CodeIgniter->runController()
 5 SYSTEMPATH/CodeIgniter.php(349): CodeIgniter\CodeIgniter->handleRequest()
 6 FCPATH/index.php(57): CodeIgniter\CodeIgniter->run()
CRITICAL - 2024-07-29 03:01:01 --> Undefined variable $payArray
in APPPATH/Models/Engine.php on line 2230.
 1 APPPATH/Models/Engine.php(2230): CodeIgniter\Debug\Exceptions->errorHandler()
 2 APPPATH/Controllers/Api.php(147): App\Models\Engine->getBillToSynch()
 3 SYSTEMPATH/CodeIgniter.php(896): App\Controllers\Api->postbillpayment()
 4 SYSTEMPATH/CodeIgniter.php(466): CodeIgniter\CodeIgniter->runController()
 5 SYSTEMPATH/CodeIgniter.php(349): CodeIgniter\CodeIgniter->handleRequest()
 6 FCPATH/index.php(57): CodeIgniter\CodeIgniter->run()
CRITICAL - 2024-07-29 03:02:01 --> Undefined variable $payArray
in APPPATH/Models/Engine.php on line 2230.
 1 APPPATH/Models/Engine.php(2230): CodeIgniter\Debug\Exceptions->errorHandler()
 2 APPPATH/Controllers/Api.php(147): App\Models\Engine->getBillToSynch()
 3 SYSTEMPATH/CodeIgniter.php(896): App\Controllers\Api->postbillpayment()
 4 SYSTEMPATH/CodeIgniter.php(466): CodeIgniter\CodeIgniter->runController()
 5 SYSTEMPATH/CodeIgniter.php(349): CodeIgniter\CodeIgniter->handleRequest()
 6 FCPATH/index.php(57): CodeIgniter\CodeIgniter->run()
CRITICAL - 2024-07-29 03:03:01 --> Undefined variable $payArray
in APPPATH/Models/Engine.php on line 2230.
 1 APPPATH/Models/Engine.php(2230): CodeIgniter\Debug\Exceptions->errorHandler()
 2 APPPATH/Controllers/Api.php(147): App\Models\Engine->getBillToSynch()
 3 SYSTEMPATH/CodeIgniter.php(896): App\Controllers\Api->postbillpayment()
 4 SYSTEMPATH/CodeIgniter.php(466): CodeIgniter\CodeIgniter->runController()
 5 SYSTEMPATH/CodeIgniter.php(349): CodeIgniter\CodeIgniter->handleRequest()
 6 FCPATH/index.php(57): CodeIgniter\CodeIgniter->run()
CRITICAL - 2024-07-29 03:04:01 --> Undefined variable $payArray
in APPPATH/Models/Engine.php on line 2230.
 1 APPPATH/Models/Engine.php(2230): CodeIgniter\Debug\Exceptions->errorHandler()
 2 APPPATH/Controllers/Api.php(147): App\Models\Engine->getBillToSynch()
 3 SYSTEMPATH/CodeIgniter.php(896): App\Controllers\Api->postbillpayment()
 4 SYSTEMPATH/CodeIgniter.php(466): CodeIgniter\CodeIgniter->runController()
 5 SYSTEMPATH/CodeIgniter.php(349): CodeIgniter\CodeIgniter->handleRequest()
 6 FCPATH/index.php(57): CodeIgniter\CodeIgniter->run()
CRITICAL - 2024-07-29 03:05:01 --> Undefined variable $payArray
in APPPATH/Models/Engine.php on line 2230.
 1 APPPATH/Models/Engine.php(2230): CodeIgniter\Debug\Exceptions->errorHandler()
 2 APPPATH/Controllers/Api.php(147): App\Models\Engine->getBillToSynch()
 3 SYSTEMPATH/CodeIgniter.php(896): App\Controllers\Api->postbillpayment()
 4 SYSTEMPATH/CodeIgniter.php(466): CodeIgniter\CodeIgniter->runController()
 5 SYSTEMPATH/CodeIgniter.php(349): CodeIgniter\CodeIgniter->handleRequest()
 6 FCPATH/index.php(57): CodeIgniter\CodeIgniter->run()
CRITICAL - 2024-07-29 03:06:01 --> Undefined variable $payArray
in APPPATH/Models/Engine.php on line 2230.
 1 APPPATH/Models/Engine.php(2230): CodeIgniter\Debug\Exceptions->errorHandler()
 2 APPPATH/Controllers/Api.php(147): App\Models\Engine->getBillToSynch()
 3 SYSTEMPATH/CodeIgniter.php(896): App\Controllers\Api->postbillpayment()
 4 SYSTEMPATH/CodeIgniter.php(466): CodeIgniter\CodeIgniter->runController()
 5 SYSTEMPATH/CodeIgniter.php(349): CodeIgniter\CodeIgniter->handleRequest()
 6 FCPATH/index.php(57): CodeIgniter\CodeIgniter->run()
CRITICAL - 2024-07-29 03:07:02 --> Undefined variable $payArray
in APPPATH/Models/Engine.php on line 2230.
 1 APPPATH/Models/Engine.php(2230): CodeIgniter\Debug\Exceptions->errorHandler()
 2 APPPATH/Controllers/Api.php(147): App\Models\Engine->getBillToSynch()
 3 SYSTEMPATH/CodeIgniter.php(896): App\Controllers\Api->postbillpayment()
 4 SYSTEMPATH/CodeIgniter.php(466): CodeIgniter\CodeIgniter->runController()
 5 SYSTEMPATH/CodeIgniter.php(349): CodeIgniter\CodeIgniter->handleRequest()
 6 FCPATH/index.php(57): CodeIgniter\CodeIgniter->run()
CRITICAL - 2024-07-29 03:08:01 --> Undefined variable $payArray
in APPPATH/Models/Engine.php on line 2230.
 1 APPPATH/Models/Engine.php(2230): CodeIgniter\Debug\Exceptions->errorHandler()
 2 APPPATH/Controllers/Api.php(147): App\Models\Engine->getBillToSynch()
 3 SYSTEMPATH/CodeIgniter.php(896): App\Controllers\Api->postbillpayment()
 4 SYSTEMPATH/CodeIgniter.php(466): CodeIgniter\CodeIgniter->runController()
 5 SYSTEMPATH/CodeIgniter.php(349): CodeIgniter\CodeIgniter->handleRequest()
 6 FCPATH/index.php(57): CodeIgniter\CodeIgniter->run()
CRITICAL - 2024-07-29 03:09:01 --> Undefined variable $payArray
in APPPATH/Models/Engine.php on line 2230.
 1 APPPATH/Models/Engine.php(2230): CodeIgniter\Debug\Exceptions->errorHandler()
 2 APPPATH/Controllers/Api.php(147): App\Models\Engine->getBillToSynch()
 3 SYSTEMPATH/CodeIgniter.php(896): App\Controllers\Api->postbillpayment()
 4 SYSTEMPATH/CodeIgniter.php(466): CodeIgniter\CodeIgniter->runController()
 5 SYSTEMPATH/CodeIgniter.php(349): CodeIgniter\CodeIgniter->handleRequest()
 6 FCPATH/index.php(57): CodeIgniter\CodeIgniter->run()
CRITICAL - 2024-07-29 03:10:01 --> Undefined variable $payArray
in APPPATH/Models/Engine.php on line 2230.
 1 APPPATH/Models/Engine.php(2230): CodeIgniter\Debug\Exceptions->errorHandler()
 2 APPPATH/Controllers/Api.php(147): App\Models\Engine->getBillToSynch()
 3 SYSTEMPATH/CodeIgniter.php(896): App\Controllers\Api->postbillpayment()
 4 SYSTEMPATH/CodeIgniter.php(466): CodeIgniter\CodeIgniter->runController()
 5 SYSTEMPATH/CodeIgniter.php(349): CodeIgniter\CodeIgniter->handleRequest()
 6 FCPATH/index.php(57): CodeIgniter\CodeIgniter->run()
CRITICAL - 2024-07-29 03:11:01 --> Undefined variable $payArray
in APPPATH/Models/Engine.php on line 2230.
 1 APPPATH/Models/Engine.php(2230): CodeIgniter\Debug\Exceptions->errorHandler()
 2 APPPATH/Controllers/Api.php(147): App\Models\Engine->getBillToSynch()
 3 SYSTEMPATH/CodeIgniter.php(896): App\Controllers\Api->postbillpayment()
 4 SYSTEMPATH/CodeIgniter.php(466): CodeIgniter\CodeIgniter->runController()
 5 SYSTEMPATH/CodeIgniter.php(349): CodeIgniter\CodeIgniter->handleRequest()
 6 FCPATH/index.php(57): CodeIgniter\CodeIgniter->run()
CRITICAL - 2024-07-29 03:12:01 --> Undefined variable $payArray
in APPPATH/Models/Engine.php on line 2230.
 1 APPPATH/Models/Engine.php(2230): CodeIgniter\Debug\Exceptions->errorHandler()
 2 APPPATH/Controllers/Api.php(147): App\Models\Engine->getBillToSynch()
 3 SYSTEMPATH/CodeIgniter.php(896): App\Controllers\Api->postbillpayment()
 4 SYSTEMPATH/CodeIgniter.php(466): CodeIgniter\CodeIgniter->runController()
 5 SYSTEMPATH/CodeIgniter.php(349): CodeIgniter\CodeIgniter->handleRequest()
 6 FCPATH/index.php(57): CodeIgniter\CodeIgniter->run()
CRITICAL - 2024-07-29 03:13:01 --> Undefined variable $payArray
in APPPATH/Models/Engine.php on line 2230.
 1 APPPATH/Models/Engine.php(2230): CodeIgniter\Debug\Exceptions->errorHandler()
 2 APPPATH/Controllers/Api.php(147): App\Models\Engine->getBillToSynch()
 3 SYSTEMPATH/CodeIgniter.php(896): App\Controllers\Api->postbillpayment()
 4 SYSTEMPATH/CodeIgniter.php(466): CodeIgniter\CodeIgniter->runController()
 5 SYSTEMPATH/CodeIgniter.php(349): CodeIgniter\CodeIgniter->handleRequest()
 6 FCPATH/index.php(57): CodeIgniter\CodeIgniter->run()
CRITICAL - 2024-07-29 03:14:01 --> Undefined variable $payArray
in APPPATH/Models/Engine.php on line 2230.
 1 APPPATH/Models/Engine.php(2230): CodeIgniter\Debug\Exceptions->errorHandler()
 2 APPPATH/Controllers/Api.php(147): App\Models\Engine->getBillToSynch()
 3 SYSTEMPATH/CodeIgniter.php(896): App\Controllers\Api->postbillpayment()
 4 SYSTEMPATH/CodeIgniter.php(466): CodeIgniter\CodeIgniter->runController()
 5 SYSTEMPATH/CodeIgniter.php(349): CodeIgniter\CodeIgniter->handleRequest()
 6 FCPATH/index.php(57): CodeIgniter\CodeIgniter->run()
CRITICAL - 2024-07-29 03:15:01 --> Undefined variable $payArray
in APPPATH/Models/Engine.php on line 2230.
 1 APPPATH/Models/Engine.php(2230): CodeIgniter\Debug\Exceptions->errorHandler()
 2 APPPATH/Controllers/Api.php(147): App\Models\Engine->getBillToSynch()
 3 SYSTEMPATH/CodeIgniter.php(896): App\Controllers\Api->postbillpayment()
 4 SYSTEMPATH/CodeIgniter.php(466): CodeIgniter\CodeIgniter->runController()
 5 SYSTEMPATH/CodeIgniter.php(349): CodeIgniter\CodeIgniter->handleRequest()
 6 FCPATH/index.php(57): CodeIgniter\CodeIgniter->run()
CRITICAL - 2024-07-29 03:16:01 --> Undefined variable $payArray
in APPPATH/Models/Engine.php on line 2230.
 1 APPPATH/Models/Engine.php(2230): CodeIgniter\Debug\Exceptions->errorHandler()
 2 APPPATH/Controllers/Api.php(147): App\Models\Engine->getBillToSynch()
 3 SYSTEMPATH/CodeIgniter.php(896): App\Controllers\Api->postbillpayment()
 4 SYSTEMPATH/CodeIgniter.php(466): CodeIgniter\CodeIgniter->runController()
 5 SYSTEMPATH/CodeIgniter.php(349): CodeIgniter\CodeIgniter->handleRequest()
 6 FCPATH/index.php(57): CodeIgniter\CodeIgniter->run()
CRITICAL - 2024-07-29 03:17:03 --> Undefined variable $payArray
in APPPATH/Models/Engine.php on line 2230.
 1 APPPATH/Models/Engine.php(2230): CodeIgniter\Debug\Exceptions->errorHandler()
 2 APPPATH/Controllers/Api.php(147): App\Models\Engine->getBillToSynch()
 3 SYSTEMPATH/CodeIgniter.php(896): App\Controllers\Api->postbillpayment()
 4 SYSTEMPATH/CodeIgniter.php(466): CodeIgniter\CodeIgniter->runController()
 5 SYSTEMPATH/CodeIgniter.php(349): CodeIgniter\CodeIgniter->handleRequest()
 6 FCPATH/index.php(57): CodeIgniter\CodeIgniter->run()
CRITICAL - 2024-07-29 03:18:01 --> Undefined variable $payArray
in APPPATH/Models/Engine.php on line 2230.
 1 APPPATH/Models/Engine.php(2230): CodeIgniter\Debug\Exceptions->errorHandler()
 2 APPPATH/Controllers/Api.php(147): App\Models\Engine->getBillToSynch()
 3 SYSTEMPATH/CodeIgniter.php(896): App\Controllers\Api->postbillpayment()
 4 SYSTEMPATH/CodeIgniter.php(466): CodeIgniter\CodeIgniter->runController()
 5 SYSTEMPATH/CodeIgniter.php(349): CodeIgniter\CodeIgniter->handleRequest()
 6 FCPATH/index.php(57): CodeIgniter\CodeIgniter->run()
CRITICAL - 2024-07-29 03:19:01 --> Undefined variable $payArray
in APPPATH/Models/Engine.php on line 2230.
 1 APPPATH/Models/Engine.php(2230): CodeIgniter\Debug\Exceptions->errorHandler()
 2 APPPATH/Controllers/Api.php(147): App\Models\Engine->getBillToSynch()
 3 SYSTEMPATH/CodeIgniter.php(896): App\Controllers\Api->postbillpayment()
 4 SYSTEMPATH/CodeIgniter.php(466): CodeIgniter\CodeIgniter->runController()
 5 SYSTEMPATH/CodeIgniter.php(349): CodeIgniter\CodeIgniter->handleRequest()
 6 FCPATH/index.php(57): CodeIgniter\CodeIgniter->run()
CRITICAL - 2024-07-29 03:20:01 --> Undefined variable $payArray
in APPPATH/Models/Engine.php on line 2230.
 1 APPPATH/Models/Engine.php(2230): CodeIgniter\Debug\Exceptions->errorHandler()
 2 APPPATH/Controllers/Api.php(147): App\Models\Engine->getBillToSynch()
 3 SYSTEMPATH/CodeIgniter.php(896): App\Controllers\Api->postbillpayment()
 4 SYSTEMPATH/CodeIgniter.php(466): CodeIgniter\CodeIgniter->runController()
 5 SYSTEMPATH/CodeIgniter.php(349): CodeIgniter\CodeIgniter->handleRequest()
 6 FCPATH/index.php(57): CodeIgniter\CodeIgniter->run()
CRITICAL - 2024-07-29 03:21:01 --> Undefined variable $payArray
in APPPATH/Models/Engine.php on line 2230.
 1 APPPATH/Models/Engine.php(2230): CodeIgniter\Debug\Exceptions->errorHandler()
 2 APPPATH/Controllers/Api.php(147): App\Models\Engine->getBillToSynch()
 3 SYSTEMPATH/CodeIgniter.php(896): App\Controllers\Api->postbillpayment()
 4 SYSTEMPATH/CodeIgniter.php(466): CodeIgniter\CodeIgniter->runController()
 5 SYSTEMPATH/CodeIgniter.php(349): CodeIgniter\CodeIgniter->handleRequest()
 6 FCPATH/index.php(57): CodeIgniter\CodeIgniter->run()
CRITICAL - 2024-07-29 03:22:01 --> Undefined variable $payArray
in APPPATH/Models/Engine.php on line 2230.
 1 APPPATH/Models/Engine.php(2230): CodeIgniter\Debug\Exceptions->errorHandler()
 2 APPPATH/Controllers/Api.php(147): App\Models\Engine->getBillToSynch()
 3 SYSTEMPATH/CodeIgniter.php(896): App\Controllers\Api->postbillpayment()
 4 SYSTEMPATH/CodeIgniter.php(466): CodeIgniter\CodeIgniter->runController()
 5 SYSTEMPATH/CodeIgniter.php(349): CodeIgniter\CodeIgniter->handleRequest()
 6 FCPATH/index.php(57): CodeIgniter\CodeIgniter->run()
CRITICAL - 2024-07-29 03:23:01 --> Undefined variable $payArray
in APPPATH/Models/Engine.php on line 2230.
 1 APPPATH/Models/Engine.php(2230): CodeIgniter\Debug\Exceptions->errorHandler()
 2 APPPATH/Controllers/Api.php(147): App\Models\Engine->getBillToSynch()
 3 SYSTEMPATH/CodeIgniter.php(896): App\Controllers\Api->postbillpayment()
 4 SYSTEMPATH/CodeIgniter.php(466): CodeIgniter\CodeIgniter->runController()
 5 SYSTEMPATH/CodeIgniter.php(349): CodeIgniter\CodeIgniter->handleRequest()
 6 FCPATH/index.php(57): CodeIgniter\CodeIgniter->run()
CRITICAL - 2024-07-29 03:24:01 --> Undefined variable $payArray
in APPPATH/Models/Engine.php on line 2230.
 1 APPPATH/Models/Engine.php(2230): CodeIgniter\Debug\Exceptions->errorHandler()
 2 APPPATH/Controllers/Api.php(147): App\Models\Engine->getBillToSynch()
 3 SYSTEMPATH/CodeIgniter.php(896): App\Controllers\Api->postbillpayment()
 4 SYSTEMPATH/CodeIgniter.php(466): CodeIgniter\CodeIgniter->runController()
 5 SYSTEMPATH/CodeIgniter.php(349): CodeIgniter\CodeIgniter->handleRequest()
 6 FCPATH/index.php(57): CodeIgniter\CodeIgniter->run()
CRITICAL - 2024-07-29 03:25:01 --> Undefined variable $payArray
in APPPATH/Models/Engine.php on line 2230.
 1 APPPATH/Models/Engine.php(2230): CodeIgniter\Debug\Exceptions->errorHandler()
 2 APPPATH/Controllers/Api.php(147): App\Models\Engine->getBillToSynch()
 3 SYSTEMPATH/CodeIgniter.php(896): App\Controllers\Api->postbillpayment()
 4 SYSTEMPATH/CodeIgniter.php(466): CodeIgniter\CodeIgniter->runController()
 5 SYSTEMPATH/CodeIgniter.php(349): CodeIgniter\CodeIgniter->handleRequest()
 6 FCPATH/index.php(57): CodeIgniter\CodeIgniter->run()
CRITICAL - 2024-07-29 03:26:01 --> Undefined variable $payArray
in APPPATH/Models/Engine.php on line 2230.
 1 APPPATH/Models/Engine.php(2230): CodeIgniter\Debug\Exceptions->errorHandler()
 2 APPPATH/Controllers/Api.php(147): App\Models\Engine->getBillToSynch()
 3 SYSTEMPATH/CodeIgniter.php(896): App\Controllers\Api->postbillpayment()
 4 SYSTEMPATH/CodeIgniter.php(466): CodeIgniter\CodeIgniter->runController()
 5 SYSTEMPATH/CodeIgniter.php(349): CodeIgniter\CodeIgniter->handleRequest()
 6 FCPATH/index.php(57): CodeIgniter\CodeIgniter->run()
CRITICAL - 2024-07-29 03:27:01 --> Undefined variable $payArray
in APPPATH/Models/Engine.php on line 2230.
 1 APPPATH/Models/Engine.php(2230): CodeIgniter\Debug\Exceptions->errorHandler()
 2 APPPATH/Controllers/Api.php(147): App\Models\Engine->getBillToSynch()
 3 SYSTEMPATH/CodeIgniter.php(896): App\Controllers\Api->postbillpayment()
 4 SYSTEMPATH/CodeIgniter.php(466): CodeIgniter\CodeIgniter->runController()
 5 SYSTEMPATH/CodeIgniter.php(349): CodeIgniter\CodeIgniter->handleRequest()
 6 FCPATH/index.php(57): CodeIgniter\CodeIgniter->run()
CRITICAL - 2024-07-29 03:28:01 --> Undefined variable $payArray
in APPPATH/Models/Engine.php on line 2230.
 1 APPPATH/Models/Engine.php(2230): CodeIgniter\Debug\Exceptions->errorHandler()
 2 APPPATH/Controllers/Api.php(147): App\Models\Engine->getBillToSynch()
 3 SYSTEMPATH/CodeIgniter.php(896): App\Controllers\Api->postbillpayment()
 4 SYSTEMPATH/CodeIgniter.php(466): CodeIgniter\CodeIgniter->runController()
 5 SYSTEMPATH/CodeIgniter.php(349): CodeIgniter\CodeIgniter->handleRequest()
 6 FCPATH/index.php(57): CodeIgniter\CodeIgniter->run()
CRITICAL - 2024-07-29 03:29:01 --> Undefined variable $payArray
in APPPATH/Models/Engine.php on line 2230.
 1 APPPATH/Models/Engine.php(2230): CodeIgniter\Debug\Exceptions->errorHandler()
 2 APPPATH/Controllers/Api.php(147): App\Models\Engine->getBillToSynch()
 3 SYSTEMPATH/CodeIgniter.php(896): App\Controllers\Api->postbillpayment()
 4 SYSTEMPATH/CodeIgniter.php(466): CodeIgniter\CodeIgniter->runController()
 5 SYSTEMPATH/CodeIgniter.php(349): CodeIgniter\CodeIgniter->handleRequest()
 6 FCPATH/index.php(57): CodeIgniter\CodeIgniter->run()
CRITICAL - 2024-07-29 03:30:01 --> Undefined variable $payArray
in APPPATH/Models/Engine.php on line 2230.
 1 APPPATH/Models/Engine.php(2230): CodeIgniter\Debug\Exceptions->errorHandler()
 2 APPPATH/Controllers/Api.php(147): App\Models\Engine->getBillToSynch()
 3 SYSTEMPATH/CodeIgniter.php(896): App\Controllers\Api->postbillpayment()
 4 SYSTEMPATH/CodeIgniter.php(466): CodeIgniter\CodeIgniter->runController()
 5 SYSTEMPATH/CodeIgniter.php(349): CodeIgniter\CodeIgniter->handleRequest()
 6 FCPATH/index.php(57): CodeIgniter\CodeIgniter->run()
CRITICAL - 2024-07-29 03:31:01 --> Undefined variable $payArray
in APPPATH/Models/Engine.php on line 2230.
 1 APPPATH/Models/Engine.php(2230): CodeIgniter\Debug\Exceptions->errorHandler()
 2 APPPATH/Controllers/Api.php(147): App\Models\Engine->getBillToSynch()
 3 SYSTEMPATH/CodeIgniter.php(896): App\Controllers\Api->postbillpayment()
 4 SYSTEMPATH/CodeIgniter.php(466): CodeIgniter\CodeIgniter->runController()
 5 SYSTEMPATH/CodeIgniter.php(349): CodeIgniter\CodeIgniter->handleRequest()
 6 FCPATH/index.php(57): CodeIgniter\CodeIgniter->run()
CRITICAL - 2024-07-29 03:32:01 --> Undefined variable $payArray
in APPPATH/Models/Engine.php on line 2230.
 1 APPPATH/Models/Engine.php(2230): CodeIgniter\Debug\Exceptions->errorHandler()
 2 APPPATH/Controllers/Api.php(147): App\Models\Engine->getBillToSynch()
 3 SYSTEMPATH/CodeIgniter.php(896): App\Controllers\Api->postbillpayment()
 4 SYSTEMPATH/CodeIgniter.php(466): CodeIgniter\CodeIgniter->runController()
 5 SYSTEMPATH/CodeIgniter.php(349): CodeIgniter\CodeIgniter->handleRequest()
 6 FCPATH/index.php(57): CodeIgniter\CodeIgniter->run()
CRITICAL - 2024-07-29 03:33:02 --> Undefined variable $payArray
in APPPATH/Models/Engine.php on line 2230.
 1 APPPATH/Models/Engine.php(2230): CodeIgniter\Debug\Exceptions->errorHandler()
 2 APPPATH/Controllers/Api.php(147): App\Models\Engine->getBillToSynch()
 3 SYSTEMPATH/CodeIgniter.php(896): App\Controllers\Api->postbillpayment()
 4 SYSTEMPATH/CodeIgniter.php(466): CodeIgniter\CodeIgniter->runController()
 5 SYSTEMPATH/CodeIgniter.php(349): CodeIgniter\CodeIgniter->handleRequest()
 6 FCPATH/index.php(57): CodeIgniter\CodeIgniter->run()
CRITICAL - 2024-07-29 03:34:02 --> Undefined variable $payArray
in APPPATH/Models/Engine.php on line 2230.
 1 APPPATH/Models/Engine.php(2230): CodeIgniter\Debug\Exceptions->errorHandler()
 2 APPPATH/Controllers/Api.php(147): App\Models\Engine->getBillToSynch()
 3 SYSTEMPATH/CodeIgniter.php(896): App\Controllers\Api->postbillpayment()
 4 SYSTEMPATH/CodeIgniter.php(466): CodeIgniter\CodeIgniter->runController()
 5 SYSTEMPATH/CodeIgniter.php(349): CodeIgniter\CodeIgniter->handleRequest()
 6 FCPATH/index.php(57): CodeIgniter\CodeIgniter->run()
CRITICAL - 2024-07-29 03:35:02 --> Undefined variable $payArray
in APPPATH/Models/Engine.php on line 2230.
 1 APPPATH/Models/Engine.php(2230): CodeIgniter\Debug\Exceptions->errorHandler()
 2 APPPATH/Controllers/Api.php(147): App\Models\Engine->getBillToSynch()
 3 SYSTEMPATH/CodeIgniter.php(896): App\Controllers\Api->postbillpayment()
 4 SYSTEMPATH/CodeIgniter.php(466): CodeIgniter\CodeIgniter->runController()
 5 SYSTEMPATH/CodeIgniter.php(349): CodeIgniter\CodeIgniter->handleRequest()
 6 FCPATH/index.php(57): CodeIgniter\CodeIgniter->run()
CRITICAL - 2024-07-29 03:36:01 --> Undefined variable $payArray
in APPPATH/Models/Engine.php on line 2230.
 1 APPPATH/Models/Engine.php(2230): CodeIgniter\Debug\Exceptions->errorHandler()
 2 APPPATH/Controllers/Api.php(147): App\Models\Engine->getBillToSynch()
 3 SYSTEMPATH/CodeIgniter.php(896): App\Controllers\Api->postbillpayment()
 4 SYSTEMPATH/CodeIgniter.php(466): CodeIgniter\CodeIgniter->runController()
 5 SYSTEMPATH/CodeIgniter.php(349): CodeIgniter\CodeIgniter->handleRequest()
 6 FCPATH/index.php(57): CodeIgniter\CodeIgniter->run()
CRITICAL - 2024-07-29 03:37:01 --> Undefined variable $payArray
in APPPATH/Models/Engine.php on line 2230.
 1 APPPATH/Models/Engine.php(2230): CodeIgniter\Debug\Exceptions->errorHandler()
 2 APPPATH/Controllers/Api.php(147): App\Models\Engine->getBillToSynch()
 3 SYSTEMPATH/CodeIgniter.php(896): App\Controllers\Api->postbillpayment()
 4 SYSTEMPATH/CodeIgniter.php(466): CodeIgniter\CodeIgniter->runController()
 5 SYSTEMPATH/CodeIgniter.php(349): CodeIgniter\CodeIgniter->handleRequest()
 6 FCPATH/index.php(57): CodeIgniter\CodeIgniter->run()
CRITICAL - 2024-07-29 03:38:01 --> Undefined variable $payArray
in APPPATH/Models/Engine.php on line 2230.
 1 APPPATH/Models/Engine.php(2230): CodeIgniter\Debug\Exceptions->errorHandler()
 2 APPPATH/Controllers/Api.php(147): App\Models\Engine->getBillToSynch()
 3 SYSTEMPATH/CodeIgniter.php(896): App\Controllers\Api->postbillpayment()
 4 SYSTEMPATH/CodeIgniter.php(466): CodeIgniter\CodeIgniter->runController()
 5 SYSTEMPATH/CodeIgniter.php(349): CodeIgniter\CodeIgniter->handleRequest()
 6 FCPATH/index.php(57): CodeIgniter\CodeIgniter->run()
CRITICAL - 2024-07-29 03:39:01 --> Undefined variable $payArray
in APPPATH/Models/Engine.php on line 2230.
 1 APPPATH/Models/Engine.php(2230): CodeIgniter\Debug\Exceptions->errorHandler()
 2 APPPATH/Controllers/Api.php(147): App\Models\Engine->getBillToSynch()
 3 SYSTEMPATH/CodeIgniter.php(896): App\Controllers\Api->postbillpayment()
 4 SYSTEMPATH/CodeIgniter.php(466): CodeIgniter\CodeIgniter->runController()
 5 SYSTEMPATH/CodeIgniter.php(349): CodeIgniter\CodeIgniter->handleRequest()
 6 FCPATH/index.php(57): CodeIgniter\CodeIgniter->run()
CRITICAL - 2024-07-29 03:40:01 --> Undefined variable $payArray
in APPPATH/Models/Engine.php on line 2230.
 1 APPPATH/Models/Engine.php(2230): CodeIgniter\Debug\Exceptions->errorHandler()
 2 APPPATH/Controllers/Api.php(147): App\Models\Engine->getBillToSynch()
 3 SYSTEMPATH/CodeIgniter.php(896): App\Controllers\Api->postbillpayment()
 4 SYSTEMPATH/CodeIgniter.php(466): CodeIgniter\CodeIgniter->runController()
 5 SYSTEMPATH/CodeIgniter.php(349): CodeIgniter\CodeIgniter->handleRequest()
 6 FCPATH/index.php(57): CodeIgniter\CodeIgniter->run()
CRITICAL - 2024-07-29 03:41:01 --> Undefined variable $payArray
in APPPATH/Models/Engine.php on line 2230.
 1 APPPATH/Models/Engine.php(2230): CodeIgniter\Debug\Exceptions->errorHandler()
 2 APPPATH/Controllers/Api.php(147): App\Models\Engine->getBillToSynch()
 3 SYSTEMPATH/CodeIgniter.php(896): App\Controllers\Api->postbillpayment()
 4 SYSTEMPATH/CodeIgniter.php(466): CodeIgniter\CodeIgniter->runController()
 5 SYSTEMPATH/CodeIgniter.php(349): CodeIgniter\CodeIgniter->handleRequest()
 6 FCPATH/index.php(57): CodeIgniter\CodeIgniter->run()
CRITICAL - 2024-07-29 03:42:01 --> Undefined variable $payArray
in APPPATH/Models/Engine.php on line 2230.
 1 APPPATH/Models/Engine.php(2230): CodeIgniter\Debug\Exceptions->errorHandler()
 2 APPPATH/Controllers/Api.php(147): App\Models\Engine->getBillToSynch()
 3 SYSTEMPATH/CodeIgniter.php(896): App\Controllers\Api->postbillpayment()
 4 SYSTEMPATH/CodeIgniter.php(466): CodeIgniter\CodeIgniter->runController()
 5 SYSTEMPATH/CodeIgniter.php(349): CodeIgniter\CodeIgniter->handleRequest()
 6 FCPATH/index.php(57): CodeIgniter\CodeIgniter->run()
CRITICAL - 2024-07-29 03:43:01 --> Undefined variable $payArray
in APPPATH/Models/Engine.php on line 2230.
 1 APPPATH/Models/Engine.php(2230): CodeIgniter\Debug\Exceptions->errorHandler()
 2 APPPATH/Controllers/Api.php(147): App\Models\Engine->getBillToSynch()
 3 SYSTEMPATH/CodeIgniter.php(896): App\Controllers\Api->postbillpayment()
 4 SYSTEMPATH/CodeIgniter.php(466): CodeIgniter\CodeIgniter->runController()
 5 SYSTEMPATH/CodeIgniter.php(349): CodeIgniter\CodeIgniter->handleRequest()
 6 FCPATH/index.php(57): CodeIgniter\CodeIgniter->run()
CRITICAL - 2024-07-29 03:44:01 --> Undefined variable $payArray
in APPPATH/Models/Engine.php on line 2230.
 1 APPPATH/Models/Engine.php(2230): CodeIgniter\Debug\Exceptions->errorHandler()
 2 APPPATH/Controllers/Api.php(147): App\Models\Engine->getBillToSynch()
 3 SYSTEMPATH/CodeIgniter.php(896): App\Controllers\Api->postbillpayment()
 4 SYSTEMPATH/CodeIgniter.php(466): CodeIgniter\CodeIgniter->runController()
 5 SYSTEMPATH/CodeIgniter.php(349): CodeIgniter\CodeIgniter->handleRequest()
 6 FCPATH/index.php(57): CodeIgniter\CodeIgniter->run()
CRITICAL - 2024-07-29 03:45:01 --> Undefined variable $payArray
in APPPATH/Models/Engine.php on line 2230.
 1 APPPATH/Models/Engine.php(2230): CodeIgniter\Debug\Exceptions->errorHandler()
 2 APPPATH/Controllers/Api.php(147): App\Models\Engine->getBillToSynch()
 3 SYSTEMPATH/CodeIgniter.php(896): App\Controllers\Api->postbillpayment()
 4 SYSTEMPATH/CodeIgniter.php(466): CodeIgniter\CodeIgniter->runController()
 5 SYSTEMPATH/CodeIgniter.php(349): CodeIgniter\CodeIgniter->handleRequest()
 6 FCPATH/index.php(57): CodeIgniter\CodeIgniter->run()
CRITICAL - 2024-07-29 03:46:01 --> Undefined variable $payArray
in APPPATH/Models/Engine.php on line 2230.
 1 APPPATH/Models/Engine.php(2230): CodeIgniter\Debug\Exceptions->errorHandler()
 2 APPPATH/Controllers/Api.php(147): App\Models\Engine->getBillToSynch()
 3 SYSTEMPATH/CodeIgniter.php(896): App\Controllers\Api->postbillpayment()
 4 SYSTEMPATH/CodeIgniter.php(466): CodeIgniter\CodeIgniter->runController()
 5 SYSTEMPATH/CodeIgniter.php(349): CodeIgniter\CodeIgniter->handleRequest()
 6 FCPATH/index.php(57): CodeIgniter\CodeIgniter->run()
CRITICAL - 2024-07-29 03:47:01 --> Undefined variable $payArray
in APPPATH/Models/Engine.php on line 2230.
 1 APPPATH/Models/Engine.php(2230): CodeIgniter\Debug\Exceptions->errorHandler()
 2 APPPATH/Controllers/Api.php(147): App\Models\Engine->getBillToSynch()
 3 SYSTEMPATH/CodeIgniter.php(896): App\Controllers\Api->postbillpayment()
 4 SYSTEMPATH/CodeIgniter.php(466): CodeIgniter\CodeIgniter->runController()
 5 SYSTEMPATH/CodeIgniter.php(349): CodeIgniter\CodeIgniter->handleRequest()
 6 FCPATH/index.php(57): CodeIgniter\CodeIgniter->run()
CRITICAL - 2024-07-29 03:48:01 --> Undefined variable $payArray
in APPPATH/Models/Engine.php on line 2230.
 1 APPPATH/Models/Engine.php(2230): CodeIgniter\Debug\Exceptions->errorHandler()
 2 APPPATH/Controllers/Api.php(147): App\Models\Engine->getBillToSynch()
 3 SYSTEMPATH/CodeIgniter.php(896): App\Controllers\Api->postbillpayment()
 4 SYSTEMPATH/CodeIgniter.php(466): CodeIgniter\CodeIgniter->runController()
 5 SYSTEMPATH/CodeIgniter.php(349): CodeIgniter\CodeIgniter->handleRequest()
 6 FCPATH/index.php(57): CodeIgniter\CodeIgniter->run()
CRITICAL - 2024-07-29 03:49:01 --> Undefined variable $payArray
in APPPATH/Models/Engine.php on line 2230.
 1 APPPATH/Models/Engine.php(2230): CodeIgniter\Debug\Exceptions->errorHandler()
 2 APPPATH/Controllers/Api.php(147): App\Models\Engine->getBillToSynch()
 3 SYSTEMPATH/CodeIgniter.php(896): App\Controllers\Api->postbillpayment()
 4 SYSTEMPATH/CodeIgniter.php(466): CodeIgniter\CodeIgniter->runController()
 5 SYSTEMPATH/CodeIgniter.php(349): CodeIgniter\CodeIgniter->handleRequest()
 6 FCPATH/index.php(57): CodeIgniter\CodeIgniter->run()
CRITICAL - 2024-07-29 03:50:02 --> Undefined variable $payArray
in APPPATH/Models/Engine.php on line 2230.
 1 APPPATH/Models/Engine.php(2230): CodeIgniter\Debug\Exceptions->errorHandler()
 2 APPPATH/Controllers/Api.php(147): App\Models\Engine->getBillToSynch()
 3 SYSTEMPATH/CodeIgniter.php(896): App\Controllers\Api->postbillpayment()
 4 SYSTEMPATH/CodeIgniter.php(466): CodeIgniter\CodeIgniter->runController()
 5 SYSTEMPATH/CodeIgniter.php(349): CodeIgniter\CodeIgniter->handleRequest()
 6 FCPATH/index.php(57): CodeIgniter\CodeIgniter->run()
CRITICAL - 2024-07-29 03:51:02 --> Undefined variable $payArray
in APPPATH/Models/Engine.php on line 2230.
 1 APPPATH/Models/Engine.php(2230): CodeIgniter\Debug\Exceptions->errorHandler()
 2 APPPATH/Controllers/Api.php(147): App\Models\Engine->getBillToSynch()
 3 SYSTEMPATH/CodeIgniter.php(896): App\Controllers\Api->postbillpayment()
 4 SYSTEMPATH/CodeIgniter.php(466): CodeIgniter\CodeIgniter->runController()
 5 SYSTEMPATH/CodeIgniter.php(349): CodeIgniter\CodeIgniter->handleRequest()
 6 FCPATH/index.php(57): CodeIgniter\CodeIgniter->run()
CRITICAL - 2024-07-29 03:52:02 --> Undefined variable $payArray
in APPPATH/Models/Engine.php on line 2230.
 1 APPPATH/Models/Engine.php(2230): CodeIgniter\Debug\Exceptions->errorHandler()
 2 APPPATH/Controllers/Api.php(147): App\Models\Engine->getBillToSynch()
 3 SYSTEMPATH/CodeIgniter.php(896): App\Controllers\Api->postbillpayment()
 4 SYSTEMPATH/CodeIgniter.php(466): CodeIgniter\CodeIgniter->runController()
 5 SYSTEMPATH/CodeIgniter.php(349): CodeIgniter\CodeIgniter->handleRequest()
 6 FCPATH/index.php(57): CodeIgniter\CodeIgniter->run()
CRITICAL - 2024-07-29 03:53:01 --> Undefined variable $payArray
in APPPATH/Models/Engine.php on line 2230.
 1 APPPATH/Models/Engine.php(2230): CodeIgniter\Debug\Exceptions->errorHandler()
 2 APPPATH/Controllers/Api.php(147): App\Models\Engine->getBillToSynch()
 3 SYSTEMPATH/CodeIgniter.php(896): App\Controllers\Api->postbillpayment()
 4 SYSTEMPATH/CodeIgniter.php(466): CodeIgniter\CodeIgniter->runController()
 5 SYSTEMPATH/CodeIgniter.php(349): CodeIgniter\CodeIgniter->handleRequest()
 6 FCPATH/index.php(57): CodeIgniter\CodeIgniter->run()
CRITICAL - 2024-07-29 03:54:01 --> Undefined variable $payArray
in APPPATH/Models/Engine.php on line 2230.
 1 APPPATH/Models/Engine.php(2230): CodeIgniter\Debug\Exceptions->errorHandler()
 2 APPPATH/Controllers/Api.php(147): App\Models\Engine->getBillToSynch()
 3 SYSTEMPATH/CodeIgniter.php(896): App\Controllers\Api->postbillpayment()
 4 SYSTEMPATH/CodeIgniter.php(466): CodeIgniter\CodeIgniter->runController()
 5 SYSTEMPATH/CodeIgniter.php(349): CodeIgniter\CodeIgniter->handleRequest()
 6 FCPATH/index.php(57): CodeIgniter\CodeIgniter->run()
CRITICAL - 2024-07-29 03:55:01 --> Undefined variable $payArray
in APPPATH/Models/Engine.php on line 2230.
 1 APPPATH/Models/Engine.php(2230): CodeIgniter\Debug\Exceptions->errorHandler()
 2 APPPATH/Controllers/Api.php(147): App\Models\Engine->getBillToSynch()
 3 SYSTEMPATH/CodeIgniter.php(896): App\Controllers\Api->postbillpayment()
 4 SYSTEMPATH/CodeIgniter.php(466): CodeIgniter\CodeIgniter->runController()
 5 SYSTEMPATH/CodeIgniter.php(349): CodeIgniter\CodeIgniter->handleRequest()
 6 FCPATH/index.php(57): CodeIgniter\CodeIgniter->run()
CRITICAL - 2024-07-29 03:56:01 --> Undefined variable $payArray
in APPPATH/Models/Engine.php on line 2230.
 1 APPPATH/Models/Engine.php(2230): CodeIgniter\Debug\Exceptions->errorHandler()
 2 APPPATH/Controllers/Api.php(147): App\Models\Engine->getBillToSynch()
 3 SYSTEMPATH/CodeIgniter.php(896): App\Controllers\Api->postbillpayment()
 4 SYSTEMPATH/CodeIgniter.php(466): CodeIgniter\CodeIgniter->runController()
 5 SYSTEMPATH/CodeIgniter.php(349): CodeIgniter\CodeIgniter->handleRequest()
 6 FCPATH/index.php(57): CodeIgniter\CodeIgniter->run()
CRITICAL - 2024-07-29 03:57:01 --> Undefined variable $payArray
in APPPATH/Models/Engine.php on line 2230.
 1 APPPATH/Models/Engine.php(2230): CodeIgniter\Debug\Exceptions->errorHandler()
 2 APPPATH/Controllers/Api.php(147): App\Models\Engine->getBillToSynch()
 3 SYSTEMPATH/CodeIgniter.php(896): App\Controllers\Api->postbillpayment()
 4 SYSTEMPATH/CodeIgniter.php(466): CodeIgniter\CodeIgniter->runController()
 5 SYSTEMPATH/CodeIgniter.php(349): CodeIgniter\CodeIgniter->handleRequest()
 6 FCPATH/index.php(57): CodeIgniter\CodeIgniter->run()
CRITICAL - 2024-07-29 03:58:01 --> Undefined variable $payArray
in APPPATH/Models/Engine.php on line 2230.
 1 APPPATH/Models/Engine.php(2230): CodeIgniter\Debug\Exceptions->errorHandler()
 2 APPPATH/Controllers/Api.php(147): App\Models\Engine->getBillToSynch()
 3 SYSTEMPATH/CodeIgniter.php(896): App\Controllers\Api->postbillpayment()
 4 SYSTEMPATH/CodeIgniter.php(466): CodeIgniter\CodeIgniter->runController()
 5 SYSTEMPATH/CodeIgniter.php(349): CodeIgniter\CodeIgniter->handleRequest()
 6 FCPATH/index.php(57): CodeIgniter\CodeIgniter->run()
CRITICAL - 2024-07-29 03:59:01 --> Undefined variable $payArray
in APPPATH/Models/Engine.php on line 2230.
 1 APPPATH/Models/Engine.php(2230): CodeIgniter\Debug\Exceptions->errorHandler()
 2 APPPATH/Controllers/Api.php(147): App\Models\Engine->getBillToSynch()
 3 SYSTEMPATH/CodeIgniter.php(896): App\Controllers\Api->postbillpayment()
 4 SYSTEMPATH/CodeIgniter.php(466): CodeIgniter\CodeIgniter->runController()
 5 SYSTEMPATH/CodeIgniter.php(349): CodeIgniter\CodeIgniter->handleRequest()
 6 FCPATH/index.php(57): CodeIgniter\CodeIgniter->run()
CRITICAL - 2024-07-29 04:00:01 --> Undefined variable $payArray
in APPPATH/Models/Engine.php on line 2230.
 1 APPPATH/Models/Engine.php(2230): CodeIgniter\Debug\Exceptions->errorHandler()
 2 APPPATH/Controllers/Api.php(147): App\Models\Engine->getBillToSynch()
 3 SYSTEMPATH/CodeIgniter.php(896): App\Controllers\Api->postbillpayment()
 4 SYSTEMPATH/CodeIgniter.php(466): CodeIgniter\CodeIgniter->runController()
 5 SYSTEMPATH/CodeIgniter.php(349): CodeIgniter\CodeIgniter->handleRequest()
 6 FCPATH/index.php(57): CodeIgniter\CodeIgniter->run()
CRITICAL - 2024-07-29 04:01:01 --> Undefined variable $payArray
in APPPATH/Models/Engine.php on line 2230.
 1 APPPATH/Models/Engine.php(2230): CodeIgniter\Debug\Exceptions->errorHandler()
 2 APPPATH/Controllers/Api.php(147): App\Models\Engine->getBillToSynch()
 3 SYSTEMPATH/CodeIgniter.php(896): App\Controllers\Api->postbillpayment()
 4 SYSTEMPATH/CodeIgniter.php(466): CodeIgniter\CodeIgniter->runController()
 5 SYSTEMPATH/CodeIgniter.php(349): CodeIgniter\CodeIgniter->handleRequest()
 6 FCPATH/index.php(57): CodeIgniter\CodeIgniter->run()
CRITICAL - 2024-07-29 04:02:01 --> Undefined variable $payArray
in APPPATH/Models/Engine.php on line 2230.
 1 APPPATH/Models/Engine.php(2230): CodeIgniter\Debug\Exceptions->errorHandler()
 2 APPPATH/Controllers/Api.php(147): App\Models\Engine->getBillToSynch()
 3 SYSTEMPATH/CodeIgniter.php(896): App\Controllers\Api->postbillpayment()
 4 SYSTEMPATH/CodeIgniter.php(466): CodeIgniter\CodeIgniter->runController()
 5 SYSTEMPATH/CodeIgniter.php(349): CodeIgniter\CodeIgniter->handleRequest()
 6 FCPATH/index.php(57): CodeIgniter\CodeIgniter->run()
CRITICAL - 2024-07-29 04:03:01 --> Undefined variable $payArray
in APPPATH/Models/Engine.php on line 2230.
 1 APPPATH/Models/Engine.php(2230): CodeIgniter\Debug\Exceptions->errorHandler()
 2 APPPATH/Controllers/Api.php(147): App\Models\Engine->getBillToSynch()
 3 SYSTEMPATH/CodeIgniter.php(896): App\Controllers\Api->postbillpayment()
 4 SYSTEMPATH/CodeIgniter.php(466): CodeIgniter\CodeIgniter->runController()
 5 SYSTEMPATH/CodeIgniter.php(349): CodeIgniter\CodeIgniter->handleRequest()
 6 FCPATH/index.php(57): CodeIgniter\CodeIgniter->run()
CRITICAL - 2024-07-29 04:04:01 --> Undefined variable $payArray
in APPPATH/Models/Engine.php on line 2230.
 1 APPPATH/Models/Engine.php(2230): CodeIgniter\Debug\Exceptions->errorHandler()
 2 APPPATH/Controllers/Api.php(147): App\Models\Engine->getBillToSynch()
 3 SYSTEMPATH/CodeIgniter.php(896): App\Controllers\Api->postbillpayment()
 4 SYSTEMPATH/CodeIgniter.php(466): CodeIgniter\CodeIgniter->runController()
 5 SYSTEMPATH/CodeIgniter.php(349): CodeIgniter\CodeIgniter->handleRequest()
 6 FCPATH/index.php(57): CodeIgniter\CodeIgniter->run()
CRITICAL - 2024-07-29 04:05:01 --> Undefined variable $payArray
in APPPATH/Models/Engine.php on line 2230.
 1 APPPATH/Models/Engine.php(2230): CodeIgniter\Debug\Exceptions->errorHandler()
 2 APPPATH/Controllers/Api.php(147): App\Models\Engine->getBillToSynch()
 3 SYSTEMPATH/CodeIgniter.php(896): App\Controllers\Api->postbillpayment()
 4 SYSTEMPATH/CodeIgniter.php(466): CodeIgniter\CodeIgniter->runController()
 5 SYSTEMPATH/CodeIgniter.php(349): CodeIgniter\CodeIgniter->handleRequest()
 6 FCPATH/index.php(57): CodeIgniter\CodeIgniter->run()
CRITICAL - 2024-07-29 04:06:01 --> Undefined variable $payArray
in APPPATH/Models/Engine.php on line 2230.
 1 APPPATH/Models/Engine.php(2230): CodeIgniter\Debug\Exceptions->errorHandler()
 2 APPPATH/Controllers/Api.php(147): App\Models\Engine->getBillToSynch()
 3 SYSTEMPATH/CodeIgniter.php(896): App\Controllers\Api->postbillpayment()
 4 SYSTEMPATH/CodeIgniter.php(466): CodeIgniter\CodeIgniter->runController()
 5 SYSTEMPATH/CodeIgniter.php(349): CodeIgniter\CodeIgniter->handleRequest()
 6 FCPATH/index.php(57): CodeIgniter\CodeIgniter->run()
CRITICAL - 2024-07-29 04:07:01 --> Undefined variable $payArray
in APPPATH/Models/Engine.php on line 2230.
 1 APPPATH/Models/Engine.php(2230): CodeIgniter\Debug\Exceptions->errorHandler()
 2 APPPATH/Controllers/Api.php(147): App\Models\Engine->getBillToSynch()
 3 SYSTEMPATH/CodeIgniter.php(896): App\Controllers\Api->postbillpayment()
 4 SYSTEMPATH/CodeIgniter.php(466): CodeIgniter\CodeIgniter->runController()
 5 SYSTEMPATH/CodeIgniter.php(349): CodeIgniter\CodeIgniter->handleRequest()
 6 FCPATH/index.php(57): CodeIgniter\CodeIgniter->run()
CRITICAL - 2024-07-29 04:08:01 --> Undefined variable $payArray
in APPPATH/Models/Engine.php on line 2230.
 1 APPPATH/Models/Engine.php(2230): CodeIgniter\Debug\Exceptions->errorHandler()
 2 APPPATH/Controllers/Api.php(147): App\Models\Engine->getBillToSynch()
 3 SYSTEMPATH/CodeIgniter.php(896): App\Controllers\Api->postbillpayment()
 4 SYSTEMPATH/CodeIgniter.php(466): CodeIgniter\CodeIgniter->runController()
 5 SYSTEMPATH/CodeIgniter.php(349): CodeIgniter\CodeIgniter->handleRequest()
 6 FCPATH/index.php(57): CodeIgniter\CodeIgniter->run()
CRITICAL - 2024-07-29 04:09:02 --> Undefined variable $payArray
in APPPATH/Models/Engine.php on line 2230.
 1 APPPATH/Models/Engine.php(2230): CodeIgniter\Debug\Exceptions->errorHandler()
 2 APPPATH/Controllers/Api.php(147): App\Models\Engine->getBillToSynch()
 3 SYSTEMPATH/CodeIgniter.php(896): App\Controllers\Api->postbillpayment()
 4 SYSTEMPATH/CodeIgniter.php(466): CodeIgniter\CodeIgniter->runController()
 5 SYSTEMPATH/CodeIgniter.php(349): CodeIgniter\CodeIgniter->handleRequest()
 6 FCPATH/index.php(57): CodeIgniter\CodeIgniter->run()
CRITICAL - 2024-07-29 04:10:02 --> Undefined variable $payArray
in APPPATH/Models/Engine.php on line 2230.
 1 APPPATH/Models/Engine.php(2230): CodeIgniter\Debug\Exceptions->errorHandler()
 2 APPPATH/Controllers/Api.php(147): App\Models\Engine->getBillToSynch()
 3 SYSTEMPATH/CodeIgniter.php(896): App\Controllers\Api->postbillpayment()
 4 SYSTEMPATH/CodeIgniter.php(466): CodeIgniter\CodeIgniter->runController()
 5 SYSTEMPATH/CodeIgniter.php(349): CodeIgniter\CodeIgniter->handleRequest()
 6 FCPATH/index.php(57): CodeIgniter\CodeIgniter->run()
CRITICAL - 2024-07-29 04:11:01 --> Undefined variable $payArray
in APPPATH/Models/Engine.php on line 2230.
 1 APPPATH/Models/Engine.php(2230): CodeIgniter\Debug\Exceptions->errorHandler()
 2 APPPATH/Controllers/Api.php(147): App\Models\Engine->getBillToSynch()
 3 SYSTEMPATH/CodeIgniter.php(896): App\Controllers\Api->postbillpayment()
 4 SYSTEMPATH/CodeIgniter.php(466): CodeIgniter\CodeIgniter->runController()
 5 SYSTEMPATH/CodeIgniter.php(349): CodeIgniter\CodeIgniter->handleRequest()
 6 FCPATH/index.php(57): CodeIgniter\CodeIgniter->run()
CRITICAL - 2024-07-29 04:12:01 --> Undefined variable $payArray
in APPPATH/Models/Engine.php on line 2230.
 1 APPPATH/Models/Engine.php(2230): CodeIgniter\Debug\Exceptions->errorHandler()
 2 APPPATH/Controllers/Api.php(147): App\Models\Engine->getBillToSynch()
 3 SYSTEMPATH/CodeIgniter.php(896): App\Controllers\Api->postbillpayment()
 4 SYSTEMPATH/CodeIgniter.php(466): CodeIgniter\CodeIgniter->runController()
 5 SYSTEMPATH/CodeIgniter.php(349): CodeIgniter\CodeIgniter->handleRequest()
 6 FCPATH/index.php(57): CodeIgniter\CodeIgniter->run()
CRITICAL - 2024-07-29 04:13:01 --> Undefined variable $payArray
in APPPATH/Models/Engine.php on line 2230.
 1 APPPATH/Models/Engine.php(2230): CodeIgniter\Debug\Exceptions->errorHandler()
 2 APPPATH/Controllers/Api.php(147): App\Models\Engine->getBillToSynch()
 3 SYSTEMPATH/CodeIgniter.php(896): App\Controllers\Api->postbillpayment()
 4 SYSTEMPATH/CodeIgniter.php(466): CodeIgniter\CodeIgniter->runController()
 5 SYSTEMPATH/CodeIgniter.php(349): CodeIgniter\CodeIgniter->handleRequest()
 6 FCPATH/index.php(57): CodeIgniter\CodeIgniter->run()
CRITICAL - 2024-07-29 04:14:01 --> Undefined variable $payArray
in APPPATH/Models/Engine.php on line 2230.
 1 APPPATH/Models/Engine.php(2230): CodeIgniter\Debug\Exceptions->errorHandler()
 2 APPPATH/Controllers/Api.php(147): App\Models\Engine->getBillToSynch()
 3 SYSTEMPATH/CodeIgniter.php(896): App\Controllers\Api->postbillpayment()
 4 SYSTEMPATH/CodeIgniter.php(466): CodeIgniter\CodeIgniter->runController()
 5 SYSTEMPATH/CodeIgniter.php(349): CodeIgniter\CodeIgniter->handleRequest()
 6 FCPATH/index.php(57): CodeIgniter\CodeIgniter->run()
CRITICAL - 2024-07-29 04:15:01 --> Undefined variable $payArray
in APPPATH/Models/Engine.php on line 2230.
 1 APPPATH/Models/Engine.php(2230): CodeIgniter\Debug\Exceptions->errorHandler()
 2 APPPATH/Controllers/Api.php(147): App\Models\Engine->getBillToSynch()
 3 SYSTEMPATH/CodeIgniter.php(896): App\Controllers\Api->postbillpayment()
 4 SYSTEMPATH/CodeIgniter.php(466): CodeIgniter\CodeIgniter->runController()
 5 SYSTEMPATH/CodeIgniter.php(349): CodeIgniter\CodeIgniter->handleRequest()
 6 FCPATH/index.php(57): CodeIgniter\CodeIgniter->run()
CRITICAL - 2024-07-29 04:16:01 --> Undefined variable $payArray
in APPPATH/Models/Engine.php on line 2230.
 1 APPPATH/Models/Engine.php(2230): CodeIgniter\Debug\Exceptions->errorHandler()
 2 APPPATH/Controllers/Api.php(147): App\Models\Engine->getBillToSynch()
 3 SYSTEMPATH/CodeIgniter.php(896): App\Controllers\Api->postbillpayment()
 4 SYSTEMPATH/CodeIgniter.php(466): CodeIgniter\CodeIgniter->runController()
 5 SYSTEMPATH/CodeIgniter.php(349): CodeIgniter\CodeIgniter->handleRequest()
 6 FCPATH/index.php(57): CodeIgniter\CodeIgniter->run()
CRITICAL - 2024-07-29 04:17:01 --> Undefined variable $payArray
in APPPATH/Models/Engine.php on line 2230.
 1 APPPATH/Models/Engine.php(2230): CodeIgniter\Debug\Exceptions->errorHandler()
 2 APPPATH/Controllers/Api.php(147): App\Models\Engine->getBillToSynch()
 3 SYSTEMPATH/CodeIgniter.php(896): App\Controllers\Api->postbillpayment()
 4 SYSTEMPATH/CodeIgniter.php(466): CodeIgniter\CodeIgniter->runController()
 5 SYSTEMPATH/CodeIgniter.php(349): CodeIgniter\CodeIgniter->handleRequest()
 6 FCPATH/index.php(57): CodeIgniter\CodeIgniter->run()
CRITICAL - 2024-07-29 04:18:01 --> Undefined variable $payArray
in APPPATH/Models/Engine.php on line 2230.
 1 APPPATH/Models/Engine.php(2230): CodeIgniter\Debug\Exceptions->errorHandler()
 2 APPPATH/Controllers/Api.php(147): App\Models\Engine->getBillToSynch()
 3 SYSTEMPATH/CodeIgniter.php(896): App\Controllers\Api->postbillpayment()
 4 SYSTEMPATH/CodeIgniter.php(466): CodeIgniter\CodeIgniter->runController()
 5 SYSTEMPATH/CodeIgniter.php(349): CodeIgniter\CodeIgniter->handleRequest()
 6 FCPATH/index.php(57): CodeIgniter\CodeIgniter->run()
CRITICAL - 2024-07-29 04:19:01 --> Undefined variable $payArray
in APPPATH/Models/Engine.php on line 2230.
 1 APPPATH/Models/Engine.php(2230): CodeIgniter\Debug\Exceptions->errorHandler()
 2 APPPATH/Controllers/Api.php(147): App\Models\Engine->getBillToSynch()
 3 SYSTEMPATH/CodeIgniter.php(896): App\Controllers\Api->postbillpayment()
 4 SYSTEMPATH/CodeIgniter.php(466): CodeIgniter\CodeIgniter->runController()
 5 SYSTEMPATH/CodeIgniter.php(349): CodeIgniter\CodeIgniter->handleRequest()
 6 FCPATH/index.php(57): CodeIgniter\CodeIgniter->run()
CRITICAL - 2024-07-29 04:20:01 --> Undefined variable $payArray
in APPPATH/Models/Engine.php on line 2230.
 1 APPPATH/Models/Engine.php(2230): CodeIgniter\Debug\Exceptions->errorHandler()
 2 APPPATH/Controllers/Api.php(147): App\Models\Engine->getBillToSynch()
 3 SYSTEMPATH/CodeIgniter.php(896): App\Controllers\Api->postbillpayment()
 4 SYSTEMPATH/CodeIgniter.php(466): CodeIgniter\CodeIgniter->runController()
 5 SYSTEMPATH/CodeIgniter.php(349): CodeIgniter\CodeIgniter->handleRequest()
 6 FCPATH/index.php(57): CodeIgniter\CodeIgniter->run()
CRITICAL - 2024-07-29 04:21:01 --> Undefined variable $payArray
in APPPATH/Models/Engine.php on line 2230.
 1 APPPATH/Models/Engine.php(2230): CodeIgniter\Debug\Exceptions->errorHandler()
 2 APPPATH/Controllers/Api.php(147): App\Models\Engine->getBillToSynch()
 3 SYSTEMPATH/CodeIgniter.php(896): App\Controllers\Api->postbillpayment()
 4 SYSTEMPATH/CodeIgniter.php(466): CodeIgniter\CodeIgniter->runController()
 5 SYSTEMPATH/CodeIgniter.php(349): CodeIgniter\CodeIgniter->handleRequest()
 6 FCPATH/index.php(57): CodeIgniter\CodeIgniter->run()
CRITICAL - 2024-07-29 04:22:01 --> Undefined variable $payArray
in APPPATH/Models/Engine.php on line 2230.
 1 APPPATH/Models/Engine.php(2230): CodeIgniter\Debug\Exceptions->errorHandler()
 2 APPPATH/Controllers/Api.php(147): App\Models\Engine->getBillToSynch()
 3 SYSTEMPATH/CodeIgniter.php(896): App\Controllers\Api->postbillpayment()
 4 SYSTEMPATH/CodeIgniter.php(466): CodeIgniter\CodeIgniter->runController()
 5 SYSTEMPATH/CodeIgniter.php(349): CodeIgniter\CodeIgniter->handleRequest()
 6 FCPATH/index.php(57): CodeIgniter\CodeIgniter->run()
CRITICAL - 2024-07-29 04:23:01 --> Undefined variable $payArray
in APPPATH/Models/Engine.php on line 2230.
 1 APPPATH/Models/Engine.php(2230): CodeIgniter\Debug\Exceptions->errorHandler()
 2 APPPATH/Controllers/Api.php(147): App\Models\Engine->getBillToSynch()
 3 SYSTEMPATH/CodeIgniter.php(896): App\Controllers\Api->postbillpayment()
 4 SYSTEMPATH/CodeIgniter.php(466): CodeIgniter\CodeIgniter->runController()
 5 SYSTEMPATH/CodeIgniter.php(349): CodeIgniter\CodeIgniter->handleRequest()
 6 FCPATH/index.php(57): CodeIgniter\CodeIgniter->run()
CRITICAL - 2024-07-29 04:24:01 --> Undefined variable $payArray
in APPPATH/Models/Engine.php on line 2230.
 1 APPPATH/Models/Engine.php(2230): CodeIgniter\Debug\Exceptions->errorHandler()
 2 APPPATH/Controllers/Api.php(147): App\Models\Engine->getBillToSynch()
 3 SYSTEMPATH/CodeIgniter.php(896): App\Controllers\Api->postbillpayment()
 4 SYSTEMPATH/CodeIgniter.php(466): CodeIgniter\CodeIgniter->runController()
 5 SYSTEMPATH/CodeIgniter.php(349): CodeIgniter\CodeIgniter->handleRequest()
 6 FCPATH/index.php(57): CodeIgniter\CodeIgniter->run()
CRITICAL - 2024-07-29 04:25:01 --> Undefined variable $payArray
in APPPATH/Models/Engine.php on line 2230.
 1 APPPATH/Models/Engine.php(2230): CodeIgniter\Debug\Exceptions->errorHandler()
 2 APPPATH/Controllers/Api.php(147): App\Models\Engine->getBillToSynch()
 3 SYSTEMPATH/CodeIgniter.php(896): App\Controllers\Api->postbillpayment()
 4 SYSTEMPATH/CodeIgniter.php(466): CodeIgniter\CodeIgniter->runController()
 5 SYSTEMPATH/CodeIgniter.php(349): CodeIgniter\CodeIgniter->handleRequest()
 6 FCPATH/index.php(57): CodeIgniter\CodeIgniter->run()
CRITICAL - 2024-07-29 04:26:01 --> Undefined variable $payArray
in APPPATH/Models/Engine.php on line 2230.
 1 APPPATH/Models/Engine.php(2230): CodeIgniter\Debug\Exceptions->errorHandler()
 2 APPPATH/Controllers/Api.php(147): App\Models\Engine->getBillToSynch()
 3 SYSTEMPATH/CodeIgniter.php(896): App\Controllers\Api->postbillpayment()
 4 SYSTEMPATH/CodeIgniter.php(466): CodeIgniter\CodeIgniter->runController()
 5 SYSTEMPATH/CodeIgniter.php(349): CodeIgniter\CodeIgniter->handleRequest()
 6 FCPATH/index.php(57): CodeIgniter\CodeIgniter->run()
CRITICAL - 2024-07-29 04:27:02 --> Undefined variable $payArray
in APPPATH/Models/Engine.php on line 2230.
 1 APPPATH/Models/Engine.php(2230): CodeIgniter\Debug\Exceptions->errorHandler()
 2 APPPATH/Controllers/Api.php(147): App\Models\Engine->getBillToSynch()
 3 SYSTEMPATH/CodeIgniter.php(896): App\Controllers\Api->postbillpayment()
 4 SYSTEMPATH/CodeIgniter.php(466): CodeIgniter\CodeIgniter->runController()
 5 SYSTEMPATH/CodeIgniter.php(349): CodeIgniter\CodeIgniter->handleRequest()
 6 FCPATH/index.php(57): CodeIgniter\CodeIgniter->run()
CRITICAL - 2024-07-29 04:28:01 --> Undefined variable $payArray
in APPPATH/Models/Engine.php on line 2230.
 1 APPPATH/Models/Engine.php(2230): CodeIgniter\Debug\Exceptions->errorHandler()
 2 APPPATH/Controllers/Api.php(147): App\Models\Engine->getBillToSynch()
 3 SYSTEMPATH/CodeIgniter.php(896): App\Controllers\Api->postbillpayment()
 4 SYSTEMPATH/CodeIgniter.php(466): CodeIgniter\CodeIgniter->runController()
 5 SYSTEMPATH/CodeIgniter.php(349): CodeIgniter\CodeIgniter->handleRequest()
 6 FCPATH/index.php(57): CodeIgniter\CodeIgniter->run()
CRITICAL - 2024-07-29 04:29:01 --> Undefined variable $payArray
in APPPATH/Models/Engine.php on line 2230.
 1 APPPATH/Models/Engine.php(2230): CodeIgniter\Debug\Exceptions->errorHandler()
 2 APPPATH/Controllers/Api.php(147): App\Models\Engine->getBillToSynch()
 3 SYSTEMPATH/CodeIgniter.php(896): App\Controllers\Api->postbillpayment()
 4 SYSTEMPATH/CodeIgniter.php(466): CodeIgniter\CodeIgniter->runController()
 5 SYSTEMPATH/CodeIgniter.php(349): CodeIgniter\CodeIgniter->handleRequest()
 6 FCPATH/index.php(57): CodeIgniter\CodeIgniter->run()
CRITICAL - 2024-07-29 04:30:01 --> Undefined variable $payArray
in APPPATH/Models/Engine.php on line 2230.
 1 APPPATH/Models/Engine.php(2230): CodeIgniter\Debug\Exceptions->errorHandler()
 2 APPPATH/Controllers/Api.php(147): App\Models\Engine->getBillToSynch()
 3 SYSTEMPATH/CodeIgniter.php(896): App\Controllers\Api->postbillpayment()
 4 SYSTEMPATH/CodeIgniter.php(466): CodeIgniter\CodeIgniter->runController()
 5 SYSTEMPATH/CodeIgniter.php(349): CodeIgniter\CodeIgniter->handleRequest()
 6 FCPATH/index.php(57): CodeIgniter\CodeIgniter->run()
CRITICAL - 2024-07-29 04:31:02 --> Undefined variable $payArray
in APPPATH/Models/Engine.php on line 2230.
 1 APPPATH/Models/Engine.php(2230): CodeIgniter\Debug\Exceptions->errorHandler()
 2 APPPATH/Controllers/Api.php(147): App\Models\Engine->getBillToSynch()
 3 SYSTEMPATH/CodeIgniter.php(896): App\Controllers\Api->postbillpayment()
 4 SYSTEMPATH/CodeIgniter.php(466): CodeIgniter\CodeIgniter->runController()
 5 SYSTEMPATH/CodeIgniter.php(349): CodeIgniter\CodeIgniter->handleRequest()
 6 FCPATH/index.php(57): CodeIgniter\CodeIgniter->run()
CRITICAL - 2024-07-29 04:32:01 --> Undefined variable $payArray
in APPPATH/Models/Engine.php on line 2230.
 1 APPPATH/Models/Engine.php(2230): CodeIgniter\Debug\Exceptions->errorHandler()
 2 APPPATH/Controllers/Api.php(147): App\Models\Engine->getBillToSynch()
 3 SYSTEMPATH/CodeIgniter.php(896): App\Controllers\Api->postbillpayment()
 4 SYSTEMPATH/CodeIgniter.php(466): CodeIgniter\CodeIgniter->runController()
 5 SYSTEMPATH/CodeIgniter.php(349): CodeIgniter\CodeIgniter->handleRequest()
 6 FCPATH/index.php(57): CodeIgniter\CodeIgniter->run()
CRITICAL - 2024-07-29 04:33:01 --> Undefined variable $payArray
in APPPATH/Models/Engine.php on line 2230.
 1 APPPATH/Models/Engine.php(2230): CodeIgniter\Debug\Exceptions->errorHandler()
 2 APPPATH/Controllers/Api.php(147): App\Models\Engine->getBillToSynch()
 3 SYSTEMPATH/CodeIgniter.php(896): App\Controllers\Api->postbillpayment()
 4 SYSTEMPATH/CodeIgniter.php(466): CodeIgniter\CodeIgniter->runController()
 5 SYSTEMPATH/CodeIgniter.php(349): CodeIgniter\CodeIgniter->handleRequest()
 6 FCPATH/index.php(57): CodeIgniter\CodeIgniter->run()
CRITICAL - 2024-07-29 04:34:01 --> Undefined variable $payArray
in APPPATH/Models/Engine.php on line 2230.
 1 APPPATH/Models/Engine.php(2230): CodeIgniter\Debug\Exceptions->errorHandler()
 2 APPPATH/Controllers/Api.php(147): App\Models\Engine->getBillToSynch()
 3 SYSTEMPATH/CodeIgniter.php(896): App\Controllers\Api->postbillpayment()
 4 SYSTEMPATH/CodeIgniter.php(466): CodeIgniter\CodeIgniter->runController()
 5 SYSTEMPATH/CodeIgniter.php(349): CodeIgniter\CodeIgniter->handleRequest()
 6 FCPATH/index.php(57): CodeIgniter\CodeIgniter->run()
CRITICAL - 2024-07-29 04:35:01 --> Undefined variable $payArray
in APPPATH/Models/Engine.php on line 2230.
 1 APPPATH/Models/Engine.php(2230): CodeIgniter\Debug\Exceptions->errorHandler()
 2 APPPATH/Controllers/Api.php(147): App\Models\Engine->getBillToSynch()
 3 SYSTEMPATH/CodeIgniter.php(896): App\Controllers\Api->postbillpayment()
 4 SYSTEMPATH/CodeIgniter.php(466): CodeIgniter\CodeIgniter->runController()
 5 SYSTEMPATH/CodeIgniter.php(349): CodeIgniter\CodeIgniter->handleRequest()
 6 FCPATH/index.php(57): CodeIgniter\CodeIgniter->run()
CRITICAL - 2024-07-29 04:36:01 --> Undefined variable $payArray
in APPPATH/Models/Engine.php on line 2230.
 1 APPPATH/Models/Engine.php(2230): CodeIgniter\Debug\Exceptions->errorHandler()
 2 APPPATH/Controllers/Api.php(147): App\Models\Engine->getBillToSynch()
 3 SYSTEMPATH/CodeIgniter.php(896): App\Controllers\Api->postbillpayment()
 4 SYSTEMPATH/CodeIgniter.php(466): CodeIgniter\CodeIgniter->runController()
 5 SYSTEMPATH/CodeIgniter.php(349): CodeIgniter\CodeIgniter->handleRequest()
 6 FCPATH/index.php(57): CodeIgniter\CodeIgniter->run()
CRITICAL - 2024-07-29 04:37:01 --> Undefined variable $payArray
in APPPATH/Models/Engine.php on line 2230.
 1 APPPATH/Models/Engine.php(2230): CodeIgniter\Debug\Exceptions->errorHandler()
 2 APPPATH/Controllers/Api.php(147): App\Models\Engine->getBillToSynch()
 3 SYSTEMPATH/CodeIgniter.php(896): App\Controllers\Api->postbillpayment()
 4 SYSTEMPATH/CodeIgniter.php(466): CodeIgniter\CodeIgniter->runController()
 5 SYSTEMPATH/CodeIgniter.php(349): CodeIgniter\CodeIgniter->handleRequest()
 6 FCPATH/index.php(57): CodeIgniter\CodeIgniter->run()
CRITICAL - 2024-07-29 04:38:00 --> Undefined variable $payArray
in APPPATH/Models/Engine.php on line 2230.
 1 APPPATH/Models/Engine.php(2230): CodeIgniter\Debug\Exceptions->errorHandler()
 2 APPPATH/Controllers/Api.php(147): App\Models\Engine->getBillToSynch()
 3 SYSTEMPATH/CodeIgniter.php(896): App\Controllers\Api->postbillpayment()
 4 SYSTEMPATH/CodeIgniter.php(466): CodeIgniter\CodeIgniter->runController()
 5 SYSTEMPATH/CodeIgniter.php(349): CodeIgniter\CodeIgniter->handleRequest()
 6 FCPATH/index.php(57): CodeIgniter\CodeIgniter->run()
CRITICAL - 2024-07-29 04:39:01 --> Undefined variable $payArray
in APPPATH/Models/Engine.php on line 2230.
 1 APPPATH/Models/Engine.php(2230): CodeIgniter\Debug\Exceptions->errorHandler()
 2 APPPATH/Controllers/Api.php(147): App\Models\Engine->getBillToSynch()
 3 SYSTEMPATH/CodeIgniter.php(896): App\Controllers\Api->postbillpayment()
 4 SYSTEMPATH/CodeIgniter.php(466): CodeIgniter\CodeIgniter->runController()
 5 SYSTEMPATH/CodeIgniter.php(349): CodeIgniter\CodeIgniter->handleRequest()
 6 FCPATH/index.php(57): CodeIgniter\CodeIgniter->run()
CRITICAL - 2024-07-29 04:40:01 --> Undefined variable $payArray
in APPPATH/Models/Engine.php on line 2230.
 1 APPPATH/Models/Engine.php(2230): CodeIgniter\Debug\Exceptions->errorHandler()
 2 APPPATH/Controllers/Api.php(147): App\Models\Engine->getBillToSynch()
 3 SYSTEMPATH/CodeIgniter.php(896): App\Controllers\Api->postbillpayment()
 4 SYSTEMPATH/CodeIgniter.php(466): CodeIgniter\CodeIgniter->runController()
 5 SYSTEMPATH/CodeIgniter.php(349): CodeIgniter\CodeIgniter->handleRequest()
 6 FCPATH/index.php(57): CodeIgniter\CodeIgniter->run()
CRITICAL - 2024-07-29 04:41:01 --> Undefined variable $payArray
in APPPATH/Models/Engine.php on line 2230.
 1 APPPATH/Models/Engine.php(2230): CodeIgniter\Debug\Exceptions->errorHandler()
 2 APPPATH/Controllers/Api.php(147): App\Models\Engine->getBillToSynch()
 3 SYSTEMPATH/CodeIgniter.php(896): App\Controllers\Api->postbillpayment()
 4 SYSTEMPATH/CodeIgniter.php(466): CodeIgniter\CodeIgniter->runController()
 5 SYSTEMPATH/CodeIgniter.php(349): CodeIgniter\CodeIgniter->handleRequest()
 6 FCPATH/index.php(57): CodeIgniter\CodeIgniter->run()
CRITICAL - 2024-07-29 04:42:01 --> Undefined variable $payArray
in APPPATH/Models/Engine.php on line 2230.
 1 APPPATH/Models/Engine.php(2230): CodeIgniter\Debug\Exceptions->errorHandler()
 2 APPPATH/Controllers/Api.php(147): App\Models\Engine->getBillToSynch()
 3 SYSTEMPATH/CodeIgniter.php(896): App\Controllers\Api->postbillpayment()
 4 SYSTEMPATH/CodeIgniter.php(466): CodeIgniter\CodeIgniter->runController()
 5 SYSTEMPATH/CodeIgniter.php(349): CodeIgniter\CodeIgniter->handleRequest()
 6 FCPATH/index.php(57): CodeIgniter\CodeIgniter->run()
CRITICAL - 2024-07-29 04:43:01 --> Undefined variable $payArray
in APPPATH/Models/Engine.php on line 2230.
 1 APPPATH/Models/Engine.php(2230): CodeIgniter\Debug\Exceptions->errorHandler()
 2 APPPATH/Controllers/Api.php(147): App\Models\Engine->getBillToSynch()
 3 SYSTEMPATH/CodeIgniter.php(896): App\Controllers\Api->postbillpayment()
 4 SYSTEMPATH/CodeIgniter.php(466): CodeIgniter\CodeIgniter->runController()
 5 SYSTEMPATH/CodeIgniter.php(349): CodeIgniter\CodeIgniter->handleRequest()
 6 FCPATH/index.php(57): CodeIgniter\CodeIgniter->run()
CRITICAL - 2024-07-29 04:44:01 --> Undefined variable $payArray
in APPPATH/Models/Engine.php on line 2230.
 1 APPPATH/Models/Engine.php(2230): CodeIgniter\Debug\Exceptions->errorHandler()
 2 APPPATH/Controllers/Api.php(147): App\Models\Engine->getBillToSynch()
 3 SYSTEMPATH/CodeIgniter.php(896): App\Controllers\Api->postbillpayment()
 4 SYSTEMPATH/CodeIgniter.php(466): CodeIgniter\CodeIgniter->runController()
 5 SYSTEMPATH/CodeIgniter.php(349): CodeIgniter\CodeIgniter->handleRequest()
 6 FCPATH/index.php(57): CodeIgniter\CodeIgniter->run()
CRITICAL - 2024-07-29 04:45:01 --> Undefined variable $payArray
in APPPATH/Models/Engine.php on line 2230.
 1 APPPATH/Models/Engine.php(2230): CodeIgniter\Debug\Exceptions->errorHandler()
 2 APPPATH/Controllers/Api.php(147): App\Models\Engine->getBillToSynch()
 3 SYSTEMPATH/CodeIgniter.php(896): App\Controllers\Api->postbillpayment()
 4 SYSTEMPATH/CodeIgniter.php(466): CodeIgniter\CodeIgniter->runController()
 5 SYSTEMPATH/CodeIgniter.php(349): CodeIgniter\CodeIgniter->handleRequest()
 6 FCPATH/index.php(57): CodeIgniter\CodeIgniter->run()
CRITICAL - 2024-07-29 04:46:01 --> Undefined variable $payArray
in APPPATH/Models/Engine.php on line 2230.
 1 APPPATH/Models/Engine.php(2230): CodeIgniter\Debug\Exceptions->errorHandler()
 2 APPPATH/Controllers/Api.php(147): App\Models\Engine->getBillToSynch()
 3 SYSTEMPATH/CodeIgniter.php(896): App\Controllers\Api->postbillpayment()
 4 SYSTEMPATH/CodeIgniter.php(466): CodeIgniter\CodeIgniter->runController()
 5 SYSTEMPATH/CodeIgniter.php(349): CodeIgniter\CodeIgniter->handleRequest()
 6 FCPATH/index.php(57): CodeIgniter\CodeIgniter->run()
CRITICAL - 2024-07-29 04:47:01 --> Undefined variable $payArray
in APPPATH/Models/Engine.php on line 2230.
 1 APPPATH/Models/Engine.php(2230): CodeIgniter\Debug\Exceptions->errorHandler()
 2 APPPATH/Controllers/Api.php(147): App\Models\Engine->getBillToSynch()
 3 SYSTEMPATH/CodeIgniter.php(896): App\Controllers\Api->postbillpayment()
 4 SYSTEMPATH/CodeIgniter.php(466): CodeIgniter\CodeIgniter->runController()
 5 SYSTEMPATH/CodeIgniter.php(349): CodeIgniter\CodeIgniter->handleRequest()
 6 FCPATH/index.php(57): CodeIgniter\CodeIgniter->run()
CRITICAL - 2024-07-29 04:48:01 --> Undefined variable $payArray
in APPPATH/Models/Engine.php on line 2230.
 1 APPPATH/Models/Engine.php(2230): CodeIgniter\Debug\Exceptions->errorHandler()
 2 APPPATH/Controllers/Api.php(147): App\Models\Engine->getBillToSynch()
 3 SYSTEMPATH/CodeIgniter.php(896): App\Controllers\Api->postbillpayment()
 4 SYSTEMPATH/CodeIgniter.php(466): CodeIgniter\CodeIgniter->runController()
 5 SYSTEMPATH/CodeIgniter.php(349): CodeIgniter\CodeIgniter->handleRequest()
 6 FCPATH/index.php(57): CodeIgniter\CodeIgniter->run()
CRITICAL - 2024-07-29 04:49:01 --> Undefined variable $payArray
in APPPATH/Models/Engine.php on line 2230.
 1 APPPATH/Models/Engine.php(2230): CodeIgniter\Debug\Exceptions->errorHandler()
 2 APPPATH/Controllers/Api.php(147): App\Models\Engine->getBillToSynch()
 3 SYSTEMPATH/CodeIgniter.php(896): App\Controllers\Api->postbillpayment()
 4 SYSTEMPATH/CodeIgniter.php(466): CodeIgniter\CodeIgniter->runController()
 5 SYSTEMPATH/CodeIgniter.php(349): CodeIgniter\CodeIgniter->handleRequest()
 6 FCPATH/index.php(57): CodeIgniter\CodeIgniter->run()
CRITICAL - 2024-07-29 04:50:01 --> Undefined variable $payArray
in APPPATH/Models/Engine.php on line 2230.
 1 APPPATH/Models/Engine.php(2230): CodeIgniter\Debug\Exceptions->errorHandler()
 2 APPPATH/Controllers/Api.php(147): App\Models\Engine->getBillToSynch()
 3 SYSTEMPATH/CodeIgniter.php(896): App\Controllers\Api->postbillpayment()
 4 SYSTEMPATH/CodeIgniter.php(466): CodeIgniter\CodeIgniter->runController()
 5 SYSTEMPATH/CodeIgniter.php(349): CodeIgniter\CodeIgniter->handleRequest()
 6 FCPATH/index.php(57): CodeIgniter\CodeIgniter->run()
CRITICAL - 2024-07-29 04:51:01 --> Undefined variable $payArray
in APPPATH/Models/Engine.php on line 2230.
 1 APPPATH/Models/Engine.php(2230): CodeIgniter\Debug\Exceptions->errorHandler()
 2 APPPATH/Controllers/Api.php(147): App\Models\Engine->getBillToSynch()
 3 SYSTEMPATH/CodeIgniter.php(896): App\Controllers\Api->postbillpayment()
 4 SYSTEMPATH/CodeIgniter.php(466): CodeIgniter\CodeIgniter->runController()
 5 SYSTEMPATH/CodeIgniter.php(349): CodeIgniter\CodeIgniter->handleRequest()
 6 FCPATH/index.php(57): CodeIgniter\CodeIgniter->run()
CRITICAL - 2024-07-29 04:52:01 --> Undefined variable $payArray
in APPPATH/Models/Engine.php on line 2230.
 1 APPPATH/Models/Engine.php(2230): CodeIgniter\Debug\Exceptions->errorHandler()
 2 APPPATH/Controllers/Api.php(147): App\Models\Engine->getBillToSynch()
 3 SYSTEMPATH/CodeIgniter.php(896): App\Controllers\Api->postbillpayment()
 4 SYSTEMPATH/CodeIgniter.php(466): CodeIgniter\CodeIgniter->runController()
 5 SYSTEMPATH/CodeIgniter.php(349): CodeIgniter\CodeIgniter->handleRequest()
 6 FCPATH/index.php(57): CodeIgniter\CodeIgniter->run()
CRITICAL - 2024-07-29 04:53:01 --> Undefined variable $payArray
in APPPATH/Models/Engine.php on line 2230.
 1 APPPATH/Models/Engine.php(2230): CodeIgniter\Debug\Exceptions->errorHandler()
 2 APPPATH/Controllers/Api.php(147): App\Models\Engine->getBillToSynch()
 3 SYSTEMPATH/CodeIgniter.php(896): App\Controllers\Api->postbillpayment()
 4 SYSTEMPATH/CodeIgniter.php(466): CodeIgniter\CodeIgniter->runController()
 5 SYSTEMPATH/CodeIgniter.php(349): CodeIgniter\CodeIgniter->handleRequest()
 6 FCPATH/index.php(57): CodeIgniter\CodeIgniter->run()
CRITICAL - 2024-07-29 04:54:01 --> Undefined variable $payArray
in APPPATH/Models/Engine.php on line 2230.
 1 APPPATH/Models/Engine.php(2230): CodeIgniter\Debug\Exceptions->errorHandler()
 2 APPPATH/Controllers/Api.php(147): App\Models\Engine->getBillToSynch()
 3 SYSTEMPATH/CodeIgniter.php(896): App\Controllers\Api->postbillpayment()
 4 SYSTEMPATH/CodeIgniter.php(466): CodeIgniter\CodeIgniter->runController()
 5 SYSTEMPATH/CodeIgniter.php(349): CodeIgniter\CodeIgniter->handleRequest()
 6 FCPATH/index.php(57): CodeIgniter\CodeIgniter->run()
CRITICAL - 2024-07-29 04:55:02 --> Undefined variable $payArray
in APPPATH/Models/Engine.php on line 2230.
 1 APPPATH/Models/Engine.php(2230): CodeIgniter\Debug\Exceptions->errorHandler()
 2 APPPATH/Controllers/Api.php(147): App\Models\Engine->getBillToSynch()
 3 SYSTEMPATH/CodeIgniter.php(896): App\Controllers\Api->postbillpayment()
 4 SYSTEMPATH/CodeIgniter.php(466): CodeIgniter\CodeIgniter->runController()
 5 SYSTEMPATH/CodeIgniter.php(349): CodeIgniter\CodeIgniter->handleRequest()
 6 FCPATH/index.php(57): CodeIgniter\CodeIgniter->run()
CRITICAL - 2024-07-29 04:56:01 --> Undefined variable $payArray
in APPPATH/Models/Engine.php on line 2230.
 1 APPPATH/Models/Engine.php(2230): CodeIgniter\Debug\Exceptions->errorHandler()
 2 APPPATH/Controllers/Api.php(147): App\Models\Engine->getBillToSynch()
 3 SYSTEMPATH/CodeIgniter.php(896): App\Controllers\Api->postbillpayment()
 4 SYSTEMPATH/CodeIgniter.php(466): CodeIgniter\CodeIgniter->runController()
 5 SYSTEMPATH/CodeIgniter.php(349): CodeIgniter\CodeIgniter->handleRequest()
 6 FCPATH/index.php(57): CodeIgniter\CodeIgniter->run()
CRITICAL - 2024-07-29 04:57:01 --> Undefined variable $payArray
in APPPATH/Models/Engine.php on line 2230.
 1 APPPATH/Models/Engine.php(2230): CodeIgniter\Debug\Exceptions->errorHandler()
 2 APPPATH/Controllers/Api.php(147): App\Models\Engine->getBillToSynch()
 3 SYSTEMPATH/CodeIgniter.php(896): App\Controllers\Api->postbillpayment()
 4 SYSTEMPATH/CodeIgniter.php(466): CodeIgniter\CodeIgniter->runController()
 5 SYSTEMPATH/CodeIgniter.php(349): CodeIgniter\CodeIgniter->handleRequest()
 6 FCPATH/index.php(57): CodeIgniter\CodeIgniter->run()
CRITICAL - 2024-07-29 04:58:01 --> Undefined variable $payArray
in APPPATH/Models/Engine.php on line 2230.
 1 APPPATH/Models/Engine.php(2230): CodeIgniter\Debug\Exceptions->errorHandler()
 2 APPPATH/Controllers/Api.php(147): App\Models\Engine->getBillToSynch()
 3 SYSTEMPATH/CodeIgniter.php(896): App\Controllers\Api->postbillpayment()
 4 SYSTEMPATH/CodeIgniter.php(466): CodeIgniter\CodeIgniter->runController()
 5 SYSTEMPATH/CodeIgniter.php(349): CodeIgniter\CodeIgniter->handleRequest()
 6 FCPATH/index.php(57): CodeIgniter\CodeIgniter->run()
CRITICAL - 2024-07-29 04:59:01 --> Undefined variable $payArray
in APPPATH/Models/Engine.php on line 2230.
 1 APPPATH/Models/Engine.php(2230): CodeIgniter\Debug\Exceptions->errorHandler()
 2 APPPATH/Controllers/Api.php(147): App\Models\Engine->getBillToSynch()
 3 SYSTEMPATH/CodeIgniter.php(896): App\Controllers\Api->postbillpayment()
 4 SYSTEMPATH/CodeIgniter.php(466): CodeIgniter\CodeIgniter->runController()
 5 SYSTEMPATH/CodeIgniter.php(349): CodeIgniter\CodeIgniter->handleRequest()
 6 FCPATH/index.php(57): CodeIgniter\CodeIgniter->run()
CRITICAL - 2024-07-29 05:00:01 --> Undefined variable $payArray
in APPPATH/Models/Engine.php on line 2230.
 1 APPPATH/Models/Engine.php(2230): CodeIgniter\Debug\Exceptions->errorHandler()
 2 APPPATH/Controllers/Api.php(147): App\Models\Engine->getBillToSynch()
 3 SYSTEMPATH/CodeIgniter.php(896): App\Controllers\Api->postbillpayment()
 4 SYSTEMPATH/CodeIgniter.php(466): CodeIgniter\CodeIgniter->runController()
 5 SYSTEMPATH/CodeIgniter.php(349): CodeIgniter\CodeIgniter->handleRequest()
 6 FCPATH/index.php(57): CodeIgniter\CodeIgniter->run()
CRITICAL - 2024-07-29 05:01:01 --> Undefined variable $payArray
in APPPATH/Models/Engine.php on line 2230.
 1 APPPATH/Models/Engine.php(2230): CodeIgniter\Debug\Exceptions->errorHandler()
 2 APPPATH/Controllers/Api.php(147): App\Models\Engine->getBillToSynch()
 3 SYSTEMPATH/CodeIgniter.php(896): App\Controllers\Api->postbillpayment()
 4 SYSTEMPATH/CodeIgniter.php(466): CodeIgniter\CodeIgniter->runController()
 5 SYSTEMPATH/CodeIgniter.php(349): CodeIgniter\CodeIgniter->handleRequest()
 6 FCPATH/index.php(57): CodeIgniter\CodeIgniter->run()
CRITICAL - 2024-07-29 05:02:01 --> Undefined variable $payArray
in APPPATH/Models/Engine.php on line 2230.
 1 APPPATH/Models/Engine.php(2230): CodeIgniter\Debug\Exceptions->errorHandler()
 2 APPPATH/Controllers/Api.php(147): App\Models\Engine->getBillToSynch()
 3 SYSTEMPATH/CodeIgniter.php(896): App\Controllers\Api->postbillpayment()
 4 SYSTEMPATH/CodeIgniter.php(466): CodeIgniter\CodeIgniter->runController()
 5 SYSTEMPATH/CodeIgniter.php(349): CodeIgniter\CodeIgniter->handleRequest()
 6 FCPATH/index.php(57): CodeIgniter\CodeIgniter->run()
CRITICAL - 2024-07-29 05:03:01 --> Undefined variable $payArray
in APPPATH/Models/Engine.php on line 2230.
 1 APPPATH/Models/Engine.php(2230): CodeIgniter\Debug\Exceptions->errorHandler()
 2 APPPATH/Controllers/Api.php(147): App\Models\Engine->getBillToSynch()
 3 SYSTEMPATH/CodeIgniter.php(896): App\Controllers\Api->postbillpayment()
 4 SYSTEMPATH/CodeIgniter.php(466): CodeIgniter\CodeIgniter->runController()
 5 SYSTEMPATH/CodeIgniter.php(349): CodeIgniter\CodeIgniter->handleRequest()
 6 FCPATH/index.php(57): CodeIgniter\CodeIgniter->run()
CRITICAL - 2024-07-29 05:04:01 --> Undefined variable $payArray
in APPPATH/Models/Engine.php on line 2230.
 1 APPPATH/Models/Engine.php(2230): CodeIgniter\Debug\Exceptions->errorHandler()
 2 APPPATH/Controllers/Api.php(147): App\Models\Engine->getBillToSynch()
 3 SYSTEMPATH/CodeIgniter.php(896): App\Controllers\Api->postbillpayment()
 4 SYSTEMPATH/CodeIgniter.php(466): CodeIgniter\CodeIgniter->runController()
 5 SYSTEMPATH/CodeIgniter.php(349): CodeIgniter\CodeIgniter->handleRequest()
 6 FCPATH/index.php(57): CodeIgniter\CodeIgniter->run()
CRITICAL - 2024-07-29 05:05:01 --> Undefined variable $payArray
in APPPATH/Models/Engine.php on line 2230.
 1 APPPATH/Models/Engine.php(2230): CodeIgniter\Debug\Exceptions->errorHandler()
 2 APPPATH/Controllers/Api.php(147): App\Models\Engine->getBillToSynch()
 3 SYSTEMPATH/CodeIgniter.php(896): App\Controllers\Api->postbillpayment()
 4 SYSTEMPATH/CodeIgniter.php(466): CodeIgniter\CodeIgniter->runController()
 5 SYSTEMPATH/CodeIgniter.php(349): CodeIgniter\CodeIgniter->handleRequest()
 6 FCPATH/index.php(57): CodeIgniter\CodeIgniter->run()
CRITICAL - 2024-07-29 05:06:01 --> Undefined variable $payArray
in APPPATH/Models/Engine.php on line 2230.
 1 APPPATH/Models/Engine.php(2230): CodeIgniter\Debug\Exceptions->errorHandler()
 2 APPPATH/Controllers/Api.php(147): App\Models\Engine->getBillToSynch()
 3 SYSTEMPATH/CodeIgniter.php(896): App\Controllers\Api->postbillpayment()
 4 SYSTEMPATH/CodeIgniter.php(466): CodeIgniter\CodeIgniter->runController()
 5 SYSTEMPATH/CodeIgniter.php(349): CodeIgniter\CodeIgniter->handleRequest()
 6 FCPATH/index.php(57): CodeIgniter\CodeIgniter->run()
CRITICAL - 2024-07-29 05:07:01 --> Undefined variable $payArray
in APPPATH/Models/Engine.php on line 2230.
 1 APPPATH/Models/Engine.php(2230): CodeIgniter\Debug\Exceptions->errorHandler()
 2 APPPATH/Controllers/Api.php(147): App\Models\Engine->getBillToSynch()
 3 SYSTEMPATH/CodeIgniter.php(896): App\Controllers\Api->postbillpayment()
 4 SYSTEMPATH/CodeIgniter.php(466): CodeIgniter\CodeIgniter->runController()
 5 SYSTEMPATH/CodeIgniter.php(349): CodeIgniter\CodeIgniter->handleRequest()
 6 FCPATH/index.php(57): CodeIgniter\CodeIgniter->run()
CRITICAL - 2024-07-29 05:08:01 --> Undefined variable $payArray
in APPPATH/Models/Engine.php on line 2230.
 1 APPPATH/Models/Engine.php(2230): CodeIgniter\Debug\Exceptions->errorHandler()
 2 APPPATH/Controllers/Api.php(147): App\Models\Engine->getBillToSynch()
 3 SYSTEMPATH/CodeIgniter.php(896): App\Controllers\Api->postbillpayment()
 4 SYSTEMPATH/CodeIgniter.php(466): CodeIgniter\CodeIgniter->runController()
 5 SYSTEMPATH/CodeIgniter.php(349): CodeIgniter\CodeIgniter->handleRequest()
 6 FCPATH/index.php(57): CodeIgniter\CodeIgniter->run()
CRITICAL - 2024-07-29 05:09:01 --> Undefined variable $payArray
in APPPATH/Models/Engine.php on line 2230.
 1 APPPATH/Models/Engine.php(2230): CodeIgniter\Debug\Exceptions->errorHandler()
 2 APPPATH/Controllers/Api.php(147): App\Models\Engine->getBillToSynch()
 3 SYSTEMPATH/CodeIgniter.php(896): App\Controllers\Api->postbillpayment()
 4 SYSTEMPATH/CodeIgniter.php(466): CodeIgniter\CodeIgniter->runController()
 5 SYSTEMPATH/CodeIgniter.php(349): CodeIgniter\CodeIgniter->handleRequest()
 6 FCPATH/index.php(57): CodeIgniter\CodeIgniter->run()
CRITICAL - 2024-07-29 05:10:01 --> Undefined variable $payArray
in APPPATH/Models/Engine.php on line 2230.
 1 APPPATH/Models/Engine.php(2230): CodeIgniter\Debug\Exceptions->errorHandler()
 2 APPPATH/Controllers/Api.php(147): App\Models\Engine->getBillToSynch()
 3 SYSTEMPATH/CodeIgniter.php(896): App\Controllers\Api->postbillpayment()
 4 SYSTEMPATH/CodeIgniter.php(466): CodeIgniter\CodeIgniter->runController()
 5 SYSTEMPATH/CodeIgniter.php(349): CodeIgniter\CodeIgniter->handleRequest()
 6 FCPATH/index.php(57): CodeIgniter\CodeIgniter->run()
CRITICAL - 2024-07-29 05:11:01 --> Undefined variable $payArray
in APPPATH/Models/Engine.php on line 2230.
 1 APPPATH/Models/Engine.php(2230): CodeIgniter\Debug\Exceptions->errorHandler()
 2 APPPATH/Controllers/Api.php(147): App\Models\Engine->getBillToSynch()
 3 SYSTEMPATH/CodeIgniter.php(896): App\Controllers\Api->postbillpayment()
 4 SYSTEMPATH/CodeIgniter.php(466): CodeIgniter\CodeIgniter->runController()
 5 SYSTEMPATH/CodeIgniter.php(349): CodeIgniter\CodeIgniter->handleRequest()
 6 FCPATH/index.php(57): CodeIgniter\CodeIgniter->run()
CRITICAL - 2024-07-29 05:12:02 --> Undefined variable $payArray
in APPPATH/Models/Engine.php on line 2230.
 1 APPPATH/Models/Engine.php(2230): CodeIgniter\Debug\Exceptions->errorHandler()
 2 APPPATH/Controllers/Api.php(147): App\Models\Engine->getBillToSynch()
 3 SYSTEMPATH/CodeIgniter.php(896): App\Controllers\Api->postbillpayment()
 4 SYSTEMPATH/CodeIgniter.php(466): CodeIgniter\CodeIgniter->runController()
 5 SYSTEMPATH/CodeIgniter.php(349): CodeIgniter\CodeIgniter->handleRequest()
 6 FCPATH/index.php(57): CodeIgniter\CodeIgniter->run()
CRITICAL - 2024-07-29 05:13:01 --> Undefined variable $payArray
in APPPATH/Models/Engine.php on line 2230.
 1 APPPATH/Models/Engine.php(2230): CodeIgniter\Debug\Exceptions->errorHandler()
 2 APPPATH/Controllers/Api.php(147): App\Models\Engine->getBillToSynch()
 3 SYSTEMPATH/CodeIgniter.php(896): App\Controllers\Api->postbillpayment()
 4 SYSTEMPATH/CodeIgniter.php(466): CodeIgniter\CodeIgniter->runController()
 5 SYSTEMPATH/CodeIgniter.php(349): CodeIgniter\CodeIgniter->handleRequest()
 6 FCPATH/index.php(57): CodeIgniter\CodeIgniter->run()
CRITICAL - 2024-07-29 05:14:01 --> Undefined variable $payArray
in APPPATH/Models/Engine.php on line 2230.
 1 APPPATH/Models/Engine.php(2230): CodeIgniter\Debug\Exceptions->errorHandler()
 2 APPPATH/Controllers/Api.php(147): App\Models\Engine->getBillToSynch()
 3 SYSTEMPATH/CodeIgniter.php(896): App\Controllers\Api->postbillpayment()
 4 SYSTEMPATH/CodeIgniter.php(466): CodeIgniter\CodeIgniter->runController()
 5 SYSTEMPATH/CodeIgniter.php(349): CodeIgniter\CodeIgniter->handleRequest()
 6 FCPATH/index.php(57): CodeIgniter\CodeIgniter->run()
CRITICAL - 2024-07-29 05:15:01 --> Undefined variable $payArray
in APPPATH/Models/Engine.php on line 2230.
 1 APPPATH/Models/Engine.php(2230): CodeIgniter\Debug\Exceptions->errorHandler()
 2 APPPATH/Controllers/Api.php(147): App\Models\Engine->getBillToSynch()
 3 SYSTEMPATH/CodeIgniter.php(896): App\Controllers\Api->postbillpayment()
 4 SYSTEMPATH/CodeIgniter.php(466): CodeIgniter\CodeIgniter->runController()
 5 SYSTEMPATH/CodeIgniter.php(349): CodeIgniter\CodeIgniter->handleRequest()
 6 FCPATH/index.php(57): CodeIgniter\CodeIgniter->run()
CRITICAL - 2024-07-29 05:16:01 --> Undefined variable $payArray
in APPPATH/Models/Engine.php on line 2230.
 1 APPPATH/Models/Engine.php(2230): CodeIgniter\Debug\Exceptions->errorHandler()
 2 APPPATH/Controllers/Api.php(147): App\Models\Engine->getBillToSynch()
 3 SYSTEMPATH/CodeIgniter.php(896): App\Controllers\Api->postbillpayment()
 4 SYSTEMPATH/CodeIgniter.php(466): CodeIgniter\CodeIgniter->runController()
 5 SYSTEMPATH/CodeIgniter.php(349): CodeIgniter\CodeIgniter->handleRequest()
 6 FCPATH/index.php(57): CodeIgniter\CodeIgniter->run()
CRITICAL - 2024-07-29 05:17:01 --> Undefined variable $payArray
in APPPATH/Models/Engine.php on line 2230.
 1 APPPATH/Models/Engine.php(2230): CodeIgniter\Debug\Exceptions->errorHandler()
 2 APPPATH/Controllers/Api.php(147): App\Models\Engine->getBillToSynch()
 3 SYSTEMPATH/CodeIgniter.php(896): App\Controllers\Api->postbillpayment()
 4 SYSTEMPATH/CodeIgniter.php(466): CodeIgniter\CodeIgniter->runController()
 5 SYSTEMPATH/CodeIgniter.php(349): CodeIgniter\CodeIgniter->handleRequest()
 6 FCPATH/index.php(57): CodeIgniter\CodeIgniter->run()
CRITICAL - 2024-07-29 05:18:01 --> Undefined variable $payArray
in APPPATH/Models/Engine.php on line 2230.
 1 APPPATH/Models/Engine.php(2230): CodeIgniter\Debug\Exceptions->errorHandler()
 2 APPPATH/Controllers/Api.php(147): App\Models\Engine->getBillToSynch()
 3 SYSTEMPATH/CodeIgniter.php(896): App\Controllers\Api->postbillpayment()
 4 SYSTEMPATH/CodeIgniter.php(466): CodeIgniter\CodeIgniter->runController()
 5 SYSTEMPATH/CodeIgniter.php(349): CodeIgniter\CodeIgniter->handleRequest()
 6 FCPATH/index.php(57): CodeIgniter\CodeIgniter->run()
CRITICAL - 2024-07-29 05:19:01 --> Undefined variable $payArray
in APPPATH/Models/Engine.php on line 2230.
 1 APPPATH/Models/Engine.php(2230): CodeIgniter\Debug\Exceptions->errorHandler()
 2 APPPATH/Controllers/Api.php(147): App\Models\Engine->getBillToSynch()
 3 SYSTEMPATH/CodeIgniter.php(896): App\Controllers\Api->postbillpayment()
 4 SYSTEMPATH/CodeIgniter.php(466): CodeIgniter\CodeIgniter->runController()
 5 SYSTEMPATH/CodeIgniter.php(349): CodeIgniter\CodeIgniter->handleRequest()
 6 FCPATH/index.php(57): CodeIgniter\CodeIgniter->run()
CRITICAL - 2024-07-29 05:20:01 --> Undefined variable $payArray
in APPPATH/Models/Engine.php on line 2230.
 1 APPPATH/Models/Engine.php(2230): CodeIgniter\Debug\Exceptions->errorHandler()
 2 APPPATH/Controllers/Api.php(147): App\Models\Engine->getBillToSynch()
 3 SYSTEMPATH/CodeIgniter.php(896): App\Controllers\Api->postbillpayment()
 4 SYSTEMPATH/CodeIgniter.php(466): CodeIgniter\CodeIgniter->runController()
 5 SYSTEMPATH/CodeIgniter.php(349): CodeIgniter\CodeIgniter->handleRequest()
 6 FCPATH/index.php(57): CodeIgniter\CodeIgniter->run()
CRITICAL - 2024-07-29 05:21:01 --> Undefined variable $payArray
in APPPATH/Models/Engine.php on line 2230.
 1 APPPATH/Models/Engine.php(2230): CodeIgniter\Debug\Exceptions->errorHandler()
 2 APPPATH/Controllers/Api.php(147): App\Models\Engine->getBillToSynch()
 3 SYSTEMPATH/CodeIgniter.php(896): App\Controllers\Api->postbillpayment()
 4 SYSTEMPATH/CodeIgniter.php(466): CodeIgniter\CodeIgniter->runController()
 5 SYSTEMPATH/CodeIgniter.php(349): CodeIgniter\CodeIgniter->handleRequest()
 6 FCPATH/index.php(57): CodeIgniter\CodeIgniter->run()
CRITICAL - 2024-07-29 05:22:01 --> Undefined variable $payArray
in APPPATH/Models/Engine.php on line 2230.
 1 APPPATH/Models/Engine.php(2230): CodeIgniter\Debug\Exceptions->errorHandler()
 2 APPPATH/Controllers/Api.php(147): App\Models\Engine->getBillToSynch()
 3 SYSTEMPATH/CodeIgniter.php(896): App\Controllers\Api->postbillpayment()
 4 SYSTEMPATH/CodeIgniter.php(466): CodeIgniter\CodeIgniter->runController()
 5 SYSTEMPATH/CodeIgniter.php(349): CodeIgniter\CodeIgniter->handleRequest()
 6 FCPATH/index.php(57): CodeIgniter\CodeIgniter->run()
CRITICAL - 2024-07-29 05:23:01 --> Undefined variable $payArray
in APPPATH/Models/Engine.php on line 2230.
 1 APPPATH/Models/Engine.php(2230): CodeIgniter\Debug\Exceptions->errorHandler()
 2 APPPATH/Controllers/Api.php(147): App\Models\Engine->getBillToSynch()
 3 SYSTEMPATH/CodeIgniter.php(896): App\Controllers\Api->postbillpayment()
 4 SYSTEMPATH/CodeIgniter.php(466): CodeIgniter\CodeIgniter->runController()
 5 SYSTEMPATH/CodeIgniter.php(349): CodeIgniter\CodeIgniter->handleRequest()
 6 FCPATH/index.php(57): CodeIgniter\CodeIgniter->run()
CRITICAL - 2024-07-29 05:24:01 --> Undefined variable $payArray
in APPPATH/Models/Engine.php on line 2230.
 1 APPPATH/Models/Engine.php(2230): CodeIgniter\Debug\Exceptions->errorHandler()
 2 APPPATH/Controllers/Api.php(147): App\Models\Engine->getBillToSynch()
 3 SYSTEMPATH/CodeIgniter.php(896): App\Controllers\Api->postbillpayment()
 4 SYSTEMPATH/CodeIgniter.php(466): CodeIgniter\CodeIgniter->runController()
 5 SYSTEMPATH/CodeIgniter.php(349): CodeIgniter\CodeIgniter->handleRequest()
 6 FCPATH/index.php(57): CodeIgniter\CodeIgniter->run()
CRITICAL - 2024-07-29 05:25:01 --> Undefined variable $payArray
in APPPATH/Models/Engine.php on line 2230.
 1 APPPATH/Models/Engine.php(2230): CodeIgniter\Debug\Exceptions->errorHandler()
 2 APPPATH/Controllers/Api.php(147): App\Models\Engine->getBillToSynch()
 3 SYSTEMPATH/CodeIgniter.php(896): App\Controllers\Api->postbillpayment()
 4 SYSTEMPATH/CodeIgniter.php(466): CodeIgniter\CodeIgniter->runController()
 5 SYSTEMPATH/CodeIgniter.php(349): CodeIgniter\CodeIgniter->handleRequest()
 6 FCPATH/index.php(57): CodeIgniter\CodeIgniter->run()
CRITICAL - 2024-07-29 05:26:01 --> Undefined variable $payArray
in APPPATH/Models/Engine.php on line 2230.
 1 APPPATH/Models/Engine.php(2230): CodeIgniter\Debug\Exceptions->errorHandler()
 2 APPPATH/Controllers/Api.php(147): App\Models\Engine->getBillToSynch()
 3 SYSTEMPATH/CodeIgniter.php(896): App\Controllers\Api->postbillpayment()
 4 SYSTEMPATH/CodeIgniter.php(466): CodeIgniter\CodeIgniter->runController()
 5 SYSTEMPATH/CodeIgniter.php(349): CodeIgniter\CodeIgniter->handleRequest()
 6 FCPATH/index.php(57): CodeIgniter\CodeIgniter->run()
CRITICAL - 2024-07-29 05:27:01 --> Undefined variable $payArray
in APPPATH/Models/Engine.php on line 2230.
 1 APPPATH/Models/Engine.php(2230): CodeIgniter\Debug\Exceptions->errorHandler()
 2 APPPATH/Controllers/Api.php(147): App\Models\Engine->getBillToSynch()
 3 SYSTEMPATH/CodeIgniter.php(896): App\Controllers\Api->postbillpayment()
 4 SYSTEMPATH/CodeIgniter.php(466): CodeIgniter\CodeIgniter->runController()
 5 SYSTEMPATH/CodeIgniter.php(349): CodeIgniter\CodeIgniter->handleRequest()
 6 FCPATH/index.php(57): CodeIgniter\CodeIgniter->run()
CRITICAL - 2024-07-29 05:28:01 --> Undefined variable $payArray
in APPPATH/Models/Engine.php on line 2230.
 1 APPPATH/Models/Engine.php(2230): CodeIgniter\Debug\Exceptions->errorHandler()
 2 APPPATH/Controllers/Api.php(147): App\Models\Engine->getBillToSynch()
 3 SYSTEMPATH/CodeIgniter.php(896): App\Controllers\Api->postbillpayment()
 4 SYSTEMPATH/CodeIgniter.php(466): CodeIgniter\CodeIgniter->runController()
 5 SYSTEMPATH/CodeIgniter.php(349): CodeIgniter\CodeIgniter->handleRequest()
 6 FCPATH/index.php(57): CodeIgniter\CodeIgniter->run()
CRITICAL - 2024-07-29 05:29:01 --> Undefined variable $payArray
in APPPATH/Models/Engine.php on line 2230.
 1 APPPATH/Models/Engine.php(2230): CodeIgniter\Debug\Exceptions->errorHandler()
 2 APPPATH/Controllers/Api.php(147): App\Models\Engine->getBillToSynch()
 3 SYSTEMPATH/CodeIgniter.php(896): App\Controllers\Api->postbillpayment()
 4 SYSTEMPATH/CodeIgniter.php(466): CodeIgniter\CodeIgniter->runController()
 5 SYSTEMPATH/CodeIgniter.php(349): CodeIgniter\CodeIgniter->handleRequest()
 6 FCPATH/index.php(57): CodeIgniter\CodeIgniter->run()
CRITICAL - 2024-07-29 05:30:01 --> Undefined variable $payArray
in APPPATH/Models/Engine.php on line 2230.
 1 APPPATH/Models/Engine.php(2230): CodeIgniter\Debug\Exceptions->errorHandler()
 2 APPPATH/Controllers/Api.php(147): App\Models\Engine->getBillToSynch()
 3 SYSTEMPATH/CodeIgniter.php(896): App\Controllers\Api->postbillpayment()
 4 SYSTEMPATH/CodeIgniter.php(466): CodeIgniter\CodeIgniter->runController()
 5 SYSTEMPATH/CodeIgniter.php(349): CodeIgniter\CodeIgniter->handleRequest()
 6 FCPATH/index.php(57): CodeIgniter\CodeIgniter->run()
CRITICAL - 2024-07-29 05:31:01 --> Undefined variable $payArray
in APPPATH/Models/Engine.php on line 2230.
 1 APPPATH/Models/Engine.php(2230): CodeIgniter\Debug\Exceptions->errorHandler()
 2 APPPATH/Controllers/Api.php(147): App\Models\Engine->getBillToSynch()
 3 SYSTEMPATH/CodeIgniter.php(896): App\Controllers\Api->postbillpayment()
 4 SYSTEMPATH/CodeIgniter.php(466): CodeIgniter\CodeIgniter->runController()
 5 SYSTEMPATH/CodeIgniter.php(349): CodeIgniter\CodeIgniter->handleRequest()
 6 FCPATH/index.php(57): CodeIgniter\CodeIgniter->run()
CRITICAL - 2024-07-29 05:32:01 --> Undefined variable $payArray
in APPPATH/Models/Engine.php on line 2230.
 1 APPPATH/Models/Engine.php(2230): CodeIgniter\Debug\Exceptions->errorHandler()
 2 APPPATH/Controllers/Api.php(147): App\Models\Engine->getBillToSynch()
 3 SYSTEMPATH/CodeIgniter.php(896): App\Controllers\Api->postbillpayment()
 4 SYSTEMPATH/CodeIgniter.php(466): CodeIgniter\CodeIgniter->runController()
 5 SYSTEMPATH/CodeIgniter.php(349): CodeIgniter\CodeIgniter->handleRequest()
 6 FCPATH/index.php(57): CodeIgniter\CodeIgniter->run()
CRITICAL - 2024-07-29 05:33:01 --> Undefined variable $payArray
in APPPATH/Models/Engine.php on line 2230.
 1 APPPATH/Models/Engine.php(2230): CodeIgniter\Debug\Exceptions->errorHandler()
 2 APPPATH/Controllers/Api.php(147): App\Models\Engine->getBillToSynch()
 3 SYSTEMPATH/CodeIgniter.php(896): App\Controllers\Api->postbillpayment()
 4 SYSTEMPATH/CodeIgniter.php(466): CodeIgniter\CodeIgniter->runController()
 5 SYSTEMPATH/CodeIgniter.php(349): CodeIgniter\CodeIgniter->handleRequest()
 6 FCPATH/index.php(57): CodeIgniter\CodeIgniter->run()
CRITICAL - 2024-07-29 05:34:01 --> Undefined variable $payArray
in APPPATH/Models/Engine.php on line 2230.
 1 APPPATH/Models/Engine.php(2230): CodeIgniter\Debug\Exceptions->errorHandler()
 2 APPPATH/Controllers/Api.php(147): App\Models\Engine->getBillToSynch()
 3 SYSTEMPATH/CodeIgniter.php(896): App\Controllers\Api->postbillpayment()
 4 SYSTEMPATH/CodeIgniter.php(466): CodeIgniter\CodeIgniter->runController()
 5 SYSTEMPATH/CodeIgniter.php(349): CodeIgniter\CodeIgniter->handleRequest()
 6 FCPATH/index.php(57): CodeIgniter\CodeIgniter->run()
CRITICAL - 2024-07-29 05:35:01 --> Undefined variable $payArray
in APPPATH/Models/Engine.php on line 2230.
 1 APPPATH/Models/Engine.php(2230): CodeIgniter\Debug\Exceptions->errorHandler()
 2 APPPATH/Controllers/Api.php(147): App\Models\Engine->getBillToSynch()
 3 SYSTEMPATH/CodeIgniter.php(896): App\Controllers\Api->postbillpayment()
 4 SYSTEMPATH/CodeIgniter.php(466): CodeIgniter\CodeIgniter->runController()
 5 SYSTEMPATH/CodeIgniter.php(349): CodeIgniter\CodeIgniter->handleRequest()
 6 FCPATH/index.php(57): CodeIgniter\CodeIgniter->run()
CRITICAL - 2024-07-29 05:36:01 --> Undefined variable $payArray
in APPPATH/Models/Engine.php on line 2230.
 1 APPPATH/Models/Engine.php(2230): CodeIgniter\Debug\Exceptions->errorHandler()
 2 APPPATH/Controllers/Api.php(147): App\Models\Engine->getBillToSynch()
 3 SYSTEMPATH/CodeIgniter.php(896): App\Controllers\Api->postbillpayment()
 4 SYSTEMPATH/CodeIgniter.php(466): CodeIgniter\CodeIgniter->runController()
 5 SYSTEMPATH/CodeIgniter.php(349): CodeIgniter\CodeIgniter->handleRequest()
 6 FCPATH/index.php(57): CodeIgniter\CodeIgniter->run()
CRITICAL - 2024-07-29 05:37:01 --> Undefined variable $payArray
in APPPATH/Models/Engine.php on line 2230.
 1 APPPATH/Models/Engine.php(2230): CodeIgniter\Debug\Exceptions->errorHandler()
 2 APPPATH/Controllers/Api.php(147): App\Models\Engine->getBillToSynch()
 3 SYSTEMPATH/CodeIgniter.php(896): App\Controllers\Api->postbillpayment()
 4 SYSTEMPATH/CodeIgniter.php(466): CodeIgniter\CodeIgniter->runController()
 5 SYSTEMPATH/CodeIgniter.php(349): CodeIgniter\CodeIgniter->handleRequest()
 6 FCPATH/index.php(57): CodeIgniter\CodeIgniter->run()
CRITICAL - 2024-07-29 05:38:01 --> Undefined variable $payArray
in APPPATH/Models/Engine.php on line 2230.
 1 APPPATH/Models/Engine.php(2230): CodeIgniter\Debug\Exceptions->errorHandler()
 2 APPPATH/Controllers/Api.php(147): App\Models\Engine->getBillToSynch()
 3 SYSTEMPATH/CodeIgniter.php(896): App\Controllers\Api->postbillpayment()
 4 SYSTEMPATH/CodeIgniter.php(466): CodeIgniter\CodeIgniter->runController()
 5 SYSTEMPATH/CodeIgniter.php(349): CodeIgniter\CodeIgniter->handleRequest()
 6 FCPATH/index.php(57): CodeIgniter\CodeIgniter->run()
CRITICAL - 2024-07-29 05:39:01 --> Undefined variable $payArray
in APPPATH/Models/Engine.php on line 2230.
 1 APPPATH/Models/Engine.php(2230): CodeIgniter\Debug\Exceptions->errorHandler()
 2 APPPATH/Controllers/Api.php(147): App\Models\Engine->getBillToSynch()
 3 SYSTEMPATH/CodeIgniter.php(896): App\Controllers\Api->postbillpayment()
 4 SYSTEMPATH/CodeIgniter.php(466): CodeIgniter\CodeIgniter->runController()
 5 SYSTEMPATH/CodeIgniter.php(349): CodeIgniter\CodeIgniter->handleRequest()
 6 FCPATH/index.php(57): CodeIgniter\CodeIgniter->run()
CRITICAL - 2024-07-29 05:40:01 --> Undefined variable $payArray
in APPPATH/Models/Engine.php on line 2230.
 1 APPPATH/Models/Engine.php(2230): CodeIgniter\Debug\Exceptions->errorHandler()
 2 APPPATH/Controllers/Api.php(147): App\Models\Engine->getBillToSynch()
 3 SYSTEMPATH/CodeIgniter.php(896): App\Controllers\Api->postbillpayment()
 4 SYSTEMPATH/CodeIgniter.php(466): CodeIgniter\CodeIgniter->runController()
 5 SYSTEMPATH/CodeIgniter.php(349): CodeIgniter\CodeIgniter->handleRequest()
 6 FCPATH/index.php(57): CodeIgniter\CodeIgniter->run()
CRITICAL - 2024-07-29 05:41:01 --> Undefined variable $payArray
in APPPATH/Models/Engine.php on line 2230.
 1 APPPATH/Models/Engine.php(2230): CodeIgniter\Debug\Exceptions->errorHandler()
 2 APPPATH/Controllers/Api.php(147): App\Models\Engine->getBillToSynch()
 3 SYSTEMPATH/CodeIgniter.php(896): App\Controllers\Api->postbillpayment()
 4 SYSTEMPATH/CodeIgniter.php(466): CodeIgniter\CodeIgniter->runController()
 5 SYSTEMPATH/CodeIgniter.php(349): CodeIgniter\CodeIgniter->handleRequest()
 6 FCPATH/index.php(57): CodeIgniter\CodeIgniter->run()
CRITICAL - 2024-07-29 05:42:01 --> Undefined variable $payArray
in APPPATH/Models/Engine.php on line 2230.
 1 APPPATH/Models/Engine.php(2230): CodeIgniter\Debug\Exceptions->errorHandler()
 2 APPPATH/Controllers/Api.php(147): App\Models\Engine->getBillToSynch()
 3 SYSTEMPATH/CodeIgniter.php(896): App\Controllers\Api->postbillpayment()
 4 SYSTEMPATH/CodeIgniter.php(466): CodeIgniter\CodeIgniter->runController()
 5 SYSTEMPATH/CodeIgniter.php(349): CodeIgniter\CodeIgniter->handleRequest()
 6 FCPATH/index.php(57): CodeIgniter\CodeIgniter->run()
CRITICAL - 2024-07-29 05:43:01 --> Undefined variable $payArray
in APPPATH/Models/Engine.php on line 2230.
 1 APPPATH/Models/Engine.php(2230): CodeIgniter\Debug\Exceptions->errorHandler()
 2 APPPATH/Controllers/Api.php(147): App\Models\Engine->getBillToSynch()
 3 SYSTEMPATH/CodeIgniter.php(896): App\Controllers\Api->postbillpayment()
 4 SYSTEMPATH/CodeIgniter.php(466): CodeIgniter\CodeIgniter->runController()
 5 SYSTEMPATH/CodeIgniter.php(349): CodeIgniter\CodeIgniter->handleRequest()
 6 FCPATH/index.php(57): CodeIgniter\CodeIgniter->run()
CRITICAL - 2024-07-29 05:44:01 --> Undefined variable $payArray
in APPPATH/Models/Engine.php on line 2230.
 1 APPPATH/Models/Engine.php(2230): CodeIgniter\Debug\Exceptions->errorHandler()
 2 APPPATH/Controllers/Api.php(147): App\Models\Engine->getBillToSynch()
 3 SYSTEMPATH/CodeIgniter.php(896): App\Controllers\Api->postbillpayment()
 4 SYSTEMPATH/CodeIgniter.php(466): CodeIgniter\CodeIgniter->runController()
 5 SYSTEMPATH/CodeIgniter.php(349): CodeIgniter\CodeIgniter->handleRequest()
 6 FCPATH/index.php(57): CodeIgniter\CodeIgniter->run()
CRITICAL - 2024-07-29 05:45:01 --> Undefined variable $payArray
in APPPATH/Models/Engine.php on line 2230.
 1 APPPATH/Models/Engine.php(2230): CodeIgniter\Debug\Exceptions->errorHandler()
 2 APPPATH/Controllers/Api.php(147): App\Models\Engine->getBillToSynch()
 3 SYSTEMPATH/CodeIgniter.php(896): App\Controllers\Api->postbillpayment()
 4 SYSTEMPATH/CodeIgniter.php(466): CodeIgniter\CodeIgniter->runController()
 5 SYSTEMPATH/CodeIgniter.php(349): CodeIgniter\CodeIgniter->handleRequest()
 6 FCPATH/index.php(57): CodeIgniter\CodeIgniter->run()
CRITICAL - 2024-07-29 05:46:01 --> Undefined variable $payArray
in APPPATH/Models/Engine.php on line 2230.
 1 APPPATH/Models/Engine.php(2230): CodeIgniter\Debug\Exceptions->errorHandler()
 2 APPPATH/Controllers/Api.php(147): App\Models\Engine->getBillToSynch()
 3 SYSTEMPATH/CodeIgniter.php(896): App\Controllers\Api->postbillpayment()
 4 SYSTEMPATH/CodeIgniter.php(466): CodeIgniter\CodeIgniter->runController()
 5 SYSTEMPATH/CodeIgniter.php(349): CodeIgniter\CodeIgniter->handleRequest()
 6 FCPATH/index.php(57): CodeIgniter\CodeIgniter->run()
CRITICAL - 2024-07-29 05:47:02 --> Undefined variable $payArray
in APPPATH/Models/Engine.php on line 2230.
 1 APPPATH/Models/Engine.php(2230): CodeIgniter\Debug\Exceptions->errorHandler()
 2 APPPATH/Controllers/Api.php(147): App\Models\Engine->getBillToSynch()
 3 SYSTEMPATH/CodeIgniter.php(896): App\Controllers\Api->postbillpayment()
 4 SYSTEMPATH/CodeIgniter.php(466): CodeIgniter\CodeIgniter->runController()
 5 SYSTEMPATH/CodeIgniter.php(349): CodeIgniter\CodeIgniter->handleRequest()
 6 FCPATH/index.php(57): CodeIgniter\CodeIgniter->run()
CRITICAL - 2024-07-29 05:48:01 --> Undefined variable $payArray
in APPPATH/Models/Engine.php on line 2230.
 1 APPPATH/Models/Engine.php(2230): CodeIgniter\Debug\Exceptions->errorHandler()
 2 APPPATH/Controllers/Api.php(147): App\Models\Engine->getBillToSynch()
 3 SYSTEMPATH/CodeIgniter.php(896): App\Controllers\Api->postbillpayment()
 4 SYSTEMPATH/CodeIgniter.php(466): CodeIgniter\CodeIgniter->runController()
 5 SYSTEMPATH/CodeIgniter.php(349): CodeIgniter\CodeIgniter->handleRequest()
 6 FCPATH/index.php(57): CodeIgniter\CodeIgniter->run()
CRITICAL - 2024-07-29 05:49:01 --> Undefined variable $payArray
in APPPATH/Models/Engine.php on line 2230.
 1 APPPATH/Models/Engine.php(2230): CodeIgniter\Debug\Exceptions->errorHandler()
 2 APPPATH/Controllers/Api.php(147): App\Models\Engine->getBillToSynch()
 3 SYSTEMPATH/CodeIgniter.php(896): App\Controllers\Api->postbillpayment()
 4 SYSTEMPATH/CodeIgniter.php(466): CodeIgniter\CodeIgniter->runController()
 5 SYSTEMPATH/CodeIgniter.php(349): CodeIgniter\CodeIgniter->handleRequest()
 6 FCPATH/index.php(57): CodeIgniter\CodeIgniter->run()
CRITICAL - 2024-07-29 05:50:01 --> Undefined variable $payArray
in APPPATH/Models/Engine.php on line 2230.
 1 APPPATH/Models/Engine.php(2230): CodeIgniter\Debug\Exceptions->errorHandler()
 2 APPPATH/Controllers/Api.php(147): App\Models\Engine->getBillToSynch()
 3 SYSTEMPATH/CodeIgniter.php(896): App\Controllers\Api->postbillpayment()
 4 SYSTEMPATH/CodeIgniter.php(466): CodeIgniter\CodeIgniter->runController()
 5 SYSTEMPATH/CodeIgniter.php(349): CodeIgniter\CodeIgniter->handleRequest()
 6 FCPATH/index.php(57): CodeIgniter\CodeIgniter->run()
CRITICAL - 2024-07-29 05:51:01 --> Undefined variable $payArray
in APPPATH/Models/Engine.php on line 2230.
 1 APPPATH/Models/Engine.php(2230): CodeIgniter\Debug\Exceptions->errorHandler()
 2 APPPATH/Controllers/Api.php(147): App\Models\Engine->getBillToSynch()
 3 SYSTEMPATH/CodeIgniter.php(896): App\Controllers\Api->postbillpayment()
 4 SYSTEMPATH/CodeIgniter.php(466): CodeIgniter\CodeIgniter->runController()
 5 SYSTEMPATH/CodeIgniter.php(349): CodeIgniter\CodeIgniter->handleRequest()
 6 FCPATH/index.php(57): CodeIgniter\CodeIgniter->run()
CRITICAL - 2024-07-29 05:52:01 --> Undefined variable $payArray
in APPPATH/Models/Engine.php on line 2230.
 1 APPPATH/Models/Engine.php(2230): CodeIgniter\Debug\Exceptions->errorHandler()
 2 APPPATH/Controllers/Api.php(147): App\Models\Engine->getBillToSynch()
 3 SYSTEMPATH/CodeIgniter.php(896): App\Controllers\Api->postbillpayment()
 4 SYSTEMPATH/CodeIgniter.php(466): CodeIgniter\CodeIgniter->runController()
 5 SYSTEMPATH/CodeIgniter.php(349): CodeIgniter\CodeIgniter->handleRequest()
 6 FCPATH/index.php(57): CodeIgniter\CodeIgniter->run()
CRITICAL - 2024-07-29 05:53:01 --> Undefined variable $payArray
in APPPATH/Models/Engine.php on line 2230.
 1 APPPATH/Models/Engine.php(2230): CodeIgniter\Debug\Exceptions->errorHandler()
 2 APPPATH/Controllers/Api.php(147): App\Models\Engine->getBillToSynch()
 3 SYSTEMPATH/CodeIgniter.php(896): App\Controllers\Api->postbillpayment()
 4 SYSTEMPATH/CodeIgniter.php(466): CodeIgniter\CodeIgniter->runController()
 5 SYSTEMPATH/CodeIgniter.php(349): CodeIgniter\CodeIgniter->handleRequest()
 6 FCPATH/index.php(57): CodeIgniter\CodeIgniter->run()
CRITICAL - 2024-07-29 05:54:02 --> Undefined variable $payArray
in APPPATH/Models/Engine.php on line 2230.
 1 APPPATH/Models/Engine.php(2230): CodeIgniter\Debug\Exceptions->errorHandler()
 2 APPPATH/Controllers/Api.php(147): App\Models\Engine->getBillToSynch()
 3 SYSTEMPATH/CodeIgniter.php(896): App\Controllers\Api->postbillpayment()
 4 SYSTEMPATH/CodeIgniter.php(466): CodeIgniter\CodeIgniter->runController()
 5 SYSTEMPATH/CodeIgniter.php(349): CodeIgniter\CodeIgniter->handleRequest()
 6 FCPATH/index.php(57): CodeIgniter\CodeIgniter->run()
CRITICAL - 2024-07-29 05:55:01 --> Undefined variable $payArray
in APPPATH/Models/Engine.php on line 2230.
 1 APPPATH/Models/Engine.php(2230): CodeIgniter\Debug\Exceptions->errorHandler()
 2 APPPATH/Controllers/Api.php(147): App\Models\Engine->getBillToSynch()
 3 SYSTEMPATH/CodeIgniter.php(896): App\Controllers\Api->postbillpayment()
 4 SYSTEMPATH/CodeIgniter.php(466): CodeIgniter\CodeIgniter->runController()
 5 SYSTEMPATH/CodeIgniter.php(349): CodeIgniter\CodeIgniter->handleRequest()
 6 FCPATH/index.php(57): CodeIgniter\CodeIgniter->run()
CRITICAL - 2024-07-29 05:56:01 --> Undefined variable $payArray
in APPPATH/Models/Engine.php on line 2230.
 1 APPPATH/Models/Engine.php(2230): CodeIgniter\Debug\Exceptions->errorHandler()
 2 APPPATH/Controllers/Api.php(147): App\Models\Engine->getBillToSynch()
 3 SYSTEMPATH/CodeIgniter.php(896): App\Controllers\Api->postbillpayment()
 4 SYSTEMPATH/CodeIgniter.php(466): CodeIgniter\CodeIgniter->runController()
 5 SYSTEMPATH/CodeIgniter.php(349): CodeIgniter\CodeIgniter->handleRequest()
 6 FCPATH/index.php(57): CodeIgniter\CodeIgniter->run()
CRITICAL - 2024-07-29 05:57:01 --> Undefined variable $payArray
in APPPATH/Models/Engine.php on line 2230.
 1 APPPATH/Models/Engine.php(2230): CodeIgniter\Debug\Exceptions->errorHandler()
 2 APPPATH/Controllers/Api.php(147): App\Models\Engine->getBillToSynch()
 3 SYSTEMPATH/CodeIgniter.php(896): App\Controllers\Api->postbillpayment()
 4 SYSTEMPATH/CodeIgniter.php(466): CodeIgniter\CodeIgniter->runController()
 5 SYSTEMPATH/CodeIgniter.php(349): CodeIgniter\CodeIgniter->handleRequest()
 6 FCPATH/index.php(57): CodeIgniter\CodeIgniter->run()
CRITICAL - 2024-07-29 05:58:02 --> Undefined variable $payArray
in APPPATH/Models/Engine.php on line 2230.
 1 APPPATH/Models/Engine.php(2230): CodeIgniter\Debug\Exceptions->errorHandler()
 2 APPPATH/Controllers/Api.php(147): App\Models\Engine->getBillToSynch()
 3 SYSTEMPATH/CodeIgniter.php(896): App\Controllers\Api->postbillpayment()
 4 SYSTEMPATH/CodeIgniter.php(466): CodeIgniter\CodeIgniter->runController()
 5 SYSTEMPATH/CodeIgniter.php(349): CodeIgniter\CodeIgniter->handleRequest()
 6 FCPATH/index.php(57): CodeIgniter\CodeIgniter->run()
CRITICAL - 2024-07-29 05:59:01 --> Undefined variable $payArray
in APPPATH/Models/Engine.php on line 2230.
 1 APPPATH/Models/Engine.php(2230): CodeIgniter\Debug\Exceptions->errorHandler()
 2 APPPATH/Controllers/Api.php(147): App\Models\Engine->getBillToSynch()
 3 SYSTEMPATH/CodeIgniter.php(896): App\Controllers\Api->postbillpayment()
 4 SYSTEMPATH/CodeIgniter.php(466): CodeIgniter\CodeIgniter->runController()
 5 SYSTEMPATH/CodeIgniter.php(349): CodeIgniter\CodeIgniter->handleRequest()
 6 FCPATH/index.php(57): CodeIgniter\CodeIgniter->run()
CRITICAL - 2024-07-29 06:00:01 --> Undefined variable $payArray
in APPPATH/Models/Engine.php on line 2230.
 1 APPPATH/Models/Engine.php(2230): CodeIgniter\Debug\Exceptions->errorHandler()
 2 APPPATH/Controllers/Api.php(147): App\Models\Engine->getBillToSynch()
 3 SYSTEMPATH/CodeIgniter.php(896): App\Controllers\Api->postbillpayment()
 4 SYSTEMPATH/CodeIgniter.php(466): CodeIgniter\CodeIgniter->runController()
 5 SYSTEMPATH/CodeIgniter.php(349): CodeIgniter\CodeIgniter->handleRequest()
 6 FCPATH/index.php(57): CodeIgniter\CodeIgniter->run()
CRITICAL - 2024-07-29 06:01:01 --> Undefined variable $payArray
in APPPATH/Models/Engine.php on line 2230.
 1 APPPATH/Models/Engine.php(2230): CodeIgniter\Debug\Exceptions->errorHandler()
 2 APPPATH/Controllers/Api.php(147): App\Models\Engine->getBillToSynch()
 3 SYSTEMPATH/CodeIgniter.php(896): App\Controllers\Api->postbillpayment()
 4 SYSTEMPATH/CodeIgniter.php(466): CodeIgniter\CodeIgniter->runController()
 5 SYSTEMPATH/CodeIgniter.php(349): CodeIgniter\CodeIgniter->handleRequest()
 6 FCPATH/index.php(57): CodeIgniter\CodeIgniter->run()
CRITICAL - 2024-07-29 06:02:01 --> Undefined variable $payArray
in APPPATH/Models/Engine.php on line 2230.
 1 APPPATH/Models/Engine.php(2230): CodeIgniter\Debug\Exceptions->errorHandler()
 2 APPPATH/Controllers/Api.php(147): App\Models\Engine->getBillToSynch()
 3 SYSTEMPATH/CodeIgniter.php(896): App\Controllers\Api->postbillpayment()
 4 SYSTEMPATH/CodeIgniter.php(466): CodeIgniter\CodeIgniter->runController()
 5 SYSTEMPATH/CodeIgniter.php(349): CodeIgniter\CodeIgniter->handleRequest()
 6 FCPATH/index.php(57): CodeIgniter\CodeIgniter->run()
CRITICAL - 2024-07-29 06:03:01 --> Undefined variable $payArray
in APPPATH/Models/Engine.php on line 2230.
 1 APPPATH/Models/Engine.php(2230): CodeIgniter\Debug\Exceptions->errorHandler()
 2 APPPATH/Controllers/Api.php(147): App\Models\Engine->getBillToSynch()
 3 SYSTEMPATH/CodeIgniter.php(896): App\Controllers\Api->postbillpayment()
 4 SYSTEMPATH/CodeIgniter.php(466): CodeIgniter\CodeIgniter->runController()
 5 SYSTEMPATH/CodeIgniter.php(349): CodeIgniter\CodeIgniter->handleRequest()
 6 FCPATH/index.php(57): CodeIgniter\CodeIgniter->run()
CRITICAL - 2024-07-29 06:04:01 --> Undefined variable $payArray
in APPPATH/Models/Engine.php on line 2230.
 1 APPPATH/Models/Engine.php(2230): CodeIgniter\Debug\Exceptions->errorHandler()
 2 APPPATH/Controllers/Api.php(147): App\Models\Engine->getBillToSynch()
 3 SYSTEMPATH/CodeIgniter.php(896): App\Controllers\Api->postbillpayment()
 4 SYSTEMPATH/CodeIgniter.php(466): CodeIgniter\CodeIgniter->runController()
 5 SYSTEMPATH/CodeIgniter.php(349): CodeIgniter\CodeIgniter->handleRequest()
 6 FCPATH/index.php(57): CodeIgniter\CodeIgniter->run()
CRITICAL - 2024-07-29 06:05:01 --> Undefined variable $payArray
in APPPATH/Models/Engine.php on line 2230.
 1 APPPATH/Models/Engine.php(2230): CodeIgniter\Debug\Exceptions->errorHandler()
 2 APPPATH/Controllers/Api.php(147): App\Models\Engine->getBillToSynch()
 3 SYSTEMPATH/CodeIgniter.php(896): App\Controllers\Api->postbillpayment()
 4 SYSTEMPATH/CodeIgniter.php(466): CodeIgniter\CodeIgniter->runController()
 5 SYSTEMPATH/CodeIgniter.php(349): CodeIgniter\CodeIgniter->handleRequest()
 6 FCPATH/index.php(57): CodeIgniter\CodeIgniter->run()
CRITICAL - 2024-07-29 06:06:01 --> Undefined variable $payArray
in APPPATH/Models/Engine.php on line 2230.
 1 APPPATH/Models/Engine.php(2230): CodeIgniter\Debug\Exceptions->errorHandler()
 2 APPPATH/Controllers/Api.php(147): App\Models\Engine->getBillToSynch()
 3 SYSTEMPATH/CodeIgniter.php(896): App\Controllers\Api->postbillpayment()
 4 SYSTEMPATH/CodeIgniter.php(466): CodeIgniter\CodeIgniter->runController()
 5 SYSTEMPATH/CodeIgniter.php(349): CodeIgniter\CodeIgniter->handleRequest()
 6 FCPATH/index.php(57): CodeIgniter\CodeIgniter->run()
CRITICAL - 2024-07-29 06:07:01 --> Undefined variable $payArray
in APPPATH/Models/Engine.php on line 2230.
 1 APPPATH/Models/Engine.php(2230): CodeIgniter\Debug\Exceptions->errorHandler()
 2 APPPATH/Controllers/Api.php(147): App\Models\Engine->getBillToSynch()
 3 SYSTEMPATH/CodeIgniter.php(896): App\Controllers\Api->postbillpayment()
 4 SYSTEMPATH/CodeIgniter.php(466): CodeIgniter\CodeIgniter->runController()
 5 SYSTEMPATH/CodeIgniter.php(349): CodeIgniter\CodeIgniter->handleRequest()
 6 FCPATH/index.php(57): CodeIgniter\CodeIgniter->run()
CRITICAL - 2024-07-29 06:08:01 --> Undefined variable $payArray
in APPPATH/Models/Engine.php on line 2230.
 1 APPPATH/Models/Engine.php(2230): CodeIgniter\Debug\Exceptions->errorHandler()
 2 APPPATH/Controllers/Api.php(147): App\Models\Engine->getBillToSynch()
 3 SYSTEMPATH/CodeIgniter.php(896): App\Controllers\Api->postbillpayment()
 4 SYSTEMPATH/CodeIgniter.php(466): CodeIgniter\CodeIgniter->runController()
 5 SYSTEMPATH/CodeIgniter.php(349): CodeIgniter\CodeIgniter->handleRequest()
 6 FCPATH/index.php(57): CodeIgniter\CodeIgniter->run()
CRITICAL - 2024-07-29 06:09:01 --> Undefined variable $payArray
in APPPATH/Models/Engine.php on line 2230.
 1 APPPATH/Models/Engine.php(2230): CodeIgniter\Debug\Exceptions->errorHandler()
 2 APPPATH/Controllers/Api.php(147): App\Models\Engine->getBillToSynch()
 3 SYSTEMPATH/CodeIgniter.php(896): App\Controllers\Api->postbillpayment()
 4 SYSTEMPATH/CodeIgniter.php(466): CodeIgniter\CodeIgniter->runController()
 5 SYSTEMPATH/CodeIgniter.php(349): CodeIgniter\CodeIgniter->handleRequest()
 6 FCPATH/index.php(57): CodeIgniter\CodeIgniter->run()
CRITICAL - 2024-07-29 06:10:01 --> Undefined variable $payArray
in APPPATH/Models/Engine.php on line 2230.
 1 APPPATH/Models/Engine.php(2230): CodeIgniter\Debug\Exceptions->errorHandler()
 2 APPPATH/Controllers/Api.php(147): App\Models\Engine->getBillToSynch()
 3 SYSTEMPATH/CodeIgniter.php(896): App\Controllers\Api->postbillpayment()
 4 SYSTEMPATH/CodeIgniter.php(466): CodeIgniter\CodeIgniter->runController()
 5 SYSTEMPATH/CodeIgniter.php(349): CodeIgniter\CodeIgniter->handleRequest()
 6 FCPATH/index.php(57): CodeIgniter\CodeIgniter->run()
CRITICAL - 2024-07-29 06:11:01 --> Undefined variable $payArray
in APPPATH/Models/Engine.php on line 2230.
 1 APPPATH/Models/Engine.php(2230): CodeIgniter\Debug\Exceptions->errorHandler()
 2 APPPATH/Controllers/Api.php(147): App\Models\Engine->getBillToSynch()
 3 SYSTEMPATH/CodeIgniter.php(896): App\Controllers\Api->postbillpayment()
 4 SYSTEMPATH/CodeIgniter.php(466): CodeIgniter\CodeIgniter->runController()
 5 SYSTEMPATH/CodeIgniter.php(349): CodeIgniter\CodeIgniter->handleRequest()
 6 FCPATH/index.php(57): CodeIgniter\CodeIgniter->run()
CRITICAL - 2024-07-29 06:12:01 --> Undefined variable $payArray
in APPPATH/Models/Engine.php on line 2230.
 1 APPPATH/Models/Engine.php(2230): CodeIgniter\Debug\Exceptions->errorHandler()
 2 APPPATH/Controllers/Api.php(147): App\Models\Engine->getBillToSynch()
 3 SYSTEMPATH/CodeIgniter.php(896): App\Controllers\Api->postbillpayment()
 4 SYSTEMPATH/CodeIgniter.php(466): CodeIgniter\CodeIgniter->runController()
 5 SYSTEMPATH/CodeIgniter.php(349): CodeIgniter\CodeIgniter->handleRequest()
 6 FCPATH/index.php(57): CodeIgniter\CodeIgniter->run()
CRITICAL - 2024-07-29 06:13:01 --> Undefined variable $payArray
in APPPATH/Models/Engine.php on line 2230.
 1 APPPATH/Models/Engine.php(2230): CodeIgniter\Debug\Exceptions->errorHandler()
 2 APPPATH/Controllers/Api.php(147): App\Models\Engine->getBillToSynch()
 3 SYSTEMPATH/CodeIgniter.php(896): App\Controllers\Api->postbillpayment()
 4 SYSTEMPATH/CodeIgniter.php(466): CodeIgniter\CodeIgniter->runController()
 5 SYSTEMPATH/CodeIgniter.php(349): CodeIgniter\CodeIgniter->handleRequest()
 6 FCPATH/index.php(57): CodeIgniter\CodeIgniter->run()
CRITICAL - 2024-07-29 06:14:01 --> Undefined variable $payArray
in APPPATH/Models/Engine.php on line 2230.
 1 APPPATH/Models/Engine.php(2230): CodeIgniter\Debug\Exceptions->errorHandler()
 2 APPPATH/Controllers/Api.php(147): App\Models\Engine->getBillToSynch()
 3 SYSTEMPATH/CodeIgniter.php(896): App\Controllers\Api->postbillpayment()
 4 SYSTEMPATH/CodeIgniter.php(466): CodeIgniter\CodeIgniter->runController()
 5 SYSTEMPATH/CodeIgniter.php(349): CodeIgniter\CodeIgniter->handleRequest()
 6 FCPATH/index.php(57): CodeIgniter\CodeIgniter->run()
CRITICAL - 2024-07-29 06:15:01 --> Undefined variable $payArray
in APPPATH/Models/Engine.php on line 2230.
 1 APPPATH/Models/Engine.php(2230): CodeIgniter\Debug\Exceptions->errorHandler()
 2 APPPATH/Controllers/Api.php(147): App\Models\Engine->getBillToSynch()
 3 SYSTEMPATH/CodeIgniter.php(896): App\Controllers\Api->postbillpayment()
 4 SYSTEMPATH/CodeIgniter.php(466): CodeIgniter\CodeIgniter->runController()
 5 SYSTEMPATH/CodeIgniter.php(349): CodeIgniter\CodeIgniter->handleRequest()
 6 FCPATH/index.php(57): CodeIgniter\CodeIgniter->run()
CRITICAL - 2024-07-29 06:16:02 --> Undefined variable $payArray
in APPPATH/Models/Engine.php on line 2230.
 1 APPPATH/Models/Engine.php(2230): CodeIgniter\Debug\Exceptions->errorHandler()
 2 APPPATH/Controllers/Api.php(147): App\Models\Engine->getBillToSynch()
 3 SYSTEMPATH/CodeIgniter.php(896): App\Controllers\Api->postbillpayment()
 4 SYSTEMPATH/CodeIgniter.php(466): CodeIgniter\CodeIgniter->runController()
 5 SYSTEMPATH/CodeIgniter.php(349): CodeIgniter\CodeIgniter->handleRequest()
 6 FCPATH/index.php(57): CodeIgniter\CodeIgniter->run()
CRITICAL - 2024-07-29 06:17:02 --> Undefined variable $payArray
in APPPATH/Models/Engine.php on line 2230.
 1 APPPATH/Models/Engine.php(2230): CodeIgniter\Debug\Exceptions->errorHandler()
 2 APPPATH/Controllers/Api.php(147): App\Models\Engine->getBillToSynch()
 3 SYSTEMPATH/CodeIgniter.php(896): App\Controllers\Api->postbillpayment()
 4 SYSTEMPATH/CodeIgniter.php(466): CodeIgniter\CodeIgniter->runController()
 5 SYSTEMPATH/CodeIgniter.php(349): CodeIgniter\CodeIgniter->handleRequest()
 6 FCPATH/index.php(57): CodeIgniter\CodeIgniter->run()
CRITICAL - 2024-07-29 06:18:01 --> Undefined variable $payArray
in APPPATH/Models/Engine.php on line 2230.
 1 APPPATH/Models/Engine.php(2230): CodeIgniter\Debug\Exceptions->errorHandler()
 2 APPPATH/Controllers/Api.php(147): App\Models\Engine->getBillToSynch()
 3 SYSTEMPATH/CodeIgniter.php(896): App\Controllers\Api->postbillpayment()
 4 SYSTEMPATH/CodeIgniter.php(466): CodeIgniter\CodeIgniter->runController()
 5 SYSTEMPATH/CodeIgniter.php(349): CodeIgniter\CodeIgniter->handleRequest()
 6 FCPATH/index.php(57): CodeIgniter\CodeIgniter->run()
CRITICAL - 2024-07-29 06:19:01 --> Undefined variable $payArray
in APPPATH/Models/Engine.php on line 2230.
 1 APPPATH/Models/Engine.php(2230): CodeIgniter\Debug\Exceptions->errorHandler()
 2 APPPATH/Controllers/Api.php(147): App\Models\Engine->getBillToSynch()
 3 SYSTEMPATH/CodeIgniter.php(896): App\Controllers\Api->postbillpayment()
 4 SYSTEMPATH/CodeIgniter.php(466): CodeIgniter\CodeIgniter->runController()
 5 SYSTEMPATH/CodeIgniter.php(349): CodeIgniter\CodeIgniter->handleRequest()
 6 FCPATH/index.php(57): CodeIgniter\CodeIgniter->run()
CRITICAL - 2024-07-29 06:20:01 --> Undefined variable $payArray
in APPPATH/Models/Engine.php on line 2230.
 1 APPPATH/Models/Engine.php(2230): CodeIgniter\Debug\Exceptions->errorHandler()
 2 APPPATH/Controllers/Api.php(147): App\Models\Engine->getBillToSynch()
 3 SYSTEMPATH/CodeIgniter.php(896): App\Controllers\Api->postbillpayment()
 4 SYSTEMPATH/CodeIgniter.php(466): CodeIgniter\CodeIgniter->runController()
 5 SYSTEMPATH/CodeIgniter.php(349): CodeIgniter\CodeIgniter->handleRequest()
 6 FCPATH/index.php(57): CodeIgniter\CodeIgniter->run()
CRITICAL - 2024-07-29 06:21:01 --> Undefined variable $payArray
in APPPATH/Models/Engine.php on line 2230.
 1 APPPATH/Models/Engine.php(2230): CodeIgniter\Debug\Exceptions->errorHandler()
 2 APPPATH/Controllers/Api.php(147): App\Models\Engine->getBillToSynch()
 3 SYSTEMPATH/CodeIgniter.php(896): App\Controllers\Api->postbillpayment()
 4 SYSTEMPATH/CodeIgniter.php(466): CodeIgniter\CodeIgniter->runController()
 5 SYSTEMPATH/CodeIgniter.php(349): CodeIgniter\CodeIgniter->handleRequest()
 6 FCPATH/index.php(57): CodeIgniter\CodeIgniter->run()
CRITICAL - 2024-07-29 06:22:01 --> Undefined variable $payArray
in APPPATH/Models/Engine.php on line 2230.
 1 APPPATH/Models/Engine.php(2230): CodeIgniter\Debug\Exceptions->errorHandler()
 2 APPPATH/Controllers/Api.php(147): App\Models\Engine->getBillToSynch()
 3 SYSTEMPATH/CodeIgniter.php(896): App\Controllers\Api->postbillpayment()
 4 SYSTEMPATH/CodeIgniter.php(466): CodeIgniter\CodeIgniter->runController()
 5 SYSTEMPATH/CodeIgniter.php(349): CodeIgniter\CodeIgniter->handleRequest()
 6 FCPATH/index.php(57): CodeIgniter\CodeIgniter->run()
CRITICAL - 2024-07-29 06:23:01 --> Undefined variable $payArray
in APPPATH/Models/Engine.php on line 2230.
 1 APPPATH/Models/Engine.php(2230): CodeIgniter\Debug\Exceptions->errorHandler()
 2 APPPATH/Controllers/Api.php(147): App\Models\Engine->getBillToSynch()
 3 SYSTEMPATH/CodeIgniter.php(896): App\Controllers\Api->postbillpayment()
 4 SYSTEMPATH/CodeIgniter.php(466): CodeIgniter\CodeIgniter->runController()
 5 SYSTEMPATH/CodeIgniter.php(349): CodeIgniter\CodeIgniter->handleRequest()
 6 FCPATH/index.php(57): CodeIgniter\CodeIgniter->run()
CRITICAL - 2024-07-29 06:24:01 --> Undefined variable $payArray
in APPPATH/Models/Engine.php on line 2230.
 1 APPPATH/Models/Engine.php(2230): CodeIgniter\Debug\Exceptions->errorHandler()
 2 APPPATH/Controllers/Api.php(147): App\Models\Engine->getBillToSynch()
 3 SYSTEMPATH/CodeIgniter.php(896): App\Controllers\Api->postbillpayment()
 4 SYSTEMPATH/CodeIgniter.php(466): CodeIgniter\CodeIgniter->runController()
 5 SYSTEMPATH/CodeIgniter.php(349): CodeIgniter\CodeIgniter->handleRequest()
 6 FCPATH/index.php(57): CodeIgniter\CodeIgniter->run()
CRITICAL - 2024-07-29 06:25:01 --> Undefined variable $payArray
in APPPATH/Models/Engine.php on line 2230.
 1 APPPATH/Models/Engine.php(2230): CodeIgniter\Debug\Exceptions->errorHandler()
 2 APPPATH/Controllers/Api.php(147): App\Models\Engine->getBillToSynch()
 3 SYSTEMPATH/CodeIgniter.php(896): App\Controllers\Api->postbillpayment()
 4 SYSTEMPATH/CodeIgniter.php(466): CodeIgniter\CodeIgniter->runController()
 5 SYSTEMPATH/CodeIgniter.php(349): CodeIgniter\CodeIgniter->handleRequest()
 6 FCPATH/index.php(57): CodeIgniter\CodeIgniter->run()
CRITICAL - 2024-07-29 06:26:01 --> Undefined variable $payArray
in APPPATH/Models/Engine.php on line 2230.
 1 APPPATH/Models/Engine.php(2230): CodeIgniter\Debug\Exceptions->errorHandler()
 2 APPPATH/Controllers/Api.php(147): App\Models\Engine->getBillToSynch()
 3 SYSTEMPATH/CodeIgniter.php(896): App\Controllers\Api->postbillpayment()
 4 SYSTEMPATH/CodeIgniter.php(466): CodeIgniter\CodeIgniter->runController()
 5 SYSTEMPATH/CodeIgniter.php(349): CodeIgniter\CodeIgniter->handleRequest()
 6 FCPATH/index.php(57): CodeIgniter\CodeIgniter->run()
CRITICAL - 2024-07-29 06:27:01 --> Undefined variable $payArray
in APPPATH/Models/Engine.php on line 2230.
 1 APPPATH/Models/Engine.php(2230): CodeIgniter\Debug\Exceptions->errorHandler()
 2 APPPATH/Controllers/Api.php(147): App\Models\Engine->getBillToSynch()
 3 SYSTEMPATH/CodeIgniter.php(896): App\Controllers\Api->postbillpayment()
 4 SYSTEMPATH/CodeIgniter.php(466): CodeIgniter\CodeIgniter->runController()
 5 SYSTEMPATH/CodeIgniter.php(349): CodeIgniter\CodeIgniter->handleRequest()
 6 FCPATH/index.php(57): CodeIgniter\CodeIgniter->run()
CRITICAL - 2024-07-29 06:28:01 --> Undefined variable $payArray
in APPPATH/Models/Engine.php on line 2230.
 1 APPPATH/Models/Engine.php(2230): CodeIgniter\Debug\Exceptions->errorHandler()
 2 APPPATH/Controllers/Api.php(147): App\Models\Engine->getBillToSynch()
 3 SYSTEMPATH/CodeIgniter.php(896): App\Controllers\Api->postbillpayment()
 4 SYSTEMPATH/CodeIgniter.php(466): CodeIgniter\CodeIgniter->runController()
 5 SYSTEMPATH/CodeIgniter.php(349): CodeIgniter\CodeIgniter->handleRequest()
 6 FCPATH/index.php(57): CodeIgniter\CodeIgniter->run()
CRITICAL - 2024-07-29 06:29:01 --> Undefined variable $payArray
in APPPATH/Models/Engine.php on line 2230.
 1 APPPATH/Models/Engine.php(2230): CodeIgniter\Debug\Exceptions->errorHandler()
 2 APPPATH/Controllers/Api.php(147): App\Models\Engine->getBillToSynch()
 3 SYSTEMPATH/CodeIgniter.php(896): App\Controllers\Api->postbillpayment()
 4 SYSTEMPATH/CodeIgniter.php(466): CodeIgniter\CodeIgniter->runController()
 5 SYSTEMPATH/CodeIgniter.php(349): CodeIgniter\CodeIgniter->handleRequest()
 6 FCPATH/index.php(57): CodeIgniter\CodeIgniter->run()
CRITICAL - 2024-07-29 06:30:01 --> Undefined variable $payArray
in APPPATH/Models/Engine.php on line 2230.
 1 APPPATH/Models/Engine.php(2230): CodeIgniter\Debug\Exceptions->errorHandler()
 2 APPPATH/Controllers/Api.php(147): App\Models\Engine->getBillToSynch()
 3 SYSTEMPATH/CodeIgniter.php(896): App\Controllers\Api->postbillpayment()
 4 SYSTEMPATH/CodeIgniter.php(466): CodeIgniter\CodeIgniter->runController()
 5 SYSTEMPATH/CodeIgniter.php(349): CodeIgniter\CodeIgniter->handleRequest()
 6 FCPATH/index.php(57): CodeIgniter\CodeIgniter->run()
CRITICAL - 2024-07-29 06:31:01 --> Undefined variable $payArray
in APPPATH/Models/Engine.php on line 2230.
 1 APPPATH/Models/Engine.php(2230): CodeIgniter\Debug\Exceptions->errorHandler()
 2 APPPATH/Controllers/Api.php(147): App\Models\Engine->getBillToSynch()
 3 SYSTEMPATH/CodeIgniter.php(896): App\Controllers\Api->postbillpayment()
 4 SYSTEMPATH/CodeIgniter.php(466): CodeIgniter\CodeIgniter->runController()
 5 SYSTEMPATH/CodeIgniter.php(349): CodeIgniter\CodeIgniter->handleRequest()
 6 FCPATH/index.php(57): CodeIgniter\CodeIgniter->run()
CRITICAL - 2024-07-29 06:32:01 --> Undefined variable $payArray
in APPPATH/Models/Engine.php on line 2230.
 1 APPPATH/Models/Engine.php(2230): CodeIgniter\Debug\Exceptions->errorHandler()
 2 APPPATH/Controllers/Api.php(147): App\Models\Engine->getBillToSynch()
 3 SYSTEMPATH/CodeIgniter.php(896): App\Controllers\Api->postbillpayment()
 4 SYSTEMPATH/CodeIgniter.php(466): CodeIgniter\CodeIgniter->runController()
 5 SYSTEMPATH/CodeIgniter.php(349): CodeIgniter\CodeIgniter->handleRequest()
 6 FCPATH/index.php(57): CodeIgniter\CodeIgniter->run()
CRITICAL - 2024-07-29 06:33:01 --> Undefined variable $payArray
in APPPATH/Models/Engine.php on line 2230.
 1 APPPATH/Models/Engine.php(2230): CodeIgniter\Debug\Exceptions->errorHandler()
 2 APPPATH/Controllers/Api.php(147): App\Models\Engine->getBillToSynch()
 3 SYSTEMPATH/CodeIgniter.php(896): App\Controllers\Api->postbillpayment()
 4 SYSTEMPATH/CodeIgniter.php(466): CodeIgniter\CodeIgniter->runController()
 5 SYSTEMPATH/CodeIgniter.php(349): CodeIgniter\CodeIgniter->handleRequest()
 6 FCPATH/index.php(57): CodeIgniter\CodeIgniter->run()
CRITICAL - 2024-07-29 06:34:01 --> Undefined variable $payArray
in APPPATH/Models/Engine.php on line 2230.
 1 APPPATH/Models/Engine.php(2230): CodeIgniter\Debug\Exceptions->errorHandler()
 2 APPPATH/Controllers/Api.php(147): App\Models\Engine->getBillToSynch()
 3 SYSTEMPATH/CodeIgniter.php(896): App\Controllers\Api->postbillpayment()
 4 SYSTEMPATH/CodeIgniter.php(466): CodeIgniter\CodeIgniter->runController()
 5 SYSTEMPATH/CodeIgniter.php(349): CodeIgniter\CodeIgniter->handleRequest()
 6 FCPATH/index.php(57): CodeIgniter\CodeIgniter->run()
CRITICAL - 2024-07-29 06:35:01 --> Undefined variable $payArray
in APPPATH/Models/Engine.php on line 2230.
 1 APPPATH/Models/Engine.php(2230): CodeIgniter\Debug\Exceptions->errorHandler()
 2 APPPATH/Controllers/Api.php(147): App\Models\Engine->getBillToSynch()
 3 SYSTEMPATH/CodeIgniter.php(896): App\Controllers\Api->postbillpayment()
 4 SYSTEMPATH/CodeIgniter.php(466): CodeIgniter\CodeIgniter->runController()
 5 SYSTEMPATH/CodeIgniter.php(349): CodeIgniter\CodeIgniter->handleRequest()
 6 FCPATH/index.php(57): CodeIgniter\CodeIgniter->run()
CRITICAL - 2024-07-29 06:36:01 --> Undefined variable $payArray
in APPPATH/Models/Engine.php on line 2230.
 1 APPPATH/Models/Engine.php(2230): CodeIgniter\Debug\Exceptions->errorHandler()
 2 APPPATH/Controllers/Api.php(147): App\Models\Engine->getBillToSynch()
 3 SYSTEMPATH/CodeIgniter.php(896): App\Controllers\Api->postbillpayment()
 4 SYSTEMPATH/CodeIgniter.php(466): CodeIgniter\CodeIgniter->runController()
 5 SYSTEMPATH/CodeIgniter.php(349): CodeIgniter\CodeIgniter->handleRequest()
 6 FCPATH/index.php(57): CodeIgniter\CodeIgniter->run()
CRITICAL - 2024-07-29 06:37:01 --> Undefined variable $payArray
in APPPATH/Models/Engine.php on line 2230.
 1 APPPATH/Models/Engine.php(2230): CodeIgniter\Debug\Exceptions->errorHandler()
 2 APPPATH/Controllers/Api.php(147): App\Models\Engine->getBillToSynch()
 3 SYSTEMPATH/CodeIgniter.php(896): App\Controllers\Api->postbillpayment()
 4 SYSTEMPATH/CodeIgniter.php(466): CodeIgniter\CodeIgniter->runController()
 5 SYSTEMPATH/CodeIgniter.php(349): CodeIgniter\CodeIgniter->handleRequest()
 6 FCPATH/index.php(57): CodeIgniter\CodeIgniter->run()
CRITICAL - 2024-07-29 06:38:01 --> Undefined variable $payArray
in APPPATH/Models/Engine.php on line 2230.
 1 APPPATH/Models/Engine.php(2230): CodeIgniter\Debug\Exceptions->errorHandler()
 2 APPPATH/Controllers/Api.php(147): App\Models\Engine->getBillToSynch()
 3 SYSTEMPATH/CodeIgniter.php(896): App\Controllers\Api->postbillpayment()
 4 SYSTEMPATH/CodeIgniter.php(466): CodeIgniter\CodeIgniter->runController()
 5 SYSTEMPATH/CodeIgniter.php(349): CodeIgniter\CodeIgniter->handleRequest()
 6 FCPATH/index.php(57): CodeIgniter\CodeIgniter->run()
CRITICAL - 2024-07-29 06:39:01 --> Undefined variable $payArray
in APPPATH/Models/Engine.php on line 2230.
 1 APPPATH/Models/Engine.php(2230): CodeIgniter\Debug\Exceptions->errorHandler()
 2 APPPATH/Controllers/Api.php(147): App\Models\Engine->getBillToSynch()
 3 SYSTEMPATH/CodeIgniter.php(896): App\Controllers\Api->postbillpayment()
 4 SYSTEMPATH/CodeIgniter.php(466): CodeIgniter\CodeIgniter->runController()
 5 SYSTEMPATH/CodeIgniter.php(349): CodeIgniter\CodeIgniter->handleRequest()
 6 FCPATH/index.php(57): CodeIgniter\CodeIgniter->run()
CRITICAL - 2024-07-29 06:40:01 --> Undefined variable $payArray
in APPPATH/Models/Engine.php on line 2230.
 1 APPPATH/Models/Engine.php(2230): CodeIgniter\Debug\Exceptions->errorHandler()
 2 APPPATH/Controllers/Api.php(147): App\Models\Engine->getBillToSynch()
 3 SYSTEMPATH/CodeIgniter.php(896): App\Controllers\Api->postbillpayment()
 4 SYSTEMPATH/CodeIgniter.php(466): CodeIgniter\CodeIgniter->runController()
 5 SYSTEMPATH/CodeIgniter.php(349): CodeIgniter\CodeIgniter->handleRequest()
 6 FCPATH/index.php(57): CodeIgniter\CodeIgniter->run()
CRITICAL - 2024-07-29 06:41:01 --> Undefined variable $payArray
in APPPATH/Models/Engine.php on line 2230.
 1 APPPATH/Models/Engine.php(2230): CodeIgniter\Debug\Exceptions->errorHandler()
 2 APPPATH/Controllers/Api.php(147): App\Models\Engine->getBillToSynch()
 3 SYSTEMPATH/CodeIgniter.php(896): App\Controllers\Api->postbillpayment()
 4 SYSTEMPATH/CodeIgniter.php(466): CodeIgniter\CodeIgniter->runController()
 5 SYSTEMPATH/CodeIgniter.php(349): CodeIgniter\CodeIgniter->handleRequest()
 6 FCPATH/index.php(57): CodeIgniter\CodeIgniter->run()
CRITICAL - 2024-07-29 06:42:01 --> Undefined variable $payArray
in APPPATH/Models/Engine.php on line 2230.
 1 APPPATH/Models/Engine.php(2230): CodeIgniter\Debug\Exceptions->errorHandler()
 2 APPPATH/Controllers/Api.php(147): App\Models\Engine->getBillToSynch()
 3 SYSTEMPATH/CodeIgniter.php(896): App\Controllers\Api->postbillpayment()
 4 SYSTEMPATH/CodeIgniter.php(466): CodeIgniter\CodeIgniter->runController()
 5 SYSTEMPATH/CodeIgniter.php(349): CodeIgniter\CodeIgniter->handleRequest()
 6 FCPATH/index.php(57): CodeIgniter\CodeIgniter->run()
CRITICAL - 2024-07-29 06:43:01 --> Undefined variable $payArray
in APPPATH/Models/Engine.php on line 2230.
 1 APPPATH/Models/Engine.php(2230): CodeIgniter\Debug\Exceptions->errorHandler()
 2 APPPATH/Controllers/Api.php(147): App\Models\Engine->getBillToSynch()
 3 SYSTEMPATH/CodeIgniter.php(896): App\Controllers\Api->postbillpayment()
 4 SYSTEMPATH/CodeIgniter.php(466): CodeIgniter\CodeIgniter->runController()
 5 SYSTEMPATH/CodeIgniter.php(349): CodeIgniter\CodeIgniter->handleRequest()
 6 FCPATH/index.php(57): CodeIgniter\CodeIgniter->run()
CRITICAL - 2024-07-29 06:44:01 --> Undefined variable $payArray
in APPPATH/Models/Engine.php on line 2230.
 1 APPPATH/Models/Engine.php(2230): CodeIgniter\Debug\Exceptions->errorHandler()
 2 APPPATH/Controllers/Api.php(147): App\Models\Engine->getBillToSynch()
 3 SYSTEMPATH/CodeIgniter.php(896): App\Controllers\Api->postbillpayment()
 4 SYSTEMPATH/CodeIgniter.php(466): CodeIgniter\CodeIgniter->runController()
 5 SYSTEMPATH/CodeIgniter.php(349): CodeIgniter\CodeIgniter->handleRequest()
 6 FCPATH/index.php(57): CodeIgniter\CodeIgniter->run()
CRITICAL - 2024-07-29 06:45:02 --> Undefined variable $payArray
in APPPATH/Models/Engine.php on line 2230.
 1 APPPATH/Models/Engine.php(2230): CodeIgniter\Debug\Exceptions->errorHandler()
 2 APPPATH/Controllers/Api.php(147): App\Models\Engine->getBillToSynch()
 3 SYSTEMPATH/CodeIgniter.php(896): App\Controllers\Api->postbillpayment()
 4 SYSTEMPATH/CodeIgniter.php(466): CodeIgniter\CodeIgniter->runController()
 5 SYSTEMPATH/CodeIgniter.php(349): CodeIgniter\CodeIgniter->handleRequest()
 6 FCPATH/index.php(57): CodeIgniter\CodeIgniter->run()
CRITICAL - 2024-07-29 06:46:01 --> Undefined variable $payArray
in APPPATH/Models/Engine.php on line 2230.
 1 APPPATH/Models/Engine.php(2230): CodeIgniter\Debug\Exceptions->errorHandler()
 2 APPPATH/Controllers/Api.php(147): App\Models\Engine->getBillToSynch()
 3 SYSTEMPATH/CodeIgniter.php(896): App\Controllers\Api->postbillpayment()
 4 SYSTEMPATH/CodeIgniter.php(466): CodeIgniter\CodeIgniter->runController()
 5 SYSTEMPATH/CodeIgniter.php(349): CodeIgniter\CodeIgniter->handleRequest()
 6 FCPATH/index.php(57): CodeIgniter\CodeIgniter->run()
CRITICAL - 2024-07-29 06:47:01 --> Undefined variable $payArray
in APPPATH/Models/Engine.php on line 2230.
 1 APPPATH/Models/Engine.php(2230): CodeIgniter\Debug\Exceptions->errorHandler()
 2 APPPATH/Controllers/Api.php(147): App\Models\Engine->getBillToSynch()
 3 SYSTEMPATH/CodeIgniter.php(896): App\Controllers\Api->postbillpayment()
 4 SYSTEMPATH/CodeIgniter.php(466): CodeIgniter\CodeIgniter->runController()
 5 SYSTEMPATH/CodeIgniter.php(349): CodeIgniter\CodeIgniter->handleRequest()
 6 FCPATH/index.php(57): CodeIgniter\CodeIgniter->run()
CRITICAL - 2024-07-29 06:48:01 --> Undefined variable $payArray
in APPPATH/Models/Engine.php on line 2230.
 1 APPPATH/Models/Engine.php(2230): CodeIgniter\Debug\Exceptions->errorHandler()
 2 APPPATH/Controllers/Api.php(147): App\Models\Engine->getBillToSynch()
 3 SYSTEMPATH/CodeIgniter.php(896): App\Controllers\Api->postbillpayment()
 4 SYSTEMPATH/CodeIgniter.php(466): CodeIgniter\CodeIgniter->runController()
 5 SYSTEMPATH/CodeIgniter.php(349): CodeIgniter\CodeIgniter->handleRequest()
 6 FCPATH/index.php(57): CodeIgniter\CodeIgniter->run()
CRITICAL - 2024-07-29 06:49:01 --> Undefined variable $payArray
in APPPATH/Models/Engine.php on line 2230.
 1 APPPATH/Models/Engine.php(2230): CodeIgniter\Debug\Exceptions->errorHandler()
 2 APPPATH/Controllers/Api.php(147): App\Models\Engine->getBillToSynch()
 3 SYSTEMPATH/CodeIgniter.php(896): App\Controllers\Api->postbillpayment()
 4 SYSTEMPATH/CodeIgniter.php(466): CodeIgniter\CodeIgniter->runController()
 5 SYSTEMPATH/CodeIgniter.php(349): CodeIgniter\CodeIgniter->handleRequest()
 6 FCPATH/index.php(57): CodeIgniter\CodeIgniter->run()
CRITICAL - 2024-07-29 06:50:01 --> Undefined variable $payArray
in APPPATH/Models/Engine.php on line 2230.
 1 APPPATH/Models/Engine.php(2230): CodeIgniter\Debug\Exceptions->errorHandler()
 2 APPPATH/Controllers/Api.php(147): App\Models\Engine->getBillToSynch()
 3 SYSTEMPATH/CodeIgniter.php(896): App\Controllers\Api->postbillpayment()
 4 SYSTEMPATH/CodeIgniter.php(466): CodeIgniter\CodeIgniter->runController()
 5 SYSTEMPATH/CodeIgniter.php(349): CodeIgniter\CodeIgniter->handleRequest()
 6 FCPATH/index.php(57): CodeIgniter\CodeIgniter->run()
CRITICAL - 2024-07-29 06:51:01 --> Undefined variable $payArray
in APPPATH/Models/Engine.php on line 2230.
 1 APPPATH/Models/Engine.php(2230): CodeIgniter\Debug\Exceptions->errorHandler()
 2 APPPATH/Controllers/Api.php(147): App\Models\Engine->getBillToSynch()
 3 SYSTEMPATH/CodeIgniter.php(896): App\Controllers\Api->postbillpayment()
 4 SYSTEMPATH/CodeIgniter.php(466): CodeIgniter\CodeIgniter->runController()
 5 SYSTEMPATH/CodeIgniter.php(349): CodeIgniter\CodeIgniter->handleRequest()
 6 FCPATH/index.php(57): CodeIgniter\CodeIgniter->run()
CRITICAL - 2024-07-29 06:52:01 --> Undefined variable $payArray
in APPPATH/Models/Engine.php on line 2230.
 1 APPPATH/Models/Engine.php(2230): CodeIgniter\Debug\Exceptions->errorHandler()
 2 APPPATH/Controllers/Api.php(147): App\Models\Engine->getBillToSynch()
 3 SYSTEMPATH/CodeIgniter.php(896): App\Controllers\Api->postbillpayment()
 4 SYSTEMPATH/CodeIgniter.php(466): CodeIgniter\CodeIgniter->runController()
 5 SYSTEMPATH/CodeIgniter.php(349): CodeIgniter\CodeIgniter->handleRequest()
 6 FCPATH/index.php(57): CodeIgniter\CodeIgniter->run()
CRITICAL - 2024-07-29 06:53:01 --> Undefined variable $payArray
in APPPATH/Models/Engine.php on line 2230.
 1 APPPATH/Models/Engine.php(2230): CodeIgniter\Debug\Exceptions->errorHandler()
 2 APPPATH/Controllers/Api.php(147): App\Models\Engine->getBillToSynch()
 3 SYSTEMPATH/CodeIgniter.php(896): App\Controllers\Api->postbillpayment()
 4 SYSTEMPATH/CodeIgniter.php(466): CodeIgniter\CodeIgniter->runController()
 5 SYSTEMPATH/CodeIgniter.php(349): CodeIgniter\CodeIgniter->handleRequest()
 6 FCPATH/index.php(57): CodeIgniter\CodeIgniter->run()
CRITICAL - 2024-07-29 06:54:01 --> Undefined variable $payArray
in APPPATH/Models/Engine.php on line 2230.
 1 APPPATH/Models/Engine.php(2230): CodeIgniter\Debug\Exceptions->errorHandler()
 2 APPPATH/Controllers/Api.php(147): App\Models\Engine->getBillToSynch()
 3 SYSTEMPATH/CodeIgniter.php(896): App\Controllers\Api->postbillpayment()
 4 SYSTEMPATH/CodeIgniter.php(466): CodeIgniter\CodeIgniter->runController()
 5 SYSTEMPATH/CodeIgniter.php(349): CodeIgniter\CodeIgniter->handleRequest()
 6 FCPATH/index.php(57): CodeIgniter\CodeIgniter->run()
CRITICAL - 2024-07-29 06:55:01 --> Undefined variable $payArray
in APPPATH/Models/Engine.php on line 2230.
 1 APPPATH/Models/Engine.php(2230): CodeIgniter\Debug\Exceptions->errorHandler()
 2 APPPATH/Controllers/Api.php(147): App\Models\Engine->getBillToSynch()
 3 SYSTEMPATH/CodeIgniter.php(896): App\Controllers\Api->postbillpayment()
 4 SYSTEMPATH/CodeIgniter.php(466): CodeIgniter\CodeIgniter->runController()
 5 SYSTEMPATH/CodeIgniter.php(349): CodeIgniter\CodeIgniter->handleRequest()
 6 FCPATH/index.php(57): CodeIgniter\CodeIgniter->run()
CRITICAL - 2024-07-29 06:56:01 --> Undefined variable $payArray
in APPPATH/Models/Engine.php on line 2230.
 1 APPPATH/Models/Engine.php(2230): CodeIgniter\Debug\Exceptions->errorHandler()
 2 APPPATH/Controllers/Api.php(147): App\Models\Engine->getBillToSynch()
 3 SYSTEMPATH/CodeIgniter.php(896): App\Controllers\Api->postbillpayment()
 4 SYSTEMPATH/CodeIgniter.php(466): CodeIgniter\CodeIgniter->runController()
 5 SYSTEMPATH/CodeIgniter.php(349): CodeIgniter\CodeIgniter->handleRequest()
 6 FCPATH/index.php(57): CodeIgniter\CodeIgniter->run()
CRITICAL - 2024-07-29 06:57:01 --> Undefined variable $payArray
in APPPATH/Models/Engine.php on line 2230.
 1 APPPATH/Models/Engine.php(2230): CodeIgniter\Debug\Exceptions->errorHandler()
 2 APPPATH/Controllers/Api.php(147): App\Models\Engine->getBillToSynch()
 3 SYSTEMPATH/CodeIgniter.php(896): App\Controllers\Api->postbillpayment()
 4 SYSTEMPATH/CodeIgniter.php(466): CodeIgniter\CodeIgniter->runController()
 5 SYSTEMPATH/CodeIgniter.php(349): CodeIgniter\CodeIgniter->handleRequest()
 6 FCPATH/index.php(57): CodeIgniter\CodeIgniter->run()
CRITICAL - 2024-07-29 06:58:01 --> Undefined variable $payArray
in APPPATH/Models/Engine.php on line 2230.
 1 APPPATH/Models/Engine.php(2230): CodeIgniter\Debug\Exceptions->errorHandler()
 2 APPPATH/Controllers/Api.php(147): App\Models\Engine->getBillToSynch()
 3 SYSTEMPATH/CodeIgniter.php(896): App\Controllers\Api->postbillpayment()
 4 SYSTEMPATH/CodeIgniter.php(466): CodeIgniter\CodeIgniter->runController()
 5 SYSTEMPATH/CodeIgniter.php(349): CodeIgniter\CodeIgniter->handleRequest()
 6 FCPATH/index.php(57): CodeIgniter\CodeIgniter->run()
CRITICAL - 2024-07-29 06:59:01 --> Undefined variable $payArray
in APPPATH/Models/Engine.php on line 2230.
 1 APPPATH/Models/Engine.php(2230): CodeIgniter\Debug\Exceptions->errorHandler()
 2 APPPATH/Controllers/Api.php(147): App\Models\Engine->getBillToSynch()
 3 SYSTEMPATH/CodeIgniter.php(896): App\Controllers\Api->postbillpayment()
 4 SYSTEMPATH/CodeIgniter.php(466): CodeIgniter\CodeIgniter->runController()
 5 SYSTEMPATH/CodeIgniter.php(349): CodeIgniter\CodeIgniter->handleRequest()
 6 FCPATH/index.php(57): CodeIgniter\CodeIgniter->run()
CRITICAL - 2024-07-29 07:00:01 --> Undefined variable $payArray
in APPPATH/Models/Engine.php on line 2230.
 1 APPPATH/Models/Engine.php(2230): CodeIgniter\Debug\Exceptions->errorHandler()
 2 APPPATH/Controllers/Api.php(147): App\Models\Engine->getBillToSynch()
 3 SYSTEMPATH/CodeIgniter.php(896): App\Controllers\Api->postbillpayment()
 4 SYSTEMPATH/CodeIgniter.php(466): CodeIgniter\CodeIgniter->runController()
 5 SYSTEMPATH/CodeIgniter.php(349): CodeIgniter\CodeIgniter->handleRequest()
 6 FCPATH/index.php(57): CodeIgniter\CodeIgniter->run()
CRITICAL - 2024-07-29 07:01:01 --> Undefined variable $payArray
in APPPATH/Models/Engine.php on line 2230.
 1 APPPATH/Models/Engine.php(2230): CodeIgniter\Debug\Exceptions->errorHandler()
 2 APPPATH/Controllers/Api.php(147): App\Models\Engine->getBillToSynch()
 3 SYSTEMPATH/CodeIgniter.php(896): App\Controllers\Api->postbillpayment()
 4 SYSTEMPATH/CodeIgniter.php(466): CodeIgniter\CodeIgniter->runController()
 5 SYSTEMPATH/CodeIgniter.php(349): CodeIgniter\CodeIgniter->handleRequest()
 6 FCPATH/index.php(57): CodeIgniter\CodeIgniter->run()
CRITICAL - 2024-07-29 07:02:01 --> Undefined variable $payArray
in APPPATH/Models/Engine.php on line 2230.
 1 APPPATH/Models/Engine.php(2230): CodeIgniter\Debug\Exceptions->errorHandler()
 2 APPPATH/Controllers/Api.php(147): App\Models\Engine->getBillToSynch()
 3 SYSTEMPATH/CodeIgniter.php(896): App\Controllers\Api->postbillpayment()
 4 SYSTEMPATH/CodeIgniter.php(466): CodeIgniter\CodeIgniter->runController()
 5 SYSTEMPATH/CodeIgniter.php(349): CodeIgniter\CodeIgniter->handleRequest()
 6 FCPATH/index.php(57): CodeIgniter\CodeIgniter->run()
CRITICAL - 2024-07-29 07:03:01 --> Undefined variable $payArray
in APPPATH/Models/Engine.php on line 2230.
 1 APPPATH/Models/Engine.php(2230): CodeIgniter\Debug\Exceptions->errorHandler()
 2 APPPATH/Controllers/Api.php(147): App\Models\Engine->getBillToSynch()
 3 SYSTEMPATH/CodeIgniter.php(896): App\Controllers\Api->postbillpayment()
 4 SYSTEMPATH/CodeIgniter.php(466): CodeIgniter\CodeIgniter->runController()
 5 SYSTEMPATH/CodeIgniter.php(349): CodeIgniter\CodeIgniter->handleRequest()
 6 FCPATH/index.php(57): CodeIgniter\CodeIgniter->run()
CRITICAL - 2024-07-29 07:04:01 --> Undefined variable $payArray
in APPPATH/Models/Engine.php on line 2230.
 1 APPPATH/Models/Engine.php(2230): CodeIgniter\Debug\Exceptions->errorHandler()
 2 APPPATH/Controllers/Api.php(147): App\Models\Engine->getBillToSynch()
 3 SYSTEMPATH/CodeIgniter.php(896): App\Controllers\Api->postbillpayment()
 4 SYSTEMPATH/CodeIgniter.php(466): CodeIgniter\CodeIgniter->runController()
 5 SYSTEMPATH/CodeIgniter.php(349): CodeIgniter\CodeIgniter->handleRequest()
 6 FCPATH/index.php(57): CodeIgniter\CodeIgniter->run()
CRITICAL - 2024-07-29 07:05:01 --> Undefined variable $payArray
in APPPATH/Models/Engine.php on line 2230.
 1 APPPATH/Models/Engine.php(2230): CodeIgniter\Debug\Exceptions->errorHandler()
 2 APPPATH/Controllers/Api.php(147): App\Models\Engine->getBillToSynch()
 3 SYSTEMPATH/CodeIgniter.php(896): App\Controllers\Api->postbillpayment()
 4 SYSTEMPATH/CodeIgniter.php(466): CodeIgniter\CodeIgniter->runController()
 5 SYSTEMPATH/CodeIgniter.php(349): CodeIgniter\CodeIgniter->handleRequest()
 6 FCPATH/index.php(57): CodeIgniter\CodeIgniter->run()
CRITICAL - 2024-07-29 07:06:01 --> Undefined variable $payArray
in APPPATH/Models/Engine.php on line 2230.
 1 APPPATH/Models/Engine.php(2230): CodeIgniter\Debug\Exceptions->errorHandler()
 2 APPPATH/Controllers/Api.php(147): App\Models\Engine->getBillToSynch()
 3 SYSTEMPATH/CodeIgniter.php(896): App\Controllers\Api->postbillpayment()
 4 SYSTEMPATH/CodeIgniter.php(466): CodeIgniter\CodeIgniter->runController()
 5 SYSTEMPATH/CodeIgniter.php(349): CodeIgniter\CodeIgniter->handleRequest()
 6 FCPATH/index.php(57): CodeIgniter\CodeIgniter->run()
CRITICAL - 2024-07-29 07:07:01 --> Undefined variable $payArray
in APPPATH/Models/Engine.php on line 2230.
 1 APPPATH/Models/Engine.php(2230): CodeIgniter\Debug\Exceptions->errorHandler()
 2 APPPATH/Controllers/Api.php(147): App\Models\Engine->getBillToSynch()
 3 SYSTEMPATH/CodeIgniter.php(896): App\Controllers\Api->postbillpayment()
 4 SYSTEMPATH/CodeIgniter.php(466): CodeIgniter\CodeIgniter->runController()
 5 SYSTEMPATH/CodeIgniter.php(349): CodeIgniter\CodeIgniter->handleRequest()
 6 FCPATH/index.php(57): CodeIgniter\CodeIgniter->run()
CRITICAL - 2024-07-29 07:08:01 --> Undefined variable $payArray
in APPPATH/Models/Engine.php on line 2230.
 1 APPPATH/Models/Engine.php(2230): CodeIgniter\Debug\Exceptions->errorHandler()
 2 APPPATH/Controllers/Api.php(147): App\Models\Engine->getBillToSynch()
 3 SYSTEMPATH/CodeIgniter.php(896): App\Controllers\Api->postbillpayment()
 4 SYSTEMPATH/CodeIgniter.php(466): CodeIgniter\CodeIgniter->runController()
 5 SYSTEMPATH/CodeIgniter.php(349): CodeIgniter\CodeIgniter->handleRequest()
 6 FCPATH/index.php(57): CodeIgniter\CodeIgniter->run()
CRITICAL - 2024-07-29 07:09:01 --> Undefined variable $payArray
in APPPATH/Models/Engine.php on line 2230.
 1 APPPATH/Models/Engine.php(2230): CodeIgniter\Debug\Exceptions->errorHandler()
 2 APPPATH/Controllers/Api.php(147): App\Models\Engine->getBillToSynch()
 3 SYSTEMPATH/CodeIgniter.php(896): App\Controllers\Api->postbillpayment()
 4 SYSTEMPATH/CodeIgniter.php(466): CodeIgniter\CodeIgniter->runController()
 5 SYSTEMPATH/CodeIgniter.php(349): CodeIgniter\CodeIgniter->handleRequest()
 6 FCPATH/index.php(57): CodeIgniter\CodeIgniter->run()
CRITICAL - 2024-07-29 07:10:01 --> Undefined variable $payArray
in APPPATH/Models/Engine.php on line 2230.
 1 APPPATH/Models/Engine.php(2230): CodeIgniter\Debug\Exceptions->errorHandler()
 2 APPPATH/Controllers/Api.php(147): App\Models\Engine->getBillToSynch()
 3 SYSTEMPATH/CodeIgniter.php(896): App\Controllers\Api->postbillpayment()
 4 SYSTEMPATH/CodeIgniter.php(466): CodeIgniter\CodeIgniter->runController()
 5 SYSTEMPATH/CodeIgniter.php(349): CodeIgniter\CodeIgniter->handleRequest()
 6 FCPATH/index.php(57): CodeIgniter\CodeIgniter->run()
CRITICAL - 2024-07-29 07:11:01 --> Undefined variable $payArray
in APPPATH/Models/Engine.php on line 2230.
 1 APPPATH/Models/Engine.php(2230): CodeIgniter\Debug\Exceptions->errorHandler()
 2 APPPATH/Controllers/Api.php(147): App\Models\Engine->getBillToSynch()
 3 SYSTEMPATH/CodeIgniter.php(896): App\Controllers\Api->postbillpayment()
 4 SYSTEMPATH/CodeIgniter.php(466): CodeIgniter\CodeIgniter->runController()
 5 SYSTEMPATH/CodeIgniter.php(349): CodeIgniter\CodeIgniter->handleRequest()
 6 FCPATH/index.php(57): CodeIgniter\CodeIgniter->run()
CRITICAL - 2024-07-29 07:12:01 --> Undefined variable $payArray
in APPPATH/Models/Engine.php on line 2230.
 1 APPPATH/Models/Engine.php(2230): CodeIgniter\Debug\Exceptions->errorHandler()
 2 APPPATH/Controllers/Api.php(147): App\Models\Engine->getBillToSynch()
 3 SYSTEMPATH/CodeIgniter.php(896): App\Controllers\Api->postbillpayment()
 4 SYSTEMPATH/CodeIgniter.php(466): CodeIgniter\CodeIgniter->runController()
 5 SYSTEMPATH/CodeIgniter.php(349): CodeIgniter\CodeIgniter->handleRequest()
 6 FCPATH/index.php(57): CodeIgniter\CodeIgniter->run()
CRITICAL - 2024-07-29 07:13:01 --> Undefined variable $payArray
in APPPATH/Models/Engine.php on line 2230.
 1 APPPATH/Models/Engine.php(2230): CodeIgniter\Debug\Exceptions->errorHandler()
 2 APPPATH/Controllers/Api.php(147): App\Models\Engine->getBillToSynch()
 3 SYSTEMPATH/CodeIgniter.php(896): App\Controllers\Api->postbillpayment()
 4 SYSTEMPATH/CodeIgniter.php(466): CodeIgniter\CodeIgniter->runController()
 5 SYSTEMPATH/CodeIgniter.php(349): CodeIgniter\CodeIgniter->handleRequest()
 6 FCPATH/index.php(57): CodeIgniter\CodeIgniter->run()
CRITICAL - 2024-07-29 07:14:01 --> Undefined variable $payArray
in APPPATH/Models/Engine.php on line 2230.
 1 APPPATH/Models/Engine.php(2230): CodeIgniter\Debug\Exceptions->errorHandler()
 2 APPPATH/Controllers/Api.php(147): App\Models\Engine->getBillToSynch()
 3 SYSTEMPATH/CodeIgniter.php(896): App\Controllers\Api->postbillpayment()
 4 SYSTEMPATH/CodeIgniter.php(466): CodeIgniter\CodeIgniter->runController()
 5 SYSTEMPATH/CodeIgniter.php(349): CodeIgniter\CodeIgniter->handleRequest()
 6 FCPATH/index.php(57): CodeIgniter\CodeIgniter->run()
CRITICAL - 2024-07-29 07:15:01 --> Undefined variable $payArray
in APPPATH/Models/Engine.php on line 2230.
 1 APPPATH/Models/Engine.php(2230): CodeIgniter\Debug\Exceptions->errorHandler()
 2 APPPATH/Controllers/Api.php(147): App\Models\Engine->getBillToSynch()
 3 SYSTEMPATH/CodeIgniter.php(896): App\Controllers\Api->postbillpayment()
 4 SYSTEMPATH/CodeIgniter.php(466): CodeIgniter\CodeIgniter->runController()
 5 SYSTEMPATH/CodeIgniter.php(349): CodeIgniter\CodeIgniter->handleRequest()
 6 FCPATH/index.php(57): CodeIgniter\CodeIgniter->run()
CRITICAL - 2024-07-29 07:16:01 --> Undefined variable $payArray
in APPPATH/Models/Engine.php on line 2230.
 1 APPPATH/Models/Engine.php(2230): CodeIgniter\Debug\Exceptions->errorHandler()
 2 APPPATH/Controllers/Api.php(147): App\Models\Engine->getBillToSynch()
 3 SYSTEMPATH/CodeIgniter.php(896): App\Controllers\Api->postbillpayment()
 4 SYSTEMPATH/CodeIgniter.php(466): CodeIgniter\CodeIgniter->runController()
 5 SYSTEMPATH/CodeIgniter.php(349): CodeIgniter\CodeIgniter->handleRequest()
 6 FCPATH/index.php(57): CodeIgniter\CodeIgniter->run()
CRITICAL - 2024-07-29 07:17:01 --> Undefined variable $payArray
in APPPATH/Models/Engine.php on line 2230.
 1 APPPATH/Models/Engine.php(2230): CodeIgniter\Debug\Exceptions->errorHandler()
 2 APPPATH/Controllers/Api.php(147): App\Models\Engine->getBillToSynch()
 3 SYSTEMPATH/CodeIgniter.php(896): App\Controllers\Api->postbillpayment()
 4 SYSTEMPATH/CodeIgniter.php(466): CodeIgniter\CodeIgniter->runController()
 5 SYSTEMPATH/CodeIgniter.php(349): CodeIgniter\CodeIgniter->handleRequest()
 6 FCPATH/index.php(57): CodeIgniter\CodeIgniter->run()
CRITICAL - 2024-07-29 07:18:01 --> Undefined variable $payArray
in APPPATH/Models/Engine.php on line 2230.
 1 APPPATH/Models/Engine.php(2230): CodeIgniter\Debug\Exceptions->errorHandler()
 2 APPPATH/Controllers/Api.php(147): App\Models\Engine->getBillToSynch()
 3 SYSTEMPATH/CodeIgniter.php(896): App\Controllers\Api->postbillpayment()
 4 SYSTEMPATH/CodeIgniter.php(466): CodeIgniter\CodeIgniter->runController()
 5 SYSTEMPATH/CodeIgniter.php(349): CodeIgniter\CodeIgniter->handleRequest()
 6 FCPATH/index.php(57): CodeIgniter\CodeIgniter->run()
CRITICAL - 2024-07-29 07:19:01 --> Undefined variable $payArray
in APPPATH/Models/Engine.php on line 2230.
 1 APPPATH/Models/Engine.php(2230): CodeIgniter\Debug\Exceptions->errorHandler()
 2 APPPATH/Controllers/Api.php(147): App\Models\Engine->getBillToSynch()
 3 SYSTEMPATH/CodeIgniter.php(896): App\Controllers\Api->postbillpayment()
 4 SYSTEMPATH/CodeIgniter.php(466): CodeIgniter\CodeIgniter->runController()
 5 SYSTEMPATH/CodeIgniter.php(349): CodeIgniter\CodeIgniter->handleRequest()
 6 FCPATH/index.php(57): CodeIgniter\CodeIgniter->run()
CRITICAL - 2024-07-29 07:20:01 --> Undefined variable $payArray
in APPPATH/Models/Engine.php on line 2230.
 1 APPPATH/Models/Engine.php(2230): CodeIgniter\Debug\Exceptions->errorHandler()
 2 APPPATH/Controllers/Api.php(147): App\Models\Engine->getBillToSynch()
 3 SYSTEMPATH/CodeIgniter.php(896): App\Controllers\Api->postbillpayment()
 4 SYSTEMPATH/CodeIgniter.php(466): CodeIgniter\CodeIgniter->runController()
 5 SYSTEMPATH/CodeIgniter.php(349): CodeIgniter\CodeIgniter->handleRequest()
 6 FCPATH/index.php(57): CodeIgniter\CodeIgniter->run()
CRITICAL - 2024-07-29 07:21:01 --> Undefined variable $payArray
in APPPATH/Models/Engine.php on line 2230.
 1 APPPATH/Models/Engine.php(2230): CodeIgniter\Debug\Exceptions->errorHandler()
 2 APPPATH/Controllers/Api.php(147): App\Models\Engine->getBillToSynch()
 3 SYSTEMPATH/CodeIgniter.php(896): App\Controllers\Api->postbillpayment()
 4 SYSTEMPATH/CodeIgniter.php(466): CodeIgniter\CodeIgniter->runController()
 5 SYSTEMPATH/CodeIgniter.php(349): CodeIgniter\CodeIgniter->handleRequest()
 6 FCPATH/index.php(57): CodeIgniter\CodeIgniter->run()
CRITICAL - 2024-07-29 07:22:01 --> Undefined variable $payArray
in APPPATH/Models/Engine.php on line 2230.
 1 APPPATH/Models/Engine.php(2230): CodeIgniter\Debug\Exceptions->errorHandler()
 2 APPPATH/Controllers/Api.php(147): App\Models\Engine->getBillToSynch()
 3 SYSTEMPATH/CodeIgniter.php(896): App\Controllers\Api->postbillpayment()
 4 SYSTEMPATH/CodeIgniter.php(466): CodeIgniter\CodeIgniter->runController()
 5 SYSTEMPATH/CodeIgniter.php(349): CodeIgniter\CodeIgniter->handleRequest()
 6 FCPATH/index.php(57): CodeIgniter\CodeIgniter->run()
CRITICAL - 2024-07-29 07:23:01 --> Undefined variable $payArray
in APPPATH/Models/Engine.php on line 2230.
 1 APPPATH/Models/Engine.php(2230): CodeIgniter\Debug\Exceptions->errorHandler()
 2 APPPATH/Controllers/Api.php(147): App\Models\Engine->getBillToSynch()
 3 SYSTEMPATH/CodeIgniter.php(896): App\Controllers\Api->postbillpayment()
 4 SYSTEMPATH/CodeIgniter.php(466): CodeIgniter\CodeIgniter->runController()
 5 SYSTEMPATH/CodeIgniter.php(349): CodeIgniter\CodeIgniter->handleRequest()
 6 FCPATH/index.php(57): CodeIgniter\CodeIgniter->run()
CRITICAL - 2024-07-29 07:24:01 --> Undefined variable $payArray
in APPPATH/Models/Engine.php on line 2230.
 1 APPPATH/Models/Engine.php(2230): CodeIgniter\Debug\Exceptions->errorHandler()
 2 APPPATH/Controllers/Api.php(147): App\Models\Engine->getBillToSynch()
 3 SYSTEMPATH/CodeIgniter.php(896): App\Controllers\Api->postbillpayment()
 4 SYSTEMPATH/CodeIgniter.php(466): CodeIgniter\CodeIgniter->runController()
 5 SYSTEMPATH/CodeIgniter.php(349): CodeIgniter\CodeIgniter->handleRequest()
 6 FCPATH/index.php(57): CodeIgniter\CodeIgniter->run()
CRITICAL - 2024-07-29 07:25:01 --> Undefined variable $payArray
in APPPATH/Models/Engine.php on line 2230.
 1 APPPATH/Models/Engine.php(2230): CodeIgniter\Debug\Exceptions->errorHandler()
 2 APPPATH/Controllers/Api.php(147): App\Models\Engine->getBillToSynch()
 3 SYSTEMPATH/CodeIgniter.php(896): App\Controllers\Api->postbillpayment()
 4 SYSTEMPATH/CodeIgniter.php(466): CodeIgniter\CodeIgniter->runController()
 5 SYSTEMPATH/CodeIgniter.php(349): CodeIgniter\CodeIgniter->handleRequest()
 6 FCPATH/index.php(57): CodeIgniter\CodeIgniter->run()
CRITICAL - 2024-07-29 07:26:01 --> Undefined variable $payArray
in APPPATH/Models/Engine.php on line 2230.
 1 APPPATH/Models/Engine.php(2230): CodeIgniter\Debug\Exceptions->errorHandler()
 2 APPPATH/Controllers/Api.php(147): App\Models\Engine->getBillToSynch()
 3 SYSTEMPATH/CodeIgniter.php(896): App\Controllers\Api->postbillpayment()
 4 SYSTEMPATH/CodeIgniter.php(466): CodeIgniter\CodeIgniter->runController()
 5 SYSTEMPATH/CodeIgniter.php(349): CodeIgniter\CodeIgniter->handleRequest()
 6 FCPATH/index.php(57): CodeIgniter\CodeIgniter->run()
CRITICAL - 2024-07-29 07:27:01 --> Undefined variable $payArray
in APPPATH/Models/Engine.php on line 2230.
 1 APPPATH/Models/Engine.php(2230): CodeIgniter\Debug\Exceptions->errorHandler()
 2 APPPATH/Controllers/Api.php(147): App\Models\Engine->getBillToSynch()
 3 SYSTEMPATH/CodeIgniter.php(896): App\Controllers\Api->postbillpayment()
 4 SYSTEMPATH/CodeIgniter.php(466): CodeIgniter\CodeIgniter->runController()
 5 SYSTEMPATH/CodeIgniter.php(349): CodeIgniter\CodeIgniter->handleRequest()
 6 FCPATH/index.php(57): CodeIgniter\CodeIgniter->run()
CRITICAL - 2024-07-29 07:28:01 --> Undefined variable $payArray
in APPPATH/Models/Engine.php on line 2230.
 1 APPPATH/Models/Engine.php(2230): CodeIgniter\Debug\Exceptions->errorHandler()
 2 APPPATH/Controllers/Api.php(147): App\Models\Engine->getBillToSynch()
 3 SYSTEMPATH/CodeIgniter.php(896): App\Controllers\Api->postbillpayment()
 4 SYSTEMPATH/CodeIgniter.php(466): CodeIgniter\CodeIgniter->runController()
 5 SYSTEMPATH/CodeIgniter.php(349): CodeIgniter\CodeIgniter->handleRequest()
 6 FCPATH/index.php(57): CodeIgniter\CodeIgniter->run()
CRITICAL - 2024-07-29 07:29:01 --> Undefined variable $payArray
in APPPATH/Models/Engine.php on line 2230.
 1 APPPATH/Models/Engine.php(2230): CodeIgniter\Debug\Exceptions->errorHandler()
 2 APPPATH/Controllers/Api.php(147): App\Models\Engine->getBillToSynch()
 3 SYSTEMPATH/CodeIgniter.php(896): App\Controllers\Api->postbillpayment()
 4 SYSTEMPATH/CodeIgniter.php(466): CodeIgniter\CodeIgniter->runController()
 5 SYSTEMPATH/CodeIgniter.php(349): CodeIgniter\CodeIgniter->handleRequest()
 6 FCPATH/index.php(57): CodeIgniter\CodeIgniter->run()
CRITICAL - 2024-07-29 07:30:01 --> Undefined variable $payArray
in APPPATH/Models/Engine.php on line 2230.
 1 APPPATH/Models/Engine.php(2230): CodeIgniter\Debug\Exceptions->errorHandler()
 2 APPPATH/Controllers/Api.php(147): App\Models\Engine->getBillToSynch()
 3 SYSTEMPATH/CodeIgniter.php(896): App\Controllers\Api->postbillpayment()
 4 SYSTEMPATH/CodeIgniter.php(466): CodeIgniter\CodeIgniter->runController()
 5 SYSTEMPATH/CodeIgniter.php(349): CodeIgniter\CodeIgniter->handleRequest()
 6 FCPATH/index.php(57): CodeIgniter\CodeIgniter->run()
CRITICAL - 2024-07-29 07:31:01 --> Undefined variable $payArray
in APPPATH/Models/Engine.php on line 2230.
 1 APPPATH/Models/Engine.php(2230): CodeIgniter\Debug\Exceptions->errorHandler()
 2 APPPATH/Controllers/Api.php(147): App\Models\Engine->getBillToSynch()
 3 SYSTEMPATH/CodeIgniter.php(896): App\Controllers\Api->postbillpayment()
 4 SYSTEMPATH/CodeIgniter.php(466): CodeIgniter\CodeIgniter->runController()
 5 SYSTEMPATH/CodeIgniter.php(349): CodeIgniter\CodeIgniter->handleRequest()
 6 FCPATH/index.php(57): CodeIgniter\CodeIgniter->run()
CRITICAL - 2024-07-29 07:32:01 --> Undefined variable $payArray
in APPPATH/Models/Engine.php on line 2230.
 1 APPPATH/Models/Engine.php(2230): CodeIgniter\Debug\Exceptions->errorHandler()
 2 APPPATH/Controllers/Api.php(147): App\Models\Engine->getBillToSynch()
 3 SYSTEMPATH/CodeIgniter.php(896): App\Controllers\Api->postbillpayment()
 4 SYSTEMPATH/CodeIgniter.php(466): CodeIgniter\CodeIgniter->runController()
 5 SYSTEMPATH/CodeIgniter.php(349): CodeIgniter\CodeIgniter->handleRequest()
 6 FCPATH/index.php(57): CodeIgniter\CodeIgniter->run()
CRITICAL - 2024-07-29 07:33:01 --> Undefined variable $payArray
in APPPATH/Models/Engine.php on line 2230.
 1 APPPATH/Models/Engine.php(2230): CodeIgniter\Debug\Exceptions->errorHandler()
 2 APPPATH/Controllers/Api.php(147): App\Models\Engine->getBillToSynch()
 3 SYSTEMPATH/CodeIgniter.php(896): App\Controllers\Api->postbillpayment()
 4 SYSTEMPATH/CodeIgniter.php(466): CodeIgniter\CodeIgniter->runController()
 5 SYSTEMPATH/CodeIgniter.php(349): CodeIgniter\CodeIgniter->handleRequest()
 6 FCPATH/index.php(57): CodeIgniter\CodeIgniter->run()
CRITICAL - 2024-07-29 07:34:01 --> Undefined variable $payArray
in APPPATH/Models/Engine.php on line 2230.
 1 APPPATH/Models/Engine.php(2230): CodeIgniter\Debug\Exceptions->errorHandler()
 2 APPPATH/Controllers/Api.php(147): App\Models\Engine->getBillToSynch()
 3 SYSTEMPATH/CodeIgniter.php(896): App\Controllers\Api->postbillpayment()
 4 SYSTEMPATH/CodeIgniter.php(466): CodeIgniter\CodeIgniter->runController()
 5 SYSTEMPATH/CodeIgniter.php(349): CodeIgniter\CodeIgniter->handleRequest()
 6 FCPATH/index.php(57): CodeIgniter\CodeIgniter->run()
CRITICAL - 2024-07-29 07:35:01 --> Undefined variable $payArray
in APPPATH/Models/Engine.php on line 2230.
 1 APPPATH/Models/Engine.php(2230): CodeIgniter\Debug\Exceptions->errorHandler()
 2 APPPATH/Controllers/Api.php(147): App\Models\Engine->getBillToSynch()
 3 SYSTEMPATH/CodeIgniter.php(896): App\Controllers\Api->postbillpayment()
 4 SYSTEMPATH/CodeIgniter.php(466): CodeIgniter\CodeIgniter->runController()
 5 SYSTEMPATH/CodeIgniter.php(349): CodeIgniter\CodeIgniter->handleRequest()
 6 FCPATH/index.php(57): CodeIgniter\CodeIgniter->run()
CRITICAL - 2024-07-29 07:36:01 --> Undefined variable $payArray
in APPPATH/Models/Engine.php on line 2230.
 1 APPPATH/Models/Engine.php(2230): CodeIgniter\Debug\Exceptions->errorHandler()
 2 APPPATH/Controllers/Api.php(147): App\Models\Engine->getBillToSynch()
 3 SYSTEMPATH/CodeIgniter.php(896): App\Controllers\Api->postbillpayment()
 4 SYSTEMPATH/CodeIgniter.php(466): CodeIgniter\CodeIgniter->runController()
 5 SYSTEMPATH/CodeIgniter.php(349): CodeIgniter\CodeIgniter->handleRequest()
 6 FCPATH/index.php(57): CodeIgniter\CodeIgniter->run()
CRITICAL - 2024-07-29 07:37:01 --> Undefined variable $payArray
in APPPATH/Models/Engine.php on line 2230.
 1 APPPATH/Models/Engine.php(2230): CodeIgniter\Debug\Exceptions->errorHandler()
 2 APPPATH/Controllers/Api.php(147): App\Models\Engine->getBillToSynch()
 3 SYSTEMPATH/CodeIgniter.php(896): App\Controllers\Api->postbillpayment()
 4 SYSTEMPATH/CodeIgniter.php(466): CodeIgniter\CodeIgniter->runController()
 5 SYSTEMPATH/CodeIgniter.php(349): CodeIgniter\CodeIgniter->handleRequest()
 6 FCPATH/index.php(57): CodeIgniter\CodeIgniter->run()
CRITICAL - 2024-07-29 07:38:01 --> Undefined variable $payArray
in APPPATH/Models/Engine.php on line 2230.
 1 APPPATH/Models/Engine.php(2230): CodeIgniter\Debug\Exceptions->errorHandler()
 2 APPPATH/Controllers/Api.php(147): App\Models\Engine->getBillToSynch()
 3 SYSTEMPATH/CodeIgniter.php(896): App\Controllers\Api->postbillpayment()
 4 SYSTEMPATH/CodeIgniter.php(466): CodeIgniter\CodeIgniter->runController()
 5 SYSTEMPATH/CodeIgniter.php(349): CodeIgniter\CodeIgniter->handleRequest()
 6 FCPATH/index.php(57): CodeIgniter\CodeIgniter->run()
CRITICAL - 2024-07-29 07:39:01 --> Undefined variable $payArray
in APPPATH/Models/Engine.php on line 2230.
 1 APPPATH/Models/Engine.php(2230): CodeIgniter\Debug\Exceptions->errorHandler()
 2 APPPATH/Controllers/Api.php(147): App\Models\Engine->getBillToSynch()
 3 SYSTEMPATH/CodeIgniter.php(896): App\Controllers\Api->postbillpayment()
 4 SYSTEMPATH/CodeIgniter.php(466): CodeIgniter\CodeIgniter->runController()
 5 SYSTEMPATH/CodeIgniter.php(349): CodeIgniter\CodeIgniter->handleRequest()
 6 FCPATH/index.php(57): CodeIgniter\CodeIgniter->run()
CRITICAL - 2024-07-29 07:40:01 --> Undefined variable $payArray
in APPPATH/Models/Engine.php on line 2230.
 1 APPPATH/Models/Engine.php(2230): CodeIgniter\Debug\Exceptions->errorHandler()
 2 APPPATH/Controllers/Api.php(147): App\Models\Engine->getBillToSynch()
 3 SYSTEMPATH/CodeIgniter.php(896): App\Controllers\Api->postbillpayment()
 4 SYSTEMPATH/CodeIgniter.php(466): CodeIgniter\CodeIgniter->runController()
 5 SYSTEMPATH/CodeIgniter.php(349): CodeIgniter\CodeIgniter->handleRequest()
 6 FCPATH/index.php(57): CodeIgniter\CodeIgniter->run()
CRITICAL - 2024-07-29 07:41:01 --> Undefined variable $payArray
in APPPATH/Models/Engine.php on line 2230.
 1 APPPATH/Models/Engine.php(2230): CodeIgniter\Debug\Exceptions->errorHandler()
 2 APPPATH/Controllers/Api.php(147): App\Models\Engine->getBillToSynch()
 3 SYSTEMPATH/CodeIgniter.php(896): App\Controllers\Api->postbillpayment()
 4 SYSTEMPATH/CodeIgniter.php(466): CodeIgniter\CodeIgniter->runController()
 5 SYSTEMPATH/CodeIgniter.php(349): CodeIgniter\CodeIgniter->handleRequest()
 6 FCPATH/index.php(57): CodeIgniter\CodeIgniter->run()
CRITICAL - 2024-07-29 07:42:01 --> Undefined variable $payArray
in APPPATH/Models/Engine.php on line 2230.
 1 APPPATH/Models/Engine.php(2230): CodeIgniter\Debug\Exceptions->errorHandler()
 2 APPPATH/Controllers/Api.php(147): App\Models\Engine->getBillToSynch()
 3 SYSTEMPATH/CodeIgniter.php(896): App\Controllers\Api->postbillpayment()
 4 SYSTEMPATH/CodeIgniter.php(466): CodeIgniter\CodeIgniter->runController()
 5 SYSTEMPATH/CodeIgniter.php(349): CodeIgniter\CodeIgniter->handleRequest()
 6 FCPATH/index.php(57): CodeIgniter\CodeIgniter->run()
CRITICAL - 2024-07-29 07:43:01 --> Undefined variable $payArray
in APPPATH/Models/Engine.php on line 2230.
 1 APPPATH/Models/Engine.php(2230): CodeIgniter\Debug\Exceptions->errorHandler()
 2 APPPATH/Controllers/Api.php(147): App\Models\Engine->getBillToSynch()
 3 SYSTEMPATH/CodeIgniter.php(896): App\Controllers\Api->postbillpayment()
 4 SYSTEMPATH/CodeIgniter.php(466): CodeIgniter\CodeIgniter->runController()
 5 SYSTEMPATH/CodeIgniter.php(349): CodeIgniter\CodeIgniter->handleRequest()
 6 FCPATH/index.php(57): CodeIgniter\CodeIgniter->run()
CRITICAL - 2024-07-29 07:44:01 --> Undefined variable $payArray
in APPPATH/Models/Engine.php on line 2230.
 1 APPPATH/Models/Engine.php(2230): CodeIgniter\Debug\Exceptions->errorHandler()
 2 APPPATH/Controllers/Api.php(147): App\Models\Engine->getBillToSynch()
 3 SYSTEMPATH/CodeIgniter.php(896): App\Controllers\Api->postbillpayment()
 4 SYSTEMPATH/CodeIgniter.php(466): CodeIgniter\CodeIgniter->runController()
 5 SYSTEMPATH/CodeIgniter.php(349): CodeIgniter\CodeIgniter->handleRequest()
 6 FCPATH/index.php(57): CodeIgniter\CodeIgniter->run()
CRITICAL - 2024-07-29 07:45:01 --> Undefined variable $payArray
in APPPATH/Models/Engine.php on line 2230.
 1 APPPATH/Models/Engine.php(2230): CodeIgniter\Debug\Exceptions->errorHandler()
 2 APPPATH/Controllers/Api.php(147): App\Models\Engine->getBillToSynch()
 3 SYSTEMPATH/CodeIgniter.php(896): App\Controllers\Api->postbillpayment()
 4 SYSTEMPATH/CodeIgniter.php(466): CodeIgniter\CodeIgniter->runController()
 5 SYSTEMPATH/CodeIgniter.php(349): CodeIgniter\CodeIgniter->handleRequest()
 6 FCPATH/index.php(57): CodeIgniter\CodeIgniter->run()
CRITICAL - 2024-07-29 07:46:01 --> Undefined variable $payArray
in APPPATH/Models/Engine.php on line 2230.
 1 APPPATH/Models/Engine.php(2230): CodeIgniter\Debug\Exceptions->errorHandler()
 2 APPPATH/Controllers/Api.php(147): App\Models\Engine->getBillToSynch()
 3 SYSTEMPATH/CodeIgniter.php(896): App\Controllers\Api->postbillpayment()
 4 SYSTEMPATH/CodeIgniter.php(466): CodeIgniter\CodeIgniter->runController()
 5 SYSTEMPATH/CodeIgniter.php(349): CodeIgniter\CodeIgniter->handleRequest()
 6 FCPATH/index.php(57): CodeIgniter\CodeIgniter->run()
CRITICAL - 2024-07-29 07:47:01 --> Undefined variable $payArray
in APPPATH/Models/Engine.php on line 2230.
 1 APPPATH/Models/Engine.php(2230): CodeIgniter\Debug\Exceptions->errorHandler()
 2 APPPATH/Controllers/Api.php(147): App\Models\Engine->getBillToSynch()
 3 SYSTEMPATH/CodeIgniter.php(896): App\Controllers\Api->postbillpayment()
 4 SYSTEMPATH/CodeIgniter.php(466): CodeIgniter\CodeIgniter->runController()
 5 SYSTEMPATH/CodeIgniter.php(349): CodeIgniter\CodeIgniter->handleRequest()
 6 FCPATH/index.php(57): CodeIgniter\CodeIgniter->run()
CRITICAL - 2024-07-29 07:48:01 --> Undefined variable $payArray
in APPPATH/Models/Engine.php on line 2230.
 1 APPPATH/Models/Engine.php(2230): CodeIgniter\Debug\Exceptions->errorHandler()
 2 APPPATH/Controllers/Api.php(147): App\Models\Engine->getBillToSynch()
 3 SYSTEMPATH/CodeIgniter.php(896): App\Controllers\Api->postbillpayment()
 4 SYSTEMPATH/CodeIgniter.php(466): CodeIgniter\CodeIgniter->runController()
 5 SYSTEMPATH/CodeIgniter.php(349): CodeIgniter\CodeIgniter->handleRequest()
 6 FCPATH/index.php(57): CodeIgniter\CodeIgniter->run()
CRITICAL - 2024-07-29 07:49:01 --> Undefined variable $payArray
in APPPATH/Models/Engine.php on line 2230.
 1 APPPATH/Models/Engine.php(2230): CodeIgniter\Debug\Exceptions->errorHandler()
 2 APPPATH/Controllers/Api.php(147): App\Models\Engine->getBillToSynch()
 3 SYSTEMPATH/CodeIgniter.php(896): App\Controllers\Api->postbillpayment()
 4 SYSTEMPATH/CodeIgniter.php(466): CodeIgniter\CodeIgniter->runController()
 5 SYSTEMPATH/CodeIgniter.php(349): CodeIgniter\CodeIgniter->handleRequest()
 6 FCPATH/index.php(57): CodeIgniter\CodeIgniter->run()
CRITICAL - 2024-07-29 07:50:01 --> Undefined variable $payArray
in APPPATH/Models/Engine.php on line 2230.
 1 APPPATH/Models/Engine.php(2230): CodeIgniter\Debug\Exceptions->errorHandler()
 2 APPPATH/Controllers/Api.php(147): App\Models\Engine->getBillToSynch()
 3 SYSTEMPATH/CodeIgniter.php(896): App\Controllers\Api->postbillpayment()
 4 SYSTEMPATH/CodeIgniter.php(466): CodeIgniter\CodeIgniter->runController()
 5 SYSTEMPATH/CodeIgniter.php(349): CodeIgniter\CodeIgniter->handleRequest()
 6 FCPATH/index.php(57): CodeIgniter\CodeIgniter->run()
CRITICAL - 2024-07-29 07:51:01 --> Undefined variable $payArray
in APPPATH/Models/Engine.php on line 2230.
 1 APPPATH/Models/Engine.php(2230): CodeIgniter\Debug\Exceptions->errorHandler()
 2 APPPATH/Controllers/Api.php(147): App\Models\Engine->getBillToSynch()
 3 SYSTEMPATH/CodeIgniter.php(896): App\Controllers\Api->postbillpayment()
 4 SYSTEMPATH/CodeIgniter.php(466): CodeIgniter\CodeIgniter->runController()
 5 SYSTEMPATH/CodeIgniter.php(349): CodeIgniter\CodeIgniter->handleRequest()
 6 FCPATH/index.php(57): CodeIgniter\CodeIgniter->run()
CRITICAL - 2024-07-29 07:52:01 --> Undefined variable $payArray
in APPPATH/Models/Engine.php on line 2230.
 1 APPPATH/Models/Engine.php(2230): CodeIgniter\Debug\Exceptions->errorHandler()
 2 APPPATH/Controllers/Api.php(147): App\Models\Engine->getBillToSynch()
 3 SYSTEMPATH/CodeIgniter.php(896): App\Controllers\Api->postbillpayment()
 4 SYSTEMPATH/CodeIgniter.php(466): CodeIgniter\CodeIgniter->runController()
 5 SYSTEMPATH/CodeIgniter.php(349): CodeIgniter\CodeIgniter->handleRequest()
 6 FCPATH/index.php(57): CodeIgniter\CodeIgniter->run()
CRITICAL - 2024-07-29 07:53:01 --> Undefined variable $payArray
in APPPATH/Models/Engine.php on line 2230.
 1 APPPATH/Models/Engine.php(2230): CodeIgniter\Debug\Exceptions->errorHandler()
 2 APPPATH/Controllers/Api.php(147): App\Models\Engine->getBillToSynch()
 3 SYSTEMPATH/CodeIgniter.php(896): App\Controllers\Api->postbillpayment()
 4 SYSTEMPATH/CodeIgniter.php(466): CodeIgniter\CodeIgniter->runController()
 5 SYSTEMPATH/CodeIgniter.php(349): CodeIgniter\CodeIgniter->handleRequest()
 6 FCPATH/index.php(57): CodeIgniter\CodeIgniter->run()
CRITICAL - 2024-07-29 07:54:01 --> Undefined variable $payArray
in APPPATH/Models/Engine.php on line 2230.
 1 APPPATH/Models/Engine.php(2230): CodeIgniter\Debug\Exceptions->errorHandler()
 2 APPPATH/Controllers/Api.php(147): App\Models\Engine->getBillToSynch()
 3 SYSTEMPATH/CodeIgniter.php(896): App\Controllers\Api->postbillpayment()
 4 SYSTEMPATH/CodeIgniter.php(466): CodeIgniter\CodeIgniter->runController()
 5 SYSTEMPATH/CodeIgniter.php(349): CodeIgniter\CodeIgniter->handleRequest()
 6 FCPATH/index.php(57): CodeIgniter\CodeIgniter->run()
CRITICAL - 2024-07-29 07:55:02 --> Undefined variable $payArray
in APPPATH/Models/Engine.php on line 2230.
 1 APPPATH/Models/Engine.php(2230): CodeIgniter\Debug\Exceptions->errorHandler()
 2 APPPATH/Controllers/Api.php(147): App\Models\Engine->getBillToSynch()
 3 SYSTEMPATH/CodeIgniter.php(896): App\Controllers\Api->postbillpayment()
 4 SYSTEMPATH/CodeIgniter.php(466): CodeIgniter\CodeIgniter->runController()
 5 SYSTEMPATH/CodeIgniter.php(349): CodeIgniter\CodeIgniter->handleRequest()
 6 FCPATH/index.php(57): CodeIgniter\CodeIgniter->run()
CRITICAL - 2024-07-29 07:56:01 --> Undefined variable $payArray
in APPPATH/Models/Engine.php on line 2230.
 1 APPPATH/Models/Engine.php(2230): CodeIgniter\Debug\Exceptions->errorHandler()
 2 APPPATH/Controllers/Api.php(147): App\Models\Engine->getBillToSynch()
 3 SYSTEMPATH/CodeIgniter.php(896): App\Controllers\Api->postbillpayment()
 4 SYSTEMPATH/CodeIgniter.php(466): CodeIgniter\CodeIgniter->runController()
 5 SYSTEMPATH/CodeIgniter.php(349): CodeIgniter\CodeIgniter->handleRequest()
 6 FCPATH/index.php(57): CodeIgniter\CodeIgniter->run()
CRITICAL - 2024-07-29 07:57:01 --> Undefined variable $payArray
in APPPATH/Models/Engine.php on line 2230.
 1 APPPATH/Models/Engine.php(2230): CodeIgniter\Debug\Exceptions->errorHandler()
 2 APPPATH/Controllers/Api.php(147): App\Models\Engine->getBillToSynch()
 3 SYSTEMPATH/CodeIgniter.php(896): App\Controllers\Api->postbillpayment()
 4 SYSTEMPATH/CodeIgniter.php(466): CodeIgniter\CodeIgniter->runController()
 5 SYSTEMPATH/CodeIgniter.php(349): CodeIgniter\CodeIgniter->handleRequest()
 6 FCPATH/index.php(57): CodeIgniter\CodeIgniter->run()
CRITICAL - 2024-07-29 07:58:01 --> Undefined variable $payArray
in APPPATH/Models/Engine.php on line 2230.
 1 APPPATH/Models/Engine.php(2230): CodeIgniter\Debug\Exceptions->errorHandler()
 2 APPPATH/Controllers/Api.php(147): App\Models\Engine->getBillToSynch()
 3 SYSTEMPATH/CodeIgniter.php(896): App\Controllers\Api->postbillpayment()
 4 SYSTEMPATH/CodeIgniter.php(466): CodeIgniter\CodeIgniter->runController()
 5 SYSTEMPATH/CodeIgniter.php(349): CodeIgniter\CodeIgniter->handleRequest()
 6 FCPATH/index.php(57): CodeIgniter\CodeIgniter->run()
CRITICAL - 2024-07-29 07:59:01 --> Undefined variable $payArray
in APPPATH/Models/Engine.php on line 2230.
 1 APPPATH/Models/Engine.php(2230): CodeIgniter\Debug\Exceptions->errorHandler()
 2 APPPATH/Controllers/Api.php(147): App\Models\Engine->getBillToSynch()
 3 SYSTEMPATH/CodeIgniter.php(896): App\Controllers\Api->postbillpayment()
 4 SYSTEMPATH/CodeIgniter.php(466): CodeIgniter\CodeIgniter->runController()
 5 SYSTEMPATH/CodeIgniter.php(349): CodeIgniter\CodeIgniter->handleRequest()
 6 FCPATH/index.php(57): CodeIgniter\CodeIgniter->run()
CRITICAL - 2024-07-29 08:00:01 --> Undefined variable $payArray
in APPPATH/Models/Engine.php on line 2230.
 1 APPPATH/Models/Engine.php(2230): CodeIgniter\Debug\Exceptions->errorHandler()
 2 APPPATH/Controllers/Api.php(147): App\Models\Engine->getBillToSynch()
 3 SYSTEMPATH/CodeIgniter.php(896): App\Controllers\Api->postbillpayment()
 4 SYSTEMPATH/CodeIgniter.php(466): CodeIgniter\CodeIgniter->runController()
 5 SYSTEMPATH/CodeIgniter.php(349): CodeIgniter\CodeIgniter->handleRequest()
 6 FCPATH/index.php(57): CodeIgniter\CodeIgniter->run()
CRITICAL - 2024-07-29 08:01:01 --> Undefined variable $payArray
in APPPATH/Models/Engine.php on line 2230.
 1 APPPATH/Models/Engine.php(2230): CodeIgniter\Debug\Exceptions->errorHandler()
 2 APPPATH/Controllers/Api.php(147): App\Models\Engine->getBillToSynch()
 3 SYSTEMPATH/CodeIgniter.php(896): App\Controllers\Api->postbillpayment()
 4 SYSTEMPATH/CodeIgniter.php(466): CodeIgniter\CodeIgniter->runController()
 5 SYSTEMPATH/CodeIgniter.php(349): CodeIgniter\CodeIgniter->handleRequest()
 6 FCPATH/index.php(57): CodeIgniter\CodeIgniter->run()
CRITICAL - 2024-07-29 08:02:01 --> Undefined variable $payArray
in APPPATH/Models/Engine.php on line 2230.
 1 APPPATH/Models/Engine.php(2230): CodeIgniter\Debug\Exceptions->errorHandler()
 2 APPPATH/Controllers/Api.php(147): App\Models\Engine->getBillToSynch()
 3 SYSTEMPATH/CodeIgniter.php(896): App\Controllers\Api->postbillpayment()
 4 SYSTEMPATH/CodeIgniter.php(466): CodeIgniter\CodeIgniter->runController()
 5 SYSTEMPATH/CodeIgniter.php(349): CodeIgniter\CodeIgniter->handleRequest()
 6 FCPATH/index.php(57): CodeIgniter\CodeIgniter->run()
CRITICAL - 2024-07-29 08:03:01 --> Undefined variable $payArray
in APPPATH/Models/Engine.php on line 2230.
 1 APPPATH/Models/Engine.php(2230): CodeIgniter\Debug\Exceptions->errorHandler()
 2 APPPATH/Controllers/Api.php(147): App\Models\Engine->getBillToSynch()
 3 SYSTEMPATH/CodeIgniter.php(896): App\Controllers\Api->postbillpayment()
 4 SYSTEMPATH/CodeIgniter.php(466): CodeIgniter\CodeIgniter->runController()
 5 SYSTEMPATH/CodeIgniter.php(349): CodeIgniter\CodeIgniter->handleRequest()
 6 FCPATH/index.php(57): CodeIgniter\CodeIgniter->run()
CRITICAL - 2024-07-29 08:04:01 --> Undefined variable $payArray
in APPPATH/Models/Engine.php on line 2230.
 1 APPPATH/Models/Engine.php(2230): CodeIgniter\Debug\Exceptions->errorHandler()
 2 APPPATH/Controllers/Api.php(147): App\Models\Engine->getBillToSynch()
 3 SYSTEMPATH/CodeIgniter.php(896): App\Controllers\Api->postbillpayment()
 4 SYSTEMPATH/CodeIgniter.php(466): CodeIgniter\CodeIgniter->runController()
 5 SYSTEMPATH/CodeIgniter.php(349): CodeIgniter\CodeIgniter->handleRequest()
 6 FCPATH/index.php(57): CodeIgniter\CodeIgniter->run()
CRITICAL - 2024-07-29 08:05:01 --> Undefined variable $payArray
in APPPATH/Models/Engine.php on line 2230.
 1 APPPATH/Models/Engine.php(2230): CodeIgniter\Debug\Exceptions->errorHandler()
 2 APPPATH/Controllers/Api.php(147): App\Models\Engine->getBillToSynch()
 3 SYSTEMPATH/CodeIgniter.php(896): App\Controllers\Api->postbillpayment()
 4 SYSTEMPATH/CodeIgniter.php(466): CodeIgniter\CodeIgniter->runController()
 5 SYSTEMPATH/CodeIgniter.php(349): CodeIgniter\CodeIgniter->handleRequest()
 6 FCPATH/index.php(57): CodeIgniter\CodeIgniter->run()
CRITICAL - 2024-07-29 08:06:01 --> Undefined variable $payArray
in APPPATH/Models/Engine.php on line 2230.
 1 APPPATH/Models/Engine.php(2230): CodeIgniter\Debug\Exceptions->errorHandler()
 2 APPPATH/Controllers/Api.php(147): App\Models\Engine->getBillToSynch()
 3 SYSTEMPATH/CodeIgniter.php(896): App\Controllers\Api->postbillpayment()
 4 SYSTEMPATH/CodeIgniter.php(466): CodeIgniter\CodeIgniter->runController()
 5 SYSTEMPATH/CodeIgniter.php(349): CodeIgniter\CodeIgniter->handleRequest()
 6 FCPATH/index.php(57): CodeIgniter\CodeIgniter->run()
CRITICAL - 2024-07-29 08:07:01 --> Undefined variable $payArray
in APPPATH/Models/Engine.php on line 2230.
 1 APPPATH/Models/Engine.php(2230): CodeIgniter\Debug\Exceptions->errorHandler()
 2 APPPATH/Controllers/Api.php(147): App\Models\Engine->getBillToSynch()
 3 SYSTEMPATH/CodeIgniter.php(896): App\Controllers\Api->postbillpayment()
 4 SYSTEMPATH/CodeIgniter.php(466): CodeIgniter\CodeIgniter->runController()
 5 SYSTEMPATH/CodeIgniter.php(349): CodeIgniter\CodeIgniter->handleRequest()
 6 FCPATH/index.php(57): CodeIgniter\CodeIgniter->run()
CRITICAL - 2024-07-29 08:08:01 --> Undefined variable $payArray
in APPPATH/Models/Engine.php on line 2230.
 1 APPPATH/Models/Engine.php(2230): CodeIgniter\Debug\Exceptions->errorHandler()
 2 APPPATH/Controllers/Api.php(147): App\Models\Engine->getBillToSynch()
 3 SYSTEMPATH/CodeIgniter.php(896): App\Controllers\Api->postbillpayment()
 4 SYSTEMPATH/CodeIgniter.php(466): CodeIgniter\CodeIgniter->runController()
 5 SYSTEMPATH/CodeIgniter.php(349): CodeIgniter\CodeIgniter->handleRequest()
 6 FCPATH/index.php(57): CodeIgniter\CodeIgniter->run()
CRITICAL - 2024-07-29 08:09:01 --> Undefined variable $payArray
in APPPATH/Models/Engine.php on line 2230.
 1 APPPATH/Models/Engine.php(2230): CodeIgniter\Debug\Exceptions->errorHandler()
 2 APPPATH/Controllers/Api.php(147): App\Models\Engine->getBillToSynch()
 3 SYSTEMPATH/CodeIgniter.php(896): App\Controllers\Api->postbillpayment()
 4 SYSTEMPATH/CodeIgniter.php(466): CodeIgniter\CodeIgniter->runController()
 5 SYSTEMPATH/CodeIgniter.php(349): CodeIgniter\CodeIgniter->handleRequest()
 6 FCPATH/index.php(57): CodeIgniter\CodeIgniter->run()
CRITICAL - 2024-07-29 08:10:01 --> Undefined variable $payArray
in APPPATH/Models/Engine.php on line 2230.
 1 APPPATH/Models/Engine.php(2230): CodeIgniter\Debug\Exceptions->errorHandler()
 2 APPPATH/Controllers/Api.php(147): App\Models\Engine->getBillToSynch()
 3 SYSTEMPATH/CodeIgniter.php(896): App\Controllers\Api->postbillpayment()
 4 SYSTEMPATH/CodeIgniter.php(466): CodeIgniter\CodeIgniter->runController()
 5 SYSTEMPATH/CodeIgniter.php(349): CodeIgniter\CodeIgniter->handleRequest()
 6 FCPATH/index.php(57): CodeIgniter\CodeIgniter->run()
CRITICAL - 2024-07-29 08:11:01 --> Undefined variable $payArray
in APPPATH/Models/Engine.php on line 2230.
 1 APPPATH/Models/Engine.php(2230): CodeIgniter\Debug\Exceptions->errorHandler()
 2 APPPATH/Controllers/Api.php(147): App\Models\Engine->getBillToSynch()
 3 SYSTEMPATH/CodeIgniter.php(896): App\Controllers\Api->postbillpayment()
 4 SYSTEMPATH/CodeIgniter.php(466): CodeIgniter\CodeIgniter->runController()
 5 SYSTEMPATH/CodeIgniter.php(349): CodeIgniter\CodeIgniter->handleRequest()
 6 FCPATH/index.php(57): CodeIgniter\CodeIgniter->run()
CRITICAL - 2024-07-29 08:12:01 --> Undefined variable $payArray
in APPPATH/Models/Engine.php on line 2230.
 1 APPPATH/Models/Engine.php(2230): CodeIgniter\Debug\Exceptions->errorHandler()
 2 APPPATH/Controllers/Api.php(147): App\Models\Engine->getBillToSynch()
 3 SYSTEMPATH/CodeIgniter.php(896): App\Controllers\Api->postbillpayment()
 4 SYSTEMPATH/CodeIgniter.php(466): CodeIgniter\CodeIgniter->runController()
 5 SYSTEMPATH/CodeIgniter.php(349): CodeIgniter\CodeIgniter->handleRequest()
 6 FCPATH/index.php(57): CodeIgniter\CodeIgniter->run()
CRITICAL - 2024-07-29 08:13:00 --> Undefined variable $payArray
in APPPATH/Models/Engine.php on line 2230.
 1 APPPATH/Models/Engine.php(2230): CodeIgniter\Debug\Exceptions->errorHandler()
 2 APPPATH/Controllers/Api.php(147): App\Models\Engine->getBillToSynch()
 3 SYSTEMPATH/CodeIgniter.php(896): App\Controllers\Api->postbillpayment()
 4 SYSTEMPATH/CodeIgniter.php(466): CodeIgniter\CodeIgniter->runController()
 5 SYSTEMPATH/CodeIgniter.php(349): CodeIgniter\CodeIgniter->handleRequest()
 6 FCPATH/index.php(57): CodeIgniter\CodeIgniter->run()
CRITICAL - 2024-07-29 08:14:01 --> Undefined variable $payArray
in APPPATH/Models/Engine.php on line 2230.
 1 APPPATH/Models/Engine.php(2230): CodeIgniter\Debug\Exceptions->errorHandler()
 2 APPPATH/Controllers/Api.php(147): App\Models\Engine->getBillToSynch()
 3 SYSTEMPATH/CodeIgniter.php(896): App\Controllers\Api->postbillpayment()
 4 SYSTEMPATH/CodeIgniter.php(466): CodeIgniter\CodeIgniter->runController()
 5 SYSTEMPATH/CodeIgniter.php(349): CodeIgniter\CodeIgniter->handleRequest()
 6 FCPATH/index.php(57): CodeIgniter\CodeIgniter->run()
CRITICAL - 2024-07-29 08:15:01 --> Undefined variable $payArray
in APPPATH/Models/Engine.php on line 2230.
 1 APPPATH/Models/Engine.php(2230): CodeIgniter\Debug\Exceptions->errorHandler()
 2 APPPATH/Controllers/Api.php(147): App\Models\Engine->getBillToSynch()
 3 SYSTEMPATH/CodeIgniter.php(896): App\Controllers\Api->postbillpayment()
 4 SYSTEMPATH/CodeIgniter.php(466): CodeIgniter\CodeIgniter->runController()
 5 SYSTEMPATH/CodeIgniter.php(349): CodeIgniter\CodeIgniter->handleRequest()
 6 FCPATH/index.php(57): CodeIgniter\CodeIgniter->run()
CRITICAL - 2024-07-29 08:16:01 --> Undefined variable $payArray
in APPPATH/Models/Engine.php on line 2230.
 1 APPPATH/Models/Engine.php(2230): CodeIgniter\Debug\Exceptions->errorHandler()
 2 APPPATH/Controllers/Api.php(147): App\Models\Engine->getBillToSynch()
 3 SYSTEMPATH/CodeIgniter.php(896): App\Controllers\Api->postbillpayment()
 4 SYSTEMPATH/CodeIgniter.php(466): CodeIgniter\CodeIgniter->runController()
 5 SYSTEMPATH/CodeIgniter.php(349): CodeIgniter\CodeIgniter->handleRequest()
 6 FCPATH/index.php(57): CodeIgniter\CodeIgniter->run()
CRITICAL - 2024-07-29 08:17:01 --> Undefined variable $payArray
in APPPATH/Models/Engine.php on line 2230.
 1 APPPATH/Models/Engine.php(2230): CodeIgniter\Debug\Exceptions->errorHandler()
 2 APPPATH/Controllers/Api.php(147): App\Models\Engine->getBillToSynch()
 3 SYSTEMPATH/CodeIgniter.php(896): App\Controllers\Api->postbillpayment()
 4 SYSTEMPATH/CodeIgniter.php(466): CodeIgniter\CodeIgniter->runController()
 5 SYSTEMPATH/CodeIgniter.php(349): CodeIgniter\CodeIgniter->handleRequest()
 6 FCPATH/index.php(57): CodeIgniter\CodeIgniter->run()
CRITICAL - 2024-07-29 08:18:01 --> Undefined variable $payArray
in APPPATH/Models/Engine.php on line 2230.
 1 APPPATH/Models/Engine.php(2230): CodeIgniter\Debug\Exceptions->errorHandler()
 2 APPPATH/Controllers/Api.php(147): App\Models\Engine->getBillToSynch()
 3 SYSTEMPATH/CodeIgniter.php(896): App\Controllers\Api->postbillpayment()
 4 SYSTEMPATH/CodeIgniter.php(466): CodeIgniter\CodeIgniter->runController()
 5 SYSTEMPATH/CodeIgniter.php(349): CodeIgniter\CodeIgniter->handleRequest()
 6 FCPATH/index.php(57): CodeIgniter\CodeIgniter->run()
CRITICAL - 2024-07-29 08:19:01 --> Undefined variable $payArray
in APPPATH/Models/Engine.php on line 2230.
 1 APPPATH/Models/Engine.php(2230): CodeIgniter\Debug\Exceptions->errorHandler()
 2 APPPATH/Controllers/Api.php(147): App\Models\Engine->getBillToSynch()
 3 SYSTEMPATH/CodeIgniter.php(896): App\Controllers\Api->postbillpayment()
 4 SYSTEMPATH/CodeIgniter.php(466): CodeIgniter\CodeIgniter->runController()
 5 SYSTEMPATH/CodeIgniter.php(349): CodeIgniter\CodeIgniter->handleRequest()
 6 FCPATH/index.php(57): CodeIgniter\CodeIgniter->run()
CRITICAL - 2024-07-29 08:20:01 --> Undefined variable $payArray
in APPPATH/Models/Engine.php on line 2230.
 1 APPPATH/Models/Engine.php(2230): CodeIgniter\Debug\Exceptions->errorHandler()
 2 APPPATH/Controllers/Api.php(147): App\Models\Engine->getBillToSynch()
 3 SYSTEMPATH/CodeIgniter.php(896): App\Controllers\Api->postbillpayment()
 4 SYSTEMPATH/CodeIgniter.php(466): CodeIgniter\CodeIgniter->runController()
 5 SYSTEMPATH/CodeIgniter.php(349): CodeIgniter\CodeIgniter->handleRequest()
 6 FCPATH/index.php(57): CodeIgniter\CodeIgniter->run()
CRITICAL - 2024-07-29 08:21:01 --> Undefined variable $payArray
in APPPATH/Models/Engine.php on line 2230.
 1 APPPATH/Models/Engine.php(2230): CodeIgniter\Debug\Exceptions->errorHandler()
 2 APPPATH/Controllers/Api.php(147): App\Models\Engine->getBillToSynch()
 3 SYSTEMPATH/CodeIgniter.php(896): App\Controllers\Api->postbillpayment()
 4 SYSTEMPATH/CodeIgniter.php(466): CodeIgniter\CodeIgniter->runController()
 5 SYSTEMPATH/CodeIgniter.php(349): CodeIgniter\CodeIgniter->handleRequest()
 6 FCPATH/index.php(57): CodeIgniter\CodeIgniter->run()
CRITICAL - 2024-07-29 08:22:01 --> Undefined variable $payArray
in APPPATH/Models/Engine.php on line 2230.
 1 APPPATH/Models/Engine.php(2230): CodeIgniter\Debug\Exceptions->errorHandler()
 2 APPPATH/Controllers/Api.php(147): App\Models\Engine->getBillToSynch()
 3 SYSTEMPATH/CodeIgniter.php(896): App\Controllers\Api->postbillpayment()
 4 SYSTEMPATH/CodeIgniter.php(466): CodeIgniter\CodeIgniter->runController()
 5 SYSTEMPATH/CodeIgniter.php(349): CodeIgniter\CodeIgniter->handleRequest()
 6 FCPATH/index.php(57): CodeIgniter\CodeIgniter->run()
CRITICAL - 2024-07-29 08:23:01 --> Undefined variable $payArray
in APPPATH/Models/Engine.php on line 2230.
 1 APPPATH/Models/Engine.php(2230): CodeIgniter\Debug\Exceptions->errorHandler()
 2 APPPATH/Controllers/Api.php(147): App\Models\Engine->getBillToSynch()
 3 SYSTEMPATH/CodeIgniter.php(896): App\Controllers\Api->postbillpayment()
 4 SYSTEMPATH/CodeIgniter.php(466): CodeIgniter\CodeIgniter->runController()
 5 SYSTEMPATH/CodeIgniter.php(349): CodeIgniter\CodeIgniter->handleRequest()
 6 FCPATH/index.php(57): CodeIgniter\CodeIgniter->run()
CRITICAL - 2024-07-29 08:24:01 --> Undefined variable $payArray
in APPPATH/Models/Engine.php on line 2230.
 1 APPPATH/Models/Engine.php(2230): CodeIgniter\Debug\Exceptions->errorHandler()
 2 APPPATH/Controllers/Api.php(147): App\Models\Engine->getBillToSynch()
 3 SYSTEMPATH/CodeIgniter.php(896): App\Controllers\Api->postbillpayment()
 4 SYSTEMPATH/CodeIgniter.php(466): CodeIgniter\CodeIgniter->runController()
 5 SYSTEMPATH/CodeIgniter.php(349): CodeIgniter\CodeIgniter->handleRequest()
 6 FCPATH/index.php(57): CodeIgniter\CodeIgniter->run()
CRITICAL - 2024-07-29 08:25:01 --> Undefined variable $payArray
in APPPATH/Models/Engine.php on line 2230.
 1 APPPATH/Models/Engine.php(2230): CodeIgniter\Debug\Exceptions->errorHandler()
 2 APPPATH/Controllers/Api.php(147): App\Models\Engine->getBillToSynch()
 3 SYSTEMPATH/CodeIgniter.php(896): App\Controllers\Api->postbillpayment()
 4 SYSTEMPATH/CodeIgniter.php(466): CodeIgniter\CodeIgniter->runController()
 5 SYSTEMPATH/CodeIgniter.php(349): CodeIgniter\CodeIgniter->handleRequest()
 6 FCPATH/index.php(57): CodeIgniter\CodeIgniter->run()
CRITICAL - 2024-07-29 08:26:01 --> Undefined variable $payArray
in APPPATH/Models/Engine.php on line 2230.
 1 APPPATH/Models/Engine.php(2230): CodeIgniter\Debug\Exceptions->errorHandler()
 2 APPPATH/Controllers/Api.php(147): App\Models\Engine->getBillToSynch()
 3 SYSTEMPATH/CodeIgniter.php(896): App\Controllers\Api->postbillpayment()
 4 SYSTEMPATH/CodeIgniter.php(466): CodeIgniter\CodeIgniter->runController()
 5 SYSTEMPATH/CodeIgniter.php(349): CodeIgniter\CodeIgniter->handleRequest()
 6 FCPATH/index.php(57): CodeIgniter\CodeIgniter->run()
CRITICAL - 2024-07-29 08:27:01 --> Undefined variable $payArray
in APPPATH/Models/Engine.php on line 2230.
 1 APPPATH/Models/Engine.php(2230): CodeIgniter\Debug\Exceptions->errorHandler()
 2 APPPATH/Controllers/Api.php(147): App\Models\Engine->getBillToSynch()
 3 SYSTEMPATH/CodeIgniter.php(896): App\Controllers\Api->postbillpayment()
 4 SYSTEMPATH/CodeIgniter.php(466): CodeIgniter\CodeIgniter->runController()
 5 SYSTEMPATH/CodeIgniter.php(349): CodeIgniter\CodeIgniter->handleRequest()
 6 FCPATH/index.php(57): CodeIgniter\CodeIgniter->run()
CRITICAL - 2024-07-29 08:28:01 --> Undefined variable $payArray
in APPPATH/Models/Engine.php on line 2230.
 1 APPPATH/Models/Engine.php(2230): CodeIgniter\Debug\Exceptions->errorHandler()
 2 APPPATH/Controllers/Api.php(147): App\Models\Engine->getBillToSynch()
 3 SYSTEMPATH/CodeIgniter.php(896): App\Controllers\Api->postbillpayment()
 4 SYSTEMPATH/CodeIgniter.php(466): CodeIgniter\CodeIgniter->runController()
 5 SYSTEMPATH/CodeIgniter.php(349): CodeIgniter\CodeIgniter->handleRequest()
 6 FCPATH/index.php(57): CodeIgniter\CodeIgniter->run()
CRITICAL - 2024-07-29 08:29:01 --> Undefined variable $payArray
in APPPATH/Models/Engine.php on line 2230.
 1 APPPATH/Models/Engine.php(2230): CodeIgniter\Debug\Exceptions->errorHandler()
 2 APPPATH/Controllers/Api.php(147): App\Models\Engine->getBillToSynch()
 3 SYSTEMPATH/CodeIgniter.php(896): App\Controllers\Api->postbillpayment()
 4 SYSTEMPATH/CodeIgniter.php(466): CodeIgniter\CodeIgniter->runController()
 5 SYSTEMPATH/CodeIgniter.php(349): CodeIgniter\CodeIgniter->handleRequest()
 6 FCPATH/index.php(57): CodeIgniter\CodeIgniter->run()
CRITICAL - 2024-07-29 08:30:01 --> Undefined variable $payArray
in APPPATH/Models/Engine.php on line 2230.
 1 APPPATH/Models/Engine.php(2230): CodeIgniter\Debug\Exceptions->errorHandler()
 2 APPPATH/Controllers/Api.php(147): App\Models\Engine->getBillToSynch()
 3 SYSTEMPATH/CodeIgniter.php(896): App\Controllers\Api->postbillpayment()
 4 SYSTEMPATH/CodeIgniter.php(466): CodeIgniter\CodeIgniter->runController()
 5 SYSTEMPATH/CodeIgniter.php(349): CodeIgniter\CodeIgniter->handleRequest()
 6 FCPATH/index.php(57): CodeIgniter\CodeIgniter->run()
CRITICAL - 2024-07-29 08:31:01 --> Undefined variable $payArray
in APPPATH/Models/Engine.php on line 2230.
 1 APPPATH/Models/Engine.php(2230): CodeIgniter\Debug\Exceptions->errorHandler()
 2 APPPATH/Controllers/Api.php(147): App\Models\Engine->getBillToSynch()
 3 SYSTEMPATH/CodeIgniter.php(896): App\Controllers\Api->postbillpayment()
 4 SYSTEMPATH/CodeIgniter.php(466): CodeIgniter\CodeIgniter->runController()
 5 SYSTEMPATH/CodeIgniter.php(349): CodeIgniter\CodeIgniter->handleRequest()
 6 FCPATH/index.php(57): CodeIgniter\CodeIgniter->run()
CRITICAL - 2024-07-29 08:32:01 --> Undefined variable $payArray
in APPPATH/Models/Engine.php on line 2230.
 1 APPPATH/Models/Engine.php(2230): CodeIgniter\Debug\Exceptions->errorHandler()
 2 APPPATH/Controllers/Api.php(147): App\Models\Engine->getBillToSynch()
 3 SYSTEMPATH/CodeIgniter.php(896): App\Controllers\Api->postbillpayment()
 4 SYSTEMPATH/CodeIgniter.php(466): CodeIgniter\CodeIgniter->runController()
 5 SYSTEMPATH/CodeIgniter.php(349): CodeIgniter\CodeIgniter->handleRequest()
 6 FCPATH/index.php(57): CodeIgniter\CodeIgniter->run()
CRITICAL - 2024-07-29 08:33:01 --> Undefined variable $payArray
in APPPATH/Models/Engine.php on line 2230.
 1 APPPATH/Models/Engine.php(2230): CodeIgniter\Debug\Exceptions->errorHandler()
 2 APPPATH/Controllers/Api.php(147): App\Models\Engine->getBillToSynch()
 3 SYSTEMPATH/CodeIgniter.php(896): App\Controllers\Api->postbillpayment()
 4 SYSTEMPATH/CodeIgniter.php(466): CodeIgniter\CodeIgniter->runController()
 5 SYSTEMPATH/CodeIgniter.php(349): CodeIgniter\CodeIgniter->handleRequest()
 6 FCPATH/index.php(57): CodeIgniter\CodeIgniter->run()
CRITICAL - 2024-07-29 08:34:01 --> Undefined variable $payArray
in APPPATH/Models/Engine.php on line 2230.
 1 APPPATH/Models/Engine.php(2230): CodeIgniter\Debug\Exceptions->errorHandler()
 2 APPPATH/Controllers/Api.php(147): App\Models\Engine->getBillToSynch()
 3 SYSTEMPATH/CodeIgniter.php(896): App\Controllers\Api->postbillpayment()
 4 SYSTEMPATH/CodeIgniter.php(466): CodeIgniter\CodeIgniter->runController()
 5 SYSTEMPATH/CodeIgniter.php(349): CodeIgniter\CodeIgniter->handleRequest()
 6 FCPATH/index.php(57): CodeIgniter\CodeIgniter->run()
CRITICAL - 2024-07-29 08:35:01 --> Undefined variable $payArray
in APPPATH/Models/Engine.php on line 2230.
 1 APPPATH/Models/Engine.php(2230): CodeIgniter\Debug\Exceptions->errorHandler()
 2 APPPATH/Controllers/Api.php(147): App\Models\Engine->getBillToSynch()
 3 SYSTEMPATH/CodeIgniter.php(896): App\Controllers\Api->postbillpayment()
 4 SYSTEMPATH/CodeIgniter.php(466): CodeIgniter\CodeIgniter->runController()
 5 SYSTEMPATH/CodeIgniter.php(349): CodeIgniter\CodeIgniter->handleRequest()
 6 FCPATH/index.php(57): CodeIgniter\CodeIgniter->run()
CRITICAL - 2024-07-29 08:36:01 --> Undefined variable $payArray
in APPPATH/Models/Engine.php on line 2230.
 1 APPPATH/Models/Engine.php(2230): CodeIgniter\Debug\Exceptions->errorHandler()
 2 APPPATH/Controllers/Api.php(147): App\Models\Engine->getBillToSynch()
 3 SYSTEMPATH/CodeIgniter.php(896): App\Controllers\Api->postbillpayment()
 4 SYSTEMPATH/CodeIgniter.php(466): CodeIgniter\CodeIgniter->runController()
 5 SYSTEMPATH/CodeIgniter.php(349): CodeIgniter\CodeIgniter->handleRequest()
 6 FCPATH/index.php(57): CodeIgniter\CodeIgniter->run()
CRITICAL - 2024-07-29 08:37:01 --> Undefined variable $payArray
in APPPATH/Models/Engine.php on line 2230.
 1 APPPATH/Models/Engine.php(2230): CodeIgniter\Debug\Exceptions->errorHandler()
 2 APPPATH/Controllers/Api.php(147): App\Models\Engine->getBillToSynch()
 3 SYSTEMPATH/CodeIgniter.php(896): App\Controllers\Api->postbillpayment()
 4 SYSTEMPATH/CodeIgniter.php(466): CodeIgniter\CodeIgniter->runController()
 5 SYSTEMPATH/CodeIgniter.php(349): CodeIgniter\CodeIgniter->handleRequest()
 6 FCPATH/index.php(57): CodeIgniter\CodeIgniter->run()
CRITICAL - 2024-07-29 08:38:01 --> Undefined variable $payArray
in APPPATH/Models/Engine.php on line 2230.
 1 APPPATH/Models/Engine.php(2230): CodeIgniter\Debug\Exceptions->errorHandler()
 2 APPPATH/Controllers/Api.php(147): App\Models\Engine->getBillToSynch()
 3 SYSTEMPATH/CodeIgniter.php(896): App\Controllers\Api->postbillpayment()
 4 SYSTEMPATH/CodeIgniter.php(466): CodeIgniter\CodeIgniter->runController()
 5 SYSTEMPATH/CodeIgniter.php(349): CodeIgniter\CodeIgniter->handleRequest()
 6 FCPATH/index.php(57): CodeIgniter\CodeIgniter->run()
CRITICAL - 2024-07-29 08:39:01 --> Undefined variable $payArray
in APPPATH/Models/Engine.php on line 2230.
 1 APPPATH/Models/Engine.php(2230): CodeIgniter\Debug\Exceptions->errorHandler()
 2 APPPATH/Controllers/Api.php(147): App\Models\Engine->getBillToSynch()
 3 SYSTEMPATH/CodeIgniter.php(896): App\Controllers\Api->postbillpayment()
 4 SYSTEMPATH/CodeIgniter.php(466): CodeIgniter\CodeIgniter->runController()
 5 SYSTEMPATH/CodeIgniter.php(349): CodeIgniter\CodeIgniter->handleRequest()
 6 FCPATH/index.php(57): CodeIgniter\CodeIgniter->run()
CRITICAL - 2024-07-29 08:40:01 --> Undefined variable $payArray
in APPPATH/Models/Engine.php on line 2230.
 1 APPPATH/Models/Engine.php(2230): CodeIgniter\Debug\Exceptions->errorHandler()
 2 APPPATH/Controllers/Api.php(147): App\Models\Engine->getBillToSynch()
 3 SYSTEMPATH/CodeIgniter.php(896): App\Controllers\Api->postbillpayment()
 4 SYSTEMPATH/CodeIgniter.php(466): CodeIgniter\CodeIgniter->runController()
 5 SYSTEMPATH/CodeIgniter.php(349): CodeIgniter\CodeIgniter->handleRequest()
 6 FCPATH/index.php(57): CodeIgniter\CodeIgniter->run()
CRITICAL - 2024-07-29 08:41:01 --> Undefined variable $payArray
in APPPATH/Models/Engine.php on line 2230.
 1 APPPATH/Models/Engine.php(2230): CodeIgniter\Debug\Exceptions->errorHandler()
 2 APPPATH/Controllers/Api.php(147): App\Models\Engine->getBillToSynch()
 3 SYSTEMPATH/CodeIgniter.php(896): App\Controllers\Api->postbillpayment()
 4 SYSTEMPATH/CodeIgniter.php(466): CodeIgniter\CodeIgniter->runController()
 5 SYSTEMPATH/CodeIgniter.php(349): CodeIgniter\CodeIgniter->handleRequest()
 6 FCPATH/index.php(57): CodeIgniter\CodeIgniter->run()
CRITICAL - 2024-07-29 08:42:01 --> Undefined variable $payArray
in APPPATH/Models/Engine.php on line 2230.
 1 APPPATH/Models/Engine.php(2230): CodeIgniter\Debug\Exceptions->errorHandler()
 2 APPPATH/Controllers/Api.php(147): App\Models\Engine->getBillToSynch()
 3 SYSTEMPATH/CodeIgniter.php(896): App\Controllers\Api->postbillpayment()
 4 SYSTEMPATH/CodeIgniter.php(466): CodeIgniter\CodeIgniter->runController()
 5 SYSTEMPATH/CodeIgniter.php(349): CodeIgniter\CodeIgniter->handleRequest()
 6 FCPATH/index.php(57): CodeIgniter\CodeIgniter->run()
CRITICAL - 2024-07-29 08:43:01 --> Undefined variable $payArray
in APPPATH/Models/Engine.php on line 2230.
 1 APPPATH/Models/Engine.php(2230): CodeIgniter\Debug\Exceptions->errorHandler()
 2 APPPATH/Controllers/Api.php(147): App\Models\Engine->getBillToSynch()
 3 SYSTEMPATH/CodeIgniter.php(896): App\Controllers\Api->postbillpayment()
 4 SYSTEMPATH/CodeIgniter.php(466): CodeIgniter\CodeIgniter->runController()
 5 SYSTEMPATH/CodeIgniter.php(349): CodeIgniter\CodeIgniter->handleRequest()
 6 FCPATH/index.php(57): CodeIgniter\CodeIgniter->run()
CRITICAL - 2024-07-29 08:44:01 --> Undefined variable $payArray
in APPPATH/Models/Engine.php on line 2230.
 1 APPPATH/Models/Engine.php(2230): CodeIgniter\Debug\Exceptions->errorHandler()
 2 APPPATH/Controllers/Api.php(147): App\Models\Engine->getBillToSynch()
 3 SYSTEMPATH/CodeIgniter.php(896): App\Controllers\Api->postbillpayment()
 4 SYSTEMPATH/CodeIgniter.php(466): CodeIgniter\CodeIgniter->runController()
 5 SYSTEMPATH/CodeIgniter.php(349): CodeIgniter\CodeIgniter->handleRequest()
 6 FCPATH/index.php(57): CodeIgniter\CodeIgniter->run()
CRITICAL - 2024-07-29 08:45:01 --> Undefined variable $payArray
in APPPATH/Models/Engine.php on line 2230.
 1 APPPATH/Models/Engine.php(2230): CodeIgniter\Debug\Exceptions->errorHandler()
 2 APPPATH/Controllers/Api.php(147): App\Models\Engine->getBillToSynch()
 3 SYSTEMPATH/CodeIgniter.php(896): App\Controllers\Api->postbillpayment()
 4 SYSTEMPATH/CodeIgniter.php(466): CodeIgniter\CodeIgniter->runController()
 5 SYSTEMPATH/CodeIgniter.php(349): CodeIgniter\CodeIgniter->handleRequest()
 6 FCPATH/index.php(57): CodeIgniter\CodeIgniter->run()
CRITICAL - 2024-07-29 08:46:01 --> Undefined variable $payArray
in APPPATH/Models/Engine.php on line 2230.
 1 APPPATH/Models/Engine.php(2230): CodeIgniter\Debug\Exceptions->errorHandler()
 2 APPPATH/Controllers/Api.php(147): App\Models\Engine->getBillToSynch()
 3 SYSTEMPATH/CodeIgniter.php(896): App\Controllers\Api->postbillpayment()
 4 SYSTEMPATH/CodeIgniter.php(466): CodeIgniter\CodeIgniter->runController()
 5 SYSTEMPATH/CodeIgniter.php(349): CodeIgniter\CodeIgniter->handleRequest()
 6 FCPATH/index.php(57): CodeIgniter\CodeIgniter->run()
CRITICAL - 2024-07-29 08:47:02 --> Undefined variable $payArray
in APPPATH/Models/Engine.php on line 2230.
 1 APPPATH/Models/Engine.php(2230): CodeIgniter\Debug\Exceptions->errorHandler()
 2 APPPATH/Controllers/Api.php(147): App\Models\Engine->getBillToSynch()
 3 SYSTEMPATH/CodeIgniter.php(896): App\Controllers\Api->postbillpayment()
 4 SYSTEMPATH/CodeIgniter.php(466): CodeIgniter\CodeIgniter->runController()
 5 SYSTEMPATH/CodeIgniter.php(349): CodeIgniter\CodeIgniter->handleRequest()
 6 FCPATH/index.php(57): CodeIgniter\CodeIgniter->run()
CRITICAL - 2024-07-29 08:48:01 --> Undefined variable $payArray
in APPPATH/Models/Engine.php on line 2230.
 1 APPPATH/Models/Engine.php(2230): CodeIgniter\Debug\Exceptions->errorHandler()
 2 APPPATH/Controllers/Api.php(147): App\Models\Engine->getBillToSynch()
 3 SYSTEMPATH/CodeIgniter.php(896): App\Controllers\Api->postbillpayment()
 4 SYSTEMPATH/CodeIgniter.php(466): CodeIgniter\CodeIgniter->runController()
 5 SYSTEMPATH/CodeIgniter.php(349): CodeIgniter\CodeIgniter->handleRequest()
 6 FCPATH/index.php(57): CodeIgniter\CodeIgniter->run()
CRITICAL - 2024-07-29 08:49:01 --> Undefined variable $payArray
in APPPATH/Models/Engine.php on line 2230.
 1 APPPATH/Models/Engine.php(2230): CodeIgniter\Debug\Exceptions->errorHandler()
 2 APPPATH/Controllers/Api.php(147): App\Models\Engine->getBillToSynch()
 3 SYSTEMPATH/CodeIgniter.php(896): App\Controllers\Api->postbillpayment()
 4 SYSTEMPATH/CodeIgniter.php(466): CodeIgniter\CodeIgniter->runController()
 5 SYSTEMPATH/CodeIgniter.php(349): CodeIgniter\CodeIgniter->handleRequest()
 6 FCPATH/index.php(57): CodeIgniter\CodeIgniter->run()
CRITICAL - 2024-07-29 08:50:01 --> Undefined variable $payArray
in APPPATH/Models/Engine.php on line 2230.
 1 APPPATH/Models/Engine.php(2230): CodeIgniter\Debug\Exceptions->errorHandler()
 2 APPPATH/Controllers/Api.php(147): App\Models\Engine->getBillToSynch()
 3 SYSTEMPATH/CodeIgniter.php(896): App\Controllers\Api->postbillpayment()
 4 SYSTEMPATH/CodeIgniter.php(466): CodeIgniter\CodeIgniter->runController()
 5 SYSTEMPATH/CodeIgniter.php(349): CodeIgniter\CodeIgniter->handleRequest()
 6 FCPATH/index.php(57): CodeIgniter\CodeIgniter->run()
CRITICAL - 2024-07-29 08:51:01 --> Undefined variable $payArray
in APPPATH/Models/Engine.php on line 2230.
 1 APPPATH/Models/Engine.php(2230): CodeIgniter\Debug\Exceptions->errorHandler()
 2 APPPATH/Controllers/Api.php(147): App\Models\Engine->getBillToSynch()
 3 SYSTEMPATH/CodeIgniter.php(896): App\Controllers\Api->postbillpayment()
 4 SYSTEMPATH/CodeIgniter.php(466): CodeIgniter\CodeIgniter->runController()
 5 SYSTEMPATH/CodeIgniter.php(349): CodeIgniter\CodeIgniter->handleRequest()
 6 FCPATH/index.php(57): CodeIgniter\CodeIgniter->run()
CRITICAL - 2024-07-29 08:52:01 --> Undefined variable $payArray
in APPPATH/Models/Engine.php on line 2230.
 1 APPPATH/Models/Engine.php(2230): CodeIgniter\Debug\Exceptions->errorHandler()
 2 APPPATH/Controllers/Api.php(147): App\Models\Engine->getBillToSynch()
 3 SYSTEMPATH/CodeIgniter.php(896): App\Controllers\Api->postbillpayment()
 4 SYSTEMPATH/CodeIgniter.php(466): CodeIgniter\CodeIgniter->runController()
 5 SYSTEMPATH/CodeIgniter.php(349): CodeIgniter\CodeIgniter->handleRequest()
 6 FCPATH/index.php(57): CodeIgniter\CodeIgniter->run()
CRITICAL - 2024-07-29 08:53:01 --> Undefined variable $payArray
in APPPATH/Models/Engine.php on line 2230.
 1 APPPATH/Models/Engine.php(2230): CodeIgniter\Debug\Exceptions->errorHandler()
 2 APPPATH/Controllers/Api.php(147): App\Models\Engine->getBillToSynch()
 3 SYSTEMPATH/CodeIgniter.php(896): App\Controllers\Api->postbillpayment()
 4 SYSTEMPATH/CodeIgniter.php(466): CodeIgniter\CodeIgniter->runController()
 5 SYSTEMPATH/CodeIgniter.php(349): CodeIgniter\CodeIgniter->handleRequest()
 6 FCPATH/index.php(57): CodeIgniter\CodeIgniter->run()
CRITICAL - 2024-07-29 08:54:01 --> Undefined variable $payArray
in APPPATH/Models/Engine.php on line 2230.
 1 APPPATH/Models/Engine.php(2230): CodeIgniter\Debug\Exceptions->errorHandler()
 2 APPPATH/Controllers/Api.php(147): App\Models\Engine->getBillToSynch()
 3 SYSTEMPATH/CodeIgniter.php(896): App\Controllers\Api->postbillpayment()
 4 SYSTEMPATH/CodeIgniter.php(466): CodeIgniter\CodeIgniter->runController()
 5 SYSTEMPATH/CodeIgniter.php(349): CodeIgniter\CodeIgniter->handleRequest()
 6 FCPATH/index.php(57): CodeIgniter\CodeIgniter->run()
CRITICAL - 2024-07-29 08:55:01 --> Undefined variable $payArray
in APPPATH/Models/Engine.php on line 2230.
 1 APPPATH/Models/Engine.php(2230): CodeIgniter\Debug\Exceptions->errorHandler()
 2 APPPATH/Controllers/Api.php(147): App\Models\Engine->getBillToSynch()
 3 SYSTEMPATH/CodeIgniter.php(896): App\Controllers\Api->postbillpayment()
 4 SYSTEMPATH/CodeIgniter.php(466): CodeIgniter\CodeIgniter->runController()
 5 SYSTEMPATH/CodeIgniter.php(349): CodeIgniter\CodeIgniter->handleRequest()
 6 FCPATH/index.php(57): CodeIgniter\CodeIgniter->run()
CRITICAL - 2024-07-29 08:56:01 --> Undefined variable $payArray
in APPPATH/Models/Engine.php on line 2230.
 1 APPPATH/Models/Engine.php(2230): CodeIgniter\Debug\Exceptions->errorHandler()
 2 APPPATH/Controllers/Api.php(147): App\Models\Engine->getBillToSynch()
 3 SYSTEMPATH/CodeIgniter.php(896): App\Controllers\Api->postbillpayment()
 4 SYSTEMPATH/CodeIgniter.php(466): CodeIgniter\CodeIgniter->runController()
 5 SYSTEMPATH/CodeIgniter.php(349): CodeIgniter\CodeIgniter->handleRequest()
 6 FCPATH/index.php(57): CodeIgniter\CodeIgniter->run()
CRITICAL - 2024-07-29 08:57:01 --> Undefined variable $payArray
in APPPATH/Models/Engine.php on line 2230.
 1 APPPATH/Models/Engine.php(2230): CodeIgniter\Debug\Exceptions->errorHandler()
 2 APPPATH/Controllers/Api.php(147): App\Models\Engine->getBillToSynch()
 3 SYSTEMPATH/CodeIgniter.php(896): App\Controllers\Api->postbillpayment()
 4 SYSTEMPATH/CodeIgniter.php(466): CodeIgniter\CodeIgniter->runController()
 5 SYSTEMPATH/CodeIgniter.php(349): CodeIgniter\CodeIgniter->handleRequest()
 6 FCPATH/index.php(57): CodeIgniter\CodeIgniter->run()
CRITICAL - 2024-07-29 08:58:01 --> Undefined variable $payArray
in APPPATH/Models/Engine.php on line 2230.
 1 APPPATH/Models/Engine.php(2230): CodeIgniter\Debug\Exceptions->errorHandler()
 2 APPPATH/Controllers/Api.php(147): App\Models\Engine->getBillToSynch()
 3 SYSTEMPATH/CodeIgniter.php(896): App\Controllers\Api->postbillpayment()
 4 SYSTEMPATH/CodeIgniter.php(466): CodeIgniter\CodeIgniter->runController()
 5 SYSTEMPATH/CodeIgniter.php(349): CodeIgniter\CodeIgniter->handleRequest()
 6 FCPATH/index.php(57): CodeIgniter\CodeIgniter->run()
CRITICAL - 2024-07-29 08:59:01 --> Undefined variable $payArray
in APPPATH/Models/Engine.php on line 2230.
 1 APPPATH/Models/Engine.php(2230): CodeIgniter\Debug\Exceptions->errorHandler()
 2 APPPATH/Controllers/Api.php(147): App\Models\Engine->getBillToSynch()
 3 SYSTEMPATH/CodeIgniter.php(896): App\Controllers\Api->postbillpayment()
 4 SYSTEMPATH/CodeIgniter.php(466): CodeIgniter\CodeIgniter->runController()
 5 SYSTEMPATH/CodeIgniter.php(349): CodeIgniter\CodeIgniter->handleRequest()
 6 FCPATH/index.php(57): CodeIgniter\CodeIgniter->run()
CRITICAL - 2024-07-29 09:00:01 --> Undefined variable $payArray
in APPPATH/Models/Engine.php on line 2230.
 1 APPPATH/Models/Engine.php(2230): CodeIgniter\Debug\Exceptions->errorHandler()
 2 APPPATH/Controllers/Api.php(147): App\Models\Engine->getBillToSynch()
 3 SYSTEMPATH/CodeIgniter.php(896): App\Controllers\Api->postbillpayment()
 4 SYSTEMPATH/CodeIgniter.php(466): CodeIgniter\CodeIgniter->runController()
 5 SYSTEMPATH/CodeIgniter.php(349): CodeIgniter\CodeIgniter->handleRequest()
 6 FCPATH/index.php(57): CodeIgniter\CodeIgniter->run()
CRITICAL - 2024-07-29 09:01:01 --> Undefined variable $payArray
in APPPATH/Models/Engine.php on line 2230.
 1 APPPATH/Models/Engine.php(2230): CodeIgniter\Debug\Exceptions->errorHandler()
 2 APPPATH/Controllers/Api.php(147): App\Models\Engine->getBillToSynch()
 3 SYSTEMPATH/CodeIgniter.php(896): App\Controllers\Api->postbillpayment()
 4 SYSTEMPATH/CodeIgniter.php(466): CodeIgniter\CodeIgniter->runController()
 5 SYSTEMPATH/CodeIgniter.php(349): CodeIgniter\CodeIgniter->handleRequest()
 6 FCPATH/index.php(57): CodeIgniter\CodeIgniter->run()
CRITICAL - 2024-07-29 09:02:01 --> Undefined variable $payArray
in APPPATH/Models/Engine.php on line 2230.
 1 APPPATH/Models/Engine.php(2230): CodeIgniter\Debug\Exceptions->errorHandler()
 2 APPPATH/Controllers/Api.php(147): App\Models\Engine->getBillToSynch()
 3 SYSTEMPATH/CodeIgniter.php(896): App\Controllers\Api->postbillpayment()
 4 SYSTEMPATH/CodeIgniter.php(466): CodeIgniter\CodeIgniter->runController()
 5 SYSTEMPATH/CodeIgniter.php(349): CodeIgniter\CodeIgniter->handleRequest()
 6 FCPATH/index.php(57): CodeIgniter\CodeIgniter->run()
CRITICAL - 2024-07-29 09:03:01 --> Undefined variable $payArray
in APPPATH/Models/Engine.php on line 2230.
 1 APPPATH/Models/Engine.php(2230): CodeIgniter\Debug\Exceptions->errorHandler()
 2 APPPATH/Controllers/Api.php(147): App\Models\Engine->getBillToSynch()
 3 SYSTEMPATH/CodeIgniter.php(896): App\Controllers\Api->postbillpayment()
 4 SYSTEMPATH/CodeIgniter.php(466): CodeIgniter\CodeIgniter->runController()
 5 SYSTEMPATH/CodeIgniter.php(349): CodeIgniter\CodeIgniter->handleRequest()
 6 FCPATH/index.php(57): CodeIgniter\CodeIgniter->run()
CRITICAL - 2024-07-29 09:04:02 --> Undefined variable $payArray
in APPPATH/Models/Engine.php on line 2230.
 1 APPPATH/Models/Engine.php(2230): CodeIgniter\Debug\Exceptions->errorHandler()
 2 APPPATH/Controllers/Api.php(147): App\Models\Engine->getBillToSynch()
 3 SYSTEMPATH/CodeIgniter.php(896): App\Controllers\Api->postbillpayment()
 4 SYSTEMPATH/CodeIgniter.php(466): CodeIgniter\CodeIgniter->runController()
 5 SYSTEMPATH/CodeIgniter.php(349): CodeIgniter\CodeIgniter->handleRequest()
 6 FCPATH/index.php(57): CodeIgniter\CodeIgniter->run()
CRITICAL - 2024-07-29 09:05:01 --> Undefined variable $payArray
in APPPATH/Models/Engine.php on line 2230.
 1 APPPATH/Models/Engine.php(2230): CodeIgniter\Debug\Exceptions->errorHandler()
 2 APPPATH/Controllers/Api.php(147): App\Models\Engine->getBillToSynch()
 3 SYSTEMPATH/CodeIgniter.php(896): App\Controllers\Api->postbillpayment()
 4 SYSTEMPATH/CodeIgniter.php(466): CodeIgniter\CodeIgniter->runController()
 5 SYSTEMPATH/CodeIgniter.php(349): CodeIgniter\CodeIgniter->handleRequest()
 6 FCPATH/index.php(57): CodeIgniter\CodeIgniter->run()
CRITICAL - 2024-07-29 09:06:01 --> Undefined variable $payArray
in APPPATH/Models/Engine.php on line 2230.
 1 APPPATH/Models/Engine.php(2230): CodeIgniter\Debug\Exceptions->errorHandler()
 2 APPPATH/Controllers/Api.php(147): App\Models\Engine->getBillToSynch()
 3 SYSTEMPATH/CodeIgniter.php(896): App\Controllers\Api->postbillpayment()
 4 SYSTEMPATH/CodeIgniter.php(466): CodeIgniter\CodeIgniter->runController()
 5 SYSTEMPATH/CodeIgniter.php(349): CodeIgniter\CodeIgniter->handleRequest()
 6 FCPATH/index.php(57): CodeIgniter\CodeIgniter->run()
CRITICAL - 2024-07-29 09:07:01 --> Undefined variable $payArray
in APPPATH/Models/Engine.php on line 2230.
 1 APPPATH/Models/Engine.php(2230): CodeIgniter\Debug\Exceptions->errorHandler()
 2 APPPATH/Controllers/Api.php(147): App\Models\Engine->getBillToSynch()
 3 SYSTEMPATH/CodeIgniter.php(896): App\Controllers\Api->postbillpayment()
 4 SYSTEMPATH/CodeIgniter.php(466): CodeIgniter\CodeIgniter->runController()
 5 SYSTEMPATH/CodeIgniter.php(349): CodeIgniter\CodeIgniter->handleRequest()
 6 FCPATH/index.php(57): CodeIgniter\CodeIgniter->run()
CRITICAL - 2024-07-29 09:08:01 --> Undefined variable $payArray
in APPPATH/Models/Engine.php on line 2230.
 1 APPPATH/Models/Engine.php(2230): CodeIgniter\Debug\Exceptions->errorHandler()
 2 APPPATH/Controllers/Api.php(147): App\Models\Engine->getBillToSynch()
 3 SYSTEMPATH/CodeIgniter.php(896): App\Controllers\Api->postbillpayment()
 4 SYSTEMPATH/CodeIgniter.php(466): CodeIgniter\CodeIgniter->runController()
 5 SYSTEMPATH/CodeIgniter.php(349): CodeIgniter\CodeIgniter->handleRequest()
 6 FCPATH/index.php(57): CodeIgniter\CodeIgniter->run()
CRITICAL - 2024-07-29 09:09:01 --> Undefined variable $payArray
in APPPATH/Models/Engine.php on line 2230.
 1 APPPATH/Models/Engine.php(2230): CodeIgniter\Debug\Exceptions->errorHandler()
 2 APPPATH/Controllers/Api.php(147): App\Models\Engine->getBillToSynch()
 3 SYSTEMPATH/CodeIgniter.php(896): App\Controllers\Api->postbillpayment()
 4 SYSTEMPATH/CodeIgniter.php(466): CodeIgniter\CodeIgniter->runController()
 5 SYSTEMPATH/CodeIgniter.php(349): CodeIgniter\CodeIgniter->handleRequest()
 6 FCPATH/index.php(57): CodeIgniter\CodeIgniter->run()
CRITICAL - 2024-07-29 09:10:01 --> Undefined variable $payArray
in APPPATH/Models/Engine.php on line 2230.
 1 APPPATH/Models/Engine.php(2230): CodeIgniter\Debug\Exceptions->errorHandler()
 2 APPPATH/Controllers/Api.php(147): App\Models\Engine->getBillToSynch()
 3 SYSTEMPATH/CodeIgniter.php(896): App\Controllers\Api->postbillpayment()
 4 SYSTEMPATH/CodeIgniter.php(466): CodeIgniter\CodeIgniter->runController()
 5 SYSTEMPATH/CodeIgniter.php(349): CodeIgniter\CodeIgniter->handleRequest()
 6 FCPATH/index.php(57): CodeIgniter\CodeIgniter->run()
CRITICAL - 2024-07-29 09:11:01 --> Undefined variable $payArray
in APPPATH/Models/Engine.php on line 2230.
 1 APPPATH/Models/Engine.php(2230): CodeIgniter\Debug\Exceptions->errorHandler()
 2 APPPATH/Controllers/Api.php(147): App\Models\Engine->getBillToSynch()
 3 SYSTEMPATH/CodeIgniter.php(896): App\Controllers\Api->postbillpayment()
 4 SYSTEMPATH/CodeIgniter.php(466): CodeIgniter\CodeIgniter->runController()
 5 SYSTEMPATH/CodeIgniter.php(349): CodeIgniter\CodeIgniter->handleRequest()
 6 FCPATH/index.php(57): CodeIgniter\CodeIgniter->run()
CRITICAL - 2024-07-29 09:12:01 --> Undefined variable $payArray
in APPPATH/Models/Engine.php on line 2230.
 1 APPPATH/Models/Engine.php(2230): CodeIgniter\Debug\Exceptions->errorHandler()
 2 APPPATH/Controllers/Api.php(147): App\Models\Engine->getBillToSynch()
 3 SYSTEMPATH/CodeIgniter.php(896): App\Controllers\Api->postbillpayment()
 4 SYSTEMPATH/CodeIgniter.php(466): CodeIgniter\CodeIgniter->runController()
 5 SYSTEMPATH/CodeIgniter.php(349): CodeIgniter\CodeIgniter->handleRequest()
 6 FCPATH/index.php(57): CodeIgniter\CodeIgniter->run()
CRITICAL - 2024-07-29 09:13:01 --> Undefined variable $payArray
in APPPATH/Models/Engine.php on line 2230.
 1 APPPATH/Models/Engine.php(2230): CodeIgniter\Debug\Exceptions->errorHandler()
 2 APPPATH/Controllers/Api.php(147): App\Models\Engine->getBillToSynch()
 3 SYSTEMPATH/CodeIgniter.php(896): App\Controllers\Api->postbillpayment()
 4 SYSTEMPATH/CodeIgniter.php(466): CodeIgniter\CodeIgniter->runController()
 5 SYSTEMPATH/CodeIgniter.php(349): CodeIgniter\CodeIgniter->handleRequest()
 6 FCPATH/index.php(57): CodeIgniter\CodeIgniter->run()
CRITICAL - 2024-07-29 09:14:01 --> Undefined variable $payArray
in APPPATH/Models/Engine.php on line 2230.
 1 APPPATH/Models/Engine.php(2230): CodeIgniter\Debug\Exceptions->errorHandler()
 2 APPPATH/Controllers/Api.php(147): App\Models\Engine->getBillToSynch()
 3 SYSTEMPATH/CodeIgniter.php(896): App\Controllers\Api->postbillpayment()
 4 SYSTEMPATH/CodeIgniter.php(466): CodeIgniter\CodeIgniter->runController()
 5 SYSTEMPATH/CodeIgniter.php(349): CodeIgniter\CodeIgniter->handleRequest()
 6 FCPATH/index.php(57): CodeIgniter\CodeIgniter->run()
CRITICAL - 2024-07-29 09:15:01 --> Undefined variable $payArray
in APPPATH/Models/Engine.php on line 2230.
 1 APPPATH/Models/Engine.php(2230): CodeIgniter\Debug\Exceptions->errorHandler()
 2 APPPATH/Controllers/Api.php(147): App\Models\Engine->getBillToSynch()
 3 SYSTEMPATH/CodeIgniter.php(896): App\Controllers\Api->postbillpayment()
 4 SYSTEMPATH/CodeIgniter.php(466): CodeIgniter\CodeIgniter->runController()
 5 SYSTEMPATH/CodeIgniter.php(349): CodeIgniter\CodeIgniter->handleRequest()
 6 FCPATH/index.php(57): CodeIgniter\CodeIgniter->run()
CRITICAL - 2024-07-29 09:16:01 --> Undefined variable $payArray
in APPPATH/Models/Engine.php on line 2230.
 1 APPPATH/Models/Engine.php(2230): CodeIgniter\Debug\Exceptions->errorHandler()
 2 APPPATH/Controllers/Api.php(147): App\Models\Engine->getBillToSynch()
 3 SYSTEMPATH/CodeIgniter.php(896): App\Controllers\Api->postbillpayment()
 4 SYSTEMPATH/CodeIgniter.php(466): CodeIgniter\CodeIgniter->runController()
 5 SYSTEMPATH/CodeIgniter.php(349): CodeIgniter\CodeIgniter->handleRequest()
 6 FCPATH/index.php(57): CodeIgniter\CodeIgniter->run()
CRITICAL - 2024-07-29 09:17:01 --> Undefined variable $payArray
in APPPATH/Models/Engine.php on line 2230.
 1 APPPATH/Models/Engine.php(2230): CodeIgniter\Debug\Exceptions->errorHandler()
 2 APPPATH/Controllers/Api.php(147): App\Models\Engine->getBillToSynch()
 3 SYSTEMPATH/CodeIgniter.php(896): App\Controllers\Api->postbillpayment()
 4 SYSTEMPATH/CodeIgniter.php(466): CodeIgniter\CodeIgniter->runController()
 5 SYSTEMPATH/CodeIgniter.php(349): CodeIgniter\CodeIgniter->handleRequest()
 6 FCPATH/index.php(57): CodeIgniter\CodeIgniter->run()
CRITICAL - 2024-07-29 09:18:01 --> Undefined variable $payArray
in APPPATH/Models/Engine.php on line 2230.
 1 APPPATH/Models/Engine.php(2230): CodeIgniter\Debug\Exceptions->errorHandler()
 2 APPPATH/Controllers/Api.php(147): App\Models\Engine->getBillToSynch()
 3 SYSTEMPATH/CodeIgniter.php(896): App\Controllers\Api->postbillpayment()
 4 SYSTEMPATH/CodeIgniter.php(466): CodeIgniter\CodeIgniter->runController()
 5 SYSTEMPATH/CodeIgniter.php(349): CodeIgniter\CodeIgniter->handleRequest()
 6 FCPATH/index.php(57): CodeIgniter\CodeIgniter->run()
CRITICAL - 2024-07-29 09:19:01 --> Undefined variable $payArray
in APPPATH/Models/Engine.php on line 2230.
 1 APPPATH/Models/Engine.php(2230): CodeIgniter\Debug\Exceptions->errorHandler()
 2 APPPATH/Controllers/Api.php(147): App\Models\Engine->getBillToSynch()
 3 SYSTEMPATH/CodeIgniter.php(896): App\Controllers\Api->postbillpayment()
 4 SYSTEMPATH/CodeIgniter.php(466): CodeIgniter\CodeIgniter->runController()
 5 SYSTEMPATH/CodeIgniter.php(349): CodeIgniter\CodeIgniter->handleRequest()
 6 FCPATH/index.php(57): CodeIgniter\CodeIgniter->run()
CRITICAL - 2024-07-29 09:20:01 --> Undefined variable $payArray
in APPPATH/Models/Engine.php on line 2230.
 1 APPPATH/Models/Engine.php(2230): CodeIgniter\Debug\Exceptions->errorHandler()
 2 APPPATH/Controllers/Api.php(147): App\Models\Engine->getBillToSynch()
 3 SYSTEMPATH/CodeIgniter.php(896): App\Controllers\Api->postbillpayment()
 4 SYSTEMPATH/CodeIgniter.php(466): CodeIgniter\CodeIgniter->runController()
 5 SYSTEMPATH/CodeIgniter.php(349): CodeIgniter\CodeIgniter->handleRequest()
 6 FCPATH/index.php(57): CodeIgniter\CodeIgniter->run()
CRITICAL - 2024-07-29 09:21:01 --> Undefined variable $payArray
in APPPATH/Models/Engine.php on line 2230.
 1 APPPATH/Models/Engine.php(2230): CodeIgniter\Debug\Exceptions->errorHandler()
 2 APPPATH/Controllers/Api.php(147): App\Models\Engine->getBillToSynch()
 3 SYSTEMPATH/CodeIgniter.php(896): App\Controllers\Api->postbillpayment()
 4 SYSTEMPATH/CodeIgniter.php(466): CodeIgniter\CodeIgniter->runController()
 5 SYSTEMPATH/CodeIgniter.php(349): CodeIgniter\CodeIgniter->handleRequest()
 6 FCPATH/index.php(57): CodeIgniter\CodeIgniter->run()
CRITICAL - 2024-07-29 09:22:02 --> Undefined variable $payArray
in APPPATH/Models/Engine.php on line 2230.
 1 APPPATH/Models/Engine.php(2230): CodeIgniter\Debug\Exceptions->errorHandler()
 2 APPPATH/Controllers/Api.php(147): App\Models\Engine->getBillToSynch()
 3 SYSTEMPATH/CodeIgniter.php(896): App\Controllers\Api->postbillpayment()
 4 SYSTEMPATH/CodeIgniter.php(466): CodeIgniter\CodeIgniter->runController()
 5 SYSTEMPATH/CodeIgniter.php(349): CodeIgniter\CodeIgniter->handleRequest()
 6 FCPATH/index.php(57): CodeIgniter\CodeIgniter->run()
CRITICAL - 2024-07-29 09:23:01 --> Undefined variable $payArray
in APPPATH/Models/Engine.php on line 2230.
 1 APPPATH/Models/Engine.php(2230): CodeIgniter\Debug\Exceptions->errorHandler()
 2 APPPATH/Controllers/Api.php(147): App\Models\Engine->getBillToSynch()
 3 SYSTEMPATH/CodeIgniter.php(896): App\Controllers\Api->postbillpayment()
 4 SYSTEMPATH/CodeIgniter.php(466): CodeIgniter\CodeIgniter->runController()
 5 SYSTEMPATH/CodeIgniter.php(349): CodeIgniter\CodeIgniter->handleRequest()
 6 FCPATH/index.php(57): CodeIgniter\CodeIgniter->run()
CRITICAL - 2024-07-29 09:24:01 --> Undefined variable $payArray
in APPPATH/Models/Engine.php on line 2230.
 1 APPPATH/Models/Engine.php(2230): CodeIgniter\Debug\Exceptions->errorHandler()
 2 APPPATH/Controllers/Api.php(147): App\Models\Engine->getBillToSynch()
 3 SYSTEMPATH/CodeIgniter.php(896): App\Controllers\Api->postbillpayment()
 4 SYSTEMPATH/CodeIgniter.php(466): CodeIgniter\CodeIgniter->runController()
 5 SYSTEMPATH/CodeIgniter.php(349): CodeIgniter\CodeIgniter->handleRequest()
 6 FCPATH/index.php(57): CodeIgniter\CodeIgniter->run()
CRITICAL - 2024-07-29 09:25:01 --> Undefined variable $payArray
in APPPATH/Models/Engine.php on line 2230.
 1 APPPATH/Models/Engine.php(2230): CodeIgniter\Debug\Exceptions->errorHandler()
 2 APPPATH/Controllers/Api.php(147): App\Models\Engine->getBillToSynch()
 3 SYSTEMPATH/CodeIgniter.php(896): App\Controllers\Api->postbillpayment()
 4 SYSTEMPATH/CodeIgniter.php(466): CodeIgniter\CodeIgniter->runController()
 5 SYSTEMPATH/CodeIgniter.php(349): CodeIgniter\CodeIgniter->handleRequest()
 6 FCPATH/index.php(57): CodeIgniter\CodeIgniter->run()
CRITICAL - 2024-07-29 09:26:01 --> Undefined variable $payArray
in APPPATH/Models/Engine.php on line 2230.
 1 APPPATH/Models/Engine.php(2230): CodeIgniter\Debug\Exceptions->errorHandler()
 2 APPPATH/Controllers/Api.php(147): App\Models\Engine->getBillToSynch()
 3 SYSTEMPATH/CodeIgniter.php(896): App\Controllers\Api->postbillpayment()
 4 SYSTEMPATH/CodeIgniter.php(466): CodeIgniter\CodeIgniter->runController()
 5 SYSTEMPATH/CodeIgniter.php(349): CodeIgniter\CodeIgniter->handleRequest()
 6 FCPATH/index.php(57): CodeIgniter\CodeIgniter->run()
CRITICAL - 2024-07-29 09:27:01 --> Undefined variable $payArray
in APPPATH/Models/Engine.php on line 2230.
 1 APPPATH/Models/Engine.php(2230): CodeIgniter\Debug\Exceptions->errorHandler()
 2 APPPATH/Controllers/Api.php(147): App\Models\Engine->getBillToSynch()
 3 SYSTEMPATH/CodeIgniter.php(896): App\Controllers\Api->postbillpayment()
 4 SYSTEMPATH/CodeIgniter.php(466): CodeIgniter\CodeIgniter->runController()
 5 SYSTEMPATH/CodeIgniter.php(349): CodeIgniter\CodeIgniter->handleRequest()
 6 FCPATH/index.php(57): CodeIgniter\CodeIgniter->run()
CRITICAL - 2024-07-29 09:28:01 --> Undefined variable $payArray
in APPPATH/Models/Engine.php on line 2230.
 1 APPPATH/Models/Engine.php(2230): CodeIgniter\Debug\Exceptions->errorHandler()
 2 APPPATH/Controllers/Api.php(147): App\Models\Engine->getBillToSynch()
 3 SYSTEMPATH/CodeIgniter.php(896): App\Controllers\Api->postbillpayment()
 4 SYSTEMPATH/CodeIgniter.php(466): CodeIgniter\CodeIgniter->runController()
 5 SYSTEMPATH/CodeIgniter.php(349): CodeIgniter\CodeIgniter->handleRequest()
 6 FCPATH/index.php(57): CodeIgniter\CodeIgniter->run()
CRITICAL - 2024-07-29 09:29:01 --> Undefined variable $payArray
in APPPATH/Models/Engine.php on line 2230.
 1 APPPATH/Models/Engine.php(2230): CodeIgniter\Debug\Exceptions->errorHandler()
 2 APPPATH/Controllers/Api.php(147): App\Models\Engine->getBillToSynch()
 3 SYSTEMPATH/CodeIgniter.php(896): App\Controllers\Api->postbillpayment()
 4 SYSTEMPATH/CodeIgniter.php(466): CodeIgniter\CodeIgniter->runController()
 5 SYSTEMPATH/CodeIgniter.php(349): CodeIgniter\CodeIgniter->handleRequest()
 6 FCPATH/index.php(57): CodeIgniter\CodeIgniter->run()
CRITICAL - 2024-07-29 09:30:01 --> Undefined variable $payArray
in APPPATH/Models/Engine.php on line 2230.
 1 APPPATH/Models/Engine.php(2230): CodeIgniter\Debug\Exceptions->errorHandler()
 2 APPPATH/Controllers/Api.php(147): App\Models\Engine->getBillToSynch()
 3 SYSTEMPATH/CodeIgniter.php(896): App\Controllers\Api->postbillpayment()
 4 SYSTEMPATH/CodeIgniter.php(466): CodeIgniter\CodeIgniter->runController()
 5 SYSTEMPATH/CodeIgniter.php(349): CodeIgniter\CodeIgniter->handleRequest()
 6 FCPATH/index.php(57): CodeIgniter\CodeIgniter->run()
CRITICAL - 2024-07-29 09:31:01 --> Undefined variable $payArray
in APPPATH/Models/Engine.php on line 2230.
 1 APPPATH/Models/Engine.php(2230): CodeIgniter\Debug\Exceptions->errorHandler()
 2 APPPATH/Controllers/Api.php(147): App\Models\Engine->getBillToSynch()
 3 SYSTEMPATH/CodeIgniter.php(896): App\Controllers\Api->postbillpayment()
 4 SYSTEMPATH/CodeIgniter.php(466): CodeIgniter\CodeIgniter->runController()
 5 SYSTEMPATH/CodeIgniter.php(349): CodeIgniter\CodeIgniter->handleRequest()
 6 FCPATH/index.php(57): CodeIgniter\CodeIgniter->run()
CRITICAL - 2024-07-29 09:32:01 --> Undefined variable $payArray
in APPPATH/Models/Engine.php on line 2230.
 1 APPPATH/Models/Engine.php(2230): CodeIgniter\Debug\Exceptions->errorHandler()
 2 APPPATH/Controllers/Api.php(147): App\Models\Engine->getBillToSynch()
 3 SYSTEMPATH/CodeIgniter.php(896): App\Controllers\Api->postbillpayment()
 4 SYSTEMPATH/CodeIgniter.php(466): CodeIgniter\CodeIgniter->runController()
 5 SYSTEMPATH/CodeIgniter.php(349): CodeIgniter\CodeIgniter->handleRequest()
 6 FCPATH/index.php(57): CodeIgniter\CodeIgniter->run()
CRITICAL - 2024-07-29 09:33:01 --> Undefined variable $payArray
in APPPATH/Models/Engine.php on line 2230.
 1 APPPATH/Models/Engine.php(2230): CodeIgniter\Debug\Exceptions->errorHandler()
 2 APPPATH/Controllers/Api.php(147): App\Models\Engine->getBillToSynch()
 3 SYSTEMPATH/CodeIgniter.php(896): App\Controllers\Api->postbillpayment()
 4 SYSTEMPATH/CodeIgniter.php(466): CodeIgniter\CodeIgniter->runController()
 5 SYSTEMPATH/CodeIgniter.php(349): CodeIgniter\CodeIgniter->handleRequest()
 6 FCPATH/index.php(57): CodeIgniter\CodeIgniter->run()
CRITICAL - 2024-07-29 09:34:01 --> Undefined variable $payArray
in APPPATH/Models/Engine.php on line 2230.
 1 APPPATH/Models/Engine.php(2230): CodeIgniter\Debug\Exceptions->errorHandler()
 2 APPPATH/Controllers/Api.php(147): App\Models\Engine->getBillToSynch()
 3 SYSTEMPATH/CodeIgniter.php(896): App\Controllers\Api->postbillpayment()
 4 SYSTEMPATH/CodeIgniter.php(466): CodeIgniter\CodeIgniter->runController()
 5 SYSTEMPATH/CodeIgniter.php(349): CodeIgniter\CodeIgniter->handleRequest()
 6 FCPATH/index.php(57): CodeIgniter\CodeIgniter->run()
CRITICAL - 2024-07-29 09:35:01 --> Undefined variable $payArray
in APPPATH/Models/Engine.php on line 2230.
 1 APPPATH/Models/Engine.php(2230): CodeIgniter\Debug\Exceptions->errorHandler()
 2 APPPATH/Controllers/Api.php(147): App\Models\Engine->getBillToSynch()
 3 SYSTEMPATH/CodeIgniter.php(896): App\Controllers\Api->postbillpayment()
 4 SYSTEMPATH/CodeIgniter.php(466): CodeIgniter\CodeIgniter->runController()
 5 SYSTEMPATH/CodeIgniter.php(349): CodeIgniter\CodeIgniter->handleRequest()
 6 FCPATH/index.php(57): CodeIgniter\CodeIgniter->run()
CRITICAL - 2024-07-29 09:36:01 --> Undefined variable $payArray
in APPPATH/Models/Engine.php on line 2230.
 1 APPPATH/Models/Engine.php(2230): CodeIgniter\Debug\Exceptions->errorHandler()
 2 APPPATH/Controllers/Api.php(147): App\Models\Engine->getBillToSynch()
 3 SYSTEMPATH/CodeIgniter.php(896): App\Controllers\Api->postbillpayment()
 4 SYSTEMPATH/CodeIgniter.php(466): CodeIgniter\CodeIgniter->runController()
 5 SYSTEMPATH/CodeIgniter.php(349): CodeIgniter\CodeIgniter->handleRequest()
 6 FCPATH/index.php(57): CodeIgniter\CodeIgniter->run()
CRITICAL - 2024-07-29 09:37:01 --> Undefined variable $payArray
in APPPATH/Models/Engine.php on line 2230.
 1 APPPATH/Models/Engine.php(2230): CodeIgniter\Debug\Exceptions->errorHandler()
 2 APPPATH/Controllers/Api.php(147): App\Models\Engine->getBillToSynch()
 3 SYSTEMPATH/CodeIgniter.php(896): App\Controllers\Api->postbillpayment()
 4 SYSTEMPATH/CodeIgniter.php(466): CodeIgniter\CodeIgniter->runController()
 5 SYSTEMPATH/CodeIgniter.php(349): CodeIgniter\CodeIgniter->handleRequest()
 6 FCPATH/index.php(57): CodeIgniter\CodeIgniter->run()
CRITICAL - 2024-07-29 09:38:01 --> Undefined variable $payArray
in APPPATH/Models/Engine.php on line 2230.
 1 APPPATH/Models/Engine.php(2230): CodeIgniter\Debug\Exceptions->errorHandler()
 2 APPPATH/Controllers/Api.php(147): App\Models\Engine->getBillToSynch()
 3 SYSTEMPATH/CodeIgniter.php(896): App\Controllers\Api->postbillpayment()
 4 SYSTEMPATH/CodeIgniter.php(466): CodeIgniter\CodeIgniter->runController()
 5 SYSTEMPATH/CodeIgniter.php(349): CodeIgniter\CodeIgniter->handleRequest()
 6 FCPATH/index.php(57): CodeIgniter\CodeIgniter->run()
CRITICAL - 2024-07-29 09:39:02 --> Undefined variable $payArray
in APPPATH/Models/Engine.php on line 2230.
 1 APPPATH/Models/Engine.php(2230): CodeIgniter\Debug\Exceptions->errorHandler()
 2 APPPATH/Controllers/Api.php(147): App\Models\Engine->getBillToSynch()
 3 SYSTEMPATH/CodeIgniter.php(896): App\Controllers\Api->postbillpayment()
 4 SYSTEMPATH/CodeIgniter.php(466): CodeIgniter\CodeIgniter->runController()
 5 SYSTEMPATH/CodeIgniter.php(349): CodeIgniter\CodeIgniter->handleRequest()
 6 FCPATH/index.php(57): CodeIgniter\CodeIgniter->run()
CRITICAL - 2024-07-29 09:40:02 --> Undefined variable $payArray
in APPPATH/Models/Engine.php on line 2230.
 1 APPPATH/Models/Engine.php(2230): CodeIgniter\Debug\Exceptions->errorHandler()
 2 APPPATH/Controllers/Api.php(147): App\Models\Engine->getBillToSynch()
 3 SYSTEMPATH/CodeIgniter.php(896): App\Controllers\Api->postbillpayment()
 4 SYSTEMPATH/CodeIgniter.php(466): CodeIgniter\CodeIgniter->runController()
 5 SYSTEMPATH/CodeIgniter.php(349): CodeIgniter\CodeIgniter->handleRequest()
 6 FCPATH/index.php(57): CodeIgniter\CodeIgniter->run()
CRITICAL - 2024-07-29 09:41:01 --> Undefined variable $payArray
in APPPATH/Models/Engine.php on line 2230.
 1 APPPATH/Models/Engine.php(2230): CodeIgniter\Debug\Exceptions->errorHandler()
 2 APPPATH/Controllers/Api.php(147): App\Models\Engine->getBillToSynch()
 3 SYSTEMPATH/CodeIgniter.php(896): App\Controllers\Api->postbillpayment()
 4 SYSTEMPATH/CodeIgniter.php(466): CodeIgniter\CodeIgniter->runController()
 5 SYSTEMPATH/CodeIgniter.php(349): CodeIgniter\CodeIgniter->handleRequest()
 6 FCPATH/index.php(57): CodeIgniter\CodeIgniter->run()
CRITICAL - 2024-07-29 09:42:01 --> Undefined variable $payArray
in APPPATH/Models/Engine.php on line 2230.
 1 APPPATH/Models/Engine.php(2230): CodeIgniter\Debug\Exceptions->errorHandler()
 2 APPPATH/Controllers/Api.php(147): App\Models\Engine->getBillToSynch()
 3 SYSTEMPATH/CodeIgniter.php(896): App\Controllers\Api->postbillpayment()
 4 SYSTEMPATH/CodeIgniter.php(466): CodeIgniter\CodeIgniter->runController()
 5 SYSTEMPATH/CodeIgniter.php(349): CodeIgniter\CodeIgniter->handleRequest()
 6 FCPATH/index.php(57): CodeIgniter\CodeIgniter->run()
CRITICAL - 2024-07-29 09:43:01 --> Undefined variable $payArray
in APPPATH/Models/Engine.php on line 2230.
 1 APPPATH/Models/Engine.php(2230): CodeIgniter\Debug\Exceptions->errorHandler()
 2 APPPATH/Controllers/Api.php(147): App\Models\Engine->getBillToSynch()
 3 SYSTEMPATH/CodeIgniter.php(896): App\Controllers\Api->postbillpayment()
 4 SYSTEMPATH/CodeIgniter.php(466): CodeIgniter\CodeIgniter->runController()
 5 SYSTEMPATH/CodeIgniter.php(349): CodeIgniter\CodeIgniter->handleRequest()
 6 FCPATH/index.php(57): CodeIgniter\CodeIgniter->run()
CRITICAL - 2024-07-29 09:44:01 --> Undefined variable $payArray
in APPPATH/Models/Engine.php on line 2230.
 1 APPPATH/Models/Engine.php(2230): CodeIgniter\Debug\Exceptions->errorHandler()
 2 APPPATH/Controllers/Api.php(147): App\Models\Engine->getBillToSynch()
 3 SYSTEMPATH/CodeIgniter.php(896): App\Controllers\Api->postbillpayment()
 4 SYSTEMPATH/CodeIgniter.php(466): CodeIgniter\CodeIgniter->runController()
 5 SYSTEMPATH/CodeIgniter.php(349): CodeIgniter\CodeIgniter->handleRequest()
 6 FCPATH/index.php(57): CodeIgniter\CodeIgniter->run()
CRITICAL - 2024-07-29 09:45:01 --> Undefined variable $payArray
in APPPATH/Models/Engine.php on line 2230.
 1 APPPATH/Models/Engine.php(2230): CodeIgniter\Debug\Exceptions->errorHandler()
 2 APPPATH/Controllers/Api.php(147): App\Models\Engine->getBillToSynch()
 3 SYSTEMPATH/CodeIgniter.php(896): App\Controllers\Api->postbillpayment()
 4 SYSTEMPATH/CodeIgniter.php(466): CodeIgniter\CodeIgniter->runController()
 5 SYSTEMPATH/CodeIgniter.php(349): CodeIgniter\CodeIgniter->handleRequest()
 6 FCPATH/index.php(57): CodeIgniter\CodeIgniter->run()
CRITICAL - 2024-07-29 09:46:01 --> Undefined variable $payArray
in APPPATH/Models/Engine.php on line 2230.
 1 APPPATH/Models/Engine.php(2230): CodeIgniter\Debug\Exceptions->errorHandler()
 2 APPPATH/Controllers/Api.php(147): App\Models\Engine->getBillToSynch()
 3 SYSTEMPATH/CodeIgniter.php(896): App\Controllers\Api->postbillpayment()
 4 SYSTEMPATH/CodeIgniter.php(466): CodeIgniter\CodeIgniter->runController()
 5 SYSTEMPATH/CodeIgniter.php(349): CodeIgniter\CodeIgniter->handleRequest()
 6 FCPATH/index.php(57): CodeIgniter\CodeIgniter->run()
CRITICAL - 2024-07-29 09:47:01 --> Undefined variable $payArray
in APPPATH/Models/Engine.php on line 2230.
 1 APPPATH/Models/Engine.php(2230): CodeIgniter\Debug\Exceptions->errorHandler()
 2 APPPATH/Controllers/Api.php(147): App\Models\Engine->getBillToSynch()
 3 SYSTEMPATH/CodeIgniter.php(896): App\Controllers\Api->postbillpayment()
 4 SYSTEMPATH/CodeIgniter.php(466): CodeIgniter\CodeIgniter->runController()
 5 SYSTEMPATH/CodeIgniter.php(349): CodeIgniter\CodeIgniter->handleRequest()
 6 FCPATH/index.php(57): CodeIgniter\CodeIgniter->run()
CRITICAL - 2024-07-29 09:48:01 --> Undefined variable $payArray
in APPPATH/Models/Engine.php on line 2230.
 1 APPPATH/Models/Engine.php(2230): CodeIgniter\Debug\Exceptions->errorHandler()
 2 APPPATH/Controllers/Api.php(147): App\Models\Engine->getBillToSynch()
 3 SYSTEMPATH/CodeIgniter.php(896): App\Controllers\Api->postbillpayment()
 4 SYSTEMPATH/CodeIgniter.php(466): CodeIgniter\CodeIgniter->runController()
 5 SYSTEMPATH/CodeIgniter.php(349): CodeIgniter\CodeIgniter->handleRequest()
 6 FCPATH/index.php(57): CodeIgniter\CodeIgniter->run()
CRITICAL - 2024-07-29 09:49:01 --> Undefined variable $payArray
in APPPATH/Models/Engine.php on line 2230.
 1 APPPATH/Models/Engine.php(2230): CodeIgniter\Debug\Exceptions->errorHandler()
 2 APPPATH/Controllers/Api.php(147): App\Models\Engine->getBillToSynch()
 3 SYSTEMPATH/CodeIgniter.php(896): App\Controllers\Api->postbillpayment()
 4 SYSTEMPATH/CodeIgniter.php(466): CodeIgniter\CodeIgniter->runController()
 5 SYSTEMPATH/CodeIgniter.php(349): CodeIgniter\CodeIgniter->handleRequest()
 6 FCPATH/index.php(57): CodeIgniter\CodeIgniter->run()
CRITICAL - 2024-07-29 09:50:01 --> Undefined variable $payArray
in APPPATH/Models/Engine.php on line 2230.
 1 APPPATH/Models/Engine.php(2230): CodeIgniter\Debug\Exceptions->errorHandler()
 2 APPPATH/Controllers/Api.php(147): App\Models\Engine->getBillToSynch()
 3 SYSTEMPATH/CodeIgniter.php(896): App\Controllers\Api->postbillpayment()
 4 SYSTEMPATH/CodeIgniter.php(466): CodeIgniter\CodeIgniter->runController()
 5 SYSTEMPATH/CodeIgniter.php(349): CodeIgniter\CodeIgniter->handleRequest()
 6 FCPATH/index.php(57): CodeIgniter\CodeIgniter->run()
CRITICAL - 2024-07-29 09:51:01 --> Undefined variable $payArray
in APPPATH/Models/Engine.php on line 2230.
 1 APPPATH/Models/Engine.php(2230): CodeIgniter\Debug\Exceptions->errorHandler()
 2 APPPATH/Controllers/Api.php(147): App\Models\Engine->getBillToSynch()
 3 SYSTEMPATH/CodeIgniter.php(896): App\Controllers\Api->postbillpayment()
 4 SYSTEMPATH/CodeIgniter.php(466): CodeIgniter\CodeIgniter->runController()
 5 SYSTEMPATH/CodeIgniter.php(349): CodeIgniter\CodeIgniter->handleRequest()
 6 FCPATH/index.php(57): CodeIgniter\CodeIgniter->run()
CRITICAL - 2024-07-29 09:52:01 --> Undefined variable $payArray
in APPPATH/Models/Engine.php on line 2230.
 1 APPPATH/Models/Engine.php(2230): CodeIgniter\Debug\Exceptions->errorHandler()
 2 APPPATH/Controllers/Api.php(147): App\Models\Engine->getBillToSynch()
 3 SYSTEMPATH/CodeIgniter.php(896): App\Controllers\Api->postbillpayment()
 4 SYSTEMPATH/CodeIgniter.php(466): CodeIgniter\CodeIgniter->runController()
 5 SYSTEMPATH/CodeIgniter.php(349): CodeIgniter\CodeIgniter->handleRequest()
 6 FCPATH/index.php(57): CodeIgniter\CodeIgniter->run()
CRITICAL - 2024-07-29 09:53:01 --> Undefined variable $payArray
in APPPATH/Models/Engine.php on line 2230.
 1 APPPATH/Models/Engine.php(2230): CodeIgniter\Debug\Exceptions->errorHandler()
 2 APPPATH/Controllers/Api.php(147): App\Models\Engine->getBillToSynch()
 3 SYSTEMPATH/CodeIgniter.php(896): App\Controllers\Api->postbillpayment()
 4 SYSTEMPATH/CodeIgniter.php(466): CodeIgniter\CodeIgniter->runController()
 5 SYSTEMPATH/CodeIgniter.php(349): CodeIgniter\CodeIgniter->handleRequest()
 6 FCPATH/index.php(57): CodeIgniter\CodeIgniter->run()
CRITICAL - 2024-07-29 09:54:01 --> Undefined variable $payArray
in APPPATH/Models/Engine.php on line 2230.
 1 APPPATH/Models/Engine.php(2230): CodeIgniter\Debug\Exceptions->errorHandler()
 2 APPPATH/Controllers/Api.php(147): App\Models\Engine->getBillToSynch()
 3 SYSTEMPATH/CodeIgniter.php(896): App\Controllers\Api->postbillpayment()
 4 SYSTEMPATH/CodeIgniter.php(466): CodeIgniter\CodeIgniter->runController()
 5 SYSTEMPATH/CodeIgniter.php(349): CodeIgniter\CodeIgniter->handleRequest()
 6 FCPATH/index.php(57): CodeIgniter\CodeIgniter->run()
CRITICAL - 2024-07-29 09:55:01 --> Undefined variable $payArray
in APPPATH/Models/Engine.php on line 2230.
 1 APPPATH/Models/Engine.php(2230): CodeIgniter\Debug\Exceptions->errorHandler()
 2 APPPATH/Controllers/Api.php(147): App\Models\Engine->getBillToSynch()
 3 SYSTEMPATH/CodeIgniter.php(896): App\Controllers\Api->postbillpayment()
 4 SYSTEMPATH/CodeIgniter.php(466): CodeIgniter\CodeIgniter->runController()
 5 SYSTEMPATH/CodeIgniter.php(349): CodeIgniter\CodeIgniter->handleRequest()
 6 FCPATH/index.php(57): CodeIgniter\CodeIgniter->run()
CRITICAL - 2024-07-29 09:56:01 --> Undefined variable $payArray
in APPPATH/Models/Engine.php on line 2230.
 1 APPPATH/Models/Engine.php(2230): CodeIgniter\Debug\Exceptions->errorHandler()
 2 APPPATH/Controllers/Api.php(147): App\Models\Engine->getBillToSynch()
 3 SYSTEMPATH/CodeIgniter.php(896): App\Controllers\Api->postbillpayment()
 4 SYSTEMPATH/CodeIgniter.php(466): CodeIgniter\CodeIgniter->runController()
 5 SYSTEMPATH/CodeIgniter.php(349): CodeIgniter\CodeIgniter->handleRequest()
 6 FCPATH/index.php(57): CodeIgniter\CodeIgniter->run()
CRITICAL - 2024-07-29 09:57:02 --> Undefined variable $payArray
in APPPATH/Models/Engine.php on line 2230.
 1 APPPATH/Models/Engine.php(2230): CodeIgniter\Debug\Exceptions->errorHandler()
 2 APPPATH/Controllers/Api.php(147): App\Models\Engine->getBillToSynch()
 3 SYSTEMPATH/CodeIgniter.php(896): App\Controllers\Api->postbillpayment()
 4 SYSTEMPATH/CodeIgniter.php(466): CodeIgniter\CodeIgniter->runController()
 5 SYSTEMPATH/CodeIgniter.php(349): CodeIgniter\CodeIgniter->handleRequest()
 6 FCPATH/index.php(57): CodeIgniter\CodeIgniter->run()
CRITICAL - 2024-07-29 09:58:01 --> Undefined variable $payArray
in APPPATH/Models/Engine.php on line 2230.
 1 APPPATH/Models/Engine.php(2230): CodeIgniter\Debug\Exceptions->errorHandler()
 2 APPPATH/Controllers/Api.php(147): App\Models\Engine->getBillToSynch()
 3 SYSTEMPATH/CodeIgniter.php(896): App\Controllers\Api->postbillpayment()
 4 SYSTEMPATH/CodeIgniter.php(466): CodeIgniter\CodeIgniter->runController()
 5 SYSTEMPATH/CodeIgniter.php(349): CodeIgniter\CodeIgniter->handleRequest()
 6 FCPATH/index.php(57): CodeIgniter\CodeIgniter->run()
CRITICAL - 2024-07-29 09:59:01 --> Undefined variable $payArray
in APPPATH/Models/Engine.php on line 2230.
 1 APPPATH/Models/Engine.php(2230): CodeIgniter\Debug\Exceptions->errorHandler()
 2 APPPATH/Controllers/Api.php(147): App\Models\Engine->getBillToSynch()
 3 SYSTEMPATH/CodeIgniter.php(896): App\Controllers\Api->postbillpayment()
 4 SYSTEMPATH/CodeIgniter.php(466): CodeIgniter\CodeIgniter->runController()
 5 SYSTEMPATH/CodeIgniter.php(349): CodeIgniter\CodeIgniter->handleRequest()
 6 FCPATH/index.php(57): CodeIgniter\CodeIgniter->run()
CRITICAL - 2024-07-29 10:00:01 --> Undefined variable $payArray
in APPPATH/Models/Engine.php on line 2230.
 1 APPPATH/Models/Engine.php(2230): CodeIgniter\Debug\Exceptions->errorHandler()
 2 APPPATH/Controllers/Api.php(147): App\Models\Engine->getBillToSynch()
 3 SYSTEMPATH/CodeIgniter.php(896): App\Controllers\Api->postbillpayment()
 4 SYSTEMPATH/CodeIgniter.php(466): CodeIgniter\CodeIgniter->runController()
 5 SYSTEMPATH/CodeIgniter.php(349): CodeIgniter\CodeIgniter->handleRequest()
 6 FCPATH/index.php(57): CodeIgniter\CodeIgniter->run()
CRITICAL - 2024-07-29 10:01:01 --> Undefined variable $payArray
in APPPATH/Models/Engine.php on line 2230.
 1 APPPATH/Models/Engine.php(2230): CodeIgniter\Debug\Exceptions->errorHandler()
 2 APPPATH/Controllers/Api.php(147): App\Models\Engine->getBillToSynch()
 3 SYSTEMPATH/CodeIgniter.php(896): App\Controllers\Api->postbillpayment()
 4 SYSTEMPATH/CodeIgniter.php(466): CodeIgniter\CodeIgniter->runController()
 5 SYSTEMPATH/CodeIgniter.php(349): CodeIgniter\CodeIgniter->handleRequest()
 6 FCPATH/index.php(57): CodeIgniter\CodeIgniter->run()
CRITICAL - 2024-07-29 10:02:01 --> Undefined variable $payArray
in APPPATH/Models/Engine.php on line 2230.
 1 APPPATH/Models/Engine.php(2230): CodeIgniter\Debug\Exceptions->errorHandler()
 2 APPPATH/Controllers/Api.php(147): App\Models\Engine->getBillToSynch()
 3 SYSTEMPATH/CodeIgniter.php(896): App\Controllers\Api->postbillpayment()
 4 SYSTEMPATH/CodeIgniter.php(466): CodeIgniter\CodeIgniter->runController()
 5 SYSTEMPATH/CodeIgniter.php(349): CodeIgniter\CodeIgniter->handleRequest()
 6 FCPATH/index.php(57): CodeIgniter\CodeIgniter->run()
CRITICAL - 2024-07-29 10:03:01 --> Undefined variable $payArray
in APPPATH/Models/Engine.php on line 2230.
 1 APPPATH/Models/Engine.php(2230): CodeIgniter\Debug\Exceptions->errorHandler()
 2 APPPATH/Controllers/Api.php(147): App\Models\Engine->getBillToSynch()
 3 SYSTEMPATH/CodeIgniter.php(896): App\Controllers\Api->postbillpayment()
 4 SYSTEMPATH/CodeIgniter.php(466): CodeIgniter\CodeIgniter->runController()
 5 SYSTEMPATH/CodeIgniter.php(349): CodeIgniter\CodeIgniter->handleRequest()
 6 FCPATH/index.php(57): CodeIgniter\CodeIgniter->run()
CRITICAL - 2024-07-29 10:04:01 --> Undefined variable $payArray
in APPPATH/Models/Engine.php on line 2230.
 1 APPPATH/Models/Engine.php(2230): CodeIgniter\Debug\Exceptions->errorHandler()
 2 APPPATH/Controllers/Api.php(147): App\Models\Engine->getBillToSynch()
 3 SYSTEMPATH/CodeIgniter.php(896): App\Controllers\Api->postbillpayment()
 4 SYSTEMPATH/CodeIgniter.php(466): CodeIgniter\CodeIgniter->runController()
 5 SYSTEMPATH/CodeIgniter.php(349): CodeIgniter\CodeIgniter->handleRequest()
 6 FCPATH/index.php(57): CodeIgniter\CodeIgniter->run()
CRITICAL - 2024-07-29 10:05:01 --> Undefined variable $payArray
in APPPATH/Models/Engine.php on line 2230.
 1 APPPATH/Models/Engine.php(2230): CodeIgniter\Debug\Exceptions->errorHandler()
 2 APPPATH/Controllers/Api.php(147): App\Models\Engine->getBillToSynch()
 3 SYSTEMPATH/CodeIgniter.php(896): App\Controllers\Api->postbillpayment()
 4 SYSTEMPATH/CodeIgniter.php(466): CodeIgniter\CodeIgniter->runController()
 5 SYSTEMPATH/CodeIgniter.php(349): CodeIgniter\CodeIgniter->handleRequest()
 6 FCPATH/index.php(57): CodeIgniter\CodeIgniter->run()
CRITICAL - 2024-07-29 10:06:01 --> Undefined variable $payArray
in APPPATH/Models/Engine.php on line 2230.
 1 APPPATH/Models/Engine.php(2230): CodeIgniter\Debug\Exceptions->errorHandler()
 2 APPPATH/Controllers/Api.php(147): App\Models\Engine->getBillToSynch()
 3 SYSTEMPATH/CodeIgniter.php(896): App\Controllers\Api->postbillpayment()
 4 SYSTEMPATH/CodeIgniter.php(466): CodeIgniter\CodeIgniter->runController()
 5 SYSTEMPATH/CodeIgniter.php(349): CodeIgniter\CodeIgniter->handleRequest()
 6 FCPATH/index.php(57): CodeIgniter\CodeIgniter->run()
CRITICAL - 2024-07-29 10:07:01 --> Undefined variable $payArray
in APPPATH/Models/Engine.php on line 2230.
 1 APPPATH/Models/Engine.php(2230): CodeIgniter\Debug\Exceptions->errorHandler()
 2 APPPATH/Controllers/Api.php(147): App\Models\Engine->getBillToSynch()
 3 SYSTEMPATH/CodeIgniter.php(896): App\Controllers\Api->postbillpayment()
 4 SYSTEMPATH/CodeIgniter.php(466): CodeIgniter\CodeIgniter->runController()
 5 SYSTEMPATH/CodeIgniter.php(349): CodeIgniter\CodeIgniter->handleRequest()
 6 FCPATH/index.php(57): CodeIgniter\CodeIgniter->run()
CRITICAL - 2024-07-29 10:08:01 --> Undefined variable $payArray
in APPPATH/Models/Engine.php on line 2230.
 1 APPPATH/Models/Engine.php(2230): CodeIgniter\Debug\Exceptions->errorHandler()
 2 APPPATH/Controllers/Api.php(147): App\Models\Engine->getBillToSynch()
 3 SYSTEMPATH/CodeIgniter.php(896): App\Controllers\Api->postbillpayment()
 4 SYSTEMPATH/CodeIgniter.php(466): CodeIgniter\CodeIgniter->runController()
 5 SYSTEMPATH/CodeIgniter.php(349): CodeIgniter\CodeIgniter->handleRequest()
 6 FCPATH/index.php(57): CodeIgniter\CodeIgniter->run()
CRITICAL - 2024-07-29 10:09:01 --> Undefined variable $payArray
in APPPATH/Models/Engine.php on line 2230.
 1 APPPATH/Models/Engine.php(2230): CodeIgniter\Debug\Exceptions->errorHandler()
 2 APPPATH/Controllers/Api.php(147): App\Models\Engine->getBillToSynch()
 3 SYSTEMPATH/CodeIgniter.php(896): App\Controllers\Api->postbillpayment()
 4 SYSTEMPATH/CodeIgniter.php(466): CodeIgniter\CodeIgniter->runController()
 5 SYSTEMPATH/CodeIgniter.php(349): CodeIgniter\CodeIgniter->handleRequest()
 6 FCPATH/index.php(57): CodeIgniter\CodeIgniter->run()
CRITICAL - 2024-07-29 10:10:01 --> Undefined variable $payArray
in APPPATH/Models/Engine.php on line 2230.
 1 APPPATH/Models/Engine.php(2230): CodeIgniter\Debug\Exceptions->errorHandler()
 2 APPPATH/Controllers/Api.php(147): App\Models\Engine->getBillToSynch()
 3 SYSTEMPATH/CodeIgniter.php(896): App\Controllers\Api->postbillpayment()
 4 SYSTEMPATH/CodeIgniter.php(466): CodeIgniter\CodeIgniter->runController()
 5 SYSTEMPATH/CodeIgniter.php(349): CodeIgniter\CodeIgniter->handleRequest()
 6 FCPATH/index.php(57): CodeIgniter\CodeIgniter->run()
CRITICAL - 2024-07-29 10:11:01 --> Undefined variable $payArray
in APPPATH/Models/Engine.php on line 2230.
 1 APPPATH/Models/Engine.php(2230): CodeIgniter\Debug\Exceptions->errorHandler()
 2 APPPATH/Controllers/Api.php(147): App\Models\Engine->getBillToSynch()
 3 SYSTEMPATH/CodeIgniter.php(896): App\Controllers\Api->postbillpayment()
 4 SYSTEMPATH/CodeIgniter.php(466): CodeIgniter\CodeIgniter->runController()
 5 SYSTEMPATH/CodeIgniter.php(349): CodeIgniter\CodeIgniter->handleRequest()
 6 FCPATH/index.php(57): CodeIgniter\CodeIgniter->run()
CRITICAL - 2024-07-29 10:12:01 --> Undefined variable $payArray
in APPPATH/Models/Engine.php on line 2230.
 1 APPPATH/Models/Engine.php(2230): CodeIgniter\Debug\Exceptions->errorHandler()
 2 APPPATH/Controllers/Api.php(147): App\Models\Engine->getBillToSynch()
 3 SYSTEMPATH/CodeIgniter.php(896): App\Controllers\Api->postbillpayment()
 4 SYSTEMPATH/CodeIgniter.php(466): CodeIgniter\CodeIgniter->runController()
 5 SYSTEMPATH/CodeIgniter.php(349): CodeIgniter\CodeIgniter->handleRequest()
 6 FCPATH/index.php(57): CodeIgniter\CodeIgniter->run()
CRITICAL - 2024-07-29 10:13:01 --> Undefined variable $payArray
in APPPATH/Models/Engine.php on line 2230.
 1 APPPATH/Models/Engine.php(2230): CodeIgniter\Debug\Exceptions->errorHandler()
 2 APPPATH/Controllers/Api.php(147): App\Models\Engine->getBillToSynch()
 3 SYSTEMPATH/CodeIgniter.php(896): App\Controllers\Api->postbillpayment()
 4 SYSTEMPATH/CodeIgniter.php(466): CodeIgniter\CodeIgniter->runController()
 5 SYSTEMPATH/CodeIgniter.php(349): CodeIgniter\CodeIgniter->handleRequest()
 6 FCPATH/index.php(57): CodeIgniter\CodeIgniter->run()
CRITICAL - 2024-07-29 10:14:02 --> Undefined variable $payArray
in APPPATH/Models/Engine.php on line 2230.
 1 APPPATH/Models/Engine.php(2230): CodeIgniter\Debug\Exceptions->errorHandler()
 2 APPPATH/Controllers/Api.php(147): App\Models\Engine->getBillToSynch()
 3 SYSTEMPATH/CodeIgniter.php(896): App\Controllers\Api->postbillpayment()
 4 SYSTEMPATH/CodeIgniter.php(466): CodeIgniter\CodeIgniter->runController()
 5 SYSTEMPATH/CodeIgniter.php(349): CodeIgniter\CodeIgniter->handleRequest()
 6 FCPATH/index.php(57): CodeIgniter\CodeIgniter->run()
CRITICAL - 2024-07-29 10:15:01 --> Undefined variable $payArray
in APPPATH/Models/Engine.php on line 2230.
 1 APPPATH/Models/Engine.php(2230): CodeIgniter\Debug\Exceptions->errorHandler()
 2 APPPATH/Controllers/Api.php(147): App\Models\Engine->getBillToSynch()
 3 SYSTEMPATH/CodeIgniter.php(896): App\Controllers\Api->postbillpayment()
 4 SYSTEMPATH/CodeIgniter.php(466): CodeIgniter\CodeIgniter->runController()
 5 SYSTEMPATH/CodeIgniter.php(349): CodeIgniter\CodeIgniter->handleRequest()
 6 FCPATH/index.php(57): CodeIgniter\CodeIgniter->run()
CRITICAL - 2024-07-29 10:16:01 --> Undefined variable $payArray
in APPPATH/Models/Engine.php on line 2230.
 1 APPPATH/Models/Engine.php(2230): CodeIgniter\Debug\Exceptions->errorHandler()
 2 APPPATH/Controllers/Api.php(147): App\Models\Engine->getBillToSynch()
 3 SYSTEMPATH/CodeIgniter.php(896): App\Controllers\Api->postbillpayment()
 4 SYSTEMPATH/CodeIgniter.php(466): CodeIgniter\CodeIgniter->runController()
 5 SYSTEMPATH/CodeIgniter.php(349): CodeIgniter\CodeIgniter->handleRequest()
 6 FCPATH/index.php(57): CodeIgniter\CodeIgniter->run()
CRITICAL - 2024-07-29 10:17:01 --> Undefined variable $payArray
in APPPATH/Models/Engine.php on line 2230.
 1 APPPATH/Models/Engine.php(2230): CodeIgniter\Debug\Exceptions->errorHandler()
 2 APPPATH/Controllers/Api.php(147): App\Models\Engine->getBillToSynch()
 3 SYSTEMPATH/CodeIgniter.php(896): App\Controllers\Api->postbillpayment()
 4 SYSTEMPATH/CodeIgniter.php(466): CodeIgniter\CodeIgniter->runController()
 5 SYSTEMPATH/CodeIgniter.php(349): CodeIgniter\CodeIgniter->handleRequest()
 6 FCPATH/index.php(57): CodeIgniter\CodeIgniter->run()
CRITICAL - 2024-07-29 10:18:01 --> Undefined variable $payArray
in APPPATH/Models/Engine.php on line 2230.
 1 APPPATH/Models/Engine.php(2230): CodeIgniter\Debug\Exceptions->errorHandler()
 2 APPPATH/Controllers/Api.php(147): App\Models\Engine->getBillToSynch()
 3 SYSTEMPATH/CodeIgniter.php(896): App\Controllers\Api->postbillpayment()
 4 SYSTEMPATH/CodeIgniter.php(466): CodeIgniter\CodeIgniter->runController()
 5 SYSTEMPATH/CodeIgniter.php(349): CodeIgniter\CodeIgniter->handleRequest()
 6 FCPATH/index.php(57): CodeIgniter\CodeIgniter->run()
CRITICAL - 2024-07-29 10:19:01 --> Undefined variable $payArray
in APPPATH/Models/Engine.php on line 2230.
 1 APPPATH/Models/Engine.php(2230): CodeIgniter\Debug\Exceptions->errorHandler()
 2 APPPATH/Controllers/Api.php(147): App\Models\Engine->getBillToSynch()
 3 SYSTEMPATH/CodeIgniter.php(896): App\Controllers\Api->postbillpayment()
 4 SYSTEMPATH/CodeIgniter.php(466): CodeIgniter\CodeIgniter->runController()
 5 SYSTEMPATH/CodeIgniter.php(349): CodeIgniter\CodeIgniter->handleRequest()
 6 FCPATH/index.php(57): CodeIgniter\CodeIgniter->run()
CRITICAL - 2024-07-29 10:20:01 --> Undefined variable $payArray
in APPPATH/Models/Engine.php on line 2230.
 1 APPPATH/Models/Engine.php(2230): CodeIgniter\Debug\Exceptions->errorHandler()
 2 APPPATH/Controllers/Api.php(147): App\Models\Engine->getBillToSynch()
 3 SYSTEMPATH/CodeIgniter.php(896): App\Controllers\Api->postbillpayment()
 4 SYSTEMPATH/CodeIgniter.php(466): CodeIgniter\CodeIgniter->runController()
 5 SYSTEMPATH/CodeIgniter.php(349): CodeIgniter\CodeIgniter->handleRequest()
 6 FCPATH/index.php(57): CodeIgniter\CodeIgniter->run()
CRITICAL - 2024-07-29 10:21:01 --> Undefined variable $payArray
in APPPATH/Models/Engine.php on line 2230.
 1 APPPATH/Models/Engine.php(2230): CodeIgniter\Debug\Exceptions->errorHandler()
 2 APPPATH/Controllers/Api.php(147): App\Models\Engine->getBillToSynch()
 3 SYSTEMPATH/CodeIgniter.php(896): App\Controllers\Api->postbillpayment()
 4 SYSTEMPATH/CodeIgniter.php(466): CodeIgniter\CodeIgniter->runController()
 5 SYSTEMPATH/CodeIgniter.php(349): CodeIgniter\CodeIgniter->handleRequest()
 6 FCPATH/index.php(57): CodeIgniter\CodeIgniter->run()
CRITICAL - 2024-07-29 10:22:01 --> Undefined variable $payArray
in APPPATH/Models/Engine.php on line 2230.
 1 APPPATH/Models/Engine.php(2230): CodeIgniter\Debug\Exceptions->errorHandler()
 2 APPPATH/Controllers/Api.php(147): App\Models\Engine->getBillToSynch()
 3 SYSTEMPATH/CodeIgniter.php(896): App\Controllers\Api->postbillpayment()
 4 SYSTEMPATH/CodeIgniter.php(466): CodeIgniter\CodeIgniter->runController()
 5 SYSTEMPATH/CodeIgniter.php(349): CodeIgniter\CodeIgniter->handleRequest()
 6 FCPATH/index.php(57): CodeIgniter\CodeIgniter->run()
CRITICAL - 2024-07-29 10:23:01 --> Undefined variable $payArray
in APPPATH/Models/Engine.php on line 2230.
 1 APPPATH/Models/Engine.php(2230): CodeIgniter\Debug\Exceptions->errorHandler()
 2 APPPATH/Controllers/Api.php(147): App\Models\Engine->getBillToSynch()
 3 SYSTEMPATH/CodeIgniter.php(896): App\Controllers\Api->postbillpayment()
 4 SYSTEMPATH/CodeIgniter.php(466): CodeIgniter\CodeIgniter->runController()
 5 SYSTEMPATH/CodeIgniter.php(349): CodeIgniter\CodeIgniter->handleRequest()
 6 FCPATH/index.php(57): CodeIgniter\CodeIgniter->run()
CRITICAL - 2024-07-29 10:24:01 --> Undefined variable $payArray
in APPPATH/Models/Engine.php on line 2230.
 1 APPPATH/Models/Engine.php(2230): CodeIgniter\Debug\Exceptions->errorHandler()
 2 APPPATH/Controllers/Api.php(147): App\Models\Engine->getBillToSynch()
 3 SYSTEMPATH/CodeIgniter.php(896): App\Controllers\Api->postbillpayment()
 4 SYSTEMPATH/CodeIgniter.php(466): CodeIgniter\CodeIgniter->runController()
 5 SYSTEMPATH/CodeIgniter.php(349): CodeIgniter\CodeIgniter->handleRequest()
 6 FCPATH/index.php(57): CodeIgniter\CodeIgniter->run()
CRITICAL - 2024-07-29 10:25:01 --> Undefined variable $payArray
in APPPATH/Models/Engine.php on line 2230.
 1 APPPATH/Models/Engine.php(2230): CodeIgniter\Debug\Exceptions->errorHandler()
 2 APPPATH/Controllers/Api.php(147): App\Models\Engine->getBillToSynch()
 3 SYSTEMPATH/CodeIgniter.php(896): App\Controllers\Api->postbillpayment()
 4 SYSTEMPATH/CodeIgniter.php(466): CodeIgniter\CodeIgniter->runController()
 5 SYSTEMPATH/CodeIgniter.php(349): CodeIgniter\CodeIgniter->handleRequest()
 6 FCPATH/index.php(57): CodeIgniter\CodeIgniter->run()
CRITICAL - 2024-07-29 10:26:01 --> Undefined variable $payArray
in APPPATH/Models/Engine.php on line 2230.
 1 APPPATH/Models/Engine.php(2230): CodeIgniter\Debug\Exceptions->errorHandler()
 2 APPPATH/Controllers/Api.php(147): App\Models\Engine->getBillToSynch()
 3 SYSTEMPATH/CodeIgniter.php(896): App\Controllers\Api->postbillpayment()
 4 SYSTEMPATH/CodeIgniter.php(466): CodeIgniter\CodeIgniter->runController()
 5 SYSTEMPATH/CodeIgniter.php(349): CodeIgniter\CodeIgniter->handleRequest()
 6 FCPATH/index.php(57): CodeIgniter\CodeIgniter->run()
CRITICAL - 2024-07-29 10:27:01 --> Undefined variable $payArray
in APPPATH/Models/Engine.php on line 2230.
 1 APPPATH/Models/Engine.php(2230): CodeIgniter\Debug\Exceptions->errorHandler()
 2 APPPATH/Controllers/Api.php(147): App\Models\Engine->getBillToSynch()
 3 SYSTEMPATH/CodeIgniter.php(896): App\Controllers\Api->postbillpayment()
 4 SYSTEMPATH/CodeIgniter.php(466): CodeIgniter\CodeIgniter->runController()
 5 SYSTEMPATH/CodeIgniter.php(349): CodeIgniter\CodeIgniter->handleRequest()
 6 FCPATH/index.php(57): CodeIgniter\CodeIgniter->run()
CRITICAL - 2024-07-29 10:28:01 --> Undefined variable $payArray
in APPPATH/Models/Engine.php on line 2230.
 1 APPPATH/Models/Engine.php(2230): CodeIgniter\Debug\Exceptions->errorHandler()
 2 APPPATH/Controllers/Api.php(147): App\Models\Engine->getBillToSynch()
 3 SYSTEMPATH/CodeIgniter.php(896): App\Controllers\Api->postbillpayment()
 4 SYSTEMPATH/CodeIgniter.php(466): CodeIgniter\CodeIgniter->runController()
 5 SYSTEMPATH/CodeIgniter.php(349): CodeIgniter\CodeIgniter->handleRequest()
 6 FCPATH/index.php(57): CodeIgniter\CodeIgniter->run()
CRITICAL - 2024-07-29 10:29:01 --> Undefined variable $payArray
in APPPATH/Models/Engine.php on line 2230.
 1 APPPATH/Models/Engine.php(2230): CodeIgniter\Debug\Exceptions->errorHandler()
 2 APPPATH/Controllers/Api.php(147): App\Models\Engine->getBillToSynch()
 3 SYSTEMPATH/CodeIgniter.php(896): App\Controllers\Api->postbillpayment()
 4 SYSTEMPATH/CodeIgniter.php(466): CodeIgniter\CodeIgniter->runController()
 5 SYSTEMPATH/CodeIgniter.php(349): CodeIgniter\CodeIgniter->handleRequest()
 6 FCPATH/index.php(57): CodeIgniter\CodeIgniter->run()
CRITICAL - 2024-07-29 10:30:01 --> Undefined variable $payArray
in APPPATH/Models/Engine.php on line 2230.
 1 APPPATH/Models/Engine.php(2230): CodeIgniter\Debug\Exceptions->errorHandler()
 2 APPPATH/Controllers/Api.php(147): App\Models\Engine->getBillToSynch()
 3 SYSTEMPATH/CodeIgniter.php(896): App\Controllers\Api->postbillpayment()
 4 SYSTEMPATH/CodeIgniter.php(466): CodeIgniter\CodeIgniter->runController()
 5 SYSTEMPATH/CodeIgniter.php(349): CodeIgniter\CodeIgniter->handleRequest()
 6 FCPATH/index.php(57): CodeIgniter\CodeIgniter->run()
CRITICAL - 2024-07-29 10:31:01 --> Undefined variable $payArray
in APPPATH/Models/Engine.php on line 2230.
 1 APPPATH/Models/Engine.php(2230): CodeIgniter\Debug\Exceptions->errorHandler()
 2 APPPATH/Controllers/Api.php(147): App\Models\Engine->getBillToSynch()
 3 SYSTEMPATH/CodeIgniter.php(896): App\Controllers\Api->postbillpayment()
 4 SYSTEMPATH/CodeIgniter.php(466): CodeIgniter\CodeIgniter->runController()
 5 SYSTEMPATH/CodeIgniter.php(349): CodeIgniter\CodeIgniter->handleRequest()
 6 FCPATH/index.php(57): CodeIgniter\CodeIgniter->run()
CRITICAL - 2024-07-29 10:32:02 --> Undefined variable $payArray
in APPPATH/Models/Engine.php on line 2230.
 1 APPPATH/Models/Engine.php(2230): CodeIgniter\Debug\Exceptions->errorHandler()
 2 APPPATH/Controllers/Api.php(147): App\Models\Engine->getBillToSynch()
 3 SYSTEMPATH/CodeIgniter.php(896): App\Controllers\Api->postbillpayment()
 4 SYSTEMPATH/CodeIgniter.php(466): CodeIgniter\CodeIgniter->runController()
 5 SYSTEMPATH/CodeIgniter.php(349): CodeIgniter\CodeIgniter->handleRequest()
 6 FCPATH/index.php(57): CodeIgniter\CodeIgniter->run()
CRITICAL - 2024-07-29 10:33:01 --> Undefined variable $payArray
in APPPATH/Models/Engine.php on line 2230.
 1 APPPATH/Models/Engine.php(2230): CodeIgniter\Debug\Exceptions->errorHandler()
 2 APPPATH/Controllers/Api.php(147): App\Models\Engine->getBillToSynch()
 3 SYSTEMPATH/CodeIgniter.php(896): App\Controllers\Api->postbillpayment()
 4 SYSTEMPATH/CodeIgniter.php(466): CodeIgniter\CodeIgniter->runController()
 5 SYSTEMPATH/CodeIgniter.php(349): CodeIgniter\CodeIgniter->handleRequest()
 6 FCPATH/index.php(57): CodeIgniter\CodeIgniter->run()
CRITICAL - 2024-07-29 10:34:01 --> Undefined variable $payArray
in APPPATH/Models/Engine.php on line 2230.
 1 APPPATH/Models/Engine.php(2230): CodeIgniter\Debug\Exceptions->errorHandler()
 2 APPPATH/Controllers/Api.php(147): App\Models\Engine->getBillToSynch()
 3 SYSTEMPATH/CodeIgniter.php(896): App\Controllers\Api->postbillpayment()
 4 SYSTEMPATH/CodeIgniter.php(466): CodeIgniter\CodeIgniter->runController()
 5 SYSTEMPATH/CodeIgniter.php(349): CodeIgniter\CodeIgniter->handleRequest()
 6 FCPATH/index.php(57): CodeIgniter\CodeIgniter->run()
CRITICAL - 2024-07-29 10:35:01 --> Undefined variable $payArray
in APPPATH/Models/Engine.php on line 2230.
 1 APPPATH/Models/Engine.php(2230): CodeIgniter\Debug\Exceptions->errorHandler()
 2 APPPATH/Controllers/Api.php(147): App\Models\Engine->getBillToSynch()
 3 SYSTEMPATH/CodeIgniter.php(896): App\Controllers\Api->postbillpayment()
 4 SYSTEMPATH/CodeIgniter.php(466): CodeIgniter\CodeIgniter->runController()
 5 SYSTEMPATH/CodeIgniter.php(349): CodeIgniter\CodeIgniter->handleRequest()
 6 FCPATH/index.php(57): CodeIgniter\CodeIgniter->run()
CRITICAL - 2024-07-29 10:36:01 --> Undefined variable $payArray
in APPPATH/Models/Engine.php on line 2230.
 1 APPPATH/Models/Engine.php(2230): CodeIgniter\Debug\Exceptions->errorHandler()
 2 APPPATH/Controllers/Api.php(147): App\Models\Engine->getBillToSynch()
 3 SYSTEMPATH/CodeIgniter.php(896): App\Controllers\Api->postbillpayment()
 4 SYSTEMPATH/CodeIgniter.php(466): CodeIgniter\CodeIgniter->runController()
 5 SYSTEMPATH/CodeIgniter.php(349): CodeIgniter\CodeIgniter->handleRequest()
 6 FCPATH/index.php(57): CodeIgniter\CodeIgniter->run()
CRITICAL - 2024-07-29 10:37:01 --> Undefined variable $payArray
in APPPATH/Models/Engine.php on line 2230.
 1 APPPATH/Models/Engine.php(2230): CodeIgniter\Debug\Exceptions->errorHandler()
 2 APPPATH/Controllers/Api.php(147): App\Models\Engine->getBillToSynch()
 3 SYSTEMPATH/CodeIgniter.php(896): App\Controllers\Api->postbillpayment()
 4 SYSTEMPATH/CodeIgniter.php(466): CodeIgniter\CodeIgniter->runController()
 5 SYSTEMPATH/CodeIgniter.php(349): CodeIgniter\CodeIgniter->handleRequest()
 6 FCPATH/index.php(57): CodeIgniter\CodeIgniter->run()
CRITICAL - 2024-07-29 10:38:01 --> Undefined variable $payArray
in APPPATH/Models/Engine.php on line 2230.
 1 APPPATH/Models/Engine.php(2230): CodeIgniter\Debug\Exceptions->errorHandler()
 2 APPPATH/Controllers/Api.php(147): App\Models\Engine->getBillToSynch()
 3 SYSTEMPATH/CodeIgniter.php(896): App\Controllers\Api->postbillpayment()
 4 SYSTEMPATH/CodeIgniter.php(466): CodeIgniter\CodeIgniter->runController()
 5 SYSTEMPATH/CodeIgniter.php(349): CodeIgniter\CodeIgniter->handleRequest()
 6 FCPATH/index.php(57): CodeIgniter\CodeIgniter->run()
CRITICAL - 2024-07-29 10:39:01 --> Undefined variable $payArray
in APPPATH/Models/Engine.php on line 2230.
 1 APPPATH/Models/Engine.php(2230): CodeIgniter\Debug\Exceptions->errorHandler()
 2 APPPATH/Controllers/Api.php(147): App\Models\Engine->getBillToSynch()
 3 SYSTEMPATH/CodeIgniter.php(896): App\Controllers\Api->postbillpayment()
 4 SYSTEMPATH/CodeIgniter.php(466): CodeIgniter\CodeIgniter->runController()
 5 SYSTEMPATH/CodeIgniter.php(349): CodeIgniter\CodeIgniter->handleRequest()
 6 FCPATH/index.php(57): CodeIgniter\CodeIgniter->run()
CRITICAL - 2024-07-29 10:40:01 --> Undefined variable $payArray
in APPPATH/Models/Engine.php on line 2230.
 1 APPPATH/Models/Engine.php(2230): CodeIgniter\Debug\Exceptions->errorHandler()
 2 APPPATH/Controllers/Api.php(147): App\Models\Engine->getBillToSynch()
 3 SYSTEMPATH/CodeIgniter.php(896): App\Controllers\Api->postbillpayment()
 4 SYSTEMPATH/CodeIgniter.php(466): CodeIgniter\CodeIgniter->runController()
 5 SYSTEMPATH/CodeIgniter.php(349): CodeIgniter\CodeIgniter->handleRequest()
 6 FCPATH/index.php(57): CodeIgniter\CodeIgniter->run()
CRITICAL - 2024-07-29 10:41:01 --> Undefined variable $payArray
in APPPATH/Models/Engine.php on line 2230.
 1 APPPATH/Models/Engine.php(2230): CodeIgniter\Debug\Exceptions->errorHandler()
 2 APPPATH/Controllers/Api.php(147): App\Models\Engine->getBillToSynch()
 3 SYSTEMPATH/CodeIgniter.php(896): App\Controllers\Api->postbillpayment()
 4 SYSTEMPATH/CodeIgniter.php(466): CodeIgniter\CodeIgniter->runController()
 5 SYSTEMPATH/CodeIgniter.php(349): CodeIgniter\CodeIgniter->handleRequest()
 6 FCPATH/index.php(57): CodeIgniter\CodeIgniter->run()
CRITICAL - 2024-07-29 10:42:01 --> Undefined variable $payArray
in APPPATH/Models/Engine.php on line 2230.
 1 APPPATH/Models/Engine.php(2230): CodeIgniter\Debug\Exceptions->errorHandler()
 2 APPPATH/Controllers/Api.php(147): App\Models\Engine->getBillToSynch()
 3 SYSTEMPATH/CodeIgniter.php(896): App\Controllers\Api->postbillpayment()
 4 SYSTEMPATH/CodeIgniter.php(466): CodeIgniter\CodeIgniter->runController()
 5 SYSTEMPATH/CodeIgniter.php(349): CodeIgniter\CodeIgniter->handleRequest()
 6 FCPATH/index.php(57): CodeIgniter\CodeIgniter->run()
CRITICAL - 2024-07-29 10:43:01 --> Undefined variable $payArray
in APPPATH/Models/Engine.php on line 2230.
 1 APPPATH/Models/Engine.php(2230): CodeIgniter\Debug\Exceptions->errorHandler()
 2 APPPATH/Controllers/Api.php(147): App\Models\Engine->getBillToSynch()
 3 SYSTEMPATH/CodeIgniter.php(896): App\Controllers\Api->postbillpayment()
 4 SYSTEMPATH/CodeIgniter.php(466): CodeIgniter\CodeIgniter->runController()
 5 SYSTEMPATH/CodeIgniter.php(349): CodeIgniter\CodeIgniter->handleRequest()
 6 FCPATH/index.php(57): CodeIgniter\CodeIgniter->run()
CRITICAL - 2024-07-29 10:44:01 --> Undefined variable $payArray
in APPPATH/Models/Engine.php on line 2230.
 1 APPPATH/Models/Engine.php(2230): CodeIgniter\Debug\Exceptions->errorHandler()
 2 APPPATH/Controllers/Api.php(147): App\Models\Engine->getBillToSynch()
 3 SYSTEMPATH/CodeIgniter.php(896): App\Controllers\Api->postbillpayment()
 4 SYSTEMPATH/CodeIgniter.php(466): CodeIgniter\CodeIgniter->runController()
 5 SYSTEMPATH/CodeIgniter.php(349): CodeIgniter\CodeIgniter->handleRequest()
 6 FCPATH/index.php(57): CodeIgniter\CodeIgniter->run()
CRITICAL - 2024-07-29 10:45:01 --> Undefined variable $payArray
in APPPATH/Models/Engine.php on line 2230.
 1 APPPATH/Models/Engine.php(2230): CodeIgniter\Debug\Exceptions->errorHandler()
 2 APPPATH/Controllers/Api.php(147): App\Models\Engine->getBillToSynch()
 3 SYSTEMPATH/CodeIgniter.php(896): App\Controllers\Api->postbillpayment()
 4 SYSTEMPATH/CodeIgniter.php(466): CodeIgniter\CodeIgniter->runController()
 5 SYSTEMPATH/CodeIgniter.php(349): CodeIgniter\CodeIgniter->handleRequest()
 6 FCPATH/index.php(57): CodeIgniter\CodeIgniter->run()
CRITICAL - 2024-07-29 10:46:01 --> Undefined variable $payArray
in APPPATH/Models/Engine.php on line 2230.
 1 APPPATH/Models/Engine.php(2230): CodeIgniter\Debug\Exceptions->errorHandler()
 2 APPPATH/Controllers/Api.php(147): App\Models\Engine->getBillToSynch()
 3 SYSTEMPATH/CodeIgniter.php(896): App\Controllers\Api->postbillpayment()
 4 SYSTEMPATH/CodeIgniter.php(466): CodeIgniter\CodeIgniter->runController()
 5 SYSTEMPATH/CodeIgniter.php(349): CodeIgniter\CodeIgniter->handleRequest()
 6 FCPATH/index.php(57): CodeIgniter\CodeIgniter->run()
CRITICAL - 2024-07-29 10:47:01 --> Undefined variable $payArray
in APPPATH/Models/Engine.php on line 2230.
 1 APPPATH/Models/Engine.php(2230): CodeIgniter\Debug\Exceptions->errorHandler()
 2 APPPATH/Controllers/Api.php(147): App\Models\Engine->getBillToSynch()
 3 SYSTEMPATH/CodeIgniter.php(896): App\Controllers\Api->postbillpayment()
 4 SYSTEMPATH/CodeIgniter.php(466): CodeIgniter\CodeIgniter->runController()
 5 SYSTEMPATH/CodeIgniter.php(349): CodeIgniter\CodeIgniter->handleRequest()
 6 FCPATH/index.php(57): CodeIgniter\CodeIgniter->run()
CRITICAL - 2024-07-29 10:48:01 --> Undefined variable $payArray
in APPPATH/Models/Engine.php on line 2230.
 1 APPPATH/Models/Engine.php(2230): CodeIgniter\Debug\Exceptions->errorHandler()
 2 APPPATH/Controllers/Api.php(147): App\Models\Engine->getBillToSynch()
 3 SYSTEMPATH/CodeIgniter.php(896): App\Controllers\Api->postbillpayment()
 4 SYSTEMPATH/CodeIgniter.php(466): CodeIgniter\CodeIgniter->runController()
 5 SYSTEMPATH/CodeIgniter.php(349): CodeIgniter\CodeIgniter->handleRequest()
 6 FCPATH/index.php(57): CodeIgniter\CodeIgniter->run()
CRITICAL - 2024-07-29 10:49:02 --> Undefined variable $payArray
in APPPATH/Models/Engine.php on line 2230.
 1 APPPATH/Models/Engine.php(2230): CodeIgniter\Debug\Exceptions->errorHandler()
 2 APPPATH/Controllers/Api.php(147): App\Models\Engine->getBillToSynch()
 3 SYSTEMPATH/CodeIgniter.php(896): App\Controllers\Api->postbillpayment()
 4 SYSTEMPATH/CodeIgniter.php(466): CodeIgniter\CodeIgniter->runController()
 5 SYSTEMPATH/CodeIgniter.php(349): CodeIgniter\CodeIgniter->handleRequest()
 6 FCPATH/index.php(57): CodeIgniter\CodeIgniter->run()
CRITICAL - 2024-07-29 10:50:01 --> Undefined variable $payArray
in APPPATH/Models/Engine.php on line 2230.
 1 APPPATH/Models/Engine.php(2230): CodeIgniter\Debug\Exceptions->errorHandler()
 2 APPPATH/Controllers/Api.php(147): App\Models\Engine->getBillToSynch()
 3 SYSTEMPATH/CodeIgniter.php(896): App\Controllers\Api->postbillpayment()
 4 SYSTEMPATH/CodeIgniter.php(466): CodeIgniter\CodeIgniter->runController()
 5 SYSTEMPATH/CodeIgniter.php(349): CodeIgniter\CodeIgniter->handleRequest()
 6 FCPATH/index.php(57): CodeIgniter\CodeIgniter->run()
CRITICAL - 2024-07-29 10:51:01 --> Undefined variable $payArray
in APPPATH/Models/Engine.php on line 2230.
 1 APPPATH/Models/Engine.php(2230): CodeIgniter\Debug\Exceptions->errorHandler()
 2 APPPATH/Controllers/Api.php(147): App\Models\Engine->getBillToSynch()
 3 SYSTEMPATH/CodeIgniter.php(896): App\Controllers\Api->postbillpayment()
 4 SYSTEMPATH/CodeIgniter.php(466): CodeIgniter\CodeIgniter->runController()
 5 SYSTEMPATH/CodeIgniter.php(349): CodeIgniter\CodeIgniter->handleRequest()
 6 FCPATH/index.php(57): CodeIgniter\CodeIgniter->run()
CRITICAL - 2024-07-29 10:52:01 --> Undefined variable $payArray
in APPPATH/Models/Engine.php on line 2230.
 1 APPPATH/Models/Engine.php(2230): CodeIgniter\Debug\Exceptions->errorHandler()
 2 APPPATH/Controllers/Api.php(147): App\Models\Engine->getBillToSynch()
 3 SYSTEMPATH/CodeIgniter.php(896): App\Controllers\Api->postbillpayment()
 4 SYSTEMPATH/CodeIgniter.php(466): CodeIgniter\CodeIgniter->runController()
 5 SYSTEMPATH/CodeIgniter.php(349): CodeIgniter\CodeIgniter->handleRequest()
 6 FCPATH/index.php(57): CodeIgniter\CodeIgniter->run()
CRITICAL - 2024-07-29 10:53:01 --> Undefined variable $payArray
in APPPATH/Models/Engine.php on line 2230.
 1 APPPATH/Models/Engine.php(2230): CodeIgniter\Debug\Exceptions->errorHandler()
 2 APPPATH/Controllers/Api.php(147): App\Models\Engine->getBillToSynch()
 3 SYSTEMPATH/CodeIgniter.php(896): App\Controllers\Api->postbillpayment()
 4 SYSTEMPATH/CodeIgniter.php(466): CodeIgniter\CodeIgniter->runController()
 5 SYSTEMPATH/CodeIgniter.php(349): CodeIgniter\CodeIgniter->handleRequest()
 6 FCPATH/index.php(57): CodeIgniter\CodeIgniter->run()
CRITICAL - 2024-07-29 10:54:01 --> Undefined variable $payArray
in APPPATH/Models/Engine.php on line 2230.
 1 APPPATH/Models/Engine.php(2230): CodeIgniter\Debug\Exceptions->errorHandler()
 2 APPPATH/Controllers/Api.php(147): App\Models\Engine->getBillToSynch()
 3 SYSTEMPATH/CodeIgniter.php(896): App\Controllers\Api->postbillpayment()
 4 SYSTEMPATH/CodeIgniter.php(466): CodeIgniter\CodeIgniter->runController()
 5 SYSTEMPATH/CodeIgniter.php(349): CodeIgniter\CodeIgniter->handleRequest()
 6 FCPATH/index.php(57): CodeIgniter\CodeIgniter->run()
CRITICAL - 2024-07-29 10:55:01 --> Undefined variable $payArray
in APPPATH/Models/Engine.php on line 2230.
 1 APPPATH/Models/Engine.php(2230): CodeIgniter\Debug\Exceptions->errorHandler()
 2 APPPATH/Controllers/Api.php(147): App\Models\Engine->getBillToSynch()
 3 SYSTEMPATH/CodeIgniter.php(896): App\Controllers\Api->postbillpayment()
 4 SYSTEMPATH/CodeIgniter.php(466): CodeIgniter\CodeIgniter->runController()
 5 SYSTEMPATH/CodeIgniter.php(349): CodeIgniter\CodeIgniter->handleRequest()
 6 FCPATH/index.php(57): CodeIgniter\CodeIgniter->run()
CRITICAL - 2024-07-29 10:56:01 --> Undefined variable $payArray
in APPPATH/Models/Engine.php on line 2230.
 1 APPPATH/Models/Engine.php(2230): CodeIgniter\Debug\Exceptions->errorHandler()
 2 APPPATH/Controllers/Api.php(147): App\Models\Engine->getBillToSynch()
 3 SYSTEMPATH/CodeIgniter.php(896): App\Controllers\Api->postbillpayment()
 4 SYSTEMPATH/CodeIgniter.php(466): CodeIgniter\CodeIgniter->runController()
 5 SYSTEMPATH/CodeIgniter.php(349): CodeIgniter\CodeIgniter->handleRequest()
 6 FCPATH/index.php(57): CodeIgniter\CodeIgniter->run()
CRITICAL - 2024-07-29 10:57:01 --> Undefined variable $payArray
in APPPATH/Models/Engine.php on line 2230.
 1 APPPATH/Models/Engine.php(2230): CodeIgniter\Debug\Exceptions->errorHandler()
 2 APPPATH/Controllers/Api.php(147): App\Models\Engine->getBillToSynch()
 3 SYSTEMPATH/CodeIgniter.php(896): App\Controllers\Api->postbillpayment()
 4 SYSTEMPATH/CodeIgniter.php(466): CodeIgniter\CodeIgniter->runController()
 5 SYSTEMPATH/CodeIgniter.php(349): CodeIgniter\CodeIgniter->handleRequest()
 6 FCPATH/index.php(57): CodeIgniter\CodeIgniter->run()
CRITICAL - 2024-07-29 10:58:01 --> Undefined variable $payArray
in APPPATH/Models/Engine.php on line 2230.
 1 APPPATH/Models/Engine.php(2230): CodeIgniter\Debug\Exceptions->errorHandler()
 2 APPPATH/Controllers/Api.php(147): App\Models\Engine->getBillToSynch()
 3 SYSTEMPATH/CodeIgniter.php(896): App\Controllers\Api->postbillpayment()
 4 SYSTEMPATH/CodeIgniter.php(466): CodeIgniter\CodeIgniter->runController()
 5 SYSTEMPATH/CodeIgniter.php(349): CodeIgniter\CodeIgniter->handleRequest()
 6 FCPATH/index.php(57): CodeIgniter\CodeIgniter->run()
CRITICAL - 2024-07-29 10:59:01 --> Undefined variable $payArray
in APPPATH/Models/Engine.php on line 2230.
 1 APPPATH/Models/Engine.php(2230): CodeIgniter\Debug\Exceptions->errorHandler()
 2 APPPATH/Controllers/Api.php(147): App\Models\Engine->getBillToSynch()
 3 SYSTEMPATH/CodeIgniter.php(896): App\Controllers\Api->postbillpayment()
 4 SYSTEMPATH/CodeIgniter.php(466): CodeIgniter\CodeIgniter->runController()
 5 SYSTEMPATH/CodeIgniter.php(349): CodeIgniter\CodeIgniter->handleRequest()
 6 FCPATH/index.php(57): CodeIgniter\CodeIgniter->run()
CRITICAL - 2024-07-29 11:00:01 --> Undefined variable $payArray
in APPPATH/Models/Engine.php on line 2230.
 1 APPPATH/Models/Engine.php(2230): CodeIgniter\Debug\Exceptions->errorHandler()
 2 APPPATH/Controllers/Api.php(147): App\Models\Engine->getBillToSynch()
 3 SYSTEMPATH/CodeIgniter.php(896): App\Controllers\Api->postbillpayment()
 4 SYSTEMPATH/CodeIgniter.php(466): CodeIgniter\CodeIgniter->runController()
 5 SYSTEMPATH/CodeIgniter.php(349): CodeIgniter\CodeIgniter->handleRequest()
 6 FCPATH/index.php(57): CodeIgniter\CodeIgniter->run()
CRITICAL - 2024-07-29 11:01:01 --> Undefined variable $payArray
in APPPATH/Models/Engine.php on line 2230.
 1 APPPATH/Models/Engine.php(2230): CodeIgniter\Debug\Exceptions->errorHandler()
 2 APPPATH/Controllers/Api.php(147): App\Models\Engine->getBillToSynch()
 3 SYSTEMPATH/CodeIgniter.php(896): App\Controllers\Api->postbillpayment()
 4 SYSTEMPATH/CodeIgniter.php(466): CodeIgniter\CodeIgniter->runController()
 5 SYSTEMPATH/CodeIgniter.php(349): CodeIgniter\CodeIgniter->handleRequest()
 6 FCPATH/index.php(57): CodeIgniter\CodeIgniter->run()
CRITICAL - 2024-07-29 11:02:01 --> Undefined variable $payArray
in APPPATH/Models/Engine.php on line 2230.
 1 APPPATH/Models/Engine.php(2230): CodeIgniter\Debug\Exceptions->errorHandler()
 2 APPPATH/Controllers/Api.php(147): App\Models\Engine->getBillToSynch()
 3 SYSTEMPATH/CodeIgniter.php(896): App\Controllers\Api->postbillpayment()
 4 SYSTEMPATH/CodeIgniter.php(466): CodeIgniter\CodeIgniter->runController()
 5 SYSTEMPATH/CodeIgniter.php(349): CodeIgniter\CodeIgniter->handleRequest()
 6 FCPATH/index.php(57): CodeIgniter\CodeIgniter->run()
CRITICAL - 2024-07-29 11:03:01 --> Undefined variable $payArray
in APPPATH/Models/Engine.php on line 2230.
 1 APPPATH/Models/Engine.php(2230): CodeIgniter\Debug\Exceptions->errorHandler()
 2 APPPATH/Controllers/Api.php(147): App\Models\Engine->getBillToSynch()
 3 SYSTEMPATH/CodeIgniter.php(896): App\Controllers\Api->postbillpayment()
 4 SYSTEMPATH/CodeIgniter.php(466): CodeIgniter\CodeIgniter->runController()
 5 SYSTEMPATH/CodeIgniter.php(349): CodeIgniter\CodeIgniter->handleRequest()
 6 FCPATH/index.php(57): CodeIgniter\CodeIgniter->run()
CRITICAL - 2024-07-29 11:04:01 --> Undefined variable $payArray
in APPPATH/Models/Engine.php on line 2230.
 1 APPPATH/Models/Engine.php(2230): CodeIgniter\Debug\Exceptions->errorHandler()
 2 APPPATH/Controllers/Api.php(147): App\Models\Engine->getBillToSynch()
 3 SYSTEMPATH/CodeIgniter.php(896): App\Controllers\Api->postbillpayment()
 4 SYSTEMPATH/CodeIgniter.php(466): CodeIgniter\CodeIgniter->runController()
 5 SYSTEMPATH/CodeIgniter.php(349): CodeIgniter\CodeIgniter->handleRequest()
 6 FCPATH/index.php(57): CodeIgniter\CodeIgniter->run()
CRITICAL - 2024-07-29 11:05:01 --> Undefined variable $payArray
in APPPATH/Models/Engine.php on line 2230.
 1 APPPATH/Models/Engine.php(2230): CodeIgniter\Debug\Exceptions->errorHandler()
 2 APPPATH/Controllers/Api.php(147): App\Models\Engine->getBillToSynch()
 3 SYSTEMPATH/CodeIgniter.php(896): App\Controllers\Api->postbillpayment()
 4 SYSTEMPATH/CodeIgniter.php(466): CodeIgniter\CodeIgniter->runController()
 5 SYSTEMPATH/CodeIgniter.php(349): CodeIgniter\CodeIgniter->handleRequest()
 6 FCPATH/index.php(57): CodeIgniter\CodeIgniter->run()
CRITICAL - 2024-07-29 11:06:01 --> Undefined variable $payArray
in APPPATH/Models/Engine.php on line 2230.
 1 APPPATH/Models/Engine.php(2230): CodeIgniter\Debug\Exceptions->errorHandler()
 2 APPPATH/Controllers/Api.php(147): App\Models\Engine->getBillToSynch()
 3 SYSTEMPATH/CodeIgniter.php(896): App\Controllers\Api->postbillpayment()
 4 SYSTEMPATH/CodeIgniter.php(466): CodeIgniter\CodeIgniter->runController()
 5 SYSTEMPATH/CodeIgniter.php(349): CodeIgniter\CodeIgniter->handleRequest()
 6 FCPATH/index.php(57): CodeIgniter\CodeIgniter->run()
CRITICAL - 2024-07-29 11:07:01 --> Undefined variable $payArray
in APPPATH/Models/Engine.php on line 2230.
 1 APPPATH/Models/Engine.php(2230): CodeIgniter\Debug\Exceptions->errorHandler()
 2 APPPATH/Controllers/Api.php(147): App\Models\Engine->getBillToSynch()
 3 SYSTEMPATH/CodeIgniter.php(896): App\Controllers\Api->postbillpayment()
 4 SYSTEMPATH/CodeIgniter.php(466): CodeIgniter\CodeIgniter->runController()
 5 SYSTEMPATH/CodeIgniter.php(349): CodeIgniter\CodeIgniter->handleRequest()
 6 FCPATH/index.php(57): CodeIgniter\CodeIgniter->run()
CRITICAL - 2024-07-29 11:08:01 --> Undefined variable $payArray
in APPPATH/Models/Engine.php on line 2230.
 1 APPPATH/Models/Engine.php(2230): CodeIgniter\Debug\Exceptions->errorHandler()
 2 APPPATH/Controllers/Api.php(147): App\Models\Engine->getBillToSynch()
 3 SYSTEMPATH/CodeIgniter.php(896): App\Controllers\Api->postbillpayment()
 4 SYSTEMPATH/CodeIgniter.php(466): CodeIgniter\CodeIgniter->runController()
 5 SYSTEMPATH/CodeIgniter.php(349): CodeIgniter\CodeIgniter->handleRequest()
 6 FCPATH/index.php(57): CodeIgniter\CodeIgniter->run()
CRITICAL - 2024-07-29 11:09:01 --> Undefined variable $payArray
in APPPATH/Models/Engine.php on line 2230.
 1 APPPATH/Models/Engine.php(2230): CodeIgniter\Debug\Exceptions->errorHandler()
 2 APPPATH/Controllers/Api.php(147): App\Models\Engine->getBillToSynch()
 3 SYSTEMPATH/CodeIgniter.php(896): App\Controllers\Api->postbillpayment()
 4 SYSTEMPATH/CodeIgniter.php(466): CodeIgniter\CodeIgniter->runController()
 5 SYSTEMPATH/CodeIgniter.php(349): CodeIgniter\CodeIgniter->handleRequest()
 6 FCPATH/index.php(57): CodeIgniter\CodeIgniter->run()
CRITICAL - 2024-07-29 11:10:01 --> Undefined variable $payArray
in APPPATH/Models/Engine.php on line 2230.
 1 APPPATH/Models/Engine.php(2230): CodeIgniter\Debug\Exceptions->errorHandler()
 2 APPPATH/Controllers/Api.php(147): App\Models\Engine->getBillToSynch()
 3 SYSTEMPATH/CodeIgniter.php(896): App\Controllers\Api->postbillpayment()
 4 SYSTEMPATH/CodeIgniter.php(466): CodeIgniter\CodeIgniter->runController()
 5 SYSTEMPATH/CodeIgniter.php(349): CodeIgniter\CodeIgniter->handleRequest()
 6 FCPATH/index.php(57): CodeIgniter\CodeIgniter->run()
CRITICAL - 2024-07-29 11:11:01 --> Undefined variable $payArray
in APPPATH/Models/Engine.php on line 2230.
 1 APPPATH/Models/Engine.php(2230): CodeIgniter\Debug\Exceptions->errorHandler()
 2 APPPATH/Controllers/Api.php(147): App\Models\Engine->getBillToSynch()
 3 SYSTEMPATH/CodeIgniter.php(896): App\Controllers\Api->postbillpayment()
 4 SYSTEMPATH/CodeIgniter.php(466): CodeIgniter\CodeIgniter->runController()
 5 SYSTEMPATH/CodeIgniter.php(349): CodeIgniter\CodeIgniter->handleRequest()
 6 FCPATH/index.php(57): CodeIgniter\CodeIgniter->run()
CRITICAL - 2024-07-29 11:12:01 --> Undefined variable $payArray
in APPPATH/Models/Engine.php on line 2230.
 1 APPPATH/Models/Engine.php(2230): CodeIgniter\Debug\Exceptions->errorHandler()
 2 APPPATH/Controllers/Api.php(147): App\Models\Engine->getBillToSynch()
 3 SYSTEMPATH/CodeIgniter.php(896): App\Controllers\Api->postbillpayment()
 4 SYSTEMPATH/CodeIgniter.php(466): CodeIgniter\CodeIgniter->runController()
 5 SYSTEMPATH/CodeIgniter.php(349): CodeIgniter\CodeIgniter->handleRequest()
 6 FCPATH/index.php(57): CodeIgniter\CodeIgniter->run()
CRITICAL - 2024-07-29 11:13:01 --> Undefined variable $payArray
in APPPATH/Models/Engine.php on line 2230.
 1 APPPATH/Models/Engine.php(2230): CodeIgniter\Debug\Exceptions->errorHandler()
 2 APPPATH/Controllers/Api.php(147): App\Models\Engine->getBillToSynch()
 3 SYSTEMPATH/CodeIgniter.php(896): App\Controllers\Api->postbillpayment()
 4 SYSTEMPATH/CodeIgniter.php(466): CodeIgniter\CodeIgniter->runController()
 5 SYSTEMPATH/CodeIgniter.php(349): CodeIgniter\CodeIgniter->handleRequest()
 6 FCPATH/index.php(57): CodeIgniter\CodeIgniter->run()
CRITICAL - 2024-07-29 11:14:01 --> Undefined variable $payArray
in APPPATH/Models/Engine.php on line 2230.
 1 APPPATH/Models/Engine.php(2230): CodeIgniter\Debug\Exceptions->errorHandler()
 2 APPPATH/Controllers/Api.php(147): App\Models\Engine->getBillToSynch()
 3 SYSTEMPATH/CodeIgniter.php(896): App\Controllers\Api->postbillpayment()
 4 SYSTEMPATH/CodeIgniter.php(466): CodeIgniter\CodeIgniter->runController()
 5 SYSTEMPATH/CodeIgniter.php(349): CodeIgniter\CodeIgniter->handleRequest()
 6 FCPATH/index.php(57): CodeIgniter\CodeIgniter->run()
CRITICAL - 2024-07-29 11:15:01 --> Undefined variable $payArray
in APPPATH/Models/Engine.php on line 2230.
 1 APPPATH/Models/Engine.php(2230): CodeIgniter\Debug\Exceptions->errorHandler()
 2 APPPATH/Controllers/Api.php(147): App\Models\Engine->getBillToSynch()
 3 SYSTEMPATH/CodeIgniter.php(896): App\Controllers\Api->postbillpayment()
 4 SYSTEMPATH/CodeIgniter.php(466): CodeIgniter\CodeIgniter->runController()
 5 SYSTEMPATH/CodeIgniter.php(349): CodeIgniter\CodeIgniter->handleRequest()
 6 FCPATH/index.php(57): CodeIgniter\CodeIgniter->run()
CRITICAL - 2024-07-29 11:16:01 --> Undefined variable $payArray
in APPPATH/Models/Engine.php on line 2230.
 1 APPPATH/Models/Engine.php(2230): CodeIgniter\Debug\Exceptions->errorHandler()
 2 APPPATH/Controllers/Api.php(147): App\Models\Engine->getBillToSynch()
 3 SYSTEMPATH/CodeIgniter.php(896): App\Controllers\Api->postbillpayment()
 4 SYSTEMPATH/CodeIgniter.php(466): CodeIgniter\CodeIgniter->runController()
 5 SYSTEMPATH/CodeIgniter.php(349): CodeIgniter\CodeIgniter->handleRequest()
 6 FCPATH/index.php(57): CodeIgniter\CodeIgniter->run()
CRITICAL - 2024-07-29 11:17:01 --> Undefined variable $payArray
in APPPATH/Models/Engine.php on line 2230.
 1 APPPATH/Models/Engine.php(2230): CodeIgniter\Debug\Exceptions->errorHandler()
 2 APPPATH/Controllers/Api.php(147): App\Models\Engine->getBillToSynch()
 3 SYSTEMPATH/CodeIgniter.php(896): App\Controllers\Api->postbillpayment()
 4 SYSTEMPATH/CodeIgniter.php(466): CodeIgniter\CodeIgniter->runController()
 5 SYSTEMPATH/CodeIgniter.php(349): CodeIgniter\CodeIgniter->handleRequest()
 6 FCPATH/index.php(57): CodeIgniter\CodeIgniter->run()
CRITICAL - 2024-07-29 11:18:01 --> Undefined variable $payArray
in APPPATH/Models/Engine.php on line 2230.
 1 APPPATH/Models/Engine.php(2230): CodeIgniter\Debug\Exceptions->errorHandler()
 2 APPPATH/Controllers/Api.php(147): App\Models\Engine->getBillToSynch()
 3 SYSTEMPATH/CodeIgniter.php(896): App\Controllers\Api->postbillpayment()
 4 SYSTEMPATH/CodeIgniter.php(466): CodeIgniter\CodeIgniter->runController()
 5 SYSTEMPATH/CodeIgniter.php(349): CodeIgniter\CodeIgniter->handleRequest()
 6 FCPATH/index.php(57): CodeIgniter\CodeIgniter->run()
CRITICAL - 2024-07-29 11:19:01 --> Undefined variable $payArray
in APPPATH/Models/Engine.php on line 2230.
 1 APPPATH/Models/Engine.php(2230): CodeIgniter\Debug\Exceptions->errorHandler()
 2 APPPATH/Controllers/Api.php(147): App\Models\Engine->getBillToSynch()
 3 SYSTEMPATH/CodeIgniter.php(896): App\Controllers\Api->postbillpayment()
 4 SYSTEMPATH/CodeIgniter.php(466): CodeIgniter\CodeIgniter->runController()
 5 SYSTEMPATH/CodeIgniter.php(349): CodeIgniter\CodeIgniter->handleRequest()
 6 FCPATH/index.php(57): CodeIgniter\CodeIgniter->run()
CRITICAL - 2024-07-29 11:20:01 --> Undefined variable $payArray
in APPPATH/Models/Engine.php on line 2230.
 1 APPPATH/Models/Engine.php(2230): CodeIgniter\Debug\Exceptions->errorHandler()
 2 APPPATH/Controllers/Api.php(147): App\Models\Engine->getBillToSynch()
 3 SYSTEMPATH/CodeIgniter.php(896): App\Controllers\Api->postbillpayment()
 4 SYSTEMPATH/CodeIgniter.php(466): CodeIgniter\CodeIgniter->runController()
 5 SYSTEMPATH/CodeIgniter.php(349): CodeIgniter\CodeIgniter->handleRequest()
 6 FCPATH/index.php(57): CodeIgniter\CodeIgniter->run()
CRITICAL - 2024-07-29 11:21:01 --> Undefined variable $payArray
in APPPATH/Models/Engine.php on line 2230.
 1 APPPATH/Models/Engine.php(2230): CodeIgniter\Debug\Exceptions->errorHandler()
 2 APPPATH/Controllers/Api.php(147): App\Models\Engine->getBillToSynch()
 3 SYSTEMPATH/CodeIgniter.php(896): App\Controllers\Api->postbillpayment()
 4 SYSTEMPATH/CodeIgniter.php(466): CodeIgniter\CodeIgniter->runController()
 5 SYSTEMPATH/CodeIgniter.php(349): CodeIgniter\CodeIgniter->handleRequest()
 6 FCPATH/index.php(57): CodeIgniter\CodeIgniter->run()
CRITICAL - 2024-07-29 11:22:01 --> Undefined variable $payArray
in APPPATH/Models/Engine.php on line 2230.
 1 APPPATH/Models/Engine.php(2230): CodeIgniter\Debug\Exceptions->errorHandler()
 2 APPPATH/Controllers/Api.php(147): App\Models\Engine->getBillToSynch()
 3 SYSTEMPATH/CodeIgniter.php(896): App\Controllers\Api->postbillpayment()
 4 SYSTEMPATH/CodeIgniter.php(466): CodeIgniter\CodeIgniter->runController()
 5 SYSTEMPATH/CodeIgniter.php(349): CodeIgniter\CodeIgniter->handleRequest()
 6 FCPATH/index.php(57): CodeIgniter\CodeIgniter->run()
CRITICAL - 2024-07-29 11:23:01 --> Undefined variable $payArray
in APPPATH/Models/Engine.php on line 2230.
 1 APPPATH/Models/Engine.php(2230): CodeIgniter\Debug\Exceptions->errorHandler()
 2 APPPATH/Controllers/Api.php(147): App\Models\Engine->getBillToSynch()
 3 SYSTEMPATH/CodeIgniter.php(896): App\Controllers\Api->postbillpayment()
 4 SYSTEMPATH/CodeIgniter.php(466): CodeIgniter\CodeIgniter->runController()
 5 SYSTEMPATH/CodeIgniter.php(349): CodeIgniter\CodeIgniter->handleRequest()
 6 FCPATH/index.php(57): CodeIgniter\CodeIgniter->run()
CRITICAL - 2024-07-29 11:24:01 --> Undefined variable $payArray
in APPPATH/Models/Engine.php on line 2230.
 1 APPPATH/Models/Engine.php(2230): CodeIgniter\Debug\Exceptions->errorHandler()
 2 APPPATH/Controllers/Api.php(147): App\Models\Engine->getBillToSynch()
 3 SYSTEMPATH/CodeIgniter.php(896): App\Controllers\Api->postbillpayment()
 4 SYSTEMPATH/CodeIgniter.php(466): CodeIgniter\CodeIgniter->runController()
 5 SYSTEMPATH/CodeIgniter.php(349): CodeIgniter\CodeIgniter->handleRequest()
 6 FCPATH/index.php(57): CodeIgniter\CodeIgniter->run()
CRITICAL - 2024-07-29 11:25:01 --> Undefined variable $payArray
in APPPATH/Models/Engine.php on line 2230.
 1 APPPATH/Models/Engine.php(2230): CodeIgniter\Debug\Exceptions->errorHandler()
 2 APPPATH/Controllers/Api.php(147): App\Models\Engine->getBillToSynch()
 3 SYSTEMPATH/CodeIgniter.php(896): App\Controllers\Api->postbillpayment()
 4 SYSTEMPATH/CodeIgniter.php(466): CodeIgniter\CodeIgniter->runController()
 5 SYSTEMPATH/CodeIgniter.php(349): CodeIgniter\CodeIgniter->handleRequest()
 6 FCPATH/index.php(57): CodeIgniter\CodeIgniter->run()
CRITICAL - 2024-07-29 11:26:01 --> Undefined variable $payArray
in APPPATH/Models/Engine.php on line 2230.
 1 APPPATH/Models/Engine.php(2230): CodeIgniter\Debug\Exceptions->errorHandler()
 2 APPPATH/Controllers/Api.php(147): App\Models\Engine->getBillToSynch()
 3 SYSTEMPATH/CodeIgniter.php(896): App\Controllers\Api->postbillpayment()
 4 SYSTEMPATH/CodeIgniter.php(466): CodeIgniter\CodeIgniter->runController()
 5 SYSTEMPATH/CodeIgniter.php(349): CodeIgniter\CodeIgniter->handleRequest()
 6 FCPATH/index.php(57): CodeIgniter\CodeIgniter->run()
CRITICAL - 2024-07-29 11:27:01 --> Undefined variable $payArray
in APPPATH/Models/Engine.php on line 2230.
 1 APPPATH/Models/Engine.php(2230): CodeIgniter\Debug\Exceptions->errorHandler()
 2 APPPATH/Controllers/Api.php(147): App\Models\Engine->getBillToSynch()
 3 SYSTEMPATH/CodeIgniter.php(896): App\Controllers\Api->postbillpayment()
 4 SYSTEMPATH/CodeIgniter.php(466): CodeIgniter\CodeIgniter->runController()
 5 SYSTEMPATH/CodeIgniter.php(349): CodeIgniter\CodeIgniter->handleRequest()
 6 FCPATH/index.php(57): CodeIgniter\CodeIgniter->run()
CRITICAL - 2024-07-29 11:28:01 --> Undefined variable $payArray
in APPPATH/Models/Engine.php on line 2230.
 1 APPPATH/Models/Engine.php(2230): CodeIgniter\Debug\Exceptions->errorHandler()
 2 APPPATH/Controllers/Api.php(147): App\Models\Engine->getBillToSynch()
 3 SYSTEMPATH/CodeIgniter.php(896): App\Controllers\Api->postbillpayment()
 4 SYSTEMPATH/CodeIgniter.php(466): CodeIgniter\CodeIgniter->runController()
 5 SYSTEMPATH/CodeIgniter.php(349): CodeIgniter\CodeIgniter->handleRequest()
 6 FCPATH/index.php(57): CodeIgniter\CodeIgniter->run()
CRITICAL - 2024-07-29 11:29:01 --> Undefined variable $payArray
in APPPATH/Models/Engine.php on line 2230.
 1 APPPATH/Models/Engine.php(2230): CodeIgniter\Debug\Exceptions->errorHandler()
 2 APPPATH/Controllers/Api.php(147): App\Models\Engine->getBillToSynch()
 3 SYSTEMPATH/CodeIgniter.php(896): App\Controllers\Api->postbillpayment()
 4 SYSTEMPATH/CodeIgniter.php(466): CodeIgniter\CodeIgniter->runController()
 5 SYSTEMPATH/CodeIgniter.php(349): CodeIgniter\CodeIgniter->handleRequest()
 6 FCPATH/index.php(57): CodeIgniter\CodeIgniter->run()
CRITICAL - 2024-07-29 11:30:01 --> Undefined variable $payArray
in APPPATH/Models/Engine.php on line 2230.
 1 APPPATH/Models/Engine.php(2230): CodeIgniter\Debug\Exceptions->errorHandler()
 2 APPPATH/Controllers/Api.php(147): App\Models\Engine->getBillToSynch()
 3 SYSTEMPATH/CodeIgniter.php(896): App\Controllers\Api->postbillpayment()
 4 SYSTEMPATH/CodeIgniter.php(466): CodeIgniter\CodeIgniter->runController()
 5 SYSTEMPATH/CodeIgniter.php(349): CodeIgniter\CodeIgniter->handleRequest()
 6 FCPATH/index.php(57): CodeIgniter\CodeIgniter->run()
CRITICAL - 2024-07-29 11:31:01 --> Undefined variable $payArray
in APPPATH/Models/Engine.php on line 2230.
 1 APPPATH/Models/Engine.php(2230): CodeIgniter\Debug\Exceptions->errorHandler()
 2 APPPATH/Controllers/Api.php(147): App\Models\Engine->getBillToSynch()
 3 SYSTEMPATH/CodeIgniter.php(896): App\Controllers\Api->postbillpayment()
 4 SYSTEMPATH/CodeIgniter.php(466): CodeIgniter\CodeIgniter->runController()
 5 SYSTEMPATH/CodeIgniter.php(349): CodeIgniter\CodeIgniter->handleRequest()
 6 FCPATH/index.php(57): CodeIgniter\CodeIgniter->run()
CRITICAL - 2024-07-29 11:32:02 --> Undefined variable $payArray
in APPPATH/Models/Engine.php on line 2230.
 1 APPPATH/Models/Engine.php(2230): CodeIgniter\Debug\Exceptions->errorHandler()
 2 APPPATH/Controllers/Api.php(147): App\Models\Engine->getBillToSynch()
 3 SYSTEMPATH/CodeIgniter.php(896): App\Controllers\Api->postbillpayment()
 4 SYSTEMPATH/CodeIgniter.php(466): CodeIgniter\CodeIgniter->runController()
 5 SYSTEMPATH/CodeIgniter.php(349): CodeIgniter\CodeIgniter->handleRequest()
 6 FCPATH/index.php(57): CodeIgniter\CodeIgniter->run()
CRITICAL - 2024-07-29 11:33:01 --> Undefined variable $payArray
in APPPATH/Models/Engine.php on line 2230.
 1 APPPATH/Models/Engine.php(2230): CodeIgniter\Debug\Exceptions->errorHandler()
 2 APPPATH/Controllers/Api.php(147): App\Models\Engine->getBillToSynch()
 3 SYSTEMPATH/CodeIgniter.php(896): App\Controllers\Api->postbillpayment()
 4 SYSTEMPATH/CodeIgniter.php(466): CodeIgniter\CodeIgniter->runController()
 5 SYSTEMPATH/CodeIgniter.php(349): CodeIgniter\CodeIgniter->handleRequest()
 6 FCPATH/index.php(57): CodeIgniter\CodeIgniter->run()
CRITICAL - 2024-07-29 11:34:01 --> Undefined variable $payArray
in APPPATH/Models/Engine.php on line 2230.
 1 APPPATH/Models/Engine.php(2230): CodeIgniter\Debug\Exceptions->errorHandler()
 2 APPPATH/Controllers/Api.php(147): App\Models\Engine->getBillToSynch()
 3 SYSTEMPATH/CodeIgniter.php(896): App\Controllers\Api->postbillpayment()
 4 SYSTEMPATH/CodeIgniter.php(466): CodeIgniter\CodeIgniter->runController()
 5 SYSTEMPATH/CodeIgniter.php(349): CodeIgniter\CodeIgniter->handleRequest()
 6 FCPATH/index.php(57): CodeIgniter\CodeIgniter->run()
CRITICAL - 2024-07-29 11:35:01 --> Undefined variable $payArray
in APPPATH/Models/Engine.php on line 2230.
 1 APPPATH/Models/Engine.php(2230): CodeIgniter\Debug\Exceptions->errorHandler()
 2 APPPATH/Controllers/Api.php(147): App\Models\Engine->getBillToSynch()
 3 SYSTEMPATH/CodeIgniter.php(896): App\Controllers\Api->postbillpayment()
 4 SYSTEMPATH/CodeIgniter.php(466): CodeIgniter\CodeIgniter->runController()
 5 SYSTEMPATH/CodeIgniter.php(349): CodeIgniter\CodeIgniter->handleRequest()
 6 FCPATH/index.php(57): CodeIgniter\CodeIgniter->run()
CRITICAL - 2024-07-29 11:36:01 --> Undefined variable $payArray
in APPPATH/Models/Engine.php on line 2230.
 1 APPPATH/Models/Engine.php(2230): CodeIgniter\Debug\Exceptions->errorHandler()
 2 APPPATH/Controllers/Api.php(147): App\Models\Engine->getBillToSynch()
 3 SYSTEMPATH/CodeIgniter.php(896): App\Controllers\Api->postbillpayment()
 4 SYSTEMPATH/CodeIgniter.php(466): CodeIgniter\CodeIgniter->runController()
 5 SYSTEMPATH/CodeIgniter.php(349): CodeIgniter\CodeIgniter->handleRequest()
 6 FCPATH/index.php(57): CodeIgniter\CodeIgniter->run()
CRITICAL - 2024-07-29 11:37:01 --> Undefined variable $payArray
in APPPATH/Models/Engine.php on line 2230.
 1 APPPATH/Models/Engine.php(2230): CodeIgniter\Debug\Exceptions->errorHandler()
 2 APPPATH/Controllers/Api.php(147): App\Models\Engine->getBillToSynch()
 3 SYSTEMPATH/CodeIgniter.php(896): App\Controllers\Api->postbillpayment()
 4 SYSTEMPATH/CodeIgniter.php(466): CodeIgniter\CodeIgniter->runController()
 5 SYSTEMPATH/CodeIgniter.php(349): CodeIgniter\CodeIgniter->handleRequest()
 6 FCPATH/index.php(57): CodeIgniter\CodeIgniter->run()
CRITICAL - 2024-07-29 11:38:01 --> Undefined variable $payArray
in APPPATH/Models/Engine.php on line 2230.
 1 APPPATH/Models/Engine.php(2230): CodeIgniter\Debug\Exceptions->errorHandler()
 2 APPPATH/Controllers/Api.php(147): App\Models\Engine->getBillToSynch()
 3 SYSTEMPATH/CodeIgniter.php(896): App\Controllers\Api->postbillpayment()
 4 SYSTEMPATH/CodeIgniter.php(466): CodeIgniter\CodeIgniter->runController()
 5 SYSTEMPATH/CodeIgniter.php(349): CodeIgniter\CodeIgniter->handleRequest()
 6 FCPATH/index.php(57): CodeIgniter\CodeIgniter->run()
CRITICAL - 2024-07-29 11:39:01 --> Undefined variable $payArray
in APPPATH/Models/Engine.php on line 2230.
 1 APPPATH/Models/Engine.php(2230): CodeIgniter\Debug\Exceptions->errorHandler()
 2 APPPATH/Controllers/Api.php(147): App\Models\Engine->getBillToSynch()
 3 SYSTEMPATH/CodeIgniter.php(896): App\Controllers\Api->postbillpayment()
 4 SYSTEMPATH/CodeIgniter.php(466): CodeIgniter\CodeIgniter->runController()
 5 SYSTEMPATH/CodeIgniter.php(349): CodeIgniter\CodeIgniter->handleRequest()
 6 FCPATH/index.php(57): CodeIgniter\CodeIgniter->run()
CRITICAL - 2024-07-29 11:40:01 --> Undefined variable $payArray
in APPPATH/Models/Engine.php on line 2230.
 1 APPPATH/Models/Engine.php(2230): CodeIgniter\Debug\Exceptions->errorHandler()
 2 APPPATH/Controllers/Api.php(147): App\Models\Engine->getBillToSynch()
 3 SYSTEMPATH/CodeIgniter.php(896): App\Controllers\Api->postbillpayment()
 4 SYSTEMPATH/CodeIgniter.php(466): CodeIgniter\CodeIgniter->runController()
 5 SYSTEMPATH/CodeIgniter.php(349): CodeIgniter\CodeIgniter->handleRequest()
 6 FCPATH/index.php(57): CodeIgniter\CodeIgniter->run()
CRITICAL - 2024-07-29 11:41:01 --> Undefined variable $payArray
in APPPATH/Models/Engine.php on line 2230.
 1 APPPATH/Models/Engine.php(2230): CodeIgniter\Debug\Exceptions->errorHandler()
 2 APPPATH/Controllers/Api.php(147): App\Models\Engine->getBillToSynch()
 3 SYSTEMPATH/CodeIgniter.php(896): App\Controllers\Api->postbillpayment()
 4 SYSTEMPATH/CodeIgniter.php(466): CodeIgniter\CodeIgniter->runController()
 5 SYSTEMPATH/CodeIgniter.php(349): CodeIgniter\CodeIgniter->handleRequest()
 6 FCPATH/index.php(57): CodeIgniter\CodeIgniter->run()
CRITICAL - 2024-07-29 11:42:01 --> Undefined variable $payArray
in APPPATH/Models/Engine.php on line 2230.
 1 APPPATH/Models/Engine.php(2230): CodeIgniter\Debug\Exceptions->errorHandler()
 2 APPPATH/Controllers/Api.php(147): App\Models\Engine->getBillToSynch()
 3 SYSTEMPATH/CodeIgniter.php(896): App\Controllers\Api->postbillpayment()
 4 SYSTEMPATH/CodeIgniter.php(466): CodeIgniter\CodeIgniter->runController()
 5 SYSTEMPATH/CodeIgniter.php(349): CodeIgniter\CodeIgniter->handleRequest()
 6 FCPATH/index.php(57): CodeIgniter\CodeIgniter->run()
CRITICAL - 2024-07-29 11:43:01 --> Undefined variable $payArray
in APPPATH/Models/Engine.php on line 2230.
 1 APPPATH/Models/Engine.php(2230): CodeIgniter\Debug\Exceptions->errorHandler()
 2 APPPATH/Controllers/Api.php(147): App\Models\Engine->getBillToSynch()
 3 SYSTEMPATH/CodeIgniter.php(896): App\Controllers\Api->postbillpayment()
 4 SYSTEMPATH/CodeIgniter.php(466): CodeIgniter\CodeIgniter->runController()
 5 SYSTEMPATH/CodeIgniter.php(349): CodeIgniter\CodeIgniter->handleRequest()
 6 FCPATH/index.php(57): CodeIgniter\CodeIgniter->run()
CRITICAL - 2024-07-29 11:44:01 --> Undefined variable $payArray
in APPPATH/Models/Engine.php on line 2230.
 1 APPPATH/Models/Engine.php(2230): CodeIgniter\Debug\Exceptions->errorHandler()
 2 APPPATH/Controllers/Api.php(147): App\Models\Engine->getBillToSynch()
 3 SYSTEMPATH/CodeIgniter.php(896): App\Controllers\Api->postbillpayment()
 4 SYSTEMPATH/CodeIgniter.php(466): CodeIgniter\CodeIgniter->runController()
 5 SYSTEMPATH/CodeIgniter.php(349): CodeIgniter\CodeIgniter->handleRequest()
 6 FCPATH/index.php(57): CodeIgniter\CodeIgniter->run()
CRITICAL - 2024-07-29 11:45:01 --> Undefined variable $payArray
in APPPATH/Models/Engine.php on line 2230.
 1 APPPATH/Models/Engine.php(2230): CodeIgniter\Debug\Exceptions->errorHandler()
 2 APPPATH/Controllers/Api.php(147): App\Models\Engine->getBillToSynch()
 3 SYSTEMPATH/CodeIgniter.php(896): App\Controllers\Api->postbillpayment()
 4 SYSTEMPATH/CodeIgniter.php(466): CodeIgniter\CodeIgniter->runController()
 5 SYSTEMPATH/CodeIgniter.php(349): CodeIgniter\CodeIgniter->handleRequest()
 6 FCPATH/index.php(57): CodeIgniter\CodeIgniter->run()
CRITICAL - 2024-07-29 11:46:01 --> Undefined variable $payArray
in APPPATH/Models/Engine.php on line 2230.
 1 APPPATH/Models/Engine.php(2230): CodeIgniter\Debug\Exceptions->errorHandler()
 2 APPPATH/Controllers/Api.php(147): App\Models\Engine->getBillToSynch()
 3 SYSTEMPATH/CodeIgniter.php(896): App\Controllers\Api->postbillpayment()
 4 SYSTEMPATH/CodeIgniter.php(466): CodeIgniter\CodeIgniter->runController()
 5 SYSTEMPATH/CodeIgniter.php(349): CodeIgniter\CodeIgniter->handleRequest()
 6 FCPATH/index.php(57): CodeIgniter\CodeIgniter->run()
CRITICAL - 2024-07-29 11:47:01 --> Undefined variable $payArray
in APPPATH/Models/Engine.php on line 2230.
 1 APPPATH/Models/Engine.php(2230): CodeIgniter\Debug\Exceptions->errorHandler()
 2 APPPATH/Controllers/Api.php(147): App\Models\Engine->getBillToSynch()
 3 SYSTEMPATH/CodeIgniter.php(896): App\Controllers\Api->postbillpayment()
 4 SYSTEMPATH/CodeIgniter.php(466): CodeIgniter\CodeIgniter->runController()
 5 SYSTEMPATH/CodeIgniter.php(349): CodeIgniter\CodeIgniter->handleRequest()
 6 FCPATH/index.php(57): CodeIgniter\CodeIgniter->run()
CRITICAL - 2024-07-29 11:48:01 --> Undefined variable $payArray
in APPPATH/Models/Engine.php on line 2230.
 1 APPPATH/Models/Engine.php(2230): CodeIgniter\Debug\Exceptions->errorHandler()
 2 APPPATH/Controllers/Api.php(147): App\Models\Engine->getBillToSynch()
 3 SYSTEMPATH/CodeIgniter.php(896): App\Controllers\Api->postbillpayment()
 4 SYSTEMPATH/CodeIgniter.php(466): CodeIgniter\CodeIgniter->runController()
 5 SYSTEMPATH/CodeIgniter.php(349): CodeIgniter\CodeIgniter->handleRequest()
 6 FCPATH/index.php(57): CodeIgniter\CodeIgniter->run()
CRITICAL - 2024-07-29 11:49:01 --> Undefined variable $payArray
in APPPATH/Models/Engine.php on line 2230.
 1 APPPATH/Models/Engine.php(2230): CodeIgniter\Debug\Exceptions->errorHandler()
 2 APPPATH/Controllers/Api.php(147): App\Models\Engine->getBillToSynch()
 3 SYSTEMPATH/CodeIgniter.php(896): App\Controllers\Api->postbillpayment()
 4 SYSTEMPATH/CodeIgniter.php(466): CodeIgniter\CodeIgniter->runController()
 5 SYSTEMPATH/CodeIgniter.php(349): CodeIgniter\CodeIgniter->handleRequest()
 6 FCPATH/index.php(57): CodeIgniter\CodeIgniter->run()
CRITICAL - 2024-07-29 11:50:01 --> Undefined variable $payArray
in APPPATH/Models/Engine.php on line 2230.
 1 APPPATH/Models/Engine.php(2230): CodeIgniter\Debug\Exceptions->errorHandler()
 2 APPPATH/Controllers/Api.php(147): App\Models\Engine->getBillToSynch()
 3 SYSTEMPATH/CodeIgniter.php(896): App\Controllers\Api->postbillpayment()
 4 SYSTEMPATH/CodeIgniter.php(466): CodeIgniter\CodeIgniter->runController()
 5 SYSTEMPATH/CodeIgniter.php(349): CodeIgniter\CodeIgniter->handleRequest()
 6 FCPATH/index.php(57): CodeIgniter\CodeIgniter->run()
CRITICAL - 2024-07-29 11:51:01 --> Undefined variable $payArray
in APPPATH/Models/Engine.php on line 2230.
 1 APPPATH/Models/Engine.php(2230): CodeIgniter\Debug\Exceptions->errorHandler()
 2 APPPATH/Controllers/Api.php(147): App\Models\Engine->getBillToSynch()
 3 SYSTEMPATH/CodeIgniter.php(896): App\Controllers\Api->postbillpayment()
 4 SYSTEMPATH/CodeIgniter.php(466): CodeIgniter\CodeIgniter->runController()
 5 SYSTEMPATH/CodeIgniter.php(349): CodeIgniter\CodeIgniter->handleRequest()
 6 FCPATH/index.php(57): CodeIgniter\CodeIgniter->run()
CRITICAL - 2024-07-29 11:52:01 --> Undefined variable $payArray
in APPPATH/Models/Engine.php on line 2230.
 1 APPPATH/Models/Engine.php(2230): CodeIgniter\Debug\Exceptions->errorHandler()
 2 APPPATH/Controllers/Api.php(147): App\Models\Engine->getBillToSynch()
 3 SYSTEMPATH/CodeIgniter.php(896): App\Controllers\Api->postbillpayment()
 4 SYSTEMPATH/CodeIgniter.php(466): CodeIgniter\CodeIgniter->runController()
 5 SYSTEMPATH/CodeIgniter.php(349): CodeIgniter\CodeIgniter->handleRequest()
 6 FCPATH/index.php(57): CodeIgniter\CodeIgniter->run()
CRITICAL - 2024-07-29 11:53:01 --> Undefined variable $payArray
in APPPATH/Models/Engine.php on line 2230.
 1 APPPATH/Models/Engine.php(2230): CodeIgniter\Debug\Exceptions->errorHandler()
 2 APPPATH/Controllers/Api.php(147): App\Models\Engine->getBillToSynch()
 3 SYSTEMPATH/CodeIgniter.php(896): App\Controllers\Api->postbillpayment()
 4 SYSTEMPATH/CodeIgniter.php(466): CodeIgniter\CodeIgniter->runController()
 5 SYSTEMPATH/CodeIgniter.php(349): CodeIgniter\CodeIgniter->handleRequest()
 6 FCPATH/index.php(57): CodeIgniter\CodeIgniter->run()
CRITICAL - 2024-07-29 11:54:01 --> Undefined variable $payArray
in APPPATH/Models/Engine.php on line 2230.
 1 APPPATH/Models/Engine.php(2230): CodeIgniter\Debug\Exceptions->errorHandler()
 2 APPPATH/Controllers/Api.php(147): App\Models\Engine->getBillToSynch()
 3 SYSTEMPATH/CodeIgniter.php(896): App\Controllers\Api->postbillpayment()
 4 SYSTEMPATH/CodeIgniter.php(466): CodeIgniter\CodeIgniter->runController()
 5 SYSTEMPATH/CodeIgniter.php(349): CodeIgniter\CodeIgniter->handleRequest()
 6 FCPATH/index.php(57): CodeIgniter\CodeIgniter->run()
CRITICAL - 2024-07-29 11:55:01 --> Undefined variable $payArray
in APPPATH/Models/Engine.php on line 2230.
 1 APPPATH/Models/Engine.php(2230): CodeIgniter\Debug\Exceptions->errorHandler()
 2 APPPATH/Controllers/Api.php(147): App\Models\Engine->getBillToSynch()
 3 SYSTEMPATH/CodeIgniter.php(896): App\Controllers\Api->postbillpayment()
 4 SYSTEMPATH/CodeIgniter.php(466): CodeIgniter\CodeIgniter->runController()
 5 SYSTEMPATH/CodeIgniter.php(349): CodeIgniter\CodeIgniter->handleRequest()
 6 FCPATH/index.php(57): CodeIgniter\CodeIgniter->run()
CRITICAL - 2024-07-29 11:56:01 --> Undefined variable $payArray
in APPPATH/Models/Engine.php on line 2230.
 1 APPPATH/Models/Engine.php(2230): CodeIgniter\Debug\Exceptions->errorHandler()
 2 APPPATH/Controllers/Api.php(147): App\Models\Engine->getBillToSynch()
 3 SYSTEMPATH/CodeIgniter.php(896): App\Controllers\Api->postbillpayment()
 4 SYSTEMPATH/CodeIgniter.php(466): CodeIgniter\CodeIgniter->runController()
 5 SYSTEMPATH/CodeIgniter.php(349): CodeIgniter\CodeIgniter->handleRequest()
 6 FCPATH/index.php(57): CodeIgniter\CodeIgniter->run()
CRITICAL - 2024-07-29 11:57:01 --> Undefined variable $payArray
in APPPATH/Models/Engine.php on line 2230.
 1 APPPATH/Models/Engine.php(2230): CodeIgniter\Debug\Exceptions->errorHandler()
 2 APPPATH/Controllers/Api.php(147): App\Models\Engine->getBillToSynch()
 3 SYSTEMPATH/CodeIgniter.php(896): App\Controllers\Api->postbillpayment()
 4 SYSTEMPATH/CodeIgniter.php(466): CodeIgniter\CodeIgniter->runController()
 5 SYSTEMPATH/CodeIgniter.php(349): CodeIgniter\CodeIgniter->handleRequest()
 6 FCPATH/index.php(57): CodeIgniter\CodeIgniter->run()
CRITICAL - 2024-07-29 11:58:01 --> Undefined variable $payArray
in APPPATH/Models/Engine.php on line 2230.
 1 APPPATH/Models/Engine.php(2230): CodeIgniter\Debug\Exceptions->errorHandler()
 2 APPPATH/Controllers/Api.php(147): App\Models\Engine->getBillToSynch()
 3 SYSTEMPATH/CodeIgniter.php(896): App\Controllers\Api->postbillpayment()
 4 SYSTEMPATH/CodeIgniter.php(466): CodeIgniter\CodeIgniter->runController()
 5 SYSTEMPATH/CodeIgniter.php(349): CodeIgniter\CodeIgniter->handleRequest()
 6 FCPATH/index.php(57): CodeIgniter\CodeIgniter->run()
CRITICAL - 2024-07-29 11:59:01 --> Undefined variable $payArray
in APPPATH/Models/Engine.php on line 2230.
 1 APPPATH/Models/Engine.php(2230): CodeIgniter\Debug\Exceptions->errorHandler()
 2 APPPATH/Controllers/Api.php(147): App\Models\Engine->getBillToSynch()
 3 SYSTEMPATH/CodeIgniter.php(896): App\Controllers\Api->postbillpayment()
 4 SYSTEMPATH/CodeIgniter.php(466): CodeIgniter\CodeIgniter->runController()
 5 SYSTEMPATH/CodeIgniter.php(349): CodeIgniter\CodeIgniter->handleRequest()
 6 FCPATH/index.php(57): CodeIgniter\CodeIgniter->run()
CRITICAL - 2024-07-29 12:00:01 --> Undefined variable $payArray
in APPPATH/Models/Engine.php on line 2230.
 1 APPPATH/Models/Engine.php(2230): CodeIgniter\Debug\Exceptions->errorHandler()
 2 APPPATH/Controllers/Api.php(147): App\Models\Engine->getBillToSynch()
 3 SYSTEMPATH/CodeIgniter.php(896): App\Controllers\Api->postbillpayment()
 4 SYSTEMPATH/CodeIgniter.php(466): CodeIgniter\CodeIgniter->runController()
 5 SYSTEMPATH/CodeIgniter.php(349): CodeIgniter\CodeIgniter->handleRequest()
 6 FCPATH/index.php(57): CodeIgniter\CodeIgniter->run()
CRITICAL - 2024-07-29 12:01:01 --> Undefined variable $payArray
in APPPATH/Models/Engine.php on line 2230.
 1 APPPATH/Models/Engine.php(2230): CodeIgniter\Debug\Exceptions->errorHandler()
 2 APPPATH/Controllers/Api.php(147): App\Models\Engine->getBillToSynch()
 3 SYSTEMPATH/CodeIgniter.php(896): App\Controllers\Api->postbillpayment()
 4 SYSTEMPATH/CodeIgniter.php(466): CodeIgniter\CodeIgniter->runController()
 5 SYSTEMPATH/CodeIgniter.php(349): CodeIgniter\CodeIgniter->handleRequest()
 6 FCPATH/index.php(57): CodeIgniter\CodeIgniter->run()
CRITICAL - 2024-07-29 12:02:01 --> Undefined variable $payArray
in APPPATH/Models/Engine.php on line 2230.
 1 APPPATH/Models/Engine.php(2230): CodeIgniter\Debug\Exceptions->errorHandler()
 2 APPPATH/Controllers/Api.php(147): App\Models\Engine->getBillToSynch()
 3 SYSTEMPATH/CodeIgniter.php(896): App\Controllers\Api->postbillpayment()
 4 SYSTEMPATH/CodeIgniter.php(466): CodeIgniter\CodeIgniter->runController()
 5 SYSTEMPATH/CodeIgniter.php(349): CodeIgniter\CodeIgniter->handleRequest()
 6 FCPATH/index.php(57): CodeIgniter\CodeIgniter->run()
CRITICAL - 2024-07-29 12:03:01 --> Undefined variable $payArray
in APPPATH/Models/Engine.php on line 2230.
 1 APPPATH/Models/Engine.php(2230): CodeIgniter\Debug\Exceptions->errorHandler()
 2 APPPATH/Controllers/Api.php(147): App\Models\Engine->getBillToSynch()
 3 SYSTEMPATH/CodeIgniter.php(896): App\Controllers\Api->postbillpayment()
 4 SYSTEMPATH/CodeIgniter.php(466): CodeIgniter\CodeIgniter->runController()
 5 SYSTEMPATH/CodeIgniter.php(349): CodeIgniter\CodeIgniter->handleRequest()
 6 FCPATH/index.php(57): CodeIgniter\CodeIgniter->run()
CRITICAL - 2024-07-29 12:04:01 --> Undefined variable $payArray
in APPPATH/Models/Engine.php on line 2230.
 1 APPPATH/Models/Engine.php(2230): CodeIgniter\Debug\Exceptions->errorHandler()
 2 APPPATH/Controllers/Api.php(147): App\Models\Engine->getBillToSynch()
 3 SYSTEMPATH/CodeIgniter.php(896): App\Controllers\Api->postbillpayment()
 4 SYSTEMPATH/CodeIgniter.php(466): CodeIgniter\CodeIgniter->runController()
 5 SYSTEMPATH/CodeIgniter.php(349): CodeIgniter\CodeIgniter->handleRequest()
 6 FCPATH/index.php(57): CodeIgniter\CodeIgniter->run()
CRITICAL - 2024-07-29 12:05:01 --> Undefined variable $payArray
in APPPATH/Models/Engine.php on line 2230.
 1 APPPATH/Models/Engine.php(2230): CodeIgniter\Debug\Exceptions->errorHandler()
 2 APPPATH/Controllers/Api.php(147): App\Models\Engine->getBillToSynch()
 3 SYSTEMPATH/CodeIgniter.php(896): App\Controllers\Api->postbillpayment()
 4 SYSTEMPATH/CodeIgniter.php(466): CodeIgniter\CodeIgniter->runController()
 5 SYSTEMPATH/CodeIgniter.php(349): CodeIgniter\CodeIgniter->handleRequest()
 6 FCPATH/index.php(57): CodeIgniter\CodeIgniter->run()
CRITICAL - 2024-07-29 12:06:01 --> Undefined variable $payArray
in APPPATH/Models/Engine.php on line 2230.
 1 APPPATH/Models/Engine.php(2230): CodeIgniter\Debug\Exceptions->errorHandler()
 2 APPPATH/Controllers/Api.php(147): App\Models\Engine->getBillToSynch()
 3 SYSTEMPATH/CodeIgniter.php(896): App\Controllers\Api->postbillpayment()
 4 SYSTEMPATH/CodeIgniter.php(466): CodeIgniter\CodeIgniter->runController()
 5 SYSTEMPATH/CodeIgniter.php(349): CodeIgniter\CodeIgniter->handleRequest()
 6 FCPATH/index.php(57): CodeIgniter\CodeIgniter->run()
CRITICAL - 2024-07-29 12:07:01 --> Undefined variable $payArray
in APPPATH/Models/Engine.php on line 2230.
 1 APPPATH/Models/Engine.php(2230): CodeIgniter\Debug\Exceptions->errorHandler()
 2 APPPATH/Controllers/Api.php(147): App\Models\Engine->getBillToSynch()
 3 SYSTEMPATH/CodeIgniter.php(896): App\Controllers\Api->postbillpayment()
 4 SYSTEMPATH/CodeIgniter.php(466): CodeIgniter\CodeIgniter->runController()
 5 SYSTEMPATH/CodeIgniter.php(349): CodeIgniter\CodeIgniter->handleRequest()
 6 FCPATH/index.php(57): CodeIgniter\CodeIgniter->run()
CRITICAL - 2024-07-29 12:08:01 --> Undefined variable $payArray
in APPPATH/Models/Engine.php on line 2230.
 1 APPPATH/Models/Engine.php(2230): CodeIgniter\Debug\Exceptions->errorHandler()
 2 APPPATH/Controllers/Api.php(147): App\Models\Engine->getBillToSynch()
 3 SYSTEMPATH/CodeIgniter.php(896): App\Controllers\Api->postbillpayment()
 4 SYSTEMPATH/CodeIgniter.php(466): CodeIgniter\CodeIgniter->runController()
 5 SYSTEMPATH/CodeIgniter.php(349): CodeIgniter\CodeIgniter->handleRequest()
 6 FCPATH/index.php(57): CodeIgniter\CodeIgniter->run()
CRITICAL - 2024-07-29 12:09:01 --> Undefined variable $payArray
in APPPATH/Models/Engine.php on line 2230.
 1 APPPATH/Models/Engine.php(2230): CodeIgniter\Debug\Exceptions->errorHandler()
 2 APPPATH/Controllers/Api.php(147): App\Models\Engine->getBillToSynch()
 3 SYSTEMPATH/CodeIgniter.php(896): App\Controllers\Api->postbillpayment()
 4 SYSTEMPATH/CodeIgniter.php(466): CodeIgniter\CodeIgniter->runController()
 5 SYSTEMPATH/CodeIgniter.php(349): CodeIgniter\CodeIgniter->handleRequest()
 6 FCPATH/index.php(57): CodeIgniter\CodeIgniter->run()
CRITICAL - 2024-07-29 12:10:01 --> Undefined variable $payArray
in APPPATH/Models/Engine.php on line 2230.
 1 APPPATH/Models/Engine.php(2230): CodeIgniter\Debug\Exceptions->errorHandler()
 2 APPPATH/Controllers/Api.php(147): App\Models\Engine->getBillToSynch()
 3 SYSTEMPATH/CodeIgniter.php(896): App\Controllers\Api->postbillpayment()
 4 SYSTEMPATH/CodeIgniter.php(466): CodeIgniter\CodeIgniter->runController()
 5 SYSTEMPATH/CodeIgniter.php(349): CodeIgniter\CodeIgniter->handleRequest()
 6 FCPATH/index.php(57): CodeIgniter\CodeIgniter->run()
CRITICAL - 2024-07-29 12:11:01 --> Undefined variable $payArray
in APPPATH/Models/Engine.php on line 2230.
 1 APPPATH/Models/Engine.php(2230): CodeIgniter\Debug\Exceptions->errorHandler()
 2 APPPATH/Controllers/Api.php(147): App\Models\Engine->getBillToSynch()
 3 SYSTEMPATH/CodeIgniter.php(896): App\Controllers\Api->postbillpayment()
 4 SYSTEMPATH/CodeIgniter.php(466): CodeIgniter\CodeIgniter->runController()
 5 SYSTEMPATH/CodeIgniter.php(349): CodeIgniter\CodeIgniter->handleRequest()
 6 FCPATH/index.php(57): CodeIgniter\CodeIgniter->run()
CRITICAL - 2024-07-29 12:12:01 --> Undefined variable $payArray
in APPPATH/Models/Engine.php on line 2230.
 1 APPPATH/Models/Engine.php(2230): CodeIgniter\Debug\Exceptions->errorHandler()
 2 APPPATH/Controllers/Api.php(147): App\Models\Engine->getBillToSynch()
 3 SYSTEMPATH/CodeIgniter.php(896): App\Controllers\Api->postbillpayment()
 4 SYSTEMPATH/CodeIgniter.php(466): CodeIgniter\CodeIgniter->runController()
 5 SYSTEMPATH/CodeIgniter.php(349): CodeIgniter\CodeIgniter->handleRequest()
 6 FCPATH/index.php(57): CodeIgniter\CodeIgniter->run()
CRITICAL - 2024-07-29 12:13:02 --> Undefined variable $payArray
in APPPATH/Models/Engine.php on line 2230.
 1 APPPATH/Models/Engine.php(2230): CodeIgniter\Debug\Exceptions->errorHandler()
 2 APPPATH/Controllers/Api.php(147): App\Models\Engine->getBillToSynch()
 3 SYSTEMPATH/CodeIgniter.php(896): App\Controllers\Api->postbillpayment()
 4 SYSTEMPATH/CodeIgniter.php(466): CodeIgniter\CodeIgniter->runController()
 5 SYSTEMPATH/CodeIgniter.php(349): CodeIgniter\CodeIgniter->handleRequest()
 6 FCPATH/index.php(57): CodeIgniter\CodeIgniter->run()
CRITICAL - 2024-07-29 12:14:01 --> Undefined variable $payArray
in APPPATH/Models/Engine.php on line 2230.
 1 APPPATH/Models/Engine.php(2230): CodeIgniter\Debug\Exceptions->errorHandler()
 2 APPPATH/Controllers/Api.php(147): App\Models\Engine->getBillToSynch()
 3 SYSTEMPATH/CodeIgniter.php(896): App\Controllers\Api->postbillpayment()
 4 SYSTEMPATH/CodeIgniter.php(466): CodeIgniter\CodeIgniter->runController()
 5 SYSTEMPATH/CodeIgniter.php(349): CodeIgniter\CodeIgniter->handleRequest()
 6 FCPATH/index.php(57): CodeIgniter\CodeIgniter->run()
CRITICAL - 2024-07-29 12:15:01 --> Undefined variable $payArray
in APPPATH/Models/Engine.php on line 2230.
 1 APPPATH/Models/Engine.php(2230): CodeIgniter\Debug\Exceptions->errorHandler()
 2 APPPATH/Controllers/Api.php(147): App\Models\Engine->getBillToSynch()
 3 SYSTEMPATH/CodeIgniter.php(896): App\Controllers\Api->postbillpayment()
 4 SYSTEMPATH/CodeIgniter.php(466): CodeIgniter\CodeIgniter->runController()
 5 SYSTEMPATH/CodeIgniter.php(349): CodeIgniter\CodeIgniter->handleRequest()
 6 FCPATH/index.php(57): CodeIgniter\CodeIgniter->run()
CRITICAL - 2024-07-29 12:16:01 --> Undefined variable $payArray
in APPPATH/Models/Engine.php on line 2230.
 1 APPPATH/Models/Engine.php(2230): CodeIgniter\Debug\Exceptions->errorHandler()
 2 APPPATH/Controllers/Api.php(147): App\Models\Engine->getBillToSynch()
 3 SYSTEMPATH/CodeIgniter.php(896): App\Controllers\Api->postbillpayment()
 4 SYSTEMPATH/CodeIgniter.php(466): CodeIgniter\CodeIgniter->runController()
 5 SYSTEMPATH/CodeIgniter.php(349): CodeIgniter\CodeIgniter->handleRequest()
 6 FCPATH/index.php(57): CodeIgniter\CodeIgniter->run()
CRITICAL - 2024-07-29 12:17:01 --> Undefined variable $payArray
in APPPATH/Models/Engine.php on line 2230.
 1 APPPATH/Models/Engine.php(2230): CodeIgniter\Debug\Exceptions->errorHandler()
 2 APPPATH/Controllers/Api.php(147): App\Models\Engine->getBillToSynch()
 3 SYSTEMPATH/CodeIgniter.php(896): App\Controllers\Api->postbillpayment()
 4 SYSTEMPATH/CodeIgniter.php(466): CodeIgniter\CodeIgniter->runController()
 5 SYSTEMPATH/CodeIgniter.php(349): CodeIgniter\CodeIgniter->handleRequest()
 6 FCPATH/index.php(57): CodeIgniter\CodeIgniter->run()
CRITICAL - 2024-07-29 12:18:01 --> Undefined variable $payArray
in APPPATH/Models/Engine.php on line 2230.
 1 APPPATH/Models/Engine.php(2230): CodeIgniter\Debug\Exceptions->errorHandler()
 2 APPPATH/Controllers/Api.php(147): App\Models\Engine->getBillToSynch()
 3 SYSTEMPATH/CodeIgniter.php(896): App\Controllers\Api->postbillpayment()
 4 SYSTEMPATH/CodeIgniter.php(466): CodeIgniter\CodeIgniter->runController()
 5 SYSTEMPATH/CodeIgniter.php(349): CodeIgniter\CodeIgniter->handleRequest()
 6 FCPATH/index.php(57): CodeIgniter\CodeIgniter->run()
CRITICAL - 2024-07-29 12:19:01 --> Undefined variable $payArray
in APPPATH/Models/Engine.php on line 2230.
 1 APPPATH/Models/Engine.php(2230): CodeIgniter\Debug\Exceptions->errorHandler()
 2 APPPATH/Controllers/Api.php(147): App\Models\Engine->getBillToSynch()
 3 SYSTEMPATH/CodeIgniter.php(896): App\Controllers\Api->postbillpayment()
 4 SYSTEMPATH/CodeIgniter.php(466): CodeIgniter\CodeIgniter->runController()
 5 SYSTEMPATH/CodeIgniter.php(349): CodeIgniter\CodeIgniter->handleRequest()
 6 FCPATH/index.php(57): CodeIgniter\CodeIgniter->run()
CRITICAL - 2024-07-29 12:20:01 --> Undefined variable $payArray
in APPPATH/Models/Engine.php on line 2230.
 1 APPPATH/Models/Engine.php(2230): CodeIgniter\Debug\Exceptions->errorHandler()
 2 APPPATH/Controllers/Api.php(147): App\Models\Engine->getBillToSynch()
 3 SYSTEMPATH/CodeIgniter.php(896): App\Controllers\Api->postbillpayment()
 4 SYSTEMPATH/CodeIgniter.php(466): CodeIgniter\CodeIgniter->runController()
 5 SYSTEMPATH/CodeIgniter.php(349): CodeIgniter\CodeIgniter->handleRequest()
 6 FCPATH/index.php(57): CodeIgniter\CodeIgniter->run()
CRITICAL - 2024-07-29 12:21:01 --> Undefined variable $payArray
in APPPATH/Models/Engine.php on line 2230.
 1 APPPATH/Models/Engine.php(2230): CodeIgniter\Debug\Exceptions->errorHandler()
 2 APPPATH/Controllers/Api.php(147): App\Models\Engine->getBillToSynch()
 3 SYSTEMPATH/CodeIgniter.php(896): App\Controllers\Api->postbillpayment()
 4 SYSTEMPATH/CodeIgniter.php(466): CodeIgniter\CodeIgniter->runController()
 5 SYSTEMPATH/CodeIgniter.php(349): CodeIgniter\CodeIgniter->handleRequest()
 6 FCPATH/index.php(57): CodeIgniter\CodeIgniter->run()
CRITICAL - 2024-07-29 12:22:01 --> Undefined variable $payArray
in APPPATH/Models/Engine.php on line 2230.
 1 APPPATH/Models/Engine.php(2230): CodeIgniter\Debug\Exceptions->errorHandler()
 2 APPPATH/Controllers/Api.php(147): App\Models\Engine->getBillToSynch()
 3 SYSTEMPATH/CodeIgniter.php(896): App\Controllers\Api->postbillpayment()
 4 SYSTEMPATH/CodeIgniter.php(466): CodeIgniter\CodeIgniter->runController()
 5 SYSTEMPATH/CodeIgniter.php(349): CodeIgniter\CodeIgniter->handleRequest()
 6 FCPATH/index.php(57): CodeIgniter\CodeIgniter->run()
CRITICAL - 2024-07-29 12:23:01 --> Undefined variable $payArray
in APPPATH/Models/Engine.php on line 2230.
 1 APPPATH/Models/Engine.php(2230): CodeIgniter\Debug\Exceptions->errorHandler()
 2 APPPATH/Controllers/Api.php(147): App\Models\Engine->getBillToSynch()
 3 SYSTEMPATH/CodeIgniter.php(896): App\Controllers\Api->postbillpayment()
 4 SYSTEMPATH/CodeIgniter.php(466): CodeIgniter\CodeIgniter->runController()
 5 SYSTEMPATH/CodeIgniter.php(349): CodeIgniter\CodeIgniter->handleRequest()
 6 FCPATH/index.php(57): CodeIgniter\CodeIgniter->run()
CRITICAL - 2024-07-29 12:24:01 --> Undefined variable $payArray
in APPPATH/Models/Engine.php on line 2230.
 1 APPPATH/Models/Engine.php(2230): CodeIgniter\Debug\Exceptions->errorHandler()
 2 APPPATH/Controllers/Api.php(147): App\Models\Engine->getBillToSynch()
 3 SYSTEMPATH/CodeIgniter.php(896): App\Controllers\Api->postbillpayment()
 4 SYSTEMPATH/CodeIgniter.php(466): CodeIgniter\CodeIgniter->runController()
 5 SYSTEMPATH/CodeIgniter.php(349): CodeIgniter\CodeIgniter->handleRequest()
 6 FCPATH/index.php(57): CodeIgniter\CodeIgniter->run()
CRITICAL - 2024-07-29 12:25:01 --> Undefined variable $payArray
in APPPATH/Models/Engine.php on line 2230.
 1 APPPATH/Models/Engine.php(2230): CodeIgniter\Debug\Exceptions->errorHandler()
 2 APPPATH/Controllers/Api.php(147): App\Models\Engine->getBillToSynch()
 3 SYSTEMPATH/CodeIgniter.php(896): App\Controllers\Api->postbillpayment()
 4 SYSTEMPATH/CodeIgniter.php(466): CodeIgniter\CodeIgniter->runController()
 5 SYSTEMPATH/CodeIgniter.php(349): CodeIgniter\CodeIgniter->handleRequest()
 6 FCPATH/index.php(57): CodeIgniter\CodeIgniter->run()
CRITICAL - 2024-07-29 12:26:01 --> Undefined variable $payArray
in APPPATH/Models/Engine.php on line 2230.
 1 APPPATH/Models/Engine.php(2230): CodeIgniter\Debug\Exceptions->errorHandler()
 2 APPPATH/Controllers/Api.php(147): App\Models\Engine->getBillToSynch()
 3 SYSTEMPATH/CodeIgniter.php(896): App\Controllers\Api->postbillpayment()
 4 SYSTEMPATH/CodeIgniter.php(466): CodeIgniter\CodeIgniter->runController()
 5 SYSTEMPATH/CodeIgniter.php(349): CodeIgniter\CodeIgniter->handleRequest()
 6 FCPATH/index.php(57): CodeIgniter\CodeIgniter->run()
CRITICAL - 2024-07-29 12:27:01 --> Undefined variable $payArray
in APPPATH/Models/Engine.php on line 2230.
 1 APPPATH/Models/Engine.php(2230): CodeIgniter\Debug\Exceptions->errorHandler()
 2 APPPATH/Controllers/Api.php(147): App\Models\Engine->getBillToSynch()
 3 SYSTEMPATH/CodeIgniter.php(896): App\Controllers\Api->postbillpayment()
 4 SYSTEMPATH/CodeIgniter.php(466): CodeIgniter\CodeIgniter->runController()
 5 SYSTEMPATH/CodeIgniter.php(349): CodeIgniter\CodeIgniter->handleRequest()
 6 FCPATH/index.php(57): CodeIgniter\CodeIgniter->run()
CRITICAL - 2024-07-29 12:28:01 --> Undefined variable $payArray
in APPPATH/Models/Engine.php on line 2230.
 1 APPPATH/Models/Engine.php(2230): CodeIgniter\Debug\Exceptions->errorHandler()
 2 APPPATH/Controllers/Api.php(147): App\Models\Engine->getBillToSynch()
 3 SYSTEMPATH/CodeIgniter.php(896): App\Controllers\Api->postbillpayment()
 4 SYSTEMPATH/CodeIgniter.php(466): CodeIgniter\CodeIgniter->runController()
 5 SYSTEMPATH/CodeIgniter.php(349): CodeIgniter\CodeIgniter->handleRequest()
 6 FCPATH/index.php(57): CodeIgniter\CodeIgniter->run()
CRITICAL - 2024-07-29 12:29:01 --> Undefined variable $payArray
in APPPATH/Models/Engine.php on line 2230.
 1 APPPATH/Models/Engine.php(2230): CodeIgniter\Debug\Exceptions->errorHandler()
 2 APPPATH/Controllers/Api.php(147): App\Models\Engine->getBillToSynch()
 3 SYSTEMPATH/CodeIgniter.php(896): App\Controllers\Api->postbillpayment()
 4 SYSTEMPATH/CodeIgniter.php(466): CodeIgniter\CodeIgniter->runController()
 5 SYSTEMPATH/CodeIgniter.php(349): CodeIgniter\CodeIgniter->handleRequest()
 6 FCPATH/index.php(57): CodeIgniter\CodeIgniter->run()
CRITICAL - 2024-07-29 12:30:02 --> Undefined variable $payArray
in APPPATH/Models/Engine.php on line 2230.
 1 APPPATH/Models/Engine.php(2230): CodeIgniter\Debug\Exceptions->errorHandler()
 2 APPPATH/Controllers/Api.php(147): App\Models\Engine->getBillToSynch()
 3 SYSTEMPATH/CodeIgniter.php(896): App\Controllers\Api->postbillpayment()
 4 SYSTEMPATH/CodeIgniter.php(466): CodeIgniter\CodeIgniter->runController()
 5 SYSTEMPATH/CodeIgniter.php(349): CodeIgniter\CodeIgniter->handleRequest()
 6 FCPATH/index.php(57): CodeIgniter\CodeIgniter->run()
CRITICAL - 2024-07-29 12:31:02 --> Undefined variable $payArray
in APPPATH/Models/Engine.php on line 2230.
 1 APPPATH/Models/Engine.php(2230): CodeIgniter\Debug\Exceptions->errorHandler()
 2 APPPATH/Controllers/Api.php(147): App\Models\Engine->getBillToSynch()
 3 SYSTEMPATH/CodeIgniter.php(896): App\Controllers\Api->postbillpayment()
 4 SYSTEMPATH/CodeIgniter.php(466): CodeIgniter\CodeIgniter->runController()
 5 SYSTEMPATH/CodeIgniter.php(349): CodeIgniter\CodeIgniter->handleRequest()
 6 FCPATH/index.php(57): CodeIgniter\CodeIgniter->run()
CRITICAL - 2024-07-29 12:32:01 --> Undefined variable $payArray
in APPPATH/Models/Engine.php on line 2230.
 1 APPPATH/Models/Engine.php(2230): CodeIgniter\Debug\Exceptions->errorHandler()
 2 APPPATH/Controllers/Api.php(147): App\Models\Engine->getBillToSynch()
 3 SYSTEMPATH/CodeIgniter.php(896): App\Controllers\Api->postbillpayment()
 4 SYSTEMPATH/CodeIgniter.php(466): CodeIgniter\CodeIgniter->runController()
 5 SYSTEMPATH/CodeIgniter.php(349): CodeIgniter\CodeIgniter->handleRequest()
 6 FCPATH/index.php(57): CodeIgniter\CodeIgniter->run()
CRITICAL - 2024-07-29 12:33:01 --> Undefined variable $payArray
in APPPATH/Models/Engine.php on line 2230.
 1 APPPATH/Models/Engine.php(2230): CodeIgniter\Debug\Exceptions->errorHandler()
 2 APPPATH/Controllers/Api.php(147): App\Models\Engine->getBillToSynch()
 3 SYSTEMPATH/CodeIgniter.php(896): App\Controllers\Api->postbillpayment()
 4 SYSTEMPATH/CodeIgniter.php(466): CodeIgniter\CodeIgniter->runController()
 5 SYSTEMPATH/CodeIgniter.php(349): CodeIgniter\CodeIgniter->handleRequest()
 6 FCPATH/index.php(57): CodeIgniter\CodeIgniter->run()
CRITICAL - 2024-07-29 12:34:01 --> Undefined variable $payArray
in APPPATH/Models/Engine.php on line 2230.
 1 APPPATH/Models/Engine.php(2230): CodeIgniter\Debug\Exceptions->errorHandler()
 2 APPPATH/Controllers/Api.php(147): App\Models\Engine->getBillToSynch()
 3 SYSTEMPATH/CodeIgniter.php(896): App\Controllers\Api->postbillpayment()
 4 SYSTEMPATH/CodeIgniter.php(466): CodeIgniter\CodeIgniter->runController()
 5 SYSTEMPATH/CodeIgniter.php(349): CodeIgniter\CodeIgniter->handleRequest()
 6 FCPATH/index.php(57): CodeIgniter\CodeIgniter->run()
CRITICAL - 2024-07-29 12:35:01 --> Undefined variable $payArray
in APPPATH/Models/Engine.php on line 2230.
 1 APPPATH/Models/Engine.php(2230): CodeIgniter\Debug\Exceptions->errorHandler()
 2 APPPATH/Controllers/Api.php(147): App\Models\Engine->getBillToSynch()
 3 SYSTEMPATH/CodeIgniter.php(896): App\Controllers\Api->postbillpayment()
 4 SYSTEMPATH/CodeIgniter.php(466): CodeIgniter\CodeIgniter->runController()
 5 SYSTEMPATH/CodeIgniter.php(349): CodeIgniter\CodeIgniter->handleRequest()
 6 FCPATH/index.php(57): CodeIgniter\CodeIgniter->run()
CRITICAL - 2024-07-29 12:36:01 --> Undefined variable $payArray
in APPPATH/Models/Engine.php on line 2230.
 1 APPPATH/Models/Engine.php(2230): CodeIgniter\Debug\Exceptions->errorHandler()
 2 APPPATH/Controllers/Api.php(147): App\Models\Engine->getBillToSynch()
 3 SYSTEMPATH/CodeIgniter.php(896): App\Controllers\Api->postbillpayment()
 4 SYSTEMPATH/CodeIgniter.php(466): CodeIgniter\CodeIgniter->runController()
 5 SYSTEMPATH/CodeIgniter.php(349): CodeIgniter\CodeIgniter->handleRequest()
 6 FCPATH/index.php(57): CodeIgniter\CodeIgniter->run()
CRITICAL - 2024-07-29 12:37:01 --> Undefined variable $payArray
in APPPATH/Models/Engine.php on line 2230.
 1 APPPATH/Models/Engine.php(2230): CodeIgniter\Debug\Exceptions->errorHandler()
 2 APPPATH/Controllers/Api.php(147): App\Models\Engine->getBillToSynch()
 3 SYSTEMPATH/CodeIgniter.php(896): App\Controllers\Api->postbillpayment()
 4 SYSTEMPATH/CodeIgniter.php(466): CodeIgniter\CodeIgniter->runController()
 5 SYSTEMPATH/CodeIgniter.php(349): CodeIgniter\CodeIgniter->handleRequest()
 6 FCPATH/index.php(57): CodeIgniter\CodeIgniter->run()
CRITICAL - 2024-07-29 12:38:01 --> Undefined variable $payArray
in APPPATH/Models/Engine.php on line 2230.
 1 APPPATH/Models/Engine.php(2230): CodeIgniter\Debug\Exceptions->errorHandler()
 2 APPPATH/Controllers/Api.php(147): App\Models\Engine->getBillToSynch()
 3 SYSTEMPATH/CodeIgniter.php(896): App\Controllers\Api->postbillpayment()
 4 SYSTEMPATH/CodeIgniter.php(466): CodeIgniter\CodeIgniter->runController()
 5 SYSTEMPATH/CodeIgniter.php(349): CodeIgniter\CodeIgniter->handleRequest()
 6 FCPATH/index.php(57): CodeIgniter\CodeIgniter->run()
CRITICAL - 2024-07-29 12:39:01 --> Undefined variable $payArray
in APPPATH/Models/Engine.php on line 2230.
 1 APPPATH/Models/Engine.php(2230): CodeIgniter\Debug\Exceptions->errorHandler()
 2 APPPATH/Controllers/Api.php(147): App\Models\Engine->getBillToSynch()
 3 SYSTEMPATH/CodeIgniter.php(896): App\Controllers\Api->postbillpayment()
 4 SYSTEMPATH/CodeIgniter.php(466): CodeIgniter\CodeIgniter->runController()
 5 SYSTEMPATH/CodeIgniter.php(349): CodeIgniter\CodeIgniter->handleRequest()
 6 FCPATH/index.php(57): CodeIgniter\CodeIgniter->run()
CRITICAL - 2024-07-29 12:40:01 --> Undefined variable $payArray
in APPPATH/Models/Engine.php on line 2230.
 1 APPPATH/Models/Engine.php(2230): CodeIgniter\Debug\Exceptions->errorHandler()
 2 APPPATH/Controllers/Api.php(147): App\Models\Engine->getBillToSynch()
 3 SYSTEMPATH/CodeIgniter.php(896): App\Controllers\Api->postbillpayment()
 4 SYSTEMPATH/CodeIgniter.php(466): CodeIgniter\CodeIgniter->runController()
 5 SYSTEMPATH/CodeIgniter.php(349): CodeIgniter\CodeIgniter->handleRequest()
 6 FCPATH/index.php(57): CodeIgniter\CodeIgniter->run()
CRITICAL - 2024-07-29 12:41:01 --> Undefined variable $payArray
in APPPATH/Models/Engine.php on line 2230.
 1 APPPATH/Models/Engine.php(2230): CodeIgniter\Debug\Exceptions->errorHandler()
 2 APPPATH/Controllers/Api.php(147): App\Models\Engine->getBillToSynch()
 3 SYSTEMPATH/CodeIgniter.php(896): App\Controllers\Api->postbillpayment()
 4 SYSTEMPATH/CodeIgniter.php(466): CodeIgniter\CodeIgniter->runController()
 5 SYSTEMPATH/CodeIgniter.php(349): CodeIgniter\CodeIgniter->handleRequest()
 6 FCPATH/index.php(57): CodeIgniter\CodeIgniter->run()
CRITICAL - 2024-07-29 12:42:01 --> Undefined variable $payArray
in APPPATH/Models/Engine.php on line 2230.
 1 APPPATH/Models/Engine.php(2230): CodeIgniter\Debug\Exceptions->errorHandler()
 2 APPPATH/Controllers/Api.php(147): App\Models\Engine->getBillToSynch()
 3 SYSTEMPATH/CodeIgniter.php(896): App\Controllers\Api->postbillpayment()
 4 SYSTEMPATH/CodeIgniter.php(466): CodeIgniter\CodeIgniter->runController()
 5 SYSTEMPATH/CodeIgniter.php(349): CodeIgniter\CodeIgniter->handleRequest()
 6 FCPATH/index.php(57): CodeIgniter\CodeIgniter->run()
CRITICAL - 2024-07-29 12:43:01 --> Undefined variable $payArray
in APPPATH/Models/Engine.php on line 2230.
 1 APPPATH/Models/Engine.php(2230): CodeIgniter\Debug\Exceptions->errorHandler()
 2 APPPATH/Controllers/Api.php(147): App\Models\Engine->getBillToSynch()
 3 SYSTEMPATH/CodeIgniter.php(896): App\Controllers\Api->postbillpayment()
 4 SYSTEMPATH/CodeIgniter.php(466): CodeIgniter\CodeIgniter->runController()
 5 SYSTEMPATH/CodeIgniter.php(349): CodeIgniter\CodeIgniter->handleRequest()
 6 FCPATH/index.php(57): CodeIgniter\CodeIgniter->run()
CRITICAL - 2024-07-29 12:44:01 --> Undefined variable $payArray
in APPPATH/Models/Engine.php on line 2230.
 1 APPPATH/Models/Engine.php(2230): CodeIgniter\Debug\Exceptions->errorHandler()
 2 APPPATH/Controllers/Api.php(147): App\Models\Engine->getBillToSynch()
 3 SYSTEMPATH/CodeIgniter.php(896): App\Controllers\Api->postbillpayment()
 4 SYSTEMPATH/CodeIgniter.php(466): CodeIgniter\CodeIgniter->runController()
 5 SYSTEMPATH/CodeIgniter.php(349): CodeIgniter\CodeIgniter->handleRequest()
 6 FCPATH/index.php(57): CodeIgniter\CodeIgniter->run()
CRITICAL - 2024-07-29 12:45:01 --> Undefined variable $payArray
in APPPATH/Models/Engine.php on line 2230.
 1 APPPATH/Models/Engine.php(2230): CodeIgniter\Debug\Exceptions->errorHandler()
 2 APPPATH/Controllers/Api.php(147): App\Models\Engine->getBillToSynch()
 3 SYSTEMPATH/CodeIgniter.php(896): App\Controllers\Api->postbillpayment()
 4 SYSTEMPATH/CodeIgniter.php(466): CodeIgniter\CodeIgniter->runController()
 5 SYSTEMPATH/CodeIgniter.php(349): CodeIgniter\CodeIgniter->handleRequest()
 6 FCPATH/index.php(57): CodeIgniter\CodeIgniter->run()
CRITICAL - 2024-07-29 12:46:01 --> Undefined variable $payArray
in APPPATH/Models/Engine.php on line 2230.
 1 APPPATH/Models/Engine.php(2230): CodeIgniter\Debug\Exceptions->errorHandler()
 2 APPPATH/Controllers/Api.php(147): App\Models\Engine->getBillToSynch()
 3 SYSTEMPATH/CodeIgniter.php(896): App\Controllers\Api->postbillpayment()
 4 SYSTEMPATH/CodeIgniter.php(466): CodeIgniter\CodeIgniter->runController()
 5 SYSTEMPATH/CodeIgniter.php(349): CodeIgniter\CodeIgniter->handleRequest()
 6 FCPATH/index.php(57): CodeIgniter\CodeIgniter->run()
CRITICAL - 2024-07-29 12:48:01 --> Undefined variable $payArray
in APPPATH/Models/Engine.php on line 2230.
 1 APPPATH/Models/Engine.php(2230): CodeIgniter\Debug\Exceptions->errorHandler()
 2 APPPATH/Controllers/Api.php(147): App\Models\Engine->getBillToSynch()
 3 SYSTEMPATH/CodeIgniter.php(896): App\Controllers\Api->postbillpayment()
 4 SYSTEMPATH/CodeIgniter.php(466): CodeIgniter\CodeIgniter->runController()
 5 SYSTEMPATH/CodeIgniter.php(349): CodeIgniter\CodeIgniter->handleRequest()
 6 FCPATH/index.php(57): CodeIgniter\CodeIgniter->run()
CRITICAL - 2024-07-29 12:49:01 --> Undefined variable $payArray
in APPPATH/Models/Engine.php on line 2230.
 1 APPPATH/Models/Engine.php(2230): CodeIgniter\Debug\Exceptions->errorHandler()
 2 APPPATH/Controllers/Api.php(147): App\Models\Engine->getBillToSynch()
 3 SYSTEMPATH/CodeIgniter.php(896): App\Controllers\Api->postbillpayment()
 4 SYSTEMPATH/CodeIgniter.php(466): CodeIgniter\CodeIgniter->runController()
 5 SYSTEMPATH/CodeIgniter.php(349): CodeIgniter\CodeIgniter->handleRequest()
 6 FCPATH/index.php(57): CodeIgniter\CodeIgniter->run()
CRITICAL - 2024-07-29 12:50:01 --> Undefined variable $payArray
in APPPATH/Models/Engine.php on line 2230.
 1 APPPATH/Models/Engine.php(2230): CodeIgniter\Debug\Exceptions->errorHandler()
 2 APPPATH/Controllers/Api.php(147): App\Models\Engine->getBillToSynch()
 3 SYSTEMPATH/CodeIgniter.php(896): App\Controllers\Api->postbillpayment()
 4 SYSTEMPATH/CodeIgniter.php(466): CodeIgniter\CodeIgniter->runController()
 5 SYSTEMPATH/CodeIgniter.php(349): CodeIgniter\CodeIgniter->handleRequest()
 6 FCPATH/index.php(57): CodeIgniter\CodeIgniter->run()
CRITICAL - 2024-07-29 12:51:01 --> Undefined variable $payArray
in APPPATH/Models/Engine.php on line 2230.
 1 APPPATH/Models/Engine.php(2230): CodeIgniter\Debug\Exceptions->errorHandler()
 2 APPPATH/Controllers/Api.php(147): App\Models\Engine->getBillToSynch()
 3 SYSTEMPATH/CodeIgniter.php(896): App\Controllers\Api->postbillpayment()
 4 SYSTEMPATH/CodeIgniter.php(466): CodeIgniter\CodeIgniter->runController()
 5 SYSTEMPATH/CodeIgniter.php(349): CodeIgniter\CodeIgniter->handleRequest()
 6 FCPATH/index.php(57): CodeIgniter\CodeIgniter->run()
CRITICAL - 2024-07-29 12:52:01 --> Undefined variable $payArray
in APPPATH/Models/Engine.php on line 2230.
 1 APPPATH/Models/Engine.php(2230): CodeIgniter\Debug\Exceptions->errorHandler()
 2 APPPATH/Controllers/Api.php(147): App\Models\Engine->getBillToSynch()
 3 SYSTEMPATH/CodeIgniter.php(896): App\Controllers\Api->postbillpayment()
 4 SYSTEMPATH/CodeIgniter.php(466): CodeIgniter\CodeIgniter->runController()
 5 SYSTEMPATH/CodeIgniter.php(349): CodeIgniter\CodeIgniter->handleRequest()
 6 FCPATH/index.php(57): CodeIgniter\CodeIgniter->run()
CRITICAL - 2024-07-29 12:53:01 --> Undefined variable $payArray
in APPPATH/Models/Engine.php on line 2230.
 1 APPPATH/Models/Engine.php(2230): CodeIgniter\Debug\Exceptions->errorHandler()
 2 APPPATH/Controllers/Api.php(147): App\Models\Engine->getBillToSynch()
 3 SYSTEMPATH/CodeIgniter.php(896): App\Controllers\Api->postbillpayment()
 4 SYSTEMPATH/CodeIgniter.php(466): CodeIgniter\CodeIgniter->runController()
 5 SYSTEMPATH/CodeIgniter.php(349): CodeIgniter\CodeIgniter->handleRequest()
 6 FCPATH/index.php(57): CodeIgniter\CodeIgniter->run()
CRITICAL - 2024-07-29 12:54:01 --> Undefined variable $payArray
in APPPATH/Models/Engine.php on line 2230.
 1 APPPATH/Models/Engine.php(2230): CodeIgniter\Debug\Exceptions->errorHandler()
 2 APPPATH/Controllers/Api.php(147): App\Models\Engine->getBillToSynch()
 3 SYSTEMPATH/CodeIgniter.php(896): App\Controllers\Api->postbillpayment()
 4 SYSTEMPATH/CodeIgniter.php(466): CodeIgniter\CodeIgniter->runController()
 5 SYSTEMPATH/CodeIgniter.php(349): CodeIgniter\CodeIgniter->handleRequest()
 6 FCPATH/index.php(57): CodeIgniter\CodeIgniter->run()
CRITICAL - 2024-07-29 13:04:01 --> Undefined variable $payArray
in APPPATH/Models/Engine.php on line 2230.
 1 APPPATH/Models/Engine.php(2230): CodeIgniter\Debug\Exceptions->errorHandler()
 2 APPPATH/Controllers/Api.php(147): App\Models\Engine->getBillToSynch()
 3 SYSTEMPATH/CodeIgniter.php(896): App\Controllers\Api->postbillpayment()
 4 SYSTEMPATH/CodeIgniter.php(466): CodeIgniter\CodeIgniter->runController()
 5 SYSTEMPATH/CodeIgniter.php(349): CodeIgniter\CodeIgniter->handleRequest()
 6 FCPATH/index.php(57): CodeIgniter\CodeIgniter->run()
CRITICAL - 2024-07-29 13:11:01 --> Undefined variable $payArray
in APPPATH/Models/Engine.php on line 2230.
 1 APPPATH/Models/Engine.php(2230): CodeIgniter\Debug\Exceptions->errorHandler()
 2 APPPATH/Controllers/Api.php(147): App\Models\Engine->getBillToSynch()
 3 SYSTEMPATH/CodeIgniter.php(896): App\Controllers\Api->postbillpayment()
 4 SYSTEMPATH/CodeIgniter.php(466): CodeIgniter\CodeIgniter->runController()
 5 SYSTEMPATH/CodeIgniter.php(349): CodeIgniter\CodeIgniter->handleRequest()
 6 FCPATH/index.php(57): CodeIgniter\CodeIgniter->run()
CRITICAL - 2024-07-29 13:12:01 --> Undefined variable $payArray
in APPPATH/Models/Engine.php on line 2230.
 1 APPPATH/Models/Engine.php(2230): CodeIgniter\Debug\Exceptions->errorHandler()
 2 APPPATH/Controllers/Api.php(147): App\Models\Engine->getBillToSynch()
 3 SYSTEMPATH/CodeIgniter.php(896): App\Controllers\Api->postbillpayment()
 4 SYSTEMPATH/CodeIgniter.php(466): CodeIgniter\CodeIgniter->runController()
 5 SYSTEMPATH/CodeIgniter.php(349): CodeIgniter\CodeIgniter->handleRequest()
 6 FCPATH/index.php(57): CodeIgniter\CodeIgniter->run()
CRITICAL - 2024-07-29 13:13:01 --> Undefined variable $payArray
in APPPATH/Models/Engine.php on line 2230.
 1 APPPATH/Models/Engine.php(2230): CodeIgniter\Debug\Exceptions->errorHandler()
 2 APPPATH/Controllers/Api.php(147): App\Models\Engine->getBillToSynch()
 3 SYSTEMPATH/CodeIgniter.php(896): App\Controllers\Api->postbillpayment()
 4 SYSTEMPATH/CodeIgniter.php(466): CodeIgniter\CodeIgniter->runController()
 5 SYSTEMPATH/CodeIgniter.php(349): CodeIgniter\CodeIgniter->handleRequest()
 6 FCPATH/index.php(57): CodeIgniter\CodeIgniter->run()
CRITICAL - 2024-07-29 13:14:01 --> Undefined variable $payArray
in APPPATH/Models/Engine.php on line 2230.
 1 APPPATH/Models/Engine.php(2230): CodeIgniter\Debug\Exceptions->errorHandler()
 2 APPPATH/Controllers/Api.php(147): App\Models\Engine->getBillToSynch()
 3 SYSTEMPATH/CodeIgniter.php(896): App\Controllers\Api->postbillpayment()
 4 SYSTEMPATH/CodeIgniter.php(466): CodeIgniter\CodeIgniter->runController()
 5 SYSTEMPATH/CodeIgniter.php(349): CodeIgniter\CodeIgniter->handleRequest()
 6 FCPATH/index.php(57): CodeIgniter\CodeIgniter->run()
CRITICAL - 2024-07-29 13:18:01 --> Undefined variable $payArray
in APPPATH/Models/Engine.php on line 2230.
 1 APPPATH/Models/Engine.php(2230): CodeIgniter\Debug\Exceptions->errorHandler()
 2 APPPATH/Controllers/Api.php(147): App\Models\Engine->getBillToSynch()
 3 SYSTEMPATH/CodeIgniter.php(896): App\Controllers\Api->postbillpayment()
 4 SYSTEMPATH/CodeIgniter.php(466): CodeIgniter\CodeIgniter->runController()
 5 SYSTEMPATH/CodeIgniter.php(349): CodeIgniter\CodeIgniter->handleRequest()
 6 FCPATH/index.php(57): CodeIgniter\CodeIgniter->run()
CRITICAL - 2024-07-29 13:19:01 --> Undefined variable $payArray
in APPPATH/Models/Engine.php on line 2230.
 1 APPPATH/Models/Engine.php(2230): CodeIgniter\Debug\Exceptions->errorHandler()
 2 APPPATH/Controllers/Api.php(147): App\Models\Engine->getBillToSynch()
 3 SYSTEMPATH/CodeIgniter.php(896): App\Controllers\Api->postbillpayment()
 4 SYSTEMPATH/CodeIgniter.php(466): CodeIgniter\CodeIgniter->runController()
 5 SYSTEMPATH/CodeIgniter.php(349): CodeIgniter\CodeIgniter->handleRequest()
 6 FCPATH/index.php(57): CodeIgniter\CodeIgniter->run()
CRITICAL - 2024-07-29 13:20:01 --> Undefined variable $payArray
in APPPATH/Models/Engine.php on line 2230.
 1 APPPATH/Models/Engine.php(2230): CodeIgniter\Debug\Exceptions->errorHandler()
 2 APPPATH/Controllers/Api.php(147): App\Models\Engine->getBillToSynch()
 3 SYSTEMPATH/CodeIgniter.php(896): App\Controllers\Api->postbillpayment()
 4 SYSTEMPATH/CodeIgniter.php(466): CodeIgniter\CodeIgniter->runController()
 5 SYSTEMPATH/CodeIgniter.php(349): CodeIgniter\CodeIgniter->handleRequest()
 6 FCPATH/index.php(57): CodeIgniter\CodeIgniter->run()
CRITICAL - 2024-07-29 13:21:01 --> Undefined variable $payArray
in APPPATH/Models/Engine.php on line 2230.
 1 APPPATH/Models/Engine.php(2230): CodeIgniter\Debug\Exceptions->errorHandler()
 2 APPPATH/Controllers/Api.php(147): App\Models\Engine->getBillToSynch()
 3 SYSTEMPATH/CodeIgniter.php(896): App\Controllers\Api->postbillpayment()
 4 SYSTEMPATH/CodeIgniter.php(466): CodeIgniter\CodeIgniter->runController()
 5 SYSTEMPATH/CodeIgniter.php(349): CodeIgniter\CodeIgniter->handleRequest()
 6 FCPATH/index.php(57): CodeIgniter\CodeIgniter->run()
CRITICAL - 2024-07-29 13:22:01 --> Undefined variable $payArray
in APPPATH/Models/Engine.php on line 2230.
 1 APPPATH/Models/Engine.php(2230): CodeIgniter\Debug\Exceptions->errorHandler()
 2 APPPATH/Controllers/Api.php(147): App\Models\Engine->getBillToSynch()
 3 SYSTEMPATH/CodeIgniter.php(896): App\Controllers\Api->postbillpayment()
 4 SYSTEMPATH/CodeIgniter.php(466): CodeIgniter\CodeIgniter->runController()
 5 SYSTEMPATH/CodeIgniter.php(349): CodeIgniter\CodeIgniter->handleRequest()
 6 FCPATH/index.php(57): CodeIgniter\CodeIgniter->run()
CRITICAL - 2024-07-29 13:23:01 --> Undefined variable $payArray
in APPPATH/Models/Engine.php on line 2230.
 1 APPPATH/Models/Engine.php(2230): CodeIgniter\Debug\Exceptions->errorHandler()
 2 APPPATH/Controllers/Api.php(147): App\Models\Engine->getBillToSynch()
 3 SYSTEMPATH/CodeIgniter.php(896): App\Controllers\Api->postbillpayment()
 4 SYSTEMPATH/CodeIgniter.php(466): CodeIgniter\CodeIgniter->runController()
 5 SYSTEMPATH/CodeIgniter.php(349): CodeIgniter\CodeIgniter->handleRequest()
 6 FCPATH/index.php(57): CodeIgniter\CodeIgniter->run()
CRITICAL - 2024-07-29 13:24:01 --> Undefined variable $payArray
in APPPATH/Models/Engine.php on line 2230.
 1 APPPATH/Models/Engine.php(2230): CodeIgniter\Debug\Exceptions->errorHandler()
 2 APPPATH/Controllers/Api.php(147): App\Models\Engine->getBillToSynch()
 3 SYSTEMPATH/CodeIgniter.php(896): App\Controllers\Api->postbillpayment()
 4 SYSTEMPATH/CodeIgniter.php(466): CodeIgniter\CodeIgniter->runController()
 5 SYSTEMPATH/CodeIgniter.php(349): CodeIgniter\CodeIgniter->handleRequest()
 6 FCPATH/index.php(57): CodeIgniter\CodeIgniter->run()
CRITICAL - 2024-07-29 13:25:01 --> Undefined variable $payArray
in APPPATH/Models/Engine.php on line 2230.
 1 APPPATH/Models/Engine.php(2230): CodeIgniter\Debug\Exceptions->errorHandler()
 2 APPPATH/Controllers/Api.php(147): App\Models\Engine->getBillToSynch()
 3 SYSTEMPATH/CodeIgniter.php(896): App\Controllers\Api->postbillpayment()
 4 SYSTEMPATH/CodeIgniter.php(466): CodeIgniter\CodeIgniter->runController()
 5 SYSTEMPATH/CodeIgniter.php(349): CodeIgniter\CodeIgniter->handleRequest()
 6 FCPATH/index.php(57): CodeIgniter\CodeIgniter->run()
CRITICAL - 2024-07-29 13:26:01 --> Undefined variable $payArray
in APPPATH/Models/Engine.php on line 2230.
 1 APPPATH/Models/Engine.php(2230): CodeIgniter\Debug\Exceptions->errorHandler()
 2 APPPATH/Controllers/Api.php(147): App\Models\Engine->getBillToSynch()
 3 SYSTEMPATH/CodeIgniter.php(896): App\Controllers\Api->postbillpayment()
 4 SYSTEMPATH/CodeIgniter.php(466): CodeIgniter\CodeIgniter->runController()
 5 SYSTEMPATH/CodeIgniter.php(349): CodeIgniter\CodeIgniter->handleRequest()
 6 FCPATH/index.php(57): CodeIgniter\CodeIgniter->run()
CRITICAL - 2024-07-29 13:27:01 --> Undefined variable $payArray
in APPPATH/Models/Engine.php on line 2230.
 1 APPPATH/Models/Engine.php(2230): CodeIgniter\Debug\Exceptions->errorHandler()
 2 APPPATH/Controllers/Api.php(147): App\Models\Engine->getBillToSynch()
 3 SYSTEMPATH/CodeIgniter.php(896): App\Controllers\Api->postbillpayment()
 4 SYSTEMPATH/CodeIgniter.php(466): CodeIgniter\CodeIgniter->runController()
 5 SYSTEMPATH/CodeIgniter.php(349): CodeIgniter\CodeIgniter->handleRequest()
 6 FCPATH/index.php(57): CodeIgniter\CodeIgniter->run()
CRITICAL - 2024-07-29 13:28:01 --> Undefined variable $payArray
in APPPATH/Models/Engine.php on line 2230.
 1 APPPATH/Models/Engine.php(2230): CodeIgniter\Debug\Exceptions->errorHandler()
 2 APPPATH/Controllers/Api.php(147): App\Models\Engine->getBillToSynch()
 3 SYSTEMPATH/CodeIgniter.php(896): App\Controllers\Api->postbillpayment()
 4 SYSTEMPATH/CodeIgniter.php(466): CodeIgniter\CodeIgniter->runController()
 5 SYSTEMPATH/CodeIgniter.php(349): CodeIgniter\CodeIgniter->handleRequest()
 6 FCPATH/index.php(57): CodeIgniter\CodeIgniter->run()
CRITICAL - 2024-07-29 13:29:01 --> Undefined variable $payArray
in APPPATH/Models/Engine.php on line 2230.
 1 APPPATH/Models/Engine.php(2230): CodeIgniter\Debug\Exceptions->errorHandler()
 2 APPPATH/Controllers/Api.php(147): App\Models\Engine->getBillToSynch()
 3 SYSTEMPATH/CodeIgniter.php(896): App\Controllers\Api->postbillpayment()
 4 SYSTEMPATH/CodeIgniter.php(466): CodeIgniter\CodeIgniter->runController()
 5 SYSTEMPATH/CodeIgniter.php(349): CodeIgniter\CodeIgniter->handleRequest()
 6 FCPATH/index.php(57): CodeIgniter\CodeIgniter->run()
CRITICAL - 2024-07-29 13:30:01 --> Undefined variable $payArray
in APPPATH/Models/Engine.php on line 2230.
 1 APPPATH/Models/Engine.php(2230): CodeIgniter\Debug\Exceptions->errorHandler()
 2 APPPATH/Controllers/Api.php(147): App\Models\Engine->getBillToSynch()
 3 SYSTEMPATH/CodeIgniter.php(896): App\Controllers\Api->postbillpayment()
 4 SYSTEMPATH/CodeIgniter.php(466): CodeIgniter\CodeIgniter->runController()
 5 SYSTEMPATH/CodeIgniter.php(349): CodeIgniter\CodeIgniter->handleRequest()
 6 FCPATH/index.php(57): CodeIgniter\CodeIgniter->run()
CRITICAL - 2024-07-29 13:31:01 --> Undefined variable $payArray
in APPPATH/Models/Engine.php on line 2230.
 1 APPPATH/Models/Engine.php(2230): CodeIgniter\Debug\Exceptions->errorHandler()
 2 APPPATH/Controllers/Api.php(147): App\Models\Engine->getBillToSynch()
 3 SYSTEMPATH/CodeIgniter.php(896): App\Controllers\Api->postbillpayment()
 4 SYSTEMPATH/CodeIgniter.php(466): CodeIgniter\CodeIgniter->runController()
 5 SYSTEMPATH/CodeIgniter.php(349): CodeIgniter\CodeIgniter->handleRequest()
 6 FCPATH/index.php(57): CodeIgniter\CodeIgniter->run()
CRITICAL - 2024-07-29 13:32:01 --> Undefined variable $payArray
in APPPATH/Models/Engine.php on line 2230.
 1 APPPATH/Models/Engine.php(2230): CodeIgniter\Debug\Exceptions->errorHandler()
 2 APPPATH/Controllers/Api.php(147): App\Models\Engine->getBillToSynch()
 3 SYSTEMPATH/CodeIgniter.php(896): App\Controllers\Api->postbillpayment()
 4 SYSTEMPATH/CodeIgniter.php(466): CodeIgniter\CodeIgniter->runController()
 5 SYSTEMPATH/CodeIgniter.php(349): CodeIgniter\CodeIgniter->handleRequest()
 6 FCPATH/index.php(57): CodeIgniter\CodeIgniter->run()
CRITICAL - 2024-07-29 13:33:01 --> Undefined variable $payArray
in APPPATH/Models/Engine.php on line 2230.
 1 APPPATH/Models/Engine.php(2230): CodeIgniter\Debug\Exceptions->errorHandler()
 2 APPPATH/Controllers/Api.php(147): App\Models\Engine->getBillToSynch()
 3 SYSTEMPATH/CodeIgniter.php(896): App\Controllers\Api->postbillpayment()
 4 SYSTEMPATH/CodeIgniter.php(466): CodeIgniter\CodeIgniter->runController()
 5 SYSTEMPATH/CodeIgniter.php(349): CodeIgniter\CodeIgniter->handleRequest()
 6 FCPATH/index.php(57): CodeIgniter\CodeIgniter->run()
CRITICAL - 2024-07-29 13:34:01 --> Undefined variable $payArray
in APPPATH/Models/Engine.php on line 2230.
 1 APPPATH/Models/Engine.php(2230): CodeIgniter\Debug\Exceptions->errorHandler()
 2 APPPATH/Controllers/Api.php(147): App\Models\Engine->getBillToSynch()
 3 SYSTEMPATH/CodeIgniter.php(896): App\Controllers\Api->postbillpayment()
 4 SYSTEMPATH/CodeIgniter.php(466): CodeIgniter\CodeIgniter->runController()
 5 SYSTEMPATH/CodeIgniter.php(349): CodeIgniter\CodeIgniter->handleRequest()
 6 FCPATH/index.php(57): CodeIgniter\CodeIgniter->run()
CRITICAL - 2024-07-29 13:35:01 --> Undefined variable $payArray
in APPPATH/Models/Engine.php on line 2230.
 1 APPPATH/Models/Engine.php(2230): CodeIgniter\Debug\Exceptions->errorHandler()
 2 APPPATH/Controllers/Api.php(147): App\Models\Engine->getBillToSynch()
 3 SYSTEMPATH/CodeIgniter.php(896): App\Controllers\Api->postbillpayment()
 4 SYSTEMPATH/CodeIgniter.php(466): CodeIgniter\CodeIgniter->runController()
 5 SYSTEMPATH/CodeIgniter.php(349): CodeIgniter\CodeIgniter->handleRequest()
 6 FCPATH/index.php(57): CodeIgniter\CodeIgniter->run()
CRITICAL - 2024-07-29 13:36:01 --> Undefined variable $payArray
in APPPATH/Models/Engine.php on line 2230.
 1 APPPATH/Models/Engine.php(2230): CodeIgniter\Debug\Exceptions->errorHandler()
 2 APPPATH/Controllers/Api.php(147): App\Models\Engine->getBillToSynch()
 3 SYSTEMPATH/CodeIgniter.php(896): App\Controllers\Api->postbillpayment()
 4 SYSTEMPATH/CodeIgniter.php(466): CodeIgniter\CodeIgniter->runController()
 5 SYSTEMPATH/CodeIgniter.php(349): CodeIgniter\CodeIgniter->handleRequest()
 6 FCPATH/index.php(57): CodeIgniter\CodeIgniter->run()
CRITICAL - 2024-07-29 13:37:01 --> Undefined variable $payArray
in APPPATH/Models/Engine.php on line 2230.
 1 APPPATH/Models/Engine.php(2230): CodeIgniter\Debug\Exceptions->errorHandler()
 2 APPPATH/Controllers/Api.php(147): App\Models\Engine->getBillToSynch()
 3 SYSTEMPATH/CodeIgniter.php(896): App\Controllers\Api->postbillpayment()
 4 SYSTEMPATH/CodeIgniter.php(466): CodeIgniter\CodeIgniter->runController()
 5 SYSTEMPATH/CodeIgniter.php(349): CodeIgniter\CodeIgniter->handleRequest()
 6 FCPATH/index.php(57): CodeIgniter\CodeIgniter->run()
CRITICAL - 2024-07-29 13:38:01 --> Undefined variable $payArray
in APPPATH/Models/Engine.php on line 2230.
 1 APPPATH/Models/Engine.php(2230): CodeIgniter\Debug\Exceptions->errorHandler()
 2 APPPATH/Controllers/Api.php(147): App\Models\Engine->getBillToSynch()
 3 SYSTEMPATH/CodeIgniter.php(896): App\Controllers\Api->postbillpayment()
 4 SYSTEMPATH/CodeIgniter.php(466): CodeIgniter\CodeIgniter->runController()
 5 SYSTEMPATH/CodeIgniter.php(349): CodeIgniter\CodeIgniter->handleRequest()
 6 FCPATH/index.php(57): CodeIgniter\CodeIgniter->run()
CRITICAL - 2024-07-29 13:39:01 --> Undefined variable $payArray
in APPPATH/Models/Engine.php on line 2230.
 1 APPPATH/Models/Engine.php(2230): CodeIgniter\Debug\Exceptions->errorHandler()
 2 APPPATH/Controllers/Api.php(147): App\Models\Engine->getBillToSynch()
 3 SYSTEMPATH/CodeIgniter.php(896): App\Controllers\Api->postbillpayment()
 4 SYSTEMPATH/CodeIgniter.php(466): CodeIgniter\CodeIgniter->runController()
 5 SYSTEMPATH/CodeIgniter.php(349): CodeIgniter\CodeIgniter->handleRequest()
 6 FCPATH/index.php(57): CodeIgniter\CodeIgniter->run()
CRITICAL - 2024-07-29 13:40:01 --> Undefined variable $payArray
in APPPATH/Models/Engine.php on line 2230.
 1 APPPATH/Models/Engine.php(2230): CodeIgniter\Debug\Exceptions->errorHandler()
 2 APPPATH/Controllers/Api.php(147): App\Models\Engine->getBillToSynch()
 3 SYSTEMPATH/CodeIgniter.php(896): App\Controllers\Api->postbillpayment()
 4 SYSTEMPATH/CodeIgniter.php(466): CodeIgniter\CodeIgniter->runController()
 5 SYSTEMPATH/CodeIgniter.php(349): CodeIgniter\CodeIgniter->handleRequest()
 6 FCPATH/index.php(57): CodeIgniter\CodeIgniter->run()
CRITICAL - 2024-07-29 13:41:01 --> Undefined variable $payArray
in APPPATH/Models/Engine.php on line 2230.
 1 APPPATH/Models/Engine.php(2230): CodeIgniter\Debug\Exceptions->errorHandler()
 2 APPPATH/Controllers/Api.php(147): App\Models\Engine->getBillToSynch()
 3 SYSTEMPATH/CodeIgniter.php(896): App\Controllers\Api->postbillpayment()
 4 SYSTEMPATH/CodeIgniter.php(466): CodeIgniter\CodeIgniter->runController()
 5 SYSTEMPATH/CodeIgniter.php(349): CodeIgniter\CodeIgniter->handleRequest()
 6 FCPATH/index.php(57): CodeIgniter\CodeIgniter->run()
CRITICAL - 2024-07-29 13:42:01 --> Undefined variable $payArray
in APPPATH/Models/Engine.php on line 2230.
 1 APPPATH/Models/Engine.php(2230): CodeIgniter\Debug\Exceptions->errorHandler()
 2 APPPATH/Controllers/Api.php(147): App\Models\Engine->getBillToSynch()
 3 SYSTEMPATH/CodeIgniter.php(896): App\Controllers\Api->postbillpayment()
 4 SYSTEMPATH/CodeIgniter.php(466): CodeIgniter\CodeIgniter->runController()
 5 SYSTEMPATH/CodeIgniter.php(349): CodeIgniter\CodeIgniter->handleRequest()
 6 FCPATH/index.php(57): CodeIgniter\CodeIgniter->run()
CRITICAL - 2024-07-29 13:43:01 --> Undefined variable $payArray
in APPPATH/Models/Engine.php on line 2230.
 1 APPPATH/Models/Engine.php(2230): CodeIgniter\Debug\Exceptions->errorHandler()
 2 APPPATH/Controllers/Api.php(147): App\Models\Engine->getBillToSynch()
 3 SYSTEMPATH/CodeIgniter.php(896): App\Controllers\Api->postbillpayment()
 4 SYSTEMPATH/CodeIgniter.php(466): CodeIgniter\CodeIgniter->runController()
 5 SYSTEMPATH/CodeIgniter.php(349): CodeIgniter\CodeIgniter->handleRequest()
 6 FCPATH/index.php(57): CodeIgniter\CodeIgniter->run()
CRITICAL - 2024-07-29 13:44:01 --> Undefined variable $payArray
in APPPATH/Models/Engine.php on line 2230.
 1 APPPATH/Models/Engine.php(2230): CodeIgniter\Debug\Exceptions->errorHandler()
 2 APPPATH/Controllers/Api.php(147): App\Models\Engine->getBillToSynch()
 3 SYSTEMPATH/CodeIgniter.php(896): App\Controllers\Api->postbillpayment()
 4 SYSTEMPATH/CodeIgniter.php(466): CodeIgniter\CodeIgniter->runController()
 5 SYSTEMPATH/CodeIgniter.php(349): CodeIgniter\CodeIgniter->handleRequest()
 6 FCPATH/index.php(57): CodeIgniter\CodeIgniter->run()
CRITICAL - 2024-07-29 13:45:01 --> Undefined variable $payArray
in APPPATH/Models/Engine.php on line 2230.
 1 APPPATH/Models/Engine.php(2230): CodeIgniter\Debug\Exceptions->errorHandler()
 2 APPPATH/Controllers/Api.php(147): App\Models\Engine->getBillToSynch()
 3 SYSTEMPATH/CodeIgniter.php(896): App\Controllers\Api->postbillpayment()
 4 SYSTEMPATH/CodeIgniter.php(466): CodeIgniter\CodeIgniter->runController()
 5 SYSTEMPATH/CodeIgniter.php(349): CodeIgniter\CodeIgniter->handleRequest()
 6 FCPATH/index.php(57): CodeIgniter\CodeIgniter->run()
CRITICAL - 2024-07-29 13:46:01 --> Undefined variable $payArray
in APPPATH/Models/Engine.php on line 2230.
 1 APPPATH/Models/Engine.php(2230): CodeIgniter\Debug\Exceptions->errorHandler()
 2 APPPATH/Controllers/Api.php(147): App\Models\Engine->getBillToSynch()
 3 SYSTEMPATH/CodeIgniter.php(896): App\Controllers\Api->postbillpayment()
 4 SYSTEMPATH/CodeIgniter.php(466): CodeIgniter\CodeIgniter->runController()
 5 SYSTEMPATH/CodeIgniter.php(349): CodeIgniter\CodeIgniter->handleRequest()
 6 FCPATH/index.php(57): CodeIgniter\CodeIgniter->run()
CRITICAL - 2024-07-29 13:47:01 --> Undefined variable $payArray
in APPPATH/Models/Engine.php on line 2230.
 1 APPPATH/Models/Engine.php(2230): CodeIgniter\Debug\Exceptions->errorHandler()
 2 APPPATH/Controllers/Api.php(147): App\Models\Engine->getBillToSynch()
 3 SYSTEMPATH/CodeIgniter.php(896): App\Controllers\Api->postbillpayment()
 4 SYSTEMPATH/CodeIgniter.php(466): CodeIgniter\CodeIgniter->runController()
 5 SYSTEMPATH/CodeIgniter.php(349): CodeIgniter\CodeIgniter->handleRequest()
 6 FCPATH/index.php(57): CodeIgniter\CodeIgniter->run()
CRITICAL - 2024-07-29 13:48:01 --> Undefined variable $payArray
in APPPATH/Models/Engine.php on line 2230.
 1 APPPATH/Models/Engine.php(2230): CodeIgniter\Debug\Exceptions->errorHandler()
 2 APPPATH/Controllers/Api.php(147): App\Models\Engine->getBillToSynch()
 3 SYSTEMPATH/CodeIgniter.php(896): App\Controllers\Api->postbillpayment()
 4 SYSTEMPATH/CodeIgniter.php(466): CodeIgniter\CodeIgniter->runController()
 5 SYSTEMPATH/CodeIgniter.php(349): CodeIgniter\CodeIgniter->handleRequest()
 6 FCPATH/index.php(57): CodeIgniter\CodeIgniter->run()
CRITICAL - 2024-07-29 13:49:01 --> Undefined variable $payArray
in APPPATH/Models/Engine.php on line 2230.
 1 APPPATH/Models/Engine.php(2230): CodeIgniter\Debug\Exceptions->errorHandler()
 2 APPPATH/Controllers/Api.php(147): App\Models\Engine->getBillToSynch()
 3 SYSTEMPATH/CodeIgniter.php(896): App\Controllers\Api->postbillpayment()
 4 SYSTEMPATH/CodeIgniter.php(466): CodeIgniter\CodeIgniter->runController()
 5 SYSTEMPATH/CodeIgniter.php(349): CodeIgniter\CodeIgniter->handleRequest()
 6 FCPATH/index.php(57): CodeIgniter\CodeIgniter->run()
CRITICAL - 2024-07-29 13:50:01 --> Undefined variable $payArray
in APPPATH/Models/Engine.php on line 2230.
 1 APPPATH/Models/Engine.php(2230): CodeIgniter\Debug\Exceptions->errorHandler()
 2 APPPATH/Controllers/Api.php(147): App\Models\Engine->getBillToSynch()
 3 SYSTEMPATH/CodeIgniter.php(896): App\Controllers\Api->postbillpayment()
 4 SYSTEMPATH/CodeIgniter.php(466): CodeIgniter\CodeIgniter->runController()
 5 SYSTEMPATH/CodeIgniter.php(349): CodeIgniter\CodeIgniter->handleRequest()
 6 FCPATH/index.php(57): CodeIgniter\CodeIgniter->run()
CRITICAL - 2024-07-29 13:51:01 --> Undefined variable $payArray
in APPPATH/Models/Engine.php on line 2230.
 1 APPPATH/Models/Engine.php(2230): CodeIgniter\Debug\Exceptions->errorHandler()
 2 APPPATH/Controllers/Api.php(147): App\Models\Engine->getBillToSynch()
 3 SYSTEMPATH/CodeIgniter.php(896): App\Controllers\Api->postbillpayment()
 4 SYSTEMPATH/CodeIgniter.php(466): CodeIgniter\CodeIgniter->runController()
 5 SYSTEMPATH/CodeIgniter.php(349): CodeIgniter\CodeIgniter->handleRequest()
 6 FCPATH/index.php(57): CodeIgniter\CodeIgniter->run()
CRITICAL - 2024-07-29 13:52:01 --> Undefined variable $payArray
in APPPATH/Models/Engine.php on line 2230.
 1 APPPATH/Models/Engine.php(2230): CodeIgniter\Debug\Exceptions->errorHandler()
 2 APPPATH/Controllers/Api.php(147): App\Models\Engine->getBillToSynch()
 3 SYSTEMPATH/CodeIgniter.php(896): App\Controllers\Api->postbillpayment()
 4 SYSTEMPATH/CodeIgniter.php(466): CodeIgniter\CodeIgniter->runController()
 5 SYSTEMPATH/CodeIgniter.php(349): CodeIgniter\CodeIgniter->handleRequest()
 6 FCPATH/index.php(57): CodeIgniter\CodeIgniter->run()
CRITICAL - 2024-07-29 13:53:01 --> Undefined variable $payArray
in APPPATH/Models/Engine.php on line 2230.
 1 APPPATH/Models/Engine.php(2230): CodeIgniter\Debug\Exceptions->errorHandler()
 2 APPPATH/Controllers/Api.php(147): App\Models\Engine->getBillToSynch()
 3 SYSTEMPATH/CodeIgniter.php(896): App\Controllers\Api->postbillpayment()
 4 SYSTEMPATH/CodeIgniter.php(466): CodeIgniter\CodeIgniter->runController()
 5 SYSTEMPATH/CodeIgniter.php(349): CodeIgniter\CodeIgniter->handleRequest()
 6 FCPATH/index.php(57): CodeIgniter\CodeIgniter->run()
CRITICAL - 2024-07-29 13:54:01 --> Undefined variable $payArray
in APPPATH/Models/Engine.php on line 2230.
 1 APPPATH/Models/Engine.php(2230): CodeIgniter\Debug\Exceptions->errorHandler()
 2 APPPATH/Controllers/Api.php(147): App\Models\Engine->getBillToSynch()
 3 SYSTEMPATH/CodeIgniter.php(896): App\Controllers\Api->postbillpayment()
 4 SYSTEMPATH/CodeIgniter.php(466): CodeIgniter\CodeIgniter->runController()
 5 SYSTEMPATH/CodeIgniter.php(349): CodeIgniter\CodeIgniter->handleRequest()
 6 FCPATH/index.php(57): CodeIgniter\CodeIgniter->run()
CRITICAL - 2024-07-29 13:55:01 --> Undefined variable $payArray
in APPPATH/Models/Engine.php on line 2230.
 1 APPPATH/Models/Engine.php(2230): CodeIgniter\Debug\Exceptions->errorHandler()
 2 APPPATH/Controllers/Api.php(147): App\Models\Engine->getBillToSynch()
 3 SYSTEMPATH/CodeIgniter.php(896): App\Controllers\Api->postbillpayment()
 4 SYSTEMPATH/CodeIgniter.php(466): CodeIgniter\CodeIgniter->runController()
 5 SYSTEMPATH/CodeIgniter.php(349): CodeIgniter\CodeIgniter->handleRequest()
 6 FCPATH/index.php(57): CodeIgniter\CodeIgniter->run()
CRITICAL - 2024-07-29 13:56:01 --> Undefined variable $payArray
in APPPATH/Models/Engine.php on line 2230.
 1 APPPATH/Models/Engine.php(2230): CodeIgniter\Debug\Exceptions->errorHandler()
 2 APPPATH/Controllers/Api.php(147): App\Models\Engine->getBillToSynch()
 3 SYSTEMPATH/CodeIgniter.php(896): App\Controllers\Api->postbillpayment()
 4 SYSTEMPATH/CodeIgniter.php(466): CodeIgniter\CodeIgniter->runController()
 5 SYSTEMPATH/CodeIgniter.php(349): CodeIgniter\CodeIgniter->handleRequest()
 6 FCPATH/index.php(57): CodeIgniter\CodeIgniter->run()
CRITICAL - 2024-07-29 13:57:01 --> Undefined variable $payArray
in APPPATH/Models/Engine.php on line 2230.
 1 APPPATH/Models/Engine.php(2230): CodeIgniter\Debug\Exceptions->errorHandler()
 2 APPPATH/Controllers/Api.php(147): App\Models\Engine->getBillToSynch()
 3 SYSTEMPATH/CodeIgniter.php(896): App\Controllers\Api->postbillpayment()
 4 SYSTEMPATH/CodeIgniter.php(466): CodeIgniter\CodeIgniter->runController()
 5 SYSTEMPATH/CodeIgniter.php(349): CodeIgniter\CodeIgniter->handleRequest()
 6 FCPATH/index.php(57): CodeIgniter\CodeIgniter->run()
CRITICAL - 2024-07-29 13:58:01 --> Undefined variable $payArray
in APPPATH/Models/Engine.php on line 2230.
 1 APPPATH/Models/Engine.php(2230): CodeIgniter\Debug\Exceptions->errorHandler()
 2 APPPATH/Controllers/Api.php(147): App\Models\Engine->getBillToSynch()
 3 SYSTEMPATH/CodeIgniter.php(896): App\Controllers\Api->postbillpayment()
 4 SYSTEMPATH/CodeIgniter.php(466): CodeIgniter\CodeIgniter->runController()
 5 SYSTEMPATH/CodeIgniter.php(349): CodeIgniter\CodeIgniter->handleRequest()
 6 FCPATH/index.php(57): CodeIgniter\CodeIgniter->run()
CRITICAL - 2024-07-29 13:59:01 --> Undefined variable $payArray
in APPPATH/Models/Engine.php on line 2230.
 1 APPPATH/Models/Engine.php(2230): CodeIgniter\Debug\Exceptions->errorHandler()
 2 APPPATH/Controllers/Api.php(147): App\Models\Engine->getBillToSynch()
 3 SYSTEMPATH/CodeIgniter.php(896): App\Controllers\Api->postbillpayment()
 4 SYSTEMPATH/CodeIgniter.php(466): CodeIgniter\CodeIgniter->runController()
 5 SYSTEMPATH/CodeIgniter.php(349): CodeIgniter\CodeIgniter->handleRequest()
 6 FCPATH/index.php(57): CodeIgniter\CodeIgniter->run()
CRITICAL - 2024-07-29 14:00:01 --> Undefined variable $payArray
in APPPATH/Models/Engine.php on line 2230.
 1 APPPATH/Models/Engine.php(2230): CodeIgniter\Debug\Exceptions->errorHandler()
 2 APPPATH/Controllers/Api.php(147): App\Models\Engine->getBillToSynch()
 3 SYSTEMPATH/CodeIgniter.php(896): App\Controllers\Api->postbillpayment()
 4 SYSTEMPATH/CodeIgniter.php(466): CodeIgniter\CodeIgniter->runController()
 5 SYSTEMPATH/CodeIgniter.php(349): CodeIgniter\CodeIgniter->handleRequest()
 6 FCPATH/index.php(57): CodeIgniter\CodeIgniter->run()
CRITICAL - 2024-07-29 14:01:01 --> Undefined variable $payArray
in APPPATH/Models/Engine.php on line 2230.
 1 APPPATH/Models/Engine.php(2230): CodeIgniter\Debug\Exceptions->errorHandler()
 2 APPPATH/Controllers/Api.php(147): App\Models\Engine->getBillToSynch()
 3 SYSTEMPATH/CodeIgniter.php(896): App\Controllers\Api->postbillpayment()
 4 SYSTEMPATH/CodeIgniter.php(466): CodeIgniter\CodeIgniter->runController()
 5 SYSTEMPATH/CodeIgniter.php(349): CodeIgniter\CodeIgniter->handleRequest()
 6 FCPATH/index.php(57): CodeIgniter\CodeIgniter->run()
CRITICAL - 2024-07-29 14:02:01 --> Undefined variable $payArray
in APPPATH/Models/Engine.php on line 2230.
 1 APPPATH/Models/Engine.php(2230): CodeIgniter\Debug\Exceptions->errorHandler()
 2 APPPATH/Controllers/Api.php(147): App\Models\Engine->getBillToSynch()
 3 SYSTEMPATH/CodeIgniter.php(896): App\Controllers\Api->postbillpayment()
 4 SYSTEMPATH/CodeIgniter.php(466): CodeIgniter\CodeIgniter->runController()
 5 SYSTEMPATH/CodeIgniter.php(349): CodeIgniter\CodeIgniter->handleRequest()
 6 FCPATH/index.php(57): CodeIgniter\CodeIgniter->run()
CRITICAL - 2024-07-29 14:03:01 --> Undefined variable $payArray
in APPPATH/Models/Engine.php on line 2230.
 1 APPPATH/Models/Engine.php(2230): CodeIgniter\Debug\Exceptions->errorHandler()
 2 APPPATH/Controllers/Api.php(147): App\Models\Engine->getBillToSynch()
 3 SYSTEMPATH/CodeIgniter.php(896): App\Controllers\Api->postbillpayment()
 4 SYSTEMPATH/CodeIgniter.php(466): CodeIgniter\CodeIgniter->runController()
 5 SYSTEMPATH/CodeIgniter.php(349): CodeIgniter\CodeIgniter->handleRequest()
 6 FCPATH/index.php(57): CodeIgniter\CodeIgniter->run()
CRITICAL - 2024-07-29 14:04:01 --> Undefined variable $payArray
in APPPATH/Models/Engine.php on line 2230.
 1 APPPATH/Models/Engine.php(2230): CodeIgniter\Debug\Exceptions->errorHandler()
 2 APPPATH/Controllers/Api.php(147): App\Models\Engine->getBillToSynch()
 3 SYSTEMPATH/CodeIgniter.php(896): App\Controllers\Api->postbillpayment()
 4 SYSTEMPATH/CodeIgniter.php(466): CodeIgniter\CodeIgniter->runController()
 5 SYSTEMPATH/CodeIgniter.php(349): CodeIgniter\CodeIgniter->handleRequest()
 6 FCPATH/index.php(57): CodeIgniter\CodeIgniter->run()
CRITICAL - 2024-07-29 14:05:01 --> Undefined variable $payArray
in APPPATH/Models/Engine.php on line 2230.
 1 APPPATH/Models/Engine.php(2230): CodeIgniter\Debug\Exceptions->errorHandler()
 2 APPPATH/Controllers/Api.php(147): App\Models\Engine->getBillToSynch()
 3 SYSTEMPATH/CodeIgniter.php(896): App\Controllers\Api->postbillpayment()
 4 SYSTEMPATH/CodeIgniter.php(466): CodeIgniter\CodeIgniter->runController()
 5 SYSTEMPATH/CodeIgniter.php(349): CodeIgniter\CodeIgniter->handleRequest()
 6 FCPATH/index.php(57): CodeIgniter\CodeIgniter->run()
CRITICAL - 2024-07-29 14:06:00 --> Undefined variable $payArray
in APPPATH/Models/Engine.php on line 2230.
 1 APPPATH/Models/Engine.php(2230): CodeIgniter\Debug\Exceptions->errorHandler()
 2 APPPATH/Controllers/Api.php(147): App\Models\Engine->getBillToSynch()
 3 SYSTEMPATH/CodeIgniter.php(896): App\Controllers\Api->postbillpayment()
 4 SYSTEMPATH/CodeIgniter.php(466): CodeIgniter\CodeIgniter->runController()
 5 SYSTEMPATH/CodeIgniter.php(349): CodeIgniter\CodeIgniter->handleRequest()
 6 FCPATH/index.php(57): CodeIgniter\CodeIgniter->run()
CRITICAL - 2024-07-29 14:07:01 --> Undefined variable $payArray
in APPPATH/Models/Engine.php on line 2230.
 1 APPPATH/Models/Engine.php(2230): CodeIgniter\Debug\Exceptions->errorHandler()
 2 APPPATH/Controllers/Api.php(147): App\Models\Engine->getBillToSynch()
 3 SYSTEMPATH/CodeIgniter.php(896): App\Controllers\Api->postbillpayment()
 4 SYSTEMPATH/CodeIgniter.php(466): CodeIgniter\CodeIgniter->runController()
 5 SYSTEMPATH/CodeIgniter.php(349): CodeIgniter\CodeIgniter->handleRequest()
 6 FCPATH/index.php(57): CodeIgniter\CodeIgniter->run()
CRITICAL - 2024-07-29 14:08:01 --> Undefined variable $payArray
in APPPATH/Models/Engine.php on line 2230.
 1 APPPATH/Models/Engine.php(2230): CodeIgniter\Debug\Exceptions->errorHandler()
 2 APPPATH/Controllers/Api.php(147): App\Models\Engine->getBillToSynch()
 3 SYSTEMPATH/CodeIgniter.php(896): App\Controllers\Api->postbillpayment()
 4 SYSTEMPATH/CodeIgniter.php(466): CodeIgniter\CodeIgniter->runController()
 5 SYSTEMPATH/CodeIgniter.php(349): CodeIgniter\CodeIgniter->handleRequest()
 6 FCPATH/index.php(57): CodeIgniter\CodeIgniter->run()
CRITICAL - 2024-07-29 14:09:01 --> Undefined variable $payArray
in APPPATH/Models/Engine.php on line 2230.
 1 APPPATH/Models/Engine.php(2230): CodeIgniter\Debug\Exceptions->errorHandler()
 2 APPPATH/Controllers/Api.php(147): App\Models\Engine->getBillToSynch()
 3 SYSTEMPATH/CodeIgniter.php(896): App\Controllers\Api->postbillpayment()
 4 SYSTEMPATH/CodeIgniter.php(466): CodeIgniter\CodeIgniter->runController()
 5 SYSTEMPATH/CodeIgniter.php(349): CodeIgniter\CodeIgniter->handleRequest()
 6 FCPATH/index.php(57): CodeIgniter\CodeIgniter->run()
CRITICAL - 2024-07-29 14:10:01 --> Undefined variable $payArray
in APPPATH/Models/Engine.php on line 2230.
 1 APPPATH/Models/Engine.php(2230): CodeIgniter\Debug\Exceptions->errorHandler()
 2 APPPATH/Controllers/Api.php(147): App\Models\Engine->getBillToSynch()
 3 SYSTEMPATH/CodeIgniter.php(896): App\Controllers\Api->postbillpayment()
 4 SYSTEMPATH/CodeIgniter.php(466): CodeIgniter\CodeIgniter->runController()
 5 SYSTEMPATH/CodeIgniter.php(349): CodeIgniter\CodeIgniter->handleRequest()
 6 FCPATH/index.php(57): CodeIgniter\CodeIgniter->run()
CRITICAL - 2024-07-29 14:11:01 --> Undefined variable $payArray
in APPPATH/Models/Engine.php on line 2230.
 1 APPPATH/Models/Engine.php(2230): CodeIgniter\Debug\Exceptions->errorHandler()
 2 APPPATH/Controllers/Api.php(147): App\Models\Engine->getBillToSynch()
 3 SYSTEMPATH/CodeIgniter.php(896): App\Controllers\Api->postbillpayment()
 4 SYSTEMPATH/CodeIgniter.php(466): CodeIgniter\CodeIgniter->runController()
 5 SYSTEMPATH/CodeIgniter.php(349): CodeIgniter\CodeIgniter->handleRequest()
 6 FCPATH/index.php(57): CodeIgniter\CodeIgniter->run()
CRITICAL - 2024-07-29 14:12:01 --> Undefined variable $payArray
in APPPATH/Models/Engine.php on line 2230.
 1 APPPATH/Models/Engine.php(2230): CodeIgniter\Debug\Exceptions->errorHandler()
 2 APPPATH/Controllers/Api.php(147): App\Models\Engine->getBillToSynch()
 3 SYSTEMPATH/CodeIgniter.php(896): App\Controllers\Api->postbillpayment()
 4 SYSTEMPATH/CodeIgniter.php(466): CodeIgniter\CodeIgniter->runController()
 5 SYSTEMPATH/CodeIgniter.php(349): CodeIgniter\CodeIgniter->handleRequest()
 6 FCPATH/index.php(57): CodeIgniter\CodeIgniter->run()
CRITICAL - 2024-07-29 14:13:01 --> Undefined variable $payArray
in APPPATH/Models/Engine.php on line 2230.
 1 APPPATH/Models/Engine.php(2230): CodeIgniter\Debug\Exceptions->errorHandler()
 2 APPPATH/Controllers/Api.php(147): App\Models\Engine->getBillToSynch()
 3 SYSTEMPATH/CodeIgniter.php(896): App\Controllers\Api->postbillpayment()
 4 SYSTEMPATH/CodeIgniter.php(466): CodeIgniter\CodeIgniter->runController()
 5 SYSTEMPATH/CodeIgniter.php(349): CodeIgniter\CodeIgniter->handleRequest()
 6 FCPATH/index.php(57): CodeIgniter\CodeIgniter->run()
CRITICAL - 2024-07-29 14:14:01 --> Undefined variable $payArray
in APPPATH/Models/Engine.php on line 2230.
 1 APPPATH/Models/Engine.php(2230): CodeIgniter\Debug\Exceptions->errorHandler()
 2 APPPATH/Controllers/Api.php(147): App\Models\Engine->getBillToSynch()
 3 SYSTEMPATH/CodeIgniter.php(896): App\Controllers\Api->postbillpayment()
 4 SYSTEMPATH/CodeIgniter.php(466): CodeIgniter\CodeIgniter->runController()
 5 SYSTEMPATH/CodeIgniter.php(349): CodeIgniter\CodeIgniter->handleRequest()
 6 FCPATH/index.php(57): CodeIgniter\CodeIgniter->run()
CRITICAL - 2024-07-29 14:15:01 --> Undefined variable $payArray
in APPPATH/Models/Engine.php on line 2230.
 1 APPPATH/Models/Engine.php(2230): CodeIgniter\Debug\Exceptions->errorHandler()
 2 APPPATH/Controllers/Api.php(147): App\Models\Engine->getBillToSynch()
 3 SYSTEMPATH/CodeIgniter.php(896): App\Controllers\Api->postbillpayment()
 4 SYSTEMPATH/CodeIgniter.php(466): CodeIgniter\CodeIgniter->runController()
 5 SYSTEMPATH/CodeIgniter.php(349): CodeIgniter\CodeIgniter->handleRequest()
 6 FCPATH/index.php(57): CodeIgniter\CodeIgniter->run()
CRITICAL - 2024-07-29 14:16:01 --> Undefined variable $payArray
in APPPATH/Models/Engine.php on line 2230.
 1 APPPATH/Models/Engine.php(2230): CodeIgniter\Debug\Exceptions->errorHandler()
 2 APPPATH/Controllers/Api.php(147): App\Models\Engine->getBillToSynch()
 3 SYSTEMPATH/CodeIgniter.php(896): App\Controllers\Api->postbillpayment()
 4 SYSTEMPATH/CodeIgniter.php(466): CodeIgniter\CodeIgniter->runController()
 5 SYSTEMPATH/CodeIgniter.php(349): CodeIgniter\CodeIgniter->handleRequest()
 6 FCPATH/index.php(57): CodeIgniter\CodeIgniter->run()
CRITICAL - 2024-07-29 14:17:01 --> Undefined variable $payArray
in APPPATH/Models/Engine.php on line 2230.
 1 APPPATH/Models/Engine.php(2230): CodeIgniter\Debug\Exceptions->errorHandler()
 2 APPPATH/Controllers/Api.php(147): App\Models\Engine->getBillToSynch()
 3 SYSTEMPATH/CodeIgniter.php(896): App\Controllers\Api->postbillpayment()
 4 SYSTEMPATH/CodeIgniter.php(466): CodeIgniter\CodeIgniter->runController()
 5 SYSTEMPATH/CodeIgniter.php(349): CodeIgniter\CodeIgniter->handleRequest()
 6 FCPATH/index.php(57): CodeIgniter\CodeIgniter->run()
CRITICAL - 2024-07-29 14:24:01 --> Undefined variable $payArray
in APPPATH/Models/Engine.php on line 2230.
 1 APPPATH/Models/Engine.php(2230): CodeIgniter\Debug\Exceptions->errorHandler()
 2 APPPATH/Controllers/Api.php(147): App\Models\Engine->getBillToSynch()
 3 SYSTEMPATH/CodeIgniter.php(896): App\Controllers\Api->postbillpayment()
 4 SYSTEMPATH/CodeIgniter.php(466): CodeIgniter\CodeIgniter->runController()
 5 SYSTEMPATH/CodeIgniter.php(349): CodeIgniter\CodeIgniter->handleRequest()
 6 FCPATH/index.php(57): CodeIgniter\CodeIgniter->run()
CRITICAL - 2024-07-29 14:25:01 --> Undefined variable $payArray
in APPPATH/Models/Engine.php on line 2230.
 1 APPPATH/Models/Engine.php(2230): CodeIgniter\Debug\Exceptions->errorHandler()
 2 APPPATH/Controllers/Api.php(147): App\Models\Engine->getBillToSynch()
 3 SYSTEMPATH/CodeIgniter.php(896): App\Controllers\Api->postbillpayment()
 4 SYSTEMPATH/CodeIgniter.php(466): CodeIgniter\CodeIgniter->runController()
 5 SYSTEMPATH/CodeIgniter.php(349): CodeIgniter\CodeIgniter->handleRequest()
 6 FCPATH/index.php(57): CodeIgniter\CodeIgniter->run()
CRITICAL - 2024-07-29 14:26:01 --> Undefined variable $payArray
in APPPATH/Models/Engine.php on line 2230.
 1 APPPATH/Models/Engine.php(2230): CodeIgniter\Debug\Exceptions->errorHandler()
 2 APPPATH/Controllers/Api.php(147): App\Models\Engine->getBillToSynch()
 3 SYSTEMPATH/CodeIgniter.php(896): App\Controllers\Api->postbillpayment()
 4 SYSTEMPATH/CodeIgniter.php(466): CodeIgniter\CodeIgniter->runController()
 5 SYSTEMPATH/CodeIgniter.php(349): CodeIgniter\CodeIgniter->handleRequest()
 6 FCPATH/index.php(57): CodeIgniter\CodeIgniter->run()
CRITICAL - 2024-07-29 14:27:01 --> Undefined variable $payArray
in APPPATH/Models/Engine.php on line 2230.
 1 APPPATH/Models/Engine.php(2230): CodeIgniter\Debug\Exceptions->errorHandler()
 2 APPPATH/Controllers/Api.php(147): App\Models\Engine->getBillToSynch()
 3 SYSTEMPATH/CodeIgniter.php(896): App\Controllers\Api->postbillpayment()
 4 SYSTEMPATH/CodeIgniter.php(466): CodeIgniter\CodeIgniter->runController()
 5 SYSTEMPATH/CodeIgniter.php(349): CodeIgniter\CodeIgniter->handleRequest()
 6 FCPATH/index.php(57): CodeIgniter\CodeIgniter->run()
CRITICAL - 2024-07-29 14:28:01 --> Undefined variable $payArray
in APPPATH/Models/Engine.php on line 2230.
 1 APPPATH/Models/Engine.php(2230): CodeIgniter\Debug\Exceptions->errorHandler()
 2 APPPATH/Controllers/Api.php(147): App\Models\Engine->getBillToSynch()
 3 SYSTEMPATH/CodeIgniter.php(896): App\Controllers\Api->postbillpayment()
 4 SYSTEMPATH/CodeIgniter.php(466): CodeIgniter\CodeIgniter->runController()
 5 SYSTEMPATH/CodeIgniter.php(349): CodeIgniter\CodeIgniter->handleRequest()
 6 FCPATH/index.php(57): CodeIgniter\CodeIgniter->run()
CRITICAL - 2024-07-29 14:29:01 --> Undefined variable $payArray
in APPPATH/Models/Engine.php on line 2230.
 1 APPPATH/Models/Engine.php(2230): CodeIgniter\Debug\Exceptions->errorHandler()
 2 APPPATH/Controllers/Api.php(147): App\Models\Engine->getBillToSynch()
 3 SYSTEMPATH/CodeIgniter.php(896): App\Controllers\Api->postbillpayment()
 4 SYSTEMPATH/CodeIgniter.php(466): CodeIgniter\CodeIgniter->runController()
 5 SYSTEMPATH/CodeIgniter.php(349): CodeIgniter\CodeIgniter->handleRequest()
 6 FCPATH/index.php(57): CodeIgniter\CodeIgniter->run()
CRITICAL - 2024-07-29 14:30:01 --> Undefined variable $payArray
in APPPATH/Models/Engine.php on line 2230.
 1 APPPATH/Models/Engine.php(2230): CodeIgniter\Debug\Exceptions->errorHandler()
 2 APPPATH/Controllers/Api.php(147): App\Models\Engine->getBillToSynch()
 3 SYSTEMPATH/CodeIgniter.php(896): App\Controllers\Api->postbillpayment()
 4 SYSTEMPATH/CodeIgniter.php(466): CodeIgniter\CodeIgniter->runController()
 5 SYSTEMPATH/CodeIgniter.php(349): CodeIgniter\CodeIgniter->handleRequest()
 6 FCPATH/index.php(57): CodeIgniter\CodeIgniter->run()
CRITICAL - 2024-07-29 14:31:01 --> Undefined variable $payArray
in APPPATH/Models/Engine.php on line 2230.
 1 APPPATH/Models/Engine.php(2230): CodeIgniter\Debug\Exceptions->errorHandler()
 2 APPPATH/Controllers/Api.php(147): App\Models\Engine->getBillToSynch()
 3 SYSTEMPATH/CodeIgniter.php(896): App\Controllers\Api->postbillpayment()
 4 SYSTEMPATH/CodeIgniter.php(466): CodeIgniter\CodeIgniter->runController()
 5 SYSTEMPATH/CodeIgniter.php(349): CodeIgniter\CodeIgniter->handleRequest()
 6 FCPATH/index.php(57): CodeIgniter\CodeIgniter->run()
CRITICAL - 2024-07-29 14:32:01 --> Undefined variable $payArray
in APPPATH/Models/Engine.php on line 2230.
 1 APPPATH/Models/Engine.php(2230): CodeIgniter\Debug\Exceptions->errorHandler()
 2 APPPATH/Controllers/Api.php(147): App\Models\Engine->getBillToSynch()
 3 SYSTEMPATH/CodeIgniter.php(896): App\Controllers\Api->postbillpayment()
 4 SYSTEMPATH/CodeIgniter.php(466): CodeIgniter\CodeIgniter->runController()
 5 SYSTEMPATH/CodeIgniter.php(349): CodeIgniter\CodeIgniter->handleRequest()
 6 FCPATH/index.php(57): CodeIgniter\CodeIgniter->run()
CRITICAL - 2024-07-29 14:33:01 --> Undefined variable $payArray
in APPPATH/Models/Engine.php on line 2230.
 1 APPPATH/Models/Engine.php(2230): CodeIgniter\Debug\Exceptions->errorHandler()
 2 APPPATH/Controllers/Api.php(147): App\Models\Engine->getBillToSynch()
 3 SYSTEMPATH/CodeIgniter.php(896): App\Controllers\Api->postbillpayment()
 4 SYSTEMPATH/CodeIgniter.php(466): CodeIgniter\CodeIgniter->runController()
 5 SYSTEMPATH/CodeIgniter.php(349): CodeIgniter\CodeIgniter->handleRequest()
 6 FCPATH/index.php(57): CodeIgniter\CodeIgniter->run()
CRITICAL - 2024-07-29 14:34:01 --> Undefined variable $payArray
in APPPATH/Models/Engine.php on line 2230.
 1 APPPATH/Models/Engine.php(2230): CodeIgniter\Debug\Exceptions->errorHandler()
 2 APPPATH/Controllers/Api.php(147): App\Models\Engine->getBillToSynch()
 3 SYSTEMPATH/CodeIgniter.php(896): App\Controllers\Api->postbillpayment()
 4 SYSTEMPATH/CodeIgniter.php(466): CodeIgniter\CodeIgniter->runController()
 5 SYSTEMPATH/CodeIgniter.php(349): CodeIgniter\CodeIgniter->handleRequest()
 6 FCPATH/index.php(57): CodeIgniter\CodeIgniter->run()
CRITICAL - 2024-07-29 14:35:01 --> Undefined variable $payArray
in APPPATH/Models/Engine.php on line 2230.
 1 APPPATH/Models/Engine.php(2230): CodeIgniter\Debug\Exceptions->errorHandler()
 2 APPPATH/Controllers/Api.php(147): App\Models\Engine->getBillToSynch()
 3 SYSTEMPATH/CodeIgniter.php(896): App\Controllers\Api->postbillpayment()
 4 SYSTEMPATH/CodeIgniter.php(466): CodeIgniter\CodeIgniter->runController()
 5 SYSTEMPATH/CodeIgniter.php(349): CodeIgniter\CodeIgniter->handleRequest()
 6 FCPATH/index.php(57): CodeIgniter\CodeIgniter->run()
CRITICAL - 2024-07-29 14:36:01 --> Undefined variable $payArray
in APPPATH/Models/Engine.php on line 2230.
 1 APPPATH/Models/Engine.php(2230): CodeIgniter\Debug\Exceptions->errorHandler()
 2 APPPATH/Controllers/Api.php(147): App\Models\Engine->getBillToSynch()
 3 SYSTEMPATH/CodeIgniter.php(896): App\Controllers\Api->postbillpayment()
 4 SYSTEMPATH/CodeIgniter.php(466): CodeIgniter\CodeIgniter->runController()
 5 SYSTEMPATH/CodeIgniter.php(349): CodeIgniter\CodeIgniter->handleRequest()
 6 FCPATH/index.php(57): CodeIgniter\CodeIgniter->run()
CRITICAL - 2024-07-29 14:37:01 --> Undefined variable $payArray
in APPPATH/Models/Engine.php on line 2230.
 1 APPPATH/Models/Engine.php(2230): CodeIgniter\Debug\Exceptions->errorHandler()
 2 APPPATH/Controllers/Api.php(147): App\Models\Engine->getBillToSynch()
 3 SYSTEMPATH/CodeIgniter.php(896): App\Controllers\Api->postbillpayment()
 4 SYSTEMPATH/CodeIgniter.php(466): CodeIgniter\CodeIgniter->runController()
 5 SYSTEMPATH/CodeIgniter.php(349): CodeIgniter\CodeIgniter->handleRequest()
 6 FCPATH/index.php(57): CodeIgniter\CodeIgniter->run()
CRITICAL - 2024-07-29 14:38:01 --> Undefined variable $payArray
in APPPATH/Models/Engine.php on line 2230.
 1 APPPATH/Models/Engine.php(2230): CodeIgniter\Debug\Exceptions->errorHandler()
 2 APPPATH/Controllers/Api.php(147): App\Models\Engine->getBillToSynch()
 3 SYSTEMPATH/CodeIgniter.php(896): App\Controllers\Api->postbillpayment()
 4 SYSTEMPATH/CodeIgniter.php(466): CodeIgniter\CodeIgniter->runController()
 5 SYSTEMPATH/CodeIgniter.php(349): CodeIgniter\CodeIgniter->handleRequest()
 6 FCPATH/index.php(57): CodeIgniter\CodeIgniter->run()
CRITICAL - 2024-07-29 14:39:01 --> Undefined variable $payArray
in APPPATH/Models/Engine.php on line 2230.
 1 APPPATH/Models/Engine.php(2230): CodeIgniter\Debug\Exceptions->errorHandler()
 2 APPPATH/Controllers/Api.php(147): App\Models\Engine->getBillToSynch()
 3 SYSTEMPATH/CodeIgniter.php(896): App\Controllers\Api->postbillpayment()
 4 SYSTEMPATH/CodeIgniter.php(466): CodeIgniter\CodeIgniter->runController()
 5 SYSTEMPATH/CodeIgniter.php(349): CodeIgniter\CodeIgniter->handleRequest()
 6 FCPATH/index.php(57): CodeIgniter\CodeIgniter->run()
CRITICAL - 2024-07-29 14:40:01 --> Undefined variable $payArray
in APPPATH/Models/Engine.php on line 2230.
 1 APPPATH/Models/Engine.php(2230): CodeIgniter\Debug\Exceptions->errorHandler()
 2 APPPATH/Controllers/Api.php(147): App\Models\Engine->getBillToSynch()
 3 SYSTEMPATH/CodeIgniter.php(896): App\Controllers\Api->postbillpayment()
 4 SYSTEMPATH/CodeIgniter.php(466): CodeIgniter\CodeIgniter->runController()
 5 SYSTEMPATH/CodeIgniter.php(349): CodeIgniter\CodeIgniter->handleRequest()
 6 FCPATH/index.php(57): CodeIgniter\CodeIgniter->run()
CRITICAL - 2024-07-29 14:41:01 --> Undefined variable $payArray
in APPPATH/Models/Engine.php on line 2230.
 1 APPPATH/Models/Engine.php(2230): CodeIgniter\Debug\Exceptions->errorHandler()
 2 APPPATH/Controllers/Api.php(147): App\Models\Engine->getBillToSynch()
 3 SYSTEMPATH/CodeIgniter.php(896): App\Controllers\Api->postbillpayment()
 4 SYSTEMPATH/CodeIgniter.php(466): CodeIgniter\CodeIgniter->runController()
 5 SYSTEMPATH/CodeIgniter.php(349): CodeIgniter\CodeIgniter->handleRequest()
 6 FCPATH/index.php(57): CodeIgniter\CodeIgniter->run()
CRITICAL - 2024-07-29 14:42:01 --> Undefined variable $payArray
in APPPATH/Models/Engine.php on line 2230.
 1 APPPATH/Models/Engine.php(2230): CodeIgniter\Debug\Exceptions->errorHandler()
 2 APPPATH/Controllers/Api.php(147): App\Models\Engine->getBillToSynch()
 3 SYSTEMPATH/CodeIgniter.php(896): App\Controllers\Api->postbillpayment()
 4 SYSTEMPATH/CodeIgniter.php(466): CodeIgniter\CodeIgniter->runController()
 5 SYSTEMPATH/CodeIgniter.php(349): CodeIgniter\CodeIgniter->handleRequest()
 6 FCPATH/index.php(57): CodeIgniter\CodeIgniter->run()
CRITICAL - 2024-07-29 14:43:01 --> Undefined variable $payArray
in APPPATH/Models/Engine.php on line 2230.
 1 APPPATH/Models/Engine.php(2230): CodeIgniter\Debug\Exceptions->errorHandler()
 2 APPPATH/Controllers/Api.php(147): App\Models\Engine->getBillToSynch()
 3 SYSTEMPATH/CodeIgniter.php(896): App\Controllers\Api->postbillpayment()
 4 SYSTEMPATH/CodeIgniter.php(466): CodeIgniter\CodeIgniter->runController()
 5 SYSTEMPATH/CodeIgniter.php(349): CodeIgniter\CodeIgniter->handleRequest()
 6 FCPATH/index.php(57): CodeIgniter\CodeIgniter->run()
CRITICAL - 2024-07-29 14:44:01 --> Undefined variable $payArray
in APPPATH/Models/Engine.php on line 2230.
 1 APPPATH/Models/Engine.php(2230): CodeIgniter\Debug\Exceptions->errorHandler()
 2 APPPATH/Controllers/Api.php(147): App\Models\Engine->getBillToSynch()
 3 SYSTEMPATH/CodeIgniter.php(896): App\Controllers\Api->postbillpayment()
 4 SYSTEMPATH/CodeIgniter.php(466): CodeIgniter\CodeIgniter->runController()
 5 SYSTEMPATH/CodeIgniter.php(349): CodeIgniter\CodeIgniter->handleRequest()
 6 FCPATH/index.php(57): CodeIgniter\CodeIgniter->run()
CRITICAL - 2024-07-29 14:45:01 --> Undefined variable $payArray
in APPPATH/Models/Engine.php on line 2230.
 1 APPPATH/Models/Engine.php(2230): CodeIgniter\Debug\Exceptions->errorHandler()
 2 APPPATH/Controllers/Api.php(147): App\Models\Engine->getBillToSynch()
 3 SYSTEMPATH/CodeIgniter.php(896): App\Controllers\Api->postbillpayment()
 4 SYSTEMPATH/CodeIgniter.php(466): CodeIgniter\CodeIgniter->runController()
 5 SYSTEMPATH/CodeIgniter.php(349): CodeIgniter\CodeIgniter->handleRequest()
 6 FCPATH/index.php(57): CodeIgniter\CodeIgniter->run()
CRITICAL - 2024-07-29 14:46:01 --> Undefined variable $payArray
in APPPATH/Models/Engine.php on line 2230.
 1 APPPATH/Models/Engine.php(2230): CodeIgniter\Debug\Exceptions->errorHandler()
 2 APPPATH/Controllers/Api.php(147): App\Models\Engine->getBillToSynch()
 3 SYSTEMPATH/CodeIgniter.php(896): App\Controllers\Api->postbillpayment()
 4 SYSTEMPATH/CodeIgniter.php(466): CodeIgniter\CodeIgniter->runController()
 5 SYSTEMPATH/CodeIgniter.php(349): CodeIgniter\CodeIgniter->handleRequest()
 6 FCPATH/index.php(57): CodeIgniter\CodeIgniter->run()
CRITICAL - 2024-07-29 14:47:01 --> Undefined variable $payArray
in APPPATH/Models/Engine.php on line 2230.
 1 APPPATH/Models/Engine.php(2230): CodeIgniter\Debug\Exceptions->errorHandler()
 2 APPPATH/Controllers/Api.php(147): App\Models\Engine->getBillToSynch()
 3 SYSTEMPATH/CodeIgniter.php(896): App\Controllers\Api->postbillpayment()
 4 SYSTEMPATH/CodeIgniter.php(466): CodeIgniter\CodeIgniter->runController()
 5 SYSTEMPATH/CodeIgniter.php(349): CodeIgniter\CodeIgniter->handleRequest()
 6 FCPATH/index.php(57): CodeIgniter\CodeIgniter->run()
CRITICAL - 2024-07-29 14:48:01 --> Undefined variable $payArray
in APPPATH/Models/Engine.php on line 2230.
 1 APPPATH/Models/Engine.php(2230): CodeIgniter\Debug\Exceptions->errorHandler()
 2 APPPATH/Controllers/Api.php(147): App\Models\Engine->getBillToSynch()
 3 SYSTEMPATH/CodeIgniter.php(896): App\Controllers\Api->postbillpayment()
 4 SYSTEMPATH/CodeIgniter.php(466): CodeIgniter\CodeIgniter->runController()
 5 SYSTEMPATH/CodeIgniter.php(349): CodeIgniter\CodeIgniter->handleRequest()
 6 FCPATH/index.php(57): CodeIgniter\CodeIgniter->run()
CRITICAL - 2024-07-29 14:49:01 --> Undefined variable $payArray
in APPPATH/Models/Engine.php on line 2230.
 1 APPPATH/Models/Engine.php(2230): CodeIgniter\Debug\Exceptions->errorHandler()
 2 APPPATH/Controllers/Api.php(147): App\Models\Engine->getBillToSynch()
 3 SYSTEMPATH/CodeIgniter.php(896): App\Controllers\Api->postbillpayment()
 4 SYSTEMPATH/CodeIgniter.php(466): CodeIgniter\CodeIgniter->runController()
 5 SYSTEMPATH/CodeIgniter.php(349): CodeIgniter\CodeIgniter->handleRequest()
 6 FCPATH/index.php(57): CodeIgniter\CodeIgniter->run()
CRITICAL - 2024-07-29 14:50:01 --> Undefined variable $payArray
in APPPATH/Models/Engine.php on line 2230.
 1 APPPATH/Models/Engine.php(2230): CodeIgniter\Debug\Exceptions->errorHandler()
 2 APPPATH/Controllers/Api.php(147): App\Models\Engine->getBillToSynch()
 3 SYSTEMPATH/CodeIgniter.php(896): App\Controllers\Api->postbillpayment()
 4 SYSTEMPATH/CodeIgniter.php(466): CodeIgniter\CodeIgniter->runController()
 5 SYSTEMPATH/CodeIgniter.php(349): CodeIgniter\CodeIgniter->handleRequest()
 6 FCPATH/index.php(57): CodeIgniter\CodeIgniter->run()
CRITICAL - 2024-07-29 14:51:01 --> Undefined variable $payArray
in APPPATH/Models/Engine.php on line 2230.
 1 APPPATH/Models/Engine.php(2230): CodeIgniter\Debug\Exceptions->errorHandler()
 2 APPPATH/Controllers/Api.php(147): App\Models\Engine->getBillToSynch()
 3 SYSTEMPATH/CodeIgniter.php(896): App\Controllers\Api->postbillpayment()
 4 SYSTEMPATH/CodeIgniter.php(466): CodeIgniter\CodeIgniter->runController()
 5 SYSTEMPATH/CodeIgniter.php(349): CodeIgniter\CodeIgniter->handleRequest()
 6 FCPATH/index.php(57): CodeIgniter\CodeIgniter->run()
CRITICAL - 2024-07-29 14:52:01 --> Undefined variable $payArray
in APPPATH/Models/Engine.php on line 2230.
 1 APPPATH/Models/Engine.php(2230): CodeIgniter\Debug\Exceptions->errorHandler()
 2 APPPATH/Controllers/Api.php(147): App\Models\Engine->getBillToSynch()
 3 SYSTEMPATH/CodeIgniter.php(896): App\Controllers\Api->postbillpayment()
 4 SYSTEMPATH/CodeIgniter.php(466): CodeIgniter\CodeIgniter->runController()
 5 SYSTEMPATH/CodeIgniter.php(349): CodeIgniter\CodeIgniter->handleRequest()
 6 FCPATH/index.php(57): CodeIgniter\CodeIgniter->run()
CRITICAL - 2024-07-29 14:53:01 --> Undefined variable $payArray
in APPPATH/Models/Engine.php on line 2230.
 1 APPPATH/Models/Engine.php(2230): CodeIgniter\Debug\Exceptions->errorHandler()
 2 APPPATH/Controllers/Api.php(147): App\Models\Engine->getBillToSynch()
 3 SYSTEMPATH/CodeIgniter.php(896): App\Controllers\Api->postbillpayment()
 4 SYSTEMPATH/CodeIgniter.php(466): CodeIgniter\CodeIgniter->runController()
 5 SYSTEMPATH/CodeIgniter.php(349): CodeIgniter\CodeIgniter->handleRequest()
 6 FCPATH/index.php(57): CodeIgniter\CodeIgniter->run()
CRITICAL - 2024-07-29 14:54:01 --> Undefined variable $payArray
in APPPATH/Models/Engine.php on line 2230.
 1 APPPATH/Models/Engine.php(2230): CodeIgniter\Debug\Exceptions->errorHandler()
 2 APPPATH/Controllers/Api.php(147): App\Models\Engine->getBillToSynch()
 3 SYSTEMPATH/CodeIgniter.php(896): App\Controllers\Api->postbillpayment()
 4 SYSTEMPATH/CodeIgniter.php(466): CodeIgniter\CodeIgniter->runController()
 5 SYSTEMPATH/CodeIgniter.php(349): CodeIgniter\CodeIgniter->handleRequest()
 6 FCPATH/index.php(57): CodeIgniter\CodeIgniter->run()
CRITICAL - 2024-07-29 14:55:01 --> Undefined variable $payArray
in APPPATH/Models/Engine.php on line 2230.
 1 APPPATH/Models/Engine.php(2230): CodeIgniter\Debug\Exceptions->errorHandler()
 2 APPPATH/Controllers/Api.php(147): App\Models\Engine->getBillToSynch()
 3 SYSTEMPATH/CodeIgniter.php(896): App\Controllers\Api->postbillpayment()
 4 SYSTEMPATH/CodeIgniter.php(466): CodeIgniter\CodeIgniter->runController()
 5 SYSTEMPATH/CodeIgniter.php(349): CodeIgniter\CodeIgniter->handleRequest()
 6 FCPATH/index.php(57): CodeIgniter\CodeIgniter->run()
CRITICAL - 2024-07-29 14:56:01 --> Undefined variable $payArray
in APPPATH/Models/Engine.php on line 2230.
 1 APPPATH/Models/Engine.php(2230): CodeIgniter\Debug\Exceptions->errorHandler()
 2 APPPATH/Controllers/Api.php(147): App\Models\Engine->getBillToSynch()
 3 SYSTEMPATH/CodeIgniter.php(896): App\Controllers\Api->postbillpayment()
 4 SYSTEMPATH/CodeIgniter.php(466): CodeIgniter\CodeIgniter->runController()
 5 SYSTEMPATH/CodeIgniter.php(349): CodeIgniter\CodeIgniter->handleRequest()
 6 FCPATH/index.php(57): CodeIgniter\CodeIgniter->run()
CRITICAL - 2024-07-29 14:57:01 --> Undefined variable $payArray
in APPPATH/Models/Engine.php on line 2230.
 1 APPPATH/Models/Engine.php(2230): CodeIgniter\Debug\Exceptions->errorHandler()
 2 APPPATH/Controllers/Api.php(147): App\Models\Engine->getBillToSynch()
 3 SYSTEMPATH/CodeIgniter.php(896): App\Controllers\Api->postbillpayment()
 4 SYSTEMPATH/CodeIgniter.php(466): CodeIgniter\CodeIgniter->runController()
 5 SYSTEMPATH/CodeIgniter.php(349): CodeIgniter\CodeIgniter->handleRequest()
 6 FCPATH/index.php(57): CodeIgniter\CodeIgniter->run()
CRITICAL - 2024-07-29 14:58:01 --> Undefined variable $payArray
in APPPATH/Models/Engine.php on line 2230.
 1 APPPATH/Models/Engine.php(2230): CodeIgniter\Debug\Exceptions->errorHandler()
 2 APPPATH/Controllers/Api.php(147): App\Models\Engine->getBillToSynch()
 3 SYSTEMPATH/CodeIgniter.php(896): App\Controllers\Api->postbillpayment()
 4 SYSTEMPATH/CodeIgniter.php(466): CodeIgniter\CodeIgniter->runController()
 5 SYSTEMPATH/CodeIgniter.php(349): CodeIgniter\CodeIgniter->handleRequest()
 6 FCPATH/index.php(57): CodeIgniter\CodeIgniter->run()
CRITICAL - 2024-07-29 15:05:01 --> Undefined variable $payArray
in APPPATH/Models/Engine.php on line 2230.
 1 APPPATH/Models/Engine.php(2230): CodeIgniter\Debug\Exceptions->errorHandler()
 2 APPPATH/Controllers/Api.php(147): App\Models\Engine->getBillToSynch()
 3 SYSTEMPATH/CodeIgniter.php(896): App\Controllers\Api->postbillpayment()
 4 SYSTEMPATH/CodeIgniter.php(466): CodeIgniter\CodeIgniter->runController()
 5 SYSTEMPATH/CodeIgniter.php(349): CodeIgniter\CodeIgniter->handleRequest()
 6 FCPATH/index.php(57): CodeIgniter\CodeIgniter->run()
CRITICAL - 2024-07-29 15:06:01 --> Undefined variable $payArray
in APPPATH/Models/Engine.php on line 2230.
 1 APPPATH/Models/Engine.php(2230): CodeIgniter\Debug\Exceptions->errorHandler()
 2 APPPATH/Controllers/Api.php(147): App\Models\Engine->getBillToSynch()
 3 SYSTEMPATH/CodeIgniter.php(896): App\Controllers\Api->postbillpayment()
 4 SYSTEMPATH/CodeIgniter.php(466): CodeIgniter\CodeIgniter->runController()
 5 SYSTEMPATH/CodeIgniter.php(349): CodeIgniter\CodeIgniter->handleRequest()
 6 FCPATH/index.php(57): CodeIgniter\CodeIgniter->run()
CRITICAL - 2024-07-29 15:07:01 --> Undefined variable $payArray
in APPPATH/Models/Engine.php on line 2230.
 1 APPPATH/Models/Engine.php(2230): CodeIgniter\Debug\Exceptions->errorHandler()
 2 APPPATH/Controllers/Api.php(147): App\Models\Engine->getBillToSynch()
 3 SYSTEMPATH/CodeIgniter.php(896): App\Controllers\Api->postbillpayment()
 4 SYSTEMPATH/CodeIgniter.php(466): CodeIgniter\CodeIgniter->runController()
 5 SYSTEMPATH/CodeIgniter.php(349): CodeIgniter\CodeIgniter->handleRequest()
 6 FCPATH/index.php(57): CodeIgniter\CodeIgniter->run()
CRITICAL - 2024-07-29 15:14:01 --> Undefined variable $payArray
in APPPATH/Models/Engine.php on line 2230.
 1 APPPATH/Models/Engine.php(2230): CodeIgniter\Debug\Exceptions->errorHandler()
 2 APPPATH/Controllers/Api.php(147): App\Models\Engine->getBillToSynch()
 3 SYSTEMPATH/CodeIgniter.php(896): App\Controllers\Api->postbillpayment()
 4 SYSTEMPATH/CodeIgniter.php(466): CodeIgniter\CodeIgniter->runController()
 5 SYSTEMPATH/CodeIgniter.php(349): CodeIgniter\CodeIgniter->handleRequest()
 6 FCPATH/index.php(57): CodeIgniter\CodeIgniter->run()
CRITICAL - 2024-07-29 15:15:00 --> Undefined variable $payArray
in APPPATH/Models/Engine.php on line 2230.
 1 APPPATH/Models/Engine.php(2230): CodeIgniter\Debug\Exceptions->errorHandler()
 2 APPPATH/Controllers/Api.php(147): App\Models\Engine->getBillToSynch()
 3 SYSTEMPATH/CodeIgniter.php(896): App\Controllers\Api->postbillpayment()
 4 SYSTEMPATH/CodeIgniter.php(466): CodeIgniter\CodeIgniter->runController()
 5 SYSTEMPATH/CodeIgniter.php(349): CodeIgniter\CodeIgniter->handleRequest()
 6 FCPATH/index.php(57): CodeIgniter\CodeIgniter->run()
CRITICAL - 2024-07-29 15:16:01 --> Undefined variable $payArray
in APPPATH/Models/Engine.php on line 2230.
 1 APPPATH/Models/Engine.php(2230): CodeIgniter\Debug\Exceptions->errorHandler()
 2 APPPATH/Controllers/Api.php(147): App\Models\Engine->getBillToSynch()
 3 SYSTEMPATH/CodeIgniter.php(896): App\Controllers\Api->postbillpayment()
 4 SYSTEMPATH/CodeIgniter.php(466): CodeIgniter\CodeIgniter->runController()
 5 SYSTEMPATH/CodeIgniter.php(349): CodeIgniter\CodeIgniter->handleRequest()
 6 FCPATH/index.php(57): CodeIgniter\CodeIgniter->run()
CRITICAL - 2024-07-29 15:17:01 --> Undefined variable $payArray
in APPPATH/Models/Engine.php on line 2230.
 1 APPPATH/Models/Engine.php(2230): CodeIgniter\Debug\Exceptions->errorHandler()
 2 APPPATH/Controllers/Api.php(147): App\Models\Engine->getBillToSynch()
 3 SYSTEMPATH/CodeIgniter.php(896): App\Controllers\Api->postbillpayment()
 4 SYSTEMPATH/CodeIgniter.php(466): CodeIgniter\CodeIgniter->runController()
 5 SYSTEMPATH/CodeIgniter.php(349): CodeIgniter\CodeIgniter->handleRequest()
 6 FCPATH/index.php(57): CodeIgniter\CodeIgniter->run()
CRITICAL - 2024-07-29 15:24:01 --> Undefined variable $payArray
in APPPATH/Models/Engine.php on line 2230.
 1 APPPATH/Models/Engine.php(2230): CodeIgniter\Debug\Exceptions->errorHandler()
 2 APPPATH/Controllers/Api.php(147): App\Models\Engine->getBillToSynch()
 3 SYSTEMPATH/CodeIgniter.php(896): App\Controllers\Api->postbillpayment()
 4 SYSTEMPATH/CodeIgniter.php(466): CodeIgniter\CodeIgniter->runController()
 5 SYSTEMPATH/CodeIgniter.php(349): CodeIgniter\CodeIgniter->handleRequest()
 6 FCPATH/index.php(57): CodeIgniter\CodeIgniter->run()
CRITICAL - 2024-07-29 15:31:01 --> Undefined variable $payArray
in APPPATH/Models/Engine.php on line 2230.
 1 APPPATH/Models/Engine.php(2230): CodeIgniter\Debug\Exceptions->errorHandler()
 2 APPPATH/Controllers/Api.php(147): App\Models\Engine->getBillToSynch()
 3 SYSTEMPATH/CodeIgniter.php(896): App\Controllers\Api->postbillpayment()
 4 SYSTEMPATH/CodeIgniter.php(466): CodeIgniter\CodeIgniter->runController()
 5 SYSTEMPATH/CodeIgniter.php(349): CodeIgniter\CodeIgniter->handleRequest()
 6 FCPATH/index.php(57): CodeIgniter\CodeIgniter->run()
CRITICAL - 2024-07-29 15:32:01 --> Undefined variable $payArray
in APPPATH/Models/Engine.php on line 2230.
 1 APPPATH/Models/Engine.php(2230): CodeIgniter\Debug\Exceptions->errorHandler()
 2 APPPATH/Controllers/Api.php(147): App\Models\Engine->getBillToSynch()
 3 SYSTEMPATH/CodeIgniter.php(896): App\Controllers\Api->postbillpayment()
 4 SYSTEMPATH/CodeIgniter.php(466): CodeIgniter\CodeIgniter->runController()
 5 SYSTEMPATH/CodeIgniter.php(349): CodeIgniter\CodeIgniter->handleRequest()
 6 FCPATH/index.php(57): CodeIgniter\CodeIgniter->run()
CRITICAL - 2024-07-29 15:33:01 --> Undefined variable $payArray
in APPPATH/Models/Engine.php on line 2230.
 1 APPPATH/Models/Engine.php(2230): CodeIgniter\Debug\Exceptions->errorHandler()
 2 APPPATH/Controllers/Api.php(147): App\Models\Engine->getBillToSynch()
 3 SYSTEMPATH/CodeIgniter.php(896): App\Controllers\Api->postbillpayment()
 4 SYSTEMPATH/CodeIgniter.php(466): CodeIgniter\CodeIgniter->runController()
 5 SYSTEMPATH/CodeIgniter.php(349): CodeIgniter\CodeIgniter->handleRequest()
 6 FCPATH/index.php(57): CodeIgniter\CodeIgniter->run()
CRITICAL - 2024-07-29 15:34:01 --> Undefined variable $payArray
in APPPATH/Models/Engine.php on line 2230.
 1 APPPATH/Models/Engine.php(2230): CodeIgniter\Debug\Exceptions->errorHandler()
 2 APPPATH/Controllers/Api.php(147): App\Models\Engine->getBillToSynch()
 3 SYSTEMPATH/CodeIgniter.php(896): App\Controllers\Api->postbillpayment()
 4 SYSTEMPATH/CodeIgniter.php(466): CodeIgniter\CodeIgniter->runController()
 5 SYSTEMPATH/CodeIgniter.php(349): CodeIgniter\CodeIgniter->handleRequest()
 6 FCPATH/index.php(57): CodeIgniter\CodeIgniter->run()
CRITICAL - 2024-07-29 15:35:01 --> Undefined variable $payArray
in APPPATH/Models/Engine.php on line 2230.
 1 APPPATH/Models/Engine.php(2230): CodeIgniter\Debug\Exceptions->errorHandler()
 2 APPPATH/Controllers/Api.php(147): App\Models\Engine->getBillToSynch()
 3 SYSTEMPATH/CodeIgniter.php(896): App\Controllers\Api->postbillpayment()
 4 SYSTEMPATH/CodeIgniter.php(466): CodeIgniter\CodeIgniter->runController()
 5 SYSTEMPATH/CodeIgniter.php(349): CodeIgniter\CodeIgniter->handleRequest()
 6 FCPATH/index.php(57): CodeIgniter\CodeIgniter->run()
CRITICAL - 2024-07-29 15:36:01 --> Undefined variable $payArray
in APPPATH/Models/Engine.php on line 2230.
 1 APPPATH/Models/Engine.php(2230): CodeIgniter\Debug\Exceptions->errorHandler()
 2 APPPATH/Controllers/Api.php(147): App\Models\Engine->getBillToSynch()
 3 SYSTEMPATH/CodeIgniter.php(896): App\Controllers\Api->postbillpayment()
 4 SYSTEMPATH/CodeIgniter.php(466): CodeIgniter\CodeIgniter->runController()
 5 SYSTEMPATH/CodeIgniter.php(349): CodeIgniter\CodeIgniter->handleRequest()
 6 FCPATH/index.php(57): CodeIgniter\CodeIgniter->run()
CRITICAL - 2024-07-29 15:37:01 --> Undefined variable $payArray
in APPPATH/Models/Engine.php on line 2230.
 1 APPPATH/Models/Engine.php(2230): CodeIgniter\Debug\Exceptions->errorHandler()
 2 APPPATH/Controllers/Api.php(147): App\Models\Engine->getBillToSynch()
 3 SYSTEMPATH/CodeIgniter.php(896): App\Controllers\Api->postbillpayment()
 4 SYSTEMPATH/CodeIgniter.php(466): CodeIgniter\CodeIgniter->runController()
 5 SYSTEMPATH/CodeIgniter.php(349): CodeIgniter\CodeIgniter->handleRequest()
 6 FCPATH/index.php(57): CodeIgniter\CodeIgniter->run()
CRITICAL - 2024-07-29 15:38:01 --> Undefined variable $payArray
in APPPATH/Models/Engine.php on line 2230.
 1 APPPATH/Models/Engine.php(2230): CodeIgniter\Debug\Exceptions->errorHandler()
 2 APPPATH/Controllers/Api.php(147): App\Models\Engine->getBillToSynch()
 3 SYSTEMPATH/CodeIgniter.php(896): App\Controllers\Api->postbillpayment()
 4 SYSTEMPATH/CodeIgniter.php(466): CodeIgniter\CodeIgniter->runController()
 5 SYSTEMPATH/CodeIgniter.php(349): CodeIgniter\CodeIgniter->handleRequest()
 6 FCPATH/index.php(57): CodeIgniter\CodeIgniter->run()
CRITICAL - 2024-07-29 15:45:01 --> Undefined variable $payArray
in APPPATH/Models/Engine.php on line 2230.
 1 APPPATH/Models/Engine.php(2230): CodeIgniter\Debug\Exceptions->errorHandler()
 2 APPPATH/Controllers/Api.php(147): App\Models\Engine->getBillToSynch()
 3 SYSTEMPATH/CodeIgniter.php(896): App\Controllers\Api->postbillpayment()
 4 SYSTEMPATH/CodeIgniter.php(466): CodeIgniter\CodeIgniter->runController()
 5 SYSTEMPATH/CodeIgniter.php(349): CodeIgniter\CodeIgniter->handleRequest()
 6 FCPATH/index.php(57): CodeIgniter\CodeIgniter->run()
CRITICAL - 2024-07-29 15:46:01 --> Undefined variable $payArray
in APPPATH/Models/Engine.php on line 2230.
 1 APPPATH/Models/Engine.php(2230): CodeIgniter\Debug\Exceptions->errorHandler()
 2 APPPATH/Controllers/Api.php(147): App\Models\Engine->getBillToSynch()
 3 SYSTEMPATH/CodeIgniter.php(896): App\Controllers\Api->postbillpayment()
 4 SYSTEMPATH/CodeIgniter.php(466): CodeIgniter\CodeIgniter->runController()
 5 SYSTEMPATH/CodeIgniter.php(349): CodeIgniter\CodeIgniter->handleRequest()
 6 FCPATH/index.php(57): CodeIgniter\CodeIgniter->run()
CRITICAL - 2024-07-29 15:47:01 --> Undefined variable $payArray
in APPPATH/Models/Engine.php on line 2230.
 1 APPPATH/Models/Engine.php(2230): CodeIgniter\Debug\Exceptions->errorHandler()
 2 APPPATH/Controllers/Api.php(147): App\Models\Engine->getBillToSynch()
 3 SYSTEMPATH/CodeIgniter.php(896): App\Controllers\Api->postbillpayment()
 4 SYSTEMPATH/CodeIgniter.php(466): CodeIgniter\CodeIgniter->runController()
 5 SYSTEMPATH/CodeIgniter.php(349): CodeIgniter\CodeIgniter->handleRequest()
 6 FCPATH/index.php(57): CodeIgniter\CodeIgniter->run()
CRITICAL - 2024-07-29 15:48:01 --> Undefined variable $payArray
in APPPATH/Models/Engine.php on line 2230.
 1 APPPATH/Models/Engine.php(2230): CodeIgniter\Debug\Exceptions->errorHandler()
 2 APPPATH/Controllers/Api.php(147): App\Models\Engine->getBillToSynch()
 3 SYSTEMPATH/CodeIgniter.php(896): App\Controllers\Api->postbillpayment()
 4 SYSTEMPATH/CodeIgniter.php(466): CodeIgniter\CodeIgniter->runController()
 5 SYSTEMPATH/CodeIgniter.php(349): CodeIgniter\CodeIgniter->handleRequest()
 6 FCPATH/index.php(57): CodeIgniter\CodeIgniter->run()
CRITICAL - 2024-07-29 15:49:00 --> Undefined variable $payArray
in APPPATH/Models/Engine.php on line 2230.
 1 APPPATH/Models/Engine.php(2230): CodeIgniter\Debug\Exceptions->errorHandler()
 2 APPPATH/Controllers/Api.php(147): App\Models\Engine->getBillToSynch()
 3 SYSTEMPATH/CodeIgniter.php(896): App\Controllers\Api->postbillpayment()
 4 SYSTEMPATH/CodeIgniter.php(466): CodeIgniter\CodeIgniter->runController()
 5 SYSTEMPATH/CodeIgniter.php(349): CodeIgniter\CodeIgniter->handleRequest()
 6 FCPATH/index.php(57): CodeIgniter\CodeIgniter->run()
CRITICAL - 2024-07-29 15:50:01 --> Undefined variable $payArray
in APPPATH/Models/Engine.php on line 2230.
 1 APPPATH/Models/Engine.php(2230): CodeIgniter\Debug\Exceptions->errorHandler()
 2 APPPATH/Controllers/Api.php(147): App\Models\Engine->getBillToSynch()
 3 SYSTEMPATH/CodeIgniter.php(896): App\Controllers\Api->postbillpayment()
 4 SYSTEMPATH/CodeIgniter.php(466): CodeIgniter\CodeIgniter->runController()
 5 SYSTEMPATH/CodeIgniter.php(349): CodeIgniter\CodeIgniter->handleRequest()
 6 FCPATH/index.php(57): CodeIgniter\CodeIgniter->run()
CRITICAL - 2024-07-29 15:51:01 --> Undefined variable $payArray
in APPPATH/Models/Engine.php on line 2230.
 1 APPPATH/Models/Engine.php(2230): CodeIgniter\Debug\Exceptions->errorHandler()
 2 APPPATH/Controllers/Api.php(147): App\Models\Engine->getBillToSynch()
 3 SYSTEMPATH/CodeIgniter.php(896): App\Controllers\Api->postbillpayment()
 4 SYSTEMPATH/CodeIgniter.php(466): CodeIgniter\CodeIgniter->runController()
 5 SYSTEMPATH/CodeIgniter.php(349): CodeIgniter\CodeIgniter->handleRequest()
 6 FCPATH/index.php(57): CodeIgniter\CodeIgniter->run()
CRITICAL - 2024-07-29 15:52:01 --> Undefined variable $payArray
in APPPATH/Models/Engine.php on line 2230.
 1 APPPATH/Models/Engine.php(2230): CodeIgniter\Debug\Exceptions->errorHandler()
 2 APPPATH/Controllers/Api.php(147): App\Models\Engine->getBillToSynch()
 3 SYSTEMPATH/CodeIgniter.php(896): App\Controllers\Api->postbillpayment()
 4 SYSTEMPATH/CodeIgniter.php(466): CodeIgniter\CodeIgniter->runController()
 5 SYSTEMPATH/CodeIgniter.php(349): CodeIgniter\CodeIgniter->handleRequest()
 6 FCPATH/index.php(57): CodeIgniter\CodeIgniter->run()
CRITICAL - 2024-07-29 15:53:01 --> Undefined variable $payArray
in APPPATH/Models/Engine.php on line 2230.
 1 APPPATH/Models/Engine.php(2230): CodeIgniter\Debug\Exceptions->errorHandler()
 2 APPPATH/Controllers/Api.php(147): App\Models\Engine->getBillToSynch()
 3 SYSTEMPATH/CodeIgniter.php(896): App\Controllers\Api->postbillpayment()
 4 SYSTEMPATH/CodeIgniter.php(466): CodeIgniter\CodeIgniter->runController()
 5 SYSTEMPATH/CodeIgniter.php(349): CodeIgniter\CodeIgniter->handleRequest()
 6 FCPATH/index.php(57): CodeIgniter\CodeIgniter->run()
CRITICAL - 2024-07-29 15:54:01 --> Undefined variable $payArray
in APPPATH/Models/Engine.php on line 2230.
 1 APPPATH/Models/Engine.php(2230): CodeIgniter\Debug\Exceptions->errorHandler()
 2 APPPATH/Controllers/Api.php(147): App\Models\Engine->getBillToSynch()
 3 SYSTEMPATH/CodeIgniter.php(896): App\Controllers\Api->postbillpayment()
 4 SYSTEMPATH/CodeIgniter.php(466): CodeIgniter\CodeIgniter->runController()
 5 SYSTEMPATH/CodeIgniter.php(349): CodeIgniter\CodeIgniter->handleRequest()
 6 FCPATH/index.php(57): CodeIgniter\CodeIgniter->run()
CRITICAL - 2024-07-29 15:55:01 --> Undefined variable $payArray
in APPPATH/Models/Engine.php on line 2230.
 1 APPPATH/Models/Engine.php(2230): CodeIgniter\Debug\Exceptions->errorHandler()
 2 APPPATH/Controllers/Api.php(147): App\Models\Engine->getBillToSynch()
 3 SYSTEMPATH/CodeIgniter.php(896): App\Controllers\Api->postbillpayment()
 4 SYSTEMPATH/CodeIgniter.php(466): CodeIgniter\CodeIgniter->runController()
 5 SYSTEMPATH/CodeIgniter.php(349): CodeIgniter\CodeIgniter->handleRequest()
 6 FCPATH/index.php(57): CodeIgniter\CodeIgniter->run()
CRITICAL - 2024-07-29 15:56:01 --> Undefined variable $payArray
in APPPATH/Models/Engine.php on line 2230.
 1 APPPATH/Models/Engine.php(2230): CodeIgniter\Debug\Exceptions->errorHandler()
 2 APPPATH/Controllers/Api.php(147): App\Models\Engine->getBillToSynch()
 3 SYSTEMPATH/CodeIgniter.php(896): App\Controllers\Api->postbillpayment()
 4 SYSTEMPATH/CodeIgniter.php(466): CodeIgniter\CodeIgniter->runController()
 5 SYSTEMPATH/CodeIgniter.php(349): CodeIgniter\CodeIgniter->handleRequest()
 6 FCPATH/index.php(57): CodeIgniter\CodeIgniter->run()
CRITICAL - 2024-07-29 15:57:01 --> Undefined variable $payArray
in APPPATH/Models/Engine.php on line 2230.
 1 APPPATH/Models/Engine.php(2230): CodeIgniter\Debug\Exceptions->errorHandler()
 2 APPPATH/Controllers/Api.php(147): App\Models\Engine->getBillToSynch()
 3 SYSTEMPATH/CodeIgniter.php(896): App\Controllers\Api->postbillpayment()
 4 SYSTEMPATH/CodeIgniter.php(466): CodeIgniter\CodeIgniter->runController()
 5 SYSTEMPATH/CodeIgniter.php(349): CodeIgniter\CodeIgniter->handleRequest()
 6 FCPATH/index.php(57): CodeIgniter\CodeIgniter->run()
CRITICAL - 2024-07-29 15:58:01 --> Undefined variable $payArray
in APPPATH/Models/Engine.php on line 2230.
 1 APPPATH/Models/Engine.php(2230): CodeIgniter\Debug\Exceptions->errorHandler()
 2 APPPATH/Controllers/Api.php(147): App\Models\Engine->getBillToSynch()
 3 SYSTEMPATH/CodeIgniter.php(896): App\Controllers\Api->postbillpayment()
 4 SYSTEMPATH/CodeIgniter.php(466): CodeIgniter\CodeIgniter->runController()
 5 SYSTEMPATH/CodeIgniter.php(349): CodeIgniter\CodeIgniter->handleRequest()
 6 FCPATH/index.php(57): CodeIgniter\CodeIgniter->run()
CRITICAL - 2024-07-29 15:59:01 --> Undefined variable $payArray
in APPPATH/Models/Engine.php on line 2230.
 1 APPPATH/Models/Engine.php(2230): CodeIgniter\Debug\Exceptions->errorHandler()
 2 APPPATH/Controllers/Api.php(147): App\Models\Engine->getBillToSynch()
 3 SYSTEMPATH/CodeIgniter.php(896): App\Controllers\Api->postbillpayment()
 4 SYSTEMPATH/CodeIgniter.php(466): CodeIgniter\CodeIgniter->runController()
 5 SYSTEMPATH/CodeIgniter.php(349): CodeIgniter\CodeIgniter->handleRequest()
 6 FCPATH/index.php(57): CodeIgniter\CodeIgniter->run()
CRITICAL - 2024-07-29 16:00:01 --> Undefined variable $payArray
in APPPATH/Models/Engine.php on line 2230.
 1 APPPATH/Models/Engine.php(2230): CodeIgniter\Debug\Exceptions->errorHandler()
 2 APPPATH/Controllers/Api.php(147): App\Models\Engine->getBillToSynch()
 3 SYSTEMPATH/CodeIgniter.php(896): App\Controllers\Api->postbillpayment()
 4 SYSTEMPATH/CodeIgniter.php(466): CodeIgniter\CodeIgniter->runController()
 5 SYSTEMPATH/CodeIgniter.php(349): CodeIgniter\CodeIgniter->handleRequest()
 6 FCPATH/index.php(57): CodeIgniter\CodeIgniter->run()
CRITICAL - 2024-07-29 16:01:01 --> Undefined variable $payArray
in APPPATH/Models/Engine.php on line 2230.
 1 APPPATH/Models/Engine.php(2230): CodeIgniter\Debug\Exceptions->errorHandler()
 2 APPPATH/Controllers/Api.php(147): App\Models\Engine->getBillToSynch()
 3 SYSTEMPATH/CodeIgniter.php(896): App\Controllers\Api->postbillpayment()
 4 SYSTEMPATH/CodeIgniter.php(466): CodeIgniter\CodeIgniter->runController()
 5 SYSTEMPATH/CodeIgniter.php(349): CodeIgniter\CodeIgniter->handleRequest()
 6 FCPATH/index.php(57): CodeIgniter\CodeIgniter->run()
CRITICAL - 2024-07-29 16:02:01 --> Undefined variable $payArray
in APPPATH/Models/Engine.php on line 2230.
 1 APPPATH/Models/Engine.php(2230): CodeIgniter\Debug\Exceptions->errorHandler()
 2 APPPATH/Controllers/Api.php(147): App\Models\Engine->getBillToSynch()
 3 SYSTEMPATH/CodeIgniter.php(896): App\Controllers\Api->postbillpayment()
 4 SYSTEMPATH/CodeIgniter.php(466): CodeIgniter\CodeIgniter->runController()
 5 SYSTEMPATH/CodeIgniter.php(349): CodeIgniter\CodeIgniter->handleRequest()
 6 FCPATH/index.php(57): CodeIgniter\CodeIgniter->run()
CRITICAL - 2024-07-29 16:03:01 --> Undefined variable $payArray
in APPPATH/Models/Engine.php on line 2230.
 1 APPPATH/Models/Engine.php(2230): CodeIgniter\Debug\Exceptions->errorHandler()
 2 APPPATH/Controllers/Api.php(147): App\Models\Engine->getBillToSynch()
 3 SYSTEMPATH/CodeIgniter.php(896): App\Controllers\Api->postbillpayment()
 4 SYSTEMPATH/CodeIgniter.php(466): CodeIgniter\CodeIgniter->runController()
 5 SYSTEMPATH/CodeIgniter.php(349): CodeIgniter\CodeIgniter->handleRequest()
 6 FCPATH/index.php(57): CodeIgniter\CodeIgniter->run()
CRITICAL - 2024-07-29 16:04:01 --> Undefined variable $payArray
in APPPATH/Models/Engine.php on line 2230.
 1 APPPATH/Models/Engine.php(2230): CodeIgniter\Debug\Exceptions->errorHandler()
 2 APPPATH/Controllers/Api.php(147): App\Models\Engine->getBillToSynch()
 3 SYSTEMPATH/CodeIgniter.php(896): App\Controllers\Api->postbillpayment()
 4 SYSTEMPATH/CodeIgniter.php(466): CodeIgniter\CodeIgniter->runController()
 5 SYSTEMPATH/CodeIgniter.php(349): CodeIgniter\CodeIgniter->handleRequest()
 6 FCPATH/index.php(57): CodeIgniter\CodeIgniter->run()
CRITICAL - 2024-07-29 16:05:00 --> Undefined variable $payArray
in APPPATH/Models/Engine.php on line 2230.
 1 APPPATH/Models/Engine.php(2230): CodeIgniter\Debug\Exceptions->errorHandler()
 2 APPPATH/Controllers/Api.php(147): App\Models\Engine->getBillToSynch()
 3 SYSTEMPATH/CodeIgniter.php(896): App\Controllers\Api->postbillpayment()
 4 SYSTEMPATH/CodeIgniter.php(466): CodeIgniter\CodeIgniter->runController()
 5 SYSTEMPATH/CodeIgniter.php(349): CodeIgniter\CodeIgniter->handleRequest()
 6 FCPATH/index.php(57): CodeIgniter\CodeIgniter->run()
CRITICAL - 2024-07-29 16:06:01 --> Undefined variable $payArray
in APPPATH/Models/Engine.php on line 2230.
 1 APPPATH/Models/Engine.php(2230): CodeIgniter\Debug\Exceptions->errorHandler()
 2 APPPATH/Controllers/Api.php(147): App\Models\Engine->getBillToSynch()
 3 SYSTEMPATH/CodeIgniter.php(896): App\Controllers\Api->postbillpayment()
 4 SYSTEMPATH/CodeIgniter.php(466): CodeIgniter\CodeIgniter->runController()
 5 SYSTEMPATH/CodeIgniter.php(349): CodeIgniter\CodeIgniter->handleRequest()
 6 FCPATH/index.php(57): CodeIgniter\CodeIgniter->run()
CRITICAL - 2024-07-29 16:07:01 --> Undefined variable $payArray
in APPPATH/Models/Engine.php on line 2230.
 1 APPPATH/Models/Engine.php(2230): CodeIgniter\Debug\Exceptions->errorHandler()
 2 APPPATH/Controllers/Api.php(147): App\Models\Engine->getBillToSynch()
 3 SYSTEMPATH/CodeIgniter.php(896): App\Controllers\Api->postbillpayment()
 4 SYSTEMPATH/CodeIgniter.php(466): CodeIgniter\CodeIgniter->runController()
 5 SYSTEMPATH/CodeIgniter.php(349): CodeIgniter\CodeIgniter->handleRequest()
 6 FCPATH/index.php(57): CodeIgniter\CodeIgniter->run()
CRITICAL - 2024-07-29 16:08:01 --> Undefined variable $payArray
in APPPATH/Models/Engine.php on line 2230.
 1 APPPATH/Models/Engine.php(2230): CodeIgniter\Debug\Exceptions->errorHandler()
 2 APPPATH/Controllers/Api.php(147): App\Models\Engine->getBillToSynch()
 3 SYSTEMPATH/CodeIgniter.php(896): App\Controllers\Api->postbillpayment()
 4 SYSTEMPATH/CodeIgniter.php(466): CodeIgniter\CodeIgniter->runController()
 5 SYSTEMPATH/CodeIgniter.php(349): CodeIgniter\CodeIgniter->handleRequest()
 6 FCPATH/index.php(57): CodeIgniter\CodeIgniter->run()
CRITICAL - 2024-07-29 16:09:01 --> Undefined variable $payArray
in APPPATH/Models/Engine.php on line 2230.
 1 APPPATH/Models/Engine.php(2230): CodeIgniter\Debug\Exceptions->errorHandler()
 2 APPPATH/Controllers/Api.php(147): App\Models\Engine->getBillToSynch()
 3 SYSTEMPATH/CodeIgniter.php(896): App\Controllers\Api->postbillpayment()
 4 SYSTEMPATH/CodeIgniter.php(466): CodeIgniter\CodeIgniter->runController()
 5 SYSTEMPATH/CodeIgniter.php(349): CodeIgniter\CodeIgniter->handleRequest()
 6 FCPATH/index.php(57): CodeIgniter\CodeIgniter->run()
CRITICAL - 2024-07-29 16:10:01 --> Undefined variable $payArray
in APPPATH/Models/Engine.php on line 2230.
 1 APPPATH/Models/Engine.php(2230): CodeIgniter\Debug\Exceptions->errorHandler()
 2 APPPATH/Controllers/Api.php(147): App\Models\Engine->getBillToSynch()
 3 SYSTEMPATH/CodeIgniter.php(896): App\Controllers\Api->postbillpayment()
 4 SYSTEMPATH/CodeIgniter.php(466): CodeIgniter\CodeIgniter->runController()
 5 SYSTEMPATH/CodeIgniter.php(349): CodeIgniter\CodeIgniter->handleRequest()
 6 FCPATH/index.php(57): CodeIgniter\CodeIgniter->run()
CRITICAL - 2024-07-29 16:11:01 --> Undefined variable $payArray
in APPPATH/Models/Engine.php on line 2230.
 1 APPPATH/Models/Engine.php(2230): CodeIgniter\Debug\Exceptions->errorHandler()
 2 APPPATH/Controllers/Api.php(147): App\Models\Engine->getBillToSynch()
 3 SYSTEMPATH/CodeIgniter.php(896): App\Controllers\Api->postbillpayment()
 4 SYSTEMPATH/CodeIgniter.php(466): CodeIgniter\CodeIgniter->runController()
 5 SYSTEMPATH/CodeIgniter.php(349): CodeIgniter\CodeIgniter->handleRequest()
 6 FCPATH/index.php(57): CodeIgniter\CodeIgniter->run()
CRITICAL - 2024-07-29 16:12:01 --> Undefined variable $payArray
in APPPATH/Models/Engine.php on line 2230.
 1 APPPATH/Models/Engine.php(2230): CodeIgniter\Debug\Exceptions->errorHandler()
 2 APPPATH/Controllers/Api.php(147): App\Models\Engine->getBillToSynch()
 3 SYSTEMPATH/CodeIgniter.php(896): App\Controllers\Api->postbillpayment()
 4 SYSTEMPATH/CodeIgniter.php(466): CodeIgniter\CodeIgniter->runController()
 5 SYSTEMPATH/CodeIgniter.php(349): CodeIgniter\CodeIgniter->handleRequest()
 6 FCPATH/index.php(57): CodeIgniter\CodeIgniter->run()
CRITICAL - 2024-07-29 16:13:01 --> Undefined variable $payArray
in APPPATH/Models/Engine.php on line 2230.
 1 APPPATH/Models/Engine.php(2230): CodeIgniter\Debug\Exceptions->errorHandler()
 2 APPPATH/Controllers/Api.php(147): App\Models\Engine->getBillToSynch()
 3 SYSTEMPATH/CodeIgniter.php(896): App\Controllers\Api->postbillpayment()
 4 SYSTEMPATH/CodeIgniter.php(466): CodeIgniter\CodeIgniter->runController()
 5 SYSTEMPATH/CodeIgniter.php(349): CodeIgniter\CodeIgniter->handleRequest()
 6 FCPATH/index.php(57): CodeIgniter\CodeIgniter->run()
CRITICAL - 2024-07-29 16:14:01 --> Undefined variable $payArray
in APPPATH/Models/Engine.php on line 2230.
 1 APPPATH/Models/Engine.php(2230): CodeIgniter\Debug\Exceptions->errorHandler()
 2 APPPATH/Controllers/Api.php(147): App\Models\Engine->getBillToSynch()
 3 SYSTEMPATH/CodeIgniter.php(896): App\Controllers\Api->postbillpayment()
 4 SYSTEMPATH/CodeIgniter.php(466): CodeIgniter\CodeIgniter->runController()
 5 SYSTEMPATH/CodeIgniter.php(349): CodeIgniter\CodeIgniter->handleRequest()
 6 FCPATH/index.php(57): CodeIgniter\CodeIgniter->run()
CRITICAL - 2024-07-29 16:15:01 --> Undefined variable $payArray
in APPPATH/Models/Engine.php on line 2230.
 1 APPPATH/Models/Engine.php(2230): CodeIgniter\Debug\Exceptions->errorHandler()
 2 APPPATH/Controllers/Api.php(147): App\Models\Engine->getBillToSynch()
 3 SYSTEMPATH/CodeIgniter.php(896): App\Controllers\Api->postbillpayment()
 4 SYSTEMPATH/CodeIgniter.php(466): CodeIgniter\CodeIgniter->runController()
 5 SYSTEMPATH/CodeIgniter.php(349): CodeIgniter\CodeIgniter->handleRequest()
 6 FCPATH/index.php(57): CodeIgniter\CodeIgniter->run()
CRITICAL - 2024-07-29 16:16:01 --> Undefined variable $payArray
in APPPATH/Models/Engine.php on line 2230.
 1 APPPATH/Models/Engine.php(2230): CodeIgniter\Debug\Exceptions->errorHandler()
 2 APPPATH/Controllers/Api.php(147): App\Models\Engine->getBillToSynch()
 3 SYSTEMPATH/CodeIgniter.php(896): App\Controllers\Api->postbillpayment()
 4 SYSTEMPATH/CodeIgniter.php(466): CodeIgniter\CodeIgniter->runController()
 5 SYSTEMPATH/CodeIgniter.php(349): CodeIgniter\CodeIgniter->handleRequest()
 6 FCPATH/index.php(57): CodeIgniter\CodeIgniter->run()
CRITICAL - 2024-07-29 16:17:01 --> Undefined variable $payArray
in APPPATH/Models/Engine.php on line 2230.
 1 APPPATH/Models/Engine.php(2230): CodeIgniter\Debug\Exceptions->errorHandler()
 2 APPPATH/Controllers/Api.php(147): App\Models\Engine->getBillToSynch()
 3 SYSTEMPATH/CodeIgniter.php(896): App\Controllers\Api->postbillpayment()
 4 SYSTEMPATH/CodeIgniter.php(466): CodeIgniter\CodeIgniter->runController()
 5 SYSTEMPATH/CodeIgniter.php(349): CodeIgniter\CodeIgniter->handleRequest()
 6 FCPATH/index.php(57): CodeIgniter\CodeIgniter->run()
CRITICAL - 2024-07-29 16:18:01 --> Undefined variable $payArray
in APPPATH/Models/Engine.php on line 2230.
 1 APPPATH/Models/Engine.php(2230): CodeIgniter\Debug\Exceptions->errorHandler()
 2 APPPATH/Controllers/Api.php(147): App\Models\Engine->getBillToSynch()
 3 SYSTEMPATH/CodeIgniter.php(896): App\Controllers\Api->postbillpayment()
 4 SYSTEMPATH/CodeIgniter.php(466): CodeIgniter\CodeIgniter->runController()
 5 SYSTEMPATH/CodeIgniter.php(349): CodeIgniter\CodeIgniter->handleRequest()
 6 FCPATH/index.php(57): CodeIgniter\CodeIgniter->run()
CRITICAL - 2024-07-29 16:19:01 --> Undefined variable $payArray
in APPPATH/Models/Engine.php on line 2230.
 1 APPPATH/Models/Engine.php(2230): CodeIgniter\Debug\Exceptions->errorHandler()
 2 APPPATH/Controllers/Api.php(147): App\Models\Engine->getBillToSynch()
 3 SYSTEMPATH/CodeIgniter.php(896): App\Controllers\Api->postbillpayment()
 4 SYSTEMPATH/CodeIgniter.php(466): CodeIgniter\CodeIgniter->runController()
 5 SYSTEMPATH/CodeIgniter.php(349): CodeIgniter\CodeIgniter->handleRequest()
 6 FCPATH/index.php(57): CodeIgniter\CodeIgniter->run()
CRITICAL - 2024-07-29 16:20:01 --> Undefined variable $payArray
in APPPATH/Models/Engine.php on line 2230.
 1 APPPATH/Models/Engine.php(2230): CodeIgniter\Debug\Exceptions->errorHandler()
 2 APPPATH/Controllers/Api.php(147): App\Models\Engine->getBillToSynch()
 3 SYSTEMPATH/CodeIgniter.php(896): App\Controllers\Api->postbillpayment()
 4 SYSTEMPATH/CodeIgniter.php(466): CodeIgniter\CodeIgniter->runController()
 5 SYSTEMPATH/CodeIgniter.php(349): CodeIgniter\CodeIgniter->handleRequest()
 6 FCPATH/index.php(57): CodeIgniter\CodeIgniter->run()
CRITICAL - 2024-07-29 16:21:01 --> Undefined variable $payArray
in APPPATH/Models/Engine.php on line 2230.
 1 APPPATH/Models/Engine.php(2230): CodeIgniter\Debug\Exceptions->errorHandler()
 2 APPPATH/Controllers/Api.php(147): App\Models\Engine->getBillToSynch()
 3 SYSTEMPATH/CodeIgniter.php(896): App\Controllers\Api->postbillpayment()
 4 SYSTEMPATH/CodeIgniter.php(466): CodeIgniter\CodeIgniter->runController()
 5 SYSTEMPATH/CodeIgniter.php(349): CodeIgniter\CodeIgniter->handleRequest()
 6 FCPATH/index.php(57): CodeIgniter\CodeIgniter->run()
CRITICAL - 2024-07-29 16:22:01 --> Undefined variable $payArray
in APPPATH/Models/Engine.php on line 2230.
 1 APPPATH/Models/Engine.php(2230): CodeIgniter\Debug\Exceptions->errorHandler()
 2 APPPATH/Controllers/Api.php(147): App\Models\Engine->getBillToSynch()
 3 SYSTEMPATH/CodeIgniter.php(896): App\Controllers\Api->postbillpayment()
 4 SYSTEMPATH/CodeIgniter.php(466): CodeIgniter\CodeIgniter->runController()
 5 SYSTEMPATH/CodeIgniter.php(349): CodeIgniter\CodeIgniter->handleRequest()
 6 FCPATH/index.php(57): CodeIgniter\CodeIgniter->run()
CRITICAL - 2024-07-29 16:23:00 --> Undefined variable $payArray
in APPPATH/Models/Engine.php on line 2230.
 1 APPPATH/Models/Engine.php(2230): CodeIgniter\Debug\Exceptions->errorHandler()
 2 APPPATH/Controllers/Api.php(147): App\Models\Engine->getBillToSynch()
 3 SYSTEMPATH/CodeIgniter.php(896): App\Controllers\Api->postbillpayment()
 4 SYSTEMPATH/CodeIgniter.php(466): CodeIgniter\CodeIgniter->runController()
 5 SYSTEMPATH/CodeIgniter.php(349): CodeIgniter\CodeIgniter->handleRequest()
 6 FCPATH/index.php(57): CodeIgniter\CodeIgniter->run()
CRITICAL - 2024-07-29 16:24:01 --> Undefined variable $payArray
in APPPATH/Models/Engine.php on line 2230.
 1 APPPATH/Models/Engine.php(2230): CodeIgniter\Debug\Exceptions->errorHandler()
 2 APPPATH/Controllers/Api.php(147): App\Models\Engine->getBillToSynch()
 3 SYSTEMPATH/CodeIgniter.php(896): App\Controllers\Api->postbillpayment()
 4 SYSTEMPATH/CodeIgniter.php(466): CodeIgniter\CodeIgniter->runController()
 5 SYSTEMPATH/CodeIgniter.php(349): CodeIgniter\CodeIgniter->handleRequest()
 6 FCPATH/index.php(57): CodeIgniter\CodeIgniter->run()
CRITICAL - 2024-07-29 16:25:01 --> Undefined variable $payArray
in APPPATH/Models/Engine.php on line 2230.
 1 APPPATH/Models/Engine.php(2230): CodeIgniter\Debug\Exceptions->errorHandler()
 2 APPPATH/Controllers/Api.php(147): App\Models\Engine->getBillToSynch()
 3 SYSTEMPATH/CodeIgniter.php(896): App\Controllers\Api->postbillpayment()
 4 SYSTEMPATH/CodeIgniter.php(466): CodeIgniter\CodeIgniter->runController()
 5 SYSTEMPATH/CodeIgniter.php(349): CodeIgniter\CodeIgniter->handleRequest()
 6 FCPATH/index.php(57): CodeIgniter\CodeIgniter->run()
CRITICAL - 2024-07-29 16:26:01 --> Undefined variable $payArray
in APPPATH/Models/Engine.php on line 2230.
 1 APPPATH/Models/Engine.php(2230): CodeIgniter\Debug\Exceptions->errorHandler()
 2 APPPATH/Controllers/Api.php(147): App\Models\Engine->getBillToSynch()
 3 SYSTEMPATH/CodeIgniter.php(896): App\Controllers\Api->postbillpayment()
 4 SYSTEMPATH/CodeIgniter.php(466): CodeIgniter\CodeIgniter->runController()
 5 SYSTEMPATH/CodeIgniter.php(349): CodeIgniter\CodeIgniter->handleRequest()
 6 FCPATH/index.php(57): CodeIgniter\CodeIgniter->run()
CRITICAL - 2024-07-29 16:27:01 --> Undefined variable $payArray
in APPPATH/Models/Engine.php on line 2230.
 1 APPPATH/Models/Engine.php(2230): CodeIgniter\Debug\Exceptions->errorHandler()
 2 APPPATH/Controllers/Api.php(147): App\Models\Engine->getBillToSynch()
 3 SYSTEMPATH/CodeIgniter.php(896): App\Controllers\Api->postbillpayment()
 4 SYSTEMPATH/CodeIgniter.php(466): CodeIgniter\CodeIgniter->runController()
 5 SYSTEMPATH/CodeIgniter.php(349): CodeIgniter\CodeIgniter->handleRequest()
 6 FCPATH/index.php(57): CodeIgniter\CodeIgniter->run()
CRITICAL - 2024-07-29 16:28:01 --> Undefined variable $payArray
in APPPATH/Models/Engine.php on line 2230.
 1 APPPATH/Models/Engine.php(2230): CodeIgniter\Debug\Exceptions->errorHandler()
 2 APPPATH/Controllers/Api.php(147): App\Models\Engine->getBillToSynch()
 3 SYSTEMPATH/CodeIgniter.php(896): App\Controllers\Api->postbillpayment()
 4 SYSTEMPATH/CodeIgniter.php(466): CodeIgniter\CodeIgniter->runController()
 5 SYSTEMPATH/CodeIgniter.php(349): CodeIgniter\CodeIgniter->handleRequest()
 6 FCPATH/index.php(57): CodeIgniter\CodeIgniter->run()
CRITICAL - 2024-07-29 16:29:01 --> Undefined variable $payArray
in APPPATH/Models/Engine.php on line 2230.
 1 APPPATH/Models/Engine.php(2230): CodeIgniter\Debug\Exceptions->errorHandler()
 2 APPPATH/Controllers/Api.php(147): App\Models\Engine->getBillToSynch()
 3 SYSTEMPATH/CodeIgniter.php(896): App\Controllers\Api->postbillpayment()
 4 SYSTEMPATH/CodeIgniter.php(466): CodeIgniter\CodeIgniter->runController()
 5 SYSTEMPATH/CodeIgniter.php(349): CodeIgniter\CodeIgniter->handleRequest()
 6 FCPATH/index.php(57): CodeIgniter\CodeIgniter->run()
CRITICAL - 2024-07-29 16:30:01 --> Undefined variable $payArray
in APPPATH/Models/Engine.php on line 2230.
 1 APPPATH/Models/Engine.php(2230): CodeIgniter\Debug\Exceptions->errorHandler()
 2 APPPATH/Controllers/Api.php(147): App\Models\Engine->getBillToSynch()
 3 SYSTEMPATH/CodeIgniter.php(896): App\Controllers\Api->postbillpayment()
 4 SYSTEMPATH/CodeIgniter.php(466): CodeIgniter\CodeIgniter->runController()
 5 SYSTEMPATH/CodeIgniter.php(349): CodeIgniter\CodeIgniter->handleRequest()
 6 FCPATH/index.php(57): CodeIgniter\CodeIgniter->run()
CRITICAL - 2024-07-29 16:31:01 --> Undefined variable $payArray
in APPPATH/Models/Engine.php on line 2230.
 1 APPPATH/Models/Engine.php(2230): CodeIgniter\Debug\Exceptions->errorHandler()
 2 APPPATH/Controllers/Api.php(147): App\Models\Engine->getBillToSynch()
 3 SYSTEMPATH/CodeIgniter.php(896): App\Controllers\Api->postbillpayment()
 4 SYSTEMPATH/CodeIgniter.php(466): CodeIgniter\CodeIgniter->runController()
 5 SYSTEMPATH/CodeIgniter.php(349): CodeIgniter\CodeIgniter->handleRequest()
 6 FCPATH/index.php(57): CodeIgniter\CodeIgniter->run()
CRITICAL - 2024-07-29 16:32:01 --> Undefined variable $payArray
in APPPATH/Models/Engine.php on line 2230.
 1 APPPATH/Models/Engine.php(2230): CodeIgniter\Debug\Exceptions->errorHandler()
 2 APPPATH/Controllers/Api.php(147): App\Models\Engine->getBillToSynch()
 3 SYSTEMPATH/CodeIgniter.php(896): App\Controllers\Api->postbillpayment()
 4 SYSTEMPATH/CodeIgniter.php(466): CodeIgniter\CodeIgniter->runController()
 5 SYSTEMPATH/CodeIgniter.php(349): CodeIgniter\CodeIgniter->handleRequest()
 6 FCPATH/index.php(57): CodeIgniter\CodeIgniter->run()
CRITICAL - 2024-07-29 16:33:01 --> Undefined variable $payArray
in APPPATH/Models/Engine.php on line 2230.
 1 APPPATH/Models/Engine.php(2230): CodeIgniter\Debug\Exceptions->errorHandler()
 2 APPPATH/Controllers/Api.php(147): App\Models\Engine->getBillToSynch()
 3 SYSTEMPATH/CodeIgniter.php(896): App\Controllers\Api->postbillpayment()
 4 SYSTEMPATH/CodeIgniter.php(466): CodeIgniter\CodeIgniter->runController()
 5 SYSTEMPATH/CodeIgniter.php(349): CodeIgniter\CodeIgniter->handleRequest()
 6 FCPATH/index.php(57): CodeIgniter\CodeIgniter->run()
CRITICAL - 2024-07-29 16:34:01 --> Undefined variable $payArray
in APPPATH/Models/Engine.php on line 2230.
 1 APPPATH/Models/Engine.php(2230): CodeIgniter\Debug\Exceptions->errorHandler()
 2 APPPATH/Controllers/Api.php(147): App\Models\Engine->getBillToSynch()
 3 SYSTEMPATH/CodeIgniter.php(896): App\Controllers\Api->postbillpayment()
 4 SYSTEMPATH/CodeIgniter.php(466): CodeIgniter\CodeIgniter->runController()
 5 SYSTEMPATH/CodeIgniter.php(349): CodeIgniter\CodeIgniter->handleRequest()
 6 FCPATH/index.php(57): CodeIgniter\CodeIgniter->run()
CRITICAL - 2024-07-29 16:35:01 --> Undefined variable $payArray
in APPPATH/Models/Engine.php on line 2230.
 1 APPPATH/Models/Engine.php(2230): CodeIgniter\Debug\Exceptions->errorHandler()
 2 APPPATH/Controllers/Api.php(147): App\Models\Engine->getBillToSynch()
 3 SYSTEMPATH/CodeIgniter.php(896): App\Controllers\Api->postbillpayment()
 4 SYSTEMPATH/CodeIgniter.php(466): CodeIgniter\CodeIgniter->runController()
 5 SYSTEMPATH/CodeIgniter.php(349): CodeIgniter\CodeIgniter->handleRequest()
 6 FCPATH/index.php(57): CodeIgniter\CodeIgniter->run()
CRITICAL - 2024-07-29 16:36:01 --> Undefined variable $payArray
in APPPATH/Models/Engine.php on line 2230.
 1 APPPATH/Models/Engine.php(2230): CodeIgniter\Debug\Exceptions->errorHandler()
 2 APPPATH/Controllers/Api.php(147): App\Models\Engine->getBillToSynch()
 3 SYSTEMPATH/CodeIgniter.php(896): App\Controllers\Api->postbillpayment()
 4 SYSTEMPATH/CodeIgniter.php(466): CodeIgniter\CodeIgniter->runController()
 5 SYSTEMPATH/CodeIgniter.php(349): CodeIgniter\CodeIgniter->handleRequest()
 6 FCPATH/index.php(57): CodeIgniter\CodeIgniter->run()
CRITICAL - 2024-07-29 16:37:01 --> Undefined variable $payArray
in APPPATH/Models/Engine.php on line 2230.
 1 APPPATH/Models/Engine.php(2230): CodeIgniter\Debug\Exceptions->errorHandler()
 2 APPPATH/Controllers/Api.php(147): App\Models\Engine->getBillToSynch()
 3 SYSTEMPATH/CodeIgniter.php(896): App\Controllers\Api->postbillpayment()
 4 SYSTEMPATH/CodeIgniter.php(466): CodeIgniter\CodeIgniter->runController()
 5 SYSTEMPATH/CodeIgniter.php(349): CodeIgniter\CodeIgniter->handleRequest()
 6 FCPATH/index.php(57): CodeIgniter\CodeIgniter->run()
CRITICAL - 2024-07-29 16:38:01 --> Undefined variable $payArray
in APPPATH/Models/Engine.php on line 2230.
 1 APPPATH/Models/Engine.php(2230): CodeIgniter\Debug\Exceptions->errorHandler()
 2 APPPATH/Controllers/Api.php(147): App\Models\Engine->getBillToSynch()
 3 SYSTEMPATH/CodeIgniter.php(896): App\Controllers\Api->postbillpayment()
 4 SYSTEMPATH/CodeIgniter.php(466): CodeIgniter\CodeIgniter->runController()
 5 SYSTEMPATH/CodeIgniter.php(349): CodeIgniter\CodeIgniter->handleRequest()
 6 FCPATH/index.php(57): CodeIgniter\CodeIgniter->run()
CRITICAL - 2024-07-29 16:39:01 --> Undefined variable $payArray
in APPPATH/Models/Engine.php on line 2230.
 1 APPPATH/Models/Engine.php(2230): CodeIgniter\Debug\Exceptions->errorHandler()
 2 APPPATH/Controllers/Api.php(147): App\Models\Engine->getBillToSynch()
 3 SYSTEMPATH/CodeIgniter.php(896): App\Controllers\Api->postbillpayment()
 4 SYSTEMPATH/CodeIgniter.php(466): CodeIgniter\CodeIgniter->runController()
 5 SYSTEMPATH/CodeIgniter.php(349): CodeIgniter\CodeIgniter->handleRequest()
 6 FCPATH/index.php(57): CodeIgniter\CodeIgniter->run()
CRITICAL - 2024-07-29 16:40:00 --> Undefined variable $payArray
in APPPATH/Models/Engine.php on line 2230.
 1 APPPATH/Models/Engine.php(2230): CodeIgniter\Debug\Exceptions->errorHandler()
 2 APPPATH/Controllers/Api.php(147): App\Models\Engine->getBillToSynch()
 3 SYSTEMPATH/CodeIgniter.php(896): App\Controllers\Api->postbillpayment()
 4 SYSTEMPATH/CodeIgniter.php(466): CodeIgniter\CodeIgniter->runController()
 5 SYSTEMPATH/CodeIgniter.php(349): CodeIgniter\CodeIgniter->handleRequest()
 6 FCPATH/index.php(57): CodeIgniter\CodeIgniter->run()
CRITICAL - 2024-07-29 16:41:01 --> Undefined variable $payArray
in APPPATH/Models/Engine.php on line 2230.
 1 APPPATH/Models/Engine.php(2230): CodeIgniter\Debug\Exceptions->errorHandler()
 2 APPPATH/Controllers/Api.php(147): App\Models\Engine->getBillToSynch()
 3 SYSTEMPATH/CodeIgniter.php(896): App\Controllers\Api->postbillpayment()
 4 SYSTEMPATH/CodeIgniter.php(466): CodeIgniter\CodeIgniter->runController()
 5 SYSTEMPATH/CodeIgniter.php(349): CodeIgniter\CodeIgniter->handleRequest()
 6 FCPATH/index.php(57): CodeIgniter\CodeIgniter->run()
CRITICAL - 2024-07-29 16:42:01 --> Undefined variable $payArray
in APPPATH/Models/Engine.php on line 2230.
 1 APPPATH/Models/Engine.php(2230): CodeIgniter\Debug\Exceptions->errorHandler()
 2 APPPATH/Controllers/Api.php(147): App\Models\Engine->getBillToSynch()
 3 SYSTEMPATH/CodeIgniter.php(896): App\Controllers\Api->postbillpayment()
 4 SYSTEMPATH/CodeIgniter.php(466): CodeIgniter\CodeIgniter->runController()
 5 SYSTEMPATH/CodeIgniter.php(349): CodeIgniter\CodeIgniter->handleRequest()
 6 FCPATH/index.php(57): CodeIgniter\CodeIgniter->run()
CRITICAL - 2024-07-29 16:43:01 --> Undefined variable $payArray
in APPPATH/Models/Engine.php on line 2230.
 1 APPPATH/Models/Engine.php(2230): CodeIgniter\Debug\Exceptions->errorHandler()
 2 APPPATH/Controllers/Api.php(147): App\Models\Engine->getBillToSynch()
 3 SYSTEMPATH/CodeIgniter.php(896): App\Controllers\Api->postbillpayment()
 4 SYSTEMPATH/CodeIgniter.php(466): CodeIgniter\CodeIgniter->runController()
 5 SYSTEMPATH/CodeIgniter.php(349): CodeIgniter\CodeIgniter->handleRequest()
 6 FCPATH/index.php(57): CodeIgniter\CodeIgniter->run()
CRITICAL - 2024-07-29 16:44:01 --> Undefined variable $payArray
in APPPATH/Models/Engine.php on line 2230.
 1 APPPATH/Models/Engine.php(2230): CodeIgniter\Debug\Exceptions->errorHandler()
 2 APPPATH/Controllers/Api.php(147): App\Models\Engine->getBillToSynch()
 3 SYSTEMPATH/CodeIgniter.php(896): App\Controllers\Api->postbillpayment()
 4 SYSTEMPATH/CodeIgniter.php(466): CodeIgniter\CodeIgniter->runController()
 5 SYSTEMPATH/CodeIgniter.php(349): CodeIgniter\CodeIgniter->handleRequest()
 6 FCPATH/index.php(57): CodeIgniter\CodeIgniter->run()
CRITICAL - 2024-07-29 16:45:01 --> Undefined variable $payArray
in APPPATH/Models/Engine.php on line 2230.
 1 APPPATH/Models/Engine.php(2230): CodeIgniter\Debug\Exceptions->errorHandler()
 2 APPPATH/Controllers/Api.php(147): App\Models\Engine->getBillToSynch()
 3 SYSTEMPATH/CodeIgniter.php(896): App\Controllers\Api->postbillpayment()
 4 SYSTEMPATH/CodeIgniter.php(466): CodeIgniter\CodeIgniter->runController()
 5 SYSTEMPATH/CodeIgniter.php(349): CodeIgniter\CodeIgniter->handleRequest()
 6 FCPATH/index.php(57): CodeIgniter\CodeIgniter->run()
CRITICAL - 2024-07-29 16:46:01 --> Undefined variable $payArray
in APPPATH/Models/Engine.php on line 2230.
 1 APPPATH/Models/Engine.php(2230): CodeIgniter\Debug\Exceptions->errorHandler()
 2 APPPATH/Controllers/Api.php(147): App\Models\Engine->getBillToSynch()
 3 SYSTEMPATH/CodeIgniter.php(896): App\Controllers\Api->postbillpayment()
 4 SYSTEMPATH/CodeIgniter.php(466): CodeIgniter\CodeIgniter->runController()
 5 SYSTEMPATH/CodeIgniter.php(349): CodeIgniter\CodeIgniter->handleRequest()
 6 FCPATH/index.php(57): CodeIgniter\CodeIgniter->run()
CRITICAL - 2024-07-29 16:47:01 --> Undefined variable $payArray
in APPPATH/Models/Engine.php on line 2230.
 1 APPPATH/Models/Engine.php(2230): CodeIgniter\Debug\Exceptions->errorHandler()
 2 APPPATH/Controllers/Api.php(147): App\Models\Engine->getBillToSynch()
 3 SYSTEMPATH/CodeIgniter.php(896): App\Controllers\Api->postbillpayment()
 4 SYSTEMPATH/CodeIgniter.php(466): CodeIgniter\CodeIgniter->runController()
 5 SYSTEMPATH/CodeIgniter.php(349): CodeIgniter\CodeIgniter->handleRequest()
 6 FCPATH/index.php(57): CodeIgniter\CodeIgniter->run()
CRITICAL - 2024-07-29 16:48:01 --> Undefined variable $payArray
in APPPATH/Models/Engine.php on line 2230.
 1 APPPATH/Models/Engine.php(2230): CodeIgniter\Debug\Exceptions->errorHandler()
 2 APPPATH/Controllers/Api.php(147): App\Models\Engine->getBillToSynch()
 3 SYSTEMPATH/CodeIgniter.php(896): App\Controllers\Api->postbillpayment()
 4 SYSTEMPATH/CodeIgniter.php(466): CodeIgniter\CodeIgniter->runController()
 5 SYSTEMPATH/CodeIgniter.php(349): CodeIgniter\CodeIgniter->handleRequest()
 6 FCPATH/index.php(57): CodeIgniter\CodeIgniter->run()
CRITICAL - 2024-07-29 16:49:01 --> Undefined variable $payArray
in APPPATH/Models/Engine.php on line 2230.
 1 APPPATH/Models/Engine.php(2230): CodeIgniter\Debug\Exceptions->errorHandler()
 2 APPPATH/Controllers/Api.php(147): App\Models\Engine->getBillToSynch()
 3 SYSTEMPATH/CodeIgniter.php(896): App\Controllers\Api->postbillpayment()
 4 SYSTEMPATH/CodeIgniter.php(466): CodeIgniter\CodeIgniter->runController()
 5 SYSTEMPATH/CodeIgniter.php(349): CodeIgniter\CodeIgniter->handleRequest()
 6 FCPATH/index.php(57): CodeIgniter\CodeIgniter->run()
CRITICAL - 2024-07-29 16:50:01 --> Undefined variable $payArray
in APPPATH/Models/Engine.php on line 2230.
 1 APPPATH/Models/Engine.php(2230): CodeIgniter\Debug\Exceptions->errorHandler()
 2 APPPATH/Controllers/Api.php(147): App\Models\Engine->getBillToSynch()
 3 SYSTEMPATH/CodeIgniter.php(896): App\Controllers\Api->postbillpayment()
 4 SYSTEMPATH/CodeIgniter.php(466): CodeIgniter\CodeIgniter->runController()
 5 SYSTEMPATH/CodeIgniter.php(349): CodeIgniter\CodeIgniter->handleRequest()
 6 FCPATH/index.php(57): CodeIgniter\CodeIgniter->run()
CRITICAL - 2024-07-29 16:51:01 --> Undefined variable $payArray
in APPPATH/Models/Engine.php on line 2230.
 1 APPPATH/Models/Engine.php(2230): CodeIgniter\Debug\Exceptions->errorHandler()
 2 APPPATH/Controllers/Api.php(147): App\Models\Engine->getBillToSynch()
 3 SYSTEMPATH/CodeIgniter.php(896): App\Controllers\Api->postbillpayment()
 4 SYSTEMPATH/CodeIgniter.php(466): CodeIgniter\CodeIgniter->runController()
 5 SYSTEMPATH/CodeIgniter.php(349): CodeIgniter\CodeIgniter->handleRequest()
 6 FCPATH/index.php(57): CodeIgniter\CodeIgniter->run()
CRITICAL - 2024-07-29 16:52:01 --> Undefined variable $payArray
in APPPATH/Models/Engine.php on line 2230.
 1 APPPATH/Models/Engine.php(2230): CodeIgniter\Debug\Exceptions->errorHandler()
 2 APPPATH/Controllers/Api.php(147): App\Models\Engine->getBillToSynch()
 3 SYSTEMPATH/CodeIgniter.php(896): App\Controllers\Api->postbillpayment()
 4 SYSTEMPATH/CodeIgniter.php(466): CodeIgniter\CodeIgniter->runController()
 5 SYSTEMPATH/CodeIgniter.php(349): CodeIgniter\CodeIgniter->handleRequest()
 6 FCPATH/index.php(57): CodeIgniter\CodeIgniter->run()
CRITICAL - 2024-07-29 16:53:01 --> Undefined variable $payArray
in APPPATH/Models/Engine.php on line 2230.
 1 APPPATH/Models/Engine.php(2230): CodeIgniter\Debug\Exceptions->errorHandler()
 2 APPPATH/Controllers/Api.php(147): App\Models\Engine->getBillToSynch()
 3 SYSTEMPATH/CodeIgniter.php(896): App\Controllers\Api->postbillpayment()
 4 SYSTEMPATH/CodeIgniter.php(466): CodeIgniter\CodeIgniter->runController()
 5 SYSTEMPATH/CodeIgniter.php(349): CodeIgniter\CodeIgniter->handleRequest()
 6 FCPATH/index.php(57): CodeIgniter\CodeIgniter->run()
CRITICAL - 2024-07-29 16:54:01 --> Undefined variable $payArray
in APPPATH/Models/Engine.php on line 2230.
 1 APPPATH/Models/Engine.php(2230): CodeIgniter\Debug\Exceptions->errorHandler()
 2 APPPATH/Controllers/Api.php(147): App\Models\Engine->getBillToSynch()
 3 SYSTEMPATH/CodeIgniter.php(896): App\Controllers\Api->postbillpayment()
 4 SYSTEMPATH/CodeIgniter.php(466): CodeIgniter\CodeIgniter->runController()
 5 SYSTEMPATH/CodeIgniter.php(349): CodeIgniter\CodeIgniter->handleRequest()
 6 FCPATH/index.php(57): CodeIgniter\CodeIgniter->run()
CRITICAL - 2024-07-29 16:55:01 --> Undefined variable $payArray
in APPPATH/Models/Engine.php on line 2230.
 1 APPPATH/Models/Engine.php(2230): CodeIgniter\Debug\Exceptions->errorHandler()
 2 APPPATH/Controllers/Api.php(147): App\Models\Engine->getBillToSynch()
 3 SYSTEMPATH/CodeIgniter.php(896): App\Controllers\Api->postbillpayment()
 4 SYSTEMPATH/CodeIgniter.php(466): CodeIgniter\CodeIgniter->runController()
 5 SYSTEMPATH/CodeIgniter.php(349): CodeIgniter\CodeIgniter->handleRequest()
 6 FCPATH/index.php(57): CodeIgniter\CodeIgniter->run()
CRITICAL - 2024-07-29 16:56:01 --> Undefined variable $payArray
in APPPATH/Models/Engine.php on line 2230.
 1 APPPATH/Models/Engine.php(2230): CodeIgniter\Debug\Exceptions->errorHandler()
 2 APPPATH/Controllers/Api.php(147): App\Models\Engine->getBillToSynch()
 3 SYSTEMPATH/CodeIgniter.php(896): App\Controllers\Api->postbillpayment()
 4 SYSTEMPATH/CodeIgniter.php(466): CodeIgniter\CodeIgniter->runController()
 5 SYSTEMPATH/CodeIgniter.php(349): CodeIgniter\CodeIgniter->handleRequest()
 6 FCPATH/index.php(57): CodeIgniter\CodeIgniter->run()
CRITICAL - 2024-07-29 16:57:00 --> Undefined variable $payArray
in APPPATH/Models/Engine.php on line 2230.
 1 APPPATH/Models/Engine.php(2230): CodeIgniter\Debug\Exceptions->errorHandler()
 2 APPPATH/Controllers/Api.php(147): App\Models\Engine->getBillToSynch()
 3 SYSTEMPATH/CodeIgniter.php(896): App\Controllers\Api->postbillpayment()
 4 SYSTEMPATH/CodeIgniter.php(466): CodeIgniter\CodeIgniter->runController()
 5 SYSTEMPATH/CodeIgniter.php(349): CodeIgniter\CodeIgniter->handleRequest()
 6 FCPATH/index.php(57): CodeIgniter\CodeIgniter->run()
CRITICAL - 2024-07-29 16:58:01 --> Undefined variable $payArray
in APPPATH/Models/Engine.php on line 2230.
 1 APPPATH/Models/Engine.php(2230): CodeIgniter\Debug\Exceptions->errorHandler()
 2 APPPATH/Controllers/Api.php(147): App\Models\Engine->getBillToSynch()
 3 SYSTEMPATH/CodeIgniter.php(896): App\Controllers\Api->postbillpayment()
 4 SYSTEMPATH/CodeIgniter.php(466): CodeIgniter\CodeIgniter->runController()
 5 SYSTEMPATH/CodeIgniter.php(349): CodeIgniter\CodeIgniter->handleRequest()
 6 FCPATH/index.php(57): CodeIgniter\CodeIgniter->run()
CRITICAL - 2024-07-29 16:59:01 --> Undefined variable $payArray
in APPPATH/Models/Engine.php on line 2230.
 1 APPPATH/Models/Engine.php(2230): CodeIgniter\Debug\Exceptions->errorHandler()
 2 APPPATH/Controllers/Api.php(147): App\Models\Engine->getBillToSynch()
 3 SYSTEMPATH/CodeIgniter.php(896): App\Controllers\Api->postbillpayment()
 4 SYSTEMPATH/CodeIgniter.php(466): CodeIgniter\CodeIgniter->runController()
 5 SYSTEMPATH/CodeIgniter.php(349): CodeIgniter\CodeIgniter->handleRequest()
 6 FCPATH/index.php(57): CodeIgniter\CodeIgniter->run()
CRITICAL - 2024-07-29 17:00:01 --> Undefined variable $payArray
in APPPATH/Models/Engine.php on line 2230.
 1 APPPATH/Models/Engine.php(2230): CodeIgniter\Debug\Exceptions->errorHandler()
 2 APPPATH/Controllers/Api.php(147): App\Models\Engine->getBillToSynch()
 3 SYSTEMPATH/CodeIgniter.php(896): App\Controllers\Api->postbillpayment()
 4 SYSTEMPATH/CodeIgniter.php(466): CodeIgniter\CodeIgniter->runController()
 5 SYSTEMPATH/CodeIgniter.php(349): CodeIgniter\CodeIgniter->handleRequest()
 6 FCPATH/index.php(57): CodeIgniter\CodeIgniter->run()
CRITICAL - 2024-07-29 17:01:01 --> Undefined variable $payArray
in APPPATH/Models/Engine.php on line 2230.
 1 APPPATH/Models/Engine.php(2230): CodeIgniter\Debug\Exceptions->errorHandler()
 2 APPPATH/Controllers/Api.php(147): App\Models\Engine->getBillToSynch()
 3 SYSTEMPATH/CodeIgniter.php(896): App\Controllers\Api->postbillpayment()
 4 SYSTEMPATH/CodeIgniter.php(466): CodeIgniter\CodeIgniter->runController()
 5 SYSTEMPATH/CodeIgniter.php(349): CodeIgniter\CodeIgniter->handleRequest()
 6 FCPATH/index.php(57): CodeIgniter\CodeIgniter->run()
CRITICAL - 2024-07-29 17:02:01 --> Undefined variable $payArray
in APPPATH/Models/Engine.php on line 2230.
 1 APPPATH/Models/Engine.php(2230): CodeIgniter\Debug\Exceptions->errorHandler()
 2 APPPATH/Controllers/Api.php(147): App\Models\Engine->getBillToSynch()
 3 SYSTEMPATH/CodeIgniter.php(896): App\Controllers\Api->postbillpayment()
 4 SYSTEMPATH/CodeIgniter.php(466): CodeIgniter\CodeIgniter->runController()
 5 SYSTEMPATH/CodeIgniter.php(349): CodeIgniter\CodeIgniter->handleRequest()
 6 FCPATH/index.php(57): CodeIgniter\CodeIgniter->run()
CRITICAL - 2024-07-29 17:03:01 --> Undefined variable $payArray
in APPPATH/Models/Engine.php on line 2230.
 1 APPPATH/Models/Engine.php(2230): CodeIgniter\Debug\Exceptions->errorHandler()
 2 APPPATH/Controllers/Api.php(147): App\Models\Engine->getBillToSynch()
 3 SYSTEMPATH/CodeIgniter.php(896): App\Controllers\Api->postbillpayment()
 4 SYSTEMPATH/CodeIgniter.php(466): CodeIgniter\CodeIgniter->runController()
 5 SYSTEMPATH/CodeIgniter.php(349): CodeIgniter\CodeIgniter->handleRequest()
 6 FCPATH/index.php(57): CodeIgniter\CodeIgniter->run()
CRITICAL - 2024-07-29 17:04:01 --> Undefined variable $payArray
in APPPATH/Models/Engine.php on line 2230.
 1 APPPATH/Models/Engine.php(2230): CodeIgniter\Debug\Exceptions->errorHandler()
 2 APPPATH/Controllers/Api.php(147): App\Models\Engine->getBillToSynch()
 3 SYSTEMPATH/CodeIgniter.php(896): App\Controllers\Api->postbillpayment()
 4 SYSTEMPATH/CodeIgniter.php(466): CodeIgniter\CodeIgniter->runController()
 5 SYSTEMPATH/CodeIgniter.php(349): CodeIgniter\CodeIgniter->handleRequest()
 6 FCPATH/index.php(57): CodeIgniter\CodeIgniter->run()
CRITICAL - 2024-07-29 17:05:01 --> Undefined variable $payArray
in APPPATH/Models/Engine.php on line 2230.
 1 APPPATH/Models/Engine.php(2230): CodeIgniter\Debug\Exceptions->errorHandler()
 2 APPPATH/Controllers/Api.php(147): App\Models\Engine->getBillToSynch()
 3 SYSTEMPATH/CodeIgniter.php(896): App\Controllers\Api->postbillpayment()
 4 SYSTEMPATH/CodeIgniter.php(466): CodeIgniter\CodeIgniter->runController()
 5 SYSTEMPATH/CodeIgniter.php(349): CodeIgniter\CodeIgniter->handleRequest()
 6 FCPATH/index.php(57): CodeIgniter\CodeIgniter->run()
CRITICAL - 2024-07-29 17:06:01 --> Undefined variable $payArray
in APPPATH/Models/Engine.php on line 2230.
 1 APPPATH/Models/Engine.php(2230): CodeIgniter\Debug\Exceptions->errorHandler()
 2 APPPATH/Controllers/Api.php(147): App\Models\Engine->getBillToSynch()
 3 SYSTEMPATH/CodeIgniter.php(896): App\Controllers\Api->postbillpayment()
 4 SYSTEMPATH/CodeIgniter.php(466): CodeIgniter\CodeIgniter->runController()
 5 SYSTEMPATH/CodeIgniter.php(349): CodeIgniter\CodeIgniter->handleRequest()
 6 FCPATH/index.php(57): CodeIgniter\CodeIgniter->run()
CRITICAL - 2024-07-29 17:07:01 --> Undefined variable $payArray
in APPPATH/Models/Engine.php on line 2230.
 1 APPPATH/Models/Engine.php(2230): CodeIgniter\Debug\Exceptions->errorHandler()
 2 APPPATH/Controllers/Api.php(147): App\Models\Engine->getBillToSynch()
 3 SYSTEMPATH/CodeIgniter.php(896): App\Controllers\Api->postbillpayment()
 4 SYSTEMPATH/CodeIgniter.php(466): CodeIgniter\CodeIgniter->runController()
 5 SYSTEMPATH/CodeIgniter.php(349): CodeIgniter\CodeIgniter->handleRequest()
 6 FCPATH/index.php(57): CodeIgniter\CodeIgniter->run()
CRITICAL - 2024-07-29 17:08:01 --> Undefined variable $payArray
in APPPATH/Models/Engine.php on line 2230.
 1 APPPATH/Models/Engine.php(2230): CodeIgniter\Debug\Exceptions->errorHandler()
 2 APPPATH/Controllers/Api.php(147): App\Models\Engine->getBillToSynch()
 3 SYSTEMPATH/CodeIgniter.php(896): App\Controllers\Api->postbillpayment()
 4 SYSTEMPATH/CodeIgniter.php(466): CodeIgniter\CodeIgniter->runController()
 5 SYSTEMPATH/CodeIgniter.php(349): CodeIgniter\CodeIgniter->handleRequest()
 6 FCPATH/index.php(57): CodeIgniter\CodeIgniter->run()
CRITICAL - 2024-07-29 17:09:01 --> Undefined variable $payArray
in APPPATH/Models/Engine.php on line 2230.
 1 APPPATH/Models/Engine.php(2230): CodeIgniter\Debug\Exceptions->errorHandler()
 2 APPPATH/Controllers/Api.php(147): App\Models\Engine->getBillToSynch()
 3 SYSTEMPATH/CodeIgniter.php(896): App\Controllers\Api->postbillpayment()
 4 SYSTEMPATH/CodeIgniter.php(466): CodeIgniter\CodeIgniter->runController()
 5 SYSTEMPATH/CodeIgniter.php(349): CodeIgniter\CodeIgniter->handleRequest()
 6 FCPATH/index.php(57): CodeIgniter\CodeIgniter->run()
CRITICAL - 2024-07-29 17:10:01 --> Undefined variable $payArray
in APPPATH/Models/Engine.php on line 2230.
 1 APPPATH/Models/Engine.php(2230): CodeIgniter\Debug\Exceptions->errorHandler()
 2 APPPATH/Controllers/Api.php(147): App\Models\Engine->getBillToSynch()
 3 SYSTEMPATH/CodeIgniter.php(896): App\Controllers\Api->postbillpayment()
 4 SYSTEMPATH/CodeIgniter.php(466): CodeIgniter\CodeIgniter->runController()
 5 SYSTEMPATH/CodeIgniter.php(349): CodeIgniter\CodeIgniter->handleRequest()
 6 FCPATH/index.php(57): CodeIgniter\CodeIgniter->run()
CRITICAL - 2024-07-29 17:11:01 --> Undefined variable $payArray
in APPPATH/Models/Engine.php on line 2230.
 1 APPPATH/Models/Engine.php(2230): CodeIgniter\Debug\Exceptions->errorHandler()
 2 APPPATH/Controllers/Api.php(147): App\Models\Engine->getBillToSynch()
 3 SYSTEMPATH/CodeIgniter.php(896): App\Controllers\Api->postbillpayment()
 4 SYSTEMPATH/CodeIgniter.php(466): CodeIgniter\CodeIgniter->runController()
 5 SYSTEMPATH/CodeIgniter.php(349): CodeIgniter\CodeIgniter->handleRequest()
 6 FCPATH/index.php(57): CodeIgniter\CodeIgniter->run()
CRITICAL - 2024-07-29 17:12:01 --> Undefined variable $payArray
in APPPATH/Models/Engine.php on line 2230.
 1 APPPATH/Models/Engine.php(2230): CodeIgniter\Debug\Exceptions->errorHandler()
 2 APPPATH/Controllers/Api.php(147): App\Models\Engine->getBillToSynch()
 3 SYSTEMPATH/CodeIgniter.php(896): App\Controllers\Api->postbillpayment()
 4 SYSTEMPATH/CodeIgniter.php(466): CodeIgniter\CodeIgniter->runController()
 5 SYSTEMPATH/CodeIgniter.php(349): CodeIgniter\CodeIgniter->handleRequest()
 6 FCPATH/index.php(57): CodeIgniter\CodeIgniter->run()
CRITICAL - 2024-07-29 17:13:02 --> Undefined variable $payArray
in APPPATH/Models/Engine.php on line 2230.
 1 APPPATH/Models/Engine.php(2230): CodeIgniter\Debug\Exceptions->errorHandler()
 2 APPPATH/Controllers/Api.php(147): App\Models\Engine->getBillToSynch()
 3 SYSTEMPATH/CodeIgniter.php(896): App\Controllers\Api->postbillpayment()
 4 SYSTEMPATH/CodeIgniter.php(466): CodeIgniter\CodeIgniter->runController()
 5 SYSTEMPATH/CodeIgniter.php(349): CodeIgniter\CodeIgniter->handleRequest()
 6 FCPATH/index.php(57): CodeIgniter\CodeIgniter->run()
CRITICAL - 2024-07-29 17:14:02 --> Undefined variable $payArray
in APPPATH/Models/Engine.php on line 2230.
 1 APPPATH/Models/Engine.php(2230): CodeIgniter\Debug\Exceptions->errorHandler()
 2 APPPATH/Controllers/Api.php(147): App\Models\Engine->getBillToSynch()
 3 SYSTEMPATH/CodeIgniter.php(896): App\Controllers\Api->postbillpayment()
 4 SYSTEMPATH/CodeIgniter.php(466): CodeIgniter\CodeIgniter->runController()
 5 SYSTEMPATH/CodeIgniter.php(349): CodeIgniter\CodeIgniter->handleRequest()
 6 FCPATH/index.php(57): CodeIgniter\CodeIgniter->run()
CRITICAL - 2024-07-29 17:15:01 --> Undefined variable $payArray
in APPPATH/Models/Engine.php on line 2230.
 1 APPPATH/Models/Engine.php(2230): CodeIgniter\Debug\Exceptions->errorHandler()
 2 APPPATH/Controllers/Api.php(147): App\Models\Engine->getBillToSynch()
 3 SYSTEMPATH/CodeIgniter.php(896): App\Controllers\Api->postbillpayment()
 4 SYSTEMPATH/CodeIgniter.php(466): CodeIgniter\CodeIgniter->runController()
 5 SYSTEMPATH/CodeIgniter.php(349): CodeIgniter\CodeIgniter->handleRequest()
 6 FCPATH/index.php(57): CodeIgniter\CodeIgniter->run()
CRITICAL - 2024-07-29 17:16:01 --> Undefined variable $payArray
in APPPATH/Models/Engine.php on line 2230.
 1 APPPATH/Models/Engine.php(2230): CodeIgniter\Debug\Exceptions->errorHandler()
 2 APPPATH/Controllers/Api.php(147): App\Models\Engine->getBillToSynch()
 3 SYSTEMPATH/CodeIgniter.php(896): App\Controllers\Api->postbillpayment()
 4 SYSTEMPATH/CodeIgniter.php(466): CodeIgniter\CodeIgniter->runController()
 5 SYSTEMPATH/CodeIgniter.php(349): CodeIgniter\CodeIgniter->handleRequest()
 6 FCPATH/index.php(57): CodeIgniter\CodeIgniter->run()
CRITICAL - 2024-07-29 17:17:01 --> Undefined variable $payArray
in APPPATH/Models/Engine.php on line 2230.
 1 APPPATH/Models/Engine.php(2230): CodeIgniter\Debug\Exceptions->errorHandler()
 2 APPPATH/Controllers/Api.php(147): App\Models\Engine->getBillToSynch()
 3 SYSTEMPATH/CodeIgniter.php(896): App\Controllers\Api->postbillpayment()
 4 SYSTEMPATH/CodeIgniter.php(466): CodeIgniter\CodeIgniter->runController()
 5 SYSTEMPATH/CodeIgniter.php(349): CodeIgniter\CodeIgniter->handleRequest()
 6 FCPATH/index.php(57): CodeIgniter\CodeIgniter->run()
CRITICAL - 2024-07-29 17:18:01 --> Undefined variable $payArray
in APPPATH/Models/Engine.php on line 2230.
 1 APPPATH/Models/Engine.php(2230): CodeIgniter\Debug\Exceptions->errorHandler()
 2 APPPATH/Controllers/Api.php(147): App\Models\Engine->getBillToSynch()
 3 SYSTEMPATH/CodeIgniter.php(896): App\Controllers\Api->postbillpayment()
 4 SYSTEMPATH/CodeIgniter.php(466): CodeIgniter\CodeIgniter->runController()
 5 SYSTEMPATH/CodeIgniter.php(349): CodeIgniter\CodeIgniter->handleRequest()
 6 FCPATH/index.php(57): CodeIgniter\CodeIgniter->run()
CRITICAL - 2024-07-29 17:19:01 --> Undefined variable $payArray
in APPPATH/Models/Engine.php on line 2230.
 1 APPPATH/Models/Engine.php(2230): CodeIgniter\Debug\Exceptions->errorHandler()
 2 APPPATH/Controllers/Api.php(147): App\Models\Engine->getBillToSynch()
 3 SYSTEMPATH/CodeIgniter.php(896): App\Controllers\Api->postbillpayment()
 4 SYSTEMPATH/CodeIgniter.php(466): CodeIgniter\CodeIgniter->runController()
 5 SYSTEMPATH/CodeIgniter.php(349): CodeIgniter\CodeIgniter->handleRequest()
 6 FCPATH/index.php(57): CodeIgniter\CodeIgniter->run()
CRITICAL - 2024-07-29 17:20:01 --> Undefined variable $payArray
in APPPATH/Models/Engine.php on line 2230.
 1 APPPATH/Models/Engine.php(2230): CodeIgniter\Debug\Exceptions->errorHandler()
 2 APPPATH/Controllers/Api.php(147): App\Models\Engine->getBillToSynch()
 3 SYSTEMPATH/CodeIgniter.php(896): App\Controllers\Api->postbillpayment()
 4 SYSTEMPATH/CodeIgniter.php(466): CodeIgniter\CodeIgniter->runController()
 5 SYSTEMPATH/CodeIgniter.php(349): CodeIgniter\CodeIgniter->handleRequest()
 6 FCPATH/index.php(57): CodeIgniter\CodeIgniter->run()
CRITICAL - 2024-07-29 17:21:01 --> Undefined variable $payArray
in APPPATH/Models/Engine.php on line 2230.
 1 APPPATH/Models/Engine.php(2230): CodeIgniter\Debug\Exceptions->errorHandler()
 2 APPPATH/Controllers/Api.php(147): App\Models\Engine->getBillToSynch()
 3 SYSTEMPATH/CodeIgniter.php(896): App\Controllers\Api->postbillpayment()
 4 SYSTEMPATH/CodeIgniter.php(466): CodeIgniter\CodeIgniter->runController()
 5 SYSTEMPATH/CodeIgniter.php(349): CodeIgniter\CodeIgniter->handleRequest()
 6 FCPATH/index.php(57): CodeIgniter\CodeIgniter->run()
CRITICAL - 2024-07-29 17:22:01 --> Undefined variable $payArray
in APPPATH/Models/Engine.php on line 2230.
 1 APPPATH/Models/Engine.php(2230): CodeIgniter\Debug\Exceptions->errorHandler()
 2 APPPATH/Controllers/Api.php(147): App\Models\Engine->getBillToSynch()
 3 SYSTEMPATH/CodeIgniter.php(896): App\Controllers\Api->postbillpayment()
 4 SYSTEMPATH/CodeIgniter.php(466): CodeIgniter\CodeIgniter->runController()
 5 SYSTEMPATH/CodeIgniter.php(349): CodeIgniter\CodeIgniter->handleRequest()
 6 FCPATH/index.php(57): CodeIgniter\CodeIgniter->run()
CRITICAL - 2024-07-29 17:23:01 --> Undefined variable $payArray
in APPPATH/Models/Engine.php on line 2230.
 1 APPPATH/Models/Engine.php(2230): CodeIgniter\Debug\Exceptions->errorHandler()
 2 APPPATH/Controllers/Api.php(147): App\Models\Engine->getBillToSynch()
 3 SYSTEMPATH/CodeIgniter.php(896): App\Controllers\Api->postbillpayment()
 4 SYSTEMPATH/CodeIgniter.php(466): CodeIgniter\CodeIgniter->runController()
 5 SYSTEMPATH/CodeIgniter.php(349): CodeIgniter\CodeIgniter->handleRequest()
 6 FCPATH/index.php(57): CodeIgniter\CodeIgniter->run()
CRITICAL - 2024-07-29 17:24:01 --> Undefined variable $payArray
in APPPATH/Models/Engine.php on line 2230.
 1 APPPATH/Models/Engine.php(2230): CodeIgniter\Debug\Exceptions->errorHandler()
 2 APPPATH/Controllers/Api.php(147): App\Models\Engine->getBillToSynch()
 3 SYSTEMPATH/CodeIgniter.php(896): App\Controllers\Api->postbillpayment()
 4 SYSTEMPATH/CodeIgniter.php(466): CodeIgniter\CodeIgniter->runController()
 5 SYSTEMPATH/CodeIgniter.php(349): CodeIgniter\CodeIgniter->handleRequest()
 6 FCPATH/index.php(57): CodeIgniter\CodeIgniter->run()
CRITICAL - 2024-07-29 17:25:01 --> Undefined variable $payArray
in APPPATH/Models/Engine.php on line 2230.
 1 APPPATH/Models/Engine.php(2230): CodeIgniter\Debug\Exceptions->errorHandler()
 2 APPPATH/Controllers/Api.php(147): App\Models\Engine->getBillToSynch()
 3 SYSTEMPATH/CodeIgniter.php(896): App\Controllers\Api->postbillpayment()
 4 SYSTEMPATH/CodeIgniter.php(466): CodeIgniter\CodeIgniter->runController()
 5 SYSTEMPATH/CodeIgniter.php(349): CodeIgniter\CodeIgniter->handleRequest()
 6 FCPATH/index.php(57): CodeIgniter\CodeIgniter->run()
CRITICAL - 2024-07-29 17:26:11 --> Undefined variable $payArray
in APPPATH/Models/Engine.php on line 2230.
 1 APPPATH/Models/Engine.php(2230): CodeIgniter\Debug\Exceptions->errorHandler()
 2 APPPATH/Controllers/Api.php(147): App\Models\Engine->getBillToSynch()
 3 SYSTEMPATH/CodeIgniter.php(896): App\Controllers\Api->postbillpayment()
 4 SYSTEMPATH/CodeIgniter.php(466): CodeIgniter\CodeIgniter->runController()
 5 SYSTEMPATH/CodeIgniter.php(349): CodeIgniter\CodeIgniter->handleRequest()
 6 FCPATH/index.php(57): CodeIgniter\CodeIgniter->run()
CRITICAL - 2024-07-29 17:27:11 --> Undefined variable $payArray
in APPPATH/Models/Engine.php on line 2230.
 1 APPPATH/Models/Engine.php(2230): CodeIgniter\Debug\Exceptions->errorHandler()
 2 APPPATH/Controllers/Api.php(147): App\Models\Engine->getBillToSynch()
 3 SYSTEMPATH/CodeIgniter.php(896): App\Controllers\Api->postbillpayment()
 4 SYSTEMPATH/CodeIgniter.php(466): CodeIgniter\CodeIgniter->runController()
 5 SYSTEMPATH/CodeIgniter.php(349): CodeIgniter\CodeIgniter->handleRequest()
 6 FCPATH/index.php(57): CodeIgniter\CodeIgniter->run()
CRITICAL - 2024-07-29 17:28:06 --> Undefined variable $payArray
in APPPATH/Models/Engine.php on line 2230.
 1 APPPATH/Models/Engine.php(2230): CodeIgniter\Debug\Exceptions->errorHandler()
 2 APPPATH/Controllers/Api.php(147): App\Models\Engine->getBillToSynch()
 3 SYSTEMPATH/CodeIgniter.php(896): App\Controllers\Api->postbillpayment()
 4 SYSTEMPATH/CodeIgniter.php(466): CodeIgniter\CodeIgniter->runController()
 5 SYSTEMPATH/CodeIgniter.php(349): CodeIgniter\CodeIgniter->handleRequest()
 6 FCPATH/index.php(57): CodeIgniter\CodeIgniter->run()
CRITICAL - 2024-07-29 17:29:11 --> Undefined variable $payArray
in APPPATH/Models/Engine.php on line 2230.
 1 APPPATH/Models/Engine.php(2230): CodeIgniter\Debug\Exceptions->errorHandler()
 2 APPPATH/Controllers/Api.php(147): App\Models\Engine->getBillToSynch()
 3 SYSTEMPATH/CodeIgniter.php(896): App\Controllers\Api->postbillpayment()
 4 SYSTEMPATH/CodeIgniter.php(466): CodeIgniter\CodeIgniter->runController()
 5 SYSTEMPATH/CodeIgniter.php(349): CodeIgniter\CodeIgniter->handleRequest()
 6 FCPATH/index.php(57): CodeIgniter\CodeIgniter->run()
CRITICAL - 2024-07-29 17:30:12 --> Undefined variable $payArray
in APPPATH/Models/Engine.php on line 2230.
 1 APPPATH/Models/Engine.php(2230): CodeIgniter\Debug\Exceptions->errorHandler()
 2 APPPATH/Controllers/Api.php(147): App\Models\Engine->getBillToSynch()
 3 SYSTEMPATH/CodeIgniter.php(896): App\Controllers\Api->postbillpayment()
 4 SYSTEMPATH/CodeIgniter.php(466): CodeIgniter\CodeIgniter->runController()
 5 SYSTEMPATH/CodeIgniter.php(349): CodeIgniter\CodeIgniter->handleRequest()
 6 FCPATH/index.php(57): CodeIgniter\CodeIgniter->run()
CRITICAL - 2024-07-29 17:31:07 --> Undefined variable $payArray
in APPPATH/Models/Engine.php on line 2230.
 1 APPPATH/Models/Engine.php(2230): CodeIgniter\Debug\Exceptions->errorHandler()
 2 APPPATH/Controllers/Api.php(147): App\Models\Engine->getBillToSynch()
 3 SYSTEMPATH/CodeIgniter.php(896): App\Controllers\Api->postbillpayment()
 4 SYSTEMPATH/CodeIgniter.php(466): CodeIgniter\CodeIgniter->runController()
 5 SYSTEMPATH/CodeIgniter.php(349): CodeIgniter\CodeIgniter->handleRequest()
 6 FCPATH/index.php(57): CodeIgniter\CodeIgniter->run()
CRITICAL - 2024-07-29 17:32:11 --> Undefined variable $payArray
in APPPATH/Models/Engine.php on line 2230.
 1 APPPATH/Models/Engine.php(2230): CodeIgniter\Debug\Exceptions->errorHandler()
 2 APPPATH/Controllers/Api.php(147): App\Models\Engine->getBillToSynch()
 3 SYSTEMPATH/CodeIgniter.php(896): App\Controllers\Api->postbillpayment()
 4 SYSTEMPATH/CodeIgniter.php(466): CodeIgniter\CodeIgniter->runController()
 5 SYSTEMPATH/CodeIgniter.php(349): CodeIgniter\CodeIgniter->handleRequest()
 6 FCPATH/index.php(57): CodeIgniter\CodeIgniter->run()
CRITICAL - 2024-07-29 17:33:11 --> Undefined variable $payArray
in APPPATH/Models/Engine.php on line 2230.
 1 APPPATH/Models/Engine.php(2230): CodeIgniter\Debug\Exceptions->errorHandler()
 2 APPPATH/Controllers/Api.php(147): App\Models\Engine->getBillToSynch()
 3 SYSTEMPATH/CodeIgniter.php(896): App\Controllers\Api->postbillpayment()
 4 SYSTEMPATH/CodeIgniter.php(466): CodeIgniter\CodeIgniter->runController()
 5 SYSTEMPATH/CodeIgniter.php(349): CodeIgniter\CodeIgniter->handleRequest()
 6 FCPATH/index.php(57): CodeIgniter\CodeIgniter->run()
CRITICAL - 2024-07-29 17:34:06 --> Undefined variable $payArray
in APPPATH/Models/Engine.php on line 2230.
 1 APPPATH/Models/Engine.php(2230): CodeIgniter\Debug\Exceptions->errorHandler()
 2 APPPATH/Controllers/Api.php(147): App\Models\Engine->getBillToSynch()
 3 SYSTEMPATH/CodeIgniter.php(896): App\Controllers\Api->postbillpayment()
 4 SYSTEMPATH/CodeIgniter.php(466): CodeIgniter\CodeIgniter->runController()
 5 SYSTEMPATH/CodeIgniter.php(349): CodeIgniter\CodeIgniter->handleRequest()
 6 FCPATH/index.php(57): CodeIgniter\CodeIgniter->run()
CRITICAL - 2024-07-29 17:35:11 --> Undefined variable $payArray
in APPPATH/Models/Engine.php on line 2230.
 1 APPPATH/Models/Engine.php(2230): CodeIgniter\Debug\Exceptions->errorHandler()
 2 APPPATH/Controllers/Api.php(147): App\Models\Engine->getBillToSynch()
 3 SYSTEMPATH/CodeIgniter.php(896): App\Controllers\Api->postbillpayment()
 4 SYSTEMPATH/CodeIgniter.php(466): CodeIgniter\CodeIgniter->runController()
 5 SYSTEMPATH/CodeIgniter.php(349): CodeIgniter\CodeIgniter->handleRequest()
 6 FCPATH/index.php(57): CodeIgniter\CodeIgniter->run()
CRITICAL - 2024-07-29 17:36:11 --> Undefined variable $payArray
in APPPATH/Models/Engine.php on line 2230.
 1 APPPATH/Models/Engine.php(2230): CodeIgniter\Debug\Exceptions->errorHandler()
 2 APPPATH/Controllers/Api.php(147): App\Models\Engine->getBillToSynch()
 3 SYSTEMPATH/CodeIgniter.php(896): App\Controllers\Api->postbillpayment()
 4 SYSTEMPATH/CodeIgniter.php(466): CodeIgniter\CodeIgniter->runController()
 5 SYSTEMPATH/CodeIgniter.php(349): CodeIgniter\CodeIgniter->handleRequest()
 6 FCPATH/index.php(57): CodeIgniter\CodeIgniter->run()
CRITICAL - 2024-07-29 17:37:07 --> Undefined variable $payArray
in APPPATH/Models/Engine.php on line 2230.
 1 APPPATH/Models/Engine.php(2230): CodeIgniter\Debug\Exceptions->errorHandler()
 2 APPPATH/Controllers/Api.php(147): App\Models\Engine->getBillToSynch()
 3 SYSTEMPATH/CodeIgniter.php(896): App\Controllers\Api->postbillpayment()
 4 SYSTEMPATH/CodeIgniter.php(466): CodeIgniter\CodeIgniter->runController()
 5 SYSTEMPATH/CodeIgniter.php(349): CodeIgniter\CodeIgniter->handleRequest()
 6 FCPATH/index.php(57): CodeIgniter\CodeIgniter->run()
CRITICAL - 2024-07-29 17:38:11 --> Undefined variable $payArray
in APPPATH/Models/Engine.php on line 2230.
 1 APPPATH/Models/Engine.php(2230): CodeIgniter\Debug\Exceptions->errorHandler()
 2 APPPATH/Controllers/Api.php(147): App\Models\Engine->getBillToSynch()
 3 SYSTEMPATH/CodeIgniter.php(896): App\Controllers\Api->postbillpayment()
 4 SYSTEMPATH/CodeIgniter.php(466): CodeIgniter\CodeIgniter->runController()
 5 SYSTEMPATH/CodeIgniter.php(349): CodeIgniter\CodeIgniter->handleRequest()
 6 FCPATH/index.php(57): CodeIgniter\CodeIgniter->run()
CRITICAL - 2024-07-29 17:39:11 --> Undefined variable $payArray
in APPPATH/Models/Engine.php on line 2230.
 1 APPPATH/Models/Engine.php(2230): CodeIgniter\Debug\Exceptions->errorHandler()
 2 APPPATH/Controllers/Api.php(147): App\Models\Engine->getBillToSynch()
 3 SYSTEMPATH/CodeIgniter.php(896): App\Controllers\Api->postbillpayment()
 4 SYSTEMPATH/CodeIgniter.php(466): CodeIgniter\CodeIgniter->runController()
 5 SYSTEMPATH/CodeIgniter.php(349): CodeIgniter\CodeIgniter->handleRequest()
 6 FCPATH/index.php(57): CodeIgniter\CodeIgniter->run()
CRITICAL - 2024-07-29 17:40:04 --> Undefined variable $payArray
in APPPATH/Models/Engine.php on line 2230.
 1 APPPATH/Models/Engine.php(2230): CodeIgniter\Debug\Exceptions->errorHandler()
 2 APPPATH/Controllers/Api.php(147): App\Models\Engine->getBillToSynch()
 3 SYSTEMPATH/CodeIgniter.php(896): App\Controllers\Api->postbillpayment()
 4 SYSTEMPATH/CodeIgniter.php(466): CodeIgniter\CodeIgniter->runController()
 5 SYSTEMPATH/CodeIgniter.php(349): CodeIgniter\CodeIgniter->handleRequest()
 6 FCPATH/index.php(57): CodeIgniter\CodeIgniter->run()
CRITICAL - 2024-07-29 17:41:01 --> Undefined variable $payArray
in APPPATH/Models/Engine.php on line 2230.
 1 APPPATH/Models/Engine.php(2230): CodeIgniter\Debug\Exceptions->errorHandler()
 2 APPPATH/Controllers/Api.php(147): App\Models\Engine->getBillToSynch()
 3 SYSTEMPATH/CodeIgniter.php(896): App\Controllers\Api->postbillpayment()
 4 SYSTEMPATH/CodeIgniter.php(466): CodeIgniter\CodeIgniter->runController()
 5 SYSTEMPATH/CodeIgniter.php(349): CodeIgniter\CodeIgniter->handleRequest()
 6 FCPATH/index.php(57): CodeIgniter\CodeIgniter->run()
CRITICAL - 2024-07-29 17:42:01 --> Undefined variable $payArray
in APPPATH/Models/Engine.php on line 2230.
 1 APPPATH/Models/Engine.php(2230): CodeIgniter\Debug\Exceptions->errorHandler()
 2 APPPATH/Controllers/Api.php(147): App\Models\Engine->getBillToSynch()
 3 SYSTEMPATH/CodeIgniter.php(896): App\Controllers\Api->postbillpayment()
 4 SYSTEMPATH/CodeIgniter.php(466): CodeIgniter\CodeIgniter->runController()
 5 SYSTEMPATH/CodeIgniter.php(349): CodeIgniter\CodeIgniter->handleRequest()
 6 FCPATH/index.php(57): CodeIgniter\CodeIgniter->run()
CRITICAL - 2024-07-29 17:43:01 --> Undefined variable $payArray
in APPPATH/Models/Engine.php on line 2230.
 1 APPPATH/Models/Engine.php(2230): CodeIgniter\Debug\Exceptions->errorHandler()
 2 APPPATH/Controllers/Api.php(147): App\Models\Engine->getBillToSynch()
 3 SYSTEMPATH/CodeIgniter.php(896): App\Controllers\Api->postbillpayment()
 4 SYSTEMPATH/CodeIgniter.php(466): CodeIgniter\CodeIgniter->runController()
 5 SYSTEMPATH/CodeIgniter.php(349): CodeIgniter\CodeIgniter->handleRequest()
 6 FCPATH/index.php(57): CodeIgniter\CodeIgniter->run()
CRITICAL - 2024-07-29 17:44:01 --> Undefined variable $payArray
in APPPATH/Models/Engine.php on line 2230.
 1 APPPATH/Models/Engine.php(2230): CodeIgniter\Debug\Exceptions->errorHandler()
 2 APPPATH/Controllers/Api.php(147): App\Models\Engine->getBillToSynch()
 3 SYSTEMPATH/CodeIgniter.php(896): App\Controllers\Api->postbillpayment()
 4 SYSTEMPATH/CodeIgniter.php(466): CodeIgniter\CodeIgniter->runController()
 5 SYSTEMPATH/CodeIgniter.php(349): CodeIgniter\CodeIgniter->handleRequest()
 6 FCPATH/index.php(57): CodeIgniter\CodeIgniter->run()
CRITICAL - 2024-07-29 17:45:01 --> Undefined variable $payArray
in APPPATH/Models/Engine.php on line 2230.
 1 APPPATH/Models/Engine.php(2230): CodeIgniter\Debug\Exceptions->errorHandler()
 2 APPPATH/Controllers/Api.php(147): App\Models\Engine->getBillToSynch()
 3 SYSTEMPATH/CodeIgniter.php(896): App\Controllers\Api->postbillpayment()
 4 SYSTEMPATH/CodeIgniter.php(466): CodeIgniter\CodeIgniter->runController()
 5 SYSTEMPATH/CodeIgniter.php(349): CodeIgniter\CodeIgniter->handleRequest()
 6 FCPATH/index.php(57): CodeIgniter\CodeIgniter->run()
CRITICAL - 2024-07-29 17:46:01 --> Undefined variable $payArray
in APPPATH/Models/Engine.php on line 2230.
 1 APPPATH/Models/Engine.php(2230): CodeIgniter\Debug\Exceptions->errorHandler()
 2 APPPATH/Controllers/Api.php(147): App\Models\Engine->getBillToSynch()
 3 SYSTEMPATH/CodeIgniter.php(896): App\Controllers\Api->postbillpayment()
 4 SYSTEMPATH/CodeIgniter.php(466): CodeIgniter\CodeIgniter->runController()
 5 SYSTEMPATH/CodeIgniter.php(349): CodeIgniter\CodeIgniter->handleRequest()
 6 FCPATH/index.php(57): CodeIgniter\CodeIgniter->run()
CRITICAL - 2024-07-29 17:47:01 --> Undefined variable $payArray
in APPPATH/Models/Engine.php on line 2230.
 1 APPPATH/Models/Engine.php(2230): CodeIgniter\Debug\Exceptions->errorHandler()
 2 APPPATH/Controllers/Api.php(147): App\Models\Engine->getBillToSynch()
 3 SYSTEMPATH/CodeIgniter.php(896): App\Controllers\Api->postbillpayment()
 4 SYSTEMPATH/CodeIgniter.php(466): CodeIgniter\CodeIgniter->runController()
 5 SYSTEMPATH/CodeIgniter.php(349): CodeIgniter\CodeIgniter->handleRequest()
 6 FCPATH/index.php(57): CodeIgniter\CodeIgniter->run()
CRITICAL - 2024-07-29 17:48:02 --> Undefined variable $payArray
in APPPATH/Models/Engine.php on line 2230.
 1 APPPATH/Models/Engine.php(2230): CodeIgniter\Debug\Exceptions->errorHandler()
 2 APPPATH/Controllers/Api.php(147): App\Models\Engine->getBillToSynch()
 3 SYSTEMPATH/CodeIgniter.php(896): App\Controllers\Api->postbillpayment()
 4 SYSTEMPATH/CodeIgniter.php(466): CodeIgniter\CodeIgniter->runController()
 5 SYSTEMPATH/CodeIgniter.php(349): CodeIgniter\CodeIgniter->handleRequest()
 6 FCPATH/index.php(57): CodeIgniter\CodeIgniter->run()
CRITICAL - 2024-07-29 17:49:02 --> Undefined variable $payArray
in APPPATH/Models/Engine.php on line 2230.
 1 APPPATH/Models/Engine.php(2230): CodeIgniter\Debug\Exceptions->errorHandler()
 2 APPPATH/Controllers/Api.php(147): App\Models\Engine->getBillToSynch()
 3 SYSTEMPATH/CodeIgniter.php(896): App\Controllers\Api->postbillpayment()
 4 SYSTEMPATH/CodeIgniter.php(466): CodeIgniter\CodeIgniter->runController()
 5 SYSTEMPATH/CodeIgniter.php(349): CodeIgniter\CodeIgniter->handleRequest()
 6 FCPATH/index.php(57): CodeIgniter\CodeIgniter->run()
CRITICAL - 2024-07-29 17:50:01 --> Undefined variable $payArray
in APPPATH/Models/Engine.php on line 2230.
 1 APPPATH/Models/Engine.php(2230): CodeIgniter\Debug\Exceptions->errorHandler()
 2 APPPATH/Controllers/Api.php(147): App\Models\Engine->getBillToSynch()
 3 SYSTEMPATH/CodeIgniter.php(896): App\Controllers\Api->postbillpayment()
 4 SYSTEMPATH/CodeIgniter.php(466): CodeIgniter\CodeIgniter->runController()
 5 SYSTEMPATH/CodeIgniter.php(349): CodeIgniter\CodeIgniter->handleRequest()
 6 FCPATH/index.php(57): CodeIgniter\CodeIgniter->run()
CRITICAL - 2024-07-29 17:51:01 --> Undefined variable $payArray
in APPPATH/Models/Engine.php on line 2230.
 1 APPPATH/Models/Engine.php(2230): CodeIgniter\Debug\Exceptions->errorHandler()
 2 APPPATH/Controllers/Api.php(147): App\Models\Engine->getBillToSynch()
 3 SYSTEMPATH/CodeIgniter.php(896): App\Controllers\Api->postbillpayment()
 4 SYSTEMPATH/CodeIgniter.php(466): CodeIgniter\CodeIgniter->runController()
 5 SYSTEMPATH/CodeIgniter.php(349): CodeIgniter\CodeIgniter->handleRequest()
 6 FCPATH/index.php(57): CodeIgniter\CodeIgniter->run()
CRITICAL - 2024-07-29 17:52:01 --> Undefined variable $payArray
in APPPATH/Models/Engine.php on line 2230.
 1 APPPATH/Models/Engine.php(2230): CodeIgniter\Debug\Exceptions->errorHandler()
 2 APPPATH/Controllers/Api.php(147): App\Models\Engine->getBillToSynch()
 3 SYSTEMPATH/CodeIgniter.php(896): App\Controllers\Api->postbillpayment()
 4 SYSTEMPATH/CodeIgniter.php(466): CodeIgniter\CodeIgniter->runController()
 5 SYSTEMPATH/CodeIgniter.php(349): CodeIgniter\CodeIgniter->handleRequest()
 6 FCPATH/index.php(57): CodeIgniter\CodeIgniter->run()
CRITICAL - 2024-07-29 17:53:01 --> Undefined variable $payArray
in APPPATH/Models/Engine.php on line 2230.
 1 APPPATH/Models/Engine.php(2230): CodeIgniter\Debug\Exceptions->errorHandler()
 2 APPPATH/Controllers/Api.php(147): App\Models\Engine->getBillToSynch()
 3 SYSTEMPATH/CodeIgniter.php(896): App\Controllers\Api->postbillpayment()
 4 SYSTEMPATH/CodeIgniter.php(466): CodeIgniter\CodeIgniter->runController()
 5 SYSTEMPATH/CodeIgniter.php(349): CodeIgniter\CodeIgniter->handleRequest()
 6 FCPATH/index.php(57): CodeIgniter\CodeIgniter->run()
CRITICAL - 2024-07-29 17:54:01 --> Undefined variable $payArray
in APPPATH/Models/Engine.php on line 2230.
 1 APPPATH/Models/Engine.php(2230): CodeIgniter\Debug\Exceptions->errorHandler()
 2 APPPATH/Controllers/Api.php(147): App\Models\Engine->getBillToSynch()
 3 SYSTEMPATH/CodeIgniter.php(896): App\Controllers\Api->postbillpayment()
 4 SYSTEMPATH/CodeIgniter.php(466): CodeIgniter\CodeIgniter->runController()
 5 SYSTEMPATH/CodeIgniter.php(349): CodeIgniter\CodeIgniter->handleRequest()
 6 FCPATH/index.php(57): CodeIgniter\CodeIgniter->run()
CRITICAL - 2024-07-29 17:55:01 --> Undefined variable $payArray
in APPPATH/Models/Engine.php on line 2230.
 1 APPPATH/Models/Engine.php(2230): CodeIgniter\Debug\Exceptions->errorHandler()
 2 APPPATH/Controllers/Api.php(147): App\Models\Engine->getBillToSynch()
 3 SYSTEMPATH/CodeIgniter.php(896): App\Controllers\Api->postbillpayment()
 4 SYSTEMPATH/CodeIgniter.php(466): CodeIgniter\CodeIgniter->runController()
 5 SYSTEMPATH/CodeIgniter.php(349): CodeIgniter\CodeIgniter->handleRequest()
 6 FCPATH/index.php(57): CodeIgniter\CodeIgniter->run()
CRITICAL - 2024-07-29 17:56:01 --> Undefined variable $payArray
in APPPATH/Models/Engine.php on line 2230.
 1 APPPATH/Models/Engine.php(2230): CodeIgniter\Debug\Exceptions->errorHandler()
 2 APPPATH/Controllers/Api.php(147): App\Models\Engine->getBillToSynch()
 3 SYSTEMPATH/CodeIgniter.php(896): App\Controllers\Api->postbillpayment()
 4 SYSTEMPATH/CodeIgniter.php(466): CodeIgniter\CodeIgniter->runController()
 5 SYSTEMPATH/CodeIgniter.php(349): CodeIgniter\CodeIgniter->handleRequest()
 6 FCPATH/index.php(57): CodeIgniter\CodeIgniter->run()
CRITICAL - 2024-07-29 17:57:01 --> Undefined variable $payArray
in APPPATH/Models/Engine.php on line 2230.
 1 APPPATH/Models/Engine.php(2230): CodeIgniter\Debug\Exceptions->errorHandler()
 2 APPPATH/Controllers/Api.php(147): App\Models\Engine->getBillToSynch()
 3 SYSTEMPATH/CodeIgniter.php(896): App\Controllers\Api->postbillpayment()
 4 SYSTEMPATH/CodeIgniter.php(466): CodeIgniter\CodeIgniter->runController()
 5 SYSTEMPATH/CodeIgniter.php(349): CodeIgniter\CodeIgniter->handleRequest()
 6 FCPATH/index.php(57): CodeIgniter\CodeIgniter->run()
CRITICAL - 2024-07-29 17:58:01 --> Undefined variable $payArray
in APPPATH/Models/Engine.php on line 2230.
 1 APPPATH/Models/Engine.php(2230): CodeIgniter\Debug\Exceptions->errorHandler()
 2 APPPATH/Controllers/Api.php(147): App\Models\Engine->getBillToSynch()
 3 SYSTEMPATH/CodeIgniter.php(896): App\Controllers\Api->postbillpayment()
 4 SYSTEMPATH/CodeIgniter.php(466): CodeIgniter\CodeIgniter->runController()
 5 SYSTEMPATH/CodeIgniter.php(349): CodeIgniter\CodeIgniter->handleRequest()
 6 FCPATH/index.php(57): CodeIgniter\CodeIgniter->run()
CRITICAL - 2024-07-29 17:59:01 --> Undefined variable $payArray
in APPPATH/Models/Engine.php on line 2230.
 1 APPPATH/Models/Engine.php(2230): CodeIgniter\Debug\Exceptions->errorHandler()
 2 APPPATH/Controllers/Api.php(147): App\Models\Engine->getBillToSynch()
 3 SYSTEMPATH/CodeIgniter.php(896): App\Controllers\Api->postbillpayment()
 4 SYSTEMPATH/CodeIgniter.php(466): CodeIgniter\CodeIgniter->runController()
 5 SYSTEMPATH/CodeIgniter.php(349): CodeIgniter\CodeIgniter->handleRequest()
 6 FCPATH/index.php(57): CodeIgniter\CodeIgniter->run()
CRITICAL - 2024-07-29 18:00:01 --> Undefined variable $payArray
in APPPATH/Models/Engine.php on line 2230.
 1 APPPATH/Models/Engine.php(2230): CodeIgniter\Debug\Exceptions->errorHandler()
 2 APPPATH/Controllers/Api.php(147): App\Models\Engine->getBillToSynch()
 3 SYSTEMPATH/CodeIgniter.php(896): App\Controllers\Api->postbillpayment()
 4 SYSTEMPATH/CodeIgniter.php(466): CodeIgniter\CodeIgniter->runController()
 5 SYSTEMPATH/CodeIgniter.php(349): CodeIgniter\CodeIgniter->handleRequest()
 6 FCPATH/index.php(57): CodeIgniter\CodeIgniter->run()
CRITICAL - 2024-07-29 18:01:01 --> Undefined variable $payArray
in APPPATH/Models/Engine.php on line 2230.
 1 APPPATH/Models/Engine.php(2230): CodeIgniter\Debug\Exceptions->errorHandler()
 2 APPPATH/Controllers/Api.php(147): App\Models\Engine->getBillToSynch()
 3 SYSTEMPATH/CodeIgniter.php(896): App\Controllers\Api->postbillpayment()
 4 SYSTEMPATH/CodeIgniter.php(466): CodeIgniter\CodeIgniter->runController()
 5 SYSTEMPATH/CodeIgniter.php(349): CodeIgniter\CodeIgniter->handleRequest()
 6 FCPATH/index.php(57): CodeIgniter\CodeIgniter->run()
CRITICAL - 2024-07-29 18:02:01 --> Undefined variable $payArray
in APPPATH/Models/Engine.php on line 2230.
 1 APPPATH/Models/Engine.php(2230): CodeIgniter\Debug\Exceptions->errorHandler()
 2 APPPATH/Controllers/Api.php(147): App\Models\Engine->getBillToSynch()
 3 SYSTEMPATH/CodeIgniter.php(896): App\Controllers\Api->postbillpayment()
 4 SYSTEMPATH/CodeIgniter.php(466): CodeIgniter\CodeIgniter->runController()
 5 SYSTEMPATH/CodeIgniter.php(349): CodeIgniter\CodeIgniter->handleRequest()
 6 FCPATH/index.php(57): CodeIgniter\CodeIgniter->run()
CRITICAL - 2024-07-29 18:03:01 --> Undefined variable $payArray
in APPPATH/Models/Engine.php on line 2230.
 1 APPPATH/Models/Engine.php(2230): CodeIgniter\Debug\Exceptions->errorHandler()
 2 APPPATH/Controllers/Api.php(147): App\Models\Engine->getBillToSynch()
 3 SYSTEMPATH/CodeIgniter.php(896): App\Controllers\Api->postbillpayment()
 4 SYSTEMPATH/CodeIgniter.php(466): CodeIgniter\CodeIgniter->runController()
 5 SYSTEMPATH/CodeIgniter.php(349): CodeIgniter\CodeIgniter->handleRequest()
 6 FCPATH/index.php(57): CodeIgniter\CodeIgniter->run()
CRITICAL - 2024-07-29 18:04:01 --> Undefined variable $payArray
in APPPATH/Models/Engine.php on line 2230.
 1 APPPATH/Models/Engine.php(2230): CodeIgniter\Debug\Exceptions->errorHandler()
 2 APPPATH/Controllers/Api.php(147): App\Models\Engine->getBillToSynch()
 3 SYSTEMPATH/CodeIgniter.php(896): App\Controllers\Api->postbillpayment()
 4 SYSTEMPATH/CodeIgniter.php(466): CodeIgniter\CodeIgniter->runController()
 5 SYSTEMPATH/CodeIgniter.php(349): CodeIgniter\CodeIgniter->handleRequest()
 6 FCPATH/index.php(57): CodeIgniter\CodeIgniter->run()
CRITICAL - 2024-07-29 18:05:02 --> Undefined variable $payArray
in APPPATH/Models/Engine.php on line 2230.
 1 APPPATH/Models/Engine.php(2230): CodeIgniter\Debug\Exceptions->errorHandler()
 2 APPPATH/Controllers/Api.php(147): App\Models\Engine->getBillToSynch()
 3 SYSTEMPATH/CodeIgniter.php(896): App\Controllers\Api->postbillpayment()
 4 SYSTEMPATH/CodeIgniter.php(466): CodeIgniter\CodeIgniter->runController()
 5 SYSTEMPATH/CodeIgniter.php(349): CodeIgniter\CodeIgniter->handleRequest()
 6 FCPATH/index.php(57): CodeIgniter\CodeIgniter->run()
CRITICAL - 2024-07-29 18:06:02 --> Undefined variable $payArray
in APPPATH/Models/Engine.php on line 2230.
 1 APPPATH/Models/Engine.php(2230): CodeIgniter\Debug\Exceptions->errorHandler()
 2 APPPATH/Controllers/Api.php(147): App\Models\Engine->getBillToSynch()
 3 SYSTEMPATH/CodeIgniter.php(896): App\Controllers\Api->postbillpayment()
 4 SYSTEMPATH/CodeIgniter.php(466): CodeIgniter\CodeIgniter->runController()
 5 SYSTEMPATH/CodeIgniter.php(349): CodeIgniter\CodeIgniter->handleRequest()
 6 FCPATH/index.php(57): CodeIgniter\CodeIgniter->run()
CRITICAL - 2024-07-29 18:07:02 --> Undefined variable $payArray
in APPPATH/Models/Engine.php on line 2230.
 1 APPPATH/Models/Engine.php(2230): CodeIgniter\Debug\Exceptions->errorHandler()
 2 APPPATH/Controllers/Api.php(147): App\Models\Engine->getBillToSynch()
 3 SYSTEMPATH/CodeIgniter.php(896): App\Controllers\Api->postbillpayment()
 4 SYSTEMPATH/CodeIgniter.php(466): CodeIgniter\CodeIgniter->runController()
 5 SYSTEMPATH/CodeIgniter.php(349): CodeIgniter\CodeIgniter->handleRequest()
 6 FCPATH/index.php(57): CodeIgniter\CodeIgniter->run()
CRITICAL - 2024-07-29 18:08:01 --> Undefined variable $payArray
in APPPATH/Models/Engine.php on line 2230.
 1 APPPATH/Models/Engine.php(2230): CodeIgniter\Debug\Exceptions->errorHandler()
 2 APPPATH/Controllers/Api.php(147): App\Models\Engine->getBillToSynch()
 3 SYSTEMPATH/CodeIgniter.php(896): App\Controllers\Api->postbillpayment()
 4 SYSTEMPATH/CodeIgniter.php(466): CodeIgniter\CodeIgniter->runController()
 5 SYSTEMPATH/CodeIgniter.php(349): CodeIgniter\CodeIgniter->handleRequest()
 6 FCPATH/index.php(57): CodeIgniter\CodeIgniter->run()
CRITICAL - 2024-07-29 18:09:01 --> Undefined variable $payArray
in APPPATH/Models/Engine.php on line 2230.
 1 APPPATH/Models/Engine.php(2230): CodeIgniter\Debug\Exceptions->errorHandler()
 2 APPPATH/Controllers/Api.php(147): App\Models\Engine->getBillToSynch()
 3 SYSTEMPATH/CodeIgniter.php(896): App\Controllers\Api->postbillpayment()
 4 SYSTEMPATH/CodeIgniter.php(466): CodeIgniter\CodeIgniter->runController()
 5 SYSTEMPATH/CodeIgniter.php(349): CodeIgniter\CodeIgniter->handleRequest()
 6 FCPATH/index.php(57): CodeIgniter\CodeIgniter->run()
CRITICAL - 2024-07-29 18:10:01 --> Undefined variable $payArray
in APPPATH/Models/Engine.php on line 2230.
 1 APPPATH/Models/Engine.php(2230): CodeIgniter\Debug\Exceptions->errorHandler()
 2 APPPATH/Controllers/Api.php(147): App\Models\Engine->getBillToSynch()
 3 SYSTEMPATH/CodeIgniter.php(896): App\Controllers\Api->postbillpayment()
 4 SYSTEMPATH/CodeIgniter.php(466): CodeIgniter\CodeIgniter->runController()
 5 SYSTEMPATH/CodeIgniter.php(349): CodeIgniter\CodeIgniter->handleRequest()
 6 FCPATH/index.php(57): CodeIgniter\CodeIgniter->run()
CRITICAL - 2024-07-29 18:11:01 --> Undefined variable $payArray
in APPPATH/Models/Engine.php on line 2230.
 1 APPPATH/Models/Engine.php(2230): CodeIgniter\Debug\Exceptions->errorHandler()
 2 APPPATH/Controllers/Api.php(147): App\Models\Engine->getBillToSynch()
 3 SYSTEMPATH/CodeIgniter.php(896): App\Controllers\Api->postbillpayment()
 4 SYSTEMPATH/CodeIgniter.php(466): CodeIgniter\CodeIgniter->runController()
 5 SYSTEMPATH/CodeIgniter.php(349): CodeIgniter\CodeIgniter->handleRequest()
 6 FCPATH/index.php(57): CodeIgniter\CodeIgniter->run()
CRITICAL - 2024-07-29 18:12:01 --> Undefined variable $payArray
in APPPATH/Models/Engine.php on line 2230.
 1 APPPATH/Models/Engine.php(2230): CodeIgniter\Debug\Exceptions->errorHandler()
 2 APPPATH/Controllers/Api.php(147): App\Models\Engine->getBillToSynch()
 3 SYSTEMPATH/CodeIgniter.php(896): App\Controllers\Api->postbillpayment()
 4 SYSTEMPATH/CodeIgniter.php(466): CodeIgniter\CodeIgniter->runController()
 5 SYSTEMPATH/CodeIgniter.php(349): CodeIgniter\CodeIgniter->handleRequest()
 6 FCPATH/index.php(57): CodeIgniter\CodeIgniter->run()
CRITICAL - 2024-07-29 18:13:01 --> Undefined variable $payArray
in APPPATH/Models/Engine.php on line 2230.
 1 APPPATH/Models/Engine.php(2230): CodeIgniter\Debug\Exceptions->errorHandler()
 2 APPPATH/Controllers/Api.php(147): App\Models\Engine->getBillToSynch()
 3 SYSTEMPATH/CodeIgniter.php(896): App\Controllers\Api->postbillpayment()
 4 SYSTEMPATH/CodeIgniter.php(466): CodeIgniter\CodeIgniter->runController()
 5 SYSTEMPATH/CodeIgniter.php(349): CodeIgniter\CodeIgniter->handleRequest()
 6 FCPATH/index.php(57): CodeIgniter\CodeIgniter->run()
CRITICAL - 2024-07-29 18:14:01 --> Undefined variable $payArray
in APPPATH/Models/Engine.php on line 2230.
 1 APPPATH/Models/Engine.php(2230): CodeIgniter\Debug\Exceptions->errorHandler()
 2 APPPATH/Controllers/Api.php(147): App\Models\Engine->getBillToSynch()
 3 SYSTEMPATH/CodeIgniter.php(896): App\Controllers\Api->postbillpayment()
 4 SYSTEMPATH/CodeIgniter.php(466): CodeIgniter\CodeIgniter->runController()
 5 SYSTEMPATH/CodeIgniter.php(349): CodeIgniter\CodeIgniter->handleRequest()
 6 FCPATH/index.php(57): CodeIgniter\CodeIgniter->run()
CRITICAL - 2024-07-29 18:15:01 --> Undefined variable $payArray
in APPPATH/Models/Engine.php on line 2230.
 1 APPPATH/Models/Engine.php(2230): CodeIgniter\Debug\Exceptions->errorHandler()
 2 APPPATH/Controllers/Api.php(147): App\Models\Engine->getBillToSynch()
 3 SYSTEMPATH/CodeIgniter.php(896): App\Controllers\Api->postbillpayment()
 4 SYSTEMPATH/CodeIgniter.php(466): CodeIgniter\CodeIgniter->runController()
 5 SYSTEMPATH/CodeIgniter.php(349): CodeIgniter\CodeIgniter->handleRequest()
 6 FCPATH/index.php(57): CodeIgniter\CodeIgniter->run()
CRITICAL - 2024-07-29 18:16:01 --> Undefined variable $payArray
in APPPATH/Models/Engine.php on line 2230.
 1 APPPATH/Models/Engine.php(2230): CodeIgniter\Debug\Exceptions->errorHandler()
 2 APPPATH/Controllers/Api.php(147): App\Models\Engine->getBillToSynch()
 3 SYSTEMPATH/CodeIgniter.php(896): App\Controllers\Api->postbillpayment()
 4 SYSTEMPATH/CodeIgniter.php(466): CodeIgniter\CodeIgniter->runController()
 5 SYSTEMPATH/CodeIgniter.php(349): CodeIgniter\CodeIgniter->handleRequest()
 6 FCPATH/index.php(57): CodeIgniter\CodeIgniter->run()
CRITICAL - 2024-07-29 18:17:01 --> Undefined variable $payArray
in APPPATH/Models/Engine.php on line 2230.
 1 APPPATH/Models/Engine.php(2230): CodeIgniter\Debug\Exceptions->errorHandler()
 2 APPPATH/Controllers/Api.php(147): App\Models\Engine->getBillToSynch()
 3 SYSTEMPATH/CodeIgniter.php(896): App\Controllers\Api->postbillpayment()
 4 SYSTEMPATH/CodeIgniter.php(466): CodeIgniter\CodeIgniter->runController()
 5 SYSTEMPATH/CodeIgniter.php(349): CodeIgniter\CodeIgniter->handleRequest()
 6 FCPATH/index.php(57): CodeIgniter\CodeIgniter->run()
CRITICAL - 2024-07-29 18:18:01 --> Undefined variable $payArray
in APPPATH/Models/Engine.php on line 2230.
 1 APPPATH/Models/Engine.php(2230): CodeIgniter\Debug\Exceptions->errorHandler()
 2 APPPATH/Controllers/Api.php(147): App\Models\Engine->getBillToSynch()
 3 SYSTEMPATH/CodeIgniter.php(896): App\Controllers\Api->postbillpayment()
 4 SYSTEMPATH/CodeIgniter.php(466): CodeIgniter\CodeIgniter->runController()
 5 SYSTEMPATH/CodeIgniter.php(349): CodeIgniter\CodeIgniter->handleRequest()
 6 FCPATH/index.php(57): CodeIgniter\CodeIgniter->run()
CRITICAL - 2024-07-29 18:19:01 --> Undefined variable $payArray
in APPPATH/Models/Engine.php on line 2230.
 1 APPPATH/Models/Engine.php(2230): CodeIgniter\Debug\Exceptions->errorHandler()
 2 APPPATH/Controllers/Api.php(147): App\Models\Engine->getBillToSynch()
 3 SYSTEMPATH/CodeIgniter.php(896): App\Controllers\Api->postbillpayment()
 4 SYSTEMPATH/CodeIgniter.php(466): CodeIgniter\CodeIgniter->runController()
 5 SYSTEMPATH/CodeIgniter.php(349): CodeIgniter\CodeIgniter->handleRequest()
 6 FCPATH/index.php(57): CodeIgniter\CodeIgniter->run()
CRITICAL - 2024-07-29 18:20:01 --> Undefined variable $payArray
in APPPATH/Models/Engine.php on line 2230.
 1 APPPATH/Models/Engine.php(2230): CodeIgniter\Debug\Exceptions->errorHandler()
 2 APPPATH/Controllers/Api.php(147): App\Models\Engine->getBillToSynch()
 3 SYSTEMPATH/CodeIgniter.php(896): App\Controllers\Api->postbillpayment()
 4 SYSTEMPATH/CodeIgniter.php(466): CodeIgniter\CodeIgniter->runController()
 5 SYSTEMPATH/CodeIgniter.php(349): CodeIgniter\CodeIgniter->handleRequest()
 6 FCPATH/index.php(57): CodeIgniter\CodeIgniter->run()
CRITICAL - 2024-07-29 18:21:01 --> Undefined variable $payArray
in APPPATH/Models/Engine.php on line 2230.
 1 APPPATH/Models/Engine.php(2230): CodeIgniter\Debug\Exceptions->errorHandler()
 2 APPPATH/Controllers/Api.php(147): App\Models\Engine->getBillToSynch()
 3 SYSTEMPATH/CodeIgniter.php(896): App\Controllers\Api->postbillpayment()
 4 SYSTEMPATH/CodeIgniter.php(466): CodeIgniter\CodeIgniter->runController()
 5 SYSTEMPATH/CodeIgniter.php(349): CodeIgniter\CodeIgniter->handleRequest()
 6 FCPATH/index.php(57): CodeIgniter\CodeIgniter->run()
CRITICAL - 2024-07-29 18:22:02 --> Undefined variable $payArray
in APPPATH/Models/Engine.php on line 2230.
 1 APPPATH/Models/Engine.php(2230): CodeIgniter\Debug\Exceptions->errorHandler()
 2 APPPATH/Controllers/Api.php(147): App\Models\Engine->getBillToSynch()
 3 SYSTEMPATH/CodeIgniter.php(896): App\Controllers\Api->postbillpayment()
 4 SYSTEMPATH/CodeIgniter.php(466): CodeIgniter\CodeIgniter->runController()
 5 SYSTEMPATH/CodeIgniter.php(349): CodeIgniter\CodeIgniter->handleRequest()
 6 FCPATH/index.php(57): CodeIgniter\CodeIgniter->run()
CRITICAL - 2024-07-29 18:23:02 --> Undefined variable $payArray
in APPPATH/Models/Engine.php on line 2230.
 1 APPPATH/Models/Engine.php(2230): CodeIgniter\Debug\Exceptions->errorHandler()
 2 APPPATH/Controllers/Api.php(147): App\Models\Engine->getBillToSynch()
 3 SYSTEMPATH/CodeIgniter.php(896): App\Controllers\Api->postbillpayment()
 4 SYSTEMPATH/CodeIgniter.php(466): CodeIgniter\CodeIgniter->runController()
 5 SYSTEMPATH/CodeIgniter.php(349): CodeIgniter\CodeIgniter->handleRequest()
 6 FCPATH/index.php(57): CodeIgniter\CodeIgniter->run()
CRITICAL - 2024-07-29 18:24:02 --> Undefined variable $payArray
in APPPATH/Models/Engine.php on line 2230.
 1 APPPATH/Models/Engine.php(2230): CodeIgniter\Debug\Exceptions->errorHandler()
 2 APPPATH/Controllers/Api.php(147): App\Models\Engine->getBillToSynch()
 3 SYSTEMPATH/CodeIgniter.php(896): App\Controllers\Api->postbillpayment()
 4 SYSTEMPATH/CodeIgniter.php(466): CodeIgniter\CodeIgniter->runController()
 5 SYSTEMPATH/CodeIgniter.php(349): CodeIgniter\CodeIgniter->handleRequest()
 6 FCPATH/index.php(57): CodeIgniter\CodeIgniter->run()
CRITICAL - 2024-07-29 18:25:01 --> Undefined variable $payArray
in APPPATH/Models/Engine.php on line 2230.
 1 APPPATH/Models/Engine.php(2230): CodeIgniter\Debug\Exceptions->errorHandler()
 2 APPPATH/Controllers/Api.php(147): App\Models\Engine->getBillToSynch()
 3 SYSTEMPATH/CodeIgniter.php(896): App\Controllers\Api->postbillpayment()
 4 SYSTEMPATH/CodeIgniter.php(466): CodeIgniter\CodeIgniter->runController()
 5 SYSTEMPATH/CodeIgniter.php(349): CodeIgniter\CodeIgniter->handleRequest()
 6 FCPATH/index.php(57): CodeIgniter\CodeIgniter->run()
CRITICAL - 2024-07-29 18:26:01 --> Undefined variable $payArray
in APPPATH/Models/Engine.php on line 2230.
 1 APPPATH/Models/Engine.php(2230): CodeIgniter\Debug\Exceptions->errorHandler()
 2 APPPATH/Controllers/Api.php(147): App\Models\Engine->getBillToSynch()
 3 SYSTEMPATH/CodeIgniter.php(896): App\Controllers\Api->postbillpayment()
 4 SYSTEMPATH/CodeIgniter.php(466): CodeIgniter\CodeIgniter->runController()
 5 SYSTEMPATH/CodeIgniter.php(349): CodeIgniter\CodeIgniter->handleRequest()
 6 FCPATH/index.php(57): CodeIgniter\CodeIgniter->run()
CRITICAL - 2024-07-29 18:27:01 --> Undefined variable $payArray
in APPPATH/Models/Engine.php on line 2230.
 1 APPPATH/Models/Engine.php(2230): CodeIgniter\Debug\Exceptions->errorHandler()
 2 APPPATH/Controllers/Api.php(147): App\Models\Engine->getBillToSynch()
 3 SYSTEMPATH/CodeIgniter.php(896): App\Controllers\Api->postbillpayment()
 4 SYSTEMPATH/CodeIgniter.php(466): CodeIgniter\CodeIgniter->runController()
 5 SYSTEMPATH/CodeIgniter.php(349): CodeIgniter\CodeIgniter->handleRequest()
 6 FCPATH/index.php(57): CodeIgniter\CodeIgniter->run()
CRITICAL - 2024-07-29 18:28:01 --> Undefined variable $payArray
in APPPATH/Models/Engine.php on line 2230.
 1 APPPATH/Models/Engine.php(2230): CodeIgniter\Debug\Exceptions->errorHandler()
 2 APPPATH/Controllers/Api.php(147): App\Models\Engine->getBillToSynch()
 3 SYSTEMPATH/CodeIgniter.php(896): App\Controllers\Api->postbillpayment()
 4 SYSTEMPATH/CodeIgniter.php(466): CodeIgniter\CodeIgniter->runController()
 5 SYSTEMPATH/CodeIgniter.php(349): CodeIgniter\CodeIgniter->handleRequest()
 6 FCPATH/index.php(57): CodeIgniter\CodeIgniter->run()
CRITICAL - 2024-07-29 18:29:01 --> Undefined variable $payArray
in APPPATH/Models/Engine.php on line 2230.
 1 APPPATH/Models/Engine.php(2230): CodeIgniter\Debug\Exceptions->errorHandler()
 2 APPPATH/Controllers/Api.php(147): App\Models\Engine->getBillToSynch()
 3 SYSTEMPATH/CodeIgniter.php(896): App\Controllers\Api->postbillpayment()
 4 SYSTEMPATH/CodeIgniter.php(466): CodeIgniter\CodeIgniter->runController()
 5 SYSTEMPATH/CodeIgniter.php(349): CodeIgniter\CodeIgniter->handleRequest()
 6 FCPATH/index.php(57): CodeIgniter\CodeIgniter->run()
CRITICAL - 2024-07-29 18:30:01 --> Undefined variable $payArray
in APPPATH/Models/Engine.php on line 2230.
 1 APPPATH/Models/Engine.php(2230): CodeIgniter\Debug\Exceptions->errorHandler()
 2 APPPATH/Controllers/Api.php(147): App\Models\Engine->getBillToSynch()
 3 SYSTEMPATH/CodeIgniter.php(896): App\Controllers\Api->postbillpayment()
 4 SYSTEMPATH/CodeIgniter.php(466): CodeIgniter\CodeIgniter->runController()
 5 SYSTEMPATH/CodeIgniter.php(349): CodeIgniter\CodeIgniter->handleRequest()
 6 FCPATH/index.php(57): CodeIgniter\CodeIgniter->run()
CRITICAL - 2024-07-29 18:31:01 --> Undefined variable $payArray
in APPPATH/Models/Engine.php on line 2230.
 1 APPPATH/Models/Engine.php(2230): CodeIgniter\Debug\Exceptions->errorHandler()
 2 APPPATH/Controllers/Api.php(147): App\Models\Engine->getBillToSynch()
 3 SYSTEMPATH/CodeIgniter.php(896): App\Controllers\Api->postbillpayment()
 4 SYSTEMPATH/CodeIgniter.php(466): CodeIgniter\CodeIgniter->runController()
 5 SYSTEMPATH/CodeIgniter.php(349): CodeIgniter\CodeIgniter->handleRequest()
 6 FCPATH/index.php(57): CodeIgniter\CodeIgniter->run()
CRITICAL - 2024-07-29 18:32:01 --> Undefined variable $payArray
in APPPATH/Models/Engine.php on line 2230.
 1 APPPATH/Models/Engine.php(2230): CodeIgniter\Debug\Exceptions->errorHandler()
 2 APPPATH/Controllers/Api.php(147): App\Models\Engine->getBillToSynch()
 3 SYSTEMPATH/CodeIgniter.php(896): App\Controllers\Api->postbillpayment()
 4 SYSTEMPATH/CodeIgniter.php(466): CodeIgniter\CodeIgniter->runController()
 5 SYSTEMPATH/CodeIgniter.php(349): CodeIgniter\CodeIgniter->handleRequest()
 6 FCPATH/index.php(57): CodeIgniter\CodeIgniter->run()
CRITICAL - 2024-07-29 18:33:01 --> Undefined variable $payArray
in APPPATH/Models/Engine.php on line 2230.
 1 APPPATH/Models/Engine.php(2230): CodeIgniter\Debug\Exceptions->errorHandler()
 2 APPPATH/Controllers/Api.php(147): App\Models\Engine->getBillToSynch()
 3 SYSTEMPATH/CodeIgniter.php(896): App\Controllers\Api->postbillpayment()
 4 SYSTEMPATH/CodeIgniter.php(466): CodeIgniter\CodeIgniter->runController()
 5 SYSTEMPATH/CodeIgniter.php(349): CodeIgniter\CodeIgniter->handleRequest()
 6 FCPATH/index.php(57): CodeIgniter\CodeIgniter->run()
CRITICAL - 2024-07-29 18:34:01 --> Undefined variable $payArray
in APPPATH/Models/Engine.php on line 2230.
 1 APPPATH/Models/Engine.php(2230): CodeIgniter\Debug\Exceptions->errorHandler()
 2 APPPATH/Controllers/Api.php(147): App\Models\Engine->getBillToSynch()
 3 SYSTEMPATH/CodeIgniter.php(896): App\Controllers\Api->postbillpayment()
 4 SYSTEMPATH/CodeIgniter.php(466): CodeIgniter\CodeIgniter->runController()
 5 SYSTEMPATH/CodeIgniter.php(349): CodeIgniter\CodeIgniter->handleRequest()
 6 FCPATH/index.php(57): CodeIgniter\CodeIgniter->run()
CRITICAL - 2024-07-29 18:35:01 --> Undefined variable $payArray
in APPPATH/Models/Engine.php on line 2230.
 1 APPPATH/Models/Engine.php(2230): CodeIgniter\Debug\Exceptions->errorHandler()
 2 APPPATH/Controllers/Api.php(147): App\Models\Engine->getBillToSynch()
 3 SYSTEMPATH/CodeIgniter.php(896): App\Controllers\Api->postbillpayment()
 4 SYSTEMPATH/CodeIgniter.php(466): CodeIgniter\CodeIgniter->runController()
 5 SYSTEMPATH/CodeIgniter.php(349): CodeIgniter\CodeIgniter->handleRequest()
 6 FCPATH/index.php(57): CodeIgniter\CodeIgniter->run()
CRITICAL - 2024-07-29 18:36:01 --> Undefined variable $payArray
in APPPATH/Models/Engine.php on line 2230.
 1 APPPATH/Models/Engine.php(2230): CodeIgniter\Debug\Exceptions->errorHandler()
 2 APPPATH/Controllers/Api.php(147): App\Models\Engine->getBillToSynch()
 3 SYSTEMPATH/CodeIgniter.php(896): App\Controllers\Api->postbillpayment()
 4 SYSTEMPATH/CodeIgniter.php(466): CodeIgniter\CodeIgniter->runController()
 5 SYSTEMPATH/CodeIgniter.php(349): CodeIgniter\CodeIgniter->handleRequest()
 6 FCPATH/index.php(57): CodeIgniter\CodeIgniter->run()
CRITICAL - 2024-07-29 18:37:01 --> Undefined variable $payArray
in APPPATH/Models/Engine.php on line 2230.
 1 APPPATH/Models/Engine.php(2230): CodeIgniter\Debug\Exceptions->errorHandler()
 2 APPPATH/Controllers/Api.php(147): App\Models\Engine->getBillToSynch()
 3 SYSTEMPATH/CodeIgniter.php(896): App\Controllers\Api->postbillpayment()
 4 SYSTEMPATH/CodeIgniter.php(466): CodeIgniter\CodeIgniter->runController()
 5 SYSTEMPATH/CodeIgniter.php(349): CodeIgniter\CodeIgniter->handleRequest()
 6 FCPATH/index.php(57): CodeIgniter\CodeIgniter->run()
CRITICAL - 2024-07-29 18:38:01 --> Undefined variable $payArray
in APPPATH/Models/Engine.php on line 2230.
 1 APPPATH/Models/Engine.php(2230): CodeIgniter\Debug\Exceptions->errorHandler()
 2 APPPATH/Controllers/Api.php(147): App\Models\Engine->getBillToSynch()
 3 SYSTEMPATH/CodeIgniter.php(896): App\Controllers\Api->postbillpayment()
 4 SYSTEMPATH/CodeIgniter.php(466): CodeIgniter\CodeIgniter->runController()
 5 SYSTEMPATH/CodeIgniter.php(349): CodeIgniter\CodeIgniter->handleRequest()
 6 FCPATH/index.php(57): CodeIgniter\CodeIgniter->run()
CRITICAL - 2024-07-29 18:39:02 --> Undefined variable $payArray
in APPPATH/Models/Engine.php on line 2230.
 1 APPPATH/Models/Engine.php(2230): CodeIgniter\Debug\Exceptions->errorHandler()
 2 APPPATH/Controllers/Api.php(147): App\Models\Engine->getBillToSynch()
 3 SYSTEMPATH/CodeIgniter.php(896): App\Controllers\Api->postbillpayment()
 4 SYSTEMPATH/CodeIgniter.php(466): CodeIgniter\CodeIgniter->runController()
 5 SYSTEMPATH/CodeIgniter.php(349): CodeIgniter\CodeIgniter->handleRequest()
 6 FCPATH/index.php(57): CodeIgniter\CodeIgniter->run()
CRITICAL - 2024-07-29 18:40:02 --> Undefined variable $payArray
in APPPATH/Models/Engine.php on line 2230.
 1 APPPATH/Models/Engine.php(2230): CodeIgniter\Debug\Exceptions->errorHandler()
 2 APPPATH/Controllers/Api.php(147): App\Models\Engine->getBillToSynch()
 3 SYSTEMPATH/CodeIgniter.php(896): App\Controllers\Api->postbillpayment()
 4 SYSTEMPATH/CodeIgniter.php(466): CodeIgniter\CodeIgniter->runController()
 5 SYSTEMPATH/CodeIgniter.php(349): CodeIgniter\CodeIgniter->handleRequest()
 6 FCPATH/index.php(57): CodeIgniter\CodeIgniter->run()
CRITICAL - 2024-07-29 18:41:02 --> Undefined variable $payArray
in APPPATH/Models/Engine.php on line 2230.
 1 APPPATH/Models/Engine.php(2230): CodeIgniter\Debug\Exceptions->errorHandler()
 2 APPPATH/Controllers/Api.php(147): App\Models\Engine->getBillToSynch()
 3 SYSTEMPATH/CodeIgniter.php(896): App\Controllers\Api->postbillpayment()
 4 SYSTEMPATH/CodeIgniter.php(466): CodeIgniter\CodeIgniter->runController()
 5 SYSTEMPATH/CodeIgniter.php(349): CodeIgniter\CodeIgniter->handleRequest()
 6 FCPATH/index.php(57): CodeIgniter\CodeIgniter->run()
CRITICAL - 2024-07-29 18:42:02 --> Undefined variable $payArray
in APPPATH/Models/Engine.php on line 2230.
 1 APPPATH/Models/Engine.php(2230): CodeIgniter\Debug\Exceptions->errorHandler()
 2 APPPATH/Controllers/Api.php(147): App\Models\Engine->getBillToSynch()
 3 SYSTEMPATH/CodeIgniter.php(896): App\Controllers\Api->postbillpayment()
 4 SYSTEMPATH/CodeIgniter.php(466): CodeIgniter\CodeIgniter->runController()
 5 SYSTEMPATH/CodeIgniter.php(349): CodeIgniter\CodeIgniter->handleRequest()
 6 FCPATH/index.php(57): CodeIgniter\CodeIgniter->run()
CRITICAL - 2024-07-29 18:43:01 --> Undefined variable $payArray
in APPPATH/Models/Engine.php on line 2230.
 1 APPPATH/Models/Engine.php(2230): CodeIgniter\Debug\Exceptions->errorHandler()
 2 APPPATH/Controllers/Api.php(147): App\Models\Engine->getBillToSynch()
 3 SYSTEMPATH/CodeIgniter.php(896): App\Controllers\Api->postbillpayment()
 4 SYSTEMPATH/CodeIgniter.php(466): CodeIgniter\CodeIgniter->runController()
 5 SYSTEMPATH/CodeIgniter.php(349): CodeIgniter\CodeIgniter->handleRequest()
 6 FCPATH/index.php(57): CodeIgniter\CodeIgniter->run()
CRITICAL - 2024-07-29 18:44:01 --> Undefined variable $payArray
in APPPATH/Models/Engine.php on line 2230.
 1 APPPATH/Models/Engine.php(2230): CodeIgniter\Debug\Exceptions->errorHandler()
 2 APPPATH/Controllers/Api.php(147): App\Models\Engine->getBillToSynch()
 3 SYSTEMPATH/CodeIgniter.php(896): App\Controllers\Api->postbillpayment()
 4 SYSTEMPATH/CodeIgniter.php(466): CodeIgniter\CodeIgniter->runController()
 5 SYSTEMPATH/CodeIgniter.php(349): CodeIgniter\CodeIgniter->handleRequest()
 6 FCPATH/index.php(57): CodeIgniter\CodeIgniter->run()
CRITICAL - 2024-07-29 18:45:01 --> Undefined variable $payArray
in APPPATH/Models/Engine.php on line 2230.
 1 APPPATH/Models/Engine.php(2230): CodeIgniter\Debug\Exceptions->errorHandler()
 2 APPPATH/Controllers/Api.php(147): App\Models\Engine->getBillToSynch()
 3 SYSTEMPATH/CodeIgniter.php(896): App\Controllers\Api->postbillpayment()
 4 SYSTEMPATH/CodeIgniter.php(466): CodeIgniter\CodeIgniter->runController()
 5 SYSTEMPATH/CodeIgniter.php(349): CodeIgniter\CodeIgniter->handleRequest()
 6 FCPATH/index.php(57): CodeIgniter\CodeIgniter->run()
CRITICAL - 2024-07-29 18:46:01 --> Undefined variable $payArray
in APPPATH/Models/Engine.php on line 2230.
 1 APPPATH/Models/Engine.php(2230): CodeIgniter\Debug\Exceptions->errorHandler()
 2 APPPATH/Controllers/Api.php(147): App\Models\Engine->getBillToSynch()
 3 SYSTEMPATH/CodeIgniter.php(896): App\Controllers\Api->postbillpayment()
 4 SYSTEMPATH/CodeIgniter.php(466): CodeIgniter\CodeIgniter->runController()
 5 SYSTEMPATH/CodeIgniter.php(349): CodeIgniter\CodeIgniter->handleRequest()
 6 FCPATH/index.php(57): CodeIgniter\CodeIgniter->run()
CRITICAL - 2024-07-29 18:47:01 --> Undefined variable $payArray
in APPPATH/Models/Engine.php on line 2230.
 1 APPPATH/Models/Engine.php(2230): CodeIgniter\Debug\Exceptions->errorHandler()
 2 APPPATH/Controllers/Api.php(147): App\Models\Engine->getBillToSynch()
 3 SYSTEMPATH/CodeIgniter.php(896): App\Controllers\Api->postbillpayment()
 4 SYSTEMPATH/CodeIgniter.php(466): CodeIgniter\CodeIgniter->runController()
 5 SYSTEMPATH/CodeIgniter.php(349): CodeIgniter\CodeIgniter->handleRequest()
 6 FCPATH/index.php(57): CodeIgniter\CodeIgniter->run()
CRITICAL - 2024-07-29 18:48:01 --> Undefined variable $payArray
in APPPATH/Models/Engine.php on line 2230.
 1 APPPATH/Models/Engine.php(2230): CodeIgniter\Debug\Exceptions->errorHandler()
 2 APPPATH/Controllers/Api.php(147): App\Models\Engine->getBillToSynch()
 3 SYSTEMPATH/CodeIgniter.php(896): App\Controllers\Api->postbillpayment()
 4 SYSTEMPATH/CodeIgniter.php(466): CodeIgniter\CodeIgniter->runController()
 5 SYSTEMPATH/CodeIgniter.php(349): CodeIgniter\CodeIgniter->handleRequest()
 6 FCPATH/index.php(57): CodeIgniter\CodeIgniter->run()
CRITICAL - 2024-07-29 18:49:01 --> Undefined variable $payArray
in APPPATH/Models/Engine.php on line 2230.
 1 APPPATH/Models/Engine.php(2230): CodeIgniter\Debug\Exceptions->errorHandler()
 2 APPPATH/Controllers/Api.php(147): App\Models\Engine->getBillToSynch()
 3 SYSTEMPATH/CodeIgniter.php(896): App\Controllers\Api->postbillpayment()
 4 SYSTEMPATH/CodeIgniter.php(466): CodeIgniter\CodeIgniter->runController()
 5 SYSTEMPATH/CodeIgniter.php(349): CodeIgniter\CodeIgniter->handleRequest()
 6 FCPATH/index.php(57): CodeIgniter\CodeIgniter->run()
CRITICAL - 2024-07-29 18:50:01 --> Undefined variable $payArray
in APPPATH/Models/Engine.php on line 2230.
 1 APPPATH/Models/Engine.php(2230): CodeIgniter\Debug\Exceptions->errorHandler()
 2 APPPATH/Controllers/Api.php(147): App\Models\Engine->getBillToSynch()
 3 SYSTEMPATH/CodeIgniter.php(896): App\Controllers\Api->postbillpayment()
 4 SYSTEMPATH/CodeIgniter.php(466): CodeIgniter\CodeIgniter->runController()
 5 SYSTEMPATH/CodeIgniter.php(349): CodeIgniter\CodeIgniter->handleRequest()
 6 FCPATH/index.php(57): CodeIgniter\CodeIgniter->run()
CRITICAL - 2024-07-29 18:51:01 --> Undefined variable $payArray
in APPPATH/Models/Engine.php on line 2230.
 1 APPPATH/Models/Engine.php(2230): CodeIgniter\Debug\Exceptions->errorHandler()
 2 APPPATH/Controllers/Api.php(147): App\Models\Engine->getBillToSynch()
 3 SYSTEMPATH/CodeIgniter.php(896): App\Controllers\Api->postbillpayment()
 4 SYSTEMPATH/CodeIgniter.php(466): CodeIgniter\CodeIgniter->runController()
 5 SYSTEMPATH/CodeIgniter.php(349): CodeIgniter\CodeIgniter->handleRequest()
 6 FCPATH/index.php(57): CodeIgniter\CodeIgniter->run()
CRITICAL - 2024-07-29 18:52:01 --> Undefined variable $payArray
in APPPATH/Models/Engine.php on line 2230.
 1 APPPATH/Models/Engine.php(2230): CodeIgniter\Debug\Exceptions->errorHandler()
 2 APPPATH/Controllers/Api.php(147): App\Models\Engine->getBillToSynch()
 3 SYSTEMPATH/CodeIgniter.php(896): App\Controllers\Api->postbillpayment()
 4 SYSTEMPATH/CodeIgniter.php(466): CodeIgniter\CodeIgniter->runController()
 5 SYSTEMPATH/CodeIgniter.php(349): CodeIgniter\CodeIgniter->handleRequest()
 6 FCPATH/index.php(57): CodeIgniter\CodeIgniter->run()
CRITICAL - 2024-07-29 18:53:01 --> Undefined variable $payArray
in APPPATH/Models/Engine.php on line 2230.
 1 APPPATH/Models/Engine.php(2230): CodeIgniter\Debug\Exceptions->errorHandler()
 2 APPPATH/Controllers/Api.php(147): App\Models\Engine->getBillToSynch()
 3 SYSTEMPATH/CodeIgniter.php(896): App\Controllers\Api->postbillpayment()
 4 SYSTEMPATH/CodeIgniter.php(466): CodeIgniter\CodeIgniter->runController()
 5 SYSTEMPATH/CodeIgniter.php(349): CodeIgniter\CodeIgniter->handleRequest()
 6 FCPATH/index.php(57): CodeIgniter\CodeIgniter->run()
CRITICAL - 2024-07-29 18:54:01 --> Undefined variable $payArray
in APPPATH/Models/Engine.php on line 2230.
 1 APPPATH/Models/Engine.php(2230): CodeIgniter\Debug\Exceptions->errorHandler()
 2 APPPATH/Controllers/Api.php(147): App\Models\Engine->getBillToSynch()
 3 SYSTEMPATH/CodeIgniter.php(896): App\Controllers\Api->postbillpayment()
 4 SYSTEMPATH/CodeIgniter.php(466): CodeIgniter\CodeIgniter->runController()
 5 SYSTEMPATH/CodeIgniter.php(349): CodeIgniter\CodeIgniter->handleRequest()
 6 FCPATH/index.php(57): CodeIgniter\CodeIgniter->run()
CRITICAL - 2024-07-29 18:55:01 --> Undefined variable $payArray
in APPPATH/Models/Engine.php on line 2230.
 1 APPPATH/Models/Engine.php(2230): CodeIgniter\Debug\Exceptions->errorHandler()
 2 APPPATH/Controllers/Api.php(147): App\Models\Engine->getBillToSynch()
 3 SYSTEMPATH/CodeIgniter.php(896): App\Controllers\Api->postbillpayment()
 4 SYSTEMPATH/CodeIgniter.php(466): CodeIgniter\CodeIgniter->runController()
 5 SYSTEMPATH/CodeIgniter.php(349): CodeIgniter\CodeIgniter->handleRequest()
 6 FCPATH/index.php(57): CodeIgniter\CodeIgniter->run()
CRITICAL - 2024-07-29 18:56:02 --> Undefined variable $payArray
in APPPATH/Models/Engine.php on line 2230.
 1 APPPATH/Models/Engine.php(2230): CodeIgniter\Debug\Exceptions->errorHandler()
 2 APPPATH/Controllers/Api.php(147): App\Models\Engine->getBillToSynch()
 3 SYSTEMPATH/CodeIgniter.php(896): App\Controllers\Api->postbillpayment()
 4 SYSTEMPATH/CodeIgniter.php(466): CodeIgniter\CodeIgniter->runController()
 5 SYSTEMPATH/CodeIgniter.php(349): CodeIgniter\CodeIgniter->handleRequest()
 6 FCPATH/index.php(57): CodeIgniter\CodeIgniter->run()
CRITICAL - 2024-07-29 18:57:02 --> Undefined variable $payArray
in APPPATH/Models/Engine.php on line 2230.
 1 APPPATH/Models/Engine.php(2230): CodeIgniter\Debug\Exceptions->errorHandler()
 2 APPPATH/Controllers/Api.php(147): App\Models\Engine->getBillToSynch()
 3 SYSTEMPATH/CodeIgniter.php(896): App\Controllers\Api->postbillpayment()
 4 SYSTEMPATH/CodeIgniter.php(466): CodeIgniter\CodeIgniter->runController()
 5 SYSTEMPATH/CodeIgniter.php(349): CodeIgniter\CodeIgniter->handleRequest()
 6 FCPATH/index.php(57): CodeIgniter\CodeIgniter->run()
CRITICAL - 2024-07-29 18:58:02 --> Undefined variable $payArray
in APPPATH/Models/Engine.php on line 2230.
 1 APPPATH/Models/Engine.php(2230): CodeIgniter\Debug\Exceptions->errorHandler()
 2 APPPATH/Controllers/Api.php(147): App\Models\Engine->getBillToSynch()
 3 SYSTEMPATH/CodeIgniter.php(896): App\Controllers\Api->postbillpayment()
 4 SYSTEMPATH/CodeIgniter.php(466): CodeIgniter\CodeIgniter->runController()
 5 SYSTEMPATH/CodeIgniter.php(349): CodeIgniter\CodeIgniter->handleRequest()
 6 FCPATH/index.php(57): CodeIgniter\CodeIgniter->run()
CRITICAL - 2024-07-29 18:59:02 --> Undefined variable $payArray
in APPPATH/Models/Engine.php on line 2230.
 1 APPPATH/Models/Engine.php(2230): CodeIgniter\Debug\Exceptions->errorHandler()
 2 APPPATH/Controllers/Api.php(147): App\Models\Engine->getBillToSynch()
 3 SYSTEMPATH/CodeIgniter.php(896): App\Controllers\Api->postbillpayment()
 4 SYSTEMPATH/CodeIgniter.php(466): CodeIgniter\CodeIgniter->runController()
 5 SYSTEMPATH/CodeIgniter.php(349): CodeIgniter\CodeIgniter->handleRequest()
 6 FCPATH/index.php(57): CodeIgniter\CodeIgniter->run()
CRITICAL - 2024-07-29 19:00:01 --> Undefined variable $payArray
in APPPATH/Models/Engine.php on line 2230.
 1 APPPATH/Models/Engine.php(2230): CodeIgniter\Debug\Exceptions->errorHandler()
 2 APPPATH/Controllers/Api.php(147): App\Models\Engine->getBillToSynch()
 3 SYSTEMPATH/CodeIgniter.php(896): App\Controllers\Api->postbillpayment()
 4 SYSTEMPATH/CodeIgniter.php(466): CodeIgniter\CodeIgniter->runController()
 5 SYSTEMPATH/CodeIgniter.php(349): CodeIgniter\CodeIgniter->handleRequest()
 6 FCPATH/index.php(57): CodeIgniter\CodeIgniter->run()
CRITICAL - 2024-07-29 19:01:01 --> Undefined variable $payArray
in APPPATH/Models/Engine.php on line 2230.
 1 APPPATH/Models/Engine.php(2230): CodeIgniter\Debug\Exceptions->errorHandler()
 2 APPPATH/Controllers/Api.php(147): App\Models\Engine->getBillToSynch()
 3 SYSTEMPATH/CodeIgniter.php(896): App\Controllers\Api->postbillpayment()
 4 SYSTEMPATH/CodeIgniter.php(466): CodeIgniter\CodeIgniter->runController()
 5 SYSTEMPATH/CodeIgniter.php(349): CodeIgniter\CodeIgniter->handleRequest()
 6 FCPATH/index.php(57): CodeIgniter\CodeIgniter->run()
CRITICAL - 2024-07-29 19:02:01 --> Undefined variable $payArray
in APPPATH/Models/Engine.php on line 2230.
 1 APPPATH/Models/Engine.php(2230): CodeIgniter\Debug\Exceptions->errorHandler()
 2 APPPATH/Controllers/Api.php(147): App\Models\Engine->getBillToSynch()
 3 SYSTEMPATH/CodeIgniter.php(896): App\Controllers\Api->postbillpayment()
 4 SYSTEMPATH/CodeIgniter.php(466): CodeIgniter\CodeIgniter->runController()
 5 SYSTEMPATH/CodeIgniter.php(349): CodeIgniter\CodeIgniter->handleRequest()
 6 FCPATH/index.php(57): CodeIgniter\CodeIgniter->run()
CRITICAL - 2024-07-29 19:03:01 --> Undefined variable $payArray
in APPPATH/Models/Engine.php on line 2230.
 1 APPPATH/Models/Engine.php(2230): CodeIgniter\Debug\Exceptions->errorHandler()
 2 APPPATH/Controllers/Api.php(147): App\Models\Engine->getBillToSynch()
 3 SYSTEMPATH/CodeIgniter.php(896): App\Controllers\Api->postbillpayment()
 4 SYSTEMPATH/CodeIgniter.php(466): CodeIgniter\CodeIgniter->runController()
 5 SYSTEMPATH/CodeIgniter.php(349): CodeIgniter\CodeIgniter->handleRequest()
 6 FCPATH/index.php(57): CodeIgniter\CodeIgniter->run()
CRITICAL - 2024-07-29 19:04:01 --> Undefined variable $payArray
in APPPATH/Models/Engine.php on line 2230.
 1 APPPATH/Models/Engine.php(2230): CodeIgniter\Debug\Exceptions->errorHandler()
 2 APPPATH/Controllers/Api.php(147): App\Models\Engine->getBillToSynch()
 3 SYSTEMPATH/CodeIgniter.php(896): App\Controllers\Api->postbillpayment()
 4 SYSTEMPATH/CodeIgniter.php(466): CodeIgniter\CodeIgniter->runController()
 5 SYSTEMPATH/CodeIgniter.php(349): CodeIgniter\CodeIgniter->handleRequest()
 6 FCPATH/index.php(57): CodeIgniter\CodeIgniter->run()
CRITICAL - 2024-07-29 19:05:01 --> Undefined variable $payArray
in APPPATH/Models/Engine.php on line 2230.
 1 APPPATH/Models/Engine.php(2230): CodeIgniter\Debug\Exceptions->errorHandler()
 2 APPPATH/Controllers/Api.php(147): App\Models\Engine->getBillToSynch()
 3 SYSTEMPATH/CodeIgniter.php(896): App\Controllers\Api->postbillpayment()
 4 SYSTEMPATH/CodeIgniter.php(466): CodeIgniter\CodeIgniter->runController()
 5 SYSTEMPATH/CodeIgniter.php(349): CodeIgniter\CodeIgniter->handleRequest()
 6 FCPATH/index.php(57): CodeIgniter\CodeIgniter->run()
CRITICAL - 2024-07-29 19:06:01 --> Undefined variable $payArray
in APPPATH/Models/Engine.php on line 2230.
 1 APPPATH/Models/Engine.php(2230): CodeIgniter\Debug\Exceptions->errorHandler()
 2 APPPATH/Controllers/Api.php(147): App\Models\Engine->getBillToSynch()
 3 SYSTEMPATH/CodeIgniter.php(896): App\Controllers\Api->postbillpayment()
 4 SYSTEMPATH/CodeIgniter.php(466): CodeIgniter\CodeIgniter->runController()
 5 SYSTEMPATH/CodeIgniter.php(349): CodeIgniter\CodeIgniter->handleRequest()
 6 FCPATH/index.php(57): CodeIgniter\CodeIgniter->run()
CRITICAL - 2024-07-29 19:07:01 --> Undefined variable $payArray
in APPPATH/Models/Engine.php on line 2230.
 1 APPPATH/Models/Engine.php(2230): CodeIgniter\Debug\Exceptions->errorHandler()
 2 APPPATH/Controllers/Api.php(147): App\Models\Engine->getBillToSynch()
 3 SYSTEMPATH/CodeIgniter.php(896): App\Controllers\Api->postbillpayment()
 4 SYSTEMPATH/CodeIgniter.php(466): CodeIgniter\CodeIgniter->runController()
 5 SYSTEMPATH/CodeIgniter.php(349): CodeIgniter\CodeIgniter->handleRequest()
 6 FCPATH/index.php(57): CodeIgniter\CodeIgniter->run()
CRITICAL - 2024-07-29 19:08:01 --> Undefined variable $payArray
in APPPATH/Models/Engine.php on line 2230.
 1 APPPATH/Models/Engine.php(2230): CodeIgniter\Debug\Exceptions->errorHandler()
 2 APPPATH/Controllers/Api.php(147): App\Models\Engine->getBillToSynch()
 3 SYSTEMPATH/CodeIgniter.php(896): App\Controllers\Api->postbillpayment()
 4 SYSTEMPATH/CodeIgniter.php(466): CodeIgniter\CodeIgniter->runController()
 5 SYSTEMPATH/CodeIgniter.php(349): CodeIgniter\CodeIgniter->handleRequest()
 6 FCPATH/index.php(57): CodeIgniter\CodeIgniter->run()
CRITICAL - 2024-07-29 19:09:01 --> Undefined variable $payArray
in APPPATH/Models/Engine.php on line 2230.
 1 APPPATH/Models/Engine.php(2230): CodeIgniter\Debug\Exceptions->errorHandler()
 2 APPPATH/Controllers/Api.php(147): App\Models\Engine->getBillToSynch()
 3 SYSTEMPATH/CodeIgniter.php(896): App\Controllers\Api->postbillpayment()
 4 SYSTEMPATH/CodeIgniter.php(466): CodeIgniter\CodeIgniter->runController()
 5 SYSTEMPATH/CodeIgniter.php(349): CodeIgniter\CodeIgniter->handleRequest()
 6 FCPATH/index.php(57): CodeIgniter\CodeIgniter->run()
CRITICAL - 2024-07-29 19:10:01 --> Undefined variable $payArray
in APPPATH/Models/Engine.php on line 2230.
 1 APPPATH/Models/Engine.php(2230): CodeIgniter\Debug\Exceptions->errorHandler()
 2 APPPATH/Controllers/Api.php(147): App\Models\Engine->getBillToSynch()
 3 SYSTEMPATH/CodeIgniter.php(896): App\Controllers\Api->postbillpayment()
 4 SYSTEMPATH/CodeIgniter.php(466): CodeIgniter\CodeIgniter->runController()
 5 SYSTEMPATH/CodeIgniter.php(349): CodeIgniter\CodeIgniter->handleRequest()
 6 FCPATH/index.php(57): CodeIgniter\CodeIgniter->run()
CRITICAL - 2024-07-29 19:11:01 --> Undefined variable $payArray
in APPPATH/Models/Engine.php on line 2230.
 1 APPPATH/Models/Engine.php(2230): CodeIgniter\Debug\Exceptions->errorHandler()
 2 APPPATH/Controllers/Api.php(147): App\Models\Engine->getBillToSynch()
 3 SYSTEMPATH/CodeIgniter.php(896): App\Controllers\Api->postbillpayment()
 4 SYSTEMPATH/CodeIgniter.php(466): CodeIgniter\CodeIgniter->runController()
 5 SYSTEMPATH/CodeIgniter.php(349): CodeIgniter\CodeIgniter->handleRequest()
 6 FCPATH/index.php(57): CodeIgniter\CodeIgniter->run()
CRITICAL - 2024-07-29 19:12:01 --> Undefined variable $payArray
in APPPATH/Models/Engine.php on line 2230.
 1 APPPATH/Models/Engine.php(2230): CodeIgniter\Debug\Exceptions->errorHandler()
 2 APPPATH/Controllers/Api.php(147): App\Models\Engine->getBillToSynch()
 3 SYSTEMPATH/CodeIgniter.php(896): App\Controllers\Api->postbillpayment()
 4 SYSTEMPATH/CodeIgniter.php(466): CodeIgniter\CodeIgniter->runController()
 5 SYSTEMPATH/CodeIgniter.php(349): CodeIgniter\CodeIgniter->handleRequest()
 6 FCPATH/index.php(57): CodeIgniter\CodeIgniter->run()
CRITICAL - 2024-07-29 19:13:02 --> Undefined variable $payArray
in APPPATH/Models/Engine.php on line 2230.
 1 APPPATH/Models/Engine.php(2230): CodeIgniter\Debug\Exceptions->errorHandler()
 2 APPPATH/Controllers/Api.php(147): App\Models\Engine->getBillToSynch()
 3 SYSTEMPATH/CodeIgniter.php(896): App\Controllers\Api->postbillpayment()
 4 SYSTEMPATH/CodeIgniter.php(466): CodeIgniter\CodeIgniter->runController()
 5 SYSTEMPATH/CodeIgniter.php(349): CodeIgniter\CodeIgniter->handleRequest()
 6 FCPATH/index.php(57): CodeIgniter\CodeIgniter->run()
CRITICAL - 2024-07-29 19:14:02 --> Undefined variable $payArray
in APPPATH/Models/Engine.php on line 2230.
 1 APPPATH/Models/Engine.php(2230): CodeIgniter\Debug\Exceptions->errorHandler()
 2 APPPATH/Controllers/Api.php(147): App\Models\Engine->getBillToSynch()
 3 SYSTEMPATH/CodeIgniter.php(896): App\Controllers\Api->postbillpayment()
 4 SYSTEMPATH/CodeIgniter.php(466): CodeIgniter\CodeIgniter->runController()
 5 SYSTEMPATH/CodeIgniter.php(349): CodeIgniter\CodeIgniter->handleRequest()
 6 FCPATH/index.php(57): CodeIgniter\CodeIgniter->run()
CRITICAL - 2024-07-29 19:15:02 --> Undefined variable $payArray
in APPPATH/Models/Engine.php on line 2230.
 1 APPPATH/Models/Engine.php(2230): CodeIgniter\Debug\Exceptions->errorHandler()
 2 APPPATH/Controllers/Api.php(147): App\Models\Engine->getBillToSynch()
 3 SYSTEMPATH/CodeIgniter.php(896): App\Controllers\Api->postbillpayment()
 4 SYSTEMPATH/CodeIgniter.php(466): CodeIgniter\CodeIgniter->runController()
 5 SYSTEMPATH/CodeIgniter.php(349): CodeIgniter\CodeIgniter->handleRequest()
 6 FCPATH/index.php(57): CodeIgniter\CodeIgniter->run()
CRITICAL - 2024-07-29 19:16:02 --> Undefined variable $payArray
in APPPATH/Models/Engine.php on line 2230.
 1 APPPATH/Models/Engine.php(2230): CodeIgniter\Debug\Exceptions->errorHandler()
 2 APPPATH/Controllers/Api.php(147): App\Models\Engine->getBillToSynch()
 3 SYSTEMPATH/CodeIgniter.php(896): App\Controllers\Api->postbillpayment()
 4 SYSTEMPATH/CodeIgniter.php(466): CodeIgniter\CodeIgniter->runController()
 5 SYSTEMPATH/CodeIgniter.php(349): CodeIgniter\CodeIgniter->handleRequest()
 6 FCPATH/index.php(57): CodeIgniter\CodeIgniter->run()
CRITICAL - 2024-07-29 19:17:02 --> Undefined variable $payArray
in APPPATH/Models/Engine.php on line 2230.
 1 APPPATH/Models/Engine.php(2230): CodeIgniter\Debug\Exceptions->errorHandler()
 2 APPPATH/Controllers/Api.php(147): App\Models\Engine->getBillToSynch()
 3 SYSTEMPATH/CodeIgniter.php(896): App\Controllers\Api->postbillpayment()
 4 SYSTEMPATH/CodeIgniter.php(466): CodeIgniter\CodeIgniter->runController()
 5 SYSTEMPATH/CodeIgniter.php(349): CodeIgniter\CodeIgniter->handleRequest()
 6 FCPATH/index.php(57): CodeIgniter\CodeIgniter->run()
CRITICAL - 2024-07-29 19:18:01 --> Undefined variable $payArray
in APPPATH/Models/Engine.php on line 2230.
 1 APPPATH/Models/Engine.php(2230): CodeIgniter\Debug\Exceptions->errorHandler()
 2 APPPATH/Controllers/Api.php(147): App\Models\Engine->getBillToSynch()
 3 SYSTEMPATH/CodeIgniter.php(896): App\Controllers\Api->postbillpayment()
 4 SYSTEMPATH/CodeIgniter.php(466): CodeIgniter\CodeIgniter->runController()
 5 SYSTEMPATH/CodeIgniter.php(349): CodeIgniter\CodeIgniter->handleRequest()
 6 FCPATH/index.php(57): CodeIgniter\CodeIgniter->run()
CRITICAL - 2024-07-29 19:19:01 --> Undefined variable $payArray
in APPPATH/Models/Engine.php on line 2230.
 1 APPPATH/Models/Engine.php(2230): CodeIgniter\Debug\Exceptions->errorHandler()
 2 APPPATH/Controllers/Api.php(147): App\Models\Engine->getBillToSynch()
 3 SYSTEMPATH/CodeIgniter.php(896): App\Controllers\Api->postbillpayment()
 4 SYSTEMPATH/CodeIgniter.php(466): CodeIgniter\CodeIgniter->runController()
 5 SYSTEMPATH/CodeIgniter.php(349): CodeIgniter\CodeIgniter->handleRequest()
 6 FCPATH/index.php(57): CodeIgniter\CodeIgniter->run()
CRITICAL - 2024-07-29 19:20:01 --> Undefined variable $payArray
in APPPATH/Models/Engine.php on line 2230.
 1 APPPATH/Models/Engine.php(2230): CodeIgniter\Debug\Exceptions->errorHandler()
 2 APPPATH/Controllers/Api.php(147): App\Models\Engine->getBillToSynch()
 3 SYSTEMPATH/CodeIgniter.php(896): App\Controllers\Api->postbillpayment()
 4 SYSTEMPATH/CodeIgniter.php(466): CodeIgniter\CodeIgniter->runController()
 5 SYSTEMPATH/CodeIgniter.php(349): CodeIgniter\CodeIgniter->handleRequest()
 6 FCPATH/index.php(57): CodeIgniter\CodeIgniter->run()
CRITICAL - 2024-07-29 19:21:01 --> Undefined variable $payArray
in APPPATH/Models/Engine.php on line 2230.
 1 APPPATH/Models/Engine.php(2230): CodeIgniter\Debug\Exceptions->errorHandler()
 2 APPPATH/Controllers/Api.php(147): App\Models\Engine->getBillToSynch()
 3 SYSTEMPATH/CodeIgniter.php(896): App\Controllers\Api->postbillpayment()
 4 SYSTEMPATH/CodeIgniter.php(466): CodeIgniter\CodeIgniter->runController()
 5 SYSTEMPATH/CodeIgniter.php(349): CodeIgniter\CodeIgniter->handleRequest()
 6 FCPATH/index.php(57): CodeIgniter\CodeIgniter->run()
CRITICAL - 2024-07-29 19:22:01 --> Undefined variable $payArray
in APPPATH/Models/Engine.php on line 2230.
 1 APPPATH/Models/Engine.php(2230): CodeIgniter\Debug\Exceptions->errorHandler()
 2 APPPATH/Controllers/Api.php(147): App\Models\Engine->getBillToSynch()
 3 SYSTEMPATH/CodeIgniter.php(896): App\Controllers\Api->postbillpayment()
 4 SYSTEMPATH/CodeIgniter.php(466): CodeIgniter\CodeIgniter->runController()
 5 SYSTEMPATH/CodeIgniter.php(349): CodeIgniter\CodeIgniter->handleRequest()
 6 FCPATH/index.php(57): CodeIgniter\CodeIgniter->run()
CRITICAL - 2024-07-29 19:23:01 --> Undefined variable $payArray
in APPPATH/Models/Engine.php on line 2230.
 1 APPPATH/Models/Engine.php(2230): CodeIgniter\Debug\Exceptions->errorHandler()
 2 APPPATH/Controllers/Api.php(147): App\Models\Engine->getBillToSynch()
 3 SYSTEMPATH/CodeIgniter.php(896): App\Controllers\Api->postbillpayment()
 4 SYSTEMPATH/CodeIgniter.php(466): CodeIgniter\CodeIgniter->runController()
 5 SYSTEMPATH/CodeIgniter.php(349): CodeIgniter\CodeIgniter->handleRequest()
 6 FCPATH/index.php(57): CodeIgniter\CodeIgniter->run()
CRITICAL - 2024-07-29 19:24:01 --> Undefined variable $payArray
in APPPATH/Models/Engine.php on line 2230.
 1 APPPATH/Models/Engine.php(2230): CodeIgniter\Debug\Exceptions->errorHandler()
 2 APPPATH/Controllers/Api.php(147): App\Models\Engine->getBillToSynch()
 3 SYSTEMPATH/CodeIgniter.php(896): App\Controllers\Api->postbillpayment()
 4 SYSTEMPATH/CodeIgniter.php(466): CodeIgniter\CodeIgniter->runController()
 5 SYSTEMPATH/CodeIgniter.php(349): CodeIgniter\CodeIgniter->handleRequest()
 6 FCPATH/index.php(57): CodeIgniter\CodeIgniter->run()
CRITICAL - 2024-07-29 19:25:01 --> Undefined variable $payArray
in APPPATH/Models/Engine.php on line 2230.
 1 APPPATH/Models/Engine.php(2230): CodeIgniter\Debug\Exceptions->errorHandler()
 2 APPPATH/Controllers/Api.php(147): App\Models\Engine->getBillToSynch()
 3 SYSTEMPATH/CodeIgniter.php(896): App\Controllers\Api->postbillpayment()
 4 SYSTEMPATH/CodeIgniter.php(466): CodeIgniter\CodeIgniter->runController()
 5 SYSTEMPATH/CodeIgniter.php(349): CodeIgniter\CodeIgniter->handleRequest()
 6 FCPATH/index.php(57): CodeIgniter\CodeIgniter->run()
CRITICAL - 2024-07-29 19:26:01 --> Undefined variable $payArray
in APPPATH/Models/Engine.php on line 2230.
 1 APPPATH/Models/Engine.php(2230): CodeIgniter\Debug\Exceptions->errorHandler()
 2 APPPATH/Controllers/Api.php(147): App\Models\Engine->getBillToSynch()
 3 SYSTEMPATH/CodeIgniter.php(896): App\Controllers\Api->postbillpayment()
 4 SYSTEMPATH/CodeIgniter.php(466): CodeIgniter\CodeIgniter->runController()
 5 SYSTEMPATH/CodeIgniter.php(349): CodeIgniter\CodeIgniter->handleRequest()
 6 FCPATH/index.php(57): CodeIgniter\CodeIgniter->run()
CRITICAL - 2024-07-29 19:27:01 --> Undefined variable $payArray
in APPPATH/Models/Engine.php on line 2230.
 1 APPPATH/Models/Engine.php(2230): CodeIgniter\Debug\Exceptions->errorHandler()
 2 APPPATH/Controllers/Api.php(147): App\Models\Engine->getBillToSynch()
 3 SYSTEMPATH/CodeIgniter.php(896): App\Controllers\Api->postbillpayment()
 4 SYSTEMPATH/CodeIgniter.php(466): CodeIgniter\CodeIgniter->runController()
 5 SYSTEMPATH/CodeIgniter.php(349): CodeIgniter\CodeIgniter->handleRequest()
 6 FCPATH/index.php(57): CodeIgniter\CodeIgniter->run()
CRITICAL - 2024-07-29 19:28:01 --> Undefined variable $payArray
in APPPATH/Models/Engine.php on line 2230.
 1 APPPATH/Models/Engine.php(2230): CodeIgniter\Debug\Exceptions->errorHandler()
 2 APPPATH/Controllers/Api.php(147): App\Models\Engine->getBillToSynch()
 3 SYSTEMPATH/CodeIgniter.php(896): App\Controllers\Api->postbillpayment()
 4 SYSTEMPATH/CodeIgniter.php(466): CodeIgniter\CodeIgniter->runController()
 5 SYSTEMPATH/CodeIgniter.php(349): CodeIgniter\CodeIgniter->handleRequest()
 6 FCPATH/index.php(57): CodeIgniter\CodeIgniter->run()
CRITICAL - 2024-07-29 19:29:01 --> Undefined variable $payArray
in APPPATH/Models/Engine.php on line 2230.
 1 APPPATH/Models/Engine.php(2230): CodeIgniter\Debug\Exceptions->errorHandler()
 2 APPPATH/Controllers/Api.php(147): App\Models\Engine->getBillToSynch()
 3 SYSTEMPATH/CodeIgniter.php(896): App\Controllers\Api->postbillpayment()
 4 SYSTEMPATH/CodeIgniter.php(466): CodeIgniter\CodeIgniter->runController()
 5 SYSTEMPATH/CodeIgniter.php(349): CodeIgniter\CodeIgniter->handleRequest()
 6 FCPATH/index.php(57): CodeIgniter\CodeIgniter->run()
CRITICAL - 2024-07-29 19:30:02 --> Undefined variable $payArray
in APPPATH/Models/Engine.php on line 2230.
 1 APPPATH/Models/Engine.php(2230): CodeIgniter\Debug\Exceptions->errorHandler()
 2 APPPATH/Controllers/Api.php(147): App\Models\Engine->getBillToSynch()
 3 SYSTEMPATH/CodeIgniter.php(896): App\Controllers\Api->postbillpayment()
 4 SYSTEMPATH/CodeIgniter.php(466): CodeIgniter\CodeIgniter->runController()
 5 SYSTEMPATH/CodeIgniter.php(349): CodeIgniter\CodeIgniter->handleRequest()
 6 FCPATH/index.php(57): CodeIgniter\CodeIgniter->run()
CRITICAL - 2024-07-29 19:31:02 --> Undefined variable $payArray
in APPPATH/Models/Engine.php on line 2230.
 1 APPPATH/Models/Engine.php(2230): CodeIgniter\Debug\Exceptions->errorHandler()
 2 APPPATH/Controllers/Api.php(147): App\Models\Engine->getBillToSynch()
 3 SYSTEMPATH/CodeIgniter.php(896): App\Controllers\Api->postbillpayment()
 4 SYSTEMPATH/CodeIgniter.php(466): CodeIgniter\CodeIgniter->runController()
 5 SYSTEMPATH/CodeIgniter.php(349): CodeIgniter\CodeIgniter->handleRequest()
 6 FCPATH/index.php(57): CodeIgniter\CodeIgniter->run()
CRITICAL - 2024-07-29 19:32:02 --> Undefined variable $payArray
in APPPATH/Models/Engine.php on line 2230.
 1 APPPATH/Models/Engine.php(2230): CodeIgniter\Debug\Exceptions->errorHandler()
 2 APPPATH/Controllers/Api.php(147): App\Models\Engine->getBillToSynch()
 3 SYSTEMPATH/CodeIgniter.php(896): App\Controllers\Api->postbillpayment()
 4 SYSTEMPATH/CodeIgniter.php(466): CodeIgniter\CodeIgniter->runController()
 5 SYSTEMPATH/CodeIgniter.php(349): CodeIgniter\CodeIgniter->handleRequest()
 6 FCPATH/index.php(57): CodeIgniter\CodeIgniter->run()
CRITICAL - 2024-07-29 19:33:02 --> Undefined variable $payArray
in APPPATH/Models/Engine.php on line 2230.
 1 APPPATH/Models/Engine.php(2230): CodeIgniter\Debug\Exceptions->errorHandler()
 2 APPPATH/Controllers/Api.php(147): App\Models\Engine->getBillToSynch()
 3 SYSTEMPATH/CodeIgniter.php(896): App\Controllers\Api->postbillpayment()
 4 SYSTEMPATH/CodeIgniter.php(466): CodeIgniter\CodeIgniter->runController()
 5 SYSTEMPATH/CodeIgniter.php(349): CodeIgniter\CodeIgniter->handleRequest()
 6 FCPATH/index.php(57): CodeIgniter\CodeIgniter->run()
CRITICAL - 2024-07-29 19:34:02 --> Undefined variable $payArray
in APPPATH/Models/Engine.php on line 2230.
 1 APPPATH/Models/Engine.php(2230): CodeIgniter\Debug\Exceptions->errorHandler()
 2 APPPATH/Controllers/Api.php(147): App\Models\Engine->getBillToSynch()
 3 SYSTEMPATH/CodeIgniter.php(896): App\Controllers\Api->postbillpayment()
 4 SYSTEMPATH/CodeIgniter.php(466): CodeIgniter\CodeIgniter->runController()
 5 SYSTEMPATH/CodeIgniter.php(349): CodeIgniter\CodeIgniter->handleRequest()
 6 FCPATH/index.php(57): CodeIgniter\CodeIgniter->run()
CRITICAL - 2024-07-29 19:35:01 --> Undefined variable $payArray
in APPPATH/Models/Engine.php on line 2230.
 1 APPPATH/Models/Engine.php(2230): CodeIgniter\Debug\Exceptions->errorHandler()
 2 APPPATH/Controllers/Api.php(147): App\Models\Engine->getBillToSynch()
 3 SYSTEMPATH/CodeIgniter.php(896): App\Controllers\Api->postbillpayment()
 4 SYSTEMPATH/CodeIgniter.php(466): CodeIgniter\CodeIgniter->runController()
 5 SYSTEMPATH/CodeIgniter.php(349): CodeIgniter\CodeIgniter->handleRequest()
 6 FCPATH/index.php(57): CodeIgniter\CodeIgniter->run()
CRITICAL - 2024-07-29 19:36:01 --> Undefined variable $payArray
in APPPATH/Models/Engine.php on line 2230.
 1 APPPATH/Models/Engine.php(2230): CodeIgniter\Debug\Exceptions->errorHandler()
 2 APPPATH/Controllers/Api.php(147): App\Models\Engine->getBillToSynch()
 3 SYSTEMPATH/CodeIgniter.php(896): App\Controllers\Api->postbillpayment()
 4 SYSTEMPATH/CodeIgniter.php(466): CodeIgniter\CodeIgniter->runController()
 5 SYSTEMPATH/CodeIgniter.php(349): CodeIgniter\CodeIgniter->handleRequest()
 6 FCPATH/index.php(57): CodeIgniter\CodeIgniter->run()
CRITICAL - 2024-07-29 19:37:01 --> Undefined variable $payArray
in APPPATH/Models/Engine.php on line 2230.
 1 APPPATH/Models/Engine.php(2230): CodeIgniter\Debug\Exceptions->errorHandler()
 2 APPPATH/Controllers/Api.php(147): App\Models\Engine->getBillToSynch()
 3 SYSTEMPATH/CodeIgniter.php(896): App\Controllers\Api->postbillpayment()
 4 SYSTEMPATH/CodeIgniter.php(466): CodeIgniter\CodeIgniter->runController()
 5 SYSTEMPATH/CodeIgniter.php(349): CodeIgniter\CodeIgniter->handleRequest()
 6 FCPATH/index.php(57): CodeIgniter\CodeIgniter->run()
CRITICAL - 2024-07-29 19:38:01 --> Undefined variable $payArray
in APPPATH/Models/Engine.php on line 2230.
 1 APPPATH/Models/Engine.php(2230): CodeIgniter\Debug\Exceptions->errorHandler()
 2 APPPATH/Controllers/Api.php(147): App\Models\Engine->getBillToSynch()
 3 SYSTEMPATH/CodeIgniter.php(896): App\Controllers\Api->postbillpayment()
 4 SYSTEMPATH/CodeIgniter.php(466): CodeIgniter\CodeIgniter->runController()
 5 SYSTEMPATH/CodeIgniter.php(349): CodeIgniter\CodeIgniter->handleRequest()
 6 FCPATH/index.php(57): CodeIgniter\CodeIgniter->run()
CRITICAL - 2024-07-29 19:39:01 --> Undefined variable $payArray
in APPPATH/Models/Engine.php on line 2230.
 1 APPPATH/Models/Engine.php(2230): CodeIgniter\Debug\Exceptions->errorHandler()
 2 APPPATH/Controllers/Api.php(147): App\Models\Engine->getBillToSynch()
 3 SYSTEMPATH/CodeIgniter.php(896): App\Controllers\Api->postbillpayment()
 4 SYSTEMPATH/CodeIgniter.php(466): CodeIgniter\CodeIgniter->runController()
 5 SYSTEMPATH/CodeIgniter.php(349): CodeIgniter\CodeIgniter->handleRequest()
 6 FCPATH/index.php(57): CodeIgniter\CodeIgniter->run()
CRITICAL - 2024-07-29 19:40:01 --> Undefined variable $payArray
in APPPATH/Models/Engine.php on line 2230.
 1 APPPATH/Models/Engine.php(2230): CodeIgniter\Debug\Exceptions->errorHandler()
 2 APPPATH/Controllers/Api.php(147): App\Models\Engine->getBillToSynch()
 3 SYSTEMPATH/CodeIgniter.php(896): App\Controllers\Api->postbillpayment()
 4 SYSTEMPATH/CodeIgniter.php(466): CodeIgniter\CodeIgniter->runController()
 5 SYSTEMPATH/CodeIgniter.php(349): CodeIgniter\CodeIgniter->handleRequest()
 6 FCPATH/index.php(57): CodeIgniter\CodeIgniter->run()
CRITICAL - 2024-07-29 19:41:01 --> Undefined variable $payArray
in APPPATH/Models/Engine.php on line 2230.
 1 APPPATH/Models/Engine.php(2230): CodeIgniter\Debug\Exceptions->errorHandler()
 2 APPPATH/Controllers/Api.php(147): App\Models\Engine->getBillToSynch()
 3 SYSTEMPATH/CodeIgniter.php(896): App\Controllers\Api->postbillpayment()
 4 SYSTEMPATH/CodeIgniter.php(466): CodeIgniter\CodeIgniter->runController()
 5 SYSTEMPATH/CodeIgniter.php(349): CodeIgniter\CodeIgniter->handleRequest()
 6 FCPATH/index.php(57): CodeIgniter\CodeIgniter->run()
CRITICAL - 2024-07-29 19:42:01 --> Undefined variable $payArray
in APPPATH/Models/Engine.php on line 2230.
 1 APPPATH/Models/Engine.php(2230): CodeIgniter\Debug\Exceptions->errorHandler()
 2 APPPATH/Controllers/Api.php(147): App\Models\Engine->getBillToSynch()
 3 SYSTEMPATH/CodeIgniter.php(896): App\Controllers\Api->postbillpayment()
 4 SYSTEMPATH/CodeIgniter.php(466): CodeIgniter\CodeIgniter->runController()
 5 SYSTEMPATH/CodeIgniter.php(349): CodeIgniter\CodeIgniter->handleRequest()
 6 FCPATH/index.php(57): CodeIgniter\CodeIgniter->run()
CRITICAL - 2024-07-29 19:43:01 --> Undefined variable $payArray
in APPPATH/Models/Engine.php on line 2230.
 1 APPPATH/Models/Engine.php(2230): CodeIgniter\Debug\Exceptions->errorHandler()
 2 APPPATH/Controllers/Api.php(147): App\Models\Engine->getBillToSynch()
 3 SYSTEMPATH/CodeIgniter.php(896): App\Controllers\Api->postbillpayment()
 4 SYSTEMPATH/CodeIgniter.php(466): CodeIgniter\CodeIgniter->runController()
 5 SYSTEMPATH/CodeIgniter.php(349): CodeIgniter\CodeIgniter->handleRequest()
 6 FCPATH/index.php(57): CodeIgniter\CodeIgniter->run()
CRITICAL - 2024-07-29 19:44:01 --> Undefined variable $payArray
in APPPATH/Models/Engine.php on line 2230.
 1 APPPATH/Models/Engine.php(2230): CodeIgniter\Debug\Exceptions->errorHandler()
 2 APPPATH/Controllers/Api.php(147): App\Models\Engine->getBillToSynch()
 3 SYSTEMPATH/CodeIgniter.php(896): App\Controllers\Api->postbillpayment()
 4 SYSTEMPATH/CodeIgniter.php(466): CodeIgniter\CodeIgniter->runController()
 5 SYSTEMPATH/CodeIgniter.php(349): CodeIgniter\CodeIgniter->handleRequest()
 6 FCPATH/index.php(57): CodeIgniter\CodeIgniter->run()
CRITICAL - 2024-07-29 19:45:01 --> Undefined variable $payArray
in APPPATH/Models/Engine.php on line 2230.
 1 APPPATH/Models/Engine.php(2230): CodeIgniter\Debug\Exceptions->errorHandler()
 2 APPPATH/Controllers/Api.php(147): App\Models\Engine->getBillToSynch()
 3 SYSTEMPATH/CodeIgniter.php(896): App\Controllers\Api->postbillpayment()
 4 SYSTEMPATH/CodeIgniter.php(466): CodeIgniter\CodeIgniter->runController()
 5 SYSTEMPATH/CodeIgniter.php(349): CodeIgniter\CodeIgniter->handleRequest()
 6 FCPATH/index.php(57): CodeIgniter\CodeIgniter->run()
CRITICAL - 2024-07-29 19:46:01 --> Undefined variable $payArray
in APPPATH/Models/Engine.php on line 2230.
 1 APPPATH/Models/Engine.php(2230): CodeIgniter\Debug\Exceptions->errorHandler()
 2 APPPATH/Controllers/Api.php(147): App\Models\Engine->getBillToSynch()
 3 SYSTEMPATH/CodeIgniter.php(896): App\Controllers\Api->postbillpayment()
 4 SYSTEMPATH/CodeIgniter.php(466): CodeIgniter\CodeIgniter->runController()
 5 SYSTEMPATH/CodeIgniter.php(349): CodeIgniter\CodeIgniter->handleRequest()
 6 FCPATH/index.php(57): CodeIgniter\CodeIgniter->run()
CRITICAL - 2024-07-29 19:47:02 --> Undefined variable $payArray
in APPPATH/Models/Engine.php on line 2230.
 1 APPPATH/Models/Engine.php(2230): CodeIgniter\Debug\Exceptions->errorHandler()
 2 APPPATH/Controllers/Api.php(147): App\Models\Engine->getBillToSynch()
 3 SYSTEMPATH/CodeIgniter.php(896): App\Controllers\Api->postbillpayment()
 4 SYSTEMPATH/CodeIgniter.php(466): CodeIgniter\CodeIgniter->runController()
 5 SYSTEMPATH/CodeIgniter.php(349): CodeIgniter\CodeIgniter->handleRequest()
 6 FCPATH/index.php(57): CodeIgniter\CodeIgniter->run()
CRITICAL - 2024-07-29 19:48:02 --> Undefined variable $payArray
in APPPATH/Models/Engine.php on line 2230.
 1 APPPATH/Models/Engine.php(2230): CodeIgniter\Debug\Exceptions->errorHandler()
 2 APPPATH/Controllers/Api.php(147): App\Models\Engine->getBillToSynch()
 3 SYSTEMPATH/CodeIgniter.php(896): App\Controllers\Api->postbillpayment()
 4 SYSTEMPATH/CodeIgniter.php(466): CodeIgniter\CodeIgniter->runController()
 5 SYSTEMPATH/CodeIgniter.php(349): CodeIgniter\CodeIgniter->handleRequest()
 6 FCPATH/index.php(57): CodeIgniter\CodeIgniter->run()
CRITICAL - 2024-07-29 19:49:02 --> Undefined variable $payArray
in APPPATH/Models/Engine.php on line 2230.
 1 APPPATH/Models/Engine.php(2230): CodeIgniter\Debug\Exceptions->errorHandler()
 2 APPPATH/Controllers/Api.php(147): App\Models\Engine->getBillToSynch()
 3 SYSTEMPATH/CodeIgniter.php(896): App\Controllers\Api->postbillpayment()
 4 SYSTEMPATH/CodeIgniter.php(466): CodeIgniter\CodeIgniter->runController()
 5 SYSTEMPATH/CodeIgniter.php(349): CodeIgniter\CodeIgniter->handleRequest()
 6 FCPATH/index.php(57): CodeIgniter\CodeIgniter->run()
CRITICAL - 2024-07-29 19:50:02 --> Undefined variable $payArray
in APPPATH/Models/Engine.php on line 2230.
 1 APPPATH/Models/Engine.php(2230): CodeIgniter\Debug\Exceptions->errorHandler()
 2 APPPATH/Controllers/Api.php(147): App\Models\Engine->getBillToSynch()
 3 SYSTEMPATH/CodeIgniter.php(896): App\Controllers\Api->postbillpayment()
 4 SYSTEMPATH/CodeIgniter.php(466): CodeIgniter\CodeIgniter->runController()
 5 SYSTEMPATH/CodeIgniter.php(349): CodeIgniter\CodeIgniter->handleRequest()
 6 FCPATH/index.php(57): CodeIgniter\CodeIgniter->run()
CRITICAL - 2024-07-29 19:51:02 --> Undefined variable $payArray
in APPPATH/Models/Engine.php on line 2230.
 1 APPPATH/Models/Engine.php(2230): CodeIgniter\Debug\Exceptions->errorHandler()
 2 APPPATH/Controllers/Api.php(147): App\Models\Engine->getBillToSynch()
 3 SYSTEMPATH/CodeIgniter.php(896): App\Controllers\Api->postbillpayment()
 4 SYSTEMPATH/CodeIgniter.php(466): CodeIgniter\CodeIgniter->runController()
 5 SYSTEMPATH/CodeIgniter.php(349): CodeIgniter\CodeIgniter->handleRequest()
 6 FCPATH/index.php(57): CodeIgniter\CodeIgniter->run()
CRITICAL - 2024-07-29 19:52:01 --> Undefined variable $payArray
in APPPATH/Models/Engine.php on line 2230.
 1 APPPATH/Models/Engine.php(2230): CodeIgniter\Debug\Exceptions->errorHandler()
 2 APPPATH/Controllers/Api.php(147): App\Models\Engine->getBillToSynch()
 3 SYSTEMPATH/CodeIgniter.php(896): App\Controllers\Api->postbillpayment()
 4 SYSTEMPATH/CodeIgniter.php(466): CodeIgniter\CodeIgniter->runController()
 5 SYSTEMPATH/CodeIgniter.php(349): CodeIgniter\CodeIgniter->handleRequest()
 6 FCPATH/index.php(57): CodeIgniter\CodeIgniter->run()
CRITICAL - 2024-07-29 19:53:01 --> Undefined variable $payArray
in APPPATH/Models/Engine.php on line 2230.
 1 APPPATH/Models/Engine.php(2230): CodeIgniter\Debug\Exceptions->errorHandler()
 2 APPPATH/Controllers/Api.php(147): App\Models\Engine->getBillToSynch()
 3 SYSTEMPATH/CodeIgniter.php(896): App\Controllers\Api->postbillpayment()
 4 SYSTEMPATH/CodeIgniter.php(466): CodeIgniter\CodeIgniter->runController()
 5 SYSTEMPATH/CodeIgniter.php(349): CodeIgniter\CodeIgniter->handleRequest()
 6 FCPATH/index.php(57): CodeIgniter\CodeIgniter->run()
CRITICAL - 2024-07-29 19:54:01 --> Undefined variable $payArray
in APPPATH/Models/Engine.php on line 2230.
 1 APPPATH/Models/Engine.php(2230): CodeIgniter\Debug\Exceptions->errorHandler()
 2 APPPATH/Controllers/Api.php(147): App\Models\Engine->getBillToSynch()
 3 SYSTEMPATH/CodeIgniter.php(896): App\Controllers\Api->postbillpayment()
 4 SYSTEMPATH/CodeIgniter.php(466): CodeIgniter\CodeIgniter->runController()
 5 SYSTEMPATH/CodeIgniter.php(349): CodeIgniter\CodeIgniter->handleRequest()
 6 FCPATH/index.php(57): CodeIgniter\CodeIgniter->run()
CRITICAL - 2024-07-29 19:55:01 --> Undefined variable $payArray
in APPPATH/Models/Engine.php on line 2230.
 1 APPPATH/Models/Engine.php(2230): CodeIgniter\Debug\Exceptions->errorHandler()
 2 APPPATH/Controllers/Api.php(147): App\Models\Engine->getBillToSynch()
 3 SYSTEMPATH/CodeIgniter.php(896): App\Controllers\Api->postbillpayment()
 4 SYSTEMPATH/CodeIgniter.php(466): CodeIgniter\CodeIgniter->runController()
 5 SYSTEMPATH/CodeIgniter.php(349): CodeIgniter\CodeIgniter->handleRequest()
 6 FCPATH/index.php(57): CodeIgniter\CodeIgniter->run()
CRITICAL - 2024-07-29 19:56:01 --> Undefined variable $payArray
in APPPATH/Models/Engine.php on line 2230.
 1 APPPATH/Models/Engine.php(2230): CodeIgniter\Debug\Exceptions->errorHandler()
 2 APPPATH/Controllers/Api.php(147): App\Models\Engine->getBillToSynch()
 3 SYSTEMPATH/CodeIgniter.php(896): App\Controllers\Api->postbillpayment()
 4 SYSTEMPATH/CodeIgniter.php(466): CodeIgniter\CodeIgniter->runController()
 5 SYSTEMPATH/CodeIgniter.php(349): CodeIgniter\CodeIgniter->handleRequest()
 6 FCPATH/index.php(57): CodeIgniter\CodeIgniter->run()
CRITICAL - 2024-07-29 19:57:01 --> Undefined variable $payArray
in APPPATH/Models/Engine.php on line 2230.
 1 APPPATH/Models/Engine.php(2230): CodeIgniter\Debug\Exceptions->errorHandler()
 2 APPPATH/Controllers/Api.php(147): App\Models\Engine->getBillToSynch()
 3 SYSTEMPATH/CodeIgniter.php(896): App\Controllers\Api->postbillpayment()
 4 SYSTEMPATH/CodeIgniter.php(466): CodeIgniter\CodeIgniter->runController()
 5 SYSTEMPATH/CodeIgniter.php(349): CodeIgniter\CodeIgniter->handleRequest()
 6 FCPATH/index.php(57): CodeIgniter\CodeIgniter->run()
CRITICAL - 2024-07-29 19:58:01 --> Undefined variable $payArray
in APPPATH/Models/Engine.php on line 2230.
 1 APPPATH/Models/Engine.php(2230): CodeIgniter\Debug\Exceptions->errorHandler()
 2 APPPATH/Controllers/Api.php(147): App\Models\Engine->getBillToSynch()
 3 SYSTEMPATH/CodeIgniter.php(896): App\Controllers\Api->postbillpayment()
 4 SYSTEMPATH/CodeIgniter.php(466): CodeIgniter\CodeIgniter->runController()
 5 SYSTEMPATH/CodeIgniter.php(349): CodeIgniter\CodeIgniter->handleRequest()
 6 FCPATH/index.php(57): CodeIgniter\CodeIgniter->run()
CRITICAL - 2024-07-29 19:59:01 --> Undefined variable $payArray
in APPPATH/Models/Engine.php on line 2230.
 1 APPPATH/Models/Engine.php(2230): CodeIgniter\Debug\Exceptions->errorHandler()
 2 APPPATH/Controllers/Api.php(147): App\Models\Engine->getBillToSynch()
 3 SYSTEMPATH/CodeIgniter.php(896): App\Controllers\Api->postbillpayment()
 4 SYSTEMPATH/CodeIgniter.php(466): CodeIgniter\CodeIgniter->runController()
 5 SYSTEMPATH/CodeIgniter.php(349): CodeIgniter\CodeIgniter->handleRequest()
 6 FCPATH/index.php(57): CodeIgniter\CodeIgniter->run()
CRITICAL - 2024-07-29 20:00:01 --> Undefined variable $payArray
in APPPATH/Models/Engine.php on line 2230.
 1 APPPATH/Models/Engine.php(2230): CodeIgniter\Debug\Exceptions->errorHandler()
 2 APPPATH/Controllers/Api.php(147): App\Models\Engine->getBillToSynch()
 3 SYSTEMPATH/CodeIgniter.php(896): App\Controllers\Api->postbillpayment()
 4 SYSTEMPATH/CodeIgniter.php(466): CodeIgniter\CodeIgniter->runController()
 5 SYSTEMPATH/CodeIgniter.php(349): CodeIgniter\CodeIgniter->handleRequest()
 6 FCPATH/index.php(57): CodeIgniter\CodeIgniter->run()
CRITICAL - 2024-07-29 20:01:01 --> Undefined variable $payArray
in APPPATH/Models/Engine.php on line 2230.
 1 APPPATH/Models/Engine.php(2230): CodeIgniter\Debug\Exceptions->errorHandler()
 2 APPPATH/Controllers/Api.php(147): App\Models\Engine->getBillToSynch()
 3 SYSTEMPATH/CodeIgniter.php(896): App\Controllers\Api->postbillpayment()
 4 SYSTEMPATH/CodeIgniter.php(466): CodeIgniter\CodeIgniter->runController()
 5 SYSTEMPATH/CodeIgniter.php(349): CodeIgniter\CodeIgniter->handleRequest()
 6 FCPATH/index.php(57): CodeIgniter\CodeIgniter->run()
CRITICAL - 2024-07-29 20:02:01 --> Undefined variable $payArray
in APPPATH/Models/Engine.php on line 2230.
 1 APPPATH/Models/Engine.php(2230): CodeIgniter\Debug\Exceptions->errorHandler()
 2 APPPATH/Controllers/Api.php(147): App\Models\Engine->getBillToSynch()
 3 SYSTEMPATH/CodeIgniter.php(896): App\Controllers\Api->postbillpayment()
 4 SYSTEMPATH/CodeIgniter.php(466): CodeIgniter\CodeIgniter->runController()
 5 SYSTEMPATH/CodeIgniter.php(349): CodeIgniter\CodeIgniter->handleRequest()
 6 FCPATH/index.php(57): CodeIgniter\CodeIgniter->run()
CRITICAL - 2024-07-29 20:03:01 --> Undefined variable $payArray
in APPPATH/Models/Engine.php on line 2230.
 1 APPPATH/Models/Engine.php(2230): CodeIgniter\Debug\Exceptions->errorHandler()
 2 APPPATH/Controllers/Api.php(147): App\Models\Engine->getBillToSynch()
 3 SYSTEMPATH/CodeIgniter.php(896): App\Controllers\Api->postbillpayment()
 4 SYSTEMPATH/CodeIgniter.php(466): CodeIgniter\CodeIgniter->runController()
 5 SYSTEMPATH/CodeIgniter.php(349): CodeIgniter\CodeIgniter->handleRequest()
 6 FCPATH/index.php(57): CodeIgniter\CodeIgniter->run()
CRITICAL - 2024-07-29 20:04:02 --> Undefined variable $payArray
in APPPATH/Models/Engine.php on line 2230.
 1 APPPATH/Models/Engine.php(2230): CodeIgniter\Debug\Exceptions->errorHandler()
 2 APPPATH/Controllers/Api.php(147): App\Models\Engine->getBillToSynch()
 3 SYSTEMPATH/CodeIgniter.php(896): App\Controllers\Api->postbillpayment()
 4 SYSTEMPATH/CodeIgniter.php(466): CodeIgniter\CodeIgniter->runController()
 5 SYSTEMPATH/CodeIgniter.php(349): CodeIgniter\CodeIgniter->handleRequest()
 6 FCPATH/index.php(57): CodeIgniter\CodeIgniter->run()
CRITICAL - 2024-07-29 20:05:02 --> Undefined variable $payArray
in APPPATH/Models/Engine.php on line 2230.
 1 APPPATH/Models/Engine.php(2230): CodeIgniter\Debug\Exceptions->errorHandler()
 2 APPPATH/Controllers/Api.php(147): App\Models\Engine->getBillToSynch()
 3 SYSTEMPATH/CodeIgniter.php(896): App\Controllers\Api->postbillpayment()
 4 SYSTEMPATH/CodeIgniter.php(466): CodeIgniter\CodeIgniter->runController()
 5 SYSTEMPATH/CodeIgniter.php(349): CodeIgniter\CodeIgniter->handleRequest()
 6 FCPATH/index.php(57): CodeIgniter\CodeIgniter->run()
CRITICAL - 2024-07-29 20:06:02 --> Undefined variable $payArray
in APPPATH/Models/Engine.php on line 2230.
 1 APPPATH/Models/Engine.php(2230): CodeIgniter\Debug\Exceptions->errorHandler()
 2 APPPATH/Controllers/Api.php(147): App\Models\Engine->getBillToSynch()
 3 SYSTEMPATH/CodeIgniter.php(896): App\Controllers\Api->postbillpayment()
 4 SYSTEMPATH/CodeIgniter.php(466): CodeIgniter\CodeIgniter->runController()
 5 SYSTEMPATH/CodeIgniter.php(349): CodeIgniter\CodeIgniter->handleRequest()
 6 FCPATH/index.php(57): CodeIgniter\CodeIgniter->run()
CRITICAL - 2024-07-29 20:07:02 --> Undefined variable $payArray
in APPPATH/Models/Engine.php on line 2230.
 1 APPPATH/Models/Engine.php(2230): CodeIgniter\Debug\Exceptions->errorHandler()
 2 APPPATH/Controllers/Api.php(147): App\Models\Engine->getBillToSynch()
 3 SYSTEMPATH/CodeIgniter.php(896): App\Controllers\Api->postbillpayment()
 4 SYSTEMPATH/CodeIgniter.php(466): CodeIgniter\CodeIgniter->runController()
 5 SYSTEMPATH/CodeIgniter.php(349): CodeIgniter\CodeIgniter->handleRequest()
 6 FCPATH/index.php(57): CodeIgniter\CodeIgniter->run()
CRITICAL - 2024-07-29 20:08:02 --> Undefined variable $payArray
in APPPATH/Models/Engine.php on line 2230.
 1 APPPATH/Models/Engine.php(2230): CodeIgniter\Debug\Exceptions->errorHandler()
 2 APPPATH/Controllers/Api.php(147): App\Models\Engine->getBillToSynch()
 3 SYSTEMPATH/CodeIgniter.php(896): App\Controllers\Api->postbillpayment()
 4 SYSTEMPATH/CodeIgniter.php(466): CodeIgniter\CodeIgniter->runController()
 5 SYSTEMPATH/CodeIgniter.php(349): CodeIgniter\CodeIgniter->handleRequest()
 6 FCPATH/index.php(57): CodeIgniter\CodeIgniter->run()
CRITICAL - 2024-07-29 20:09:02 --> Undefined variable $payArray
in APPPATH/Models/Engine.php on line 2230.
 1 APPPATH/Models/Engine.php(2230): CodeIgniter\Debug\Exceptions->errorHandler()
 2 APPPATH/Controllers/Api.php(147): App\Models\Engine->getBillToSynch()
 3 SYSTEMPATH/CodeIgniter.php(896): App\Controllers\Api->postbillpayment()
 4 SYSTEMPATH/CodeIgniter.php(466): CodeIgniter\CodeIgniter->runController()
 5 SYSTEMPATH/CodeIgniter.php(349): CodeIgniter\CodeIgniter->handleRequest()
 6 FCPATH/index.php(57): CodeIgniter\CodeIgniter->run()
CRITICAL - 2024-07-29 20:10:01 --> Undefined variable $payArray
in APPPATH/Models/Engine.php on line 2230.
 1 APPPATH/Models/Engine.php(2230): CodeIgniter\Debug\Exceptions->errorHandler()
 2 APPPATH/Controllers/Api.php(147): App\Models\Engine->getBillToSynch()
 3 SYSTEMPATH/CodeIgniter.php(896): App\Controllers\Api->postbillpayment()
 4 SYSTEMPATH/CodeIgniter.php(466): CodeIgniter\CodeIgniter->runController()
 5 SYSTEMPATH/CodeIgniter.php(349): CodeIgniter\CodeIgniter->handleRequest()
 6 FCPATH/index.php(57): CodeIgniter\CodeIgniter->run()
CRITICAL - 2024-07-29 20:11:01 --> Undefined variable $payArray
in APPPATH/Models/Engine.php on line 2230.
 1 APPPATH/Models/Engine.php(2230): CodeIgniter\Debug\Exceptions->errorHandler()
 2 APPPATH/Controllers/Api.php(147): App\Models\Engine->getBillToSynch()
 3 SYSTEMPATH/CodeIgniter.php(896): App\Controllers\Api->postbillpayment()
 4 SYSTEMPATH/CodeIgniter.php(466): CodeIgniter\CodeIgniter->runController()
 5 SYSTEMPATH/CodeIgniter.php(349): CodeIgniter\CodeIgniter->handleRequest()
 6 FCPATH/index.php(57): CodeIgniter\CodeIgniter->run()
CRITICAL - 2024-07-29 20:12:01 --> Undefined variable $payArray
in APPPATH/Models/Engine.php on line 2230.
 1 APPPATH/Models/Engine.php(2230): CodeIgniter\Debug\Exceptions->errorHandler()
 2 APPPATH/Controllers/Api.php(147): App\Models\Engine->getBillToSynch()
 3 SYSTEMPATH/CodeIgniter.php(896): App\Controllers\Api->postbillpayment()
 4 SYSTEMPATH/CodeIgniter.php(466): CodeIgniter\CodeIgniter->runController()
 5 SYSTEMPATH/CodeIgniter.php(349): CodeIgniter\CodeIgniter->handleRequest()
 6 FCPATH/index.php(57): CodeIgniter\CodeIgniter->run()
CRITICAL - 2024-07-29 20:13:01 --> Undefined variable $payArray
in APPPATH/Models/Engine.php on line 2230.
 1 APPPATH/Models/Engine.php(2230): CodeIgniter\Debug\Exceptions->errorHandler()
 2 APPPATH/Controllers/Api.php(147): App\Models\Engine->getBillToSynch()
 3 SYSTEMPATH/CodeIgniter.php(896): App\Controllers\Api->postbillpayment()
 4 SYSTEMPATH/CodeIgniter.php(466): CodeIgniter\CodeIgniter->runController()
 5 SYSTEMPATH/CodeIgniter.php(349): CodeIgniter\CodeIgniter->handleRequest()
 6 FCPATH/index.php(57): CodeIgniter\CodeIgniter->run()
CRITICAL - 2024-07-29 20:14:01 --> Undefined variable $payArray
in APPPATH/Models/Engine.php on line 2230.
 1 APPPATH/Models/Engine.php(2230): CodeIgniter\Debug\Exceptions->errorHandler()
 2 APPPATH/Controllers/Api.php(147): App\Models\Engine->getBillToSynch()
 3 SYSTEMPATH/CodeIgniter.php(896): App\Controllers\Api->postbillpayment()
 4 SYSTEMPATH/CodeIgniter.php(466): CodeIgniter\CodeIgniter->runController()
 5 SYSTEMPATH/CodeIgniter.php(349): CodeIgniter\CodeIgniter->handleRequest()
 6 FCPATH/index.php(57): CodeIgniter\CodeIgniter->run()
CRITICAL - 2024-07-29 20:15:01 --> Undefined variable $payArray
in APPPATH/Models/Engine.php on line 2230.
 1 APPPATH/Models/Engine.php(2230): CodeIgniter\Debug\Exceptions->errorHandler()
 2 APPPATH/Controllers/Api.php(147): App\Models\Engine->getBillToSynch()
 3 SYSTEMPATH/CodeIgniter.php(896): App\Controllers\Api->postbillpayment()
 4 SYSTEMPATH/CodeIgniter.php(466): CodeIgniter\CodeIgniter->runController()
 5 SYSTEMPATH/CodeIgniter.php(349): CodeIgniter\CodeIgniter->handleRequest()
 6 FCPATH/index.php(57): CodeIgniter\CodeIgniter->run()
CRITICAL - 2024-07-29 20:16:01 --> Undefined variable $payArray
in APPPATH/Models/Engine.php on line 2230.
 1 APPPATH/Models/Engine.php(2230): CodeIgniter\Debug\Exceptions->errorHandler()
 2 APPPATH/Controllers/Api.php(147): App\Models\Engine->getBillToSynch()
 3 SYSTEMPATH/CodeIgniter.php(896): App\Controllers\Api->postbillpayment()
 4 SYSTEMPATH/CodeIgniter.php(466): CodeIgniter\CodeIgniter->runController()
 5 SYSTEMPATH/CodeIgniter.php(349): CodeIgniter\CodeIgniter->handleRequest()
 6 FCPATH/index.php(57): CodeIgniter\CodeIgniter->run()
CRITICAL - 2024-07-29 20:17:01 --> Undefined variable $payArray
in APPPATH/Models/Engine.php on line 2230.
 1 APPPATH/Models/Engine.php(2230): CodeIgniter\Debug\Exceptions->errorHandler()
 2 APPPATH/Controllers/Api.php(147): App\Models\Engine->getBillToSynch()
 3 SYSTEMPATH/CodeIgniter.php(896): App\Controllers\Api->postbillpayment()
 4 SYSTEMPATH/CodeIgniter.php(466): CodeIgniter\CodeIgniter->runController()
 5 SYSTEMPATH/CodeIgniter.php(349): CodeIgniter\CodeIgniter->handleRequest()
 6 FCPATH/index.php(57): CodeIgniter\CodeIgniter->run()
CRITICAL - 2024-07-29 20:18:01 --> Undefined variable $payArray
in APPPATH/Models/Engine.php on line 2230.
 1 APPPATH/Models/Engine.php(2230): CodeIgniter\Debug\Exceptions->errorHandler()
 2 APPPATH/Controllers/Api.php(147): App\Models\Engine->getBillToSynch()
 3 SYSTEMPATH/CodeIgniter.php(896): App\Controllers\Api->postbillpayment()
 4 SYSTEMPATH/CodeIgniter.php(466): CodeIgniter\CodeIgniter->runController()
 5 SYSTEMPATH/CodeIgniter.php(349): CodeIgniter\CodeIgniter->handleRequest()
 6 FCPATH/index.php(57): CodeIgniter\CodeIgniter->run()
CRITICAL - 2024-07-29 20:19:01 --> Undefined variable $payArray
in APPPATH/Models/Engine.php on line 2230.
 1 APPPATH/Models/Engine.php(2230): CodeIgniter\Debug\Exceptions->errorHandler()
 2 APPPATH/Controllers/Api.php(147): App\Models\Engine->getBillToSynch()
 3 SYSTEMPATH/CodeIgniter.php(896): App\Controllers\Api->postbillpayment()
 4 SYSTEMPATH/CodeIgniter.php(466): CodeIgniter\CodeIgniter->runController()
 5 SYSTEMPATH/CodeIgniter.php(349): CodeIgniter\CodeIgniter->handleRequest()
 6 FCPATH/index.php(57): CodeIgniter\CodeIgniter->run()
CRITICAL - 2024-07-29 20:20:01 --> Undefined variable $payArray
in APPPATH/Models/Engine.php on line 2230.
 1 APPPATH/Models/Engine.php(2230): CodeIgniter\Debug\Exceptions->errorHandler()
 2 APPPATH/Controllers/Api.php(147): App\Models\Engine->getBillToSynch()
 3 SYSTEMPATH/CodeIgniter.php(896): App\Controllers\Api->postbillpayment()
 4 SYSTEMPATH/CodeIgniter.php(466): CodeIgniter\CodeIgniter->runController()
 5 SYSTEMPATH/CodeIgniter.php(349): CodeIgniter\CodeIgniter->handleRequest()
 6 FCPATH/index.php(57): CodeIgniter\CodeIgniter->run()
CRITICAL - 2024-07-29 20:21:02 --> Undefined variable $payArray
in APPPATH/Models/Engine.php on line 2230.
 1 APPPATH/Models/Engine.php(2230): CodeIgniter\Debug\Exceptions->errorHandler()
 2 APPPATH/Controllers/Api.php(147): App\Models\Engine->getBillToSynch()
 3 SYSTEMPATH/CodeIgniter.php(896): App\Controllers\Api->postbillpayment()
 4 SYSTEMPATH/CodeIgniter.php(466): CodeIgniter\CodeIgniter->runController()
 5 SYSTEMPATH/CodeIgniter.php(349): CodeIgniter\CodeIgniter->handleRequest()
 6 FCPATH/index.php(57): CodeIgniter\CodeIgniter->run()
CRITICAL - 2024-07-29 20:22:02 --> Undefined variable $payArray
in APPPATH/Models/Engine.php on line 2230.
 1 APPPATH/Models/Engine.php(2230): CodeIgniter\Debug\Exceptions->errorHandler()
 2 APPPATH/Controllers/Api.php(147): App\Models\Engine->getBillToSynch()
 3 SYSTEMPATH/CodeIgniter.php(896): App\Controllers\Api->postbillpayment()
 4 SYSTEMPATH/CodeIgniter.php(466): CodeIgniter\CodeIgniter->runController()
 5 SYSTEMPATH/CodeIgniter.php(349): CodeIgniter\CodeIgniter->handleRequest()
 6 FCPATH/index.php(57): CodeIgniter\CodeIgniter->run()
CRITICAL - 2024-07-29 20:23:02 --> Undefined variable $payArray
in APPPATH/Models/Engine.php on line 2230.
 1 APPPATH/Models/Engine.php(2230): CodeIgniter\Debug\Exceptions->errorHandler()
 2 APPPATH/Controllers/Api.php(147): App\Models\Engine->getBillToSynch()
 3 SYSTEMPATH/CodeIgniter.php(896): App\Controllers\Api->postbillpayment()
 4 SYSTEMPATH/CodeIgniter.php(466): CodeIgniter\CodeIgniter->runController()
 5 SYSTEMPATH/CodeIgniter.php(349): CodeIgniter\CodeIgniter->handleRequest()
 6 FCPATH/index.php(57): CodeIgniter\CodeIgniter->run()
CRITICAL - 2024-07-29 20:24:02 --> Undefined variable $payArray
in APPPATH/Models/Engine.php on line 2230.
 1 APPPATH/Models/Engine.php(2230): CodeIgniter\Debug\Exceptions->errorHandler()
 2 APPPATH/Controllers/Api.php(147): App\Models\Engine->getBillToSynch()
 3 SYSTEMPATH/CodeIgniter.php(896): App\Controllers\Api->postbillpayment()
 4 SYSTEMPATH/CodeIgniter.php(466): CodeIgniter\CodeIgniter->runController()
 5 SYSTEMPATH/CodeIgniter.php(349): CodeIgniter\CodeIgniter->handleRequest()
 6 FCPATH/index.php(57): CodeIgniter\CodeIgniter->run()
CRITICAL - 2024-07-29 20:25:02 --> Undefined variable $payArray
in APPPATH/Models/Engine.php on line 2230.
 1 APPPATH/Models/Engine.php(2230): CodeIgniter\Debug\Exceptions->errorHandler()
 2 APPPATH/Controllers/Api.php(147): App\Models\Engine->getBillToSynch()
 3 SYSTEMPATH/CodeIgniter.php(896): App\Controllers\Api->postbillpayment()
 4 SYSTEMPATH/CodeIgniter.php(466): CodeIgniter\CodeIgniter->runController()
 5 SYSTEMPATH/CodeIgniter.php(349): CodeIgniter\CodeIgniter->handleRequest()
 6 FCPATH/index.php(57): CodeIgniter\CodeIgniter->run()
CRITICAL - 2024-07-29 20:26:02 --> Undefined variable $payArray
in APPPATH/Models/Engine.php on line 2230.
 1 APPPATH/Models/Engine.php(2230): CodeIgniter\Debug\Exceptions->errorHandler()
 2 APPPATH/Controllers/Api.php(147): App\Models\Engine->getBillToSynch()
 3 SYSTEMPATH/CodeIgniter.php(896): App\Controllers\Api->postbillpayment()
 4 SYSTEMPATH/CodeIgniter.php(466): CodeIgniter\CodeIgniter->runController()
 5 SYSTEMPATH/CodeIgniter.php(349): CodeIgniter\CodeIgniter->handleRequest()
 6 FCPATH/index.php(57): CodeIgniter\CodeIgniter->run()
CRITICAL - 2024-07-29 20:27:01 --> Undefined variable $payArray
in APPPATH/Models/Engine.php on line 2230.
 1 APPPATH/Models/Engine.php(2230): CodeIgniter\Debug\Exceptions->errorHandler()
 2 APPPATH/Controllers/Api.php(147): App\Models\Engine->getBillToSynch()
 3 SYSTEMPATH/CodeIgniter.php(896): App\Controllers\Api->postbillpayment()
 4 SYSTEMPATH/CodeIgniter.php(466): CodeIgniter\CodeIgniter->runController()
 5 SYSTEMPATH/CodeIgniter.php(349): CodeIgniter\CodeIgniter->handleRequest()
 6 FCPATH/index.php(57): CodeIgniter\CodeIgniter->run()
CRITICAL - 2024-07-29 20:28:01 --> Undefined variable $payArray
in APPPATH/Models/Engine.php on line 2230.
 1 APPPATH/Models/Engine.php(2230): CodeIgniter\Debug\Exceptions->errorHandler()
 2 APPPATH/Controllers/Api.php(147): App\Models\Engine->getBillToSynch()
 3 SYSTEMPATH/CodeIgniter.php(896): App\Controllers\Api->postbillpayment()
 4 SYSTEMPATH/CodeIgniter.php(466): CodeIgniter\CodeIgniter->runController()
 5 SYSTEMPATH/CodeIgniter.php(349): CodeIgniter\CodeIgniter->handleRequest()
 6 FCPATH/index.php(57): CodeIgniter\CodeIgniter->run()
CRITICAL - 2024-07-29 20:29:01 --> Undefined variable $payArray
in APPPATH/Models/Engine.php on line 2230.
 1 APPPATH/Models/Engine.php(2230): CodeIgniter\Debug\Exceptions->errorHandler()
 2 APPPATH/Controllers/Api.php(147): App\Models\Engine->getBillToSynch()
 3 SYSTEMPATH/CodeIgniter.php(896): App\Controllers\Api->postbillpayment()
 4 SYSTEMPATH/CodeIgniter.php(466): CodeIgniter\CodeIgniter->runController()
 5 SYSTEMPATH/CodeIgniter.php(349): CodeIgniter\CodeIgniter->handleRequest()
 6 FCPATH/index.php(57): CodeIgniter\CodeIgniter->run()
CRITICAL - 2024-07-29 20:30:01 --> Undefined variable $payArray
in APPPATH/Models/Engine.php on line 2230.
 1 APPPATH/Models/Engine.php(2230): CodeIgniter\Debug\Exceptions->errorHandler()
 2 APPPATH/Controllers/Api.php(147): App\Models\Engine->getBillToSynch()
 3 SYSTEMPATH/CodeIgniter.php(896): App\Controllers\Api->postbillpayment()
 4 SYSTEMPATH/CodeIgniter.php(466): CodeIgniter\CodeIgniter->runController()
 5 SYSTEMPATH/CodeIgniter.php(349): CodeIgniter\CodeIgniter->handleRequest()
 6 FCPATH/index.php(57): CodeIgniter\CodeIgniter->run()
CRITICAL - 2024-07-29 20:31:01 --> Undefined variable $payArray
in APPPATH/Models/Engine.php on line 2230.
 1 APPPATH/Models/Engine.php(2230): CodeIgniter\Debug\Exceptions->errorHandler()
 2 APPPATH/Controllers/Api.php(147): App\Models\Engine->getBillToSynch()
 3 SYSTEMPATH/CodeIgniter.php(896): App\Controllers\Api->postbillpayment()
 4 SYSTEMPATH/CodeIgniter.php(466): CodeIgniter\CodeIgniter->runController()
 5 SYSTEMPATH/CodeIgniter.php(349): CodeIgniter\CodeIgniter->handleRequest()
 6 FCPATH/index.php(57): CodeIgniter\CodeIgniter->run()
CRITICAL - 2024-07-29 20:32:01 --> Undefined variable $payArray
in APPPATH/Models/Engine.php on line 2230.
 1 APPPATH/Models/Engine.php(2230): CodeIgniter\Debug\Exceptions->errorHandler()
 2 APPPATH/Controllers/Api.php(147): App\Models\Engine->getBillToSynch()
 3 SYSTEMPATH/CodeIgniter.php(896): App\Controllers\Api->postbillpayment()
 4 SYSTEMPATH/CodeIgniter.php(466): CodeIgniter\CodeIgniter->runController()
 5 SYSTEMPATH/CodeIgniter.php(349): CodeIgniter\CodeIgniter->handleRequest()
 6 FCPATH/index.php(57): CodeIgniter\CodeIgniter->run()
CRITICAL - 2024-07-29 20:33:01 --> Undefined variable $payArray
in APPPATH/Models/Engine.php on line 2230.
 1 APPPATH/Models/Engine.php(2230): CodeIgniter\Debug\Exceptions->errorHandler()
 2 APPPATH/Controllers/Api.php(147): App\Models\Engine->getBillToSynch()
 3 SYSTEMPATH/CodeIgniter.php(896): App\Controllers\Api->postbillpayment()
 4 SYSTEMPATH/CodeIgniter.php(466): CodeIgniter\CodeIgniter->runController()
 5 SYSTEMPATH/CodeIgniter.php(349): CodeIgniter\CodeIgniter->handleRequest()
 6 FCPATH/index.php(57): CodeIgniter\CodeIgniter->run()
CRITICAL - 2024-07-29 20:34:01 --> Undefined variable $payArray
in APPPATH/Models/Engine.php on line 2230.
 1 APPPATH/Models/Engine.php(2230): CodeIgniter\Debug\Exceptions->errorHandler()
 2 APPPATH/Controllers/Api.php(147): App\Models\Engine->getBillToSynch()
 3 SYSTEMPATH/CodeIgniter.php(896): App\Controllers\Api->postbillpayment()
 4 SYSTEMPATH/CodeIgniter.php(466): CodeIgniter\CodeIgniter->runController()
 5 SYSTEMPATH/CodeIgniter.php(349): CodeIgniter\CodeIgniter->handleRequest()
 6 FCPATH/index.php(57): CodeIgniter\CodeIgniter->run()
CRITICAL - 2024-07-29 20:35:01 --> Undefined variable $payArray
in APPPATH/Models/Engine.php on line 2230.
 1 APPPATH/Models/Engine.php(2230): CodeIgniter\Debug\Exceptions->errorHandler()
 2 APPPATH/Controllers/Api.php(147): App\Models\Engine->getBillToSynch()
 3 SYSTEMPATH/CodeIgniter.php(896): App\Controllers\Api->postbillpayment()
 4 SYSTEMPATH/CodeIgniter.php(466): CodeIgniter\CodeIgniter->runController()
 5 SYSTEMPATH/CodeIgniter.php(349): CodeIgniter\CodeIgniter->handleRequest()
 6 FCPATH/index.php(57): CodeIgniter\CodeIgniter->run()
CRITICAL - 2024-07-29 20:36:01 --> Undefined variable $payArray
in APPPATH/Models/Engine.php on line 2230.
 1 APPPATH/Models/Engine.php(2230): CodeIgniter\Debug\Exceptions->errorHandler()
 2 APPPATH/Controllers/Api.php(147): App\Models\Engine->getBillToSynch()
 3 SYSTEMPATH/CodeIgniter.php(896): App\Controllers\Api->postbillpayment()
 4 SYSTEMPATH/CodeIgniter.php(466): CodeIgniter\CodeIgniter->runController()
 5 SYSTEMPATH/CodeIgniter.php(349): CodeIgniter\CodeIgniter->handleRequest()
 6 FCPATH/index.php(57): CodeIgniter\CodeIgniter->run()
CRITICAL - 2024-07-29 20:37:01 --> Undefined variable $payArray
in APPPATH/Models/Engine.php on line 2230.
 1 APPPATH/Models/Engine.php(2230): CodeIgniter\Debug\Exceptions->errorHandler()
 2 APPPATH/Controllers/Api.php(147): App\Models\Engine->getBillToSynch()
 3 SYSTEMPATH/CodeIgniter.php(896): App\Controllers\Api->postbillpayment()
 4 SYSTEMPATH/CodeIgniter.php(466): CodeIgniter\CodeIgniter->runController()
 5 SYSTEMPATH/CodeIgniter.php(349): CodeIgniter\CodeIgniter->handleRequest()
 6 FCPATH/index.php(57): CodeIgniter\CodeIgniter->run()
CRITICAL - 2024-07-29 20:38:02 --> Undefined variable $payArray
in APPPATH/Models/Engine.php on line 2230.
 1 APPPATH/Models/Engine.php(2230): CodeIgniter\Debug\Exceptions->errorHandler()
 2 APPPATH/Controllers/Api.php(147): App\Models\Engine->getBillToSynch()
 3 SYSTEMPATH/CodeIgniter.php(896): App\Controllers\Api->postbillpayment()
 4 SYSTEMPATH/CodeIgniter.php(466): CodeIgniter\CodeIgniter->runController()
 5 SYSTEMPATH/CodeIgniter.php(349): CodeIgniter\CodeIgniter->handleRequest()
 6 FCPATH/index.php(57): CodeIgniter\CodeIgniter->run()
CRITICAL - 2024-07-29 20:39:02 --> Undefined variable $payArray
in APPPATH/Models/Engine.php on line 2230.
 1 APPPATH/Models/Engine.php(2230): CodeIgniter\Debug\Exceptions->errorHandler()
 2 APPPATH/Controllers/Api.php(147): App\Models\Engine->getBillToSynch()
 3 SYSTEMPATH/CodeIgniter.php(896): App\Controllers\Api->postbillpayment()
 4 SYSTEMPATH/CodeIgniter.php(466): CodeIgniter\CodeIgniter->runController()
 5 SYSTEMPATH/CodeIgniter.php(349): CodeIgniter\CodeIgniter->handleRequest()
 6 FCPATH/index.php(57): CodeIgniter\CodeIgniter->run()
CRITICAL - 2024-07-29 20:40:02 --> Undefined variable $payArray
in APPPATH/Models/Engine.php on line 2230.
 1 APPPATH/Models/Engine.php(2230): CodeIgniter\Debug\Exceptions->errorHandler()
 2 APPPATH/Controllers/Api.php(147): App\Models\Engine->getBillToSynch()
 3 SYSTEMPATH/CodeIgniter.php(896): App\Controllers\Api->postbillpayment()
 4 SYSTEMPATH/CodeIgniter.php(466): CodeIgniter\CodeIgniter->runController()
 5 SYSTEMPATH/CodeIgniter.php(349): CodeIgniter\CodeIgniter->handleRequest()
 6 FCPATH/index.php(57): CodeIgniter\CodeIgniter->run()
CRITICAL - 2024-07-29 20:41:02 --> Undefined variable $payArray
in APPPATH/Models/Engine.php on line 2230.
 1 APPPATH/Models/Engine.php(2230): CodeIgniter\Debug\Exceptions->errorHandler()
 2 APPPATH/Controllers/Api.php(147): App\Models\Engine->getBillToSynch()
 3 SYSTEMPATH/CodeIgniter.php(896): App\Controllers\Api->postbillpayment()
 4 SYSTEMPATH/CodeIgniter.php(466): CodeIgniter\CodeIgniter->runController()
 5 SYSTEMPATH/CodeIgniter.php(349): CodeIgniter\CodeIgniter->handleRequest()
 6 FCPATH/index.php(57): CodeIgniter\CodeIgniter->run()
CRITICAL - 2024-07-29 20:42:02 --> Undefined variable $payArray
in APPPATH/Models/Engine.php on line 2230.
 1 APPPATH/Models/Engine.php(2230): CodeIgniter\Debug\Exceptions->errorHandler()
 2 APPPATH/Controllers/Api.php(147): App\Models\Engine->getBillToSynch()
 3 SYSTEMPATH/CodeIgniter.php(896): App\Controllers\Api->postbillpayment()
 4 SYSTEMPATH/CodeIgniter.php(466): CodeIgniter\CodeIgniter->runController()
 5 SYSTEMPATH/CodeIgniter.php(349): CodeIgniter\CodeIgniter->handleRequest()
 6 FCPATH/index.php(57): CodeIgniter\CodeIgniter->run()
CRITICAL - 2024-07-29 20:43:02 --> Undefined variable $payArray
in APPPATH/Models/Engine.php on line 2230.
 1 APPPATH/Models/Engine.php(2230): CodeIgniter\Debug\Exceptions->errorHandler()
 2 APPPATH/Controllers/Api.php(147): App\Models\Engine->getBillToSynch()
 3 SYSTEMPATH/CodeIgniter.php(896): App\Controllers\Api->postbillpayment()
 4 SYSTEMPATH/CodeIgniter.php(466): CodeIgniter\CodeIgniter->runController()
 5 SYSTEMPATH/CodeIgniter.php(349): CodeIgniter\CodeIgniter->handleRequest()
 6 FCPATH/index.php(57): CodeIgniter\CodeIgniter->run()
CRITICAL - 2024-07-29 20:44:01 --> Undefined variable $payArray
in APPPATH/Models/Engine.php on line 2230.
 1 APPPATH/Models/Engine.php(2230): CodeIgniter\Debug\Exceptions->errorHandler()
 2 APPPATH/Controllers/Api.php(147): App\Models\Engine->getBillToSynch()
 3 SYSTEMPATH/CodeIgniter.php(896): App\Controllers\Api->postbillpayment()
 4 SYSTEMPATH/CodeIgniter.php(466): CodeIgniter\CodeIgniter->runController()
 5 SYSTEMPATH/CodeIgniter.php(349): CodeIgniter\CodeIgniter->handleRequest()
 6 FCPATH/index.php(57): CodeIgniter\CodeIgniter->run()
CRITICAL - 2024-07-29 20:45:01 --> Undefined variable $payArray
in APPPATH/Models/Engine.php on line 2230.
 1 APPPATH/Models/Engine.php(2230): CodeIgniter\Debug\Exceptions->errorHandler()
 2 APPPATH/Controllers/Api.php(147): App\Models\Engine->getBillToSynch()
 3 SYSTEMPATH/CodeIgniter.php(896): App\Controllers\Api->postbillpayment()
 4 SYSTEMPATH/CodeIgniter.php(466): CodeIgniter\CodeIgniter->runController()
 5 SYSTEMPATH/CodeIgniter.php(349): CodeIgniter\CodeIgniter->handleRequest()
 6 FCPATH/index.php(57): CodeIgniter\CodeIgniter->run()
CRITICAL - 2024-07-29 20:46:01 --> Undefined variable $payArray
in APPPATH/Models/Engine.php on line 2230.
 1 APPPATH/Models/Engine.php(2230): CodeIgniter\Debug\Exceptions->errorHandler()
 2 APPPATH/Controllers/Api.php(147): App\Models\Engine->getBillToSynch()
 3 SYSTEMPATH/CodeIgniter.php(896): App\Controllers\Api->postbillpayment()
 4 SYSTEMPATH/CodeIgniter.php(466): CodeIgniter\CodeIgniter->runController()
 5 SYSTEMPATH/CodeIgniter.php(349): CodeIgniter\CodeIgniter->handleRequest()
 6 FCPATH/index.php(57): CodeIgniter\CodeIgniter->run()
CRITICAL - 2024-07-29 20:47:01 --> Undefined variable $payArray
in APPPATH/Models/Engine.php on line 2230.
 1 APPPATH/Models/Engine.php(2230): CodeIgniter\Debug\Exceptions->errorHandler()
 2 APPPATH/Controllers/Api.php(147): App\Models\Engine->getBillToSynch()
 3 SYSTEMPATH/CodeIgniter.php(896): App\Controllers\Api->postbillpayment()
 4 SYSTEMPATH/CodeIgniter.php(466): CodeIgniter\CodeIgniter->runController()
 5 SYSTEMPATH/CodeIgniter.php(349): CodeIgniter\CodeIgniter->handleRequest()
 6 FCPATH/index.php(57): CodeIgniter\CodeIgniter->run()
CRITICAL - 2024-07-29 20:48:01 --> Undefined variable $payArray
in APPPATH/Models/Engine.php on line 2230.
 1 APPPATH/Models/Engine.php(2230): CodeIgniter\Debug\Exceptions->errorHandler()
 2 APPPATH/Controllers/Api.php(147): App\Models\Engine->getBillToSynch()
 3 SYSTEMPATH/CodeIgniter.php(896): App\Controllers\Api->postbillpayment()
 4 SYSTEMPATH/CodeIgniter.php(466): CodeIgniter\CodeIgniter->runController()
 5 SYSTEMPATH/CodeIgniter.php(349): CodeIgniter\CodeIgniter->handleRequest()
 6 FCPATH/index.php(57): CodeIgniter\CodeIgniter->run()
CRITICAL - 2024-07-29 20:49:01 --> Undefined variable $payArray
in APPPATH/Models/Engine.php on line 2230.
 1 APPPATH/Models/Engine.php(2230): CodeIgniter\Debug\Exceptions->errorHandler()
 2 APPPATH/Controllers/Api.php(147): App\Models\Engine->getBillToSynch()
 3 SYSTEMPATH/CodeIgniter.php(896): App\Controllers\Api->postbillpayment()
 4 SYSTEMPATH/CodeIgniter.php(466): CodeIgniter\CodeIgniter->runController()
 5 SYSTEMPATH/CodeIgniter.php(349): CodeIgniter\CodeIgniter->handleRequest()
 6 FCPATH/index.php(57): CodeIgniter\CodeIgniter->run()
CRITICAL - 2024-07-29 20:50:01 --> Undefined variable $payArray
in APPPATH/Models/Engine.php on line 2230.
 1 APPPATH/Models/Engine.php(2230): CodeIgniter\Debug\Exceptions->errorHandler()
 2 APPPATH/Controllers/Api.php(147): App\Models\Engine->getBillToSynch()
 3 SYSTEMPATH/CodeIgniter.php(896): App\Controllers\Api->postbillpayment()
 4 SYSTEMPATH/CodeIgniter.php(466): CodeIgniter\CodeIgniter->runController()
 5 SYSTEMPATH/CodeIgniter.php(349): CodeIgniter\CodeIgniter->handleRequest()
 6 FCPATH/index.php(57): CodeIgniter\CodeIgniter->run()
CRITICAL - 2024-07-29 20:51:01 --> Undefined variable $payArray
in APPPATH/Models/Engine.php on line 2230.
 1 APPPATH/Models/Engine.php(2230): CodeIgniter\Debug\Exceptions->errorHandler()
 2 APPPATH/Controllers/Api.php(147): App\Models\Engine->getBillToSynch()
 3 SYSTEMPATH/CodeIgniter.php(896): App\Controllers\Api->postbillpayment()
 4 SYSTEMPATH/CodeIgniter.php(466): CodeIgniter\CodeIgniter->runController()
 5 SYSTEMPATH/CodeIgniter.php(349): CodeIgniter\CodeIgniter->handleRequest()
 6 FCPATH/index.php(57): CodeIgniter\CodeIgniter->run()
CRITICAL - 2024-07-29 20:52:01 --> Undefined variable $payArray
in APPPATH/Models/Engine.php on line 2230.
 1 APPPATH/Models/Engine.php(2230): CodeIgniter\Debug\Exceptions->errorHandler()
 2 APPPATH/Controllers/Api.php(147): App\Models\Engine->getBillToSynch()
 3 SYSTEMPATH/CodeIgniter.php(896): App\Controllers\Api->postbillpayment()
 4 SYSTEMPATH/CodeIgniter.php(466): CodeIgniter\CodeIgniter->runController()
 5 SYSTEMPATH/CodeIgniter.php(349): CodeIgniter\CodeIgniter->handleRequest()
 6 FCPATH/index.php(57): CodeIgniter\CodeIgniter->run()
CRITICAL - 2024-07-29 20:53:01 --> Undefined variable $payArray
in APPPATH/Models/Engine.php on line 2230.
 1 APPPATH/Models/Engine.php(2230): CodeIgniter\Debug\Exceptions->errorHandler()
 2 APPPATH/Controllers/Api.php(147): App\Models\Engine->getBillToSynch()
 3 SYSTEMPATH/CodeIgniter.php(896): App\Controllers\Api->postbillpayment()
 4 SYSTEMPATH/CodeIgniter.php(466): CodeIgniter\CodeIgniter->runController()
 5 SYSTEMPATH/CodeIgniter.php(349): CodeIgniter\CodeIgniter->handleRequest()
 6 FCPATH/index.php(57): CodeIgniter\CodeIgniter->run()
CRITICAL - 2024-07-29 20:54:01 --> Undefined variable $payArray
in APPPATH/Models/Engine.php on line 2230.
 1 APPPATH/Models/Engine.php(2230): CodeIgniter\Debug\Exceptions->errorHandler()
 2 APPPATH/Controllers/Api.php(147): App\Models\Engine->getBillToSynch()
 3 SYSTEMPATH/CodeIgniter.php(896): App\Controllers\Api->postbillpayment()
 4 SYSTEMPATH/CodeIgniter.php(466): CodeIgniter\CodeIgniter->runController()
 5 SYSTEMPATH/CodeIgniter.php(349): CodeIgniter\CodeIgniter->handleRequest()
 6 FCPATH/index.php(57): CodeIgniter\CodeIgniter->run()
CRITICAL - 2024-07-29 20:55:02 --> Undefined variable $payArray
in APPPATH/Models/Engine.php on line 2230.
 1 APPPATH/Models/Engine.php(2230): CodeIgniter\Debug\Exceptions->errorHandler()
 2 APPPATH/Controllers/Api.php(147): App\Models\Engine->getBillToSynch()
 3 SYSTEMPATH/CodeIgniter.php(896): App\Controllers\Api->postbillpayment()
 4 SYSTEMPATH/CodeIgniter.php(466): CodeIgniter\CodeIgniter->runController()
 5 SYSTEMPATH/CodeIgniter.php(349): CodeIgniter\CodeIgniter->handleRequest()
 6 FCPATH/index.php(57): CodeIgniter\CodeIgniter->run()
CRITICAL - 2024-07-29 20:56:02 --> Undefined variable $payArray
in APPPATH/Models/Engine.php on line 2230.
 1 APPPATH/Models/Engine.php(2230): CodeIgniter\Debug\Exceptions->errorHandler()
 2 APPPATH/Controllers/Api.php(147): App\Models\Engine->getBillToSynch()
 3 SYSTEMPATH/CodeIgniter.php(896): App\Controllers\Api->postbillpayment()
 4 SYSTEMPATH/CodeIgniter.php(466): CodeIgniter\CodeIgniter->runController()
 5 SYSTEMPATH/CodeIgniter.php(349): CodeIgniter\CodeIgniter->handleRequest()
 6 FCPATH/index.php(57): CodeIgniter\CodeIgniter->run()
CRITICAL - 2024-07-29 20:57:02 --> Undefined variable $payArray
in APPPATH/Models/Engine.php on line 2230.
 1 APPPATH/Models/Engine.php(2230): CodeIgniter\Debug\Exceptions->errorHandler()
 2 APPPATH/Controllers/Api.php(147): App\Models\Engine->getBillToSynch()
 3 SYSTEMPATH/CodeIgniter.php(896): App\Controllers\Api->postbillpayment()
 4 SYSTEMPATH/CodeIgniter.php(466): CodeIgniter\CodeIgniter->runController()
 5 SYSTEMPATH/CodeIgniter.php(349): CodeIgniter\CodeIgniter->handleRequest()
 6 FCPATH/index.php(57): CodeIgniter\CodeIgniter->run()
CRITICAL - 2024-07-29 20:58:02 --> Undefined variable $payArray
in APPPATH/Models/Engine.php on line 2230.
 1 APPPATH/Models/Engine.php(2230): CodeIgniter\Debug\Exceptions->errorHandler()
 2 APPPATH/Controllers/Api.php(147): App\Models\Engine->getBillToSynch()
 3 SYSTEMPATH/CodeIgniter.php(896): App\Controllers\Api->postbillpayment()
 4 SYSTEMPATH/CodeIgniter.php(466): CodeIgniter\CodeIgniter->runController()
 5 SYSTEMPATH/CodeIgniter.php(349): CodeIgniter\CodeIgniter->handleRequest()
 6 FCPATH/index.php(57): CodeIgniter\CodeIgniter->run()
CRITICAL - 2024-07-29 20:59:02 --> Undefined variable $payArray
in APPPATH/Models/Engine.php on line 2230.
 1 APPPATH/Models/Engine.php(2230): CodeIgniter\Debug\Exceptions->errorHandler()
 2 APPPATH/Controllers/Api.php(147): App\Models\Engine->getBillToSynch()
 3 SYSTEMPATH/CodeIgniter.php(896): App\Controllers\Api->postbillpayment()
 4 SYSTEMPATH/CodeIgniter.php(466): CodeIgniter\CodeIgniter->runController()
 5 SYSTEMPATH/CodeIgniter.php(349): CodeIgniter\CodeIgniter->handleRequest()
 6 FCPATH/index.php(57): CodeIgniter\CodeIgniter->run()
CRITICAL - 2024-07-29 21:00:02 --> Undefined variable $payArray
in APPPATH/Models/Engine.php on line 2230.
 1 APPPATH/Models/Engine.php(2230): CodeIgniter\Debug\Exceptions->errorHandler()
 2 APPPATH/Controllers/Api.php(147): App\Models\Engine->getBillToSynch()
 3 SYSTEMPATH/CodeIgniter.php(896): App\Controllers\Api->postbillpayment()
 4 SYSTEMPATH/CodeIgniter.php(466): CodeIgniter\CodeIgniter->runController()
 5 SYSTEMPATH/CodeIgniter.php(349): CodeIgniter\CodeIgniter->handleRequest()
 6 FCPATH/index.php(57): CodeIgniter\CodeIgniter->run()
CRITICAL - 2024-07-29 21:01:02 --> Undefined variable $payArray
in APPPATH/Models/Engine.php on line 2230.
 1 APPPATH/Models/Engine.php(2230): CodeIgniter\Debug\Exceptions->errorHandler()
 2 APPPATH/Controllers/Api.php(147): App\Models\Engine->getBillToSynch()
 3 SYSTEMPATH/CodeIgniter.php(896): App\Controllers\Api->postbillpayment()
 4 SYSTEMPATH/CodeIgniter.php(466): CodeIgniter\CodeIgniter->runController()
 5 SYSTEMPATH/CodeIgniter.php(349): CodeIgniter\CodeIgniter->handleRequest()
 6 FCPATH/index.php(57): CodeIgniter\CodeIgniter->run()
CRITICAL - 2024-07-29 21:02:01 --> Undefined variable $payArray
in APPPATH/Models/Engine.php on line 2230.
 1 APPPATH/Models/Engine.php(2230): CodeIgniter\Debug\Exceptions->errorHandler()
 2 APPPATH/Controllers/Api.php(147): App\Models\Engine->getBillToSynch()
 3 SYSTEMPATH/CodeIgniter.php(896): App\Controllers\Api->postbillpayment()
 4 SYSTEMPATH/CodeIgniter.php(466): CodeIgniter\CodeIgniter->runController()
 5 SYSTEMPATH/CodeIgniter.php(349): CodeIgniter\CodeIgniter->handleRequest()
 6 FCPATH/index.php(57): CodeIgniter\CodeIgniter->run()
CRITICAL - 2024-07-29 21:03:01 --> Undefined variable $payArray
in APPPATH/Models/Engine.php on line 2230.
 1 APPPATH/Models/Engine.php(2230): CodeIgniter\Debug\Exceptions->errorHandler()
 2 APPPATH/Controllers/Api.php(147): App\Models\Engine->getBillToSynch()
 3 SYSTEMPATH/CodeIgniter.php(896): App\Controllers\Api->postbillpayment()
 4 SYSTEMPATH/CodeIgniter.php(466): CodeIgniter\CodeIgniter->runController()
 5 SYSTEMPATH/CodeIgniter.php(349): CodeIgniter\CodeIgniter->handleRequest()
 6 FCPATH/index.php(57): CodeIgniter\CodeIgniter->run()
CRITICAL - 2024-07-29 21:04:01 --> Undefined variable $payArray
in APPPATH/Models/Engine.php on line 2230.
 1 APPPATH/Models/Engine.php(2230): CodeIgniter\Debug\Exceptions->errorHandler()
 2 APPPATH/Controllers/Api.php(147): App\Models\Engine->getBillToSynch()
 3 SYSTEMPATH/CodeIgniter.php(896): App\Controllers\Api->postbillpayment()
 4 SYSTEMPATH/CodeIgniter.php(466): CodeIgniter\CodeIgniter->runController()
 5 SYSTEMPATH/CodeIgniter.php(349): CodeIgniter\CodeIgniter->handleRequest()
 6 FCPATH/index.php(57): CodeIgniter\CodeIgniter->run()
CRITICAL - 2024-07-29 21:05:01 --> Undefined variable $payArray
in APPPATH/Models/Engine.php on line 2230.
 1 APPPATH/Models/Engine.php(2230): CodeIgniter\Debug\Exceptions->errorHandler()
 2 APPPATH/Controllers/Api.php(147): App\Models\Engine->getBillToSynch()
 3 SYSTEMPATH/CodeIgniter.php(896): App\Controllers\Api->postbillpayment()
 4 SYSTEMPATH/CodeIgniter.php(466): CodeIgniter\CodeIgniter->runController()
 5 SYSTEMPATH/CodeIgniter.php(349): CodeIgniter\CodeIgniter->handleRequest()
 6 FCPATH/index.php(57): CodeIgniter\CodeIgniter->run()
CRITICAL - 2024-07-29 21:06:01 --> Undefined variable $payArray
in APPPATH/Models/Engine.php on line 2230.
 1 APPPATH/Models/Engine.php(2230): CodeIgniter\Debug\Exceptions->errorHandler()
 2 APPPATH/Controllers/Api.php(147): App\Models\Engine->getBillToSynch()
 3 SYSTEMPATH/CodeIgniter.php(896): App\Controllers\Api->postbillpayment()
 4 SYSTEMPATH/CodeIgniter.php(466): CodeIgniter\CodeIgniter->runController()
 5 SYSTEMPATH/CodeIgniter.php(349): CodeIgniter\CodeIgniter->handleRequest()
 6 FCPATH/index.php(57): CodeIgniter\CodeIgniter->run()
CRITICAL - 2024-07-29 21:07:01 --> Undefined variable $payArray
in APPPATH/Models/Engine.php on line 2230.
 1 APPPATH/Models/Engine.php(2230): CodeIgniter\Debug\Exceptions->errorHandler()
 2 APPPATH/Controllers/Api.php(147): App\Models\Engine->getBillToSynch()
 3 SYSTEMPATH/CodeIgniter.php(896): App\Controllers\Api->postbillpayment()
 4 SYSTEMPATH/CodeIgniter.php(466): CodeIgniter\CodeIgniter->runController()
 5 SYSTEMPATH/CodeIgniter.php(349): CodeIgniter\CodeIgniter->handleRequest()
 6 FCPATH/index.php(57): CodeIgniter\CodeIgniter->run()
CRITICAL - 2024-07-29 21:08:01 --> Undefined variable $payArray
in APPPATH/Models/Engine.php on line 2230.
 1 APPPATH/Models/Engine.php(2230): CodeIgniter\Debug\Exceptions->errorHandler()
 2 APPPATH/Controllers/Api.php(147): App\Models\Engine->getBillToSynch()
 3 SYSTEMPATH/CodeIgniter.php(896): App\Controllers\Api->postbillpayment()
 4 SYSTEMPATH/CodeIgniter.php(466): CodeIgniter\CodeIgniter->runController()
 5 SYSTEMPATH/CodeIgniter.php(349): CodeIgniter\CodeIgniter->handleRequest()
 6 FCPATH/index.php(57): CodeIgniter\CodeIgniter->run()
CRITICAL - 2024-07-29 21:09:01 --> Undefined variable $payArray
in APPPATH/Models/Engine.php on line 2230.
 1 APPPATH/Models/Engine.php(2230): CodeIgniter\Debug\Exceptions->errorHandler()
 2 APPPATH/Controllers/Api.php(147): App\Models\Engine->getBillToSynch()
 3 SYSTEMPATH/CodeIgniter.php(896): App\Controllers\Api->postbillpayment()
 4 SYSTEMPATH/CodeIgniter.php(466): CodeIgniter\CodeIgniter->runController()
 5 SYSTEMPATH/CodeIgniter.php(349): CodeIgniter\CodeIgniter->handleRequest()
 6 FCPATH/index.php(57): CodeIgniter\CodeIgniter->run()
CRITICAL - 2024-07-29 21:10:01 --> Undefined variable $payArray
in APPPATH/Models/Engine.php on line 2230.
 1 APPPATH/Models/Engine.php(2230): CodeIgniter\Debug\Exceptions->errorHandler()
 2 APPPATH/Controllers/Api.php(147): App\Models\Engine->getBillToSynch()
 3 SYSTEMPATH/CodeIgniter.php(896): App\Controllers\Api->postbillpayment()
 4 SYSTEMPATH/CodeIgniter.php(466): CodeIgniter\CodeIgniter->runController()
 5 SYSTEMPATH/CodeIgniter.php(349): CodeIgniter\CodeIgniter->handleRequest()
 6 FCPATH/index.php(57): CodeIgniter\CodeIgniter->run()
CRITICAL - 2024-07-29 21:11:01 --> Undefined variable $payArray
in APPPATH/Models/Engine.php on line 2230.
 1 APPPATH/Models/Engine.php(2230): CodeIgniter\Debug\Exceptions->errorHandler()
 2 APPPATH/Controllers/Api.php(147): App\Models\Engine->getBillToSynch()
 3 SYSTEMPATH/CodeIgniter.php(896): App\Controllers\Api->postbillpayment()
 4 SYSTEMPATH/CodeIgniter.php(466): CodeIgniter\CodeIgniter->runController()
 5 SYSTEMPATH/CodeIgniter.php(349): CodeIgniter\CodeIgniter->handleRequest()
 6 FCPATH/index.php(57): CodeIgniter\CodeIgniter->run()
CRITICAL - 2024-07-29 21:12:02 --> Undefined variable $payArray
in APPPATH/Models/Engine.php on line 2230.
 1 APPPATH/Models/Engine.php(2230): CodeIgniter\Debug\Exceptions->errorHandler()
 2 APPPATH/Controllers/Api.php(147): App\Models\Engine->getBillToSynch()
 3 SYSTEMPATH/CodeIgniter.php(896): App\Controllers\Api->postbillpayment()
 4 SYSTEMPATH/CodeIgniter.php(466): CodeIgniter\CodeIgniter->runController()
 5 SYSTEMPATH/CodeIgniter.php(349): CodeIgniter\CodeIgniter->handleRequest()
 6 FCPATH/index.php(57): CodeIgniter\CodeIgniter->run()
CRITICAL - 2024-07-29 21:13:02 --> Undefined variable $payArray
in APPPATH/Models/Engine.php on line 2230.
 1 APPPATH/Models/Engine.php(2230): CodeIgniter\Debug\Exceptions->errorHandler()
 2 APPPATH/Controllers/Api.php(147): App\Models\Engine->getBillToSynch()
 3 SYSTEMPATH/CodeIgniter.php(896): App\Controllers\Api->postbillpayment()
 4 SYSTEMPATH/CodeIgniter.php(466): CodeIgniter\CodeIgniter->runController()
 5 SYSTEMPATH/CodeIgniter.php(349): CodeIgniter\CodeIgniter->handleRequest()
 6 FCPATH/index.php(57): CodeIgniter\CodeIgniter->run()
CRITICAL - 2024-07-29 21:14:02 --> Undefined variable $payArray
in APPPATH/Models/Engine.php on line 2230.
 1 APPPATH/Models/Engine.php(2230): CodeIgniter\Debug\Exceptions->errorHandler()
 2 APPPATH/Controllers/Api.php(147): App\Models\Engine->getBillToSynch()
 3 SYSTEMPATH/CodeIgniter.php(896): App\Controllers\Api->postbillpayment()
 4 SYSTEMPATH/CodeIgniter.php(466): CodeIgniter\CodeIgniter->runController()
 5 SYSTEMPATH/CodeIgniter.php(349): CodeIgniter\CodeIgniter->handleRequest()
 6 FCPATH/index.php(57): CodeIgniter\CodeIgniter->run()
CRITICAL - 2024-07-29 21:15:02 --> Undefined variable $payArray
in APPPATH/Models/Engine.php on line 2230.
 1 APPPATH/Models/Engine.php(2230): CodeIgniter\Debug\Exceptions->errorHandler()
 2 APPPATH/Controllers/Api.php(147): App\Models\Engine->getBillToSynch()
 3 SYSTEMPATH/CodeIgniter.php(896): App\Controllers\Api->postbillpayment()
 4 SYSTEMPATH/CodeIgniter.php(466): CodeIgniter\CodeIgniter->runController()
 5 SYSTEMPATH/CodeIgniter.php(349): CodeIgniter\CodeIgniter->handleRequest()
 6 FCPATH/index.php(57): CodeIgniter\CodeIgniter->run()
CRITICAL - 2024-07-29 21:16:02 --> Undefined variable $payArray
in APPPATH/Models/Engine.php on line 2230.
 1 APPPATH/Models/Engine.php(2230): CodeIgniter\Debug\Exceptions->errorHandler()
 2 APPPATH/Controllers/Api.php(147): App\Models\Engine->getBillToSynch()
 3 SYSTEMPATH/CodeIgniter.php(896): App\Controllers\Api->postbillpayment()
 4 SYSTEMPATH/CodeIgniter.php(466): CodeIgniter\CodeIgniter->runController()
 5 SYSTEMPATH/CodeIgniter.php(349): CodeIgniter\CodeIgniter->handleRequest()
 6 FCPATH/index.php(57): CodeIgniter\CodeIgniter->run()
CRITICAL - 2024-07-29 21:17:02 --> Undefined variable $payArray
in APPPATH/Models/Engine.php on line 2230.
 1 APPPATH/Models/Engine.php(2230): CodeIgniter\Debug\Exceptions->errorHandler()
 2 APPPATH/Controllers/Api.php(147): App\Models\Engine->getBillToSynch()
 3 SYSTEMPATH/CodeIgniter.php(896): App\Controllers\Api->postbillpayment()
 4 SYSTEMPATH/CodeIgniter.php(466): CodeIgniter\CodeIgniter->runController()
 5 SYSTEMPATH/CodeIgniter.php(349): CodeIgniter\CodeIgniter->handleRequest()
 6 FCPATH/index.php(57): CodeIgniter\CodeIgniter->run()
CRITICAL - 2024-07-29 21:18:02 --> Undefined variable $payArray
in APPPATH/Models/Engine.php on line 2230.
 1 APPPATH/Models/Engine.php(2230): CodeIgniter\Debug\Exceptions->errorHandler()
 2 APPPATH/Controllers/Api.php(147): App\Models\Engine->getBillToSynch()
 3 SYSTEMPATH/CodeIgniter.php(896): App\Controllers\Api->postbillpayment()
 4 SYSTEMPATH/CodeIgniter.php(466): CodeIgniter\CodeIgniter->runController()
 5 SYSTEMPATH/CodeIgniter.php(349): CodeIgniter\CodeIgniter->handleRequest()
 6 FCPATH/index.php(57): CodeIgniter\CodeIgniter->run()
CRITICAL - 2024-07-29 21:19:01 --> Undefined variable $payArray
in APPPATH/Models/Engine.php on line 2230.
 1 APPPATH/Models/Engine.php(2230): CodeIgniter\Debug\Exceptions->errorHandler()
 2 APPPATH/Controllers/Api.php(147): App\Models\Engine->getBillToSynch()
 3 SYSTEMPATH/CodeIgniter.php(896): App\Controllers\Api->postbillpayment()
 4 SYSTEMPATH/CodeIgniter.php(466): CodeIgniter\CodeIgniter->runController()
 5 SYSTEMPATH/CodeIgniter.php(349): CodeIgniter\CodeIgniter->handleRequest()
 6 FCPATH/index.php(57): CodeIgniter\CodeIgniter->run()
CRITICAL - 2024-07-29 21:20:01 --> Undefined variable $payArray
in APPPATH/Models/Engine.php on line 2230.
 1 APPPATH/Models/Engine.php(2230): CodeIgniter\Debug\Exceptions->errorHandler()
 2 APPPATH/Controllers/Api.php(147): App\Models\Engine->getBillToSynch()
 3 SYSTEMPATH/CodeIgniter.php(896): App\Controllers\Api->postbillpayment()
 4 SYSTEMPATH/CodeIgniter.php(466): CodeIgniter\CodeIgniter->runController()
 5 SYSTEMPATH/CodeIgniter.php(349): CodeIgniter\CodeIgniter->handleRequest()
 6 FCPATH/index.php(57): CodeIgniter\CodeIgniter->run()
CRITICAL - 2024-07-29 21:21:01 --> Undefined variable $payArray
in APPPATH/Models/Engine.php on line 2230.
 1 APPPATH/Models/Engine.php(2230): CodeIgniter\Debug\Exceptions->errorHandler()
 2 APPPATH/Controllers/Api.php(147): App\Models\Engine->getBillToSynch()
 3 SYSTEMPATH/CodeIgniter.php(896): App\Controllers\Api->postbillpayment()
 4 SYSTEMPATH/CodeIgniter.php(466): CodeIgniter\CodeIgniter->runController()
 5 SYSTEMPATH/CodeIgniter.php(349): CodeIgniter\CodeIgniter->handleRequest()
 6 FCPATH/index.php(57): CodeIgniter\CodeIgniter->run()
CRITICAL - 2024-07-29 21:22:01 --> Undefined variable $payArray
in APPPATH/Models/Engine.php on line 2230.
 1 APPPATH/Models/Engine.php(2230): CodeIgniter\Debug\Exceptions->errorHandler()
 2 APPPATH/Controllers/Api.php(147): App\Models\Engine->getBillToSynch()
 3 SYSTEMPATH/CodeIgniter.php(896): App\Controllers\Api->postbillpayment()
 4 SYSTEMPATH/CodeIgniter.php(466): CodeIgniter\CodeIgniter->runController()
 5 SYSTEMPATH/CodeIgniter.php(349): CodeIgniter\CodeIgniter->handleRequest()
 6 FCPATH/index.php(57): CodeIgniter\CodeIgniter->run()
CRITICAL - 2024-07-29 21:23:01 --> Undefined variable $payArray
in APPPATH/Models/Engine.php on line 2230.
 1 APPPATH/Models/Engine.php(2230): CodeIgniter\Debug\Exceptions->errorHandler()
 2 APPPATH/Controllers/Api.php(147): App\Models\Engine->getBillToSynch()
 3 SYSTEMPATH/CodeIgniter.php(896): App\Controllers\Api->postbillpayment()
 4 SYSTEMPATH/CodeIgniter.php(466): CodeIgniter\CodeIgniter->runController()
 5 SYSTEMPATH/CodeIgniter.php(349): CodeIgniter\CodeIgniter->handleRequest()
 6 FCPATH/index.php(57): CodeIgniter\CodeIgniter->run()
CRITICAL - 2024-07-29 21:24:01 --> Undefined variable $payArray
in APPPATH/Models/Engine.php on line 2230.
 1 APPPATH/Models/Engine.php(2230): CodeIgniter\Debug\Exceptions->errorHandler()
 2 APPPATH/Controllers/Api.php(147): App\Models\Engine->getBillToSynch()
 3 SYSTEMPATH/CodeIgniter.php(896): App\Controllers\Api->postbillpayment()
 4 SYSTEMPATH/CodeIgniter.php(466): CodeIgniter\CodeIgniter->runController()
 5 SYSTEMPATH/CodeIgniter.php(349): CodeIgniter\CodeIgniter->handleRequest()
 6 FCPATH/index.php(57): CodeIgniter\CodeIgniter->run()
CRITICAL - 2024-07-29 21:25:01 --> Undefined variable $payArray
in APPPATH/Models/Engine.php on line 2230.
 1 APPPATH/Models/Engine.php(2230): CodeIgniter\Debug\Exceptions->errorHandler()
 2 APPPATH/Controllers/Api.php(147): App\Models\Engine->getBillToSynch()
 3 SYSTEMPATH/CodeIgniter.php(896): App\Controllers\Api->postbillpayment()
 4 SYSTEMPATH/CodeIgniter.php(466): CodeIgniter\CodeIgniter->runController()
 5 SYSTEMPATH/CodeIgniter.php(349): CodeIgniter\CodeIgniter->handleRequest()
 6 FCPATH/index.php(57): CodeIgniter\CodeIgniter->run()
CRITICAL - 2024-07-29 21:26:01 --> Undefined variable $payArray
in APPPATH/Models/Engine.php on line 2230.
 1 APPPATH/Models/Engine.php(2230): CodeIgniter\Debug\Exceptions->errorHandler()
 2 APPPATH/Controllers/Api.php(147): App\Models\Engine->getBillToSynch()
 3 SYSTEMPATH/CodeIgniter.php(896): App\Controllers\Api->postbillpayment()
 4 SYSTEMPATH/CodeIgniter.php(466): CodeIgniter\CodeIgniter->runController()
 5 SYSTEMPATH/CodeIgniter.php(349): CodeIgniter\CodeIgniter->handleRequest()
 6 FCPATH/index.php(57): CodeIgniter\CodeIgniter->run()
CRITICAL - 2024-07-29 21:27:01 --> Undefined variable $payArray
in APPPATH/Models/Engine.php on line 2230.
 1 APPPATH/Models/Engine.php(2230): CodeIgniter\Debug\Exceptions->errorHandler()
 2 APPPATH/Controllers/Api.php(147): App\Models\Engine->getBillToSynch()
 3 SYSTEMPATH/CodeIgniter.php(896): App\Controllers\Api->postbillpayment()
 4 SYSTEMPATH/CodeIgniter.php(466): CodeIgniter\CodeIgniter->runController()
 5 SYSTEMPATH/CodeIgniter.php(349): CodeIgniter\CodeIgniter->handleRequest()
 6 FCPATH/index.php(57): CodeIgniter\CodeIgniter->run()
CRITICAL - 2024-07-29 21:28:01 --> Undefined variable $payArray
in APPPATH/Models/Engine.php on line 2230.
 1 APPPATH/Models/Engine.php(2230): CodeIgniter\Debug\Exceptions->errorHandler()
 2 APPPATH/Controllers/Api.php(147): App\Models\Engine->getBillToSynch()
 3 SYSTEMPATH/CodeIgniter.php(896): App\Controllers\Api->postbillpayment()
 4 SYSTEMPATH/CodeIgniter.php(466): CodeIgniter\CodeIgniter->runController()
 5 SYSTEMPATH/CodeIgniter.php(349): CodeIgniter\CodeIgniter->handleRequest()
 6 FCPATH/index.php(57): CodeIgniter\CodeIgniter->run()
CRITICAL - 2024-07-29 21:29:02 --> Undefined variable $payArray
in APPPATH/Models/Engine.php on line 2230.
 1 APPPATH/Models/Engine.php(2230): CodeIgniter\Debug\Exceptions->errorHandler()
 2 APPPATH/Controllers/Api.php(147): App\Models\Engine->getBillToSynch()
 3 SYSTEMPATH/CodeIgniter.php(896): App\Controllers\Api->postbillpayment()
 4 SYSTEMPATH/CodeIgniter.php(466): CodeIgniter\CodeIgniter->runController()
 5 SYSTEMPATH/CodeIgniter.php(349): CodeIgniter\CodeIgniter->handleRequest()
 6 FCPATH/index.php(57): CodeIgniter\CodeIgniter->run()
CRITICAL - 2024-07-29 21:30:02 --> Undefined variable $payArray
in APPPATH/Models/Engine.php on line 2230.
 1 APPPATH/Models/Engine.php(2230): CodeIgniter\Debug\Exceptions->errorHandler()
 2 APPPATH/Controllers/Api.php(147): App\Models\Engine->getBillToSynch()
 3 SYSTEMPATH/CodeIgniter.php(896): App\Controllers\Api->postbillpayment()
 4 SYSTEMPATH/CodeIgniter.php(466): CodeIgniter\CodeIgniter->runController()
 5 SYSTEMPATH/CodeIgniter.php(349): CodeIgniter\CodeIgniter->handleRequest()
 6 FCPATH/index.php(57): CodeIgniter\CodeIgniter->run()
CRITICAL - 2024-07-29 21:31:02 --> Undefined variable $payArray
in APPPATH/Models/Engine.php on line 2230.
 1 APPPATH/Models/Engine.php(2230): CodeIgniter\Debug\Exceptions->errorHandler()
 2 APPPATH/Controllers/Api.php(147): App\Models\Engine->getBillToSynch()
 3 SYSTEMPATH/CodeIgniter.php(896): App\Controllers\Api->postbillpayment()
 4 SYSTEMPATH/CodeIgniter.php(466): CodeIgniter\CodeIgniter->runController()
 5 SYSTEMPATH/CodeIgniter.php(349): CodeIgniter\CodeIgniter->handleRequest()
 6 FCPATH/index.php(57): CodeIgniter\CodeIgniter->run()
CRITICAL - 2024-07-29 21:32:02 --> Undefined variable $payArray
in APPPATH/Models/Engine.php on line 2230.
 1 APPPATH/Models/Engine.php(2230): CodeIgniter\Debug\Exceptions->errorHandler()
 2 APPPATH/Controllers/Api.php(147): App\Models\Engine->getBillToSynch()
 3 SYSTEMPATH/CodeIgniter.php(896): App\Controllers\Api->postbillpayment()
 4 SYSTEMPATH/CodeIgniter.php(466): CodeIgniter\CodeIgniter->runController()
 5 SYSTEMPATH/CodeIgniter.php(349): CodeIgniter\CodeIgniter->handleRequest()
 6 FCPATH/index.php(57): CodeIgniter\CodeIgniter->run()
CRITICAL - 2024-07-29 21:33:02 --> Undefined variable $payArray
in APPPATH/Models/Engine.php on line 2230.
 1 APPPATH/Models/Engine.php(2230): CodeIgniter\Debug\Exceptions->errorHandler()
 2 APPPATH/Controllers/Api.php(147): App\Models\Engine->getBillToSynch()
 3 SYSTEMPATH/CodeIgniter.php(896): App\Controllers\Api->postbillpayment()
 4 SYSTEMPATH/CodeIgniter.php(466): CodeIgniter\CodeIgniter->runController()
 5 SYSTEMPATH/CodeIgniter.php(349): CodeIgniter\CodeIgniter->handleRequest()
 6 FCPATH/index.php(57): CodeIgniter\CodeIgniter->run()
CRITICAL - 2024-07-29 21:34:02 --> Undefined variable $payArray
in APPPATH/Models/Engine.php on line 2230.
 1 APPPATH/Models/Engine.php(2230): CodeIgniter\Debug\Exceptions->errorHandler()
 2 APPPATH/Controllers/Api.php(147): App\Models\Engine->getBillToSynch()
 3 SYSTEMPATH/CodeIgniter.php(896): App\Controllers\Api->postbillpayment()
 4 SYSTEMPATH/CodeIgniter.php(466): CodeIgniter\CodeIgniter->runController()
 5 SYSTEMPATH/CodeIgniter.php(349): CodeIgniter\CodeIgniter->handleRequest()
 6 FCPATH/index.php(57): CodeIgniter\CodeIgniter->run()
CRITICAL - 2024-07-29 21:35:02 --> Undefined variable $payArray
in APPPATH/Models/Engine.php on line 2230.
 1 APPPATH/Models/Engine.php(2230): CodeIgniter\Debug\Exceptions->errorHandler()
 2 APPPATH/Controllers/Api.php(147): App\Models\Engine->getBillToSynch()
 3 SYSTEMPATH/CodeIgniter.php(896): App\Controllers\Api->postbillpayment()
 4 SYSTEMPATH/CodeIgniter.php(466): CodeIgniter\CodeIgniter->runController()
 5 SYSTEMPATH/CodeIgniter.php(349): CodeIgniter\CodeIgniter->handleRequest()
 6 FCPATH/index.php(57): CodeIgniter\CodeIgniter->run()
CRITICAL - 2024-07-29 21:36:02 --> Undefined variable $payArray
in APPPATH/Models/Engine.php on line 2230.
 1 APPPATH/Models/Engine.php(2230): CodeIgniter\Debug\Exceptions->errorHandler()
 2 APPPATH/Controllers/Api.php(147): App\Models\Engine->getBillToSynch()
 3 SYSTEMPATH/CodeIgniter.php(896): App\Controllers\Api->postbillpayment()
 4 SYSTEMPATH/CodeIgniter.php(466): CodeIgniter\CodeIgniter->runController()
 5 SYSTEMPATH/CodeIgniter.php(349): CodeIgniter\CodeIgniter->handleRequest()
 6 FCPATH/index.php(57): CodeIgniter\CodeIgniter->run()
CRITICAL - 2024-07-29 21:37:01 --> Undefined variable $payArray
in APPPATH/Models/Engine.php on line 2230.
 1 APPPATH/Models/Engine.php(2230): CodeIgniter\Debug\Exceptions->errorHandler()
 2 APPPATH/Controllers/Api.php(147): App\Models\Engine->getBillToSynch()
 3 SYSTEMPATH/CodeIgniter.php(896): App\Controllers\Api->postbillpayment()
 4 SYSTEMPATH/CodeIgniter.php(466): CodeIgniter\CodeIgniter->runController()
 5 SYSTEMPATH/CodeIgniter.php(349): CodeIgniter\CodeIgniter->handleRequest()
 6 FCPATH/index.php(57): CodeIgniter\CodeIgniter->run()
CRITICAL - 2024-07-29 21:38:01 --> Undefined variable $payArray
in APPPATH/Models/Engine.php on line 2230.
 1 APPPATH/Models/Engine.php(2230): CodeIgniter\Debug\Exceptions->errorHandler()
 2 APPPATH/Controllers/Api.php(147): App\Models\Engine->getBillToSynch()
 3 SYSTEMPATH/CodeIgniter.php(896): App\Controllers\Api->postbillpayment()
 4 SYSTEMPATH/CodeIgniter.php(466): CodeIgniter\CodeIgniter->runController()
 5 SYSTEMPATH/CodeIgniter.php(349): CodeIgniter\CodeIgniter->handleRequest()
 6 FCPATH/index.php(57): CodeIgniter\CodeIgniter->run()
CRITICAL - 2024-07-29 21:39:01 --> Undefined variable $payArray
in APPPATH/Models/Engine.php on line 2230.
 1 APPPATH/Models/Engine.php(2230): CodeIgniter\Debug\Exceptions->errorHandler()
 2 APPPATH/Controllers/Api.php(147): App\Models\Engine->getBillToSynch()
 3 SYSTEMPATH/CodeIgniter.php(896): App\Controllers\Api->postbillpayment()
 4 SYSTEMPATH/CodeIgniter.php(466): CodeIgniter\CodeIgniter->runController()
 5 SYSTEMPATH/CodeIgniter.php(349): CodeIgniter\CodeIgniter->handleRequest()
 6 FCPATH/index.php(57): CodeIgniter\CodeIgniter->run()
CRITICAL - 2024-07-29 21:40:01 --> Undefined variable $payArray
in APPPATH/Models/Engine.php on line 2230.
 1 APPPATH/Models/Engine.php(2230): CodeIgniter\Debug\Exceptions->errorHandler()
 2 APPPATH/Controllers/Api.php(147): App\Models\Engine->getBillToSynch()
 3 SYSTEMPATH/CodeIgniter.php(896): App\Controllers\Api->postbillpayment()
 4 SYSTEMPATH/CodeIgniter.php(466): CodeIgniter\CodeIgniter->runController()
 5 SYSTEMPATH/CodeIgniter.php(349): CodeIgniter\CodeIgniter->handleRequest()
 6 FCPATH/index.php(57): CodeIgniter\CodeIgniter->run()
CRITICAL - 2024-07-29 21:41:01 --> Undefined variable $payArray
in APPPATH/Models/Engine.php on line 2230.
 1 APPPATH/Models/Engine.php(2230): CodeIgniter\Debug\Exceptions->errorHandler()
 2 APPPATH/Controllers/Api.php(147): App\Models\Engine->getBillToSynch()
 3 SYSTEMPATH/CodeIgniter.php(896): App\Controllers\Api->postbillpayment()
 4 SYSTEMPATH/CodeIgniter.php(466): CodeIgniter\CodeIgniter->runController()
 5 SYSTEMPATH/CodeIgniter.php(349): CodeIgniter\CodeIgniter->handleRequest()
 6 FCPATH/index.php(57): CodeIgniter\CodeIgniter->run()
CRITICAL - 2024-07-29 21:42:01 --> Undefined variable $payArray
in APPPATH/Models/Engine.php on line 2230.
 1 APPPATH/Models/Engine.php(2230): CodeIgniter\Debug\Exceptions->errorHandler()
 2 APPPATH/Controllers/Api.php(147): App\Models\Engine->getBillToSynch()
 3 SYSTEMPATH/CodeIgniter.php(896): App\Controllers\Api->postbillpayment()
 4 SYSTEMPATH/CodeIgniter.php(466): CodeIgniter\CodeIgniter->runController()
 5 SYSTEMPATH/CodeIgniter.php(349): CodeIgniter\CodeIgniter->handleRequest()
 6 FCPATH/index.php(57): CodeIgniter\CodeIgniter->run()
CRITICAL - 2024-07-29 21:43:01 --> Undefined variable $payArray
in APPPATH/Models/Engine.php on line 2230.
 1 APPPATH/Models/Engine.php(2230): CodeIgniter\Debug\Exceptions->errorHandler()
 2 APPPATH/Controllers/Api.php(147): App\Models\Engine->getBillToSynch()
 3 SYSTEMPATH/CodeIgniter.php(896): App\Controllers\Api->postbillpayment()
 4 SYSTEMPATH/CodeIgniter.php(466): CodeIgniter\CodeIgniter->runController()
 5 SYSTEMPATH/CodeIgniter.php(349): CodeIgniter\CodeIgniter->handleRequest()
 6 FCPATH/index.php(57): CodeIgniter\CodeIgniter->run()
CRITICAL - 2024-07-29 21:44:01 --> Undefined variable $payArray
in APPPATH/Models/Engine.php on line 2230.
 1 APPPATH/Models/Engine.php(2230): CodeIgniter\Debug\Exceptions->errorHandler()
 2 APPPATH/Controllers/Api.php(147): App\Models\Engine->getBillToSynch()
 3 SYSTEMPATH/CodeIgniter.php(896): App\Controllers\Api->postbillpayment()
 4 SYSTEMPATH/CodeIgniter.php(466): CodeIgniter\CodeIgniter->runController()
 5 SYSTEMPATH/CodeIgniter.php(349): CodeIgniter\CodeIgniter->handleRequest()
 6 FCPATH/index.php(57): CodeIgniter\CodeIgniter->run()
CRITICAL - 2024-07-29 21:45:01 --> Undefined variable $payArray
in APPPATH/Models/Engine.php on line 2230.
 1 APPPATH/Models/Engine.php(2230): CodeIgniter\Debug\Exceptions->errorHandler()
 2 APPPATH/Controllers/Api.php(147): App\Models\Engine->getBillToSynch()
 3 SYSTEMPATH/CodeIgniter.php(896): App\Controllers\Api->postbillpayment()
 4 SYSTEMPATH/CodeIgniter.php(466): CodeIgniter\CodeIgniter->runController()
 5 SYSTEMPATH/CodeIgniter.php(349): CodeIgniter\CodeIgniter->handleRequest()
 6 FCPATH/index.php(57): CodeIgniter\CodeIgniter->run()
CRITICAL - 2024-07-29 21:46:02 --> Undefined variable $payArray
in APPPATH/Models/Engine.php on line 2230.
 1 APPPATH/Models/Engine.php(2230): CodeIgniter\Debug\Exceptions->errorHandler()
 2 APPPATH/Controllers/Api.php(147): App\Models\Engine->getBillToSynch()
 3 SYSTEMPATH/CodeIgniter.php(896): App\Controllers\Api->postbillpayment()
 4 SYSTEMPATH/CodeIgniter.php(466): CodeIgniter\CodeIgniter->runController()
 5 SYSTEMPATH/CodeIgniter.php(349): CodeIgniter\CodeIgniter->handleRequest()
 6 FCPATH/index.php(57): CodeIgniter\CodeIgniter->run()
CRITICAL - 2024-07-29 21:47:02 --> Undefined variable $payArray
in APPPATH/Models/Engine.php on line 2230.
 1 APPPATH/Models/Engine.php(2230): CodeIgniter\Debug\Exceptions->errorHandler()
 2 APPPATH/Controllers/Api.php(147): App\Models\Engine->getBillToSynch()
 3 SYSTEMPATH/CodeIgniter.php(896): App\Controllers\Api->postbillpayment()
 4 SYSTEMPATH/CodeIgniter.php(466): CodeIgniter\CodeIgniter->runController()
 5 SYSTEMPATH/CodeIgniter.php(349): CodeIgniter\CodeIgniter->handleRequest()
 6 FCPATH/index.php(57): CodeIgniter\CodeIgniter->run()
CRITICAL - 2024-07-29 21:48:02 --> Undefined variable $payArray
in APPPATH/Models/Engine.php on line 2230.
 1 APPPATH/Models/Engine.php(2230): CodeIgniter\Debug\Exceptions->errorHandler()
 2 APPPATH/Controllers/Api.php(147): App\Models\Engine->getBillToSynch()
 3 SYSTEMPATH/CodeIgniter.php(896): App\Controllers\Api->postbillpayment()
 4 SYSTEMPATH/CodeIgniter.php(466): CodeIgniter\CodeIgniter->runController()
 5 SYSTEMPATH/CodeIgniter.php(349): CodeIgniter\CodeIgniter->handleRequest()
 6 FCPATH/index.php(57): CodeIgniter\CodeIgniter->run()
CRITICAL - 2024-07-29 21:49:02 --> Undefined variable $payArray
in APPPATH/Models/Engine.php on line 2230.
 1 APPPATH/Models/Engine.php(2230): CodeIgniter\Debug\Exceptions->errorHandler()
 2 APPPATH/Controllers/Api.php(147): App\Models\Engine->getBillToSynch()
 3 SYSTEMPATH/CodeIgniter.php(896): App\Controllers\Api->postbillpayment()
 4 SYSTEMPATH/CodeIgniter.php(466): CodeIgniter\CodeIgniter->runController()
 5 SYSTEMPATH/CodeIgniter.php(349): CodeIgniter\CodeIgniter->handleRequest()
 6 FCPATH/index.php(57): CodeIgniter\CodeIgniter->run()
CRITICAL - 2024-07-29 21:50:02 --> Undefined variable $payArray
in APPPATH/Models/Engine.php on line 2230.
 1 APPPATH/Models/Engine.php(2230): CodeIgniter\Debug\Exceptions->errorHandler()
 2 APPPATH/Controllers/Api.php(147): App\Models\Engine->getBillToSynch()
 3 SYSTEMPATH/CodeIgniter.php(896): App\Controllers\Api->postbillpayment()
 4 SYSTEMPATH/CodeIgniter.php(466): CodeIgniter\CodeIgniter->runController()
 5 SYSTEMPATH/CodeIgniter.php(349): CodeIgniter\CodeIgniter->handleRequest()
 6 FCPATH/index.php(57): CodeIgniter\CodeIgniter->run()
CRITICAL - 2024-07-29 21:51:02 --> Undefined variable $payArray
in APPPATH/Models/Engine.php on line 2230.
 1 APPPATH/Models/Engine.php(2230): CodeIgniter\Debug\Exceptions->errorHandler()
 2 APPPATH/Controllers/Api.php(147): App\Models\Engine->getBillToSynch()
 3 SYSTEMPATH/CodeIgniter.php(896): App\Controllers\Api->postbillpayment()
 4 SYSTEMPATH/CodeIgniter.php(466): CodeIgniter\CodeIgniter->runController()
 5 SYSTEMPATH/CodeIgniter.php(349): CodeIgniter\CodeIgniter->handleRequest()
 6 FCPATH/index.php(57): CodeIgniter\CodeIgniter->run()
CRITICAL - 2024-07-29 21:52:02 --> Undefined variable $payArray
in APPPATH/Models/Engine.php on line 2230.
 1 APPPATH/Models/Engine.php(2230): CodeIgniter\Debug\Exceptions->errorHandler()
 2 APPPATH/Controllers/Api.php(147): App\Models\Engine->getBillToSynch()
 3 SYSTEMPATH/CodeIgniter.php(896): App\Controllers\Api->postbillpayment()
 4 SYSTEMPATH/CodeIgniter.php(466): CodeIgniter\CodeIgniter->runController()
 5 SYSTEMPATH/CodeIgniter.php(349): CodeIgniter\CodeIgniter->handleRequest()
 6 FCPATH/index.php(57): CodeIgniter\CodeIgniter->run()
CRITICAL - 2024-07-29 21:53:02 --> Undefined variable $payArray
in APPPATH/Models/Engine.php on line 2230.
 1 APPPATH/Models/Engine.php(2230): CodeIgniter\Debug\Exceptions->errorHandler()
 2 APPPATH/Controllers/Api.php(147): App\Models\Engine->getBillToSynch()
 3 SYSTEMPATH/CodeIgniter.php(896): App\Controllers\Api->postbillpayment()
 4 SYSTEMPATH/CodeIgniter.php(466): CodeIgniter\CodeIgniter->runController()
 5 SYSTEMPATH/CodeIgniter.php(349): CodeIgniter\CodeIgniter->handleRequest()
 6 FCPATH/index.php(57): CodeIgniter\CodeIgniter->run()
CRITICAL - 2024-07-29 21:54:02 --> Undefined variable $payArray
in APPPATH/Models/Engine.php on line 2230.
 1 APPPATH/Models/Engine.php(2230): CodeIgniter\Debug\Exceptions->errorHandler()
 2 APPPATH/Controllers/Api.php(147): App\Models\Engine->getBillToSynch()
 3 SYSTEMPATH/CodeIgniter.php(896): App\Controllers\Api->postbillpayment()
 4 SYSTEMPATH/CodeIgniter.php(466): CodeIgniter\CodeIgniter->runController()
 5 SYSTEMPATH/CodeIgniter.php(349): CodeIgniter\CodeIgniter->handleRequest()
 6 FCPATH/index.php(57): CodeIgniter\CodeIgniter->run()
CRITICAL - 2024-07-29 21:55:01 --> Undefined variable $payArray
in APPPATH/Models/Engine.php on line 2230.
 1 APPPATH/Models/Engine.php(2230): CodeIgniter\Debug\Exceptions->errorHandler()
 2 APPPATH/Controllers/Api.php(147): App\Models\Engine->getBillToSynch()
 3 SYSTEMPATH/CodeIgniter.php(896): App\Controllers\Api->postbillpayment()
 4 SYSTEMPATH/CodeIgniter.php(466): CodeIgniter\CodeIgniter->runController()
 5 SYSTEMPATH/CodeIgniter.php(349): CodeIgniter\CodeIgniter->handleRequest()
 6 FCPATH/index.php(57): CodeIgniter\CodeIgniter->run()
CRITICAL - 2024-07-29 21:56:01 --> Undefined variable $payArray
in APPPATH/Models/Engine.php on line 2230.
 1 APPPATH/Models/Engine.php(2230): CodeIgniter\Debug\Exceptions->errorHandler()
 2 APPPATH/Controllers/Api.php(147): App\Models\Engine->getBillToSynch()
 3 SYSTEMPATH/CodeIgniter.php(896): App\Controllers\Api->postbillpayment()
 4 SYSTEMPATH/CodeIgniter.php(466): CodeIgniter\CodeIgniter->runController()
 5 SYSTEMPATH/CodeIgniter.php(349): CodeIgniter\CodeIgniter->handleRequest()
 6 FCPATH/index.php(57): CodeIgniter\CodeIgniter->run()
CRITICAL - 2024-07-29 21:57:01 --> Undefined variable $payArray
in APPPATH/Models/Engine.php on line 2230.
 1 APPPATH/Models/Engine.php(2230): CodeIgniter\Debug\Exceptions->errorHandler()
 2 APPPATH/Controllers/Api.php(147): App\Models\Engine->getBillToSynch()
 3 SYSTEMPATH/CodeIgniter.php(896): App\Controllers\Api->postbillpayment()
 4 SYSTEMPATH/CodeIgniter.php(466): CodeIgniter\CodeIgniter->runController()
 5 SYSTEMPATH/CodeIgniter.php(349): CodeIgniter\CodeIgniter->handleRequest()
 6 FCPATH/index.php(57): CodeIgniter\CodeIgniter->run()
CRITICAL - 2024-07-29 21:58:01 --> Undefined variable $payArray
in APPPATH/Models/Engine.php on line 2230.
 1 APPPATH/Models/Engine.php(2230): CodeIgniter\Debug\Exceptions->errorHandler()
 2 APPPATH/Controllers/Api.php(147): App\Models\Engine->getBillToSynch()
 3 SYSTEMPATH/CodeIgniter.php(896): App\Controllers\Api->postbillpayment()
 4 SYSTEMPATH/CodeIgniter.php(466): CodeIgniter\CodeIgniter->runController()
 5 SYSTEMPATH/CodeIgniter.php(349): CodeIgniter\CodeIgniter->handleRequest()
 6 FCPATH/index.php(57): CodeIgniter\CodeIgniter->run()
CRITICAL - 2024-07-29 21:59:01 --> Undefined variable $payArray
in APPPATH/Models/Engine.php on line 2230.
 1 APPPATH/Models/Engine.php(2230): CodeIgniter\Debug\Exceptions->errorHandler()
 2 APPPATH/Controllers/Api.php(147): App\Models\Engine->getBillToSynch()
 3 SYSTEMPATH/CodeIgniter.php(896): App\Controllers\Api->postbillpayment()
 4 SYSTEMPATH/CodeIgniter.php(466): CodeIgniter\CodeIgniter->runController()
 5 SYSTEMPATH/CodeIgniter.php(349): CodeIgniter\CodeIgniter->handleRequest()
 6 FCPATH/index.php(57): CodeIgniter\CodeIgniter->run()
CRITICAL - 2024-07-29 22:00:01 --> Undefined variable $payArray
in APPPATH/Models/Engine.php on line 2230.
 1 APPPATH/Models/Engine.php(2230): CodeIgniter\Debug\Exceptions->errorHandler()
 2 APPPATH/Controllers/Api.php(147): App\Models\Engine->getBillToSynch()
 3 SYSTEMPATH/CodeIgniter.php(896): App\Controllers\Api->postbillpayment()
 4 SYSTEMPATH/CodeIgniter.php(466): CodeIgniter\CodeIgniter->runController()
 5 SYSTEMPATH/CodeIgniter.php(349): CodeIgniter\CodeIgniter->handleRequest()
 6 FCPATH/index.php(57): CodeIgniter\CodeIgniter->run()
CRITICAL - 2024-07-29 22:01:01 --> Undefined variable $payArray
in APPPATH/Models/Engine.php on line 2230.
 1 APPPATH/Models/Engine.php(2230): CodeIgniter\Debug\Exceptions->errorHandler()
 2 APPPATH/Controllers/Api.php(147): App\Models\Engine->getBillToSynch()
 3 SYSTEMPATH/CodeIgniter.php(896): App\Controllers\Api->postbillpayment()
 4 SYSTEMPATH/CodeIgniter.php(466): CodeIgniter\CodeIgniter->runController()
 5 SYSTEMPATH/CodeIgniter.php(349): CodeIgniter\CodeIgniter->handleRequest()
 6 FCPATH/index.php(57): CodeIgniter\CodeIgniter->run()
CRITICAL - 2024-07-29 22:02:01 --> Undefined variable $payArray
in APPPATH/Models/Engine.php on line 2230.
 1 APPPATH/Models/Engine.php(2230): CodeIgniter\Debug\Exceptions->errorHandler()
 2 APPPATH/Controllers/Api.php(147): App\Models\Engine->getBillToSynch()
 3 SYSTEMPATH/CodeIgniter.php(896): App\Controllers\Api->postbillpayment()
 4 SYSTEMPATH/CodeIgniter.php(466): CodeIgniter\CodeIgniter->runController()
 5 SYSTEMPATH/CodeIgniter.php(349): CodeIgniter\CodeIgniter->handleRequest()
 6 FCPATH/index.php(57): CodeIgniter\CodeIgniter->run()
CRITICAL - 2024-07-29 22:03:02 --> Undefined variable $payArray
in APPPATH/Models/Engine.php on line 2230.
 1 APPPATH/Models/Engine.php(2230): CodeIgniter\Debug\Exceptions->errorHandler()
 2 APPPATH/Controllers/Api.php(147): App\Models\Engine->getBillToSynch()
 3 SYSTEMPATH/CodeIgniter.php(896): App\Controllers\Api->postbillpayment()
 4 SYSTEMPATH/CodeIgniter.php(466): CodeIgniter\CodeIgniter->runController()
 5 SYSTEMPATH/CodeIgniter.php(349): CodeIgniter\CodeIgniter->handleRequest()
 6 FCPATH/index.php(57): CodeIgniter\CodeIgniter->run()
CRITICAL - 2024-07-29 22:04:02 --> Undefined variable $payArray
in APPPATH/Models/Engine.php on line 2230.
 1 APPPATH/Models/Engine.php(2230): CodeIgniter\Debug\Exceptions->errorHandler()
 2 APPPATH/Controllers/Api.php(147): App\Models\Engine->getBillToSynch()
 3 SYSTEMPATH/CodeIgniter.php(896): App\Controllers\Api->postbillpayment()
 4 SYSTEMPATH/CodeIgniter.php(466): CodeIgniter\CodeIgniter->runController()
 5 SYSTEMPATH/CodeIgniter.php(349): CodeIgniter\CodeIgniter->handleRequest()
 6 FCPATH/index.php(57): CodeIgniter\CodeIgniter->run()
CRITICAL - 2024-07-29 22:05:02 --> Undefined variable $payArray
in APPPATH/Models/Engine.php on line 2230.
 1 APPPATH/Models/Engine.php(2230): CodeIgniter\Debug\Exceptions->errorHandler()
 2 APPPATH/Controllers/Api.php(147): App\Models\Engine->getBillToSynch()
 3 SYSTEMPATH/CodeIgniter.php(896): App\Controllers\Api->postbillpayment()
 4 SYSTEMPATH/CodeIgniter.php(466): CodeIgniter\CodeIgniter->runController()
 5 SYSTEMPATH/CodeIgniter.php(349): CodeIgniter\CodeIgniter->handleRequest()
 6 FCPATH/index.php(57): CodeIgniter\CodeIgniter->run()
CRITICAL - 2024-07-29 22:06:02 --> Undefined variable $payArray
in APPPATH/Models/Engine.php on line 2230.
 1 APPPATH/Models/Engine.php(2230): CodeIgniter\Debug\Exceptions->errorHandler()
 2 APPPATH/Controllers/Api.php(147): App\Models\Engine->getBillToSynch()
 3 SYSTEMPATH/CodeIgniter.php(896): App\Controllers\Api->postbillpayment()
 4 SYSTEMPATH/CodeIgniter.php(466): CodeIgniter\CodeIgniter->runController()
 5 SYSTEMPATH/CodeIgniter.php(349): CodeIgniter\CodeIgniter->handleRequest()
 6 FCPATH/index.php(57): CodeIgniter\CodeIgniter->run()
CRITICAL - 2024-07-29 22:07:02 --> Undefined variable $payArray
in APPPATH/Models/Engine.php on line 2230.
 1 APPPATH/Models/Engine.php(2230): CodeIgniter\Debug\Exceptions->errorHandler()
 2 APPPATH/Controllers/Api.php(147): App\Models\Engine->getBillToSynch()
 3 SYSTEMPATH/CodeIgniter.php(896): App\Controllers\Api->postbillpayment()
 4 SYSTEMPATH/CodeIgniter.php(466): CodeIgniter\CodeIgniter->runController()
 5 SYSTEMPATH/CodeIgniter.php(349): CodeIgniter\CodeIgniter->handleRequest()
 6 FCPATH/index.php(57): CodeIgniter\CodeIgniter->run()
CRITICAL - 2024-07-29 22:08:02 --> Undefined variable $payArray
in APPPATH/Models/Engine.php on line 2230.
 1 APPPATH/Models/Engine.php(2230): CodeIgniter\Debug\Exceptions->errorHandler()
 2 APPPATH/Controllers/Api.php(147): App\Models\Engine->getBillToSynch()
 3 SYSTEMPATH/CodeIgniter.php(896): App\Controllers\Api->postbillpayment()
 4 SYSTEMPATH/CodeIgniter.php(466): CodeIgniter\CodeIgniter->runController()
 5 SYSTEMPATH/CodeIgniter.php(349): CodeIgniter\CodeIgniter->handleRequest()
 6 FCPATH/index.php(57): CodeIgniter\CodeIgniter->run()
CRITICAL - 2024-07-29 22:09:02 --> Undefined variable $payArray
in APPPATH/Models/Engine.php on line 2230.
 1 APPPATH/Models/Engine.php(2230): CodeIgniter\Debug\Exceptions->errorHandler()
 2 APPPATH/Controllers/Api.php(147): App\Models\Engine->getBillToSynch()
 3 SYSTEMPATH/CodeIgniter.php(896): App\Controllers\Api->postbillpayment()
 4 SYSTEMPATH/CodeIgniter.php(466): CodeIgniter\CodeIgniter->runController()
 5 SYSTEMPATH/CodeIgniter.php(349): CodeIgniter\CodeIgniter->handleRequest()
 6 FCPATH/index.php(57): CodeIgniter\CodeIgniter->run()
CRITICAL - 2024-07-29 22:10:02 --> Undefined variable $payArray
in APPPATH/Models/Engine.php on line 2230.
 1 APPPATH/Models/Engine.php(2230): CodeIgniter\Debug\Exceptions->errorHandler()
 2 APPPATH/Controllers/Api.php(147): App\Models\Engine->getBillToSynch()
 3 SYSTEMPATH/CodeIgniter.php(896): App\Controllers\Api->postbillpayment()
 4 SYSTEMPATH/CodeIgniter.php(466): CodeIgniter\CodeIgniter->runController()
 5 SYSTEMPATH/CodeIgniter.php(349): CodeIgniter\CodeIgniter->handleRequest()
 6 FCPATH/index.php(57): CodeIgniter\CodeIgniter->run()
CRITICAL - 2024-07-29 22:11:02 --> Undefined variable $payArray
in APPPATH/Models/Engine.php on line 2230.
 1 APPPATH/Models/Engine.php(2230): CodeIgniter\Debug\Exceptions->errorHandler()
 2 APPPATH/Controllers/Api.php(147): App\Models\Engine->getBillToSynch()
 3 SYSTEMPATH/CodeIgniter.php(896): App\Controllers\Api->postbillpayment()
 4 SYSTEMPATH/CodeIgniter.php(466): CodeIgniter\CodeIgniter->runController()
 5 SYSTEMPATH/CodeIgniter.php(349): CodeIgniter\CodeIgniter->handleRequest()
 6 FCPATH/index.php(57): CodeIgniter\CodeIgniter->run()
CRITICAL - 2024-07-29 22:12:01 --> Undefined variable $payArray
in APPPATH/Models/Engine.php on line 2230.
 1 APPPATH/Models/Engine.php(2230): CodeIgniter\Debug\Exceptions->errorHandler()
 2 APPPATH/Controllers/Api.php(147): App\Models\Engine->getBillToSynch()
 3 SYSTEMPATH/CodeIgniter.php(896): App\Controllers\Api->postbillpayment()
 4 SYSTEMPATH/CodeIgniter.php(466): CodeIgniter\CodeIgniter->runController()
 5 SYSTEMPATH/CodeIgniter.php(349): CodeIgniter\CodeIgniter->handleRequest()
 6 FCPATH/index.php(57): CodeIgniter\CodeIgniter->run()
CRITICAL - 2024-07-29 22:13:01 --> Undefined variable $payArray
in APPPATH/Models/Engine.php on line 2230.
 1 APPPATH/Models/Engine.php(2230): CodeIgniter\Debug\Exceptions->errorHandler()
 2 APPPATH/Controllers/Api.php(147): App\Models\Engine->getBillToSynch()
 3 SYSTEMPATH/CodeIgniter.php(896): App\Controllers\Api->postbillpayment()
 4 SYSTEMPATH/CodeIgniter.php(466): CodeIgniter\CodeIgniter->runController()
 5 SYSTEMPATH/CodeIgniter.php(349): CodeIgniter\CodeIgniter->handleRequest()
 6 FCPATH/index.php(57): CodeIgniter\CodeIgniter->run()
CRITICAL - 2024-07-29 22:14:01 --> Undefined variable $payArray
in APPPATH/Models/Engine.php on line 2230.
 1 APPPATH/Models/Engine.php(2230): CodeIgniter\Debug\Exceptions->errorHandler()
 2 APPPATH/Controllers/Api.php(147): App\Models\Engine->getBillToSynch()
 3 SYSTEMPATH/CodeIgniter.php(896): App\Controllers\Api->postbillpayment()
 4 SYSTEMPATH/CodeIgniter.php(466): CodeIgniter\CodeIgniter->runController()
 5 SYSTEMPATH/CodeIgniter.php(349): CodeIgniter\CodeIgniter->handleRequest()
 6 FCPATH/index.php(57): CodeIgniter\CodeIgniter->run()
CRITICAL - 2024-07-29 22:15:01 --> Undefined variable $payArray
in APPPATH/Models/Engine.php on line 2230.
 1 APPPATH/Models/Engine.php(2230): CodeIgniter\Debug\Exceptions->errorHandler()
 2 APPPATH/Controllers/Api.php(147): App\Models\Engine->getBillToSynch()
 3 SYSTEMPATH/CodeIgniter.php(896): App\Controllers\Api->postbillpayment()
 4 SYSTEMPATH/CodeIgniter.php(466): CodeIgniter\CodeIgniter->runController()
 5 SYSTEMPATH/CodeIgniter.php(349): CodeIgniter\CodeIgniter->handleRequest()
 6 FCPATH/index.php(57): CodeIgniter\CodeIgniter->run()
CRITICAL - 2024-07-29 22:16:01 --> Undefined variable $payArray
in APPPATH/Models/Engine.php on line 2230.
 1 APPPATH/Models/Engine.php(2230): CodeIgniter\Debug\Exceptions->errorHandler()
 2 APPPATH/Controllers/Api.php(147): App\Models\Engine->getBillToSynch()
 3 SYSTEMPATH/CodeIgniter.php(896): App\Controllers\Api->postbillpayment()
 4 SYSTEMPATH/CodeIgniter.php(466): CodeIgniter\CodeIgniter->runController()
 5 SYSTEMPATH/CodeIgniter.php(349): CodeIgniter\CodeIgniter->handleRequest()
 6 FCPATH/index.php(57): CodeIgniter\CodeIgniter->run()
CRITICAL - 2024-07-29 22:17:01 --> Undefined variable $payArray
in APPPATH/Models/Engine.php on line 2230.
 1 APPPATH/Models/Engine.php(2230): CodeIgniter\Debug\Exceptions->errorHandler()
 2 APPPATH/Controllers/Api.php(147): App\Models\Engine->getBillToSynch()
 3 SYSTEMPATH/CodeIgniter.php(896): App\Controllers\Api->postbillpayment()
 4 SYSTEMPATH/CodeIgniter.php(466): CodeIgniter\CodeIgniter->runController()
 5 SYSTEMPATH/CodeIgniter.php(349): CodeIgniter\CodeIgniter->handleRequest()
 6 FCPATH/index.php(57): CodeIgniter\CodeIgniter->run()
CRITICAL - 2024-07-29 22:18:01 --> Undefined variable $payArray
in APPPATH/Models/Engine.php on line 2230.
 1 APPPATH/Models/Engine.php(2230): CodeIgniter\Debug\Exceptions->errorHandler()
 2 APPPATH/Controllers/Api.php(147): App\Models\Engine->getBillToSynch()
 3 SYSTEMPATH/CodeIgniter.php(896): App\Controllers\Api->postbillpayment()
 4 SYSTEMPATH/CodeIgniter.php(466): CodeIgniter\CodeIgniter->runController()
 5 SYSTEMPATH/CodeIgniter.php(349): CodeIgniter\CodeIgniter->handleRequest()
 6 FCPATH/index.php(57): CodeIgniter\CodeIgniter->run()
CRITICAL - 2024-07-29 22:19:01 --> Undefined variable $payArray
in APPPATH/Models/Engine.php on line 2230.
 1 APPPATH/Models/Engine.php(2230): CodeIgniter\Debug\Exceptions->errorHandler()
 2 APPPATH/Controllers/Api.php(147): App\Models\Engine->getBillToSynch()
 3 SYSTEMPATH/CodeIgniter.php(896): App\Controllers\Api->postbillpayment()
 4 SYSTEMPATH/CodeIgniter.php(466): CodeIgniter\CodeIgniter->runController()
 5 SYSTEMPATH/CodeIgniter.php(349): CodeIgniter\CodeIgniter->handleRequest()
 6 FCPATH/index.php(57): CodeIgniter\CodeIgniter->run()
CRITICAL - 2024-07-29 22:20:02 --> Undefined variable $payArray
in APPPATH/Models/Engine.php on line 2230.
 1 APPPATH/Models/Engine.php(2230): CodeIgniter\Debug\Exceptions->errorHandler()
 2 APPPATH/Controllers/Api.php(147): App\Models\Engine->getBillToSynch()
 3 SYSTEMPATH/CodeIgniter.php(896): App\Controllers\Api->postbillpayment()
 4 SYSTEMPATH/CodeIgniter.php(466): CodeIgniter\CodeIgniter->runController()
 5 SYSTEMPATH/CodeIgniter.php(349): CodeIgniter\CodeIgniter->handleRequest()
 6 FCPATH/index.php(57): CodeIgniter\CodeIgniter->run()
CRITICAL - 2024-07-29 22:21:02 --> Undefined variable $payArray
in APPPATH/Models/Engine.php on line 2230.
 1 APPPATH/Models/Engine.php(2230): CodeIgniter\Debug\Exceptions->errorHandler()
 2 APPPATH/Controllers/Api.php(147): App\Models\Engine->getBillToSynch()
 3 SYSTEMPATH/CodeIgniter.php(896): App\Controllers\Api->postbillpayment()
 4 SYSTEMPATH/CodeIgniter.php(466): CodeIgniter\CodeIgniter->runController()
 5 SYSTEMPATH/CodeIgniter.php(349): CodeIgniter\CodeIgniter->handleRequest()
 6 FCPATH/index.php(57): CodeIgniter\CodeIgniter->run()
CRITICAL - 2024-07-29 22:22:02 --> Undefined variable $payArray
in APPPATH/Models/Engine.php on line 2230.
 1 APPPATH/Models/Engine.php(2230): CodeIgniter\Debug\Exceptions->errorHandler()
 2 APPPATH/Controllers/Api.php(147): App\Models\Engine->getBillToSynch()
 3 SYSTEMPATH/CodeIgniter.php(896): App\Controllers\Api->postbillpayment()
 4 SYSTEMPATH/CodeIgniter.php(466): CodeIgniter\CodeIgniter->runController()
 5 SYSTEMPATH/CodeIgniter.php(349): CodeIgniter\CodeIgniter->handleRequest()
 6 FCPATH/index.php(57): CodeIgniter\CodeIgniter->run()
CRITICAL - 2024-07-29 22:23:02 --> Undefined variable $payArray
in APPPATH/Models/Engine.php on line 2230.
 1 APPPATH/Models/Engine.php(2230): CodeIgniter\Debug\Exceptions->errorHandler()
 2 APPPATH/Controllers/Api.php(147): App\Models\Engine->getBillToSynch()
 3 SYSTEMPATH/CodeIgniter.php(896): App\Controllers\Api->postbillpayment()
 4 SYSTEMPATH/CodeIgniter.php(466): CodeIgniter\CodeIgniter->runController()
 5 SYSTEMPATH/CodeIgniter.php(349): CodeIgniter\CodeIgniter->handleRequest()
 6 FCPATH/index.php(57): CodeIgniter\CodeIgniter->run()
CRITICAL - 2024-07-29 22:24:02 --> Undefined variable $payArray
in APPPATH/Models/Engine.php on line 2230.
 1 APPPATH/Models/Engine.php(2230): CodeIgniter\Debug\Exceptions->errorHandler()
 2 APPPATH/Controllers/Api.php(147): App\Models\Engine->getBillToSynch()
 3 SYSTEMPATH/CodeIgniter.php(896): App\Controllers\Api->postbillpayment()
 4 SYSTEMPATH/CodeIgniter.php(466): CodeIgniter\CodeIgniter->runController()
 5 SYSTEMPATH/CodeIgniter.php(349): CodeIgniter\CodeIgniter->handleRequest()
 6 FCPATH/index.php(57): CodeIgniter\CodeIgniter->run()
CRITICAL - 2024-07-29 22:25:02 --> Undefined variable $payArray
in APPPATH/Models/Engine.php on line 2230.
 1 APPPATH/Models/Engine.php(2230): CodeIgniter\Debug\Exceptions->errorHandler()
 2 APPPATH/Controllers/Api.php(147): App\Models\Engine->getBillToSynch()
 3 SYSTEMPATH/CodeIgniter.php(896): App\Controllers\Api->postbillpayment()
 4 SYSTEMPATH/CodeIgniter.php(466): CodeIgniter\CodeIgniter->runController()
 5 SYSTEMPATH/CodeIgniter.php(349): CodeIgniter\CodeIgniter->handleRequest()
 6 FCPATH/index.php(57): CodeIgniter\CodeIgniter->run()
CRITICAL - 2024-07-29 22:26:02 --> Undefined variable $payArray
in APPPATH/Models/Engine.php on line 2230.
 1 APPPATH/Models/Engine.php(2230): CodeIgniter\Debug\Exceptions->errorHandler()
 2 APPPATH/Controllers/Api.php(147): App\Models\Engine->getBillToSynch()
 3 SYSTEMPATH/CodeIgniter.php(896): App\Controllers\Api->postbillpayment()
 4 SYSTEMPATH/CodeIgniter.php(466): CodeIgniter\CodeIgniter->runController()
 5 SYSTEMPATH/CodeIgniter.php(349): CodeIgniter\CodeIgniter->handleRequest()
 6 FCPATH/index.php(57): CodeIgniter\CodeIgniter->run()
CRITICAL - 2024-07-29 22:27:02 --> Undefined variable $payArray
in APPPATH/Models/Engine.php on line 2230.
 1 APPPATH/Models/Engine.php(2230): CodeIgniter\Debug\Exceptions->errorHandler()
 2 APPPATH/Controllers/Api.php(147): App\Models\Engine->getBillToSynch()
 3 SYSTEMPATH/CodeIgniter.php(896): App\Controllers\Api->postbillpayment()
 4 SYSTEMPATH/CodeIgniter.php(466): CodeIgniter\CodeIgniter->runController()
 5 SYSTEMPATH/CodeIgniter.php(349): CodeIgniter\CodeIgniter->handleRequest()
 6 FCPATH/index.php(57): CodeIgniter\CodeIgniter->run()
CRITICAL - 2024-07-29 22:28:02 --> Undefined variable $payArray
in APPPATH/Models/Engine.php on line 2230.
 1 APPPATH/Models/Engine.php(2230): CodeIgniter\Debug\Exceptions->errorHandler()
 2 APPPATH/Controllers/Api.php(147): App\Models\Engine->getBillToSynch()
 3 SYSTEMPATH/CodeIgniter.php(896): App\Controllers\Api->postbillpayment()
 4 SYSTEMPATH/CodeIgniter.php(466): CodeIgniter\CodeIgniter->runController()
 5 SYSTEMPATH/CodeIgniter.php(349): CodeIgniter\CodeIgniter->handleRequest()
 6 FCPATH/index.php(57): CodeIgniter\CodeIgniter->run()
CRITICAL - 2024-07-29 22:29:01 --> Undefined variable $payArray
in APPPATH/Models/Engine.php on line 2230.
 1 APPPATH/Models/Engine.php(2230): CodeIgniter\Debug\Exceptions->errorHandler()
 2 APPPATH/Controllers/Api.php(147): App\Models\Engine->getBillToSynch()
 3 SYSTEMPATH/CodeIgniter.php(896): App\Controllers\Api->postbillpayment()
 4 SYSTEMPATH/CodeIgniter.php(466): CodeIgniter\CodeIgniter->runController()
 5 SYSTEMPATH/CodeIgniter.php(349): CodeIgniter\CodeIgniter->handleRequest()
 6 FCPATH/index.php(57): CodeIgniter\CodeIgniter->run()
CRITICAL - 2024-07-29 22:30:01 --> Undefined variable $payArray
in APPPATH/Models/Engine.php on line 2230.
 1 APPPATH/Models/Engine.php(2230): CodeIgniter\Debug\Exceptions->errorHandler()
 2 APPPATH/Controllers/Api.php(147): App\Models\Engine->getBillToSynch()
 3 SYSTEMPATH/CodeIgniter.php(896): App\Controllers\Api->postbillpayment()
 4 SYSTEMPATH/CodeIgniter.php(466): CodeIgniter\CodeIgniter->runController()
 5 SYSTEMPATH/CodeIgniter.php(349): CodeIgniter\CodeIgniter->handleRequest()
 6 FCPATH/index.php(57): CodeIgniter\CodeIgniter->run()
CRITICAL - 2024-07-29 22:31:01 --> Undefined variable $payArray
in APPPATH/Models/Engine.php on line 2230.
 1 APPPATH/Models/Engine.php(2230): CodeIgniter\Debug\Exceptions->errorHandler()
 2 APPPATH/Controllers/Api.php(147): App\Models\Engine->getBillToSynch()
 3 SYSTEMPATH/CodeIgniter.php(896): App\Controllers\Api->postbillpayment()
 4 SYSTEMPATH/CodeIgniter.php(466): CodeIgniter\CodeIgniter->runController()
 5 SYSTEMPATH/CodeIgniter.php(349): CodeIgniter\CodeIgniter->handleRequest()
 6 FCPATH/index.php(57): CodeIgniter\CodeIgniter->run()
CRITICAL - 2024-07-29 22:32:01 --> Undefined variable $payArray
in APPPATH/Models/Engine.php on line 2230.
 1 APPPATH/Models/Engine.php(2230): CodeIgniter\Debug\Exceptions->errorHandler()
 2 APPPATH/Controllers/Api.php(147): App\Models\Engine->getBillToSynch()
 3 SYSTEMPATH/CodeIgniter.php(896): App\Controllers\Api->postbillpayment()
 4 SYSTEMPATH/CodeIgniter.php(466): CodeIgniter\CodeIgniter->runController()
 5 SYSTEMPATH/CodeIgniter.php(349): CodeIgniter\CodeIgniter->handleRequest()
 6 FCPATH/index.php(57): CodeIgniter\CodeIgniter->run()
CRITICAL - 2024-07-29 22:33:01 --> Undefined variable $payArray
in APPPATH/Models/Engine.php on line 2230.
 1 APPPATH/Models/Engine.php(2230): CodeIgniter\Debug\Exceptions->errorHandler()
 2 APPPATH/Controllers/Api.php(147): App\Models\Engine->getBillToSynch()
 3 SYSTEMPATH/CodeIgniter.php(896): App\Controllers\Api->postbillpayment()
 4 SYSTEMPATH/CodeIgniter.php(466): CodeIgniter\CodeIgniter->runController()
 5 SYSTEMPATH/CodeIgniter.php(349): CodeIgniter\CodeIgniter->handleRequest()
 6 FCPATH/index.php(57): CodeIgniter\CodeIgniter->run()
CRITICAL - 2024-07-29 22:34:01 --> Undefined variable $payArray
in APPPATH/Models/Engine.php on line 2230.
 1 APPPATH/Models/Engine.php(2230): CodeIgniter\Debug\Exceptions->errorHandler()
 2 APPPATH/Controllers/Api.php(147): App\Models\Engine->getBillToSynch()
 3 SYSTEMPATH/CodeIgniter.php(896): App\Controllers\Api->postbillpayment()
 4 SYSTEMPATH/CodeIgniter.php(466): CodeIgniter\CodeIgniter->runController()
 5 SYSTEMPATH/CodeIgniter.php(349): CodeIgniter\CodeIgniter->handleRequest()
 6 FCPATH/index.php(57): CodeIgniter\CodeIgniter->run()
CRITICAL - 2024-07-29 22:35:01 --> Undefined variable $payArray
in APPPATH/Models/Engine.php on line 2230.
 1 APPPATH/Models/Engine.php(2230): CodeIgniter\Debug\Exceptions->errorHandler()
 2 APPPATH/Controllers/Api.php(147): App\Models\Engine->getBillToSynch()
 3 SYSTEMPATH/CodeIgniter.php(896): App\Controllers\Api->postbillpayment()
 4 SYSTEMPATH/CodeIgniter.php(466): CodeIgniter\CodeIgniter->runController()
 5 SYSTEMPATH/CodeIgniter.php(349): CodeIgniter\CodeIgniter->handleRequest()
 6 FCPATH/index.php(57): CodeIgniter\CodeIgniter->run()
CRITICAL - 2024-07-29 22:36:01 --> Undefined variable $payArray
in APPPATH/Models/Engine.php on line 2230.
 1 APPPATH/Models/Engine.php(2230): CodeIgniter\Debug\Exceptions->errorHandler()
 2 APPPATH/Controllers/Api.php(147): App\Models\Engine->getBillToSynch()
 3 SYSTEMPATH/CodeIgniter.php(896): App\Controllers\Api->postbillpayment()
 4 SYSTEMPATH/CodeIgniter.php(466): CodeIgniter\CodeIgniter->runController()
 5 SYSTEMPATH/CodeIgniter.php(349): CodeIgniter\CodeIgniter->handleRequest()
 6 FCPATH/index.php(57): CodeIgniter\CodeIgniter->run()
CRITICAL - 2024-07-29 22:37:02 --> Undefined variable $payArray
in APPPATH/Models/Engine.php on line 2230.
 1 APPPATH/Models/Engine.php(2230): CodeIgniter\Debug\Exceptions->errorHandler()
 2 APPPATH/Controllers/Api.php(147): App\Models\Engine->getBillToSynch()
 3 SYSTEMPATH/CodeIgniter.php(896): App\Controllers\Api->postbillpayment()
 4 SYSTEMPATH/CodeIgniter.php(466): CodeIgniter\CodeIgniter->runController()
 5 SYSTEMPATH/CodeIgniter.php(349): CodeIgniter\CodeIgniter->handleRequest()
 6 FCPATH/index.php(57): CodeIgniter\CodeIgniter->run()
CRITICAL - 2024-07-29 22:38:02 --> Undefined variable $payArray
in APPPATH/Models/Engine.php on line 2230.
 1 APPPATH/Models/Engine.php(2230): CodeIgniter\Debug\Exceptions->errorHandler()
 2 APPPATH/Controllers/Api.php(147): App\Models\Engine->getBillToSynch()
 3 SYSTEMPATH/CodeIgniter.php(896): App\Controllers\Api->postbillpayment()
 4 SYSTEMPATH/CodeIgniter.php(466): CodeIgniter\CodeIgniter->runController()
 5 SYSTEMPATH/CodeIgniter.php(349): CodeIgniter\CodeIgniter->handleRequest()
 6 FCPATH/index.php(57): CodeIgniter\CodeIgniter->run()
CRITICAL - 2024-07-29 22:39:02 --> Undefined variable $payArray
in APPPATH/Models/Engine.php on line 2230.
 1 APPPATH/Models/Engine.php(2230): CodeIgniter\Debug\Exceptions->errorHandler()
 2 APPPATH/Controllers/Api.php(147): App\Models\Engine->getBillToSynch()
 3 SYSTEMPATH/CodeIgniter.php(896): App\Controllers\Api->postbillpayment()
 4 SYSTEMPATH/CodeIgniter.php(466): CodeIgniter\CodeIgniter->runController()
 5 SYSTEMPATH/CodeIgniter.php(349): CodeIgniter\CodeIgniter->handleRequest()
 6 FCPATH/index.php(57): CodeIgniter\CodeIgniter->run()
CRITICAL - 2024-07-29 22:40:02 --> Undefined variable $payArray
in APPPATH/Models/Engine.php on line 2230.
 1 APPPATH/Models/Engine.php(2230): CodeIgniter\Debug\Exceptions->errorHandler()
 2 APPPATH/Controllers/Api.php(147): App\Models\Engine->getBillToSynch()
 3 SYSTEMPATH/CodeIgniter.php(896): App\Controllers\Api->postbillpayment()
 4 SYSTEMPATH/CodeIgniter.php(466): CodeIgniter\CodeIgniter->runController()
 5 SYSTEMPATH/CodeIgniter.php(349): CodeIgniter\CodeIgniter->handleRequest()
 6 FCPATH/index.php(57): CodeIgniter\CodeIgniter->run()
CRITICAL - 2024-07-29 22:41:02 --> Undefined variable $payArray
in APPPATH/Models/Engine.php on line 2230.
 1 APPPATH/Models/Engine.php(2230): CodeIgniter\Debug\Exceptions->errorHandler()
 2 APPPATH/Controllers/Api.php(147): App\Models\Engine->getBillToSynch()
 3 SYSTEMPATH/CodeIgniter.php(896): App\Controllers\Api->postbillpayment()
 4 SYSTEMPATH/CodeIgniter.php(466): CodeIgniter\CodeIgniter->runController()
 5 SYSTEMPATH/CodeIgniter.php(349): CodeIgniter\CodeIgniter->handleRequest()
 6 FCPATH/index.php(57): CodeIgniter\CodeIgniter->run()
CRITICAL - 2024-07-29 22:42:02 --> Undefined variable $payArray
in APPPATH/Models/Engine.php on line 2230.
 1 APPPATH/Models/Engine.php(2230): CodeIgniter\Debug\Exceptions->errorHandler()
 2 APPPATH/Controllers/Api.php(147): App\Models\Engine->getBillToSynch()
 3 SYSTEMPATH/CodeIgniter.php(896): App\Controllers\Api->postbillpayment()
 4 SYSTEMPATH/CodeIgniter.php(466): CodeIgniter\CodeIgniter->runController()
 5 SYSTEMPATH/CodeIgniter.php(349): CodeIgniter\CodeIgniter->handleRequest()
 6 FCPATH/index.php(57): CodeIgniter\CodeIgniter->run()
CRITICAL - 2024-07-29 22:43:02 --> Undefined variable $payArray
in APPPATH/Models/Engine.php on line 2230.
 1 APPPATH/Models/Engine.php(2230): CodeIgniter\Debug\Exceptions->errorHandler()
 2 APPPATH/Controllers/Api.php(147): App\Models\Engine->getBillToSynch()
 3 SYSTEMPATH/CodeIgniter.php(896): App\Controllers\Api->postbillpayment()
 4 SYSTEMPATH/CodeIgniter.php(466): CodeIgniter\CodeIgniter->runController()
 5 SYSTEMPATH/CodeIgniter.php(349): CodeIgniter\CodeIgniter->handleRequest()
 6 FCPATH/index.php(57): CodeIgniter\CodeIgniter->run()
CRITICAL - 2024-07-29 22:44:02 --> Undefined variable $payArray
in APPPATH/Models/Engine.php on line 2230.
 1 APPPATH/Models/Engine.php(2230): CodeIgniter\Debug\Exceptions->errorHandler()
 2 APPPATH/Controllers/Api.php(147): App\Models\Engine->getBillToSynch()
 3 SYSTEMPATH/CodeIgniter.php(896): App\Controllers\Api->postbillpayment()
 4 SYSTEMPATH/CodeIgniter.php(466): CodeIgniter\CodeIgniter->runController()
 5 SYSTEMPATH/CodeIgniter.php(349): CodeIgniter\CodeIgniter->handleRequest()
 6 FCPATH/index.php(57): CodeIgniter\CodeIgniter->run()
CRITICAL - 2024-07-29 22:45:02 --> Undefined variable $payArray
in APPPATH/Models/Engine.php on line 2230.
 1 APPPATH/Models/Engine.php(2230): CodeIgniter\Debug\Exceptions->errorHandler()
 2 APPPATH/Controllers/Api.php(147): App\Models\Engine->getBillToSynch()
 3 SYSTEMPATH/CodeIgniter.php(896): App\Controllers\Api->postbillpayment()
 4 SYSTEMPATH/CodeIgniter.php(466): CodeIgniter\CodeIgniter->runController()
 5 SYSTEMPATH/CodeIgniter.php(349): CodeIgniter\CodeIgniter->handleRequest()
 6 FCPATH/index.php(57): CodeIgniter\CodeIgniter->run()
CRITICAL - 2024-07-29 22:46:02 --> Undefined variable $payArray
in APPPATH/Models/Engine.php on line 2230.
 1 APPPATH/Models/Engine.php(2230): CodeIgniter\Debug\Exceptions->errorHandler()
 2 APPPATH/Controllers/Api.php(147): App\Models\Engine->getBillToSynch()
 3 SYSTEMPATH/CodeIgniter.php(896): App\Controllers\Api->postbillpayment()
 4 SYSTEMPATH/CodeIgniter.php(466): CodeIgniter\CodeIgniter->runController()
 5 SYSTEMPATH/CodeIgniter.php(349): CodeIgniter\CodeIgniter->handleRequest()
 6 FCPATH/index.php(57): CodeIgniter\CodeIgniter->run()
CRITICAL - 2024-07-29 22:47:01 --> Undefined variable $payArray
in APPPATH/Models/Engine.php on line 2230.
 1 APPPATH/Models/Engine.php(2230): CodeIgniter\Debug\Exceptions->errorHandler()
 2 APPPATH/Controllers/Api.php(147): App\Models\Engine->getBillToSynch()
 3 SYSTEMPATH/CodeIgniter.php(896): App\Controllers\Api->postbillpayment()
 4 SYSTEMPATH/CodeIgniter.php(466): CodeIgniter\CodeIgniter->runController()
 5 SYSTEMPATH/CodeIgniter.php(349): CodeIgniter\CodeIgniter->handleRequest()
 6 FCPATH/index.php(57): CodeIgniter\CodeIgniter->run()
CRITICAL - 2024-07-29 22:48:01 --> Undefined variable $payArray
in APPPATH/Models/Engine.php on line 2230.
 1 APPPATH/Models/Engine.php(2230): CodeIgniter\Debug\Exceptions->errorHandler()
 2 APPPATH/Controllers/Api.php(147): App\Models\Engine->getBillToSynch()
 3 SYSTEMPATH/CodeIgniter.php(896): App\Controllers\Api->postbillpayment()
 4 SYSTEMPATH/CodeIgniter.php(466): CodeIgniter\CodeIgniter->runController()
 5 SYSTEMPATH/CodeIgniter.php(349): CodeIgniter\CodeIgniter->handleRequest()
 6 FCPATH/index.php(57): CodeIgniter\CodeIgniter->run()
CRITICAL - 2024-07-29 22:49:01 --> Undefined variable $payArray
in APPPATH/Models/Engine.php on line 2230.
 1 APPPATH/Models/Engine.php(2230): CodeIgniter\Debug\Exceptions->errorHandler()
 2 APPPATH/Controllers/Api.php(147): App\Models\Engine->getBillToSynch()
 3 SYSTEMPATH/CodeIgniter.php(896): App\Controllers\Api->postbillpayment()
 4 SYSTEMPATH/CodeIgniter.php(466): CodeIgniter\CodeIgniter->runController()
 5 SYSTEMPATH/CodeIgniter.php(349): CodeIgniter\CodeIgniter->handleRequest()
 6 FCPATH/index.php(57): CodeIgniter\CodeIgniter->run()
CRITICAL - 2024-07-29 22:50:01 --> Undefined variable $payArray
in APPPATH/Models/Engine.php on line 2230.
 1 APPPATH/Models/Engine.php(2230): CodeIgniter\Debug\Exceptions->errorHandler()
 2 APPPATH/Controllers/Api.php(147): App\Models\Engine->getBillToSynch()
 3 SYSTEMPATH/CodeIgniter.php(896): App\Controllers\Api->postbillpayment()
 4 SYSTEMPATH/CodeIgniter.php(466): CodeIgniter\CodeIgniter->runController()
 5 SYSTEMPATH/CodeIgniter.php(349): CodeIgniter\CodeIgniter->handleRequest()
 6 FCPATH/index.php(57): CodeIgniter\CodeIgniter->run()
CRITICAL - 2024-07-29 22:51:01 --> Undefined variable $payArray
in APPPATH/Models/Engine.php on line 2230.
 1 APPPATH/Models/Engine.php(2230): CodeIgniter\Debug\Exceptions->errorHandler()
 2 APPPATH/Controllers/Api.php(147): App\Models\Engine->getBillToSynch()
 3 SYSTEMPATH/CodeIgniter.php(896): App\Controllers\Api->postbillpayment()
 4 SYSTEMPATH/CodeIgniter.php(466): CodeIgniter\CodeIgniter->runController()
 5 SYSTEMPATH/CodeIgniter.php(349): CodeIgniter\CodeIgniter->handleRequest()
 6 FCPATH/index.php(57): CodeIgniter\CodeIgniter->run()
CRITICAL - 2024-07-29 22:52:01 --> Undefined variable $payArray
in APPPATH/Models/Engine.php on line 2230.
 1 APPPATH/Models/Engine.php(2230): CodeIgniter\Debug\Exceptions->errorHandler()
 2 APPPATH/Controllers/Api.php(147): App\Models\Engine->getBillToSynch()
 3 SYSTEMPATH/CodeIgniter.php(896): App\Controllers\Api->postbillpayment()
 4 SYSTEMPATH/CodeIgniter.php(466): CodeIgniter\CodeIgniter->runController()
 5 SYSTEMPATH/CodeIgniter.php(349): CodeIgniter\CodeIgniter->handleRequest()
 6 FCPATH/index.php(57): CodeIgniter\CodeIgniter->run()
CRITICAL - 2024-07-29 22:53:01 --> Undefined variable $payArray
in APPPATH/Models/Engine.php on line 2230.
 1 APPPATH/Models/Engine.php(2230): CodeIgniter\Debug\Exceptions->errorHandler()
 2 APPPATH/Controllers/Api.php(147): App\Models\Engine->getBillToSynch()
 3 SYSTEMPATH/CodeIgniter.php(896): App\Controllers\Api->postbillpayment()
 4 SYSTEMPATH/CodeIgniter.php(466): CodeIgniter\CodeIgniter->runController()
 5 SYSTEMPATH/CodeIgniter.php(349): CodeIgniter\CodeIgniter->handleRequest()
 6 FCPATH/index.php(57): CodeIgniter\CodeIgniter->run()
CRITICAL - 2024-07-29 22:54:02 --> Undefined variable $payArray
in APPPATH/Models/Engine.php on line 2230.
 1 APPPATH/Models/Engine.php(2230): CodeIgniter\Debug\Exceptions->errorHandler()
 2 APPPATH/Controllers/Api.php(147): App\Models\Engine->getBillToSynch()
 3 SYSTEMPATH/CodeIgniter.php(896): App\Controllers\Api->postbillpayment()
 4 SYSTEMPATH/CodeIgniter.php(466): CodeIgniter\CodeIgniter->runController()
 5 SYSTEMPATH/CodeIgniter.php(349): CodeIgniter\CodeIgniter->handleRequest()
 6 FCPATH/index.php(57): CodeIgniter\CodeIgniter->run()
CRITICAL - 2024-07-29 22:55:02 --> Undefined variable $payArray
in APPPATH/Models/Engine.php on line 2230.
 1 APPPATH/Models/Engine.php(2230): CodeIgniter\Debug\Exceptions->errorHandler()
 2 APPPATH/Controllers/Api.php(147): App\Models\Engine->getBillToSynch()
 3 SYSTEMPATH/CodeIgniter.php(896): App\Controllers\Api->postbillpayment()
 4 SYSTEMPATH/CodeIgniter.php(466): CodeIgniter\CodeIgniter->runController()
 5 SYSTEMPATH/CodeIgniter.php(349): CodeIgniter\CodeIgniter->handleRequest()
 6 FCPATH/index.php(57): CodeIgniter\CodeIgniter->run()
CRITICAL - 2024-07-29 22:56:02 --> Undefined variable $payArray
in APPPATH/Models/Engine.php on line 2230.
 1 APPPATH/Models/Engine.php(2230): CodeIgniter\Debug\Exceptions->errorHandler()
 2 APPPATH/Controllers/Api.php(147): App\Models\Engine->getBillToSynch()
 3 SYSTEMPATH/CodeIgniter.php(896): App\Controllers\Api->postbillpayment()
 4 SYSTEMPATH/CodeIgniter.php(466): CodeIgniter\CodeIgniter->runController()
 5 SYSTEMPATH/CodeIgniter.php(349): CodeIgniter\CodeIgniter->handleRequest()
 6 FCPATH/index.php(57): CodeIgniter\CodeIgniter->run()
CRITICAL - 2024-07-29 22:57:02 --> Undefined variable $payArray
in APPPATH/Models/Engine.php on line 2230.
 1 APPPATH/Models/Engine.php(2230): CodeIgniter\Debug\Exceptions->errorHandler()
 2 APPPATH/Controllers/Api.php(147): App\Models\Engine->getBillToSynch()
 3 SYSTEMPATH/CodeIgniter.php(896): App\Controllers\Api->postbillpayment()
 4 SYSTEMPATH/CodeIgniter.php(466): CodeIgniter\CodeIgniter->runController()
 5 SYSTEMPATH/CodeIgniter.php(349): CodeIgniter\CodeIgniter->handleRequest()
 6 FCPATH/index.php(57): CodeIgniter\CodeIgniter->run()
CRITICAL - 2024-07-29 22:58:02 --> Undefined variable $payArray
in APPPATH/Models/Engine.php on line 2230.
 1 APPPATH/Models/Engine.php(2230): CodeIgniter\Debug\Exceptions->errorHandler()
 2 APPPATH/Controllers/Api.php(147): App\Models\Engine->getBillToSynch()
 3 SYSTEMPATH/CodeIgniter.php(896): App\Controllers\Api->postbillpayment()
 4 SYSTEMPATH/CodeIgniter.php(466): CodeIgniter\CodeIgniter->runController()
 5 SYSTEMPATH/CodeIgniter.php(349): CodeIgniter\CodeIgniter->handleRequest()
 6 FCPATH/index.php(57): CodeIgniter\CodeIgniter->run()
CRITICAL - 2024-07-29 22:59:02 --> Undefined variable $payArray
in APPPATH/Models/Engine.php on line 2230.
 1 APPPATH/Models/Engine.php(2230): CodeIgniter\Debug\Exceptions->errorHandler()
 2 APPPATH/Controllers/Api.php(147): App\Models\Engine->getBillToSynch()
 3 SYSTEMPATH/CodeIgniter.php(896): App\Controllers\Api->postbillpayment()
 4 SYSTEMPATH/CodeIgniter.php(466): CodeIgniter\CodeIgniter->runController()
 5 SYSTEMPATH/CodeIgniter.php(349): CodeIgniter\CodeIgniter->handleRequest()
 6 FCPATH/index.php(57): CodeIgniter\CodeIgniter->run()
CRITICAL - 2024-07-29 23:00:02 --> Undefined variable $payArray
in APPPATH/Models/Engine.php on line 2230.
 1 APPPATH/Models/Engine.php(2230): CodeIgniter\Debug\Exceptions->errorHandler()
 2 APPPATH/Controllers/Api.php(147): App\Models\Engine->getBillToSynch()
 3 SYSTEMPATH/CodeIgniter.php(896): App\Controllers\Api->postbillpayment()
 4 SYSTEMPATH/CodeIgniter.php(466): CodeIgniter\CodeIgniter->runController()
 5 SYSTEMPATH/CodeIgniter.php(349): CodeIgniter\CodeIgniter->handleRequest()
 6 FCPATH/index.php(57): CodeIgniter\CodeIgniter->run()
CRITICAL - 2024-07-29 23:01:02 --> Undefined variable $payArray
in APPPATH/Models/Engine.php on line 2230.
 1 APPPATH/Models/Engine.php(2230): CodeIgniter\Debug\Exceptions->errorHandler()
 2 APPPATH/Controllers/Api.php(147): App\Models\Engine->getBillToSynch()
 3 SYSTEMPATH/CodeIgniter.php(896): App\Controllers\Api->postbillpayment()
 4 SYSTEMPATH/CodeIgniter.php(466): CodeIgniter\CodeIgniter->runController()
 5 SYSTEMPATH/CodeIgniter.php(349): CodeIgniter\CodeIgniter->handleRequest()
 6 FCPATH/index.php(57): CodeIgniter\CodeIgniter->run()
CRITICAL - 2024-07-29 23:02:02 --> Undefined variable $payArray
in APPPATH/Models/Engine.php on line 2230.
 1 APPPATH/Models/Engine.php(2230): CodeIgniter\Debug\Exceptions->errorHandler()
 2 APPPATH/Controllers/Api.php(147): App\Models\Engine->getBillToSynch()
 3 SYSTEMPATH/CodeIgniter.php(896): App\Controllers\Api->postbillpayment()
 4 SYSTEMPATH/CodeIgniter.php(466): CodeIgniter\CodeIgniter->runController()
 5 SYSTEMPATH/CodeIgniter.php(349): CodeIgniter\CodeIgniter->handleRequest()
 6 FCPATH/index.php(57): CodeIgniter\CodeIgniter->run()
CRITICAL - 2024-07-29 23:03:02 --> Undefined variable $payArray
in APPPATH/Models/Engine.php on line 2230.
 1 APPPATH/Models/Engine.php(2230): CodeIgniter\Debug\Exceptions->errorHandler()
 2 APPPATH/Controllers/Api.php(147): App\Models\Engine->getBillToSynch()
 3 SYSTEMPATH/CodeIgniter.php(896): App\Controllers\Api->postbillpayment()
 4 SYSTEMPATH/CodeIgniter.php(466): CodeIgniter\CodeIgniter->runController()
 5 SYSTEMPATH/CodeIgniter.php(349): CodeIgniter\CodeIgniter->handleRequest()
 6 FCPATH/index.php(57): CodeIgniter\CodeIgniter->run()
CRITICAL - 2024-07-29 23:04:01 --> Undefined variable $payArray
in APPPATH/Models/Engine.php on line 2230.
 1 APPPATH/Models/Engine.php(2230): CodeIgniter\Debug\Exceptions->errorHandler()
 2 APPPATH/Controllers/Api.php(147): App\Models\Engine->getBillToSynch()
 3 SYSTEMPATH/CodeIgniter.php(896): App\Controllers\Api->postbillpayment()
 4 SYSTEMPATH/CodeIgniter.php(466): CodeIgniter\CodeIgniter->runController()
 5 SYSTEMPATH/CodeIgniter.php(349): CodeIgniter\CodeIgniter->handleRequest()
 6 FCPATH/index.php(57): CodeIgniter\CodeIgniter->run()
CRITICAL - 2024-07-29 23:05:01 --> Undefined variable $payArray
in APPPATH/Models/Engine.php on line 2230.
 1 APPPATH/Models/Engine.php(2230): CodeIgniter\Debug\Exceptions->errorHandler()
 2 APPPATH/Controllers/Api.php(147): App\Models\Engine->getBillToSynch()
 3 SYSTEMPATH/CodeIgniter.php(896): App\Controllers\Api->postbillpayment()
 4 SYSTEMPATH/CodeIgniter.php(466): CodeIgniter\CodeIgniter->runController()
 5 SYSTEMPATH/CodeIgniter.php(349): CodeIgniter\CodeIgniter->handleRequest()
 6 FCPATH/index.php(57): CodeIgniter\CodeIgniter->run()
CRITICAL - 2024-07-29 23:06:01 --> Undefined variable $payArray
in APPPATH/Models/Engine.php on line 2230.
 1 APPPATH/Models/Engine.php(2230): CodeIgniter\Debug\Exceptions->errorHandler()
 2 APPPATH/Controllers/Api.php(147): App\Models\Engine->getBillToSynch()
 3 SYSTEMPATH/CodeIgniter.php(896): App\Controllers\Api->postbillpayment()
 4 SYSTEMPATH/CodeIgniter.php(466): CodeIgniter\CodeIgniter->runController()
 5 SYSTEMPATH/CodeIgniter.php(349): CodeIgniter\CodeIgniter->handleRequest()
 6 FCPATH/index.php(57): CodeIgniter\CodeIgniter->run()
CRITICAL - 2024-07-29 23:07:01 --> Undefined variable $payArray
in APPPATH/Models/Engine.php on line 2230.
 1 APPPATH/Models/Engine.php(2230): CodeIgniter\Debug\Exceptions->errorHandler()
 2 APPPATH/Controllers/Api.php(147): App\Models\Engine->getBillToSynch()
 3 SYSTEMPATH/CodeIgniter.php(896): App\Controllers\Api->postbillpayment()
 4 SYSTEMPATH/CodeIgniter.php(466): CodeIgniter\CodeIgniter->runController()
 5 SYSTEMPATH/CodeIgniter.php(349): CodeIgniter\CodeIgniter->handleRequest()
 6 FCPATH/index.php(57): CodeIgniter\CodeIgniter->run()
CRITICAL - 2024-07-29 23:08:01 --> Undefined variable $payArray
in APPPATH/Models/Engine.php on line 2230.
 1 APPPATH/Models/Engine.php(2230): CodeIgniter\Debug\Exceptions->errorHandler()
 2 APPPATH/Controllers/Api.php(147): App\Models\Engine->getBillToSynch()
 3 SYSTEMPATH/CodeIgniter.php(896): App\Controllers\Api->postbillpayment()
 4 SYSTEMPATH/CodeIgniter.php(466): CodeIgniter\CodeIgniter->runController()
 5 SYSTEMPATH/CodeIgniter.php(349): CodeIgniter\CodeIgniter->handleRequest()
 6 FCPATH/index.php(57): CodeIgniter\CodeIgniter->run()
CRITICAL - 2024-07-29 23:09:01 --> Undefined variable $payArray
in APPPATH/Models/Engine.php on line 2230.
 1 APPPATH/Models/Engine.php(2230): CodeIgniter\Debug\Exceptions->errorHandler()
 2 APPPATH/Controllers/Api.php(147): App\Models\Engine->getBillToSynch()
 3 SYSTEMPATH/CodeIgniter.php(896): App\Controllers\Api->postbillpayment()
 4 SYSTEMPATH/CodeIgniter.php(466): CodeIgniter\CodeIgniter->runController()
 5 SYSTEMPATH/CodeIgniter.php(349): CodeIgniter\CodeIgniter->handleRequest()
 6 FCPATH/index.php(57): CodeIgniter\CodeIgniter->run()
CRITICAL - 2024-07-29 23:10:01 --> Undefined variable $payArray
in APPPATH/Models/Engine.php on line 2230.
 1 APPPATH/Models/Engine.php(2230): CodeIgniter\Debug\Exceptions->errorHandler()
 2 APPPATH/Controllers/Api.php(147): App\Models\Engine->getBillToSynch()
 3 SYSTEMPATH/CodeIgniter.php(896): App\Controllers\Api->postbillpayment()
 4 SYSTEMPATH/CodeIgniter.php(466): CodeIgniter\CodeIgniter->runController()
 5 SYSTEMPATH/CodeIgniter.php(349): CodeIgniter\CodeIgniter->handleRequest()
 6 FCPATH/index.php(57): CodeIgniter\CodeIgniter->run()
CRITICAL - 2024-07-29 23:11:02 --> Undefined variable $payArray
in APPPATH/Models/Engine.php on line 2230.
 1 APPPATH/Models/Engine.php(2230): CodeIgniter\Debug\Exceptions->errorHandler()
 2 APPPATH/Controllers/Api.php(147): App\Models\Engine->getBillToSynch()
 3 SYSTEMPATH/CodeIgniter.php(896): App\Controllers\Api->postbillpayment()
 4 SYSTEMPATH/CodeIgniter.php(466): CodeIgniter\CodeIgniter->runController()
 5 SYSTEMPATH/CodeIgniter.php(349): CodeIgniter\CodeIgniter->handleRequest()
 6 FCPATH/index.php(57): CodeIgniter\CodeIgniter->run()
CRITICAL - 2024-07-29 23:12:02 --> Undefined variable $payArray
in APPPATH/Models/Engine.php on line 2230.
 1 APPPATH/Models/Engine.php(2230): CodeIgniter\Debug\Exceptions->errorHandler()
 2 APPPATH/Controllers/Api.php(147): App\Models\Engine->getBillToSynch()
 3 SYSTEMPATH/CodeIgniter.php(896): App\Controllers\Api->postbillpayment()
 4 SYSTEMPATH/CodeIgniter.php(466): CodeIgniter\CodeIgniter->runController()
 5 SYSTEMPATH/CodeIgniter.php(349): CodeIgniter\CodeIgniter->handleRequest()
 6 FCPATH/index.php(57): CodeIgniter\CodeIgniter->run()
CRITICAL - 2024-07-29 23:13:02 --> Undefined variable $payArray
in APPPATH/Models/Engine.php on line 2230.
 1 APPPATH/Models/Engine.php(2230): CodeIgniter\Debug\Exceptions->errorHandler()
 2 APPPATH/Controllers/Api.php(147): App\Models\Engine->getBillToSynch()
 3 SYSTEMPATH/CodeIgniter.php(896): App\Controllers\Api->postbillpayment()
 4 SYSTEMPATH/CodeIgniter.php(466): CodeIgniter\CodeIgniter->runController()
 5 SYSTEMPATH/CodeIgniter.php(349): CodeIgniter\CodeIgniter->handleRequest()
 6 FCPATH/index.php(57): CodeIgniter\CodeIgniter->run()
CRITICAL - 2024-07-29 23:14:02 --> Undefined variable $payArray
in APPPATH/Models/Engine.php on line 2230.
 1 APPPATH/Models/Engine.php(2230): CodeIgniter\Debug\Exceptions->errorHandler()
 2 APPPATH/Controllers/Api.php(147): App\Models\Engine->getBillToSynch()
 3 SYSTEMPATH/CodeIgniter.php(896): App\Controllers\Api->postbillpayment()
 4 SYSTEMPATH/CodeIgniter.php(466): CodeIgniter\CodeIgniter->runController()
 5 SYSTEMPATH/CodeIgniter.php(349): CodeIgniter\CodeIgniter->handleRequest()
 6 FCPATH/index.php(57): CodeIgniter\CodeIgniter->run()
CRITICAL - 2024-07-29 23:15:02 --> Undefined variable $payArray
in APPPATH/Models/Engine.php on line 2230.
 1 APPPATH/Models/Engine.php(2230): CodeIgniter\Debug\Exceptions->errorHandler()
 2 APPPATH/Controllers/Api.php(147): App\Models\Engine->getBillToSynch()
 3 SYSTEMPATH/CodeIgniter.php(896): App\Controllers\Api->postbillpayment()
 4 SYSTEMPATH/CodeIgniter.php(466): CodeIgniter\CodeIgniter->runController()
 5 SYSTEMPATH/CodeIgniter.php(349): CodeIgniter\CodeIgniter->handleRequest()
 6 FCPATH/index.php(57): CodeIgniter\CodeIgniter->run()
CRITICAL - 2024-07-29 23:16:02 --> Undefined variable $payArray
in APPPATH/Models/Engine.php on line 2230.
 1 APPPATH/Models/Engine.php(2230): CodeIgniter\Debug\Exceptions->errorHandler()
 2 APPPATH/Controllers/Api.php(147): App\Models\Engine->getBillToSynch()
 3 SYSTEMPATH/CodeIgniter.php(896): App\Controllers\Api->postbillpayment()
 4 SYSTEMPATH/CodeIgniter.php(466): CodeIgniter\CodeIgniter->runController()
 5 SYSTEMPATH/CodeIgniter.php(349): CodeIgniter\CodeIgniter->handleRequest()
 6 FCPATH/index.php(57): CodeIgniter\CodeIgniter->run()
CRITICAL - 2024-07-29 23:17:02 --> Undefined variable $payArray
in APPPATH/Models/Engine.php on line 2230.
 1 APPPATH/Models/Engine.php(2230): CodeIgniter\Debug\Exceptions->errorHandler()
 2 APPPATH/Controllers/Api.php(147): App\Models\Engine->getBillToSynch()
 3 SYSTEMPATH/CodeIgniter.php(896): App\Controllers\Api->postbillpayment()
 4 SYSTEMPATH/CodeIgniter.php(466): CodeIgniter\CodeIgniter->runController()
 5 SYSTEMPATH/CodeIgniter.php(349): CodeIgniter\CodeIgniter->handleRequest()
 6 FCPATH/index.php(57): CodeIgniter\CodeIgniter->run()
CRITICAL - 2024-07-29 23:18:02 --> Undefined variable $payArray
in APPPATH/Models/Engine.php on line 2230.
 1 APPPATH/Models/Engine.php(2230): CodeIgniter\Debug\Exceptions->errorHandler()
 2 APPPATH/Controllers/Api.php(147): App\Models\Engine->getBillToSynch()
 3 SYSTEMPATH/CodeIgniter.php(896): App\Controllers\Api->postbillpayment()
 4 SYSTEMPATH/CodeIgniter.php(466): CodeIgniter\CodeIgniter->runController()
 5 SYSTEMPATH/CodeIgniter.php(349): CodeIgniter\CodeIgniter->handleRequest()
 6 FCPATH/index.php(57): CodeIgniter\CodeIgniter->run()
CRITICAL - 2024-07-29 23:19:02 --> Undefined variable $payArray
in APPPATH/Models/Engine.php on line 2230.
 1 APPPATH/Models/Engine.php(2230): CodeIgniter\Debug\Exceptions->errorHandler()
 2 APPPATH/Controllers/Api.php(147): App\Models\Engine->getBillToSynch()
 3 SYSTEMPATH/CodeIgniter.php(896): App\Controllers\Api->postbillpayment()
 4 SYSTEMPATH/CodeIgniter.php(466): CodeIgniter\CodeIgniter->runController()
 5 SYSTEMPATH/CodeIgniter.php(349): CodeIgniter\CodeIgniter->handleRequest()
 6 FCPATH/index.php(57): CodeIgniter\CodeIgniter->run()
CRITICAL - 2024-07-29 23:20:02 --> Undefined variable $payArray
in APPPATH/Models/Engine.php on line 2230.
 1 APPPATH/Models/Engine.php(2230): CodeIgniter\Debug\Exceptions->errorHandler()
 2 APPPATH/Controllers/Api.php(147): App\Models\Engine->getBillToSynch()
 3 SYSTEMPATH/CodeIgniter.php(896): App\Controllers\Api->postbillpayment()
 4 SYSTEMPATH/CodeIgniter.php(466): CodeIgniter\CodeIgniter->runController()
 5 SYSTEMPATH/CodeIgniter.php(349): CodeIgniter\CodeIgniter->handleRequest()
 6 FCPATH/index.php(57): CodeIgniter\CodeIgniter->run()
CRITICAL - 2024-07-29 23:21:02 --> Undefined variable $payArray
in APPPATH/Models/Engine.php on line 2230.
 1 APPPATH/Models/Engine.php(2230): CodeIgniter\Debug\Exceptions->errorHandler()
 2 APPPATH/Controllers/Api.php(147): App\Models\Engine->getBillToSynch()
 3 SYSTEMPATH/CodeIgniter.php(896): App\Controllers\Api->postbillpayment()
 4 SYSTEMPATH/CodeIgniter.php(466): CodeIgniter\CodeIgniter->runController()
 5 SYSTEMPATH/CodeIgniter.php(349): CodeIgniter\CodeIgniter->handleRequest()
 6 FCPATH/index.php(57): CodeIgniter\CodeIgniter->run()
CRITICAL - 2024-07-29 23:22:01 --> Undefined variable $payArray
in APPPATH/Models/Engine.php on line 2230.
 1 APPPATH/Models/Engine.php(2230): CodeIgniter\Debug\Exceptions->errorHandler()
 2 APPPATH/Controllers/Api.php(147): App\Models\Engine->getBillToSynch()
 3 SYSTEMPATH/CodeIgniter.php(896): App\Controllers\Api->postbillpayment()
 4 SYSTEMPATH/CodeIgniter.php(466): CodeIgniter\CodeIgniter->runController()
 5 SYSTEMPATH/CodeIgniter.php(349): CodeIgniter\CodeIgniter->handleRequest()
 6 FCPATH/index.php(57): CodeIgniter\CodeIgniter->run()
CRITICAL - 2024-07-29 23:23:01 --> Undefined variable $payArray
in APPPATH/Models/Engine.php on line 2230.
 1 APPPATH/Models/Engine.php(2230): CodeIgniter\Debug\Exceptions->errorHandler()
 2 APPPATH/Controllers/Api.php(147): App\Models\Engine->getBillToSynch()
 3 SYSTEMPATH/CodeIgniter.php(896): App\Controllers\Api->postbillpayment()
 4 SYSTEMPATH/CodeIgniter.php(466): CodeIgniter\CodeIgniter->runController()
 5 SYSTEMPATH/CodeIgniter.php(349): CodeIgniter\CodeIgniter->handleRequest()
 6 FCPATH/index.php(57): CodeIgniter\CodeIgniter->run()
CRITICAL - 2024-07-29 23:24:01 --> Undefined variable $payArray
in APPPATH/Models/Engine.php on line 2230.
 1 APPPATH/Models/Engine.php(2230): CodeIgniter\Debug\Exceptions->errorHandler()
 2 APPPATH/Controllers/Api.php(147): App\Models\Engine->getBillToSynch()
 3 SYSTEMPATH/CodeIgniter.php(896): App\Controllers\Api->postbillpayment()
 4 SYSTEMPATH/CodeIgniter.php(466): CodeIgniter\CodeIgniter->runController()
 5 SYSTEMPATH/CodeIgniter.php(349): CodeIgniter\CodeIgniter->handleRequest()
 6 FCPATH/index.php(57): CodeIgniter\CodeIgniter->run()
CRITICAL - 2024-07-29 23:25:01 --> Undefined variable $payArray
in APPPATH/Models/Engine.php on line 2230.
 1 APPPATH/Models/Engine.php(2230): CodeIgniter\Debug\Exceptions->errorHandler()
 2 APPPATH/Controllers/Api.php(147): App\Models\Engine->getBillToSynch()
 3 SYSTEMPATH/CodeIgniter.php(896): App\Controllers\Api->postbillpayment()
 4 SYSTEMPATH/CodeIgniter.php(466): CodeIgniter\CodeIgniter->runController()
 5 SYSTEMPATH/CodeIgniter.php(349): CodeIgniter\CodeIgniter->handleRequest()
 6 FCPATH/index.php(57): CodeIgniter\CodeIgniter->run()
CRITICAL - 2024-07-29 23:26:01 --> Undefined variable $payArray
in APPPATH/Models/Engine.php on line 2230.
 1 APPPATH/Models/Engine.php(2230): CodeIgniter\Debug\Exceptions->errorHandler()
 2 APPPATH/Controllers/Api.php(147): App\Models\Engine->getBillToSynch()
 3 SYSTEMPATH/CodeIgniter.php(896): App\Controllers\Api->postbillpayment()
 4 SYSTEMPATH/CodeIgniter.php(466): CodeIgniter\CodeIgniter->runController()
 5 SYSTEMPATH/CodeIgniter.php(349): CodeIgniter\CodeIgniter->handleRequest()
 6 FCPATH/index.php(57): CodeIgniter\CodeIgniter->run()
CRITICAL - 2024-07-29 23:27:01 --> Undefined variable $payArray
in APPPATH/Models/Engine.php on line 2230.
 1 APPPATH/Models/Engine.php(2230): CodeIgniter\Debug\Exceptions->errorHandler()
 2 APPPATH/Controllers/Api.php(147): App\Models\Engine->getBillToSynch()
 3 SYSTEMPATH/CodeIgniter.php(896): App\Controllers\Api->postbillpayment()
 4 SYSTEMPATH/CodeIgniter.php(466): CodeIgniter\CodeIgniter->runController()
 5 SYSTEMPATH/CodeIgniter.php(349): CodeIgniter\CodeIgniter->handleRequest()
 6 FCPATH/index.php(57): CodeIgniter\CodeIgniter->run()
CRITICAL - 2024-07-29 23:28:02 --> Undefined variable $payArray
in APPPATH/Models/Engine.php on line 2230.
 1 APPPATH/Models/Engine.php(2230): CodeIgniter\Debug\Exceptions->errorHandler()
 2 APPPATH/Controllers/Api.php(147): App\Models\Engine->getBillToSynch()
 3 SYSTEMPATH/CodeIgniter.php(896): App\Controllers\Api->postbillpayment()
 4 SYSTEMPATH/CodeIgniter.php(466): CodeIgniter\CodeIgniter->runController()
 5 SYSTEMPATH/CodeIgniter.php(349): CodeIgniter\CodeIgniter->handleRequest()
 6 FCPATH/index.php(57): CodeIgniter\CodeIgniter->run()
CRITICAL - 2024-07-29 23:29:02 --> Undefined variable $payArray
in APPPATH/Models/Engine.php on line 2230.
 1 APPPATH/Models/Engine.php(2230): CodeIgniter\Debug\Exceptions->errorHandler()
 2 APPPATH/Controllers/Api.php(147): App\Models\Engine->getBillToSynch()
 3 SYSTEMPATH/CodeIgniter.php(896): App\Controllers\Api->postbillpayment()
 4 SYSTEMPATH/CodeIgniter.php(466): CodeIgniter\CodeIgniter->runController()
 5 SYSTEMPATH/CodeIgniter.php(349): CodeIgniter\CodeIgniter->handleRequest()
 6 FCPATH/index.php(57): CodeIgniter\CodeIgniter->run()
CRITICAL - 2024-07-29 23:30:02 --> Undefined variable $payArray
in APPPATH/Models/Engine.php on line 2230.
 1 APPPATH/Models/Engine.php(2230): CodeIgniter\Debug\Exceptions->errorHandler()
 2 APPPATH/Controllers/Api.php(147): App\Models\Engine->getBillToSynch()
 3 SYSTEMPATH/CodeIgniter.php(896): App\Controllers\Api->postbillpayment()
 4 SYSTEMPATH/CodeIgniter.php(466): CodeIgniter\CodeIgniter->runController()
 5 SYSTEMPATH/CodeIgniter.php(349): CodeIgniter\CodeIgniter->handleRequest()
 6 FCPATH/index.php(57): CodeIgniter\CodeIgniter->run()
CRITICAL - 2024-07-29 23:31:02 --> Undefined variable $payArray
in APPPATH/Models/Engine.php on line 2230.
 1 APPPATH/Models/Engine.php(2230): CodeIgniter\Debug\Exceptions->errorHandler()
 2 APPPATH/Controllers/Api.php(147): App\Models\Engine->getBillToSynch()
 3 SYSTEMPATH/CodeIgniter.php(896): App\Controllers\Api->postbillpayment()
 4 SYSTEMPATH/CodeIgniter.php(466): CodeIgniter\CodeIgniter->runController()
 5 SYSTEMPATH/CodeIgniter.php(349): CodeIgniter\CodeIgniter->handleRequest()
 6 FCPATH/index.php(57): CodeIgniter\CodeIgniter->run()
CRITICAL - 2024-07-29 23:32:02 --> Undefined variable $payArray
in APPPATH/Models/Engine.php on line 2230.
 1 APPPATH/Models/Engine.php(2230): CodeIgniter\Debug\Exceptions->errorHandler()
 2 APPPATH/Controllers/Api.php(147): App\Models\Engine->getBillToSynch()
 3 SYSTEMPATH/CodeIgniter.php(896): App\Controllers\Api->postbillpayment()
 4 SYSTEMPATH/CodeIgniter.php(466): CodeIgniter\CodeIgniter->runController()
 5 SYSTEMPATH/CodeIgniter.php(349): CodeIgniter\CodeIgniter->handleRequest()
 6 FCPATH/index.php(57): CodeIgniter\CodeIgniter->run()
CRITICAL - 2024-07-29 23:33:02 --> Undefined variable $payArray
in APPPATH/Models/Engine.php on line 2230.
 1 APPPATH/Models/Engine.php(2230): CodeIgniter\Debug\Exceptions->errorHandler()
 2 APPPATH/Controllers/Api.php(147): App\Models\Engine->getBillToSynch()
 3 SYSTEMPATH/CodeIgniter.php(896): App\Controllers\Api->postbillpayment()
 4 SYSTEMPATH/CodeIgniter.php(466): CodeIgniter\CodeIgniter->runController()
 5 SYSTEMPATH/CodeIgniter.php(349): CodeIgniter\CodeIgniter->handleRequest()
 6 FCPATH/index.php(57): CodeIgniter\CodeIgniter->run()
CRITICAL - 2024-07-29 23:34:02 --> Undefined variable $payArray
in APPPATH/Models/Engine.php on line 2230.
 1 APPPATH/Models/Engine.php(2230): CodeIgniter\Debug\Exceptions->errorHandler()
 2 APPPATH/Controllers/Api.php(147): App\Models\Engine->getBillToSynch()
 3 SYSTEMPATH/CodeIgniter.php(896): App\Controllers\Api->postbillpayment()
 4 SYSTEMPATH/CodeIgniter.php(466): CodeIgniter\CodeIgniter->runController()
 5 SYSTEMPATH/CodeIgniter.php(349): CodeIgniter\CodeIgniter->handleRequest()
 6 FCPATH/index.php(57): CodeIgniter\CodeIgniter->run()
CRITICAL - 2024-07-29 23:35:02 --> Undefined variable $payArray
in APPPATH/Models/Engine.php on line 2230.
 1 APPPATH/Models/Engine.php(2230): CodeIgniter\Debug\Exceptions->errorHandler()
 2 APPPATH/Controllers/Api.php(147): App\Models\Engine->getBillToSynch()
 3 SYSTEMPATH/CodeIgniter.php(896): App\Controllers\Api->postbillpayment()
 4 SYSTEMPATH/CodeIgniter.php(466): CodeIgniter\CodeIgniter->runController()
 5 SYSTEMPATH/CodeIgniter.php(349): CodeIgniter\CodeIgniter->handleRequest()
 6 FCPATH/index.php(57): CodeIgniter\CodeIgniter->run()
CRITICAL - 2024-07-29 23:36:02 --> Undefined variable $payArray
in APPPATH/Models/Engine.php on line 2230.
 1 APPPATH/Models/Engine.php(2230): CodeIgniter\Debug\Exceptions->errorHandler()
 2 APPPATH/Controllers/Api.php(147): App\Models\Engine->getBillToSynch()
 3 SYSTEMPATH/CodeIgniter.php(896): App\Controllers\Api->postbillpayment()
 4 SYSTEMPATH/CodeIgniter.php(466): CodeIgniter\CodeIgniter->runController()
 5 SYSTEMPATH/CodeIgniter.php(349): CodeIgniter\CodeIgniter->handleRequest()
 6 FCPATH/index.php(57): CodeIgniter\CodeIgniter->run()
CRITICAL - 2024-07-29 23:38:02 --> Undefined variable $payArray
in APPPATH/Models/Engine.php on line 2230.
 1 APPPATH/Models/Engine.php(2230): CodeIgniter\Debug\Exceptions->errorHandler()
 2 APPPATH/Controllers/Api.php(147): App\Models\Engine->getBillToSynch()
 3 SYSTEMPATH/CodeIgniter.php(896): App\Controllers\Api->postbillpayment()
 4 SYSTEMPATH/CodeIgniter.php(466): CodeIgniter\CodeIgniter->runController()
 5 SYSTEMPATH/CodeIgniter.php(349): CodeIgniter\CodeIgniter->handleRequest()
 6 FCPATH/index.php(57): CodeIgniter\CodeIgniter->run()
CRITICAL - 2024-07-29 23:39:02 --> Undefined variable $payArray
in APPPATH/Models/Engine.php on line 2230.
 1 APPPATH/Models/Engine.php(2230): CodeIgniter\Debug\Exceptions->errorHandler()
 2 APPPATH/Controllers/Api.php(147): App\Models\Engine->getBillToSynch()
 3 SYSTEMPATH/CodeIgniter.php(896): App\Controllers\Api->postbillpayment()
 4 SYSTEMPATH/CodeIgniter.php(466): CodeIgniter\CodeIgniter->runController()
 5 SYSTEMPATH/CodeIgniter.php(349): CodeIgniter\CodeIgniter->handleRequest()
 6 FCPATH/index.php(57): CodeIgniter\CodeIgniter->run()
CRITICAL - 2024-07-29 23:40:02 --> Undefined variable $payArray
in APPPATH/Models/Engine.php on line 2230.
 1 APPPATH/Models/Engine.php(2230): CodeIgniter\Debug\Exceptions->errorHandler()
 2 APPPATH/Controllers/Api.php(147): App\Models\Engine->getBillToSynch()
 3 SYSTEMPATH/CodeIgniter.php(896): App\Controllers\Api->postbillpayment()
 4 SYSTEMPATH/CodeIgniter.php(466): CodeIgniter\CodeIgniter->runController()
 5 SYSTEMPATH/CodeIgniter.php(349): CodeIgniter\CodeIgniter->handleRequest()
 6 FCPATH/index.php(57): CodeIgniter\CodeIgniter->run()
CRITICAL - 2024-07-29 23:41:02 --> Undefined variable $payArray
in APPPATH/Models/Engine.php on line 2230.
 1 APPPATH/Models/Engine.php(2230): CodeIgniter\Debug\Exceptions->errorHandler()
 2 APPPATH/Controllers/Api.php(147): App\Models\Engine->getBillToSynch()
 3 SYSTEMPATH/CodeIgniter.php(896): App\Controllers\Api->postbillpayment()
 4 SYSTEMPATH/CodeIgniter.php(466): CodeIgniter\CodeIgniter->runController()
 5 SYSTEMPATH/CodeIgniter.php(349): CodeIgniter\CodeIgniter->handleRequest()
 6 FCPATH/index.php(57): CodeIgniter\CodeIgniter->run()
CRITICAL - 2024-07-29 23:42:02 --> Undefined variable $payArray
in APPPATH/Models/Engine.php on line 2230.
 1 APPPATH/Models/Engine.php(2230): CodeIgniter\Debug\Exceptions->errorHandler()
 2 APPPATH/Controllers/Api.php(147): App\Models\Engine->getBillToSynch()
 3 SYSTEMPATH/CodeIgniter.php(896): App\Controllers\Api->postbillpayment()
 4 SYSTEMPATH/CodeIgniter.php(466): CodeIgniter\CodeIgniter->runController()
 5 SYSTEMPATH/CodeIgniter.php(349): CodeIgniter\CodeIgniter->handleRequest()
 6 FCPATH/index.php(57): CodeIgniter\CodeIgniter->run()
CRITICAL - 2024-07-29 23:43:02 --> Undefined variable $payArray
in APPPATH/Models/Engine.php on line 2230.
 1 APPPATH/Models/Engine.php(2230): CodeIgniter\Debug\Exceptions->errorHandler()
 2 APPPATH/Controllers/Api.php(147): App\Models\Engine->getBillToSynch()
 3 SYSTEMPATH/CodeIgniter.php(896): App\Controllers\Api->postbillpayment()
 4 SYSTEMPATH/CodeIgniter.php(466): CodeIgniter\CodeIgniter->runController()
 5 SYSTEMPATH/CodeIgniter.php(349): CodeIgniter\CodeIgniter->handleRequest()
 6 FCPATH/index.php(57): CodeIgniter\CodeIgniter->run()
CRITICAL - 2024-07-29 23:44:02 --> Undefined variable $payArray
in APPPATH/Models/Engine.php on line 2230.
 1 APPPATH/Models/Engine.php(2230): CodeIgniter\Debug\Exceptions->errorHandler()
 2 APPPATH/Controllers/Api.php(147): App\Models\Engine->getBillToSynch()
 3 SYSTEMPATH/CodeIgniter.php(896): App\Controllers\Api->postbillpayment()
 4 SYSTEMPATH/CodeIgniter.php(466): CodeIgniter\CodeIgniter->runController()
 5 SYSTEMPATH/CodeIgniter.php(349): CodeIgniter\CodeIgniter->handleRequest()
 6 FCPATH/index.php(57): CodeIgniter\CodeIgniter->run()
CRITICAL - 2024-07-29 23:45:02 --> Undefined variable $payArray
in APPPATH/Models/Engine.php on line 2230.
 1 APPPATH/Models/Engine.php(2230): CodeIgniter\Debug\Exceptions->errorHandler()
 2 APPPATH/Controllers/Api.php(147): App\Models\Engine->getBillToSynch()
 3 SYSTEMPATH/CodeIgniter.php(896): App\Controllers\Api->postbillpayment()
 4 SYSTEMPATH/CodeIgniter.php(466): CodeIgniter\CodeIgniter->runController()
 5 SYSTEMPATH/CodeIgniter.php(349): CodeIgniter\CodeIgniter->handleRequest()
 6 FCPATH/index.php(57): CodeIgniter\CodeIgniter->run()
CRITICAL - 2024-07-29 23:46:02 --> Undefined variable $payArray
in APPPATH/Models/Engine.php on line 2230.
 1 APPPATH/Models/Engine.php(2230): CodeIgniter\Debug\Exceptions->errorHandler()
 2 APPPATH/Controllers/Api.php(147): App\Models\Engine->getBillToSynch()
 3 SYSTEMPATH/CodeIgniter.php(896): App\Controllers\Api->postbillpayment()
 4 SYSTEMPATH/CodeIgniter.php(466): CodeIgniter\CodeIgniter->runController()
 5 SYSTEMPATH/CodeIgniter.php(349): CodeIgniter\CodeIgniter->handleRequest()
 6 FCPATH/index.php(57): CodeIgniter\CodeIgniter->run()
CRITICAL - 2024-07-29 23:47:01 --> Undefined variable $payArray
in APPPATH/Models/Engine.php on line 2230.
 1 APPPATH/Models/Engine.php(2230): CodeIgniter\Debug\Exceptions->errorHandler()
 2 APPPATH/Controllers/Api.php(147): App\Models\Engine->getBillToSynch()
 3 SYSTEMPATH/CodeIgniter.php(896): App\Controllers\Api->postbillpayment()
 4 SYSTEMPATH/CodeIgniter.php(466): CodeIgniter\CodeIgniter->runController()
 5 SYSTEMPATH/CodeIgniter.php(349): CodeIgniter\CodeIgniter->handleRequest()
 6 FCPATH/index.php(57): CodeIgniter\CodeIgniter->run()
CRITICAL - 2024-07-29 23:48:01 --> Undefined variable $payArray
in APPPATH/Models/Engine.php on line 2230.
 1 APPPATH/Models/Engine.php(2230): CodeIgniter\Debug\Exceptions->errorHandler()
 2 APPPATH/Controllers/Api.php(147): App\Models\Engine->getBillToSynch()
 3 SYSTEMPATH/CodeIgniter.php(896): App\Controllers\Api->postbillpayment()
 4 SYSTEMPATH/CodeIgniter.php(466): CodeIgniter\CodeIgniter->runController()
 5 SYSTEMPATH/CodeIgniter.php(349): CodeIgniter\CodeIgniter->handleRequest()
 6 FCPATH/index.php(57): CodeIgniter\CodeIgniter->run()
CRITICAL - 2024-07-29 23:49:01 --> Undefined variable $payArray
in APPPATH/Models/Engine.php on line 2230.
 1 APPPATH/Models/Engine.php(2230): CodeIgniter\Debug\Exceptions->errorHandler()
 2 APPPATH/Controllers/Api.php(147): App\Models\Engine->getBillToSynch()
 3 SYSTEMPATH/CodeIgniter.php(896): App\Controllers\Api->postbillpayment()
 4 SYSTEMPATH/CodeIgniter.php(466): CodeIgniter\CodeIgniter->runController()
 5 SYSTEMPATH/CodeIgniter.php(349): CodeIgniter\CodeIgniter->handleRequest()
 6 FCPATH/index.php(57): CodeIgniter\CodeIgniter->run()
CRITICAL - 2024-07-29 23:50:01 --> Undefined variable $payArray
in APPPATH/Models/Engine.php on line 2230.
 1 APPPATH/Models/Engine.php(2230): CodeIgniter\Debug\Exceptions->errorHandler()
 2 APPPATH/Controllers/Api.php(147): App\Models\Engine->getBillToSynch()
 3 SYSTEMPATH/CodeIgniter.php(896): App\Controllers\Api->postbillpayment()
 4 SYSTEMPATH/CodeIgniter.php(466): CodeIgniter\CodeIgniter->runController()
 5 SYSTEMPATH/CodeIgniter.php(349): CodeIgniter\CodeIgniter->handleRequest()
 6 FCPATH/index.php(57): CodeIgniter\CodeIgniter->run()
CRITICAL - 2024-07-29 23:51:01 --> Undefined variable $payArray
in APPPATH/Models/Engine.php on line 2230.
 1 APPPATH/Models/Engine.php(2230): CodeIgniter\Debug\Exceptions->errorHandler()
 2 APPPATH/Controllers/Api.php(147): App\Models\Engine->getBillToSynch()
 3 SYSTEMPATH/CodeIgniter.php(896): App\Controllers\Api->postbillpayment()
 4 SYSTEMPATH/CodeIgniter.php(466): CodeIgniter\CodeIgniter->runController()
 5 SYSTEMPATH/CodeIgniter.php(349): CodeIgniter\CodeIgniter->handleRequest()
 6 FCPATH/index.php(57): CodeIgniter\CodeIgniter->run()
CRITICAL - 2024-07-29 23:52:02 --> Undefined variable $payArray
in APPPATH/Models/Engine.php on line 2230.
 1 APPPATH/Models/Engine.php(2230): CodeIgniter\Debug\Exceptions->errorHandler()
 2 APPPATH/Controllers/Api.php(147): App\Models\Engine->getBillToSynch()
 3 SYSTEMPATH/CodeIgniter.php(896): App\Controllers\Api->postbillpayment()
 4 SYSTEMPATH/CodeIgniter.php(466): CodeIgniter\CodeIgniter->runController()
 5 SYSTEMPATH/CodeIgniter.php(349): CodeIgniter\CodeIgniter->handleRequest()
 6 FCPATH/index.php(57): CodeIgniter\CodeIgniter->run()
CRITICAL - 2024-07-29 23:53:02 --> Undefined variable $payArray
in APPPATH/Models/Engine.php on line 2230.
 1 APPPATH/Models/Engine.php(2230): CodeIgniter\Debug\Exceptions->errorHandler()
 2 APPPATH/Controllers/Api.php(147): App\Models\Engine->getBillToSynch()
 3 SYSTEMPATH/CodeIgniter.php(896): App\Controllers\Api->postbillpayment()
 4 SYSTEMPATH/CodeIgniter.php(466): CodeIgniter\CodeIgniter->runController()
 5 SYSTEMPATH/CodeIgniter.php(349): CodeIgniter\CodeIgniter->handleRequest()
 6 FCPATH/index.php(57): CodeIgniter\CodeIgniter->run()
CRITICAL - 2024-07-29 23:54:02 --> Undefined variable $payArray
in APPPATH/Models/Engine.php on line 2230.
 1 APPPATH/Models/Engine.php(2230): CodeIgniter\Debug\Exceptions->errorHandler()
 2 APPPATH/Controllers/Api.php(147): App\Models\Engine->getBillToSynch()
 3 SYSTEMPATH/CodeIgniter.php(896): App\Controllers\Api->postbillpayment()
 4 SYSTEMPATH/CodeIgniter.php(466): CodeIgniter\CodeIgniter->runController()
 5 SYSTEMPATH/CodeIgniter.php(349): CodeIgniter\CodeIgniter->handleRequest()
 6 FCPATH/index.php(57): CodeIgniter\CodeIgniter->run()
CRITICAL - 2024-07-29 23:55:02 --> Undefined variable $payArray
in APPPATH/Models/Engine.php on line 2230.
 1 APPPATH/Models/Engine.php(2230): CodeIgniter\Debug\Exceptions->errorHandler()
 2 APPPATH/Controllers/Api.php(147): App\Models\Engine->getBillToSynch()
 3 SYSTEMPATH/CodeIgniter.php(896): App\Controllers\Api->postbillpayment()
 4 SYSTEMPATH/CodeIgniter.php(466): CodeIgniter\CodeIgniter->runController()
 5 SYSTEMPATH/CodeIgniter.php(349): CodeIgniter\CodeIgniter->handleRequest()
 6 FCPATH/index.php(57): CodeIgniter\CodeIgniter->run()
CRITICAL - 2024-07-29 23:56:02 --> Undefined variable $payArray
in APPPATH/Models/Engine.php on line 2230.
 1 APPPATH/Models/Engine.php(2230): CodeIgniter\Debug\Exceptions->errorHandler()
 2 APPPATH/Controllers/Api.php(147): App\Models\Engine->getBillToSynch()
 3 SYSTEMPATH/CodeIgniter.php(896): App\Controllers\Api->postbillpayment()
 4 SYSTEMPATH/CodeIgniter.php(466): CodeIgniter\CodeIgniter->runController()
 5 SYSTEMPATH/CodeIgniter.php(349): CodeIgniter\CodeIgniter->handleRequest()
 6 FCPATH/index.php(57): CodeIgniter\CodeIgniter->run()
CRITICAL - 2024-07-29 23:57:02 --> Undefined variable $payArray
in APPPATH/Models/Engine.php on line 2230.
 1 APPPATH/Models/Engine.php(2230): CodeIgniter\Debug\Exceptions->errorHandler()
 2 APPPATH/Controllers/Api.php(147): App\Models\Engine->getBillToSynch()
 3 SYSTEMPATH/CodeIgniter.php(896): App\Controllers\Api->postbillpayment()
 4 SYSTEMPATH/CodeIgniter.php(466): CodeIgniter\CodeIgniter->runController()
 5 SYSTEMPATH/CodeIgniter.php(349): CodeIgniter\CodeIgniter->handleRequest()
 6 FCPATH/index.php(57): CodeIgniter\CodeIgniter->run()
CRITICAL - 2024-07-29 23:58:02 --> Undefined variable $payArray
in APPPATH/Models/Engine.php on line 2230.
 1 APPPATH/Models/Engine.php(2230): CodeIgniter\Debug\Exceptions->errorHandler()
 2 APPPATH/Controllers/Api.php(147): App\Models\Engine->getBillToSynch()
 3 SYSTEMPATH/CodeIgniter.php(896): App\Controllers\Api->postbillpayment()
 4 SYSTEMPATH/CodeIgniter.php(466): CodeIgniter\CodeIgniter->runController()
 5 SYSTEMPATH/CodeIgniter.php(349): CodeIgniter\CodeIgniter->handleRequest()
 6 FCPATH/index.php(57): CodeIgniter\CodeIgniter->run()
CRITICAL - 2024-07-29 23:59:02 --> Undefined variable $payArray
in APPPATH/Models/Engine.php on line 2230.
 1 APPPATH/Models/Engine.php(2230): CodeIgniter\Debug\Exceptions->errorHandler()
 2 APPPATH/Controllers/Api.php(147): App\Models\Engine->getBillToSynch()
 3 SYSTEMPATH/CodeIgniter.php(896): App\Controllers\Api->postbillpayment()
 4 SYSTEMPATH/CodeIgniter.php(466): CodeIgniter\CodeIgniter->runController()
 5 SYSTEMPATH/CodeIgniter.php(349): CodeIgniter\CodeIgniter->handleRequest()
 6 FCPATH/index.php(57): CodeIgniter\CodeIgniter->run()
