CRITICAL - 2024-12-04 06:08:16 --> Undefined array key "data"
in APPPATH/Helpers/global_helper.php on line 154.
 1 APPPATH/Helpers/global_helper.php(154): CodeIgniter\Debug\Exceptions->errorHandler()
 2 APPPATH/Controllers/Malipo.php(294): dispResponseCRDBValidate()
 3 SYSTEMPATH/CodeIgniter.php(896): App\Controllers\Malipo->crdbverify()
 4 SYSTEMPATH/CodeIgniter.php(466): CodeIgniter\CodeIgniter->runController()
 5 SYSTEMPATH/CodeIgniter.php(349): CodeIgniter\CodeIgniter->handleRequest()
 6 FCPATH/index.php(57): CodeIgniter\CodeIgniter->run()
CRITICAL - 2024-12-04 06:09:18 --> Undefined array key "data"
in APPPATH/Helpers/global_helper.php on line 154.
 1 APPPATH/Helpers/global_helper.php(154): CodeIgniter\Debug\Exceptions->errorHandler()
 2 APPPATH/Controllers/Malipo.php(294): dispResponseCRDBValidate()
 3 SYSTEMPATH/CodeIgniter.php(896): App\Controllers\Malipo->crdbverify()
 4 SYSTEMPATH/CodeIgniter.php(466): CodeIgniter\CodeIgniter->runController()
 5 SYSTEMPATH/CodeIgniter.php(349): CodeIgniter\CodeIgniter->handleRequest()
 6 FCPATH/index.php(57): CodeIgniter\CodeIgniter->run()
CRITICAL - 2024-12-04 06:25:37 --> Undefined array key "data"
in APPPATH/Helpers/global_helper.php on line 154.
 1 APPPATH/Helpers/global_helper.php(154): CodeIgniter\Debug\Exceptions->errorHandler()
 2 APPPATH/Controllers/Malipo.php(294): dispResponseCRDBValidate()
 3 SYSTEMPATH/CodeIgniter.php(896): App\Controllers\Malipo->crdbverify()
 4 SYSTEMPATH/CodeIgniter.php(466): CodeIgniter\CodeIgniter->runController()
 5 SYSTEMPATH/CodeIgniter.php(349): CodeIgniter\CodeIgniter->handleRequest()
 6 FCPATH/index.php(57): CodeIgniter\CodeIgniter->run()
CRITICAL - 2024-12-04 06:30:00 --> Undefined array key "data"
in APPPATH/Helpers/global_helper.php on line 154.
 1 APPPATH/Helpers/global_helper.php(154): CodeIgniter\Debug\Exceptions->errorHandler()
 2 APPPATH/Controllers/Malipo.php(294): dispResponseCRDBValidate()
 3 SYSTEMPATH/CodeIgniter.php(896): App\Controllers\Malipo->crdbverify()
 4 SYSTEMPATH/CodeIgniter.php(466): CodeIgniter\CodeIgniter->runController()
 5 SYSTEMPATH/CodeIgniter.php(349): CodeIgniter\CodeIgniter->handleRequest()
 6 FCPATH/index.php(57): CodeIgniter\CodeIgniter->run()
CRITICAL - 2024-12-04 07:40:32 --> Undefined property: stdClass::$reference
in APPPATH/Helpers/global_helper.php on line 914.
 1 APPPATH/Helpers/global_helper.php(914): CodeIgniter\Debug\Exceptions->errorHandler()
 2 APPPATH/Controllers/Malipo.php(476): nmbGenSubmitJson()
 3 SYSTEMPATH/CodeIgniter.php(896): App\Controllers\Malipo->nmbbillrequest()
 4 SYSTEMPATH/CodeIgniter.php(466): CodeIgniter\CodeIgniter->runController()
 5 SYSTEMPATH/CodeIgniter.php(349): CodeIgniter\CodeIgniter->handleRequest()
 6 FCPATH/index.php(57): CodeIgniter\CodeIgniter->run()
CRITICAL - 2024-12-04 07:51:48 --> Undefined property: stdClass::$reference
in APPPATH/Helpers/global_helper.php on line 914.
 1 APPPATH/Helpers/global_helper.php(914): CodeIgniter\Debug\Exceptions->errorHandler()
 2 APPPATH/Controllers/Malipo.php(476): nmbGenSubmitJson()
 3 SYSTEMPATH/CodeIgniter.php(896): App\Controllers\Malipo->nmbbillrequest()
 4 SYSTEMPATH/CodeIgniter.php(466): CodeIgniter\CodeIgniter->runController()
 5 SYSTEMPATH/CodeIgniter.php(349): CodeIgniter\CodeIgniter->handleRequest()
 6 FCPATH/index.php(57): CodeIgniter\CodeIgniter->run()
CRITICAL - 2024-12-04 08:01:56 --> Undefined property: stdClass::$reference
in APPPATH/Helpers/global_helper.php on line 914.
 1 APPPATH/Helpers/global_helper.php(914): CodeIgniter\Debug\Exceptions->errorHandler()
 2 APPPATH/Controllers/Malipo.php(476): nmbGenSubmitJson()
 3 SYSTEMPATH/CodeIgniter.php(896): App\Controllers\Malipo->nmbbillrequest()
 4 SYSTEMPATH/CodeIgniter.php(466): CodeIgniter\CodeIgniter->runController()
 5 SYSTEMPATH/CodeIgniter.php(349): CodeIgniter\CodeIgniter->handleRequest()
 6 FCPATH/index.php(57): CodeIgniter\CodeIgniter->run()
CRITICAL - 2024-12-04 08:33:34 --> Undefined array key "data"
in APPPATH/Helpers/global_helper.php on line 154.
 1 APPPATH/Helpers/global_helper.php(154): CodeIgniter\Debug\Exceptions->errorHandler()
 2 APPPATH/Controllers/Malipo.php(294): dispResponseCRDBValidate()
 3 SYSTEMPATH/CodeIgniter.php(896): App\Controllers\Malipo->crdbverify()
 4 SYSTEMPATH/CodeIgniter.php(466): CodeIgniter\CodeIgniter->runController()
 5 SYSTEMPATH/CodeIgniter.php(349): CodeIgniter\CodeIgniter->handleRequest()
 6 FCPATH/index.php(57): CodeIgniter\CodeIgniter->run()
CRITICAL - 2024-12-04 08:33:34 --> Undefined array key "data"
in APPPATH/Helpers/global_helper.php on line 154.
 1 APPPATH/Helpers/global_helper.php(154): CodeIgniter\Debug\Exceptions->errorHandler()
 2 APPPATH/Controllers/Malipo.php(294): dispResponseCRDBValidate()
 3 SYSTEMPATH/CodeIgniter.php(896): App\Controllers\Malipo->crdbverify()
 4 SYSTEMPATH/CodeIgniter.php(466): CodeIgniter\CodeIgniter->runController()
 5 SYSTEMPATH/CodeIgniter.php(349): CodeIgniter\CodeIgniter->handleRequest()
 6 FCPATH/index.php(57): CodeIgniter\CodeIgniter->run()
CRITICAL - 2024-12-04 09:39:46 --> Undefined property: stdClass::$reference
in APPPATH/Helpers/global_helper.php on line 914.
 1 APPPATH/Helpers/global_helper.php(914): CodeIgniter\Debug\Exceptions->errorHandler()
 2 APPPATH/Controllers/Malipo.php(476): nmbGenSubmitJson()
 3 SYSTEMPATH/CodeIgniter.php(896): App\Controllers\Malipo->nmbbillrequest()
 4 SYSTEMPATH/CodeIgniter.php(466): CodeIgniter\CodeIgniter->runController()
 5 SYSTEMPATH/CodeIgniter.php(349): CodeIgniter\CodeIgniter->handleRequest()
 6 FCPATH/index.php(57): CodeIgniter\CodeIgniter->run()
CRITICAL - 2024-12-04 10:02:52 --> Undefined property: stdClass::$bill_num
in APPPATH/Helpers/global_helper.php on line 505.
 1 APPPATH/Helpers/global_helper.php(505): CodeIgniter\Debug\Exceptions->errorHandler()
 2 APPPATH/Helpers/global_helper.php(488): doProcessGlobalTransaction()
 3 APPPATH/Controllers/Malipo.php(502): doProcessNMBTransaction()
 4 SYSTEMPATH/CodeIgniter.php(896): App\Controllers\Malipo->nmbprocesscallback()
 5 SYSTEMPATH/CodeIgniter.php(466): CodeIgniter\CodeIgniter->runController()
 6 SYSTEMPATH/CodeIgniter.php(349): CodeIgniter\CodeIgniter->handleRequest()
 7 FCPATH/index.php(57): CodeIgniter\CodeIgniter->run()
CRITICAL - 2024-12-04 10:04:04 --> Undefined property: stdClass::$bill_num
in APPPATH/Helpers/global_helper.php on line 505.
 1 APPPATH/Helpers/global_helper.php(505): CodeIgniter\Debug\Exceptions->errorHandler()
 2 APPPATH/Controllers/Malipo.php(399): doProcessGlobalTransaction()
 3 SYSTEMPATH/CodeIgniter.php(896): App\Controllers\Malipo->nmbrecon()
 4 SYSTEMPATH/CodeIgniter.php(466): CodeIgniter\CodeIgniter->runController()
 5 SYSTEMPATH/CodeIgniter.php(349): CodeIgniter\CodeIgniter->handleRequest()
 6 FCPATH/index.php(57): CodeIgniter\CodeIgniter->run()
CRITICAL - 2024-12-04 10:05:24 --> Undefined property: stdClass::$reference
in APPPATH/Helpers/global_helper.php on line 914.
 1 APPPATH/Helpers/global_helper.php(914): CodeIgniter\Debug\Exceptions->errorHandler()
 2 APPPATH/Controllers/Malipo.php(476): nmbGenSubmitJson()
 3 SYSTEMPATH/CodeIgniter.php(896): App\Controllers\Malipo->nmbbillrequest()
 4 SYSTEMPATH/CodeIgniter.php(466): CodeIgniter\CodeIgniter->runController()
 5 SYSTEMPATH/CodeIgniter.php(349): CodeIgniter\CodeIgniter->handleRequest()
 6 FCPATH/index.php(57): CodeIgniter\CodeIgniter->run()
CRITICAL - 2024-12-04 10:06:04 --> Undefined property: stdClass::$bill_num
in APPPATH/Helpers/global_helper.php on line 505.
 1 APPPATH/Helpers/global_helper.php(505): CodeIgniter\Debug\Exceptions->errorHandler()
 2 APPPATH/Controllers/Malipo.php(399): doProcessGlobalTransaction()
 3 SYSTEMPATH/CodeIgniter.php(896): App\Controllers\Malipo->nmbrecon()
 4 SYSTEMPATH/CodeIgniter.php(466): CodeIgniter\CodeIgniter->runController()
 5 SYSTEMPATH/CodeIgniter.php(349): CodeIgniter\CodeIgniter->handleRequest()
 6 FCPATH/index.php(57): CodeIgniter\CodeIgniter->run()
CRITICAL - 2024-12-04 10:08:05 --> Undefined property: stdClass::$bill_num
in APPPATH/Helpers/global_helper.php on line 505.
 1 APPPATH/Helpers/global_helper.php(505): CodeIgniter\Debug\Exceptions->errorHandler()
 2 APPPATH/Controllers/Malipo.php(399): doProcessGlobalTransaction()
 3 SYSTEMPATH/CodeIgniter.php(896): App\Controllers\Malipo->nmbrecon()
 4 SYSTEMPATH/CodeIgniter.php(466): CodeIgniter\CodeIgniter->runController()
 5 SYSTEMPATH/CodeIgniter.php(349): CodeIgniter\CodeIgniter->handleRequest()
 6 FCPATH/index.php(57): CodeIgniter\CodeIgniter->run()
CRITICAL - 2024-12-04 10:08:32 --> Undefined property: stdClass::$reference
in APPPATH/Helpers/global_helper.php on line 914.
 1 APPPATH/Helpers/global_helper.php(914): CodeIgniter\Debug\Exceptions->errorHandler()
 2 APPPATH/Controllers/Malipo.php(476): nmbGenSubmitJson()
 3 SYSTEMPATH/CodeIgniter.php(896): App\Controllers\Malipo->nmbbillrequest()
 4 SYSTEMPATH/CodeIgniter.php(466): CodeIgniter\CodeIgniter->runController()
 5 SYSTEMPATH/CodeIgniter.php(349): CodeIgniter\CodeIgniter->handleRequest()
 6 FCPATH/index.php(57): CodeIgniter\CodeIgniter->run()
CRITICAL - 2024-12-04 10:10:05 --> Undefined property: stdClass::$bill_num
in APPPATH/Helpers/global_helper.php on line 505.
 1 APPPATH/Helpers/global_helper.php(505): CodeIgniter\Debug\Exceptions->errorHandler()
 2 APPPATH/Controllers/Malipo.php(399): doProcessGlobalTransaction()
 3 SYSTEMPATH/CodeIgniter.php(896): App\Controllers\Malipo->nmbrecon()
 4 SYSTEMPATH/CodeIgniter.php(466): CodeIgniter\CodeIgniter->runController()
 5 SYSTEMPATH/CodeIgniter.php(349): CodeIgniter\CodeIgniter->handleRequest()
 6 FCPATH/index.php(57): CodeIgniter\CodeIgniter->run()
CRITICAL - 2024-12-04 10:12:05 --> Undefined property: stdClass::$bill_num
in APPPATH/Helpers/global_helper.php on line 505.
 1 APPPATH/Helpers/global_helper.php(505): CodeIgniter\Debug\Exceptions->errorHandler()
 2 APPPATH/Controllers/Malipo.php(399): doProcessGlobalTransaction()
 3 SYSTEMPATH/CodeIgniter.php(896): App\Controllers\Malipo->nmbrecon()
 4 SYSTEMPATH/CodeIgniter.php(466): CodeIgniter\CodeIgniter->runController()
 5 SYSTEMPATH/CodeIgniter.php(349): CodeIgniter\CodeIgniter->handleRequest()
 6 FCPATH/index.php(57): CodeIgniter\CodeIgniter->run()
CRITICAL - 2024-12-04 10:14:04 --> Undefined property: stdClass::$bill_num
in APPPATH/Helpers/global_helper.php on line 505.
 1 APPPATH/Helpers/global_helper.php(505): CodeIgniter\Debug\Exceptions->errorHandler()
 2 APPPATH/Controllers/Malipo.php(399): doProcessGlobalTransaction()
 3 SYSTEMPATH/CodeIgniter.php(896): App\Controllers\Malipo->nmbrecon()
 4 SYSTEMPATH/CodeIgniter.php(466): CodeIgniter\CodeIgniter->runController()
 5 SYSTEMPATH/CodeIgniter.php(349): CodeIgniter\CodeIgniter->handleRequest()
 6 FCPATH/index.php(57): CodeIgniter\CodeIgniter->run()
CRITICAL - 2024-12-04 10:16:04 --> Undefined property: stdClass::$bill_num
in APPPATH/Helpers/global_helper.php on line 505.
 1 APPPATH/Helpers/global_helper.php(505): CodeIgniter\Debug\Exceptions->errorHandler()
 2 APPPATH/Controllers/Malipo.php(399): doProcessGlobalTransaction()
 3 SYSTEMPATH/CodeIgniter.php(896): App\Controllers\Malipo->nmbrecon()
 4 SYSTEMPATH/CodeIgniter.php(466): CodeIgniter\CodeIgniter->runController()
 5 SYSTEMPATH/CodeIgniter.php(349): CodeIgniter\CodeIgniter->handleRequest()
 6 FCPATH/index.php(57): CodeIgniter\CodeIgniter->run()
CRITICAL - 2024-12-04 10:18:04 --> Undefined property: stdClass::$bill_num
in APPPATH/Helpers/global_helper.php on line 505.
 1 APPPATH/Helpers/global_helper.php(505): CodeIgniter\Debug\Exceptions->errorHandler()
 2 APPPATH/Controllers/Malipo.php(399): doProcessGlobalTransaction()
 3 SYSTEMPATH/CodeIgniter.php(896): App\Controllers\Malipo->nmbrecon()
 4 SYSTEMPATH/CodeIgniter.php(466): CodeIgniter\CodeIgniter->runController()
 5 SYSTEMPATH/CodeIgniter.php(349): CodeIgniter\CodeIgniter->handleRequest()
 6 FCPATH/index.php(57): CodeIgniter\CodeIgniter->run()
CRITICAL - 2024-12-04 10:20:05 --> Undefined property: stdClass::$bill_num
in APPPATH/Helpers/global_helper.php on line 505.
 1 APPPATH/Helpers/global_helper.php(505): CodeIgniter\Debug\Exceptions->errorHandler()
 2 APPPATH/Controllers/Malipo.php(399): doProcessGlobalTransaction()
 3 SYSTEMPATH/CodeIgniter.php(896): App\Controllers\Malipo->nmbrecon()
 4 SYSTEMPATH/CodeIgniter.php(466): CodeIgniter\CodeIgniter->runController()
 5 SYSTEMPATH/CodeIgniter.php(349): CodeIgniter\CodeIgniter->handleRequest()
 6 FCPATH/index.php(57): CodeIgniter\CodeIgniter->run()
CRITICAL - 2024-12-04 10:22:05 --> Undefined property: stdClass::$bill_num
in APPPATH/Helpers/global_helper.php on line 505.
 1 APPPATH/Helpers/global_helper.php(505): CodeIgniter\Debug\Exceptions->errorHandler()
 2 APPPATH/Controllers/Malipo.php(399): doProcessGlobalTransaction()
 3 SYSTEMPATH/CodeIgniter.php(896): App\Controllers\Malipo->nmbrecon()
 4 SYSTEMPATH/CodeIgniter.php(466): CodeIgniter\CodeIgniter->runController()
 5 SYSTEMPATH/CodeIgniter.php(349): CodeIgniter\CodeIgniter->handleRequest()
 6 FCPATH/index.php(57): CodeIgniter\CodeIgniter->run()
CRITICAL - 2024-12-04 10:24:05 --> Undefined property: stdClass::$bill_num
in APPPATH/Helpers/global_helper.php on line 505.
 1 APPPATH/Helpers/global_helper.php(505): CodeIgniter\Debug\Exceptions->errorHandler()
 2 APPPATH/Controllers/Malipo.php(399): doProcessGlobalTransaction()
 3 SYSTEMPATH/CodeIgniter.php(896): App\Controllers\Malipo->nmbrecon()
 4 SYSTEMPATH/CodeIgniter.php(466): CodeIgniter\CodeIgniter->runController()
 5 SYSTEMPATH/CodeIgniter.php(349): CodeIgniter\CodeIgniter->handleRequest()
 6 FCPATH/index.php(57): CodeIgniter\CodeIgniter->run()
CRITICAL - 2024-12-04 10:26:05 --> Undefined property: stdClass::$bill_num
in APPPATH/Helpers/global_helper.php on line 505.
 1 APPPATH/Helpers/global_helper.php(505): CodeIgniter\Debug\Exceptions->errorHandler()
 2 APPPATH/Controllers/Malipo.php(399): doProcessGlobalTransaction()
 3 SYSTEMPATH/CodeIgniter.php(896): App\Controllers\Malipo->nmbrecon()
 4 SYSTEMPATH/CodeIgniter.php(466): CodeIgniter\CodeIgniter->runController()
 5 SYSTEMPATH/CodeIgniter.php(349): CodeIgniter\CodeIgniter->handleRequest()
 6 FCPATH/index.php(57): CodeIgniter\CodeIgniter->run()
CRITICAL - 2024-12-04 10:28:04 --> Undefined property: stdClass::$bill_num
in APPPATH/Helpers/global_helper.php on line 505.
 1 APPPATH/Helpers/global_helper.php(505): CodeIgniter\Debug\Exceptions->errorHandler()
 2 APPPATH/Controllers/Malipo.php(399): doProcessGlobalTransaction()
 3 SYSTEMPATH/CodeIgniter.php(896): App\Controllers\Malipo->nmbrecon()
 4 SYSTEMPATH/CodeIgniter.php(466): CodeIgniter\CodeIgniter->runController()
 5 SYSTEMPATH/CodeIgniter.php(349): CodeIgniter\CodeIgniter->handleRequest()
 6 FCPATH/index.php(57): CodeIgniter\CodeIgniter->run()
CRITICAL - 2024-12-04 10:30:05 --> Undefined property: stdClass::$bill_num
in APPPATH/Helpers/global_helper.php on line 505.
 1 APPPATH/Helpers/global_helper.php(505): CodeIgniter\Debug\Exceptions->errorHandler()
 2 APPPATH/Controllers/Malipo.php(399): doProcessGlobalTransaction()
 3 SYSTEMPATH/CodeIgniter.php(896): App\Controllers\Malipo->nmbrecon()
 4 SYSTEMPATH/CodeIgniter.php(466): CodeIgniter\CodeIgniter->runController()
 5 SYSTEMPATH/CodeIgniter.php(349): CodeIgniter\CodeIgniter->handleRequest()
 6 FCPATH/index.php(57): CodeIgniter\CodeIgniter->run()
CRITICAL - 2024-12-04 10:32:05 --> Undefined property: stdClass::$bill_num
in APPPATH/Helpers/global_helper.php on line 505.
 1 APPPATH/Helpers/global_helper.php(505): CodeIgniter\Debug\Exceptions->errorHandler()
 2 APPPATH/Controllers/Malipo.php(399): doProcessGlobalTransaction()
 3 SYSTEMPATH/CodeIgniter.php(896): App\Controllers\Malipo->nmbrecon()
 4 SYSTEMPATH/CodeIgniter.php(466): CodeIgniter\CodeIgniter->runController()
 5 SYSTEMPATH/CodeIgniter.php(349): CodeIgniter\CodeIgniter->handleRequest()
 6 FCPATH/index.php(57): CodeIgniter\CodeIgniter->run()
CRITICAL - 2024-12-04 10:34:04 --> Undefined property: stdClass::$bill_num
in APPPATH/Helpers/global_helper.php on line 505.
 1 APPPATH/Helpers/global_helper.php(505): CodeIgniter\Debug\Exceptions->errorHandler()
 2 APPPATH/Controllers/Malipo.php(399): doProcessGlobalTransaction()
 3 SYSTEMPATH/CodeIgniter.php(896): App\Controllers\Malipo->nmbrecon()
 4 SYSTEMPATH/CodeIgniter.php(466): CodeIgniter\CodeIgniter->runController()
 5 SYSTEMPATH/CodeIgniter.php(349): CodeIgniter\CodeIgniter->handleRequest()
 6 FCPATH/index.php(57): CodeIgniter\CodeIgniter->run()
CRITICAL - 2024-12-04 10:36:05 --> Undefined property: stdClass::$bill_num
in APPPATH/Helpers/global_helper.php on line 505.
 1 APPPATH/Helpers/global_helper.php(505): CodeIgniter\Debug\Exceptions->errorHandler()
 2 APPPATH/Controllers/Malipo.php(399): doProcessGlobalTransaction()
 3 SYSTEMPATH/CodeIgniter.php(896): App\Controllers\Malipo->nmbrecon()
 4 SYSTEMPATH/CodeIgniter.php(466): CodeIgniter\CodeIgniter->runController()
 5 SYSTEMPATH/CodeIgniter.php(349): CodeIgniter\CodeIgniter->handleRequest()
 6 FCPATH/index.php(57): CodeIgniter\CodeIgniter->run()
CRITICAL - 2024-12-04 10:38:04 --> Undefined property: stdClass::$bill_num
in APPPATH/Helpers/global_helper.php on line 505.
 1 APPPATH/Helpers/global_helper.php(505): CodeIgniter\Debug\Exceptions->errorHandler()
 2 APPPATH/Controllers/Malipo.php(399): doProcessGlobalTransaction()
 3 SYSTEMPATH/CodeIgniter.php(896): App\Controllers\Malipo->nmbrecon()
 4 SYSTEMPATH/CodeIgniter.php(466): CodeIgniter\CodeIgniter->runController()
 5 SYSTEMPATH/CodeIgniter.php(349): CodeIgniter\CodeIgniter->handleRequest()
 6 FCPATH/index.php(57): CodeIgniter\CodeIgniter->run()
CRITICAL - 2024-12-04 10:40:04 --> Undefined property: stdClass::$bill_num
in APPPATH/Helpers/global_helper.php on line 505.
 1 APPPATH/Helpers/global_helper.php(505): CodeIgniter\Debug\Exceptions->errorHandler()
 2 APPPATH/Controllers/Malipo.php(399): doProcessGlobalTransaction()
 3 SYSTEMPATH/CodeIgniter.php(896): App\Controllers\Malipo->nmbrecon()
 4 SYSTEMPATH/CodeIgniter.php(466): CodeIgniter\CodeIgniter->runController()
 5 SYSTEMPATH/CodeIgniter.php(349): CodeIgniter\CodeIgniter->handleRequest()
 6 FCPATH/index.php(57): CodeIgniter\CodeIgniter->run()
CRITICAL - 2024-12-04 10:42:04 --> Undefined property: stdClass::$bill_num
in APPPATH/Helpers/global_helper.php on line 505.
 1 APPPATH/Helpers/global_helper.php(505): CodeIgniter\Debug\Exceptions->errorHandler()
 2 APPPATH/Controllers/Malipo.php(399): doProcessGlobalTransaction()
 3 SYSTEMPATH/CodeIgniter.php(896): App\Controllers\Malipo->nmbrecon()
 4 SYSTEMPATH/CodeIgniter.php(466): CodeIgniter\CodeIgniter->runController()
 5 SYSTEMPATH/CodeIgniter.php(349): CodeIgniter\CodeIgniter->handleRequest()
 6 FCPATH/index.php(57): CodeIgniter\CodeIgniter->run()
CRITICAL - 2024-12-04 10:44:05 --> Undefined property: stdClass::$bill_num
in APPPATH/Helpers/global_helper.php on line 505.
 1 APPPATH/Helpers/global_helper.php(505): CodeIgniter\Debug\Exceptions->errorHandler()
 2 APPPATH/Controllers/Malipo.php(399): doProcessGlobalTransaction()
 3 SYSTEMPATH/CodeIgniter.php(896): App\Controllers\Malipo->nmbrecon()
 4 SYSTEMPATH/CodeIgniter.php(466): CodeIgniter\CodeIgniter->runController()
 5 SYSTEMPATH/CodeIgniter.php(349): CodeIgniter\CodeIgniter->handleRequest()
 6 FCPATH/index.php(57): CodeIgniter\CodeIgniter->run()
CRITICAL - 2024-12-04 10:46:05 --> Undefined property: stdClass::$bill_num
in APPPATH/Helpers/global_helper.php on line 505.
 1 APPPATH/Helpers/global_helper.php(505): CodeIgniter\Debug\Exceptions->errorHandler()
 2 APPPATH/Controllers/Malipo.php(399): doProcessGlobalTransaction()
 3 SYSTEMPATH/CodeIgniter.php(896): App\Controllers\Malipo->nmbrecon()
 4 SYSTEMPATH/CodeIgniter.php(466): CodeIgniter\CodeIgniter->runController()
 5 SYSTEMPATH/CodeIgniter.php(349): CodeIgniter\CodeIgniter->handleRequest()
 6 FCPATH/index.php(57): CodeIgniter\CodeIgniter->run()
CRITICAL - 2024-12-04 10:48:04 --> Undefined property: stdClass::$bill_num
in APPPATH/Helpers/global_helper.php on line 505.
 1 APPPATH/Helpers/global_helper.php(505): CodeIgniter\Debug\Exceptions->errorHandler()
 2 APPPATH/Controllers/Malipo.php(399): doProcessGlobalTransaction()
 3 SYSTEMPATH/CodeIgniter.php(896): App\Controllers\Malipo->nmbrecon()
 4 SYSTEMPATH/CodeIgniter.php(466): CodeIgniter\CodeIgniter->runController()
 5 SYSTEMPATH/CodeIgniter.php(349): CodeIgniter\CodeIgniter->handleRequest()
 6 FCPATH/index.php(57): CodeIgniter\CodeIgniter->run()
CRITICAL - 2024-12-04 10:50:04 --> Undefined property: stdClass::$bill_num
in APPPATH/Helpers/global_helper.php on line 505.
 1 APPPATH/Helpers/global_helper.php(505): CodeIgniter\Debug\Exceptions->errorHandler()
 2 APPPATH/Controllers/Malipo.php(399): doProcessGlobalTransaction()
 3 SYSTEMPATH/CodeIgniter.php(896): App\Controllers\Malipo->nmbrecon()
 4 SYSTEMPATH/CodeIgniter.php(466): CodeIgniter\CodeIgniter->runController()
 5 SYSTEMPATH/CodeIgniter.php(349): CodeIgniter\CodeIgniter->handleRequest()
 6 FCPATH/index.php(57): CodeIgniter\CodeIgniter->run()
CRITICAL - 2024-12-04 10:52:04 --> Undefined property: stdClass::$bill_num
in APPPATH/Helpers/global_helper.php on line 505.
 1 APPPATH/Helpers/global_helper.php(505): CodeIgniter\Debug\Exceptions->errorHandler()
 2 APPPATH/Controllers/Malipo.php(399): doProcessGlobalTransaction()
 3 SYSTEMPATH/CodeIgniter.php(896): App\Controllers\Malipo->nmbrecon()
 4 SYSTEMPATH/CodeIgniter.php(466): CodeIgniter\CodeIgniter->runController()
 5 SYSTEMPATH/CodeIgniter.php(349): CodeIgniter\CodeIgniter->handleRequest()
 6 FCPATH/index.php(57): CodeIgniter\CodeIgniter->run()
CRITICAL - 2024-12-04 10:54:06 --> Undefined property: stdClass::$bill_num
in APPPATH/Helpers/global_helper.php on line 505.
 1 APPPATH/Helpers/global_helper.php(505): CodeIgniter\Debug\Exceptions->errorHandler()
 2 APPPATH/Controllers/Malipo.php(399): doProcessGlobalTransaction()
 3 SYSTEMPATH/CodeIgniter.php(896): App\Controllers\Malipo->nmbrecon()
 4 SYSTEMPATH/CodeIgniter.php(466): CodeIgniter\CodeIgniter->runController()
 5 SYSTEMPATH/CodeIgniter.php(349): CodeIgniter\CodeIgniter->handleRequest()
 6 FCPATH/index.php(57): CodeIgniter\CodeIgniter->run()
CRITICAL - 2024-12-04 10:56:05 --> Undefined property: stdClass::$bill_num
in APPPATH/Helpers/global_helper.php on line 505.
 1 APPPATH/Helpers/global_helper.php(505): CodeIgniter\Debug\Exceptions->errorHandler()
 2 APPPATH/Controllers/Malipo.php(399): doProcessGlobalTransaction()
 3 SYSTEMPATH/CodeIgniter.php(896): App\Controllers\Malipo->nmbrecon()
 4 SYSTEMPATH/CodeIgniter.php(466): CodeIgniter\CodeIgniter->runController()
 5 SYSTEMPATH/CodeIgniter.php(349): CodeIgniter\CodeIgniter->handleRequest()
 6 FCPATH/index.php(57): CodeIgniter\CodeIgniter->run()
CRITICAL - 2024-12-04 10:58:05 --> Undefined property: stdClass::$bill_num
in APPPATH/Helpers/global_helper.php on line 505.
 1 APPPATH/Helpers/global_helper.php(505): CodeIgniter\Debug\Exceptions->errorHandler()
 2 APPPATH/Controllers/Malipo.php(399): doProcessGlobalTransaction()
 3 SYSTEMPATH/CodeIgniter.php(896): App\Controllers\Malipo->nmbrecon()
 4 SYSTEMPATH/CodeIgniter.php(466): CodeIgniter\CodeIgniter->runController()
 5 SYSTEMPATH/CodeIgniter.php(349): CodeIgniter\CodeIgniter->handleRequest()
 6 FCPATH/index.php(57): CodeIgniter\CodeIgniter->run()
CRITICAL - 2024-12-04 11:00:04 --> Undefined property: stdClass::$bill_num
in APPPATH/Helpers/global_helper.php on line 505.
 1 APPPATH/Helpers/global_helper.php(505): CodeIgniter\Debug\Exceptions->errorHandler()
 2 APPPATH/Controllers/Malipo.php(399): doProcessGlobalTransaction()
 3 SYSTEMPATH/CodeIgniter.php(896): App\Controllers\Malipo->nmbrecon()
 4 SYSTEMPATH/CodeIgniter.php(466): CodeIgniter\CodeIgniter->runController()
 5 SYSTEMPATH/CodeIgniter.php(349): CodeIgniter\CodeIgniter->handleRequest()
 6 FCPATH/index.php(57): CodeIgniter\CodeIgniter->run()
CRITICAL - 2024-12-04 11:02:04 --> Undefined property: stdClass::$bill_num
in APPPATH/Helpers/global_helper.php on line 505.
 1 APPPATH/Helpers/global_helper.php(505): CodeIgniter\Debug\Exceptions->errorHandler()
 2 APPPATH/Controllers/Malipo.php(399): doProcessGlobalTransaction()
 3 SYSTEMPATH/CodeIgniter.php(896): App\Controllers\Malipo->nmbrecon()
 4 SYSTEMPATH/CodeIgniter.php(466): CodeIgniter\CodeIgniter->runController()
 5 SYSTEMPATH/CodeIgniter.php(349): CodeIgniter\CodeIgniter->handleRequest()
 6 FCPATH/index.php(57): CodeIgniter\CodeIgniter->run()
CRITICAL - 2024-12-04 11:04:05 --> Undefined property: stdClass::$bill_num
in APPPATH/Helpers/global_helper.php on line 505.
 1 APPPATH/Helpers/global_helper.php(505): CodeIgniter\Debug\Exceptions->errorHandler()
 2 APPPATH/Controllers/Malipo.php(399): doProcessGlobalTransaction()
 3 SYSTEMPATH/CodeIgniter.php(896): App\Controllers\Malipo->nmbrecon()
 4 SYSTEMPATH/CodeIgniter.php(466): CodeIgniter\CodeIgniter->runController()
 5 SYSTEMPATH/CodeIgniter.php(349): CodeIgniter\CodeIgniter->handleRequest()
 6 FCPATH/index.php(57): CodeIgniter\CodeIgniter->run()
CRITICAL - 2024-12-04 11:06:04 --> Undefined property: stdClass::$bill_num
in APPPATH/Helpers/global_helper.php on line 505.
 1 APPPATH/Helpers/global_helper.php(505): CodeIgniter\Debug\Exceptions->errorHandler()
 2 APPPATH/Controllers/Malipo.php(399): doProcessGlobalTransaction()
 3 SYSTEMPATH/CodeIgniter.php(896): App\Controllers\Malipo->nmbrecon()
 4 SYSTEMPATH/CodeIgniter.php(466): CodeIgniter\CodeIgniter->runController()
 5 SYSTEMPATH/CodeIgniter.php(349): CodeIgniter\CodeIgniter->handleRequest()
 6 FCPATH/index.php(57): CodeIgniter\CodeIgniter->run()
CRITICAL - 2024-12-04 11:08:05 --> Undefined property: stdClass::$bill_num
in APPPATH/Helpers/global_helper.php on line 505.
 1 APPPATH/Helpers/global_helper.php(505): CodeIgniter\Debug\Exceptions->errorHandler()
 2 APPPATH/Controllers/Malipo.php(399): doProcessGlobalTransaction()
 3 SYSTEMPATH/CodeIgniter.php(896): App\Controllers\Malipo->nmbrecon()
 4 SYSTEMPATH/CodeIgniter.php(466): CodeIgniter\CodeIgniter->runController()
 5 SYSTEMPATH/CodeIgniter.php(349): CodeIgniter\CodeIgniter->handleRequest()
 6 FCPATH/index.php(57): CodeIgniter\CodeIgniter->run()
CRITICAL - 2024-12-04 11:10:05 --> Undefined property: stdClass::$bill_num
in APPPATH/Helpers/global_helper.php on line 505.
 1 APPPATH/Helpers/global_helper.php(505): CodeIgniter\Debug\Exceptions->errorHandler()
 2 APPPATH/Controllers/Malipo.php(399): doProcessGlobalTransaction()
 3 SYSTEMPATH/CodeIgniter.php(896): App\Controllers\Malipo->nmbrecon()
 4 SYSTEMPATH/CodeIgniter.php(466): CodeIgniter\CodeIgniter->runController()
 5 SYSTEMPATH/CodeIgniter.php(349): CodeIgniter\CodeIgniter->handleRequest()
 6 FCPATH/index.php(57): CodeIgniter\CodeIgniter->run()
CRITICAL - 2024-12-04 11:12:04 --> Undefined property: stdClass::$bill_num
in APPPATH/Helpers/global_helper.php on line 505.
 1 APPPATH/Helpers/global_helper.php(505): CodeIgniter\Debug\Exceptions->errorHandler()
 2 APPPATH/Controllers/Malipo.php(399): doProcessGlobalTransaction()
 3 SYSTEMPATH/CodeIgniter.php(896): App\Controllers\Malipo->nmbrecon()
 4 SYSTEMPATH/CodeIgniter.php(466): CodeIgniter\CodeIgniter->runController()
 5 SYSTEMPATH/CodeIgniter.php(349): CodeIgniter\CodeIgniter->handleRequest()
 6 FCPATH/index.php(57): CodeIgniter\CodeIgniter->run()
CRITICAL - 2024-12-04 11:14:04 --> Undefined property: stdClass::$bill_num
in APPPATH/Helpers/global_helper.php on line 505.
 1 APPPATH/Helpers/global_helper.php(505): CodeIgniter\Debug\Exceptions->errorHandler()
 2 APPPATH/Controllers/Malipo.php(399): doProcessGlobalTransaction()
 3 SYSTEMPATH/CodeIgniter.php(896): App\Controllers\Malipo->nmbrecon()
 4 SYSTEMPATH/CodeIgniter.php(466): CodeIgniter\CodeIgniter->runController()
 5 SYSTEMPATH/CodeIgniter.php(349): CodeIgniter\CodeIgniter->handleRequest()
 6 FCPATH/index.php(57): CodeIgniter\CodeIgniter->run()
CRITICAL - 2024-12-04 11:16:04 --> Undefined property: stdClass::$bill_num
in APPPATH/Helpers/global_helper.php on line 505.
 1 APPPATH/Helpers/global_helper.php(505): CodeIgniter\Debug\Exceptions->errorHandler()
 2 APPPATH/Controllers/Malipo.php(399): doProcessGlobalTransaction()
 3 SYSTEMPATH/CodeIgniter.php(896): App\Controllers\Malipo->nmbrecon()
 4 SYSTEMPATH/CodeIgniter.php(466): CodeIgniter\CodeIgniter->runController()
 5 SYSTEMPATH/CodeIgniter.php(349): CodeIgniter\CodeIgniter->handleRequest()
 6 FCPATH/index.php(57): CodeIgniter\CodeIgniter->run()
CRITICAL - 2024-12-04 11:18:05 --> Undefined property: stdClass::$bill_num
in APPPATH/Helpers/global_helper.php on line 505.
 1 APPPATH/Helpers/global_helper.php(505): CodeIgniter\Debug\Exceptions->errorHandler()
 2 APPPATH/Controllers/Malipo.php(399): doProcessGlobalTransaction()
 3 SYSTEMPATH/CodeIgniter.php(896): App\Controllers\Malipo->nmbrecon()
 4 SYSTEMPATH/CodeIgniter.php(466): CodeIgniter\CodeIgniter->runController()
 5 SYSTEMPATH/CodeIgniter.php(349): CodeIgniter\CodeIgniter->handleRequest()
 6 FCPATH/index.php(57): CodeIgniter\CodeIgniter->run()
CRITICAL - 2024-12-04 11:20:05 --> Undefined property: stdClass::$bill_num
in APPPATH/Helpers/global_helper.php on line 505.
 1 APPPATH/Helpers/global_helper.php(505): CodeIgniter\Debug\Exceptions->errorHandler()
 2 APPPATH/Controllers/Malipo.php(399): doProcessGlobalTransaction()
 3 SYSTEMPATH/CodeIgniter.php(896): App\Controllers\Malipo->nmbrecon()
 4 SYSTEMPATH/CodeIgniter.php(466): CodeIgniter\CodeIgniter->runController()
 5 SYSTEMPATH/CodeIgniter.php(349): CodeIgniter\CodeIgniter->handleRequest()
 6 FCPATH/index.php(57): CodeIgniter\CodeIgniter->run()
CRITICAL - 2024-12-04 11:22:05 --> Undefined property: stdClass::$bill_num
in APPPATH/Helpers/global_helper.php on line 505.
 1 APPPATH/Helpers/global_helper.php(505): CodeIgniter\Debug\Exceptions->errorHandler()
 2 APPPATH/Controllers/Malipo.php(399): doProcessGlobalTransaction()
 3 SYSTEMPATH/CodeIgniter.php(896): App\Controllers\Malipo->nmbrecon()
 4 SYSTEMPATH/CodeIgniter.php(466): CodeIgniter\CodeIgniter->runController()
 5 SYSTEMPATH/CodeIgniter.php(349): CodeIgniter\CodeIgniter->handleRequest()
 6 FCPATH/index.php(57): CodeIgniter\CodeIgniter->run()
CRITICAL - 2024-12-04 11:24:04 --> Undefined property: stdClass::$bill_num
in APPPATH/Helpers/global_helper.php on line 505.
 1 APPPATH/Helpers/global_helper.php(505): CodeIgniter\Debug\Exceptions->errorHandler()
 2 APPPATH/Controllers/Malipo.php(399): doProcessGlobalTransaction()
 3 SYSTEMPATH/CodeIgniter.php(896): App\Controllers\Malipo->nmbrecon()
 4 SYSTEMPATH/CodeIgniter.php(466): CodeIgniter\CodeIgniter->runController()
 5 SYSTEMPATH/CodeIgniter.php(349): CodeIgniter\CodeIgniter->handleRequest()
 6 FCPATH/index.php(57): CodeIgniter\CodeIgniter->run()
CRITICAL - 2024-12-04 11:26:04 --> Undefined property: stdClass::$bill_num
in APPPATH/Helpers/global_helper.php on line 505.
 1 APPPATH/Helpers/global_helper.php(505): CodeIgniter\Debug\Exceptions->errorHandler()
 2 APPPATH/Controllers/Malipo.php(399): doProcessGlobalTransaction()
 3 SYSTEMPATH/CodeIgniter.php(896): App\Controllers\Malipo->nmbrecon()
 4 SYSTEMPATH/CodeIgniter.php(466): CodeIgniter\CodeIgniter->runController()
 5 SYSTEMPATH/CodeIgniter.php(349): CodeIgniter\CodeIgniter->handleRequest()
 6 FCPATH/index.php(57): CodeIgniter\CodeIgniter->run()
CRITICAL - 2024-12-04 11:28:04 --> Undefined property: stdClass::$bill_num
in APPPATH/Helpers/global_helper.php on line 505.
 1 APPPATH/Helpers/global_helper.php(505): CodeIgniter\Debug\Exceptions->errorHandler()
 2 APPPATH/Controllers/Malipo.php(399): doProcessGlobalTransaction()
 3 SYSTEMPATH/CodeIgniter.php(896): App\Controllers\Malipo->nmbrecon()
 4 SYSTEMPATH/CodeIgniter.php(466): CodeIgniter\CodeIgniter->runController()
 5 SYSTEMPATH/CodeIgniter.php(349): CodeIgniter\CodeIgniter->handleRequest()
 6 FCPATH/index.php(57): CodeIgniter\CodeIgniter->run()
CRITICAL - 2024-12-04 11:30:05 --> Undefined property: stdClass::$bill_num
in APPPATH/Helpers/global_helper.php on line 505.
 1 APPPATH/Helpers/global_helper.php(505): CodeIgniter\Debug\Exceptions->errorHandler()
 2 APPPATH/Controllers/Malipo.php(399): doProcessGlobalTransaction()
 3 SYSTEMPATH/CodeIgniter.php(896): App\Controllers\Malipo->nmbrecon()
 4 SYSTEMPATH/CodeIgniter.php(466): CodeIgniter\CodeIgniter->runController()
 5 SYSTEMPATH/CodeIgniter.php(349): CodeIgniter\CodeIgniter->handleRequest()
 6 FCPATH/index.php(57): CodeIgniter\CodeIgniter->run()
CRITICAL - 2024-12-04 11:32:05 --> Undefined property: stdClass::$bill_num
in APPPATH/Helpers/global_helper.php on line 505.
 1 APPPATH/Helpers/global_helper.php(505): CodeIgniter\Debug\Exceptions->errorHandler()
 2 APPPATH/Controllers/Malipo.php(399): doProcessGlobalTransaction()
 3 SYSTEMPATH/CodeIgniter.php(896): App\Controllers\Malipo->nmbrecon()
 4 SYSTEMPATH/CodeIgniter.php(466): CodeIgniter\CodeIgniter->runController()
 5 SYSTEMPATH/CodeIgniter.php(349): CodeIgniter\CodeIgniter->handleRequest()
 6 FCPATH/index.php(57): CodeIgniter\CodeIgniter->run()
CRITICAL - 2024-12-04 11:34:04 --> Undefined property: stdClass::$bill_num
in APPPATH/Helpers/global_helper.php on line 505.
 1 APPPATH/Helpers/global_helper.php(505): CodeIgniter\Debug\Exceptions->errorHandler()
 2 APPPATH/Controllers/Malipo.php(399): doProcessGlobalTransaction()
 3 SYSTEMPATH/CodeIgniter.php(896): App\Controllers\Malipo->nmbrecon()
 4 SYSTEMPATH/CodeIgniter.php(466): CodeIgniter\CodeIgniter->runController()
 5 SYSTEMPATH/CodeIgniter.php(349): CodeIgniter\CodeIgniter->handleRequest()
 6 FCPATH/index.php(57): CodeIgniter\CodeIgniter->run()
CRITICAL - 2024-12-04 11:36:04 --> Undefined property: stdClass::$bill_num
in APPPATH/Helpers/global_helper.php on line 505.
 1 APPPATH/Helpers/global_helper.php(505): CodeIgniter\Debug\Exceptions->errorHandler()
 2 APPPATH/Controllers/Malipo.php(399): doProcessGlobalTransaction()
 3 SYSTEMPATH/CodeIgniter.php(896): App\Controllers\Malipo->nmbrecon()
 4 SYSTEMPATH/CodeIgniter.php(466): CodeIgniter\CodeIgniter->runController()
 5 SYSTEMPATH/CodeIgniter.php(349): CodeIgniter\CodeIgniter->handleRequest()
 6 FCPATH/index.php(57): CodeIgniter\CodeIgniter->run()
CRITICAL - 2024-12-04 11:38:04 --> Undefined property: stdClass::$bill_num
in APPPATH/Helpers/global_helper.php on line 505.
 1 APPPATH/Helpers/global_helper.php(505): CodeIgniter\Debug\Exceptions->errorHandler()
 2 APPPATH/Controllers/Malipo.php(399): doProcessGlobalTransaction()
 3 SYSTEMPATH/CodeIgniter.php(896): App\Controllers\Malipo->nmbrecon()
 4 SYSTEMPATH/CodeIgniter.php(466): CodeIgniter\CodeIgniter->runController()
 5 SYSTEMPATH/CodeIgniter.php(349): CodeIgniter\CodeIgniter->handleRequest()
 6 FCPATH/index.php(57): CodeIgniter\CodeIgniter->run()
CRITICAL - 2024-12-04 11:40:04 --> Undefined property: stdClass::$bill_num
in APPPATH/Helpers/global_helper.php on line 505.
 1 APPPATH/Helpers/global_helper.php(505): CodeIgniter\Debug\Exceptions->errorHandler()
 2 APPPATH/Controllers/Malipo.php(399): doProcessGlobalTransaction()
 3 SYSTEMPATH/CodeIgniter.php(896): App\Controllers\Malipo->nmbrecon()
 4 SYSTEMPATH/CodeIgniter.php(466): CodeIgniter\CodeIgniter->runController()
 5 SYSTEMPATH/CodeIgniter.php(349): CodeIgniter\CodeIgniter->handleRequest()
 6 FCPATH/index.php(57): CodeIgniter\CodeIgniter->run()
CRITICAL - 2024-12-04 11:42:05 --> Undefined property: stdClass::$bill_num
in APPPATH/Helpers/global_helper.php on line 505.
 1 APPPATH/Helpers/global_helper.php(505): CodeIgniter\Debug\Exceptions->errorHandler()
 2 APPPATH/Controllers/Malipo.php(399): doProcessGlobalTransaction()
 3 SYSTEMPATH/CodeIgniter.php(896): App\Controllers\Malipo->nmbrecon()
 4 SYSTEMPATH/CodeIgniter.php(466): CodeIgniter\CodeIgniter->runController()
 5 SYSTEMPATH/CodeIgniter.php(349): CodeIgniter\CodeIgniter->handleRequest()
 6 FCPATH/index.php(57): CodeIgniter\CodeIgniter->run()
CRITICAL - 2024-12-04 11:44:05 --> Undefined property: stdClass::$bill_num
in APPPATH/Helpers/global_helper.php on line 505.
 1 APPPATH/Helpers/global_helper.php(505): CodeIgniter\Debug\Exceptions->errorHandler()
 2 APPPATH/Controllers/Malipo.php(399): doProcessGlobalTransaction()
 3 SYSTEMPATH/CodeIgniter.php(896): App\Controllers\Malipo->nmbrecon()
 4 SYSTEMPATH/CodeIgniter.php(466): CodeIgniter\CodeIgniter->runController()
 5 SYSTEMPATH/CodeIgniter.php(349): CodeIgniter\CodeIgniter->handleRequest()
 6 FCPATH/index.php(57): CodeIgniter\CodeIgniter->run()
CRITICAL - 2024-12-04 11:46:04 --> Undefined property: stdClass::$bill_num
in APPPATH/Helpers/global_helper.php on line 505.
 1 APPPATH/Helpers/global_helper.php(505): CodeIgniter\Debug\Exceptions->errorHandler()
 2 APPPATH/Controllers/Malipo.php(399): doProcessGlobalTransaction()
 3 SYSTEMPATH/CodeIgniter.php(896): App\Controllers\Malipo->nmbrecon()
 4 SYSTEMPATH/CodeIgniter.php(466): CodeIgniter\CodeIgniter->runController()
 5 SYSTEMPATH/CodeIgniter.php(349): CodeIgniter\CodeIgniter->handleRequest()
 6 FCPATH/index.php(57): CodeIgniter\CodeIgniter->run()
CRITICAL - 2024-12-04 11:48:04 --> Undefined property: stdClass::$bill_num
in APPPATH/Helpers/global_helper.php on line 505.
 1 APPPATH/Helpers/global_helper.php(505): CodeIgniter\Debug\Exceptions->errorHandler()
 2 APPPATH/Controllers/Malipo.php(399): doProcessGlobalTransaction()
 3 SYSTEMPATH/CodeIgniter.php(896): App\Controllers\Malipo->nmbrecon()
 4 SYSTEMPATH/CodeIgniter.php(466): CodeIgniter\CodeIgniter->runController()
 5 SYSTEMPATH/CodeIgniter.php(349): CodeIgniter\CodeIgniter->handleRequest()
 6 FCPATH/index.php(57): CodeIgniter\CodeIgniter->run()
CRITICAL - 2024-12-04 11:50:05 --> Undefined property: stdClass::$bill_num
in APPPATH/Helpers/global_helper.php on line 505.
 1 APPPATH/Helpers/global_helper.php(505): CodeIgniter\Debug\Exceptions->errorHandler()
 2 APPPATH/Controllers/Malipo.php(399): doProcessGlobalTransaction()
 3 SYSTEMPATH/CodeIgniter.php(896): App\Controllers\Malipo->nmbrecon()
 4 SYSTEMPATH/CodeIgniter.php(466): CodeIgniter\CodeIgniter->runController()
 5 SYSTEMPATH/CodeIgniter.php(349): CodeIgniter\CodeIgniter->handleRequest()
 6 FCPATH/index.php(57): CodeIgniter\CodeIgniter->run()
CRITICAL - 2024-12-04 11:52:04 --> Undefined property: stdClass::$bill_num
in APPPATH/Helpers/global_helper.php on line 505.
 1 APPPATH/Helpers/global_helper.php(505): CodeIgniter\Debug\Exceptions->errorHandler()
 2 APPPATH/Controllers/Malipo.php(399): doProcessGlobalTransaction()
 3 SYSTEMPATH/CodeIgniter.php(896): App\Controllers\Malipo->nmbrecon()
 4 SYSTEMPATH/CodeIgniter.php(466): CodeIgniter\CodeIgniter->runController()
 5 SYSTEMPATH/CodeIgniter.php(349): CodeIgniter\CodeIgniter->handleRequest()
 6 FCPATH/index.php(57): CodeIgniter\CodeIgniter->run()
CRITICAL - 2024-12-04 11:54:05 --> Undefined property: stdClass::$bill_num
in APPPATH/Helpers/global_helper.php on line 505.
 1 APPPATH/Helpers/global_helper.php(505): CodeIgniter\Debug\Exceptions->errorHandler()
 2 APPPATH/Controllers/Malipo.php(399): doProcessGlobalTransaction()
 3 SYSTEMPATH/CodeIgniter.php(896): App\Controllers\Malipo->nmbrecon()
 4 SYSTEMPATH/CodeIgniter.php(466): CodeIgniter\CodeIgniter->runController()
 5 SYSTEMPATH/CodeIgniter.php(349): CodeIgniter\CodeIgniter->handleRequest()
 6 FCPATH/index.php(57): CodeIgniter\CodeIgniter->run()
CRITICAL - 2024-12-04 11:56:05 --> Undefined property: stdClass::$bill_num
in APPPATH/Helpers/global_helper.php on line 505.
 1 APPPATH/Helpers/global_helper.php(505): CodeIgniter\Debug\Exceptions->errorHandler()
 2 APPPATH/Controllers/Malipo.php(399): doProcessGlobalTransaction()
 3 SYSTEMPATH/CodeIgniter.php(896): App\Controllers\Malipo->nmbrecon()
 4 SYSTEMPATH/CodeIgniter.php(466): CodeIgniter\CodeIgniter->runController()
 5 SYSTEMPATH/CodeIgniter.php(349): CodeIgniter\CodeIgniter->handleRequest()
 6 FCPATH/index.php(57): CodeIgniter\CodeIgniter->run()
CRITICAL - 2024-12-04 11:58:04 --> Undefined property: stdClass::$bill_num
in APPPATH/Helpers/global_helper.php on line 505.
 1 APPPATH/Helpers/global_helper.php(505): CodeIgniter\Debug\Exceptions->errorHandler()
 2 APPPATH/Controllers/Malipo.php(399): doProcessGlobalTransaction()
 3 SYSTEMPATH/CodeIgniter.php(896): App\Controllers\Malipo->nmbrecon()
 4 SYSTEMPATH/CodeIgniter.php(466): CodeIgniter\CodeIgniter->runController()
 5 SYSTEMPATH/CodeIgniter.php(349): CodeIgniter\CodeIgniter->handleRequest()
 6 FCPATH/index.php(57): CodeIgniter\CodeIgniter->run()
CRITICAL - 2024-12-04 12:00:04 --> Undefined property: stdClass::$bill_num
in APPPATH/Helpers/global_helper.php on line 505.
 1 APPPATH/Helpers/global_helper.php(505): CodeIgniter\Debug\Exceptions->errorHandler()
 2 APPPATH/Controllers/Malipo.php(399): doProcessGlobalTransaction()
 3 SYSTEMPATH/CodeIgniter.php(896): App\Controllers\Malipo->nmbrecon()
 4 SYSTEMPATH/CodeIgniter.php(466): CodeIgniter\CodeIgniter->runController()
 5 SYSTEMPATH/CodeIgniter.php(349): CodeIgniter\CodeIgniter->handleRequest()
 6 FCPATH/index.php(57): CodeIgniter\CodeIgniter->run()
CRITICAL - 2024-12-04 12:02:05 --> Undefined property: stdClass::$bill_num
in APPPATH/Helpers/global_helper.php on line 505.
 1 APPPATH/Helpers/global_helper.php(505): CodeIgniter\Debug\Exceptions->errorHandler()
 2 APPPATH/Controllers/Malipo.php(399): doProcessGlobalTransaction()
 3 SYSTEMPATH/CodeIgniter.php(896): App\Controllers\Malipo->nmbrecon()
 4 SYSTEMPATH/CodeIgniter.php(466): CodeIgniter\CodeIgniter->runController()
 5 SYSTEMPATH/CodeIgniter.php(349): CodeIgniter\CodeIgniter->handleRequest()
 6 FCPATH/index.php(57): CodeIgniter\CodeIgniter->run()
CRITICAL - 2024-12-04 12:04:05 --> Undefined property: stdClass::$bill_num
in APPPATH/Helpers/global_helper.php on line 505.
 1 APPPATH/Helpers/global_helper.php(505): CodeIgniter\Debug\Exceptions->errorHandler()
 2 APPPATH/Controllers/Malipo.php(399): doProcessGlobalTransaction()
 3 SYSTEMPATH/CodeIgniter.php(896): App\Controllers\Malipo->nmbrecon()
 4 SYSTEMPATH/CodeIgniter.php(466): CodeIgniter\CodeIgniter->runController()
 5 SYSTEMPATH/CodeIgniter.php(349): CodeIgniter\CodeIgniter->handleRequest()
 6 FCPATH/index.php(57): CodeIgniter\CodeIgniter->run()
CRITICAL - 2024-12-04 12:06:05 --> Undefined property: stdClass::$bill_num
in APPPATH/Helpers/global_helper.php on line 505.
 1 APPPATH/Helpers/global_helper.php(505): CodeIgniter\Debug\Exceptions->errorHandler()
 2 APPPATH/Controllers/Malipo.php(399): doProcessGlobalTransaction()
 3 SYSTEMPATH/CodeIgniter.php(896): App\Controllers\Malipo->nmbrecon()
 4 SYSTEMPATH/CodeIgniter.php(466): CodeIgniter\CodeIgniter->runController()
 5 SYSTEMPATH/CodeIgniter.php(349): CodeIgniter\CodeIgniter->handleRequest()
 6 FCPATH/index.php(57): CodeIgniter\CodeIgniter->run()
CRITICAL - 2024-12-04 12:08:05 --> Undefined property: stdClass::$bill_num
in APPPATH/Helpers/global_helper.php on line 505.
 1 APPPATH/Helpers/global_helper.php(505): CodeIgniter\Debug\Exceptions->errorHandler()
 2 APPPATH/Controllers/Malipo.php(399): doProcessGlobalTransaction()
 3 SYSTEMPATH/CodeIgniter.php(896): App\Controllers\Malipo->nmbrecon()
 4 SYSTEMPATH/CodeIgniter.php(466): CodeIgniter\CodeIgniter->runController()
 5 SYSTEMPATH/CodeIgniter.php(349): CodeIgniter\CodeIgniter->handleRequest()
 6 FCPATH/index.php(57): CodeIgniter\CodeIgniter->run()
CRITICAL - 2024-12-04 12:10:04 --> Undefined property: stdClass::$bill_num
in APPPATH/Helpers/global_helper.php on line 505.
 1 APPPATH/Helpers/global_helper.php(505): CodeIgniter\Debug\Exceptions->errorHandler()
 2 APPPATH/Controllers/Malipo.php(399): doProcessGlobalTransaction()
 3 SYSTEMPATH/CodeIgniter.php(896): App\Controllers\Malipo->nmbrecon()
 4 SYSTEMPATH/CodeIgniter.php(466): CodeIgniter\CodeIgniter->runController()
 5 SYSTEMPATH/CodeIgniter.php(349): CodeIgniter\CodeIgniter->handleRequest()
 6 FCPATH/index.php(57): CodeIgniter\CodeIgniter->run()
CRITICAL - 2024-12-04 12:12:04 --> Undefined property: stdClass::$bill_num
in APPPATH/Helpers/global_helper.php on line 505.
 1 APPPATH/Helpers/global_helper.php(505): CodeIgniter\Debug\Exceptions->errorHandler()
 2 APPPATH/Controllers/Malipo.php(399): doProcessGlobalTransaction()
 3 SYSTEMPATH/CodeIgniter.php(896): App\Controllers\Malipo->nmbrecon()
 4 SYSTEMPATH/CodeIgniter.php(466): CodeIgniter\CodeIgniter->runController()
 5 SYSTEMPATH/CodeIgniter.php(349): CodeIgniter\CodeIgniter->handleRequest()
 6 FCPATH/index.php(57): CodeIgniter\CodeIgniter->run()
CRITICAL - 2024-12-04 12:14:04 --> Undefined property: stdClass::$bill_num
in APPPATH/Helpers/global_helper.php on line 505.
 1 APPPATH/Helpers/global_helper.php(505): CodeIgniter\Debug\Exceptions->errorHandler()
 2 APPPATH/Controllers/Malipo.php(399): doProcessGlobalTransaction()
 3 SYSTEMPATH/CodeIgniter.php(896): App\Controllers\Malipo->nmbrecon()
 4 SYSTEMPATH/CodeIgniter.php(466): CodeIgniter\CodeIgniter->runController()
 5 SYSTEMPATH/CodeIgniter.php(349): CodeIgniter\CodeIgniter->handleRequest()
 6 FCPATH/index.php(57): CodeIgniter\CodeIgniter->run()
CRITICAL - 2024-12-04 12:16:05 --> Undefined property: stdClass::$bill_num
in APPPATH/Helpers/global_helper.php on line 505.
 1 APPPATH/Helpers/global_helper.php(505): CodeIgniter\Debug\Exceptions->errorHandler()
 2 APPPATH/Controllers/Malipo.php(399): doProcessGlobalTransaction()
 3 SYSTEMPATH/CodeIgniter.php(896): App\Controllers\Malipo->nmbrecon()
 4 SYSTEMPATH/CodeIgniter.php(466): CodeIgniter\CodeIgniter->runController()
 5 SYSTEMPATH/CodeIgniter.php(349): CodeIgniter\CodeIgniter->handleRequest()
 6 FCPATH/index.php(57): CodeIgniter\CodeIgniter->run()
CRITICAL - 2024-12-04 12:18:05 --> Undefined property: stdClass::$bill_num
in APPPATH/Helpers/global_helper.php on line 505.
 1 APPPATH/Helpers/global_helper.php(505): CodeIgniter\Debug\Exceptions->errorHandler()
 2 APPPATH/Controllers/Malipo.php(399): doProcessGlobalTransaction()
 3 SYSTEMPATH/CodeIgniter.php(896): App\Controllers\Malipo->nmbrecon()
 4 SYSTEMPATH/CodeIgniter.php(466): CodeIgniter\CodeIgniter->runController()
 5 SYSTEMPATH/CodeIgniter.php(349): CodeIgniter\CodeIgniter->handleRequest()
 6 FCPATH/index.php(57): CodeIgniter\CodeIgniter->run()
CRITICAL - 2024-12-04 12:20:05 --> Undefined property: stdClass::$bill_num
in APPPATH/Helpers/global_helper.php on line 505.
 1 APPPATH/Helpers/global_helper.php(505): CodeIgniter\Debug\Exceptions->errorHandler()
 2 APPPATH/Controllers/Malipo.php(399): doProcessGlobalTransaction()
 3 SYSTEMPATH/CodeIgniter.php(896): App\Controllers\Malipo->nmbrecon()
 4 SYSTEMPATH/CodeIgniter.php(466): CodeIgniter\CodeIgniter->runController()
 5 SYSTEMPATH/CodeIgniter.php(349): CodeIgniter\CodeIgniter->handleRequest()
 6 FCPATH/index.php(57): CodeIgniter\CodeIgniter->run()
CRITICAL - 2024-12-04 12:22:04 --> Undefined property: stdClass::$bill_num
in APPPATH/Helpers/global_helper.php on line 505.
 1 APPPATH/Helpers/global_helper.php(505): CodeIgniter\Debug\Exceptions->errorHandler()
 2 APPPATH/Controllers/Malipo.php(399): doProcessGlobalTransaction()
 3 SYSTEMPATH/CodeIgniter.php(896): App\Controllers\Malipo->nmbrecon()
 4 SYSTEMPATH/CodeIgniter.php(466): CodeIgniter\CodeIgniter->runController()
 5 SYSTEMPATH/CodeIgniter.php(349): CodeIgniter\CodeIgniter->handleRequest()
 6 FCPATH/index.php(57): CodeIgniter\CodeIgniter->run()
CRITICAL - 2024-12-04 12:24:04 --> Undefined property: stdClass::$bill_num
in APPPATH/Helpers/global_helper.php on line 505.
 1 APPPATH/Helpers/global_helper.php(505): CodeIgniter\Debug\Exceptions->errorHandler()
 2 APPPATH/Controllers/Malipo.php(399): doProcessGlobalTransaction()
 3 SYSTEMPATH/CodeIgniter.php(896): App\Controllers\Malipo->nmbrecon()
 4 SYSTEMPATH/CodeIgniter.php(466): CodeIgniter\CodeIgniter->runController()
 5 SYSTEMPATH/CodeIgniter.php(349): CodeIgniter\CodeIgniter->handleRequest()
 6 FCPATH/index.php(57): CodeIgniter\CodeIgniter->run()
CRITICAL - 2024-12-04 12:26:04 --> Undefined property: stdClass::$bill_num
in APPPATH/Helpers/global_helper.php on line 505.
 1 APPPATH/Helpers/global_helper.php(505): CodeIgniter\Debug\Exceptions->errorHandler()
 2 APPPATH/Controllers/Malipo.php(399): doProcessGlobalTransaction()
 3 SYSTEMPATH/CodeIgniter.php(896): App\Controllers\Malipo->nmbrecon()
 4 SYSTEMPATH/CodeIgniter.php(466): CodeIgniter\CodeIgniter->runController()
 5 SYSTEMPATH/CodeIgniter.php(349): CodeIgniter\CodeIgniter->handleRequest()
 6 FCPATH/index.php(57): CodeIgniter\CodeIgniter->run()
CRITICAL - 2024-12-04 12:28:05 --> Undefined property: stdClass::$bill_num
in APPPATH/Helpers/global_helper.php on line 505.
 1 APPPATH/Helpers/global_helper.php(505): CodeIgniter\Debug\Exceptions->errorHandler()
 2 APPPATH/Controllers/Malipo.php(399): doProcessGlobalTransaction()
 3 SYSTEMPATH/CodeIgniter.php(896): App\Controllers\Malipo->nmbrecon()
 4 SYSTEMPATH/CodeIgniter.php(466): CodeIgniter\CodeIgniter->runController()
 5 SYSTEMPATH/CodeIgniter.php(349): CodeIgniter\CodeIgniter->handleRequest()
 6 FCPATH/index.php(57): CodeIgniter\CodeIgniter->run()
CRITICAL - 2024-12-04 12:30:05 --> Undefined property: stdClass::$bill_num
in APPPATH/Helpers/global_helper.php on line 505.
 1 APPPATH/Helpers/global_helper.php(505): CodeIgniter\Debug\Exceptions->errorHandler()
 2 APPPATH/Controllers/Malipo.php(399): doProcessGlobalTransaction()
 3 SYSTEMPATH/CodeIgniter.php(896): App\Controllers\Malipo->nmbrecon()
 4 SYSTEMPATH/CodeIgniter.php(466): CodeIgniter\CodeIgniter->runController()
 5 SYSTEMPATH/CodeIgniter.php(349): CodeIgniter\CodeIgniter->handleRequest()
 6 FCPATH/index.php(57): CodeIgniter\CodeIgniter->run()
CRITICAL - 2024-12-04 12:32:05 --> Undefined property: stdClass::$bill_num
in APPPATH/Helpers/global_helper.php on line 505.
 1 APPPATH/Helpers/global_helper.php(505): CodeIgniter\Debug\Exceptions->errorHandler()
 2 APPPATH/Controllers/Malipo.php(399): doProcessGlobalTransaction()
 3 SYSTEMPATH/CodeIgniter.php(896): App\Controllers\Malipo->nmbrecon()
 4 SYSTEMPATH/CodeIgniter.php(466): CodeIgniter\CodeIgniter->runController()
 5 SYSTEMPATH/CodeIgniter.php(349): CodeIgniter\CodeIgniter->handleRequest()
 6 FCPATH/index.php(57): CodeIgniter\CodeIgniter->run()
CRITICAL - 2024-12-04 12:34:04 --> Undefined property: stdClass::$bill_num
in APPPATH/Helpers/global_helper.php on line 505.
 1 APPPATH/Helpers/global_helper.php(505): CodeIgniter\Debug\Exceptions->errorHandler()
 2 APPPATH/Controllers/Malipo.php(399): doProcessGlobalTransaction()
 3 SYSTEMPATH/CodeIgniter.php(896): App\Controllers\Malipo->nmbrecon()
 4 SYSTEMPATH/CodeIgniter.php(466): CodeIgniter\CodeIgniter->runController()
 5 SYSTEMPATH/CodeIgniter.php(349): CodeIgniter\CodeIgniter->handleRequest()
 6 FCPATH/index.php(57): CodeIgniter\CodeIgniter->run()
CRITICAL - 2024-12-04 12:36:05 --> Undefined property: stdClass::$bill_num
in APPPATH/Helpers/global_helper.php on line 505.
 1 APPPATH/Helpers/global_helper.php(505): CodeIgniter\Debug\Exceptions->errorHandler()
 2 APPPATH/Controllers/Malipo.php(399): doProcessGlobalTransaction()
 3 SYSTEMPATH/CodeIgniter.php(896): App\Controllers\Malipo->nmbrecon()
 4 SYSTEMPATH/CodeIgniter.php(466): CodeIgniter\CodeIgniter->runController()
 5 SYSTEMPATH/CodeIgniter.php(349): CodeIgniter\CodeIgniter->handleRequest()
 6 FCPATH/index.php(57): CodeIgniter\CodeIgniter->run()
CRITICAL - 2024-12-04 12:38:05 --> Undefined property: stdClass::$bill_num
in APPPATH/Helpers/global_helper.php on line 505.
 1 APPPATH/Helpers/global_helper.php(505): CodeIgniter\Debug\Exceptions->errorHandler()
 2 APPPATH/Controllers/Malipo.php(399): doProcessGlobalTransaction()
 3 SYSTEMPATH/CodeIgniter.php(896): App\Controllers\Malipo->nmbrecon()
 4 SYSTEMPATH/CodeIgniter.php(466): CodeIgniter\CodeIgniter->runController()
 5 SYSTEMPATH/CodeIgniter.php(349): CodeIgniter\CodeIgniter->handleRequest()
 6 FCPATH/index.php(57): CodeIgniter\CodeIgniter->run()
CRITICAL - 2024-12-04 12:40:05 --> Undefined property: stdClass::$bill_num
in APPPATH/Helpers/global_helper.php on line 505.
 1 APPPATH/Helpers/global_helper.php(505): CodeIgniter\Debug\Exceptions->errorHandler()
 2 APPPATH/Controllers/Malipo.php(399): doProcessGlobalTransaction()
 3 SYSTEMPATH/CodeIgniter.php(896): App\Controllers\Malipo->nmbrecon()
 4 SYSTEMPATH/CodeIgniter.php(466): CodeIgniter\CodeIgniter->runController()
 5 SYSTEMPATH/CodeIgniter.php(349): CodeIgniter\CodeIgniter->handleRequest()
 6 FCPATH/index.php(57): CodeIgniter\CodeIgniter->run()
CRITICAL - 2024-12-04 12:42:05 --> Undefined property: stdClass::$bill_num
in APPPATH/Helpers/global_helper.php on line 505.
 1 APPPATH/Helpers/global_helper.php(505): CodeIgniter\Debug\Exceptions->errorHandler()
 2 APPPATH/Controllers/Malipo.php(399): doProcessGlobalTransaction()
 3 SYSTEMPATH/CodeIgniter.php(896): App\Controllers\Malipo->nmbrecon()
 4 SYSTEMPATH/CodeIgniter.php(466): CodeIgniter\CodeIgniter->runController()
 5 SYSTEMPATH/CodeIgniter.php(349): CodeIgniter\CodeIgniter->handleRequest()
 6 FCPATH/index.php(57): CodeIgniter\CodeIgniter->run()
CRITICAL - 2024-12-04 12:44:05 --> Undefined property: stdClass::$bill_num
in APPPATH/Helpers/global_helper.php on line 505.
 1 APPPATH/Helpers/global_helper.php(505): CodeIgniter\Debug\Exceptions->errorHandler()
 2 APPPATH/Controllers/Malipo.php(399): doProcessGlobalTransaction()
 3 SYSTEMPATH/CodeIgniter.php(896): App\Controllers\Malipo->nmbrecon()
 4 SYSTEMPATH/CodeIgniter.php(466): CodeIgniter\CodeIgniter->runController()
 5 SYSTEMPATH/CodeIgniter.php(349): CodeIgniter\CodeIgniter->handleRequest()
 6 FCPATH/index.php(57): CodeIgniter\CodeIgniter->run()
CRITICAL - 2024-12-04 12:46:04 --> Undefined property: stdClass::$bill_num
in APPPATH/Helpers/global_helper.php on line 505.
 1 APPPATH/Helpers/global_helper.php(505): CodeIgniter\Debug\Exceptions->errorHandler()
 2 APPPATH/Controllers/Malipo.php(399): doProcessGlobalTransaction()
 3 SYSTEMPATH/CodeIgniter.php(896): App\Controllers\Malipo->nmbrecon()
 4 SYSTEMPATH/CodeIgniter.php(466): CodeIgniter\CodeIgniter->runController()
 5 SYSTEMPATH/CodeIgniter.php(349): CodeIgniter\CodeIgniter->handleRequest()
 6 FCPATH/index.php(57): CodeIgniter\CodeIgniter->run()
CRITICAL - 2024-12-04 12:48:04 --> Undefined property: stdClass::$bill_num
in APPPATH/Helpers/global_helper.php on line 505.
 1 APPPATH/Helpers/global_helper.php(505): CodeIgniter\Debug\Exceptions->errorHandler()
 2 APPPATH/Controllers/Malipo.php(399): doProcessGlobalTransaction()
 3 SYSTEMPATH/CodeIgniter.php(896): App\Controllers\Malipo->nmbrecon()
 4 SYSTEMPATH/CodeIgniter.php(466): CodeIgniter\CodeIgniter->runController()
 5 SYSTEMPATH/CodeIgniter.php(349): CodeIgniter\CodeIgniter->handleRequest()
 6 FCPATH/index.php(57): CodeIgniter\CodeIgniter->run()
CRITICAL - 2024-12-04 12:50:04 --> Undefined property: stdClass::$bill_num
in APPPATH/Helpers/global_helper.php on line 505.
 1 APPPATH/Helpers/global_helper.php(505): CodeIgniter\Debug\Exceptions->errorHandler()
 2 APPPATH/Controllers/Malipo.php(399): doProcessGlobalTransaction()
 3 SYSTEMPATH/CodeIgniter.php(896): App\Controllers\Malipo->nmbrecon()
 4 SYSTEMPATH/CodeIgniter.php(466): CodeIgniter\CodeIgniter->runController()
 5 SYSTEMPATH/CodeIgniter.php(349): CodeIgniter\CodeIgniter->handleRequest()
 6 FCPATH/index.php(57): CodeIgniter\CodeIgniter->run()
CRITICAL - 2024-12-04 12:50:30 --> Undefined array key "data"
in APPPATH/Helpers/global_helper.php on line 154.
 1 APPPATH/Helpers/global_helper.php(154): CodeIgniter\Debug\Exceptions->errorHandler()
 2 APPPATH/Controllers/Malipo.php(294): dispResponseCRDBValidate()
 3 SYSTEMPATH/CodeIgniter.php(896): App\Controllers\Malipo->crdbverify()
 4 SYSTEMPATH/CodeIgniter.php(466): CodeIgniter\CodeIgniter->runController()
 5 SYSTEMPATH/CodeIgniter.php(349): CodeIgniter\CodeIgniter->handleRequest()
 6 FCPATH/index.php(57): CodeIgniter\CodeIgniter->run()
CRITICAL - 2024-12-04 12:50:30 --> Undefined array key "data"
in APPPATH/Helpers/global_helper.php on line 154.
 1 APPPATH/Helpers/global_helper.php(154): CodeIgniter\Debug\Exceptions->errorHandler()
 2 APPPATH/Controllers/Malipo.php(294): dispResponseCRDBValidate()
 3 SYSTEMPATH/CodeIgniter.php(896): App\Controllers\Malipo->crdbverify()
 4 SYSTEMPATH/CodeIgniter.php(466): CodeIgniter\CodeIgniter->runController()
 5 SYSTEMPATH/CodeIgniter.php(349): CodeIgniter\CodeIgniter->handleRequest()
 6 FCPATH/index.php(57): CodeIgniter\CodeIgniter->run()
CRITICAL - 2024-12-04 12:52:05 --> Undefined property: stdClass::$bill_num
in APPPATH/Helpers/global_helper.php on line 505.
 1 APPPATH/Helpers/global_helper.php(505): CodeIgniter\Debug\Exceptions->errorHandler()
 2 APPPATH/Controllers/Malipo.php(399): doProcessGlobalTransaction()
 3 SYSTEMPATH/CodeIgniter.php(896): App\Controllers\Malipo->nmbrecon()
 4 SYSTEMPATH/CodeIgniter.php(466): CodeIgniter\CodeIgniter->runController()
 5 SYSTEMPATH/CodeIgniter.php(349): CodeIgniter\CodeIgniter->handleRequest()
 6 FCPATH/index.php(57): CodeIgniter\CodeIgniter->run()
CRITICAL - 2024-12-04 12:54:05 --> Undefined property: stdClass::$bill_num
in APPPATH/Helpers/global_helper.php on line 505.
 1 APPPATH/Helpers/global_helper.php(505): CodeIgniter\Debug\Exceptions->errorHandler()
 2 APPPATH/Controllers/Malipo.php(399): doProcessGlobalTransaction()
 3 SYSTEMPATH/CodeIgniter.php(896): App\Controllers\Malipo->nmbrecon()
 4 SYSTEMPATH/CodeIgniter.php(466): CodeIgniter\CodeIgniter->runController()
 5 SYSTEMPATH/CodeIgniter.php(349): CodeIgniter\CodeIgniter->handleRequest()
 6 FCPATH/index.php(57): CodeIgniter\CodeIgniter->run()
CRITICAL - 2024-12-04 12:56:05 --> Undefined property: stdClass::$bill_num
in APPPATH/Helpers/global_helper.php on line 505.
 1 APPPATH/Helpers/global_helper.php(505): CodeIgniter\Debug\Exceptions->errorHandler()
 2 APPPATH/Controllers/Malipo.php(399): doProcessGlobalTransaction()
 3 SYSTEMPATH/CodeIgniter.php(896): App\Controllers\Malipo->nmbrecon()
 4 SYSTEMPATH/CodeIgniter.php(466): CodeIgniter\CodeIgniter->runController()
 5 SYSTEMPATH/CodeIgniter.php(349): CodeIgniter\CodeIgniter->handleRequest()
 6 FCPATH/index.php(57): CodeIgniter\CodeIgniter->run()
CRITICAL - 2024-12-04 12:58:04 --> Undefined property: stdClass::$bill_num
in APPPATH/Helpers/global_helper.php on line 505.
 1 APPPATH/Helpers/global_helper.php(505): CodeIgniter\Debug\Exceptions->errorHandler()
 2 APPPATH/Controllers/Malipo.php(399): doProcessGlobalTransaction()
 3 SYSTEMPATH/CodeIgniter.php(896): App\Controllers\Malipo->nmbrecon()
 4 SYSTEMPATH/CodeIgniter.php(466): CodeIgniter\CodeIgniter->runController()
 5 SYSTEMPATH/CodeIgniter.php(349): CodeIgniter\CodeIgniter->handleRequest()
 6 FCPATH/index.php(57): CodeIgniter\CodeIgniter->run()
CRITICAL - 2024-12-04 13:00:04 --> Undefined property: stdClass::$bill_num
in APPPATH/Helpers/global_helper.php on line 505.
 1 APPPATH/Helpers/global_helper.php(505): CodeIgniter\Debug\Exceptions->errorHandler()
 2 APPPATH/Controllers/Malipo.php(399): doProcessGlobalTransaction()
 3 SYSTEMPATH/CodeIgniter.php(896): App\Controllers\Malipo->nmbrecon()
 4 SYSTEMPATH/CodeIgniter.php(466): CodeIgniter\CodeIgniter->runController()
 5 SYSTEMPATH/CodeIgniter.php(349): CodeIgniter\CodeIgniter->handleRequest()
 6 FCPATH/index.php(57): CodeIgniter\CodeIgniter->run()
CRITICAL - 2024-12-04 13:02:05 --> Undefined property: stdClass::$bill_num
in APPPATH/Helpers/global_helper.php on line 505.
 1 APPPATH/Helpers/global_helper.php(505): CodeIgniter\Debug\Exceptions->errorHandler()
 2 APPPATH/Controllers/Malipo.php(399): doProcessGlobalTransaction()
 3 SYSTEMPATH/CodeIgniter.php(896): App\Controllers\Malipo->nmbrecon()
 4 SYSTEMPATH/CodeIgniter.php(466): CodeIgniter\CodeIgniter->runController()
 5 SYSTEMPATH/CodeIgniter.php(349): CodeIgniter\CodeIgniter->handleRequest()
 6 FCPATH/index.php(57): CodeIgniter\CodeIgniter->run()
CRITICAL - 2024-12-04 13:04:05 --> Undefined property: stdClass::$bill_num
in APPPATH/Helpers/global_helper.php on line 505.
 1 APPPATH/Helpers/global_helper.php(505): CodeIgniter\Debug\Exceptions->errorHandler()
 2 APPPATH/Controllers/Malipo.php(399): doProcessGlobalTransaction()
 3 SYSTEMPATH/CodeIgniter.php(896): App\Controllers\Malipo->nmbrecon()
 4 SYSTEMPATH/CodeIgniter.php(466): CodeIgniter\CodeIgniter->runController()
 5 SYSTEMPATH/CodeIgniter.php(349): CodeIgniter\CodeIgniter->handleRequest()
 6 FCPATH/index.php(57): CodeIgniter\CodeIgniter->run()
CRITICAL - 2024-12-04 13:06:04 --> Undefined property: stdClass::$bill_num
in APPPATH/Helpers/global_helper.php on line 505.
 1 APPPATH/Helpers/global_helper.php(505): CodeIgniter\Debug\Exceptions->errorHandler()
 2 APPPATH/Controllers/Malipo.php(399): doProcessGlobalTransaction()
 3 SYSTEMPATH/CodeIgniter.php(896): App\Controllers\Malipo->nmbrecon()
 4 SYSTEMPATH/CodeIgniter.php(466): CodeIgniter\CodeIgniter->runController()
 5 SYSTEMPATH/CodeIgniter.php(349): CodeIgniter\CodeIgniter->handleRequest()
 6 FCPATH/index.php(57): CodeIgniter\CodeIgniter->run()
CRITICAL - 2024-12-04 13:08:05 --> Undefined property: stdClass::$bill_num
in APPPATH/Helpers/global_helper.php on line 505.
 1 APPPATH/Helpers/global_helper.php(505): CodeIgniter\Debug\Exceptions->errorHandler()
 2 APPPATH/Controllers/Malipo.php(399): doProcessGlobalTransaction()
 3 SYSTEMPATH/CodeIgniter.php(896): App\Controllers\Malipo->nmbrecon()
 4 SYSTEMPATH/CodeIgniter.php(466): CodeIgniter\CodeIgniter->runController()
 5 SYSTEMPATH/CodeIgniter.php(349): CodeIgniter\CodeIgniter->handleRequest()
 6 FCPATH/index.php(57): CodeIgniter\CodeIgniter->run()
CRITICAL - 2024-12-04 13:10:04 --> Undefined property: stdClass::$bill_num
in APPPATH/Helpers/global_helper.php on line 505.
 1 APPPATH/Helpers/global_helper.php(505): CodeIgniter\Debug\Exceptions->errorHandler()
 2 APPPATH/Controllers/Malipo.php(399): doProcessGlobalTransaction()
 3 SYSTEMPATH/CodeIgniter.php(896): App\Controllers\Malipo->nmbrecon()
 4 SYSTEMPATH/CodeIgniter.php(466): CodeIgniter\CodeIgniter->runController()
 5 SYSTEMPATH/CodeIgniter.php(349): CodeIgniter\CodeIgniter->handleRequest()
 6 FCPATH/index.php(57): CodeIgniter\CodeIgniter->run()
CRITICAL - 2024-12-04 13:12:05 --> Undefined property: stdClass::$bill_num
in APPPATH/Helpers/global_helper.php on line 505.
 1 APPPATH/Helpers/global_helper.php(505): CodeIgniter\Debug\Exceptions->errorHandler()
 2 APPPATH/Controllers/Malipo.php(399): doProcessGlobalTransaction()
 3 SYSTEMPATH/CodeIgniter.php(896): App\Controllers\Malipo->nmbrecon()
 4 SYSTEMPATH/CodeIgniter.php(466): CodeIgniter\CodeIgniter->runController()
 5 SYSTEMPATH/CodeIgniter.php(349): CodeIgniter\CodeIgniter->handleRequest()
 6 FCPATH/index.php(57): CodeIgniter\CodeIgniter->run()
CRITICAL - 2024-12-04 13:14:04 --> Undefined property: stdClass::$bill_num
in APPPATH/Helpers/global_helper.php on line 505.
 1 APPPATH/Helpers/global_helper.php(505): CodeIgniter\Debug\Exceptions->errorHandler()
 2 APPPATH/Controllers/Malipo.php(399): doProcessGlobalTransaction()
 3 SYSTEMPATH/CodeIgniter.php(896): App\Controllers\Malipo->nmbrecon()
 4 SYSTEMPATH/CodeIgniter.php(466): CodeIgniter\CodeIgniter->runController()
 5 SYSTEMPATH/CodeIgniter.php(349): CodeIgniter\CodeIgniter->handleRequest()
 6 FCPATH/index.php(57): CodeIgniter\CodeIgniter->run()
CRITICAL - 2024-12-04 13:16:05 --> Undefined property: stdClass::$bill_num
in APPPATH/Helpers/global_helper.php on line 505.
 1 APPPATH/Helpers/global_helper.php(505): CodeIgniter\Debug\Exceptions->errorHandler()
 2 APPPATH/Controllers/Malipo.php(399): doProcessGlobalTransaction()
 3 SYSTEMPATH/CodeIgniter.php(896): App\Controllers\Malipo->nmbrecon()
 4 SYSTEMPATH/CodeIgniter.php(466): CodeIgniter\CodeIgniter->runController()
 5 SYSTEMPATH/CodeIgniter.php(349): CodeIgniter\CodeIgniter->handleRequest()
 6 FCPATH/index.php(57): CodeIgniter\CodeIgniter->run()
CRITICAL - 2024-12-04 13:18:05 --> Undefined property: stdClass::$bill_num
in APPPATH/Helpers/global_helper.php on line 505.
 1 APPPATH/Helpers/global_helper.php(505): CodeIgniter\Debug\Exceptions->errorHandler()
 2 APPPATH/Controllers/Malipo.php(399): doProcessGlobalTransaction()
 3 SYSTEMPATH/CodeIgniter.php(896): App\Controllers\Malipo->nmbrecon()
 4 SYSTEMPATH/CodeIgniter.php(466): CodeIgniter\CodeIgniter->runController()
 5 SYSTEMPATH/CodeIgniter.php(349): CodeIgniter\CodeIgniter->handleRequest()
 6 FCPATH/index.php(57): CodeIgniter\CodeIgniter->run()
CRITICAL - 2024-12-04 13:20:06 --> Undefined property: stdClass::$bill_num
in APPPATH/Helpers/global_helper.php on line 505.
 1 APPPATH/Helpers/global_helper.php(505): CodeIgniter\Debug\Exceptions->errorHandler()
 2 APPPATH/Controllers/Malipo.php(399): doProcessGlobalTransaction()
 3 SYSTEMPATH/CodeIgniter.php(896): App\Controllers\Malipo->nmbrecon()
 4 SYSTEMPATH/CodeIgniter.php(466): CodeIgniter\CodeIgniter->runController()
 5 SYSTEMPATH/CodeIgniter.php(349): CodeIgniter\CodeIgniter->handleRequest()
 6 FCPATH/index.php(57): CodeIgniter\CodeIgniter->run()
CRITICAL - 2024-12-04 13:22:05 --> Undefined property: stdClass::$bill_num
in APPPATH/Helpers/global_helper.php on line 505.
 1 APPPATH/Helpers/global_helper.php(505): CodeIgniter\Debug\Exceptions->errorHandler()
 2 APPPATH/Controllers/Malipo.php(399): doProcessGlobalTransaction()
 3 SYSTEMPATH/CodeIgniter.php(896): App\Controllers\Malipo->nmbrecon()
 4 SYSTEMPATH/CodeIgniter.php(466): CodeIgniter\CodeIgniter->runController()
 5 SYSTEMPATH/CodeIgniter.php(349): CodeIgniter\CodeIgniter->handleRequest()
 6 FCPATH/index.php(57): CodeIgniter\CodeIgniter->run()
CRITICAL - 2024-12-04 13:24:04 --> Undefined property: stdClass::$bill_num
in APPPATH/Helpers/global_helper.php on line 505.
 1 APPPATH/Helpers/global_helper.php(505): CodeIgniter\Debug\Exceptions->errorHandler()
 2 APPPATH/Controllers/Malipo.php(399): doProcessGlobalTransaction()
 3 SYSTEMPATH/CodeIgniter.php(896): App\Controllers\Malipo->nmbrecon()
 4 SYSTEMPATH/CodeIgniter.php(466): CodeIgniter\CodeIgniter->runController()
 5 SYSTEMPATH/CodeIgniter.php(349): CodeIgniter\CodeIgniter->handleRequest()
 6 FCPATH/index.php(57): CodeIgniter\CodeIgniter->run()
CRITICAL - 2024-12-04 13:26:05 --> Undefined property: stdClass::$bill_num
in APPPATH/Helpers/global_helper.php on line 505.
 1 APPPATH/Helpers/global_helper.php(505): CodeIgniter\Debug\Exceptions->errorHandler()
 2 APPPATH/Controllers/Malipo.php(399): doProcessGlobalTransaction()
 3 SYSTEMPATH/CodeIgniter.php(896): App\Controllers\Malipo->nmbrecon()
 4 SYSTEMPATH/CodeIgniter.php(466): CodeIgniter\CodeIgniter->runController()
 5 SYSTEMPATH/CodeIgniter.php(349): CodeIgniter\CodeIgniter->handleRequest()
 6 FCPATH/index.php(57): CodeIgniter\CodeIgniter->run()
CRITICAL - 2024-12-04 13:28:05 --> Undefined property: stdClass::$bill_num
in APPPATH/Helpers/global_helper.php on line 505.
 1 APPPATH/Helpers/global_helper.php(505): CodeIgniter\Debug\Exceptions->errorHandler()
 2 APPPATH/Controllers/Malipo.php(399): doProcessGlobalTransaction()
 3 SYSTEMPATH/CodeIgniter.php(896): App\Controllers\Malipo->nmbrecon()
 4 SYSTEMPATH/CodeIgniter.php(466): CodeIgniter\CodeIgniter->runController()
 5 SYSTEMPATH/CodeIgniter.php(349): CodeIgniter\CodeIgniter->handleRequest()
 6 FCPATH/index.php(57): CodeIgniter\CodeIgniter->run()
CRITICAL - 2024-12-04 13:30:05 --> Undefined property: stdClass::$bill_num
in APPPATH/Helpers/global_helper.php on line 505.
 1 APPPATH/Helpers/global_helper.php(505): CodeIgniter\Debug\Exceptions->errorHandler()
 2 APPPATH/Controllers/Malipo.php(399): doProcessGlobalTransaction()
 3 SYSTEMPATH/CodeIgniter.php(896): App\Controllers\Malipo->nmbrecon()
 4 SYSTEMPATH/CodeIgniter.php(466): CodeIgniter\CodeIgniter->runController()
 5 SYSTEMPATH/CodeIgniter.php(349): CodeIgniter\CodeIgniter->handleRequest()
 6 FCPATH/index.php(57): CodeIgniter\CodeIgniter->run()
CRITICAL - 2024-12-04 13:32:05 --> Undefined property: stdClass::$bill_num
in APPPATH/Helpers/global_helper.php on line 505.
 1 APPPATH/Helpers/global_helper.php(505): CodeIgniter\Debug\Exceptions->errorHandler()
 2 APPPATH/Controllers/Malipo.php(399): doProcessGlobalTransaction()
 3 SYSTEMPATH/CodeIgniter.php(896): App\Controllers\Malipo->nmbrecon()
 4 SYSTEMPATH/CodeIgniter.php(466): CodeIgniter\CodeIgniter->runController()
 5 SYSTEMPATH/CodeIgniter.php(349): CodeIgniter\CodeIgniter->handleRequest()
 6 FCPATH/index.php(57): CodeIgniter\CodeIgniter->run()
CRITICAL - 2024-12-04 13:34:04 --> Undefined property: stdClass::$bill_num
in APPPATH/Helpers/global_helper.php on line 505.
 1 APPPATH/Helpers/global_helper.php(505): CodeIgniter\Debug\Exceptions->errorHandler()
 2 APPPATH/Controllers/Malipo.php(399): doProcessGlobalTransaction()
 3 SYSTEMPATH/CodeIgniter.php(896): App\Controllers\Malipo->nmbrecon()
 4 SYSTEMPATH/CodeIgniter.php(466): CodeIgniter\CodeIgniter->runController()
 5 SYSTEMPATH/CodeIgniter.php(349): CodeIgniter\CodeIgniter->handleRequest()
 6 FCPATH/index.php(57): CodeIgniter\CodeIgniter->run()
CRITICAL - 2024-12-04 13:36:05 --> Undefined property: stdClass::$bill_num
in APPPATH/Helpers/global_helper.php on line 505.
 1 APPPATH/Helpers/global_helper.php(505): CodeIgniter\Debug\Exceptions->errorHandler()
 2 APPPATH/Controllers/Malipo.php(399): doProcessGlobalTransaction()
 3 SYSTEMPATH/CodeIgniter.php(896): App\Controllers\Malipo->nmbrecon()
 4 SYSTEMPATH/CodeIgniter.php(466): CodeIgniter\CodeIgniter->runController()
 5 SYSTEMPATH/CodeIgniter.php(349): CodeIgniter\CodeIgniter->handleRequest()
 6 FCPATH/index.php(57): CodeIgniter\CodeIgniter->run()
CRITICAL - 2024-12-04 13:38:05 --> Undefined property: stdClass::$bill_num
in APPPATH/Helpers/global_helper.php on line 505.
 1 APPPATH/Helpers/global_helper.php(505): CodeIgniter\Debug\Exceptions->errorHandler()
 2 APPPATH/Controllers/Malipo.php(399): doProcessGlobalTransaction()
 3 SYSTEMPATH/CodeIgniter.php(896): App\Controllers\Malipo->nmbrecon()
 4 SYSTEMPATH/CodeIgniter.php(466): CodeIgniter\CodeIgniter->runController()
 5 SYSTEMPATH/CodeIgniter.php(349): CodeIgniter\CodeIgniter->handleRequest()
 6 FCPATH/index.php(57): CodeIgniter\CodeIgniter->run()
CRITICAL - 2024-12-04 13:40:05 --> Undefined property: stdClass::$bill_num
in APPPATH/Helpers/global_helper.php on line 505.
 1 APPPATH/Helpers/global_helper.php(505): CodeIgniter\Debug\Exceptions->errorHandler()
 2 APPPATH/Controllers/Malipo.php(399): doProcessGlobalTransaction()
 3 SYSTEMPATH/CodeIgniter.php(896): App\Controllers\Malipo->nmbrecon()
 4 SYSTEMPATH/CodeIgniter.php(466): CodeIgniter\CodeIgniter->runController()
 5 SYSTEMPATH/CodeIgniter.php(349): CodeIgniter\CodeIgniter->handleRequest()
 6 FCPATH/index.php(57): CodeIgniter\CodeIgniter->run()
CRITICAL - 2024-12-04 13:42:05 --> Undefined property: stdClass::$bill_num
in APPPATH/Helpers/global_helper.php on line 505.
 1 APPPATH/Helpers/global_helper.php(505): CodeIgniter\Debug\Exceptions->errorHandler()
 2 APPPATH/Controllers/Malipo.php(399): doProcessGlobalTransaction()
 3 SYSTEMPATH/CodeIgniter.php(896): App\Controllers\Malipo->nmbrecon()
 4 SYSTEMPATH/CodeIgniter.php(466): CodeIgniter\CodeIgniter->runController()
 5 SYSTEMPATH/CodeIgniter.php(349): CodeIgniter\CodeIgniter->handleRequest()
 6 FCPATH/index.php(57): CodeIgniter\CodeIgniter->run()
CRITICAL - 2024-12-04 13:44:04 --> Undefined property: stdClass::$bill_num
in APPPATH/Helpers/global_helper.php on line 505.
 1 APPPATH/Helpers/global_helper.php(505): CodeIgniter\Debug\Exceptions->errorHandler()
 2 APPPATH/Controllers/Malipo.php(399): doProcessGlobalTransaction()
 3 SYSTEMPATH/CodeIgniter.php(896): App\Controllers\Malipo->nmbrecon()
 4 SYSTEMPATH/CodeIgniter.php(466): CodeIgniter\CodeIgniter->runController()
 5 SYSTEMPATH/CodeIgniter.php(349): CodeIgniter\CodeIgniter->handleRequest()
 6 FCPATH/index.php(57): CodeIgniter\CodeIgniter->run()
CRITICAL - 2024-12-04 13:46:05 --> Undefined property: stdClass::$bill_num
in APPPATH/Helpers/global_helper.php on line 505.
 1 APPPATH/Helpers/global_helper.php(505): CodeIgniter\Debug\Exceptions->errorHandler()
 2 APPPATH/Controllers/Malipo.php(399): doProcessGlobalTransaction()
 3 SYSTEMPATH/CodeIgniter.php(896): App\Controllers\Malipo->nmbrecon()
 4 SYSTEMPATH/CodeIgniter.php(466): CodeIgniter\CodeIgniter->runController()
 5 SYSTEMPATH/CodeIgniter.php(349): CodeIgniter\CodeIgniter->handleRequest()
 6 FCPATH/index.php(57): CodeIgniter\CodeIgniter->run()
CRITICAL - 2024-12-04 13:48:05 --> Undefined property: stdClass::$bill_num
in APPPATH/Helpers/global_helper.php on line 505.
 1 APPPATH/Helpers/global_helper.php(505): CodeIgniter\Debug\Exceptions->errorHandler()
 2 APPPATH/Controllers/Malipo.php(399): doProcessGlobalTransaction()
 3 SYSTEMPATH/CodeIgniter.php(896): App\Controllers\Malipo->nmbrecon()
 4 SYSTEMPATH/CodeIgniter.php(466): CodeIgniter\CodeIgniter->runController()
 5 SYSTEMPATH/CodeIgniter.php(349): CodeIgniter\CodeIgniter->handleRequest()
 6 FCPATH/index.php(57): CodeIgniter\CodeIgniter->run()
CRITICAL - 2024-12-04 13:50:05 --> Undefined property: stdClass::$bill_num
in APPPATH/Helpers/global_helper.php on line 505.
 1 APPPATH/Helpers/global_helper.php(505): CodeIgniter\Debug\Exceptions->errorHandler()
 2 APPPATH/Controllers/Malipo.php(399): doProcessGlobalTransaction()
 3 SYSTEMPATH/CodeIgniter.php(896): App\Controllers\Malipo->nmbrecon()
 4 SYSTEMPATH/CodeIgniter.php(466): CodeIgniter\CodeIgniter->runController()
 5 SYSTEMPATH/CodeIgniter.php(349): CodeIgniter\CodeIgniter->handleRequest()
 6 FCPATH/index.php(57): CodeIgniter\CodeIgniter->run()
CRITICAL - 2024-12-04 13:52:05 --> Undefined property: stdClass::$bill_num
in APPPATH/Helpers/global_helper.php on line 505.
 1 APPPATH/Helpers/global_helper.php(505): CodeIgniter\Debug\Exceptions->errorHandler()
 2 APPPATH/Controllers/Malipo.php(399): doProcessGlobalTransaction()
 3 SYSTEMPATH/CodeIgniter.php(896): App\Controllers\Malipo->nmbrecon()
 4 SYSTEMPATH/CodeIgniter.php(466): CodeIgniter\CodeIgniter->runController()
 5 SYSTEMPATH/CodeIgniter.php(349): CodeIgniter\CodeIgniter->handleRequest()
 6 FCPATH/index.php(57): CodeIgniter\CodeIgniter->run()
CRITICAL - 2024-12-04 13:54:06 --> Undefined property: stdClass::$bill_num
in APPPATH/Helpers/global_helper.php on line 505.
 1 APPPATH/Helpers/global_helper.php(505): CodeIgniter\Debug\Exceptions->errorHandler()
 2 APPPATH/Controllers/Malipo.php(399): doProcessGlobalTransaction()
 3 SYSTEMPATH/CodeIgniter.php(896): App\Controllers\Malipo->nmbrecon()
 4 SYSTEMPATH/CodeIgniter.php(466): CodeIgniter\CodeIgniter->runController()
 5 SYSTEMPATH/CodeIgniter.php(349): CodeIgniter\CodeIgniter->handleRequest()
 6 FCPATH/index.php(57): CodeIgniter\CodeIgniter->run()
CRITICAL - 2024-12-04 13:56:05 --> Undefined property: stdClass::$bill_num
in APPPATH/Helpers/global_helper.php on line 505.
 1 APPPATH/Helpers/global_helper.php(505): CodeIgniter\Debug\Exceptions->errorHandler()
 2 APPPATH/Controllers/Malipo.php(399): doProcessGlobalTransaction()
 3 SYSTEMPATH/CodeIgniter.php(896): App\Controllers\Malipo->nmbrecon()
 4 SYSTEMPATH/CodeIgniter.php(466): CodeIgniter\CodeIgniter->runController()
 5 SYSTEMPATH/CodeIgniter.php(349): CodeIgniter\CodeIgniter->handleRequest()
 6 FCPATH/index.php(57): CodeIgniter\CodeIgniter->run()
CRITICAL - 2024-12-04 13:58:05 --> Undefined property: stdClass::$bill_num
in APPPATH/Helpers/global_helper.php on line 505.
 1 APPPATH/Helpers/global_helper.php(505): CodeIgniter\Debug\Exceptions->errorHandler()
 2 APPPATH/Controllers/Malipo.php(399): doProcessGlobalTransaction()
 3 SYSTEMPATH/CodeIgniter.php(896): App\Controllers\Malipo->nmbrecon()
 4 SYSTEMPATH/CodeIgniter.php(466): CodeIgniter\CodeIgniter->runController()
 5 SYSTEMPATH/CodeIgniter.php(349): CodeIgniter\CodeIgniter->handleRequest()
 6 FCPATH/index.php(57): CodeIgniter\CodeIgniter->run()
CRITICAL - 2024-12-04 14:00:04 --> Undefined property: stdClass::$bill_num
in APPPATH/Helpers/global_helper.php on line 505.
 1 APPPATH/Helpers/global_helper.php(505): CodeIgniter\Debug\Exceptions->errorHandler()
 2 APPPATH/Controllers/Malipo.php(399): doProcessGlobalTransaction()
 3 SYSTEMPATH/CodeIgniter.php(896): App\Controllers\Malipo->nmbrecon()
 4 SYSTEMPATH/CodeIgniter.php(466): CodeIgniter\CodeIgniter->runController()
 5 SYSTEMPATH/CodeIgniter.php(349): CodeIgniter\CodeIgniter->handleRequest()
 6 FCPATH/index.php(57): CodeIgniter\CodeIgniter->run()
CRITICAL - 2024-12-04 14:02:05 --> Undefined property: stdClass::$bill_num
in APPPATH/Helpers/global_helper.php on line 505.
 1 APPPATH/Helpers/global_helper.php(505): CodeIgniter\Debug\Exceptions->errorHandler()
 2 APPPATH/Controllers/Malipo.php(399): doProcessGlobalTransaction()
 3 SYSTEMPATH/CodeIgniter.php(896): App\Controllers\Malipo->nmbrecon()
 4 SYSTEMPATH/CodeIgniter.php(466): CodeIgniter\CodeIgniter->runController()
 5 SYSTEMPATH/CodeIgniter.php(349): CodeIgniter\CodeIgniter->handleRequest()
 6 FCPATH/index.php(57): CodeIgniter\CodeIgniter->run()
CRITICAL - 2024-12-04 14:04:05 --> Undefined property: stdClass::$bill_num
in APPPATH/Helpers/global_helper.php on line 505.
 1 APPPATH/Helpers/global_helper.php(505): CodeIgniter\Debug\Exceptions->errorHandler()
 2 APPPATH/Controllers/Malipo.php(399): doProcessGlobalTransaction()
 3 SYSTEMPATH/CodeIgniter.php(896): App\Controllers\Malipo->nmbrecon()
 4 SYSTEMPATH/CodeIgniter.php(466): CodeIgniter\CodeIgniter->runController()
 5 SYSTEMPATH/CodeIgniter.php(349): CodeIgniter\CodeIgniter->handleRequest()
 6 FCPATH/index.php(57): CodeIgniter\CodeIgniter->run()
CRITICAL - 2024-12-04 14:06:05 --> Undefined property: stdClass::$bill_num
in APPPATH/Helpers/global_helper.php on line 505.
 1 APPPATH/Helpers/global_helper.php(505): CodeIgniter\Debug\Exceptions->errorHandler()
 2 APPPATH/Controllers/Malipo.php(399): doProcessGlobalTransaction()
 3 SYSTEMPATH/CodeIgniter.php(896): App\Controllers\Malipo->nmbrecon()
 4 SYSTEMPATH/CodeIgniter.php(466): CodeIgniter\CodeIgniter->runController()
 5 SYSTEMPATH/CodeIgniter.php(349): CodeIgniter\CodeIgniter->handleRequest()
 6 FCPATH/index.php(57): CodeIgniter\CodeIgniter->run()
CRITICAL - 2024-12-04 14:08:04 --> Undefined property: stdClass::$bill_num
in APPPATH/Helpers/global_helper.php on line 505.
 1 APPPATH/Helpers/global_helper.php(505): CodeIgniter\Debug\Exceptions->errorHandler()
 2 APPPATH/Controllers/Malipo.php(399): doProcessGlobalTransaction()
 3 SYSTEMPATH/CodeIgniter.php(896): App\Controllers\Malipo->nmbrecon()
 4 SYSTEMPATH/CodeIgniter.php(466): CodeIgniter\CodeIgniter->runController()
 5 SYSTEMPATH/CodeIgniter.php(349): CodeIgniter\CodeIgniter->handleRequest()
 6 FCPATH/index.php(57): CodeIgniter\CodeIgniter->run()
CRITICAL - 2024-12-04 14:08:53 --> Undefined array key "data"
in APPPATH/Helpers/global_helper.php on line 154.
 1 APPPATH/Helpers/global_helper.php(154): CodeIgniter\Debug\Exceptions->errorHandler()
 2 APPPATH/Controllers/Malipo.php(294): dispResponseCRDBValidate()
 3 SYSTEMPATH/CodeIgniter.php(896): App\Controllers\Malipo->crdbverify()
 4 SYSTEMPATH/CodeIgniter.php(466): CodeIgniter\CodeIgniter->runController()
 5 SYSTEMPATH/CodeIgniter.php(349): CodeIgniter\CodeIgniter->handleRequest()
 6 FCPATH/index.php(57): CodeIgniter\CodeIgniter->run()
CRITICAL - 2024-12-04 14:08:53 --> Undefined array key "data"
in APPPATH/Helpers/global_helper.php on line 154.
 1 APPPATH/Helpers/global_helper.php(154): CodeIgniter\Debug\Exceptions->errorHandler()
 2 APPPATH/Controllers/Malipo.php(294): dispResponseCRDBValidate()
 3 SYSTEMPATH/CodeIgniter.php(896): App\Controllers\Malipo->crdbverify()
 4 SYSTEMPATH/CodeIgniter.php(466): CodeIgniter\CodeIgniter->runController()
 5 SYSTEMPATH/CodeIgniter.php(349): CodeIgniter\CodeIgniter->handleRequest()
 6 FCPATH/index.php(57): CodeIgniter\CodeIgniter->run()
CRITICAL - 2024-12-04 14:10:05 --> Undefined property: stdClass::$bill_num
in APPPATH/Helpers/global_helper.php on line 505.
 1 APPPATH/Helpers/global_helper.php(505): CodeIgniter\Debug\Exceptions->errorHandler()
 2 APPPATH/Controllers/Malipo.php(399): doProcessGlobalTransaction()
 3 SYSTEMPATH/CodeIgniter.php(896): App\Controllers\Malipo->nmbrecon()
 4 SYSTEMPATH/CodeIgniter.php(466): CodeIgniter\CodeIgniter->runController()
 5 SYSTEMPATH/CodeIgniter.php(349): CodeIgniter\CodeIgniter->handleRequest()
 6 FCPATH/index.php(57): CodeIgniter\CodeIgniter->run()
ERROR - 2024-12-04 14:10:51 --> Duplicate entry 'E00000000075293' for key 'bmc_bills.bill_num'
CRITICAL - 2024-12-04 14:10:51 --> Duplicate entry 'E00000000075293' for key 'bmc_bills.bill_num'
in SYSTEMPATH/Database/MySQLi/Connection.php on line 292.
 1 SYSTEMPATH/Database/MySQLi/Connection.php(292): mysqli->query()
 2 SYSTEMPATH/Database/BaseConnection.php(695): CodeIgniter\Database\MySQLi\Connection->execute()
 3 SYSTEMPATH/Database/BaseConnection.php(609): CodeIgniter\Database\BaseConnection->simpleQuery()
 4 SYSTEMPATH/Database/BaseBuilder.php(1904): CodeIgniter\Database\BaseConnection->query()
 5 APPPATH/Models/Engine.php(993): CodeIgniter\Database\BaseBuilder->insert()
 6 APPPATH/Controllers/Api.php(187): App\Models\Engine->saveBillDetails()
 7 SYSTEMPATH/CodeIgniter.php(896): App\Controllers\Api->postpatbills()
 8 SYSTEMPATH/CodeIgniter.php(466): CodeIgniter\CodeIgniter->runController()
 9 SYSTEMPATH/CodeIgniter.php(349): CodeIgniter\CodeIgniter->handleRequest()
10 FCPATH/index.php(57): CodeIgniter\CodeIgniter->run()
CRITICAL - 2024-12-04 14:12:05 --> Undefined property: stdClass::$bill_num
in APPPATH/Helpers/global_helper.php on line 505.
 1 APPPATH/Helpers/global_helper.php(505): CodeIgniter\Debug\Exceptions->errorHandler()
 2 APPPATH/Controllers/Malipo.php(399): doProcessGlobalTransaction()
 3 SYSTEMPATH/CodeIgniter.php(896): App\Controllers\Malipo->nmbrecon()
 4 SYSTEMPATH/CodeIgniter.php(466): CodeIgniter\CodeIgniter->runController()
 5 SYSTEMPATH/CodeIgniter.php(349): CodeIgniter\CodeIgniter->handleRequest()
 6 FCPATH/index.php(57): CodeIgniter\CodeIgniter->run()
CRITICAL - 2024-12-04 14:14:05 --> Undefined property: stdClass::$bill_num
in APPPATH/Helpers/global_helper.php on line 505.
 1 APPPATH/Helpers/global_helper.php(505): CodeIgniter\Debug\Exceptions->errorHandler()
 2 APPPATH/Controllers/Malipo.php(399): doProcessGlobalTransaction()
 3 SYSTEMPATH/CodeIgniter.php(896): App\Controllers\Malipo->nmbrecon()
 4 SYSTEMPATH/CodeIgniter.php(466): CodeIgniter\CodeIgniter->runController()
 5 SYSTEMPATH/CodeIgniter.php(349): CodeIgniter\CodeIgniter->handleRequest()
 6 FCPATH/index.php(57): CodeIgniter\CodeIgniter->run()
CRITICAL - 2024-12-04 14:16:05 --> Undefined property: stdClass::$bill_num
in APPPATH/Helpers/global_helper.php on line 505.
 1 APPPATH/Helpers/global_helper.php(505): CodeIgniter\Debug\Exceptions->errorHandler()
 2 APPPATH/Controllers/Malipo.php(399): doProcessGlobalTransaction()
 3 SYSTEMPATH/CodeIgniter.php(896): App\Controllers\Malipo->nmbrecon()
 4 SYSTEMPATH/CodeIgniter.php(466): CodeIgniter\CodeIgniter->runController()
 5 SYSTEMPATH/CodeIgniter.php(349): CodeIgniter\CodeIgniter->handleRequest()
 6 FCPATH/index.php(57): CodeIgniter\CodeIgniter->run()
CRITICAL - 2024-12-04 14:18:04 --> Undefined property: stdClass::$bill_num
in APPPATH/Helpers/global_helper.php on line 505.
 1 APPPATH/Helpers/global_helper.php(505): CodeIgniter\Debug\Exceptions->errorHandler()
 2 APPPATH/Controllers/Malipo.php(399): doProcessGlobalTransaction()
 3 SYSTEMPATH/CodeIgniter.php(896): App\Controllers\Malipo->nmbrecon()
 4 SYSTEMPATH/CodeIgniter.php(466): CodeIgniter\CodeIgniter->runController()
 5 SYSTEMPATH/CodeIgniter.php(349): CodeIgniter\CodeIgniter->handleRequest()
 6 FCPATH/index.php(57): CodeIgniter\CodeIgniter->run()
CRITICAL - 2024-12-04 14:20:04 --> Undefined property: stdClass::$bill_num
in APPPATH/Helpers/global_helper.php on line 505.
 1 APPPATH/Helpers/global_helper.php(505): CodeIgniter\Debug\Exceptions->errorHandler()
 2 APPPATH/Controllers/Malipo.php(399): doProcessGlobalTransaction()
 3 SYSTEMPATH/CodeIgniter.php(896): App\Controllers\Malipo->nmbrecon()
 4 SYSTEMPATH/CodeIgniter.php(466): CodeIgniter\CodeIgniter->runController()
 5 SYSTEMPATH/CodeIgniter.php(349): CodeIgniter\CodeIgniter->handleRequest()
 6 FCPATH/index.php(57): CodeIgniter\CodeIgniter->run()
CRITICAL - 2024-12-04 14:22:04 --> Undefined property: stdClass::$bill_num
in APPPATH/Helpers/global_helper.php on line 505.
 1 APPPATH/Helpers/global_helper.php(505): CodeIgniter\Debug\Exceptions->errorHandler()
 2 APPPATH/Controllers/Malipo.php(399): doProcessGlobalTransaction()
 3 SYSTEMPATH/CodeIgniter.php(896): App\Controllers\Malipo->nmbrecon()
 4 SYSTEMPATH/CodeIgniter.php(466): CodeIgniter\CodeIgniter->runController()
 5 SYSTEMPATH/CodeIgniter.php(349): CodeIgniter\CodeIgniter->handleRequest()
 6 FCPATH/index.php(57): CodeIgniter\CodeIgniter->run()
CRITICAL - 2024-12-04 14:24:05 --> Undefined property: stdClass::$bill_num
in APPPATH/Helpers/global_helper.php on line 505.
 1 APPPATH/Helpers/global_helper.php(505): CodeIgniter\Debug\Exceptions->errorHandler()
 2 APPPATH/Controllers/Malipo.php(399): doProcessGlobalTransaction()
 3 SYSTEMPATH/CodeIgniter.php(896): App\Controllers\Malipo->nmbrecon()
 4 SYSTEMPATH/CodeIgniter.php(466): CodeIgniter\CodeIgniter->runController()
 5 SYSTEMPATH/CodeIgniter.php(349): CodeIgniter\CodeIgniter->handleRequest()
 6 FCPATH/index.php(57): CodeIgniter\CodeIgniter->run()
CRITICAL - 2024-12-04 14:26:05 --> Undefined property: stdClass::$bill_num
in APPPATH/Helpers/global_helper.php on line 505.
 1 APPPATH/Helpers/global_helper.php(505): CodeIgniter\Debug\Exceptions->errorHandler()
 2 APPPATH/Controllers/Malipo.php(399): doProcessGlobalTransaction()
 3 SYSTEMPATH/CodeIgniter.php(896): App\Controllers\Malipo->nmbrecon()
 4 SYSTEMPATH/CodeIgniter.php(466): CodeIgniter\CodeIgniter->runController()
 5 SYSTEMPATH/CodeIgniter.php(349): CodeIgniter\CodeIgniter->handleRequest()
 6 FCPATH/index.php(57): CodeIgniter\CodeIgniter->run()
CRITICAL - 2024-12-04 14:28:05 --> Undefined property: stdClass::$bill_num
in APPPATH/Helpers/global_helper.php on line 505.
 1 APPPATH/Helpers/global_helper.php(505): CodeIgniter\Debug\Exceptions->errorHandler()
 2 APPPATH/Controllers/Malipo.php(399): doProcessGlobalTransaction()
 3 SYSTEMPATH/CodeIgniter.php(896): App\Controllers\Malipo->nmbrecon()
 4 SYSTEMPATH/CodeIgniter.php(466): CodeIgniter\CodeIgniter->runController()
 5 SYSTEMPATH/CodeIgniter.php(349): CodeIgniter\CodeIgniter->handleRequest()
 6 FCPATH/index.php(57): CodeIgniter\CodeIgniter->run()
CRITICAL - 2024-12-04 14:30:04 --> Undefined property: stdClass::$bill_num
in APPPATH/Helpers/global_helper.php on line 505.
 1 APPPATH/Helpers/global_helper.php(505): CodeIgniter\Debug\Exceptions->errorHandler()
 2 APPPATH/Controllers/Malipo.php(399): doProcessGlobalTransaction()
 3 SYSTEMPATH/CodeIgniter.php(896): App\Controllers\Malipo->nmbrecon()
 4 SYSTEMPATH/CodeIgniter.php(466): CodeIgniter\CodeIgniter->runController()
 5 SYSTEMPATH/CodeIgniter.php(349): CodeIgniter\CodeIgniter->handleRequest()
 6 FCPATH/index.php(57): CodeIgniter\CodeIgniter->run()
CRITICAL - 2024-12-04 14:32:04 --> Undefined property: stdClass::$bill_num
in APPPATH/Helpers/global_helper.php on line 505.
 1 APPPATH/Helpers/global_helper.php(505): CodeIgniter\Debug\Exceptions->errorHandler()
 2 APPPATH/Controllers/Malipo.php(399): doProcessGlobalTransaction()
 3 SYSTEMPATH/CodeIgniter.php(896): App\Controllers\Malipo->nmbrecon()
 4 SYSTEMPATH/CodeIgniter.php(466): CodeIgniter\CodeIgniter->runController()
 5 SYSTEMPATH/CodeIgniter.php(349): CodeIgniter\CodeIgniter->handleRequest()
 6 FCPATH/index.php(57): CodeIgniter\CodeIgniter->run()
CRITICAL - 2024-12-04 14:34:05 --> Undefined property: stdClass::$bill_num
in APPPATH/Helpers/global_helper.php on line 505.
 1 APPPATH/Helpers/global_helper.php(505): CodeIgniter\Debug\Exceptions->errorHandler()
 2 APPPATH/Controllers/Malipo.php(399): doProcessGlobalTransaction()
 3 SYSTEMPATH/CodeIgniter.php(896): App\Controllers\Malipo->nmbrecon()
 4 SYSTEMPATH/CodeIgniter.php(466): CodeIgniter\CodeIgniter->runController()
 5 SYSTEMPATH/CodeIgniter.php(349): CodeIgniter\CodeIgniter->handleRequest()
 6 FCPATH/index.php(57): CodeIgniter\CodeIgniter->run()
CRITICAL - 2024-12-04 14:36:05 --> Undefined property: stdClass::$bill_num
in APPPATH/Helpers/global_helper.php on line 505.
 1 APPPATH/Helpers/global_helper.php(505): CodeIgniter\Debug\Exceptions->errorHandler()
 2 APPPATH/Controllers/Malipo.php(399): doProcessGlobalTransaction()
 3 SYSTEMPATH/CodeIgniter.php(896): App\Controllers\Malipo->nmbrecon()
 4 SYSTEMPATH/CodeIgniter.php(466): CodeIgniter\CodeIgniter->runController()
 5 SYSTEMPATH/CodeIgniter.php(349): CodeIgniter\CodeIgniter->handleRequest()
 6 FCPATH/index.php(57): CodeIgniter\CodeIgniter->run()
CRITICAL - 2024-12-04 14:38:05 --> Undefined property: stdClass::$bill_num
in APPPATH/Helpers/global_helper.php on line 505.
 1 APPPATH/Helpers/global_helper.php(505): CodeIgniter\Debug\Exceptions->errorHandler()
 2 APPPATH/Controllers/Malipo.php(399): doProcessGlobalTransaction()
 3 SYSTEMPATH/CodeIgniter.php(896): App\Controllers\Malipo->nmbrecon()
 4 SYSTEMPATH/CodeIgniter.php(466): CodeIgniter\CodeIgniter->runController()
 5 SYSTEMPATH/CodeIgniter.php(349): CodeIgniter\CodeIgniter->handleRequest()
 6 FCPATH/index.php(57): CodeIgniter\CodeIgniter->run()
CRITICAL - 2024-12-04 14:40:04 --> Undefined property: stdClass::$bill_num
in APPPATH/Helpers/global_helper.php on line 505.
 1 APPPATH/Helpers/global_helper.php(505): CodeIgniter\Debug\Exceptions->errorHandler()
 2 APPPATH/Controllers/Malipo.php(399): doProcessGlobalTransaction()
 3 SYSTEMPATH/CodeIgniter.php(896): App\Controllers\Malipo->nmbrecon()
 4 SYSTEMPATH/CodeIgniter.php(466): CodeIgniter\CodeIgniter->runController()
 5 SYSTEMPATH/CodeIgniter.php(349): CodeIgniter\CodeIgniter->handleRequest()
 6 FCPATH/index.php(57): CodeIgniter\CodeIgniter->run()
CRITICAL - 2024-12-04 14:42:05 --> Undefined property: stdClass::$bill_num
in APPPATH/Helpers/global_helper.php on line 505.
 1 APPPATH/Helpers/global_helper.php(505): CodeIgniter\Debug\Exceptions->errorHandler()
 2 APPPATH/Controllers/Malipo.php(399): doProcessGlobalTransaction()
 3 SYSTEMPATH/CodeIgniter.php(896): App\Controllers\Malipo->nmbrecon()
 4 SYSTEMPATH/CodeIgniter.php(466): CodeIgniter\CodeIgniter->runController()
 5 SYSTEMPATH/CodeIgniter.php(349): CodeIgniter\CodeIgniter->handleRequest()
 6 FCPATH/index.php(57): CodeIgniter\CodeIgniter->run()
CRITICAL - 2024-12-04 14:44:05 --> Undefined property: stdClass::$bill_num
in APPPATH/Helpers/global_helper.php on line 505.
 1 APPPATH/Helpers/global_helper.php(505): CodeIgniter\Debug\Exceptions->errorHandler()
 2 APPPATH/Controllers/Malipo.php(399): doProcessGlobalTransaction()
 3 SYSTEMPATH/CodeIgniter.php(896): App\Controllers\Malipo->nmbrecon()
 4 SYSTEMPATH/CodeIgniter.php(466): CodeIgniter\CodeIgniter->runController()
 5 SYSTEMPATH/CodeIgniter.php(349): CodeIgniter\CodeIgniter->handleRequest()
 6 FCPATH/index.php(57): CodeIgniter\CodeIgniter->run()
CRITICAL - 2024-12-04 14:46:05 --> Undefined property: stdClass::$bill_num
in APPPATH/Helpers/global_helper.php on line 505.
 1 APPPATH/Helpers/global_helper.php(505): CodeIgniter\Debug\Exceptions->errorHandler()
 2 APPPATH/Controllers/Malipo.php(399): doProcessGlobalTransaction()
 3 SYSTEMPATH/CodeIgniter.php(896): App\Controllers\Malipo->nmbrecon()
 4 SYSTEMPATH/CodeIgniter.php(466): CodeIgniter\CodeIgniter->runController()
 5 SYSTEMPATH/CodeIgniter.php(349): CodeIgniter\CodeIgniter->handleRequest()
 6 FCPATH/index.php(57): CodeIgniter\CodeIgniter->run()
CRITICAL - 2024-12-04 14:48:05 --> Undefined property: stdClass::$bill_num
in APPPATH/Helpers/global_helper.php on line 505.
 1 APPPATH/Helpers/global_helper.php(505): CodeIgniter\Debug\Exceptions->errorHandler()
 2 APPPATH/Controllers/Malipo.php(399): doProcessGlobalTransaction()
 3 SYSTEMPATH/CodeIgniter.php(896): App\Controllers\Malipo->nmbrecon()
 4 SYSTEMPATH/CodeIgniter.php(466): CodeIgniter\CodeIgniter->runController()
 5 SYSTEMPATH/CodeIgniter.php(349): CodeIgniter\CodeIgniter->handleRequest()
 6 FCPATH/index.php(57): CodeIgniter\CodeIgniter->run()
CRITICAL - 2024-12-04 14:50:05 --> Undefined property: stdClass::$bill_num
in APPPATH/Helpers/global_helper.php on line 505.
 1 APPPATH/Helpers/global_helper.php(505): CodeIgniter\Debug\Exceptions->errorHandler()
 2 APPPATH/Controllers/Malipo.php(399): doProcessGlobalTransaction()
 3 SYSTEMPATH/CodeIgniter.php(896): App\Controllers\Malipo->nmbrecon()
 4 SYSTEMPATH/CodeIgniter.php(466): CodeIgniter\CodeIgniter->runController()
 5 SYSTEMPATH/CodeIgniter.php(349): CodeIgniter\CodeIgniter->handleRequest()
 6 FCPATH/index.php(57): CodeIgniter\CodeIgniter->run()
CRITICAL - 2024-12-04 14:52:04 --> Undefined property: stdClass::$bill_num
in APPPATH/Helpers/global_helper.php on line 505.
 1 APPPATH/Helpers/global_helper.php(505): CodeIgniter\Debug\Exceptions->errorHandler()
 2 APPPATH/Controllers/Malipo.php(399): doProcessGlobalTransaction()
 3 SYSTEMPATH/CodeIgniter.php(896): App\Controllers\Malipo->nmbrecon()
 4 SYSTEMPATH/CodeIgniter.php(466): CodeIgniter\CodeIgniter->runController()
 5 SYSTEMPATH/CodeIgniter.php(349): CodeIgniter\CodeIgniter->handleRequest()
 6 FCPATH/index.php(57): CodeIgniter\CodeIgniter->run()
CRITICAL - 2024-12-04 14:54:04 --> Undefined property: stdClass::$bill_num
in APPPATH/Helpers/global_helper.php on line 505.
 1 APPPATH/Helpers/global_helper.php(505): CodeIgniter\Debug\Exceptions->errorHandler()
 2 APPPATH/Controllers/Malipo.php(399): doProcessGlobalTransaction()
 3 SYSTEMPATH/CodeIgniter.php(896): App\Controllers\Malipo->nmbrecon()
 4 SYSTEMPATH/CodeIgniter.php(466): CodeIgniter\CodeIgniter->runController()
 5 SYSTEMPATH/CodeIgniter.php(349): CodeIgniter\CodeIgniter->handleRequest()
 6 FCPATH/index.php(57): CodeIgniter\CodeIgniter->run()
CRITICAL - 2024-12-04 14:56:05 --> Undefined property: stdClass::$bill_num
in APPPATH/Helpers/global_helper.php on line 505.
 1 APPPATH/Helpers/global_helper.php(505): CodeIgniter\Debug\Exceptions->errorHandler()
 2 APPPATH/Controllers/Malipo.php(399): doProcessGlobalTransaction()
 3 SYSTEMPATH/CodeIgniter.php(896): App\Controllers\Malipo->nmbrecon()
 4 SYSTEMPATH/CodeIgniter.php(466): CodeIgniter\CodeIgniter->runController()
 5 SYSTEMPATH/CodeIgniter.php(349): CodeIgniter\CodeIgniter->handleRequest()
 6 FCPATH/index.php(57): CodeIgniter\CodeIgniter->run()
CRITICAL - 2024-12-04 14:58:05 --> Undefined property: stdClass::$bill_num
in APPPATH/Helpers/global_helper.php on line 505.
 1 APPPATH/Helpers/global_helper.php(505): CodeIgniter\Debug\Exceptions->errorHandler()
 2 APPPATH/Controllers/Malipo.php(399): doProcessGlobalTransaction()
 3 SYSTEMPATH/CodeIgniter.php(896): App\Controllers\Malipo->nmbrecon()
 4 SYSTEMPATH/CodeIgniter.php(466): CodeIgniter\CodeIgniter->runController()
 5 SYSTEMPATH/CodeIgniter.php(349): CodeIgniter\CodeIgniter->handleRequest()
 6 FCPATH/index.php(57): CodeIgniter\CodeIgniter->run()
CRITICAL - 2024-12-04 15:00:05 --> Undefined property: stdClass::$bill_num
in APPPATH/Helpers/global_helper.php on line 505.
 1 APPPATH/Helpers/global_helper.php(505): CodeIgniter\Debug\Exceptions->errorHandler()
 2 APPPATH/Controllers/Malipo.php(399): doProcessGlobalTransaction()
 3 SYSTEMPATH/CodeIgniter.php(896): App\Controllers\Malipo->nmbrecon()
 4 SYSTEMPATH/CodeIgniter.php(466): CodeIgniter\CodeIgniter->runController()
 5 SYSTEMPATH/CodeIgniter.php(349): CodeIgniter\CodeIgniter->handleRequest()
 6 FCPATH/index.php(57): CodeIgniter\CodeIgniter->run()
CRITICAL - 2024-12-04 15:02:06 --> Undefined property: stdClass::$bill_num
in APPPATH/Helpers/global_helper.php on line 505.
 1 APPPATH/Helpers/global_helper.php(505): CodeIgniter\Debug\Exceptions->errorHandler()
 2 APPPATH/Controllers/Malipo.php(399): doProcessGlobalTransaction()
 3 SYSTEMPATH/CodeIgniter.php(896): App\Controllers\Malipo->nmbrecon()
 4 SYSTEMPATH/CodeIgniter.php(466): CodeIgniter\CodeIgniter->runController()
 5 SYSTEMPATH/CodeIgniter.php(349): CodeIgniter\CodeIgniter->handleRequest()
 6 FCPATH/index.php(57): CodeIgniter\CodeIgniter->run()
CRITICAL - 2024-12-04 15:04:05 --> Undefined property: stdClass::$bill_num
in APPPATH/Helpers/global_helper.php on line 505.
 1 APPPATH/Helpers/global_helper.php(505): CodeIgniter\Debug\Exceptions->errorHandler()
 2 APPPATH/Controllers/Malipo.php(399): doProcessGlobalTransaction()
 3 SYSTEMPATH/CodeIgniter.php(896): App\Controllers\Malipo->nmbrecon()
 4 SYSTEMPATH/CodeIgniter.php(466): CodeIgniter\CodeIgniter->runController()
 5 SYSTEMPATH/CodeIgniter.php(349): CodeIgniter\CodeIgniter->handleRequest()
 6 FCPATH/index.php(57): CodeIgniter\CodeIgniter->run()
CRITICAL - 2024-12-04 15:06:05 --> Undefined property: stdClass::$bill_num
in APPPATH/Helpers/global_helper.php on line 505.
 1 APPPATH/Helpers/global_helper.php(505): CodeIgniter\Debug\Exceptions->errorHandler()
 2 APPPATH/Controllers/Malipo.php(399): doProcessGlobalTransaction()
 3 SYSTEMPATH/CodeIgniter.php(896): App\Controllers\Malipo->nmbrecon()
 4 SYSTEMPATH/CodeIgniter.php(466): CodeIgniter\CodeIgniter->runController()
 5 SYSTEMPATH/CodeIgniter.php(349): CodeIgniter\CodeIgniter->handleRequest()
 6 FCPATH/index.php(57): CodeIgniter\CodeIgniter->run()
CRITICAL - 2024-12-04 15:06:34 --> Undefined array key "data"
in APPPATH/Helpers/global_helper.php on line 154.
 1 APPPATH/Helpers/global_helper.php(154): CodeIgniter\Debug\Exceptions->errorHandler()
 2 APPPATH/Controllers/Malipo.php(294): dispResponseCRDBValidate()
 3 SYSTEMPATH/CodeIgniter.php(896): App\Controllers\Malipo->crdbverify()
 4 SYSTEMPATH/CodeIgniter.php(466): CodeIgniter\CodeIgniter->runController()
 5 SYSTEMPATH/CodeIgniter.php(349): CodeIgniter\CodeIgniter->handleRequest()
 6 FCPATH/index.php(57): CodeIgniter\CodeIgniter->run()
CRITICAL - 2024-12-04 15:08:05 --> Undefined property: stdClass::$bill_num
in APPPATH/Helpers/global_helper.php on line 505.
 1 APPPATH/Helpers/global_helper.php(505): CodeIgniter\Debug\Exceptions->errorHandler()
 2 APPPATH/Controllers/Malipo.php(399): doProcessGlobalTransaction()
 3 SYSTEMPATH/CodeIgniter.php(896): App\Controllers\Malipo->nmbrecon()
 4 SYSTEMPATH/CodeIgniter.php(466): CodeIgniter\CodeIgniter->runController()
 5 SYSTEMPATH/CodeIgniter.php(349): CodeIgniter\CodeIgniter->handleRequest()
 6 FCPATH/index.php(57): CodeIgniter\CodeIgniter->run()
CRITICAL - 2024-12-04 15:10:05 --> Undefined property: stdClass::$bill_num
in APPPATH/Helpers/global_helper.php on line 505.
 1 APPPATH/Helpers/global_helper.php(505): CodeIgniter\Debug\Exceptions->errorHandler()
 2 APPPATH/Controllers/Malipo.php(399): doProcessGlobalTransaction()
 3 SYSTEMPATH/CodeIgniter.php(896): App\Controllers\Malipo->nmbrecon()
 4 SYSTEMPATH/CodeIgniter.php(466): CodeIgniter\CodeIgniter->runController()
 5 SYSTEMPATH/CodeIgniter.php(349): CodeIgniter\CodeIgniter->handleRequest()
 6 FCPATH/index.php(57): CodeIgniter\CodeIgniter->run()
CRITICAL - 2024-12-04 15:12:05 --> Undefined property: stdClass::$bill_num
in APPPATH/Helpers/global_helper.php on line 505.
 1 APPPATH/Helpers/global_helper.php(505): CodeIgniter\Debug\Exceptions->errorHandler()
 2 APPPATH/Controllers/Malipo.php(399): doProcessGlobalTransaction()
 3 SYSTEMPATH/CodeIgniter.php(896): App\Controllers\Malipo->nmbrecon()
 4 SYSTEMPATH/CodeIgniter.php(466): CodeIgniter\CodeIgniter->runController()
 5 SYSTEMPATH/CodeIgniter.php(349): CodeIgniter\CodeIgniter->handleRequest()
 6 FCPATH/index.php(57): CodeIgniter\CodeIgniter->run()
CRITICAL - 2024-12-04 15:14:04 --> Undefined property: stdClass::$bill_num
in APPPATH/Helpers/global_helper.php on line 505.
 1 APPPATH/Helpers/global_helper.php(505): CodeIgniter\Debug\Exceptions->errorHandler()
 2 APPPATH/Controllers/Malipo.php(399): doProcessGlobalTransaction()
 3 SYSTEMPATH/CodeIgniter.php(896): App\Controllers\Malipo->nmbrecon()
 4 SYSTEMPATH/CodeIgniter.php(466): CodeIgniter\CodeIgniter->runController()
 5 SYSTEMPATH/CodeIgniter.php(349): CodeIgniter\CodeIgniter->handleRequest()
 6 FCPATH/index.php(57): CodeIgniter\CodeIgniter->run()
CRITICAL - 2024-12-04 15:16:05 --> Undefined property: stdClass::$bill_num
in APPPATH/Helpers/global_helper.php on line 505.
 1 APPPATH/Helpers/global_helper.php(505): CodeIgniter\Debug\Exceptions->errorHandler()
 2 APPPATH/Controllers/Malipo.php(399): doProcessGlobalTransaction()
 3 SYSTEMPATH/CodeIgniter.php(896): App\Controllers\Malipo->nmbrecon()
 4 SYSTEMPATH/CodeIgniter.php(466): CodeIgniter\CodeIgniter->runController()
 5 SYSTEMPATH/CodeIgniter.php(349): CodeIgniter\CodeIgniter->handleRequest()
 6 FCPATH/index.php(57): CodeIgniter\CodeIgniter->run()
CRITICAL - 2024-12-04 15:18:05 --> Undefined property: stdClass::$bill_num
in APPPATH/Helpers/global_helper.php on line 505.
 1 APPPATH/Helpers/global_helper.php(505): CodeIgniter\Debug\Exceptions->errorHandler()
 2 APPPATH/Controllers/Malipo.php(399): doProcessGlobalTransaction()
 3 SYSTEMPATH/CodeIgniter.php(896): App\Controllers\Malipo->nmbrecon()
 4 SYSTEMPATH/CodeIgniter.php(466): CodeIgniter\CodeIgniter->runController()
 5 SYSTEMPATH/CodeIgniter.php(349): CodeIgniter\CodeIgniter->handleRequest()
 6 FCPATH/index.php(57): CodeIgniter\CodeIgniter->run()
CRITICAL - 2024-12-04 15:20:05 --> Undefined property: stdClass::$bill_num
in APPPATH/Helpers/global_helper.php on line 505.
 1 APPPATH/Helpers/global_helper.php(505): CodeIgniter\Debug\Exceptions->errorHandler()
 2 APPPATH/Controllers/Malipo.php(399): doProcessGlobalTransaction()
 3 SYSTEMPATH/CodeIgniter.php(896): App\Controllers\Malipo->nmbrecon()
 4 SYSTEMPATH/CodeIgniter.php(466): CodeIgniter\CodeIgniter->runController()
 5 SYSTEMPATH/CodeIgniter.php(349): CodeIgniter\CodeIgniter->handleRequest()
 6 FCPATH/index.php(57): CodeIgniter\CodeIgniter->run()
CRITICAL - 2024-12-04 15:22:05 --> Undefined property: stdClass::$bill_num
in APPPATH/Helpers/global_helper.php on line 505.
 1 APPPATH/Helpers/global_helper.php(505): CodeIgniter\Debug\Exceptions->errorHandler()
 2 APPPATH/Controllers/Malipo.php(399): doProcessGlobalTransaction()
 3 SYSTEMPATH/CodeIgniter.php(896): App\Controllers\Malipo->nmbrecon()
 4 SYSTEMPATH/CodeIgniter.php(466): CodeIgniter\CodeIgniter->runController()
 5 SYSTEMPATH/CodeIgniter.php(349): CodeIgniter\CodeIgniter->handleRequest()
 6 FCPATH/index.php(57): CodeIgniter\CodeIgniter->run()
CRITICAL - 2024-12-04 15:24:05 --> Undefined property: stdClass::$bill_num
in APPPATH/Helpers/global_helper.php on line 505.
 1 APPPATH/Helpers/global_helper.php(505): CodeIgniter\Debug\Exceptions->errorHandler()
 2 APPPATH/Controllers/Malipo.php(399): doProcessGlobalTransaction()
 3 SYSTEMPATH/CodeIgniter.php(896): App\Controllers\Malipo->nmbrecon()
 4 SYSTEMPATH/CodeIgniter.php(466): CodeIgniter\CodeIgniter->runController()
 5 SYSTEMPATH/CodeIgniter.php(349): CodeIgniter\CodeIgniter->handleRequest()
 6 FCPATH/index.php(57): CodeIgniter\CodeIgniter->run()
CRITICAL - 2024-12-04 15:26:04 --> Undefined property: stdClass::$bill_num
in APPPATH/Helpers/global_helper.php on line 505.
 1 APPPATH/Helpers/global_helper.php(505): CodeIgniter\Debug\Exceptions->errorHandler()
 2 APPPATH/Controllers/Malipo.php(399): doProcessGlobalTransaction()
 3 SYSTEMPATH/CodeIgniter.php(896): App\Controllers\Malipo->nmbrecon()
 4 SYSTEMPATH/CodeIgniter.php(466): CodeIgniter\CodeIgniter->runController()
 5 SYSTEMPATH/CodeIgniter.php(349): CodeIgniter\CodeIgniter->handleRequest()
 6 FCPATH/index.php(57): CodeIgniter\CodeIgniter->run()
CRITICAL - 2024-12-04 15:28:05 --> Undefined property: stdClass::$bill_num
in APPPATH/Helpers/global_helper.php on line 505.
 1 APPPATH/Helpers/global_helper.php(505): CodeIgniter\Debug\Exceptions->errorHandler()
 2 APPPATH/Controllers/Malipo.php(399): doProcessGlobalTransaction()
 3 SYSTEMPATH/CodeIgniter.php(896): App\Controllers\Malipo->nmbrecon()
 4 SYSTEMPATH/CodeIgniter.php(466): CodeIgniter\CodeIgniter->runController()
 5 SYSTEMPATH/CodeIgniter.php(349): CodeIgniter\CodeIgniter->handleRequest()
 6 FCPATH/index.php(57): CodeIgniter\CodeIgniter->run()
CRITICAL - 2024-12-04 15:30:05 --> Undefined property: stdClass::$bill_num
in APPPATH/Helpers/global_helper.php on line 505.
 1 APPPATH/Helpers/global_helper.php(505): CodeIgniter\Debug\Exceptions->errorHandler()
 2 APPPATH/Controllers/Malipo.php(399): doProcessGlobalTransaction()
 3 SYSTEMPATH/CodeIgniter.php(896): App\Controllers\Malipo->nmbrecon()
 4 SYSTEMPATH/CodeIgniter.php(466): CodeIgniter\CodeIgniter->runController()
 5 SYSTEMPATH/CodeIgniter.php(349): CodeIgniter\CodeIgniter->handleRequest()
 6 FCPATH/index.php(57): CodeIgniter\CodeIgniter->run()
CRITICAL - 2024-12-04 15:32:05 --> Undefined property: stdClass::$bill_num
in APPPATH/Helpers/global_helper.php on line 505.
 1 APPPATH/Helpers/global_helper.php(505): CodeIgniter\Debug\Exceptions->errorHandler()
 2 APPPATH/Controllers/Malipo.php(399): doProcessGlobalTransaction()
 3 SYSTEMPATH/CodeIgniter.php(896): App\Controllers\Malipo->nmbrecon()
 4 SYSTEMPATH/CodeIgniter.php(466): CodeIgniter\CodeIgniter->runController()
 5 SYSTEMPATH/CodeIgniter.php(349): CodeIgniter\CodeIgniter->handleRequest()
 6 FCPATH/index.php(57): CodeIgniter\CodeIgniter->run()
CRITICAL - 2024-12-04 15:34:06 --> Undefined property: stdClass::$bill_num
in APPPATH/Helpers/global_helper.php on line 505.
 1 APPPATH/Helpers/global_helper.php(505): CodeIgniter\Debug\Exceptions->errorHandler()
 2 APPPATH/Controllers/Malipo.php(399): doProcessGlobalTransaction()
 3 SYSTEMPATH/CodeIgniter.php(896): App\Controllers\Malipo->nmbrecon()
 4 SYSTEMPATH/CodeIgniter.php(466): CodeIgniter\CodeIgniter->runController()
 5 SYSTEMPATH/CodeIgniter.php(349): CodeIgniter\CodeIgniter->handleRequest()
 6 FCPATH/index.php(57): CodeIgniter\CodeIgniter->run()
CRITICAL - 2024-12-04 15:36:05 --> Undefined property: stdClass::$bill_num
in APPPATH/Helpers/global_helper.php on line 505.
 1 APPPATH/Helpers/global_helper.php(505): CodeIgniter\Debug\Exceptions->errorHandler()
 2 APPPATH/Controllers/Malipo.php(399): doProcessGlobalTransaction()
 3 SYSTEMPATH/CodeIgniter.php(896): App\Controllers\Malipo->nmbrecon()
 4 SYSTEMPATH/CodeIgniter.php(466): CodeIgniter\CodeIgniter->runController()
 5 SYSTEMPATH/CodeIgniter.php(349): CodeIgniter\CodeIgniter->handleRequest()
 6 FCPATH/index.php(57): CodeIgniter\CodeIgniter->run()
CRITICAL - 2024-12-04 15:38:05 --> Undefined property: stdClass::$bill_num
in APPPATH/Helpers/global_helper.php on line 505.
 1 APPPATH/Helpers/global_helper.php(505): CodeIgniter\Debug\Exceptions->errorHandler()
 2 APPPATH/Controllers/Malipo.php(399): doProcessGlobalTransaction()
 3 SYSTEMPATH/CodeIgniter.php(896): App\Controllers\Malipo->nmbrecon()
 4 SYSTEMPATH/CodeIgniter.php(466): CodeIgniter\CodeIgniter->runController()
 5 SYSTEMPATH/CodeIgniter.php(349): CodeIgniter\CodeIgniter->handleRequest()
 6 FCPATH/index.php(57): CodeIgniter\CodeIgniter->run()
CRITICAL - 2024-12-04 15:40:05 --> Undefined property: stdClass::$bill_num
in APPPATH/Helpers/global_helper.php on line 505.
 1 APPPATH/Helpers/global_helper.php(505): CodeIgniter\Debug\Exceptions->errorHandler()
 2 APPPATH/Controllers/Malipo.php(399): doProcessGlobalTransaction()
 3 SYSTEMPATH/CodeIgniter.php(896): App\Controllers\Malipo->nmbrecon()
 4 SYSTEMPATH/CodeIgniter.php(466): CodeIgniter\CodeIgniter->runController()
 5 SYSTEMPATH/CodeIgniter.php(349): CodeIgniter\CodeIgniter->handleRequest()
 6 FCPATH/index.php(57): CodeIgniter\CodeIgniter->run()
CRITICAL - 2024-12-04 15:42:04 --> Undefined property: stdClass::$bill_num
in APPPATH/Helpers/global_helper.php on line 505.
 1 APPPATH/Helpers/global_helper.php(505): CodeIgniter\Debug\Exceptions->errorHandler()
 2 APPPATH/Controllers/Malipo.php(399): doProcessGlobalTransaction()
 3 SYSTEMPATH/CodeIgniter.php(896): App\Controllers\Malipo->nmbrecon()
 4 SYSTEMPATH/CodeIgniter.php(466): CodeIgniter\CodeIgniter->runController()
 5 SYSTEMPATH/CodeIgniter.php(349): CodeIgniter\CodeIgniter->handleRequest()
 6 FCPATH/index.php(57): CodeIgniter\CodeIgniter->run()
CRITICAL - 2024-12-04 15:44:05 --> Undefined property: stdClass::$bill_num
in APPPATH/Helpers/global_helper.php on line 505.
 1 APPPATH/Helpers/global_helper.php(505): CodeIgniter\Debug\Exceptions->errorHandler()
 2 APPPATH/Controllers/Malipo.php(399): doProcessGlobalTransaction()
 3 SYSTEMPATH/CodeIgniter.php(896): App\Controllers\Malipo->nmbrecon()
 4 SYSTEMPATH/CodeIgniter.php(466): CodeIgniter\CodeIgniter->runController()
 5 SYSTEMPATH/CodeIgniter.php(349): CodeIgniter\CodeIgniter->handleRequest()
 6 FCPATH/index.php(57): CodeIgniter\CodeIgniter->run()
CRITICAL - 2024-12-04 15:46:05 --> Undefined property: stdClass::$bill_num
in APPPATH/Helpers/global_helper.php on line 505.
 1 APPPATH/Helpers/global_helper.php(505): CodeIgniter\Debug\Exceptions->errorHandler()
 2 APPPATH/Controllers/Malipo.php(399): doProcessGlobalTransaction()
 3 SYSTEMPATH/CodeIgniter.php(896): App\Controllers\Malipo->nmbrecon()
 4 SYSTEMPATH/CodeIgniter.php(466): CodeIgniter\CodeIgniter->runController()
 5 SYSTEMPATH/CodeIgniter.php(349): CodeIgniter\CodeIgniter->handleRequest()
 6 FCPATH/index.php(57): CodeIgniter\CodeIgniter->run()
CRITICAL - 2024-12-04 15:48:04 --> Undefined property: stdClass::$bill_num
in APPPATH/Helpers/global_helper.php on line 505.
 1 APPPATH/Helpers/global_helper.php(505): CodeIgniter\Debug\Exceptions->errorHandler()
 2 APPPATH/Controllers/Malipo.php(399): doProcessGlobalTransaction()
 3 SYSTEMPATH/CodeIgniter.php(896): App\Controllers\Malipo->nmbrecon()
 4 SYSTEMPATH/CodeIgniter.php(466): CodeIgniter\CodeIgniter->runController()
 5 SYSTEMPATH/CodeIgniter.php(349): CodeIgniter\CodeIgniter->handleRequest()
 6 FCPATH/index.php(57): CodeIgniter\CodeIgniter->run()
CRITICAL - 2024-12-04 15:50:05 --> Undefined property: stdClass::$bill_num
in APPPATH/Helpers/global_helper.php on line 505.
 1 APPPATH/Helpers/global_helper.php(505): CodeIgniter\Debug\Exceptions->errorHandler()
 2 APPPATH/Controllers/Malipo.php(399): doProcessGlobalTransaction()
 3 SYSTEMPATH/CodeIgniter.php(896): App\Controllers\Malipo->nmbrecon()
 4 SYSTEMPATH/CodeIgniter.php(466): CodeIgniter\CodeIgniter->runController()
 5 SYSTEMPATH/CodeIgniter.php(349): CodeIgniter\CodeIgniter->handleRequest()
 6 FCPATH/index.php(57): CodeIgniter\CodeIgniter->run()
CRITICAL - 2024-12-04 15:52:05 --> Undefined property: stdClass::$bill_num
in APPPATH/Helpers/global_helper.php on line 505.
 1 APPPATH/Helpers/global_helper.php(505): CodeIgniter\Debug\Exceptions->errorHandler()
 2 APPPATH/Controllers/Malipo.php(399): doProcessGlobalTransaction()
 3 SYSTEMPATH/CodeIgniter.php(896): App\Controllers\Malipo->nmbrecon()
 4 SYSTEMPATH/CodeIgniter.php(466): CodeIgniter\CodeIgniter->runController()
 5 SYSTEMPATH/CodeIgniter.php(349): CodeIgniter\CodeIgniter->handleRequest()
 6 FCPATH/index.php(57): CodeIgniter\CodeIgniter->run()
CRITICAL - 2024-12-04 15:54:05 --> Undefined property: stdClass::$bill_num
in APPPATH/Helpers/global_helper.php on line 505.
 1 APPPATH/Helpers/global_helper.php(505): CodeIgniter\Debug\Exceptions->errorHandler()
 2 APPPATH/Controllers/Malipo.php(399): doProcessGlobalTransaction()
 3 SYSTEMPATH/CodeIgniter.php(896): App\Controllers\Malipo->nmbrecon()
 4 SYSTEMPATH/CodeIgniter.php(466): CodeIgniter\CodeIgniter->runController()
 5 SYSTEMPATH/CodeIgniter.php(349): CodeIgniter\CodeIgniter->handleRequest()
 6 FCPATH/index.php(57): CodeIgniter\CodeIgniter->run()
CRITICAL - 2024-12-04 15:56:05 --> Undefined property: stdClass::$bill_num
in APPPATH/Helpers/global_helper.php on line 505.
 1 APPPATH/Helpers/global_helper.php(505): CodeIgniter\Debug\Exceptions->errorHandler()
 2 APPPATH/Controllers/Malipo.php(399): doProcessGlobalTransaction()
 3 SYSTEMPATH/CodeIgniter.php(896): App\Controllers\Malipo->nmbrecon()
 4 SYSTEMPATH/CodeIgniter.php(466): CodeIgniter\CodeIgniter->runController()
 5 SYSTEMPATH/CodeIgniter.php(349): CodeIgniter\CodeIgniter->handleRequest()
 6 FCPATH/index.php(57): CodeIgniter\CodeIgniter->run()
CRITICAL - 2024-12-04 15:58:05 --> Undefined property: stdClass::$bill_num
in APPPATH/Helpers/global_helper.php on line 505.
 1 APPPATH/Helpers/global_helper.php(505): CodeIgniter\Debug\Exceptions->errorHandler()
 2 APPPATH/Controllers/Malipo.php(399): doProcessGlobalTransaction()
 3 SYSTEMPATH/CodeIgniter.php(896): App\Controllers\Malipo->nmbrecon()
 4 SYSTEMPATH/CodeIgniter.php(466): CodeIgniter\CodeIgniter->runController()
 5 SYSTEMPATH/CodeIgniter.php(349): CodeIgniter\CodeIgniter->handleRequest()
 6 FCPATH/index.php(57): CodeIgniter\CodeIgniter->run()
CRITICAL - 2024-12-04 16:00:04 --> Undefined property: stdClass::$bill_num
in APPPATH/Helpers/global_helper.php on line 505.
 1 APPPATH/Helpers/global_helper.php(505): CodeIgniter\Debug\Exceptions->errorHandler()
 2 APPPATH/Controllers/Malipo.php(399): doProcessGlobalTransaction()
 3 SYSTEMPATH/CodeIgniter.php(896): App\Controllers\Malipo->nmbrecon()
 4 SYSTEMPATH/CodeIgniter.php(466): CodeIgniter\CodeIgniter->runController()
 5 SYSTEMPATH/CodeIgniter.php(349): CodeIgniter\CodeIgniter->handleRequest()
 6 FCPATH/index.php(57): CodeIgniter\CodeIgniter->run()
CRITICAL - 2024-12-04 16:02:05 --> Undefined property: stdClass::$bill_num
in APPPATH/Helpers/global_helper.php on line 505.
 1 APPPATH/Helpers/global_helper.php(505): CodeIgniter\Debug\Exceptions->errorHandler()
 2 APPPATH/Controllers/Malipo.php(399): doProcessGlobalTransaction()
 3 SYSTEMPATH/CodeIgniter.php(896): App\Controllers\Malipo->nmbrecon()
 4 SYSTEMPATH/CodeIgniter.php(466): CodeIgniter\CodeIgniter->runController()
 5 SYSTEMPATH/CodeIgniter.php(349): CodeIgniter\CodeIgniter->handleRequest()
 6 FCPATH/index.php(57): CodeIgniter\CodeIgniter->run()
CRITICAL - 2024-12-04 16:04:04 --> Undefined property: stdClass::$bill_num
in APPPATH/Helpers/global_helper.php on line 505.
 1 APPPATH/Helpers/global_helper.php(505): CodeIgniter\Debug\Exceptions->errorHandler()
 2 APPPATH/Controllers/Malipo.php(399): doProcessGlobalTransaction()
 3 SYSTEMPATH/CodeIgniter.php(896): App\Controllers\Malipo->nmbrecon()
 4 SYSTEMPATH/CodeIgniter.php(466): CodeIgniter\CodeIgniter->runController()
 5 SYSTEMPATH/CodeIgniter.php(349): CodeIgniter\CodeIgniter->handleRequest()
 6 FCPATH/index.php(57): CodeIgniter\CodeIgniter->run()
CRITICAL - 2024-12-04 16:06:05 --> Undefined property: stdClass::$bill_num
in APPPATH/Helpers/global_helper.php on line 505.
 1 APPPATH/Helpers/global_helper.php(505): CodeIgniter\Debug\Exceptions->errorHandler()
 2 APPPATH/Controllers/Malipo.php(399): doProcessGlobalTransaction()
 3 SYSTEMPATH/CodeIgniter.php(896): App\Controllers\Malipo->nmbrecon()
 4 SYSTEMPATH/CodeIgniter.php(466): CodeIgniter\CodeIgniter->runController()
 5 SYSTEMPATH/CodeIgniter.php(349): CodeIgniter\CodeIgniter->handleRequest()
 6 FCPATH/index.php(57): CodeIgniter\CodeIgniter->run()
CRITICAL - 2024-12-04 16:08:05 --> Undefined property: stdClass::$bill_num
in APPPATH/Helpers/global_helper.php on line 505.
 1 APPPATH/Helpers/global_helper.php(505): CodeIgniter\Debug\Exceptions->errorHandler()
 2 APPPATH/Controllers/Malipo.php(399): doProcessGlobalTransaction()
 3 SYSTEMPATH/CodeIgniter.php(896): App\Controllers\Malipo->nmbrecon()
 4 SYSTEMPATH/CodeIgniter.php(466): CodeIgniter\CodeIgniter->runController()
 5 SYSTEMPATH/CodeIgniter.php(349): CodeIgniter\CodeIgniter->handleRequest()
 6 FCPATH/index.php(57): CodeIgniter\CodeIgniter->run()
CRITICAL - 2024-12-04 16:10:05 --> Undefined property: stdClass::$bill_num
in APPPATH/Helpers/global_helper.php on line 505.
 1 APPPATH/Helpers/global_helper.php(505): CodeIgniter\Debug\Exceptions->errorHandler()
 2 APPPATH/Controllers/Malipo.php(399): doProcessGlobalTransaction()
 3 SYSTEMPATH/CodeIgniter.php(896): App\Controllers\Malipo->nmbrecon()
 4 SYSTEMPATH/CodeIgniter.php(466): CodeIgniter\CodeIgniter->runController()
 5 SYSTEMPATH/CodeIgniter.php(349): CodeIgniter\CodeIgniter->handleRequest()
 6 FCPATH/index.php(57): CodeIgniter\CodeIgniter->run()
CRITICAL - 2024-12-04 16:12:04 --> Undefined property: stdClass::$bill_num
in APPPATH/Helpers/global_helper.php on line 505.
 1 APPPATH/Helpers/global_helper.php(505): CodeIgniter\Debug\Exceptions->errorHandler()
 2 APPPATH/Controllers/Malipo.php(399): doProcessGlobalTransaction()
 3 SYSTEMPATH/CodeIgniter.php(896): App\Controllers\Malipo->nmbrecon()
 4 SYSTEMPATH/CodeIgniter.php(466): CodeIgniter\CodeIgniter->runController()
 5 SYSTEMPATH/CodeIgniter.php(349): CodeIgniter\CodeIgniter->handleRequest()
 6 FCPATH/index.php(57): CodeIgniter\CodeIgniter->run()
CRITICAL - 2024-12-04 16:14:04 --> Undefined property: stdClass::$bill_num
in APPPATH/Helpers/global_helper.php on line 505.
 1 APPPATH/Helpers/global_helper.php(505): CodeIgniter\Debug\Exceptions->errorHandler()
 2 APPPATH/Controllers/Malipo.php(399): doProcessGlobalTransaction()
 3 SYSTEMPATH/CodeIgniter.php(896): App\Controllers\Malipo->nmbrecon()
 4 SYSTEMPATH/CodeIgniter.php(466): CodeIgniter\CodeIgniter->runController()
 5 SYSTEMPATH/CodeIgniter.php(349): CodeIgniter\CodeIgniter->handleRequest()
 6 FCPATH/index.php(57): CodeIgniter\CodeIgniter->run()
CRITICAL - 2024-12-04 16:16:05 --> Undefined property: stdClass::$bill_num
in APPPATH/Helpers/global_helper.php on line 505.
 1 APPPATH/Helpers/global_helper.php(505): CodeIgniter\Debug\Exceptions->errorHandler()
 2 APPPATH/Controllers/Malipo.php(399): doProcessGlobalTransaction()
 3 SYSTEMPATH/CodeIgniter.php(896): App\Controllers\Malipo->nmbrecon()
 4 SYSTEMPATH/CodeIgniter.php(466): CodeIgniter\CodeIgniter->runController()
 5 SYSTEMPATH/CodeIgniter.php(349): CodeIgniter\CodeIgniter->handleRequest()
 6 FCPATH/index.php(57): CodeIgniter\CodeIgniter->run()
CRITICAL - 2024-12-04 16:18:05 --> Undefined property: stdClass::$bill_num
in APPPATH/Helpers/global_helper.php on line 505.
 1 APPPATH/Helpers/global_helper.php(505): CodeIgniter\Debug\Exceptions->errorHandler()
 2 APPPATH/Controllers/Malipo.php(399): doProcessGlobalTransaction()
 3 SYSTEMPATH/CodeIgniter.php(896): App\Controllers\Malipo->nmbrecon()
 4 SYSTEMPATH/CodeIgniter.php(466): CodeIgniter\CodeIgniter->runController()
 5 SYSTEMPATH/CodeIgniter.php(349): CodeIgniter\CodeIgniter->handleRequest()
 6 FCPATH/index.php(57): CodeIgniter\CodeIgniter->run()
CRITICAL - 2024-12-04 16:20:05 --> Undefined property: stdClass::$bill_num
in APPPATH/Helpers/global_helper.php on line 505.
 1 APPPATH/Helpers/global_helper.php(505): CodeIgniter\Debug\Exceptions->errorHandler()
 2 APPPATH/Controllers/Malipo.php(399): doProcessGlobalTransaction()
 3 SYSTEMPATH/CodeIgniter.php(896): App\Controllers\Malipo->nmbrecon()
 4 SYSTEMPATH/CodeIgniter.php(466): CodeIgniter\CodeIgniter->runController()
 5 SYSTEMPATH/CodeIgniter.php(349): CodeIgniter\CodeIgniter->handleRequest()
 6 FCPATH/index.php(57): CodeIgniter\CodeIgniter->run()
CRITICAL - 2024-12-04 16:22:05 --> Undefined property: stdClass::$bill_num
in APPPATH/Helpers/global_helper.php on line 505.
 1 APPPATH/Helpers/global_helper.php(505): CodeIgniter\Debug\Exceptions->errorHandler()
 2 APPPATH/Controllers/Malipo.php(399): doProcessGlobalTransaction()
 3 SYSTEMPATH/CodeIgniter.php(896): App\Controllers\Malipo->nmbrecon()
 4 SYSTEMPATH/CodeIgniter.php(466): CodeIgniter\CodeIgniter->runController()
 5 SYSTEMPATH/CodeIgniter.php(349): CodeIgniter\CodeIgniter->handleRequest()
 6 FCPATH/index.php(57): CodeIgniter\CodeIgniter->run()
CRITICAL - 2024-12-04 16:24:04 --> Undefined property: stdClass::$bill_num
in APPPATH/Helpers/global_helper.php on line 505.
 1 APPPATH/Helpers/global_helper.php(505): CodeIgniter\Debug\Exceptions->errorHandler()
 2 APPPATH/Controllers/Malipo.php(399): doProcessGlobalTransaction()
 3 SYSTEMPATH/CodeIgniter.php(896): App\Controllers\Malipo->nmbrecon()
 4 SYSTEMPATH/CodeIgniter.php(466): CodeIgniter\CodeIgniter->runController()
 5 SYSTEMPATH/CodeIgniter.php(349): CodeIgniter\CodeIgniter->handleRequest()
 6 FCPATH/index.php(57): CodeIgniter\CodeIgniter->run()
CRITICAL - 2024-12-04 16:26:05 --> Undefined property: stdClass::$bill_num
in APPPATH/Helpers/global_helper.php on line 505.
 1 APPPATH/Helpers/global_helper.php(505): CodeIgniter\Debug\Exceptions->errorHandler()
 2 APPPATH/Controllers/Malipo.php(399): doProcessGlobalTransaction()
 3 SYSTEMPATH/CodeIgniter.php(896): App\Controllers\Malipo->nmbrecon()
 4 SYSTEMPATH/CodeIgniter.php(466): CodeIgniter\CodeIgniter->runController()
 5 SYSTEMPATH/CodeIgniter.php(349): CodeIgniter\CodeIgniter->handleRequest()
 6 FCPATH/index.php(57): CodeIgniter\CodeIgniter->run()
CRITICAL - 2024-12-04 16:28:05 --> Undefined property: stdClass::$bill_num
in APPPATH/Helpers/global_helper.php on line 505.
 1 APPPATH/Helpers/global_helper.php(505): CodeIgniter\Debug\Exceptions->errorHandler()
 2 APPPATH/Controllers/Malipo.php(399): doProcessGlobalTransaction()
 3 SYSTEMPATH/CodeIgniter.php(896): App\Controllers\Malipo->nmbrecon()
 4 SYSTEMPATH/CodeIgniter.php(466): CodeIgniter\CodeIgniter->runController()
 5 SYSTEMPATH/CodeIgniter.php(349): CodeIgniter\CodeIgniter->handleRequest()
 6 FCPATH/index.php(57): CodeIgniter\CodeIgniter->run()
CRITICAL - 2024-12-04 16:30:05 --> Undefined property: stdClass::$bill_num
in APPPATH/Helpers/global_helper.php on line 505.
 1 APPPATH/Helpers/global_helper.php(505): CodeIgniter\Debug\Exceptions->errorHandler()
 2 APPPATH/Controllers/Malipo.php(399): doProcessGlobalTransaction()
 3 SYSTEMPATH/CodeIgniter.php(896): App\Controllers\Malipo->nmbrecon()
 4 SYSTEMPATH/CodeIgniter.php(466): CodeIgniter\CodeIgniter->runController()
 5 SYSTEMPATH/CodeIgniter.php(349): CodeIgniter\CodeIgniter->handleRequest()
 6 FCPATH/index.php(57): CodeIgniter\CodeIgniter->run()
CRITICAL - 2024-12-04 16:32:06 --> Undefined property: stdClass::$bill_num
in APPPATH/Helpers/global_helper.php on line 505.
 1 APPPATH/Helpers/global_helper.php(505): CodeIgniter\Debug\Exceptions->errorHandler()
 2 APPPATH/Controllers/Malipo.php(399): doProcessGlobalTransaction()
 3 SYSTEMPATH/CodeIgniter.php(896): App\Controllers\Malipo->nmbrecon()
 4 SYSTEMPATH/CodeIgniter.php(466): CodeIgniter\CodeIgniter->runController()
 5 SYSTEMPATH/CodeIgniter.php(349): CodeIgniter\CodeIgniter->handleRequest()
 6 FCPATH/index.php(57): CodeIgniter\CodeIgniter->run()
CRITICAL - 2024-12-04 16:34:05 --> Undefined property: stdClass::$bill_num
in APPPATH/Helpers/global_helper.php on line 505.
 1 APPPATH/Helpers/global_helper.php(505): CodeIgniter\Debug\Exceptions->errorHandler()
 2 APPPATH/Controllers/Malipo.php(399): doProcessGlobalTransaction()
 3 SYSTEMPATH/CodeIgniter.php(896): App\Controllers\Malipo->nmbrecon()
 4 SYSTEMPATH/CodeIgniter.php(466): CodeIgniter\CodeIgniter->runController()
 5 SYSTEMPATH/CodeIgniter.php(349): CodeIgniter\CodeIgniter->handleRequest()
 6 FCPATH/index.php(57): CodeIgniter\CodeIgniter->run()
CRITICAL - 2024-12-04 16:36:05 --> Undefined property: stdClass::$bill_num
in APPPATH/Helpers/global_helper.php on line 505.
 1 APPPATH/Helpers/global_helper.php(505): CodeIgniter\Debug\Exceptions->errorHandler()
 2 APPPATH/Controllers/Malipo.php(399): doProcessGlobalTransaction()
 3 SYSTEMPATH/CodeIgniter.php(896): App\Controllers\Malipo->nmbrecon()
 4 SYSTEMPATH/CodeIgniter.php(466): CodeIgniter\CodeIgniter->runController()
 5 SYSTEMPATH/CodeIgniter.php(349): CodeIgniter\CodeIgniter->handleRequest()
 6 FCPATH/index.php(57): CodeIgniter\CodeIgniter->run()
CRITICAL - 2024-12-04 16:38:04 --> Undefined property: stdClass::$bill_num
in APPPATH/Helpers/global_helper.php on line 505.
 1 APPPATH/Helpers/global_helper.php(505): CodeIgniter\Debug\Exceptions->errorHandler()
 2 APPPATH/Controllers/Malipo.php(399): doProcessGlobalTransaction()
 3 SYSTEMPATH/CodeIgniter.php(896): App\Controllers\Malipo->nmbrecon()
 4 SYSTEMPATH/CodeIgniter.php(466): CodeIgniter\CodeIgniter->runController()
 5 SYSTEMPATH/CodeIgniter.php(349): CodeIgniter\CodeIgniter->handleRequest()
 6 FCPATH/index.php(57): CodeIgniter\CodeIgniter->run()
CRITICAL - 2024-12-04 16:40:05 --> Undefined property: stdClass::$bill_num
in APPPATH/Helpers/global_helper.php on line 505.
 1 APPPATH/Helpers/global_helper.php(505): CodeIgniter\Debug\Exceptions->errorHandler()
 2 APPPATH/Controllers/Malipo.php(399): doProcessGlobalTransaction()
 3 SYSTEMPATH/CodeIgniter.php(896): App\Controllers\Malipo->nmbrecon()
 4 SYSTEMPATH/CodeIgniter.php(466): CodeIgniter\CodeIgniter->runController()
 5 SYSTEMPATH/CodeIgniter.php(349): CodeIgniter\CodeIgniter->handleRequest()
 6 FCPATH/index.php(57): CodeIgniter\CodeIgniter->run()
CRITICAL - 2024-12-04 16:42:05 --> Undefined property: stdClass::$bill_num
in APPPATH/Helpers/global_helper.php on line 505.
 1 APPPATH/Helpers/global_helper.php(505): CodeIgniter\Debug\Exceptions->errorHandler()
 2 APPPATH/Controllers/Malipo.php(399): doProcessGlobalTransaction()
 3 SYSTEMPATH/CodeIgniter.php(896): App\Controllers\Malipo->nmbrecon()
 4 SYSTEMPATH/CodeIgniter.php(466): CodeIgniter\CodeIgniter->runController()
 5 SYSTEMPATH/CodeIgniter.php(349): CodeIgniter\CodeIgniter->handleRequest()
 6 FCPATH/index.php(57): CodeIgniter\CodeIgniter->run()
CRITICAL - 2024-12-04 16:44:06 --> Undefined property: stdClass::$bill_num
in APPPATH/Helpers/global_helper.php on line 505.
 1 APPPATH/Helpers/global_helper.php(505): CodeIgniter\Debug\Exceptions->errorHandler()
 2 APPPATH/Controllers/Malipo.php(399): doProcessGlobalTransaction()
 3 SYSTEMPATH/CodeIgniter.php(896): App\Controllers\Malipo->nmbrecon()
 4 SYSTEMPATH/CodeIgniter.php(466): CodeIgniter\CodeIgniter->runController()
 5 SYSTEMPATH/CodeIgniter.php(349): CodeIgniter\CodeIgniter->handleRequest()
 6 FCPATH/index.php(57): CodeIgniter\CodeIgniter->run()
CRITICAL - 2024-12-04 16:46:05 --> Undefined property: stdClass::$bill_num
in APPPATH/Helpers/global_helper.php on line 505.
 1 APPPATH/Helpers/global_helper.php(505): CodeIgniter\Debug\Exceptions->errorHandler()
 2 APPPATH/Controllers/Malipo.php(399): doProcessGlobalTransaction()
 3 SYSTEMPATH/CodeIgniter.php(896): App\Controllers\Malipo->nmbrecon()
 4 SYSTEMPATH/CodeIgniter.php(466): CodeIgniter\CodeIgniter->runController()
 5 SYSTEMPATH/CodeIgniter.php(349): CodeIgniter\CodeIgniter->handleRequest()
 6 FCPATH/index.php(57): CodeIgniter\CodeIgniter->run()
CRITICAL - 2024-12-04 16:48:04 --> Undefined property: stdClass::$bill_num
in APPPATH/Helpers/global_helper.php on line 505.
 1 APPPATH/Helpers/global_helper.php(505): CodeIgniter\Debug\Exceptions->errorHandler()
 2 APPPATH/Controllers/Malipo.php(399): doProcessGlobalTransaction()
 3 SYSTEMPATH/CodeIgniter.php(896): App\Controllers\Malipo->nmbrecon()
 4 SYSTEMPATH/CodeIgniter.php(466): CodeIgniter\CodeIgniter->runController()
 5 SYSTEMPATH/CodeIgniter.php(349): CodeIgniter\CodeIgniter->handleRequest()
 6 FCPATH/index.php(57): CodeIgniter\CodeIgniter->run()
CRITICAL - 2024-12-04 16:50:05 --> Undefined property: stdClass::$bill_num
in APPPATH/Helpers/global_helper.php on line 505.
 1 APPPATH/Helpers/global_helper.php(505): CodeIgniter\Debug\Exceptions->errorHandler()
 2 APPPATH/Controllers/Malipo.php(399): doProcessGlobalTransaction()
 3 SYSTEMPATH/CodeIgniter.php(896): App\Controllers\Malipo->nmbrecon()
 4 SYSTEMPATH/CodeIgniter.php(466): CodeIgniter\CodeIgniter->runController()
 5 SYSTEMPATH/CodeIgniter.php(349): CodeIgniter\CodeIgniter->handleRequest()
 6 FCPATH/index.php(57): CodeIgniter\CodeIgniter->run()
CRITICAL - 2024-12-04 16:52:05 --> Undefined property: stdClass::$bill_num
in APPPATH/Helpers/global_helper.php on line 505.
 1 APPPATH/Helpers/global_helper.php(505): CodeIgniter\Debug\Exceptions->errorHandler()
 2 APPPATH/Controllers/Malipo.php(399): doProcessGlobalTransaction()
 3 SYSTEMPATH/CodeIgniter.php(896): App\Controllers\Malipo->nmbrecon()
 4 SYSTEMPATH/CodeIgniter.php(466): CodeIgniter\CodeIgniter->runController()
 5 SYSTEMPATH/CodeIgniter.php(349): CodeIgniter\CodeIgniter->handleRequest()
 6 FCPATH/index.php(57): CodeIgniter\CodeIgniter->run()
CRITICAL - 2024-12-04 16:54:04 --> Undefined property: stdClass::$bill_num
in APPPATH/Helpers/global_helper.php on line 505.
 1 APPPATH/Helpers/global_helper.php(505): CodeIgniter\Debug\Exceptions->errorHandler()
 2 APPPATH/Controllers/Malipo.php(399): doProcessGlobalTransaction()
 3 SYSTEMPATH/CodeIgniter.php(896): App\Controllers\Malipo->nmbrecon()
 4 SYSTEMPATH/CodeIgniter.php(466): CodeIgniter\CodeIgniter->runController()
 5 SYSTEMPATH/CodeIgniter.php(349): CodeIgniter\CodeIgniter->handleRequest()
 6 FCPATH/index.php(57): CodeIgniter\CodeIgniter->run()
CRITICAL - 2024-12-04 16:55:56 --> Undefined array key "data"
in APPPATH/Helpers/global_helper.php on line 154.
 1 APPPATH/Helpers/global_helper.php(154): CodeIgniter\Debug\Exceptions->errorHandler()
 2 APPPATH/Controllers/Malipo.php(294): dispResponseCRDBValidate()
 3 SYSTEMPATH/CodeIgniter.php(896): App\Controllers\Malipo->crdbverify()
 4 SYSTEMPATH/CodeIgniter.php(466): CodeIgniter\CodeIgniter->runController()
 5 SYSTEMPATH/CodeIgniter.php(349): CodeIgniter\CodeIgniter->handleRequest()
 6 FCPATH/index.php(57): CodeIgniter\CodeIgniter->run()
CRITICAL - 2024-12-04 16:56:05 --> Undefined property: stdClass::$bill_num
in APPPATH/Helpers/global_helper.php on line 505.
 1 APPPATH/Helpers/global_helper.php(505): CodeIgniter\Debug\Exceptions->errorHandler()
 2 APPPATH/Controllers/Malipo.php(399): doProcessGlobalTransaction()
 3 SYSTEMPATH/CodeIgniter.php(896): App\Controllers\Malipo->nmbrecon()
 4 SYSTEMPATH/CodeIgniter.php(466): CodeIgniter\CodeIgniter->runController()
 5 SYSTEMPATH/CodeIgniter.php(349): CodeIgniter\CodeIgniter->handleRequest()
 6 FCPATH/index.php(57): CodeIgniter\CodeIgniter->run()
CRITICAL - 2024-12-04 16:58:05 --> Undefined property: stdClass::$bill_num
in APPPATH/Helpers/global_helper.php on line 505.
 1 APPPATH/Helpers/global_helper.php(505): CodeIgniter\Debug\Exceptions->errorHandler()
 2 APPPATH/Controllers/Malipo.php(399): doProcessGlobalTransaction()
 3 SYSTEMPATH/CodeIgniter.php(896): App\Controllers\Malipo->nmbrecon()
 4 SYSTEMPATH/CodeIgniter.php(466): CodeIgniter\CodeIgniter->runController()
 5 SYSTEMPATH/CodeIgniter.php(349): CodeIgniter\CodeIgniter->handleRequest()
 6 FCPATH/index.php(57): CodeIgniter\CodeIgniter->run()
CRITICAL - 2024-12-04 17:00:04 --> Undefined property: stdClass::$bill_num
in APPPATH/Helpers/global_helper.php on line 505.
 1 APPPATH/Helpers/global_helper.php(505): CodeIgniter\Debug\Exceptions->errorHandler()
 2 APPPATH/Controllers/Malipo.php(399): doProcessGlobalTransaction()
 3 SYSTEMPATH/CodeIgniter.php(896): App\Controllers\Malipo->nmbrecon()
 4 SYSTEMPATH/CodeIgniter.php(466): CodeIgniter\CodeIgniter->runController()
 5 SYSTEMPATH/CodeIgniter.php(349): CodeIgniter\CodeIgniter->handleRequest()
 6 FCPATH/index.php(57): CodeIgniter\CodeIgniter->run()
CRITICAL - 2024-12-04 17:02:05 --> Undefined property: stdClass::$bill_num
in APPPATH/Helpers/global_helper.php on line 505.
 1 APPPATH/Helpers/global_helper.php(505): CodeIgniter\Debug\Exceptions->errorHandler()
 2 APPPATH/Controllers/Malipo.php(399): doProcessGlobalTransaction()
 3 SYSTEMPATH/CodeIgniter.php(896): App\Controllers\Malipo->nmbrecon()
 4 SYSTEMPATH/CodeIgniter.php(466): CodeIgniter\CodeIgniter->runController()
 5 SYSTEMPATH/CodeIgniter.php(349): CodeIgniter\CodeIgniter->handleRequest()
 6 FCPATH/index.php(57): CodeIgniter\CodeIgniter->run()
CRITICAL - 2024-12-04 17:04:05 --> Undefined property: stdClass::$bill_num
in APPPATH/Helpers/global_helper.php on line 505.
 1 APPPATH/Helpers/global_helper.php(505): CodeIgniter\Debug\Exceptions->errorHandler()
 2 APPPATH/Controllers/Malipo.php(399): doProcessGlobalTransaction()
 3 SYSTEMPATH/CodeIgniter.php(896): App\Controllers\Malipo->nmbrecon()
 4 SYSTEMPATH/CodeIgniter.php(466): CodeIgniter\CodeIgniter->runController()
 5 SYSTEMPATH/CodeIgniter.php(349): CodeIgniter\CodeIgniter->handleRequest()
 6 FCPATH/index.php(57): CodeIgniter\CodeIgniter->run()
CRITICAL - 2024-12-04 17:06:05 --> Undefined property: stdClass::$bill_num
in APPPATH/Helpers/global_helper.php on line 505.
 1 APPPATH/Helpers/global_helper.php(505): CodeIgniter\Debug\Exceptions->errorHandler()
 2 APPPATH/Controllers/Malipo.php(399): doProcessGlobalTransaction()
 3 SYSTEMPATH/CodeIgniter.php(896): App\Controllers\Malipo->nmbrecon()
 4 SYSTEMPATH/CodeIgniter.php(466): CodeIgniter\CodeIgniter->runController()
 5 SYSTEMPATH/CodeIgniter.php(349): CodeIgniter\CodeIgniter->handleRequest()
 6 FCPATH/index.php(57): CodeIgniter\CodeIgniter->run()
CRITICAL - 2024-12-04 17:08:05 --> Undefined property: stdClass::$bill_num
in APPPATH/Helpers/global_helper.php on line 505.
 1 APPPATH/Helpers/global_helper.php(505): CodeIgniter\Debug\Exceptions->errorHandler()
 2 APPPATH/Controllers/Malipo.php(399): doProcessGlobalTransaction()
 3 SYSTEMPATH/CodeIgniter.php(896): App\Controllers\Malipo->nmbrecon()
 4 SYSTEMPATH/CodeIgniter.php(466): CodeIgniter\CodeIgniter->runController()
 5 SYSTEMPATH/CodeIgniter.php(349): CodeIgniter\CodeIgniter->handleRequest()
 6 FCPATH/index.php(57): CodeIgniter\CodeIgniter->run()
CRITICAL - 2024-12-04 17:10:05 --> Undefined property: stdClass::$bill_num
in APPPATH/Helpers/global_helper.php on line 505.
 1 APPPATH/Helpers/global_helper.php(505): CodeIgniter\Debug\Exceptions->errorHandler()
 2 APPPATH/Controllers/Malipo.php(399): doProcessGlobalTransaction()
 3 SYSTEMPATH/CodeIgniter.php(896): App\Controllers\Malipo->nmbrecon()
 4 SYSTEMPATH/CodeIgniter.php(466): CodeIgniter\CodeIgniter->runController()
 5 SYSTEMPATH/CodeIgniter.php(349): CodeIgniter\CodeIgniter->handleRequest()
 6 FCPATH/index.php(57): CodeIgniter\CodeIgniter->run()
CRITICAL - 2024-12-04 17:12:05 --> Undefined property: stdClass::$bill_num
in APPPATH/Helpers/global_helper.php on line 505.
 1 APPPATH/Helpers/global_helper.php(505): CodeIgniter\Debug\Exceptions->errorHandler()
 2 APPPATH/Controllers/Malipo.php(399): doProcessGlobalTransaction()
 3 SYSTEMPATH/CodeIgniter.php(896): App\Controllers\Malipo->nmbrecon()
 4 SYSTEMPATH/CodeIgniter.php(466): CodeIgniter\CodeIgniter->runController()
 5 SYSTEMPATH/CodeIgniter.php(349): CodeIgniter\CodeIgniter->handleRequest()
 6 FCPATH/index.php(57): CodeIgniter\CodeIgniter->run()
CRITICAL - 2024-12-04 17:14:05 --> Undefined property: stdClass::$bill_num
in APPPATH/Helpers/global_helper.php on line 505.
 1 APPPATH/Helpers/global_helper.php(505): CodeIgniter\Debug\Exceptions->errorHandler()
 2 APPPATH/Controllers/Malipo.php(399): doProcessGlobalTransaction()
 3 SYSTEMPATH/CodeIgniter.php(896): App\Controllers\Malipo->nmbrecon()
 4 SYSTEMPATH/CodeIgniter.php(466): CodeIgniter\CodeIgniter->runController()
 5 SYSTEMPATH/CodeIgniter.php(349): CodeIgniter\CodeIgniter->handleRequest()
 6 FCPATH/index.php(57): CodeIgniter\CodeIgniter->run()
CRITICAL - 2024-12-04 17:16:05 --> Undefined property: stdClass::$bill_num
in APPPATH/Helpers/global_helper.php on line 505.
 1 APPPATH/Helpers/global_helper.php(505): CodeIgniter\Debug\Exceptions->errorHandler()
 2 APPPATH/Controllers/Malipo.php(399): doProcessGlobalTransaction()
 3 SYSTEMPATH/CodeIgniter.php(896): App\Controllers\Malipo->nmbrecon()
 4 SYSTEMPATH/CodeIgniter.php(466): CodeIgniter\CodeIgniter->runController()
 5 SYSTEMPATH/CodeIgniter.php(349): CodeIgniter\CodeIgniter->handleRequest()
 6 FCPATH/index.php(57): CodeIgniter\CodeIgniter->run()
CRITICAL - 2024-12-04 17:18:05 --> Undefined property: stdClass::$bill_num
in APPPATH/Helpers/global_helper.php on line 505.
 1 APPPATH/Helpers/global_helper.php(505): CodeIgniter\Debug\Exceptions->errorHandler()
 2 APPPATH/Controllers/Malipo.php(399): doProcessGlobalTransaction()
 3 SYSTEMPATH/CodeIgniter.php(896): App\Controllers\Malipo->nmbrecon()
 4 SYSTEMPATH/CodeIgniter.php(466): CodeIgniter\CodeIgniter->runController()
 5 SYSTEMPATH/CodeIgniter.php(349): CodeIgniter\CodeIgniter->handleRequest()
 6 FCPATH/index.php(57): CodeIgniter\CodeIgniter->run()
CRITICAL - 2024-12-04 17:20:05 --> Undefined property: stdClass::$bill_num
in APPPATH/Helpers/global_helper.php on line 505.
 1 APPPATH/Helpers/global_helper.php(505): CodeIgniter\Debug\Exceptions->errorHandler()
 2 APPPATH/Controllers/Malipo.php(399): doProcessGlobalTransaction()
 3 SYSTEMPATH/CodeIgniter.php(896): App\Controllers\Malipo->nmbrecon()
 4 SYSTEMPATH/CodeIgniter.php(466): CodeIgniter\CodeIgniter->runController()
 5 SYSTEMPATH/CodeIgniter.php(349): CodeIgniter\CodeIgniter->handleRequest()
 6 FCPATH/index.php(57): CodeIgniter\CodeIgniter->run()
CRITICAL - 2024-12-04 17:22:05 --> Undefined property: stdClass::$bill_num
in APPPATH/Helpers/global_helper.php on line 505.
 1 APPPATH/Helpers/global_helper.php(505): CodeIgniter\Debug\Exceptions->errorHandler()
 2 APPPATH/Controllers/Malipo.php(399): doProcessGlobalTransaction()
 3 SYSTEMPATH/CodeIgniter.php(896): App\Controllers\Malipo->nmbrecon()
 4 SYSTEMPATH/CodeIgniter.php(466): CodeIgniter\CodeIgniter->runController()
 5 SYSTEMPATH/CodeIgniter.php(349): CodeIgniter\CodeIgniter->handleRequest()
 6 FCPATH/index.php(57): CodeIgniter\CodeIgniter->run()
CRITICAL - 2024-12-04 17:24:05 --> Undefined property: stdClass::$bill_num
in APPPATH/Helpers/global_helper.php on line 505.
 1 APPPATH/Helpers/global_helper.php(505): CodeIgniter\Debug\Exceptions->errorHandler()
 2 APPPATH/Controllers/Malipo.php(399): doProcessGlobalTransaction()
 3 SYSTEMPATH/CodeIgniter.php(896): App\Controllers\Malipo->nmbrecon()
 4 SYSTEMPATH/CodeIgniter.php(466): CodeIgniter\CodeIgniter->runController()
 5 SYSTEMPATH/CodeIgniter.php(349): CodeIgniter\CodeIgniter->handleRequest()
 6 FCPATH/index.php(57): CodeIgniter\CodeIgniter->run()
CRITICAL - 2024-12-04 17:26:05 --> Undefined property: stdClass::$bill_num
in APPPATH/Helpers/global_helper.php on line 505.
 1 APPPATH/Helpers/global_helper.php(505): CodeIgniter\Debug\Exceptions->errorHandler()
 2 APPPATH/Controllers/Malipo.php(399): doProcessGlobalTransaction()
 3 SYSTEMPATH/CodeIgniter.php(896): App\Controllers\Malipo->nmbrecon()
 4 SYSTEMPATH/CodeIgniter.php(466): CodeIgniter\CodeIgniter->runController()
 5 SYSTEMPATH/CodeIgniter.php(349): CodeIgniter\CodeIgniter->handleRequest()
 6 FCPATH/index.php(57): CodeIgniter\CodeIgniter->run()
CRITICAL - 2024-12-04 17:28:04 --> Undefined property: stdClass::$bill_num
in APPPATH/Helpers/global_helper.php on line 505.
 1 APPPATH/Helpers/global_helper.php(505): CodeIgniter\Debug\Exceptions->errorHandler()
 2 APPPATH/Controllers/Malipo.php(399): doProcessGlobalTransaction()
 3 SYSTEMPATH/CodeIgniter.php(896): App\Controllers\Malipo->nmbrecon()
 4 SYSTEMPATH/CodeIgniter.php(466): CodeIgniter\CodeIgniter->runController()
 5 SYSTEMPATH/CodeIgniter.php(349): CodeIgniter\CodeIgniter->handleRequest()
 6 FCPATH/index.php(57): CodeIgniter\CodeIgniter->run()
CRITICAL - 2024-12-04 17:30:05 --> Undefined property: stdClass::$bill_num
in APPPATH/Helpers/global_helper.php on line 505.
 1 APPPATH/Helpers/global_helper.php(505): CodeIgniter\Debug\Exceptions->errorHandler()
 2 APPPATH/Controllers/Malipo.php(399): doProcessGlobalTransaction()
 3 SYSTEMPATH/CodeIgniter.php(896): App\Controllers\Malipo->nmbrecon()
 4 SYSTEMPATH/CodeIgniter.php(466): CodeIgniter\CodeIgniter->runController()
 5 SYSTEMPATH/CodeIgniter.php(349): CodeIgniter\CodeIgniter->handleRequest()
 6 FCPATH/index.php(57): CodeIgniter\CodeIgniter->run()
CRITICAL - 2024-12-04 17:32:05 --> Undefined property: stdClass::$bill_num
in APPPATH/Helpers/global_helper.php on line 505.
 1 APPPATH/Helpers/global_helper.php(505): CodeIgniter\Debug\Exceptions->errorHandler()
 2 APPPATH/Controllers/Malipo.php(399): doProcessGlobalTransaction()
 3 SYSTEMPATH/CodeIgniter.php(896): App\Controllers\Malipo->nmbrecon()
 4 SYSTEMPATH/CodeIgniter.php(466): CodeIgniter\CodeIgniter->runController()
 5 SYSTEMPATH/CodeIgniter.php(349): CodeIgniter\CodeIgniter->handleRequest()
 6 FCPATH/index.php(57): CodeIgniter\CodeIgniter->run()
CRITICAL - 2024-12-04 17:34:05 --> Undefined property: stdClass::$bill_num
in APPPATH/Helpers/global_helper.php on line 505.
 1 APPPATH/Helpers/global_helper.php(505): CodeIgniter\Debug\Exceptions->errorHandler()
 2 APPPATH/Controllers/Malipo.php(399): doProcessGlobalTransaction()
 3 SYSTEMPATH/CodeIgniter.php(896): App\Controllers\Malipo->nmbrecon()
 4 SYSTEMPATH/CodeIgniter.php(466): CodeIgniter\CodeIgniter->runController()
 5 SYSTEMPATH/CodeIgniter.php(349): CodeIgniter\CodeIgniter->handleRequest()
 6 FCPATH/index.php(57): CodeIgniter\CodeIgniter->run()
CRITICAL - 2024-12-04 17:36:04 --> Undefined property: stdClass::$bill_num
in APPPATH/Helpers/global_helper.php on line 505.
 1 APPPATH/Helpers/global_helper.php(505): CodeIgniter\Debug\Exceptions->errorHandler()
 2 APPPATH/Controllers/Malipo.php(399): doProcessGlobalTransaction()
 3 SYSTEMPATH/CodeIgniter.php(896): App\Controllers\Malipo->nmbrecon()
 4 SYSTEMPATH/CodeIgniter.php(466): CodeIgniter\CodeIgniter->runController()
 5 SYSTEMPATH/CodeIgniter.php(349): CodeIgniter\CodeIgniter->handleRequest()
 6 FCPATH/index.php(57): CodeIgniter\CodeIgniter->run()
CRITICAL - 2024-12-04 17:38:05 --> Undefined property: stdClass::$bill_num
in APPPATH/Helpers/global_helper.php on line 505.
 1 APPPATH/Helpers/global_helper.php(505): CodeIgniter\Debug\Exceptions->errorHandler()
 2 APPPATH/Controllers/Malipo.php(399): doProcessGlobalTransaction()
 3 SYSTEMPATH/CodeIgniter.php(896): App\Controllers\Malipo->nmbrecon()
 4 SYSTEMPATH/CodeIgniter.php(466): CodeIgniter\CodeIgniter->runController()
 5 SYSTEMPATH/CodeIgniter.php(349): CodeIgniter\CodeIgniter->handleRequest()
 6 FCPATH/index.php(57): CodeIgniter\CodeIgniter->run()
CRITICAL - 2024-12-04 17:40:05 --> Undefined property: stdClass::$bill_num
in APPPATH/Helpers/global_helper.php on line 505.
 1 APPPATH/Helpers/global_helper.php(505): CodeIgniter\Debug\Exceptions->errorHandler()
 2 APPPATH/Controllers/Malipo.php(399): doProcessGlobalTransaction()
 3 SYSTEMPATH/CodeIgniter.php(896): App\Controllers\Malipo->nmbrecon()
 4 SYSTEMPATH/CodeIgniter.php(466): CodeIgniter\CodeIgniter->runController()
 5 SYSTEMPATH/CodeIgniter.php(349): CodeIgniter\CodeIgniter->handleRequest()
 6 FCPATH/index.php(57): CodeIgniter\CodeIgniter->run()
CRITICAL - 2024-12-04 17:42:05 --> Undefined property: stdClass::$bill_num
in APPPATH/Helpers/global_helper.php on line 505.
 1 APPPATH/Helpers/global_helper.php(505): CodeIgniter\Debug\Exceptions->errorHandler()
 2 APPPATH/Controllers/Malipo.php(399): doProcessGlobalTransaction()
 3 SYSTEMPATH/CodeIgniter.php(896): App\Controllers\Malipo->nmbrecon()
 4 SYSTEMPATH/CodeIgniter.php(466): CodeIgniter\CodeIgniter->runController()
 5 SYSTEMPATH/CodeIgniter.php(349): CodeIgniter\CodeIgniter->handleRequest()
 6 FCPATH/index.php(57): CodeIgniter\CodeIgniter->run()
CRITICAL - 2024-12-04 17:44:06 --> Undefined property: stdClass::$bill_num
in APPPATH/Helpers/global_helper.php on line 505.
 1 APPPATH/Helpers/global_helper.php(505): CodeIgniter\Debug\Exceptions->errorHandler()
 2 APPPATH/Controllers/Malipo.php(399): doProcessGlobalTransaction()
 3 SYSTEMPATH/CodeIgniter.php(896): App\Controllers\Malipo->nmbrecon()
 4 SYSTEMPATH/CodeIgniter.php(466): CodeIgniter\CodeIgniter->runController()
 5 SYSTEMPATH/CodeIgniter.php(349): CodeIgniter\CodeIgniter->handleRequest()
 6 FCPATH/index.php(57): CodeIgniter\CodeIgniter->run()
CRITICAL - 2024-12-04 17:46:05 --> Undefined property: stdClass::$bill_num
in APPPATH/Helpers/global_helper.php on line 505.
 1 APPPATH/Helpers/global_helper.php(505): CodeIgniter\Debug\Exceptions->errorHandler()
 2 APPPATH/Controllers/Malipo.php(399): doProcessGlobalTransaction()
 3 SYSTEMPATH/CodeIgniter.php(896): App\Controllers\Malipo->nmbrecon()
 4 SYSTEMPATH/CodeIgniter.php(466): CodeIgniter\CodeIgniter->runController()
 5 SYSTEMPATH/CodeIgniter.php(349): CodeIgniter\CodeIgniter->handleRequest()
 6 FCPATH/index.php(57): CodeIgniter\CodeIgniter->run()
CRITICAL - 2024-12-04 17:48:05 --> Undefined property: stdClass::$bill_num
in APPPATH/Helpers/global_helper.php on line 505.
 1 APPPATH/Helpers/global_helper.php(505): CodeIgniter\Debug\Exceptions->errorHandler()
 2 APPPATH/Controllers/Malipo.php(399): doProcessGlobalTransaction()
 3 SYSTEMPATH/CodeIgniter.php(896): App\Controllers\Malipo->nmbrecon()
 4 SYSTEMPATH/CodeIgniter.php(466): CodeIgniter\CodeIgniter->runController()
 5 SYSTEMPATH/CodeIgniter.php(349): CodeIgniter\CodeIgniter->handleRequest()
 6 FCPATH/index.php(57): CodeIgniter\CodeIgniter->run()
CRITICAL - 2024-12-04 17:50:04 --> Undefined property: stdClass::$bill_num
in APPPATH/Helpers/global_helper.php on line 505.
 1 APPPATH/Helpers/global_helper.php(505): CodeIgniter\Debug\Exceptions->errorHandler()
 2 APPPATH/Controllers/Malipo.php(399): doProcessGlobalTransaction()
 3 SYSTEMPATH/CodeIgniter.php(896): App\Controllers\Malipo->nmbrecon()
 4 SYSTEMPATH/CodeIgniter.php(466): CodeIgniter\CodeIgniter->runController()
 5 SYSTEMPATH/CodeIgniter.php(349): CodeIgniter\CodeIgniter->handleRequest()
 6 FCPATH/index.php(57): CodeIgniter\CodeIgniter->run()
CRITICAL - 2024-12-04 17:52:05 --> Undefined property: stdClass::$bill_num
in APPPATH/Helpers/global_helper.php on line 505.
 1 APPPATH/Helpers/global_helper.php(505): CodeIgniter\Debug\Exceptions->errorHandler()
 2 APPPATH/Controllers/Malipo.php(399): doProcessGlobalTransaction()
 3 SYSTEMPATH/CodeIgniter.php(896): App\Controllers\Malipo->nmbrecon()
 4 SYSTEMPATH/CodeIgniter.php(466): CodeIgniter\CodeIgniter->runController()
 5 SYSTEMPATH/CodeIgniter.php(349): CodeIgniter\CodeIgniter->handleRequest()
 6 FCPATH/index.php(57): CodeIgniter\CodeIgniter->run()
CRITICAL - 2024-12-04 17:54:06 --> Undefined property: stdClass::$bill_num
in APPPATH/Helpers/global_helper.php on line 505.
 1 APPPATH/Helpers/global_helper.php(505): CodeIgniter\Debug\Exceptions->errorHandler()
 2 APPPATH/Controllers/Malipo.php(399): doProcessGlobalTransaction()
 3 SYSTEMPATH/CodeIgniter.php(896): App\Controllers\Malipo->nmbrecon()
 4 SYSTEMPATH/CodeIgniter.php(466): CodeIgniter\CodeIgniter->runController()
 5 SYSTEMPATH/CodeIgniter.php(349): CodeIgniter\CodeIgniter->handleRequest()
 6 FCPATH/index.php(57): CodeIgniter\CodeIgniter->run()
CRITICAL - 2024-12-04 17:56:06 --> Undefined property: stdClass::$bill_num
in APPPATH/Helpers/global_helper.php on line 505.
 1 APPPATH/Helpers/global_helper.php(505): CodeIgniter\Debug\Exceptions->errorHandler()
 2 APPPATH/Controllers/Malipo.php(399): doProcessGlobalTransaction()
 3 SYSTEMPATH/CodeIgniter.php(896): App\Controllers\Malipo->nmbrecon()
 4 SYSTEMPATH/CodeIgniter.php(466): CodeIgniter\CodeIgniter->runController()
 5 SYSTEMPATH/CodeIgniter.php(349): CodeIgniter\CodeIgniter->handleRequest()
 6 FCPATH/index.php(57): CodeIgniter\CodeIgniter->run()
CRITICAL - 2024-12-04 17:58:05 --> Undefined property: stdClass::$bill_num
in APPPATH/Helpers/global_helper.php on line 505.
 1 APPPATH/Helpers/global_helper.php(505): CodeIgniter\Debug\Exceptions->errorHandler()
 2 APPPATH/Controllers/Malipo.php(399): doProcessGlobalTransaction()
 3 SYSTEMPATH/CodeIgniter.php(896): App\Controllers\Malipo->nmbrecon()
 4 SYSTEMPATH/CodeIgniter.php(466): CodeIgniter\CodeIgniter->runController()
 5 SYSTEMPATH/CodeIgniter.php(349): CodeIgniter\CodeIgniter->handleRequest()
 6 FCPATH/index.php(57): CodeIgniter\CodeIgniter->run()
CRITICAL - 2024-12-04 18:00:05 --> Undefined property: stdClass::$bill_num
in APPPATH/Helpers/global_helper.php on line 505.
 1 APPPATH/Helpers/global_helper.php(505): CodeIgniter\Debug\Exceptions->errorHandler()
 2 APPPATH/Controllers/Malipo.php(399): doProcessGlobalTransaction()
 3 SYSTEMPATH/CodeIgniter.php(896): App\Controllers\Malipo->nmbrecon()
 4 SYSTEMPATH/CodeIgniter.php(466): CodeIgniter\CodeIgniter->runController()
 5 SYSTEMPATH/CodeIgniter.php(349): CodeIgniter\CodeIgniter->handleRequest()
 6 FCPATH/index.php(57): CodeIgniter\CodeIgniter->run()
CRITICAL - 2024-12-04 18:01:43 --> Undefined array key "data"
in APPPATH/Helpers/global_helper.php on line 154.
 1 APPPATH/Helpers/global_helper.php(154): CodeIgniter\Debug\Exceptions->errorHandler()
 2 APPPATH/Controllers/Malipo.php(294): dispResponseCRDBValidate()
 3 SYSTEMPATH/CodeIgniter.php(896): App\Controllers\Malipo->crdbverify()
 4 SYSTEMPATH/CodeIgniter.php(466): CodeIgniter\CodeIgniter->runController()
 5 SYSTEMPATH/CodeIgniter.php(349): CodeIgniter\CodeIgniter->handleRequest()
 6 FCPATH/index.php(57): CodeIgniter\CodeIgniter->run()
CRITICAL - 2024-12-04 18:02:05 --> Undefined property: stdClass::$bill_num
in APPPATH/Helpers/global_helper.php on line 505.
 1 APPPATH/Helpers/global_helper.php(505): CodeIgniter\Debug\Exceptions->errorHandler()
 2 APPPATH/Controllers/Malipo.php(399): doProcessGlobalTransaction()
 3 SYSTEMPATH/CodeIgniter.php(896): App\Controllers\Malipo->nmbrecon()
 4 SYSTEMPATH/CodeIgniter.php(466): CodeIgniter\CodeIgniter->runController()
 5 SYSTEMPATH/CodeIgniter.php(349): CodeIgniter\CodeIgniter->handleRequest()
 6 FCPATH/index.php(57): CodeIgniter\CodeIgniter->run()
CRITICAL - 2024-12-04 18:04:04 --> Undefined property: stdClass::$bill_num
in APPPATH/Helpers/global_helper.php on line 505.
 1 APPPATH/Helpers/global_helper.php(505): CodeIgniter\Debug\Exceptions->errorHandler()
 2 APPPATH/Controllers/Malipo.php(399): doProcessGlobalTransaction()
 3 SYSTEMPATH/CodeIgniter.php(896): App\Controllers\Malipo->nmbrecon()
 4 SYSTEMPATH/CodeIgniter.php(466): CodeIgniter\CodeIgniter->runController()
 5 SYSTEMPATH/CodeIgniter.php(349): CodeIgniter\CodeIgniter->handleRequest()
 6 FCPATH/index.php(57): CodeIgniter\CodeIgniter->run()
CRITICAL - 2024-12-04 18:06:05 --> Undefined property: stdClass::$bill_num
in APPPATH/Helpers/global_helper.php on line 505.
 1 APPPATH/Helpers/global_helper.php(505): CodeIgniter\Debug\Exceptions->errorHandler()
 2 APPPATH/Controllers/Malipo.php(399): doProcessGlobalTransaction()
 3 SYSTEMPATH/CodeIgniter.php(896): App\Controllers\Malipo->nmbrecon()
 4 SYSTEMPATH/CodeIgniter.php(466): CodeIgniter\CodeIgniter->runController()
 5 SYSTEMPATH/CodeIgniter.php(349): CodeIgniter\CodeIgniter->handleRequest()
 6 FCPATH/index.php(57): CodeIgniter\CodeIgniter->run()
CRITICAL - 2024-12-04 18:08:05 --> Undefined property: stdClass::$bill_num
in APPPATH/Helpers/global_helper.php on line 505.
 1 APPPATH/Helpers/global_helper.php(505): CodeIgniter\Debug\Exceptions->errorHandler()
 2 APPPATH/Controllers/Malipo.php(399): doProcessGlobalTransaction()
 3 SYSTEMPATH/CodeIgniter.php(896): App\Controllers\Malipo->nmbrecon()
 4 SYSTEMPATH/CodeIgniter.php(466): CodeIgniter\CodeIgniter->runController()
 5 SYSTEMPATH/CodeIgniter.php(349): CodeIgniter\CodeIgniter->handleRequest()
 6 FCPATH/index.php(57): CodeIgniter\CodeIgniter->run()
CRITICAL - 2024-12-04 18:10:06 --> Undefined property: stdClass::$bill_num
in APPPATH/Helpers/global_helper.php on line 505.
 1 APPPATH/Helpers/global_helper.php(505): CodeIgniter\Debug\Exceptions->errorHandler()
 2 APPPATH/Controllers/Malipo.php(399): doProcessGlobalTransaction()
 3 SYSTEMPATH/CodeIgniter.php(896): App\Controllers\Malipo->nmbrecon()
 4 SYSTEMPATH/CodeIgniter.php(466): CodeIgniter\CodeIgniter->runController()
 5 SYSTEMPATH/CodeIgniter.php(349): CodeIgniter\CodeIgniter->handleRequest()
 6 FCPATH/index.php(57): CodeIgniter\CodeIgniter->run()
CRITICAL - 2024-12-04 18:12:05 --> Undefined property: stdClass::$bill_num
in APPPATH/Helpers/global_helper.php on line 505.
 1 APPPATH/Helpers/global_helper.php(505): CodeIgniter\Debug\Exceptions->errorHandler()
 2 APPPATH/Controllers/Malipo.php(399): doProcessGlobalTransaction()
 3 SYSTEMPATH/CodeIgniter.php(896): App\Controllers\Malipo->nmbrecon()
 4 SYSTEMPATH/CodeIgniter.php(466): CodeIgniter\CodeIgniter->runController()
 5 SYSTEMPATH/CodeIgniter.php(349): CodeIgniter\CodeIgniter->handleRequest()
 6 FCPATH/index.php(57): CodeIgniter\CodeIgniter->run()
CRITICAL - 2024-12-04 18:14:05 --> Undefined property: stdClass::$bill_num
in APPPATH/Helpers/global_helper.php on line 505.
 1 APPPATH/Helpers/global_helper.php(505): CodeIgniter\Debug\Exceptions->errorHandler()
 2 APPPATH/Controllers/Malipo.php(399): doProcessGlobalTransaction()
 3 SYSTEMPATH/CodeIgniter.php(896): App\Controllers\Malipo->nmbrecon()
 4 SYSTEMPATH/CodeIgniter.php(466): CodeIgniter\CodeIgniter->runController()
 5 SYSTEMPATH/CodeIgniter.php(349): CodeIgniter\CodeIgniter->handleRequest()
 6 FCPATH/index.php(57): CodeIgniter\CodeIgniter->run()
CRITICAL - 2024-12-04 18:16:05 --> Undefined property: stdClass::$bill_num
in APPPATH/Helpers/global_helper.php on line 505.
 1 APPPATH/Helpers/global_helper.php(505): CodeIgniter\Debug\Exceptions->errorHandler()
 2 APPPATH/Controllers/Malipo.php(399): doProcessGlobalTransaction()
 3 SYSTEMPATH/CodeIgniter.php(896): App\Controllers\Malipo->nmbrecon()
 4 SYSTEMPATH/CodeIgniter.php(466): CodeIgniter\CodeIgniter->runController()
 5 SYSTEMPATH/CodeIgniter.php(349): CodeIgniter\CodeIgniter->handleRequest()
 6 FCPATH/index.php(57): CodeIgniter\CodeIgniter->run()
CRITICAL - 2024-12-04 18:18:05 --> Undefined property: stdClass::$bill_num
in APPPATH/Helpers/global_helper.php on line 505.
 1 APPPATH/Helpers/global_helper.php(505): CodeIgniter\Debug\Exceptions->errorHandler()
 2 APPPATH/Controllers/Malipo.php(399): doProcessGlobalTransaction()
 3 SYSTEMPATH/CodeIgniter.php(896): App\Controllers\Malipo->nmbrecon()
 4 SYSTEMPATH/CodeIgniter.php(466): CodeIgniter\CodeIgniter->runController()
 5 SYSTEMPATH/CodeIgniter.php(349): CodeIgniter\CodeIgniter->handleRequest()
 6 FCPATH/index.php(57): CodeIgniter\CodeIgniter->run()
CRITICAL - 2024-12-04 18:20:05 --> Undefined property: stdClass::$bill_num
in APPPATH/Helpers/global_helper.php on line 505.
 1 APPPATH/Helpers/global_helper.php(505): CodeIgniter\Debug\Exceptions->errorHandler()
 2 APPPATH/Controllers/Malipo.php(399): doProcessGlobalTransaction()
 3 SYSTEMPATH/CodeIgniter.php(896): App\Controllers\Malipo->nmbrecon()
 4 SYSTEMPATH/CodeIgniter.php(466): CodeIgniter\CodeIgniter->runController()
 5 SYSTEMPATH/CodeIgniter.php(349): CodeIgniter\CodeIgniter->handleRequest()
 6 FCPATH/index.php(57): CodeIgniter\CodeIgniter->run()
CRITICAL - 2024-12-04 18:22:05 --> Undefined property: stdClass::$bill_num
in APPPATH/Helpers/global_helper.php on line 505.
 1 APPPATH/Helpers/global_helper.php(505): CodeIgniter\Debug\Exceptions->errorHandler()
 2 APPPATH/Controllers/Malipo.php(399): doProcessGlobalTransaction()
 3 SYSTEMPATH/CodeIgniter.php(896): App\Controllers\Malipo->nmbrecon()
 4 SYSTEMPATH/CodeIgniter.php(466): CodeIgniter\CodeIgniter->runController()
 5 SYSTEMPATH/CodeIgniter.php(349): CodeIgniter\CodeIgniter->handleRequest()
 6 FCPATH/index.php(57): CodeIgniter\CodeIgniter->run()
CRITICAL - 2024-12-04 18:24:05 --> Undefined property: stdClass::$bill_num
in APPPATH/Helpers/global_helper.php on line 505.
 1 APPPATH/Helpers/global_helper.php(505): CodeIgniter\Debug\Exceptions->errorHandler()
 2 APPPATH/Controllers/Malipo.php(399): doProcessGlobalTransaction()
 3 SYSTEMPATH/CodeIgniter.php(896): App\Controllers\Malipo->nmbrecon()
 4 SYSTEMPATH/CodeIgniter.php(466): CodeIgniter\CodeIgniter->runController()
 5 SYSTEMPATH/CodeIgniter.php(349): CodeIgniter\CodeIgniter->handleRequest()
 6 FCPATH/index.php(57): CodeIgniter\CodeIgniter->run()
CRITICAL - 2024-12-04 18:26:05 --> Undefined property: stdClass::$bill_num
in APPPATH/Helpers/global_helper.php on line 505.
 1 APPPATH/Helpers/global_helper.php(505): CodeIgniter\Debug\Exceptions->errorHandler()
 2 APPPATH/Controllers/Malipo.php(399): doProcessGlobalTransaction()
 3 SYSTEMPATH/CodeIgniter.php(896): App\Controllers\Malipo->nmbrecon()
 4 SYSTEMPATH/CodeIgniter.php(466): CodeIgniter\CodeIgniter->runController()
 5 SYSTEMPATH/CodeIgniter.php(349): CodeIgniter\CodeIgniter->handleRequest()
 6 FCPATH/index.php(57): CodeIgniter\CodeIgniter->run()
CRITICAL - 2024-12-04 18:28:05 --> Undefined property: stdClass::$bill_num
in APPPATH/Helpers/global_helper.php on line 505.
 1 APPPATH/Helpers/global_helper.php(505): CodeIgniter\Debug\Exceptions->errorHandler()
 2 APPPATH/Controllers/Malipo.php(399): doProcessGlobalTransaction()
 3 SYSTEMPATH/CodeIgniter.php(896): App\Controllers\Malipo->nmbrecon()
 4 SYSTEMPATH/CodeIgniter.php(466): CodeIgniter\CodeIgniter->runController()
 5 SYSTEMPATH/CodeIgniter.php(349): CodeIgniter\CodeIgniter->handleRequest()
 6 FCPATH/index.php(57): CodeIgniter\CodeIgniter->run()
CRITICAL - 2024-12-04 18:30:05 --> Undefined property: stdClass::$bill_num
in APPPATH/Helpers/global_helper.php on line 505.
 1 APPPATH/Helpers/global_helper.php(505): CodeIgniter\Debug\Exceptions->errorHandler()
 2 APPPATH/Controllers/Malipo.php(399): doProcessGlobalTransaction()
 3 SYSTEMPATH/CodeIgniter.php(896): App\Controllers\Malipo->nmbrecon()
 4 SYSTEMPATH/CodeIgniter.php(466): CodeIgniter\CodeIgniter->runController()
 5 SYSTEMPATH/CodeIgniter.php(349): CodeIgniter\CodeIgniter->handleRequest()
 6 FCPATH/index.php(57): CodeIgniter\CodeIgniter->run()
CRITICAL - 2024-12-04 18:32:05 --> Undefined property: stdClass::$bill_num
in APPPATH/Helpers/global_helper.php on line 505.
 1 APPPATH/Helpers/global_helper.php(505): CodeIgniter\Debug\Exceptions->errorHandler()
 2 APPPATH/Controllers/Malipo.php(399): doProcessGlobalTransaction()
 3 SYSTEMPATH/CodeIgniter.php(896): App\Controllers\Malipo->nmbrecon()
 4 SYSTEMPATH/CodeIgniter.php(466): CodeIgniter\CodeIgniter->runController()
 5 SYSTEMPATH/CodeIgniter.php(349): CodeIgniter\CodeIgniter->handleRequest()
 6 FCPATH/index.php(57): CodeIgniter\CodeIgniter->run()
CRITICAL - 2024-12-04 18:34:06 --> Undefined property: stdClass::$bill_num
in APPPATH/Helpers/global_helper.php on line 505.
 1 APPPATH/Helpers/global_helper.php(505): CodeIgniter\Debug\Exceptions->errorHandler()
 2 APPPATH/Controllers/Malipo.php(399): doProcessGlobalTransaction()
 3 SYSTEMPATH/CodeIgniter.php(896): App\Controllers\Malipo->nmbrecon()
 4 SYSTEMPATH/CodeIgniter.php(466): CodeIgniter\CodeIgniter->runController()
 5 SYSTEMPATH/CodeIgniter.php(349): CodeIgniter\CodeIgniter->handleRequest()
 6 FCPATH/index.php(57): CodeIgniter\CodeIgniter->run()
CRITICAL - 2024-12-04 18:36:05 --> Undefined property: stdClass::$bill_num
in APPPATH/Helpers/global_helper.php on line 505.
 1 APPPATH/Helpers/global_helper.php(505): CodeIgniter\Debug\Exceptions->errorHandler()
 2 APPPATH/Controllers/Malipo.php(399): doProcessGlobalTransaction()
 3 SYSTEMPATH/CodeIgniter.php(896): App\Controllers\Malipo->nmbrecon()
 4 SYSTEMPATH/CodeIgniter.php(466): CodeIgniter\CodeIgniter->runController()
 5 SYSTEMPATH/CodeIgniter.php(349): CodeIgniter\CodeIgniter->handleRequest()
 6 FCPATH/index.php(57): CodeIgniter\CodeIgniter->run()
CRITICAL - 2024-12-04 18:38:04 --> Undefined property: stdClass::$bill_num
in APPPATH/Helpers/global_helper.php on line 505.
 1 APPPATH/Helpers/global_helper.php(505): CodeIgniter\Debug\Exceptions->errorHandler()
 2 APPPATH/Controllers/Malipo.php(399): doProcessGlobalTransaction()
 3 SYSTEMPATH/CodeIgniter.php(896): App\Controllers\Malipo->nmbrecon()
 4 SYSTEMPATH/CodeIgniter.php(466): CodeIgniter\CodeIgniter->runController()
 5 SYSTEMPATH/CodeIgniter.php(349): CodeIgniter\CodeIgniter->handleRequest()
 6 FCPATH/index.php(57): CodeIgniter\CodeIgniter->run()
CRITICAL - 2024-12-04 18:40:05 --> Undefined property: stdClass::$bill_num
in APPPATH/Helpers/global_helper.php on line 505.
 1 APPPATH/Helpers/global_helper.php(505): CodeIgniter\Debug\Exceptions->errorHandler()
 2 APPPATH/Controllers/Malipo.php(399): doProcessGlobalTransaction()
 3 SYSTEMPATH/CodeIgniter.php(896): App\Controllers\Malipo->nmbrecon()
 4 SYSTEMPATH/CodeIgniter.php(466): CodeIgniter\CodeIgniter->runController()
 5 SYSTEMPATH/CodeIgniter.php(349): CodeIgniter\CodeIgniter->handleRequest()
 6 FCPATH/index.php(57): CodeIgniter\CodeIgniter->run()
CRITICAL - 2024-12-04 18:41:09 --> Undefined array key "data"
in APPPATH/Helpers/global_helper.php on line 154.
 1 APPPATH/Helpers/global_helper.php(154): CodeIgniter\Debug\Exceptions->errorHandler()
 2 APPPATH/Controllers/Malipo.php(294): dispResponseCRDBValidate()
 3 SYSTEMPATH/CodeIgniter.php(896): App\Controllers\Malipo->crdbverify()
 4 SYSTEMPATH/CodeIgniter.php(466): CodeIgniter\CodeIgniter->runController()
 5 SYSTEMPATH/CodeIgniter.php(349): CodeIgniter\CodeIgniter->handleRequest()
 6 FCPATH/index.php(57): CodeIgniter\CodeIgniter->run()
CRITICAL - 2024-12-04 18:42:05 --> Undefined property: stdClass::$bill_num
in APPPATH/Helpers/global_helper.php on line 505.
 1 APPPATH/Helpers/global_helper.php(505): CodeIgniter\Debug\Exceptions->errorHandler()
 2 APPPATH/Controllers/Malipo.php(399): doProcessGlobalTransaction()
 3 SYSTEMPATH/CodeIgniter.php(896): App\Controllers\Malipo->nmbrecon()
 4 SYSTEMPATH/CodeIgniter.php(466): CodeIgniter\CodeIgniter->runController()
 5 SYSTEMPATH/CodeIgniter.php(349): CodeIgniter\CodeIgniter->handleRequest()
 6 FCPATH/index.php(57): CodeIgniter\CodeIgniter->run()
CRITICAL - 2024-12-04 18:44:06 --> Undefined property: stdClass::$bill_num
in APPPATH/Helpers/global_helper.php on line 505.
 1 APPPATH/Helpers/global_helper.php(505): CodeIgniter\Debug\Exceptions->errorHandler()
 2 APPPATH/Controllers/Malipo.php(399): doProcessGlobalTransaction()
 3 SYSTEMPATH/CodeIgniter.php(896): App\Controllers\Malipo->nmbrecon()
 4 SYSTEMPATH/CodeIgniter.php(466): CodeIgniter\CodeIgniter->runController()
 5 SYSTEMPATH/CodeIgniter.php(349): CodeIgniter\CodeIgniter->handleRequest()
 6 FCPATH/index.php(57): CodeIgniter\CodeIgniter->run()
CRITICAL - 2024-12-04 18:46:06 --> Undefined property: stdClass::$bill_num
in APPPATH/Helpers/global_helper.php on line 505.
 1 APPPATH/Helpers/global_helper.php(505): CodeIgniter\Debug\Exceptions->errorHandler()
 2 APPPATH/Controllers/Malipo.php(399): doProcessGlobalTransaction()
 3 SYSTEMPATH/CodeIgniter.php(896): App\Controllers\Malipo->nmbrecon()
 4 SYSTEMPATH/CodeIgniter.php(466): CodeIgniter\CodeIgniter->runController()
 5 SYSTEMPATH/CodeIgniter.php(349): CodeIgniter\CodeIgniter->handleRequest()
 6 FCPATH/index.php(57): CodeIgniter\CodeIgniter->run()
CRITICAL - 2024-12-04 18:48:05 --> Undefined property: stdClass::$bill_num
in APPPATH/Helpers/global_helper.php on line 505.
 1 APPPATH/Helpers/global_helper.php(505): CodeIgniter\Debug\Exceptions->errorHandler()
 2 APPPATH/Controllers/Malipo.php(399): doProcessGlobalTransaction()
 3 SYSTEMPATH/CodeIgniter.php(896): App\Controllers\Malipo->nmbrecon()
 4 SYSTEMPATH/CodeIgniter.php(466): CodeIgniter\CodeIgniter->runController()
 5 SYSTEMPATH/CodeIgniter.php(349): CodeIgniter\CodeIgniter->handleRequest()
 6 FCPATH/index.php(57): CodeIgniter\CodeIgniter->run()
CRITICAL - 2024-12-04 18:50:05 --> Undefined property: stdClass::$bill_num
in APPPATH/Helpers/global_helper.php on line 505.
 1 APPPATH/Helpers/global_helper.php(505): CodeIgniter\Debug\Exceptions->errorHandler()
 2 APPPATH/Controllers/Malipo.php(399): doProcessGlobalTransaction()
 3 SYSTEMPATH/CodeIgniter.php(896): App\Controllers\Malipo->nmbrecon()
 4 SYSTEMPATH/CodeIgniter.php(466): CodeIgniter\CodeIgniter->runController()
 5 SYSTEMPATH/CodeIgniter.php(349): CodeIgniter\CodeIgniter->handleRequest()
 6 FCPATH/index.php(57): CodeIgniter\CodeIgniter->run()
CRITICAL - 2024-12-04 18:52:05 --> Undefined property: stdClass::$bill_num
in APPPATH/Helpers/global_helper.php on line 505.
 1 APPPATH/Helpers/global_helper.php(505): CodeIgniter\Debug\Exceptions->errorHandler()
 2 APPPATH/Controllers/Malipo.php(399): doProcessGlobalTransaction()
 3 SYSTEMPATH/CodeIgniter.php(896): App\Controllers\Malipo->nmbrecon()
 4 SYSTEMPATH/CodeIgniter.php(466): CodeIgniter\CodeIgniter->runController()
 5 SYSTEMPATH/CodeIgniter.php(349): CodeIgniter\CodeIgniter->handleRequest()
 6 FCPATH/index.php(57): CodeIgniter\CodeIgniter->run()
CRITICAL - 2024-12-04 18:54:05 --> Undefined property: stdClass::$bill_num
in APPPATH/Helpers/global_helper.php on line 505.
 1 APPPATH/Helpers/global_helper.php(505): CodeIgniter\Debug\Exceptions->errorHandler()
 2 APPPATH/Controllers/Malipo.php(399): doProcessGlobalTransaction()
 3 SYSTEMPATH/CodeIgniter.php(896): App\Controllers\Malipo->nmbrecon()
 4 SYSTEMPATH/CodeIgniter.php(466): CodeIgniter\CodeIgniter->runController()
 5 SYSTEMPATH/CodeIgniter.php(349): CodeIgniter\CodeIgniter->handleRequest()
 6 FCPATH/index.php(57): CodeIgniter\CodeIgniter->run()
CRITICAL - 2024-12-04 18:56:05 --> Undefined property: stdClass::$bill_num
in APPPATH/Helpers/global_helper.php on line 505.
 1 APPPATH/Helpers/global_helper.php(505): CodeIgniter\Debug\Exceptions->errorHandler()
 2 APPPATH/Controllers/Malipo.php(399): doProcessGlobalTransaction()
 3 SYSTEMPATH/CodeIgniter.php(896): App\Controllers\Malipo->nmbrecon()
 4 SYSTEMPATH/CodeIgniter.php(466): CodeIgniter\CodeIgniter->runController()
 5 SYSTEMPATH/CodeIgniter.php(349): CodeIgniter\CodeIgniter->handleRequest()
 6 FCPATH/index.php(57): CodeIgniter\CodeIgniter->run()
CRITICAL - 2024-12-04 18:58:05 --> Undefined property: stdClass::$bill_num
in APPPATH/Helpers/global_helper.php on line 505.
 1 APPPATH/Helpers/global_helper.php(505): CodeIgniter\Debug\Exceptions->errorHandler()
 2 APPPATH/Controllers/Malipo.php(399): doProcessGlobalTransaction()
 3 SYSTEMPATH/CodeIgniter.php(896): App\Controllers\Malipo->nmbrecon()
 4 SYSTEMPATH/CodeIgniter.php(466): CodeIgniter\CodeIgniter->runController()
 5 SYSTEMPATH/CodeIgniter.php(349): CodeIgniter\CodeIgniter->handleRequest()
 6 FCPATH/index.php(57): CodeIgniter\CodeIgniter->run()
CRITICAL - 2024-12-04 19:00:04 --> Undefined property: stdClass::$bill_num
in APPPATH/Helpers/global_helper.php on line 505.
 1 APPPATH/Helpers/global_helper.php(505): CodeIgniter\Debug\Exceptions->errorHandler()
 2 APPPATH/Controllers/Malipo.php(399): doProcessGlobalTransaction()
 3 SYSTEMPATH/CodeIgniter.php(896): App\Controllers\Malipo->nmbrecon()
 4 SYSTEMPATH/CodeIgniter.php(466): CodeIgniter\CodeIgniter->runController()
 5 SYSTEMPATH/CodeIgniter.php(349): CodeIgniter\CodeIgniter->handleRequest()
 6 FCPATH/index.php(57): CodeIgniter\CodeIgniter->run()
CRITICAL - 2024-12-04 19:02:05 --> Undefined property: stdClass::$bill_num
in APPPATH/Helpers/global_helper.php on line 505.
 1 APPPATH/Helpers/global_helper.php(505): CodeIgniter\Debug\Exceptions->errorHandler()
 2 APPPATH/Controllers/Malipo.php(399): doProcessGlobalTransaction()
 3 SYSTEMPATH/CodeIgniter.php(896): App\Controllers\Malipo->nmbrecon()
 4 SYSTEMPATH/CodeIgniter.php(466): CodeIgniter\CodeIgniter->runController()
 5 SYSTEMPATH/CodeIgniter.php(349): CodeIgniter\CodeIgniter->handleRequest()
 6 FCPATH/index.php(57): CodeIgniter\CodeIgniter->run()
CRITICAL - 2024-12-04 19:04:05 --> Undefined property: stdClass::$bill_num
in APPPATH/Helpers/global_helper.php on line 505.
 1 APPPATH/Helpers/global_helper.php(505): CodeIgniter\Debug\Exceptions->errorHandler()
 2 APPPATH/Controllers/Malipo.php(399): doProcessGlobalTransaction()
 3 SYSTEMPATH/CodeIgniter.php(896): App\Controllers\Malipo->nmbrecon()
 4 SYSTEMPATH/CodeIgniter.php(466): CodeIgniter\CodeIgniter->runController()
 5 SYSTEMPATH/CodeIgniter.php(349): CodeIgniter\CodeIgniter->handleRequest()
 6 FCPATH/index.php(57): CodeIgniter\CodeIgniter->run()
CRITICAL - 2024-12-04 19:06:05 --> Undefined property: stdClass::$bill_num
in APPPATH/Helpers/global_helper.php on line 505.
 1 APPPATH/Helpers/global_helper.php(505): CodeIgniter\Debug\Exceptions->errorHandler()
 2 APPPATH/Controllers/Malipo.php(399): doProcessGlobalTransaction()
 3 SYSTEMPATH/CodeIgniter.php(896): App\Controllers\Malipo->nmbrecon()
 4 SYSTEMPATH/CodeIgniter.php(466): CodeIgniter\CodeIgniter->runController()
 5 SYSTEMPATH/CodeIgniter.php(349): CodeIgniter\CodeIgniter->handleRequest()
 6 FCPATH/index.php(57): CodeIgniter\CodeIgniter->run()
CRITICAL - 2024-12-04 19:08:05 --> Undefined property: stdClass::$bill_num
in APPPATH/Helpers/global_helper.php on line 505.
 1 APPPATH/Helpers/global_helper.php(505): CodeIgniter\Debug\Exceptions->errorHandler()
 2 APPPATH/Controllers/Malipo.php(399): doProcessGlobalTransaction()
 3 SYSTEMPATH/CodeIgniter.php(896): App\Controllers\Malipo->nmbrecon()
 4 SYSTEMPATH/CodeIgniter.php(466): CodeIgniter\CodeIgniter->runController()
 5 SYSTEMPATH/CodeIgniter.php(349): CodeIgniter\CodeIgniter->handleRequest()
 6 FCPATH/index.php(57): CodeIgniter\CodeIgniter->run()
CRITICAL - 2024-12-04 19:10:05 --> Undefined property: stdClass::$bill_num
in APPPATH/Helpers/global_helper.php on line 505.
 1 APPPATH/Helpers/global_helper.php(505): CodeIgniter\Debug\Exceptions->errorHandler()
 2 APPPATH/Controllers/Malipo.php(399): doProcessGlobalTransaction()
 3 SYSTEMPATH/CodeIgniter.php(896): App\Controllers\Malipo->nmbrecon()
 4 SYSTEMPATH/CodeIgniter.php(466): CodeIgniter\CodeIgniter->runController()
 5 SYSTEMPATH/CodeIgniter.php(349): CodeIgniter\CodeIgniter->handleRequest()
 6 FCPATH/index.php(57): CodeIgniter\CodeIgniter->run()
CRITICAL - 2024-12-04 19:12:04 --> Undefined property: stdClass::$bill_num
in APPPATH/Helpers/global_helper.php on line 505.
 1 APPPATH/Helpers/global_helper.php(505): CodeIgniter\Debug\Exceptions->errorHandler()
 2 APPPATH/Controllers/Malipo.php(399): doProcessGlobalTransaction()
 3 SYSTEMPATH/CodeIgniter.php(896): App\Controllers\Malipo->nmbrecon()
 4 SYSTEMPATH/CodeIgniter.php(466): CodeIgniter\CodeIgniter->runController()
 5 SYSTEMPATH/CodeIgniter.php(349): CodeIgniter\CodeIgniter->handleRequest()
 6 FCPATH/index.php(57): CodeIgniter\CodeIgniter->run()
CRITICAL - 2024-12-04 19:14:05 --> Undefined property: stdClass::$bill_num
in APPPATH/Helpers/global_helper.php on line 505.
 1 APPPATH/Helpers/global_helper.php(505): CodeIgniter\Debug\Exceptions->errorHandler()
 2 APPPATH/Controllers/Malipo.php(399): doProcessGlobalTransaction()
 3 SYSTEMPATH/CodeIgniter.php(896): App\Controllers\Malipo->nmbrecon()
 4 SYSTEMPATH/CodeIgniter.php(466): CodeIgniter\CodeIgniter->runController()
 5 SYSTEMPATH/CodeIgniter.php(349): CodeIgniter\CodeIgniter->handleRequest()
 6 FCPATH/index.php(57): CodeIgniter\CodeIgniter->run()
CRITICAL - 2024-12-04 19:16:05 --> Undefined property: stdClass::$bill_num
in APPPATH/Helpers/global_helper.php on line 505.
 1 APPPATH/Helpers/global_helper.php(505): CodeIgniter\Debug\Exceptions->errorHandler()
 2 APPPATH/Controllers/Malipo.php(399): doProcessGlobalTransaction()
 3 SYSTEMPATH/CodeIgniter.php(896): App\Controllers\Malipo->nmbrecon()
 4 SYSTEMPATH/CodeIgniter.php(466): CodeIgniter\CodeIgniter->runController()
 5 SYSTEMPATH/CodeIgniter.php(349): CodeIgniter\CodeIgniter->handleRequest()
 6 FCPATH/index.php(57): CodeIgniter\CodeIgniter->run()
CRITICAL - 2024-12-04 19:18:05 --> Undefined property: stdClass::$bill_num
in APPPATH/Helpers/global_helper.php on line 505.
 1 APPPATH/Helpers/global_helper.php(505): CodeIgniter\Debug\Exceptions->errorHandler()
 2 APPPATH/Controllers/Malipo.php(399): doProcessGlobalTransaction()
 3 SYSTEMPATH/CodeIgniter.php(896): App\Controllers\Malipo->nmbrecon()
 4 SYSTEMPATH/CodeIgniter.php(466): CodeIgniter\CodeIgniter->runController()
 5 SYSTEMPATH/CodeIgniter.php(349): CodeIgniter\CodeIgniter->handleRequest()
 6 FCPATH/index.php(57): CodeIgniter\CodeIgniter->run()
CRITICAL - 2024-12-04 19:20:05 --> Undefined property: stdClass::$bill_num
in APPPATH/Helpers/global_helper.php on line 505.
 1 APPPATH/Helpers/global_helper.php(505): CodeIgniter\Debug\Exceptions->errorHandler()
 2 APPPATH/Controllers/Malipo.php(399): doProcessGlobalTransaction()
 3 SYSTEMPATH/CodeIgniter.php(896): App\Controllers\Malipo->nmbrecon()
 4 SYSTEMPATH/CodeIgniter.php(466): CodeIgniter\CodeIgniter->runController()
 5 SYSTEMPATH/CodeIgniter.php(349): CodeIgniter\CodeIgniter->handleRequest()
 6 FCPATH/index.php(57): CodeIgniter\CodeIgniter->run()
CRITICAL - 2024-12-04 19:22:06 --> Undefined property: stdClass::$bill_num
in APPPATH/Helpers/global_helper.php on line 505.
 1 APPPATH/Helpers/global_helper.php(505): CodeIgniter\Debug\Exceptions->errorHandler()
 2 APPPATH/Controllers/Malipo.php(399): doProcessGlobalTransaction()
 3 SYSTEMPATH/CodeIgniter.php(896): App\Controllers\Malipo->nmbrecon()
 4 SYSTEMPATH/CodeIgniter.php(466): CodeIgniter\CodeIgniter->runController()
 5 SYSTEMPATH/CodeIgniter.php(349): CodeIgniter\CodeIgniter->handleRequest()
 6 FCPATH/index.php(57): CodeIgniter\CodeIgniter->run()
CRITICAL - 2024-12-04 19:24:04 --> Undefined property: stdClass::$bill_num
in APPPATH/Helpers/global_helper.php on line 505.
 1 APPPATH/Helpers/global_helper.php(505): CodeIgniter\Debug\Exceptions->errorHandler()
 2 APPPATH/Controllers/Malipo.php(399): doProcessGlobalTransaction()
 3 SYSTEMPATH/CodeIgniter.php(896): App\Controllers\Malipo->nmbrecon()
 4 SYSTEMPATH/CodeIgniter.php(466): CodeIgniter\CodeIgniter->runController()
 5 SYSTEMPATH/CodeIgniter.php(349): CodeIgniter\CodeIgniter->handleRequest()
 6 FCPATH/index.php(57): CodeIgniter\CodeIgniter->run()
CRITICAL - 2024-12-04 19:26:05 --> Undefined property: stdClass::$bill_num
in APPPATH/Helpers/global_helper.php on line 505.
 1 APPPATH/Helpers/global_helper.php(505): CodeIgniter\Debug\Exceptions->errorHandler()
 2 APPPATH/Controllers/Malipo.php(399): doProcessGlobalTransaction()
 3 SYSTEMPATH/CodeIgniter.php(896): App\Controllers\Malipo->nmbrecon()
 4 SYSTEMPATH/CodeIgniter.php(466): CodeIgniter\CodeIgniter->runController()
 5 SYSTEMPATH/CodeIgniter.php(349): CodeIgniter\CodeIgniter->handleRequest()
 6 FCPATH/index.php(57): CodeIgniter\CodeIgniter->run()
CRITICAL - 2024-12-04 19:28:05 --> Undefined property: stdClass::$bill_num
in APPPATH/Helpers/global_helper.php on line 505.
 1 APPPATH/Helpers/global_helper.php(505): CodeIgniter\Debug\Exceptions->errorHandler()
 2 APPPATH/Controllers/Malipo.php(399): doProcessGlobalTransaction()
 3 SYSTEMPATH/CodeIgniter.php(896): App\Controllers\Malipo->nmbrecon()
 4 SYSTEMPATH/CodeIgniter.php(466): CodeIgniter\CodeIgniter->runController()
 5 SYSTEMPATH/CodeIgniter.php(349): CodeIgniter\CodeIgniter->handleRequest()
 6 FCPATH/index.php(57): CodeIgniter\CodeIgniter->run()
CRITICAL - 2024-12-04 19:30:05 --> Undefined property: stdClass::$bill_num
in APPPATH/Helpers/global_helper.php on line 505.
 1 APPPATH/Helpers/global_helper.php(505): CodeIgniter\Debug\Exceptions->errorHandler()
 2 APPPATH/Controllers/Malipo.php(399): doProcessGlobalTransaction()
 3 SYSTEMPATH/CodeIgniter.php(896): App\Controllers\Malipo->nmbrecon()
 4 SYSTEMPATH/CodeIgniter.php(466): CodeIgniter\CodeIgniter->runController()
 5 SYSTEMPATH/CodeIgniter.php(349): CodeIgniter\CodeIgniter->handleRequest()
 6 FCPATH/index.php(57): CodeIgniter\CodeIgniter->run()
CRITICAL - 2024-12-04 19:32:05 --> Undefined property: stdClass::$bill_num
in APPPATH/Helpers/global_helper.php on line 505.
 1 APPPATH/Helpers/global_helper.php(505): CodeIgniter\Debug\Exceptions->errorHandler()
 2 APPPATH/Controllers/Malipo.php(399): doProcessGlobalTransaction()
 3 SYSTEMPATH/CodeIgniter.php(896): App\Controllers\Malipo->nmbrecon()
 4 SYSTEMPATH/CodeIgniter.php(466): CodeIgniter\CodeIgniter->runController()
 5 SYSTEMPATH/CodeIgniter.php(349): CodeIgniter\CodeIgniter->handleRequest()
 6 FCPATH/index.php(57): CodeIgniter\CodeIgniter->run()
CRITICAL - 2024-12-04 19:34:06 --> Undefined property: stdClass::$bill_num
in APPPATH/Helpers/global_helper.php on line 505.
 1 APPPATH/Helpers/global_helper.php(505): CodeIgniter\Debug\Exceptions->errorHandler()
 2 APPPATH/Controllers/Malipo.php(399): doProcessGlobalTransaction()
 3 SYSTEMPATH/CodeIgniter.php(896): App\Controllers\Malipo->nmbrecon()
 4 SYSTEMPATH/CodeIgniter.php(466): CodeIgniter\CodeIgniter->runController()
 5 SYSTEMPATH/CodeIgniter.php(349): CodeIgniter\CodeIgniter->handleRequest()
 6 FCPATH/index.php(57): CodeIgniter\CodeIgniter->run()
CRITICAL - 2024-12-04 19:36:04 --> Undefined property: stdClass::$bill_num
in APPPATH/Helpers/global_helper.php on line 505.
 1 APPPATH/Helpers/global_helper.php(505): CodeIgniter\Debug\Exceptions->errorHandler()
 2 APPPATH/Controllers/Malipo.php(399): doProcessGlobalTransaction()
 3 SYSTEMPATH/CodeIgniter.php(896): App\Controllers\Malipo->nmbrecon()
 4 SYSTEMPATH/CodeIgniter.php(466): CodeIgniter\CodeIgniter->runController()
 5 SYSTEMPATH/CodeIgniter.php(349): CodeIgniter\CodeIgniter->handleRequest()
 6 FCPATH/index.php(57): CodeIgniter\CodeIgniter->run()
CRITICAL - 2024-12-04 19:38:05 --> Undefined property: stdClass::$bill_num
in APPPATH/Helpers/global_helper.php on line 505.
 1 APPPATH/Helpers/global_helper.php(505): CodeIgniter\Debug\Exceptions->errorHandler()
 2 APPPATH/Controllers/Malipo.php(399): doProcessGlobalTransaction()
 3 SYSTEMPATH/CodeIgniter.php(896): App\Controllers\Malipo->nmbrecon()
 4 SYSTEMPATH/CodeIgniter.php(466): CodeIgniter\CodeIgniter->runController()
 5 SYSTEMPATH/CodeIgniter.php(349): CodeIgniter\CodeIgniter->handleRequest()
 6 FCPATH/index.php(57): CodeIgniter\CodeIgniter->run()
CRITICAL - 2024-12-04 19:40:05 --> Undefined property: stdClass::$bill_num
in APPPATH/Helpers/global_helper.php on line 505.
 1 APPPATH/Helpers/global_helper.php(505): CodeIgniter\Debug\Exceptions->errorHandler()
 2 APPPATH/Controllers/Malipo.php(399): doProcessGlobalTransaction()
 3 SYSTEMPATH/CodeIgniter.php(896): App\Controllers\Malipo->nmbrecon()
 4 SYSTEMPATH/CodeIgniter.php(466): CodeIgniter\CodeIgniter->runController()
 5 SYSTEMPATH/CodeIgniter.php(349): CodeIgniter\CodeIgniter->handleRequest()
 6 FCPATH/index.php(57): CodeIgniter\CodeIgniter->run()
CRITICAL - 2024-12-04 19:42:05 --> Undefined property: stdClass::$bill_num
in APPPATH/Helpers/global_helper.php on line 505.
 1 APPPATH/Helpers/global_helper.php(505): CodeIgniter\Debug\Exceptions->errorHandler()
 2 APPPATH/Controllers/Malipo.php(399): doProcessGlobalTransaction()
 3 SYSTEMPATH/CodeIgniter.php(896): App\Controllers\Malipo->nmbrecon()
 4 SYSTEMPATH/CodeIgniter.php(466): CodeIgniter\CodeIgniter->runController()
 5 SYSTEMPATH/CodeIgniter.php(349): CodeIgniter\CodeIgniter->handleRequest()
 6 FCPATH/index.php(57): CodeIgniter\CodeIgniter->run()
CRITICAL - 2024-12-04 19:44:05 --> Undefined property: stdClass::$bill_num
in APPPATH/Helpers/global_helper.php on line 505.
 1 APPPATH/Helpers/global_helper.php(505): CodeIgniter\Debug\Exceptions->errorHandler()
 2 APPPATH/Controllers/Malipo.php(399): doProcessGlobalTransaction()
 3 SYSTEMPATH/CodeIgniter.php(896): App\Controllers\Malipo->nmbrecon()
 4 SYSTEMPATH/CodeIgniter.php(466): CodeIgniter\CodeIgniter->runController()
 5 SYSTEMPATH/CodeIgniter.php(349): CodeIgniter\CodeIgniter->handleRequest()
 6 FCPATH/index.php(57): CodeIgniter\CodeIgniter->run()
CRITICAL - 2024-12-04 19:46:05 --> Undefined property: stdClass::$bill_num
in APPPATH/Helpers/global_helper.php on line 505.
 1 APPPATH/Helpers/global_helper.php(505): CodeIgniter\Debug\Exceptions->errorHandler()
 2 APPPATH/Controllers/Malipo.php(399): doProcessGlobalTransaction()
 3 SYSTEMPATH/CodeIgniter.php(896): App\Controllers\Malipo->nmbrecon()
 4 SYSTEMPATH/CodeIgniter.php(466): CodeIgniter\CodeIgniter->runController()
 5 SYSTEMPATH/CodeIgniter.php(349): CodeIgniter\CodeIgniter->handleRequest()
 6 FCPATH/index.php(57): CodeIgniter\CodeIgniter->run()
CRITICAL - 2024-12-04 19:48:04 --> Undefined property: stdClass::$bill_num
in APPPATH/Helpers/global_helper.php on line 505.
 1 APPPATH/Helpers/global_helper.php(505): CodeIgniter\Debug\Exceptions->errorHandler()
 2 APPPATH/Controllers/Malipo.php(399): doProcessGlobalTransaction()
 3 SYSTEMPATH/CodeIgniter.php(896): App\Controllers\Malipo->nmbrecon()
 4 SYSTEMPATH/CodeIgniter.php(466): CodeIgniter\CodeIgniter->runController()
 5 SYSTEMPATH/CodeIgniter.php(349): CodeIgniter\CodeIgniter->handleRequest()
 6 FCPATH/index.php(57): CodeIgniter\CodeIgniter->run()
CRITICAL - 2024-12-04 19:50:04 --> Undefined property: stdClass::$bill_num
in APPPATH/Helpers/global_helper.php on line 505.
 1 APPPATH/Helpers/global_helper.php(505): CodeIgniter\Debug\Exceptions->errorHandler()
 2 APPPATH/Controllers/Malipo.php(399): doProcessGlobalTransaction()
 3 SYSTEMPATH/CodeIgniter.php(896): App\Controllers\Malipo->nmbrecon()
 4 SYSTEMPATH/CodeIgniter.php(466): CodeIgniter\CodeIgniter->runController()
 5 SYSTEMPATH/CodeIgniter.php(349): CodeIgniter\CodeIgniter->handleRequest()
 6 FCPATH/index.php(57): CodeIgniter\CodeIgniter->run()
CRITICAL - 2024-12-04 19:52:04 --> Undefined property: stdClass::$bill_num
in APPPATH/Helpers/global_helper.php on line 505.
 1 APPPATH/Helpers/global_helper.php(505): CodeIgniter\Debug\Exceptions->errorHandler()
 2 APPPATH/Controllers/Malipo.php(399): doProcessGlobalTransaction()
 3 SYSTEMPATH/CodeIgniter.php(896): App\Controllers\Malipo->nmbrecon()
 4 SYSTEMPATH/CodeIgniter.php(466): CodeIgniter\CodeIgniter->runController()
 5 SYSTEMPATH/CodeIgniter.php(349): CodeIgniter\CodeIgniter->handleRequest()
 6 FCPATH/index.php(57): CodeIgniter\CodeIgniter->run()
CRITICAL - 2024-12-04 19:54:05 --> Undefined property: stdClass::$bill_num
in APPPATH/Helpers/global_helper.php on line 505.
 1 APPPATH/Helpers/global_helper.php(505): CodeIgniter\Debug\Exceptions->errorHandler()
 2 APPPATH/Controllers/Malipo.php(399): doProcessGlobalTransaction()
 3 SYSTEMPATH/CodeIgniter.php(896): App\Controllers\Malipo->nmbrecon()
 4 SYSTEMPATH/CodeIgniter.php(466): CodeIgniter\CodeIgniter->runController()
 5 SYSTEMPATH/CodeIgniter.php(349): CodeIgniter\CodeIgniter->handleRequest()
 6 FCPATH/index.php(57): CodeIgniter\CodeIgniter->run()
CRITICAL - 2024-12-04 19:56:05 --> Undefined property: stdClass::$bill_num
in APPPATH/Helpers/global_helper.php on line 505.
 1 APPPATH/Helpers/global_helper.php(505): CodeIgniter\Debug\Exceptions->errorHandler()
 2 APPPATH/Controllers/Malipo.php(399): doProcessGlobalTransaction()
 3 SYSTEMPATH/CodeIgniter.php(896): App\Controllers\Malipo->nmbrecon()
 4 SYSTEMPATH/CodeIgniter.php(466): CodeIgniter\CodeIgniter->runController()
 5 SYSTEMPATH/CodeIgniter.php(349): CodeIgniter\CodeIgniter->handleRequest()
 6 FCPATH/index.php(57): CodeIgniter\CodeIgniter->run()
CRITICAL - 2024-12-04 19:58:05 --> Undefined property: stdClass::$bill_num
in APPPATH/Helpers/global_helper.php on line 505.
 1 APPPATH/Helpers/global_helper.php(505): CodeIgniter\Debug\Exceptions->errorHandler()
 2 APPPATH/Controllers/Malipo.php(399): doProcessGlobalTransaction()
 3 SYSTEMPATH/CodeIgniter.php(896): App\Controllers\Malipo->nmbrecon()
 4 SYSTEMPATH/CodeIgniter.php(466): CodeIgniter\CodeIgniter->runController()
 5 SYSTEMPATH/CodeIgniter.php(349): CodeIgniter\CodeIgniter->handleRequest()
 6 FCPATH/index.php(57): CodeIgniter\CodeIgniter->run()
CRITICAL - 2024-12-04 20:00:04 --> Undefined property: stdClass::$bill_num
in APPPATH/Helpers/global_helper.php on line 505.
 1 APPPATH/Helpers/global_helper.php(505): CodeIgniter\Debug\Exceptions->errorHandler()
 2 APPPATH/Controllers/Malipo.php(399): doProcessGlobalTransaction()
 3 SYSTEMPATH/CodeIgniter.php(896): App\Controllers\Malipo->nmbrecon()
 4 SYSTEMPATH/CodeIgniter.php(466): CodeIgniter\CodeIgniter->runController()
 5 SYSTEMPATH/CodeIgniter.php(349): CodeIgniter\CodeIgniter->handleRequest()
 6 FCPATH/index.php(57): CodeIgniter\CodeIgniter->run()
CRITICAL - 2024-12-04 20:02:04 --> Undefined property: stdClass::$bill_num
in APPPATH/Helpers/global_helper.php on line 505.
 1 APPPATH/Helpers/global_helper.php(505): CodeIgniter\Debug\Exceptions->errorHandler()
 2 APPPATH/Controllers/Malipo.php(399): doProcessGlobalTransaction()
 3 SYSTEMPATH/CodeIgniter.php(896): App\Controllers\Malipo->nmbrecon()
 4 SYSTEMPATH/CodeIgniter.php(466): CodeIgniter\CodeIgniter->runController()
 5 SYSTEMPATH/CodeIgniter.php(349): CodeIgniter\CodeIgniter->handleRequest()
 6 FCPATH/index.php(57): CodeIgniter\CodeIgniter->run()
CRITICAL - 2024-12-04 20:04:05 --> Undefined property: stdClass::$bill_num
in APPPATH/Helpers/global_helper.php on line 505.
 1 APPPATH/Helpers/global_helper.php(505): CodeIgniter\Debug\Exceptions->errorHandler()
 2 APPPATH/Controllers/Malipo.php(399): doProcessGlobalTransaction()
 3 SYSTEMPATH/CodeIgniter.php(896): App\Controllers\Malipo->nmbrecon()
 4 SYSTEMPATH/CodeIgniter.php(466): CodeIgniter\CodeIgniter->runController()
 5 SYSTEMPATH/CodeIgniter.php(349): CodeIgniter\CodeIgniter->handleRequest()
 6 FCPATH/index.php(57): CodeIgniter\CodeIgniter->run()
CRITICAL - 2024-12-04 20:06:05 --> Undefined property: stdClass::$bill_num
in APPPATH/Helpers/global_helper.php on line 505.
 1 APPPATH/Helpers/global_helper.php(505): CodeIgniter\Debug\Exceptions->errorHandler()
 2 APPPATH/Controllers/Malipo.php(399): doProcessGlobalTransaction()
 3 SYSTEMPATH/CodeIgniter.php(896): App\Controllers\Malipo->nmbrecon()
 4 SYSTEMPATH/CodeIgniter.php(466): CodeIgniter\CodeIgniter->runController()
 5 SYSTEMPATH/CodeIgniter.php(349): CodeIgniter\CodeIgniter->handleRequest()
 6 FCPATH/index.php(57): CodeIgniter\CodeIgniter->run()
CRITICAL - 2024-12-04 20:08:04 --> Undefined property: stdClass::$bill_num
in APPPATH/Helpers/global_helper.php on line 505.
 1 APPPATH/Helpers/global_helper.php(505): CodeIgniter\Debug\Exceptions->errorHandler()
 2 APPPATH/Controllers/Malipo.php(399): doProcessGlobalTransaction()
 3 SYSTEMPATH/CodeIgniter.php(896): App\Controllers\Malipo->nmbrecon()
 4 SYSTEMPATH/CodeIgniter.php(466): CodeIgniter\CodeIgniter->runController()
 5 SYSTEMPATH/CodeIgniter.php(349): CodeIgniter\CodeIgniter->handleRequest()
 6 FCPATH/index.php(57): CodeIgniter\CodeIgniter->run()
CRITICAL - 2024-12-04 20:10:05 --> Undefined property: stdClass::$bill_num
in APPPATH/Helpers/global_helper.php on line 505.
 1 APPPATH/Helpers/global_helper.php(505): CodeIgniter\Debug\Exceptions->errorHandler()
 2 APPPATH/Controllers/Malipo.php(399): doProcessGlobalTransaction()
 3 SYSTEMPATH/CodeIgniter.php(896): App\Controllers\Malipo->nmbrecon()
 4 SYSTEMPATH/CodeIgniter.php(466): CodeIgniter\CodeIgniter->runController()
 5 SYSTEMPATH/CodeIgniter.php(349): CodeIgniter\CodeIgniter->handleRequest()
 6 FCPATH/index.php(57): CodeIgniter\CodeIgniter->run()
CRITICAL - 2024-12-04 20:12:04 --> Undefined property: stdClass::$bill_num
in APPPATH/Helpers/global_helper.php on line 505.
 1 APPPATH/Helpers/global_helper.php(505): CodeIgniter\Debug\Exceptions->errorHandler()
 2 APPPATH/Controllers/Malipo.php(399): doProcessGlobalTransaction()
 3 SYSTEMPATH/CodeIgniter.php(896): App\Controllers\Malipo->nmbrecon()
 4 SYSTEMPATH/CodeIgniter.php(466): CodeIgniter\CodeIgniter->runController()
 5 SYSTEMPATH/CodeIgniter.php(349): CodeIgniter\CodeIgniter->handleRequest()
 6 FCPATH/index.php(57): CodeIgniter\CodeIgniter->run()
CRITICAL - 2024-12-04 20:14:04 --> Undefined property: stdClass::$bill_num
in APPPATH/Helpers/global_helper.php on line 505.
 1 APPPATH/Helpers/global_helper.php(505): CodeIgniter\Debug\Exceptions->errorHandler()
 2 APPPATH/Controllers/Malipo.php(399): doProcessGlobalTransaction()
 3 SYSTEMPATH/CodeIgniter.php(896): App\Controllers\Malipo->nmbrecon()
 4 SYSTEMPATH/CodeIgniter.php(466): CodeIgniter\CodeIgniter->runController()
 5 SYSTEMPATH/CodeIgniter.php(349): CodeIgniter\CodeIgniter->handleRequest()
 6 FCPATH/index.php(57): CodeIgniter\CodeIgniter->run()
CRITICAL - 2024-12-04 20:16:04 --> Undefined property: stdClass::$bill_num
in APPPATH/Helpers/global_helper.php on line 505.
 1 APPPATH/Helpers/global_helper.php(505): CodeIgniter\Debug\Exceptions->errorHandler()
 2 APPPATH/Controllers/Malipo.php(399): doProcessGlobalTransaction()
 3 SYSTEMPATH/CodeIgniter.php(896): App\Controllers\Malipo->nmbrecon()
 4 SYSTEMPATH/CodeIgniter.php(466): CodeIgniter\CodeIgniter->runController()
 5 SYSTEMPATH/CodeIgniter.php(349): CodeIgniter\CodeIgniter->handleRequest()
 6 FCPATH/index.php(57): CodeIgniter\CodeIgniter->run()
CRITICAL - 2024-12-04 20:18:05 --> Undefined property: stdClass::$bill_num
in APPPATH/Helpers/global_helper.php on line 505.
 1 APPPATH/Helpers/global_helper.php(505): CodeIgniter\Debug\Exceptions->errorHandler()
 2 APPPATH/Controllers/Malipo.php(399): doProcessGlobalTransaction()
 3 SYSTEMPATH/CodeIgniter.php(896): App\Controllers\Malipo->nmbrecon()
 4 SYSTEMPATH/CodeIgniter.php(466): CodeIgniter\CodeIgniter->runController()
 5 SYSTEMPATH/CodeIgniter.php(349): CodeIgniter\CodeIgniter->handleRequest()
 6 FCPATH/index.php(57): CodeIgniter\CodeIgniter->run()
CRITICAL - 2024-12-04 20:20:05 --> Undefined property: stdClass::$bill_num
in APPPATH/Helpers/global_helper.php on line 505.
 1 APPPATH/Helpers/global_helper.php(505): CodeIgniter\Debug\Exceptions->errorHandler()
 2 APPPATH/Controllers/Malipo.php(399): doProcessGlobalTransaction()
 3 SYSTEMPATH/CodeIgniter.php(896): App\Controllers\Malipo->nmbrecon()
 4 SYSTEMPATH/CodeIgniter.php(466): CodeIgniter\CodeIgniter->runController()
 5 SYSTEMPATH/CodeIgniter.php(349): CodeIgniter\CodeIgniter->handleRequest()
 6 FCPATH/index.php(57): CodeIgniter\CodeIgniter->run()
CRITICAL - 2024-12-04 20:22:05 --> Undefined property: stdClass::$bill_num
in APPPATH/Helpers/global_helper.php on line 505.
 1 APPPATH/Helpers/global_helper.php(505): CodeIgniter\Debug\Exceptions->errorHandler()
 2 APPPATH/Controllers/Malipo.php(399): doProcessGlobalTransaction()
 3 SYSTEMPATH/CodeIgniter.php(896): App\Controllers\Malipo->nmbrecon()
 4 SYSTEMPATH/CodeIgniter.php(466): CodeIgniter\CodeIgniter->runController()
 5 SYSTEMPATH/CodeIgniter.php(349): CodeIgniter\CodeIgniter->handleRequest()
 6 FCPATH/index.php(57): CodeIgniter\CodeIgniter->run()
CRITICAL - 2024-12-04 20:24:04 --> Undefined property: stdClass::$bill_num
in APPPATH/Helpers/global_helper.php on line 505.
 1 APPPATH/Helpers/global_helper.php(505): CodeIgniter\Debug\Exceptions->errorHandler()
 2 APPPATH/Controllers/Malipo.php(399): doProcessGlobalTransaction()
 3 SYSTEMPATH/CodeIgniter.php(896): App\Controllers\Malipo->nmbrecon()
 4 SYSTEMPATH/CodeIgniter.php(466): CodeIgniter\CodeIgniter->runController()
 5 SYSTEMPATH/CodeIgniter.php(349): CodeIgniter\CodeIgniter->handleRequest()
 6 FCPATH/index.php(57): CodeIgniter\CodeIgniter->run()
CRITICAL - 2024-12-04 20:26:04 --> Undefined property: stdClass::$bill_num
in APPPATH/Helpers/global_helper.php on line 505.
 1 APPPATH/Helpers/global_helper.php(505): CodeIgniter\Debug\Exceptions->errorHandler()
 2 APPPATH/Controllers/Malipo.php(399): doProcessGlobalTransaction()
 3 SYSTEMPATH/CodeIgniter.php(896): App\Controllers\Malipo->nmbrecon()
 4 SYSTEMPATH/CodeIgniter.php(466): CodeIgniter\CodeIgniter->runController()
 5 SYSTEMPATH/CodeIgniter.php(349): CodeIgniter\CodeIgniter->handleRequest()
 6 FCPATH/index.php(57): CodeIgniter\CodeIgniter->run()
CRITICAL - 2024-12-04 20:28:05 --> Undefined property: stdClass::$bill_num
in APPPATH/Helpers/global_helper.php on line 505.
 1 APPPATH/Helpers/global_helper.php(505): CodeIgniter\Debug\Exceptions->errorHandler()
 2 APPPATH/Controllers/Malipo.php(399): doProcessGlobalTransaction()
 3 SYSTEMPATH/CodeIgniter.php(896): App\Controllers\Malipo->nmbrecon()
 4 SYSTEMPATH/CodeIgniter.php(466): CodeIgniter\CodeIgniter->runController()
 5 SYSTEMPATH/CodeIgniter.php(349): CodeIgniter\CodeIgniter->handleRequest()
 6 FCPATH/index.php(57): CodeIgniter\CodeIgniter->run()
CRITICAL - 2024-12-04 20:30:05 --> Undefined property: stdClass::$bill_num
in APPPATH/Helpers/global_helper.php on line 505.
 1 APPPATH/Helpers/global_helper.php(505): CodeIgniter\Debug\Exceptions->errorHandler()
 2 APPPATH/Controllers/Malipo.php(399): doProcessGlobalTransaction()
 3 SYSTEMPATH/CodeIgniter.php(896): App\Controllers\Malipo->nmbrecon()
 4 SYSTEMPATH/CodeIgniter.php(466): CodeIgniter\CodeIgniter->runController()
 5 SYSTEMPATH/CodeIgniter.php(349): CodeIgniter\CodeIgniter->handleRequest()
 6 FCPATH/index.php(57): CodeIgniter\CodeIgniter->run()
CRITICAL - 2024-12-04 20:32:06 --> Undefined property: stdClass::$bill_num
in APPPATH/Helpers/global_helper.php on line 505.
 1 APPPATH/Helpers/global_helper.php(505): CodeIgniter\Debug\Exceptions->errorHandler()
 2 APPPATH/Controllers/Malipo.php(399): doProcessGlobalTransaction()
 3 SYSTEMPATH/CodeIgniter.php(896): App\Controllers\Malipo->nmbrecon()
 4 SYSTEMPATH/CodeIgniter.php(466): CodeIgniter\CodeIgniter->runController()
 5 SYSTEMPATH/CodeIgniter.php(349): CodeIgniter\CodeIgniter->handleRequest()
 6 FCPATH/index.php(57): CodeIgniter\CodeIgniter->run()
CRITICAL - 2024-12-04 20:34:05 --> Undefined property: stdClass::$bill_num
in APPPATH/Helpers/global_helper.php on line 505.
 1 APPPATH/Helpers/global_helper.php(505): CodeIgniter\Debug\Exceptions->errorHandler()
 2 APPPATH/Controllers/Malipo.php(399): doProcessGlobalTransaction()
 3 SYSTEMPATH/CodeIgniter.php(896): App\Controllers\Malipo->nmbrecon()
 4 SYSTEMPATH/CodeIgniter.php(466): CodeIgniter\CodeIgniter->runController()
 5 SYSTEMPATH/CodeIgniter.php(349): CodeIgniter\CodeIgniter->handleRequest()
 6 FCPATH/index.php(57): CodeIgniter\CodeIgniter->run()
CRITICAL - 2024-12-04 20:36:04 --> Undefined property: stdClass::$bill_num
in APPPATH/Helpers/global_helper.php on line 505.
 1 APPPATH/Helpers/global_helper.php(505): CodeIgniter\Debug\Exceptions->errorHandler()
 2 APPPATH/Controllers/Malipo.php(399): doProcessGlobalTransaction()
 3 SYSTEMPATH/CodeIgniter.php(896): App\Controllers\Malipo->nmbrecon()
 4 SYSTEMPATH/CodeIgniter.php(466): CodeIgniter\CodeIgniter->runController()
 5 SYSTEMPATH/CodeIgniter.php(349): CodeIgniter\CodeIgniter->handleRequest()
 6 FCPATH/index.php(57): CodeIgniter\CodeIgniter->run()
CRITICAL - 2024-12-04 20:38:05 --> Undefined property: stdClass::$bill_num
in APPPATH/Helpers/global_helper.php on line 505.
 1 APPPATH/Helpers/global_helper.php(505): CodeIgniter\Debug\Exceptions->errorHandler()
 2 APPPATH/Controllers/Malipo.php(399): doProcessGlobalTransaction()
 3 SYSTEMPATH/CodeIgniter.php(896): App\Controllers\Malipo->nmbrecon()
 4 SYSTEMPATH/CodeIgniter.php(466): CodeIgniter\CodeIgniter->runController()
 5 SYSTEMPATH/CodeIgniter.php(349): CodeIgniter\CodeIgniter->handleRequest()
 6 FCPATH/index.php(57): CodeIgniter\CodeIgniter->run()
CRITICAL - 2024-12-04 20:40:05 --> Undefined property: stdClass::$bill_num
in APPPATH/Helpers/global_helper.php on line 505.
 1 APPPATH/Helpers/global_helper.php(505): CodeIgniter\Debug\Exceptions->errorHandler()
 2 APPPATH/Controllers/Malipo.php(399): doProcessGlobalTransaction()
 3 SYSTEMPATH/CodeIgniter.php(896): App\Controllers\Malipo->nmbrecon()
 4 SYSTEMPATH/CodeIgniter.php(466): CodeIgniter\CodeIgniter->runController()
 5 SYSTEMPATH/CodeIgniter.php(349): CodeIgniter\CodeIgniter->handleRequest()
 6 FCPATH/index.php(57): CodeIgniter\CodeIgniter->run()
CRITICAL - 2024-12-04 20:42:05 --> Undefined property: stdClass::$bill_num
in APPPATH/Helpers/global_helper.php on line 505.
 1 APPPATH/Helpers/global_helper.php(505): CodeIgniter\Debug\Exceptions->errorHandler()
 2 APPPATH/Controllers/Malipo.php(399): doProcessGlobalTransaction()
 3 SYSTEMPATH/CodeIgniter.php(896): App\Controllers\Malipo->nmbrecon()
 4 SYSTEMPATH/CodeIgniter.php(466): CodeIgniter\CodeIgniter->runController()
 5 SYSTEMPATH/CodeIgniter.php(349): CodeIgniter\CodeIgniter->handleRequest()
 6 FCPATH/index.php(57): CodeIgniter\CodeIgniter->run()
CRITICAL - 2024-12-04 20:44:05 --> Undefined property: stdClass::$bill_num
in APPPATH/Helpers/global_helper.php on line 505.
 1 APPPATH/Helpers/global_helper.php(505): CodeIgniter\Debug\Exceptions->errorHandler()
 2 APPPATH/Controllers/Malipo.php(399): doProcessGlobalTransaction()
 3 SYSTEMPATH/CodeIgniter.php(896): App\Controllers\Malipo->nmbrecon()
 4 SYSTEMPATH/CodeIgniter.php(466): CodeIgniter\CodeIgniter->runController()
 5 SYSTEMPATH/CodeIgniter.php(349): CodeIgniter\CodeIgniter->handleRequest()
 6 FCPATH/index.php(57): CodeIgniter\CodeIgniter->run()
CRITICAL - 2024-12-04 20:46:05 --> Undefined property: stdClass::$bill_num
in APPPATH/Helpers/global_helper.php on line 505.
 1 APPPATH/Helpers/global_helper.php(505): CodeIgniter\Debug\Exceptions->errorHandler()
 2 APPPATH/Controllers/Malipo.php(399): doProcessGlobalTransaction()
 3 SYSTEMPATH/CodeIgniter.php(896): App\Controllers\Malipo->nmbrecon()
 4 SYSTEMPATH/CodeIgniter.php(466): CodeIgniter\CodeIgniter->runController()
 5 SYSTEMPATH/CodeIgniter.php(349): CodeIgniter\CodeIgniter->handleRequest()
 6 FCPATH/index.php(57): CodeIgniter\CodeIgniter->run()
CRITICAL - 2024-12-04 20:48:04 --> Undefined property: stdClass::$bill_num
in APPPATH/Helpers/global_helper.php on line 505.
 1 APPPATH/Helpers/global_helper.php(505): CodeIgniter\Debug\Exceptions->errorHandler()
 2 APPPATH/Controllers/Malipo.php(399): doProcessGlobalTransaction()
 3 SYSTEMPATH/CodeIgniter.php(896): App\Controllers\Malipo->nmbrecon()
 4 SYSTEMPATH/CodeIgniter.php(466): CodeIgniter\CodeIgniter->runController()
 5 SYSTEMPATH/CodeIgniter.php(349): CodeIgniter\CodeIgniter->handleRequest()
 6 FCPATH/index.php(57): CodeIgniter\CodeIgniter->run()
CRITICAL - 2024-12-04 20:50:05 --> Undefined property: stdClass::$bill_num
in APPPATH/Helpers/global_helper.php on line 505.
 1 APPPATH/Helpers/global_helper.php(505): CodeIgniter\Debug\Exceptions->errorHandler()
 2 APPPATH/Controllers/Malipo.php(399): doProcessGlobalTransaction()
 3 SYSTEMPATH/CodeIgniter.php(896): App\Controllers\Malipo->nmbrecon()
 4 SYSTEMPATH/CodeIgniter.php(466): CodeIgniter\CodeIgniter->runController()
 5 SYSTEMPATH/CodeIgniter.php(349): CodeIgniter\CodeIgniter->handleRequest()
 6 FCPATH/index.php(57): CodeIgniter\CodeIgniter->run()
CRITICAL - 2024-12-04 20:52:05 --> Undefined property: stdClass::$bill_num
in APPPATH/Helpers/global_helper.php on line 505.
 1 APPPATH/Helpers/global_helper.php(505): CodeIgniter\Debug\Exceptions->errorHandler()
 2 APPPATH/Controllers/Malipo.php(399): doProcessGlobalTransaction()
 3 SYSTEMPATH/CodeIgniter.php(896): App\Controllers\Malipo->nmbrecon()
 4 SYSTEMPATH/CodeIgniter.php(466): CodeIgniter\CodeIgniter->runController()
 5 SYSTEMPATH/CodeIgniter.php(349): CodeIgniter\CodeIgniter->handleRequest()
 6 FCPATH/index.php(57): CodeIgniter\CodeIgniter->run()
CRITICAL - 2024-12-04 20:54:04 --> Undefined property: stdClass::$bill_num
in APPPATH/Helpers/global_helper.php on line 505.
 1 APPPATH/Helpers/global_helper.php(505): CodeIgniter\Debug\Exceptions->errorHandler()
 2 APPPATH/Controllers/Malipo.php(399): doProcessGlobalTransaction()
 3 SYSTEMPATH/CodeIgniter.php(896): App\Controllers\Malipo->nmbrecon()
 4 SYSTEMPATH/CodeIgniter.php(466): CodeIgniter\CodeIgniter->runController()
 5 SYSTEMPATH/CodeIgniter.php(349): CodeIgniter\CodeIgniter->handleRequest()
 6 FCPATH/index.php(57): CodeIgniter\CodeIgniter->run()
CRITICAL - 2024-12-04 20:56:05 --> Undefined property: stdClass::$bill_num
in APPPATH/Helpers/global_helper.php on line 505.
 1 APPPATH/Helpers/global_helper.php(505): CodeIgniter\Debug\Exceptions->errorHandler()
 2 APPPATH/Controllers/Malipo.php(399): doProcessGlobalTransaction()
 3 SYSTEMPATH/CodeIgniter.php(896): App\Controllers\Malipo->nmbrecon()
 4 SYSTEMPATH/CodeIgniter.php(466): CodeIgniter\CodeIgniter->runController()
 5 SYSTEMPATH/CodeIgniter.php(349): CodeIgniter\CodeIgniter->handleRequest()
 6 FCPATH/index.php(57): CodeIgniter\CodeIgniter->run()
CRITICAL - 2024-12-04 20:58:05 --> Undefined property: stdClass::$bill_num
in APPPATH/Helpers/global_helper.php on line 505.
 1 APPPATH/Helpers/global_helper.php(505): CodeIgniter\Debug\Exceptions->errorHandler()
 2 APPPATH/Controllers/Malipo.php(399): doProcessGlobalTransaction()
 3 SYSTEMPATH/CodeIgniter.php(896): App\Controllers\Malipo->nmbrecon()
 4 SYSTEMPATH/CodeIgniter.php(466): CodeIgniter\CodeIgniter->runController()
 5 SYSTEMPATH/CodeIgniter.php(349): CodeIgniter\CodeIgniter->handleRequest()
 6 FCPATH/index.php(57): CodeIgniter\CodeIgniter->run()
CRITICAL - 2024-12-04 21:00:04 --> Undefined property: stdClass::$bill_num
in APPPATH/Helpers/global_helper.php on line 505.
 1 APPPATH/Helpers/global_helper.php(505): CodeIgniter\Debug\Exceptions->errorHandler()
 2 APPPATH/Controllers/Malipo.php(399): doProcessGlobalTransaction()
 3 SYSTEMPATH/CodeIgniter.php(896): App\Controllers\Malipo->nmbrecon()
 4 SYSTEMPATH/CodeIgniter.php(466): CodeIgniter\CodeIgniter->runController()
 5 SYSTEMPATH/CodeIgniter.php(349): CodeIgniter\CodeIgniter->handleRequest()
 6 FCPATH/index.php(57): CodeIgniter\CodeIgniter->run()
CRITICAL - 2024-12-04 21:02:04 --> Undefined property: stdClass::$bill_num
in APPPATH/Helpers/global_helper.php on line 505.
 1 APPPATH/Helpers/global_helper.php(505): CodeIgniter\Debug\Exceptions->errorHandler()
 2 APPPATH/Controllers/Malipo.php(399): doProcessGlobalTransaction()
 3 SYSTEMPATH/CodeIgniter.php(896): App\Controllers\Malipo->nmbrecon()
 4 SYSTEMPATH/CodeIgniter.php(466): CodeIgniter\CodeIgniter->runController()
 5 SYSTEMPATH/CodeIgniter.php(349): CodeIgniter\CodeIgniter->handleRequest()
 6 FCPATH/index.php(57): CodeIgniter\CodeIgniter->run()
CRITICAL - 2024-12-04 21:04:05 --> Undefined property: stdClass::$bill_num
in APPPATH/Helpers/global_helper.php on line 505.
 1 APPPATH/Helpers/global_helper.php(505): CodeIgniter\Debug\Exceptions->errorHandler()
 2 APPPATH/Controllers/Malipo.php(399): doProcessGlobalTransaction()
 3 SYSTEMPATH/CodeIgniter.php(896): App\Controllers\Malipo->nmbrecon()
 4 SYSTEMPATH/CodeIgniter.php(466): CodeIgniter\CodeIgniter->runController()
 5 SYSTEMPATH/CodeIgniter.php(349): CodeIgniter\CodeIgniter->handleRequest()
 6 FCPATH/index.php(57): CodeIgniter\CodeIgniter->run()
CRITICAL - 2024-12-04 21:06:04 --> Undefined property: stdClass::$bill_num
in APPPATH/Helpers/global_helper.php on line 505.
 1 APPPATH/Helpers/global_helper.php(505): CodeIgniter\Debug\Exceptions->errorHandler()
 2 APPPATH/Controllers/Malipo.php(399): doProcessGlobalTransaction()
 3 SYSTEMPATH/CodeIgniter.php(896): App\Controllers\Malipo->nmbrecon()
 4 SYSTEMPATH/CodeIgniter.php(466): CodeIgniter\CodeIgniter->runController()
 5 SYSTEMPATH/CodeIgniter.php(349): CodeIgniter\CodeIgniter->handleRequest()
 6 FCPATH/index.php(57): CodeIgniter\CodeIgniter->run()
CRITICAL - 2024-12-04 21:08:05 --> Undefined property: stdClass::$bill_num
in APPPATH/Helpers/global_helper.php on line 505.
 1 APPPATH/Helpers/global_helper.php(505): CodeIgniter\Debug\Exceptions->errorHandler()
 2 APPPATH/Controllers/Malipo.php(399): doProcessGlobalTransaction()
 3 SYSTEMPATH/CodeIgniter.php(896): App\Controllers\Malipo->nmbrecon()
 4 SYSTEMPATH/CodeIgniter.php(466): CodeIgniter\CodeIgniter->runController()
 5 SYSTEMPATH/CodeIgniter.php(349): CodeIgniter\CodeIgniter->handleRequest()
 6 FCPATH/index.php(57): CodeIgniter\CodeIgniter->run()
CRITICAL - 2024-12-04 21:10:05 --> Undefined property: stdClass::$bill_num
in APPPATH/Helpers/global_helper.php on line 505.
 1 APPPATH/Helpers/global_helper.php(505): CodeIgniter\Debug\Exceptions->errorHandler()
 2 APPPATH/Controllers/Malipo.php(399): doProcessGlobalTransaction()
 3 SYSTEMPATH/CodeIgniter.php(896): App\Controllers\Malipo->nmbrecon()
 4 SYSTEMPATH/CodeIgniter.php(466): CodeIgniter\CodeIgniter->runController()
 5 SYSTEMPATH/CodeIgniter.php(349): CodeIgniter\CodeIgniter->handleRequest()
 6 FCPATH/index.php(57): CodeIgniter\CodeIgniter->run()
CRITICAL - 2024-12-04 21:12:05 --> Undefined property: stdClass::$bill_num
in APPPATH/Helpers/global_helper.php on line 505.
 1 APPPATH/Helpers/global_helper.php(505): CodeIgniter\Debug\Exceptions->errorHandler()
 2 APPPATH/Controllers/Malipo.php(399): doProcessGlobalTransaction()
 3 SYSTEMPATH/CodeIgniter.php(896): App\Controllers\Malipo->nmbrecon()
 4 SYSTEMPATH/CodeIgniter.php(466): CodeIgniter\CodeIgniter->runController()
 5 SYSTEMPATH/CodeIgniter.php(349): CodeIgniter\CodeIgniter->handleRequest()
 6 FCPATH/index.php(57): CodeIgniter\CodeIgniter->run()
CRITICAL - 2024-12-04 21:14:04 --> Undefined property: stdClass::$bill_num
in APPPATH/Helpers/global_helper.php on line 505.
 1 APPPATH/Helpers/global_helper.php(505): CodeIgniter\Debug\Exceptions->errorHandler()
 2 APPPATH/Controllers/Malipo.php(399): doProcessGlobalTransaction()
 3 SYSTEMPATH/CodeIgniter.php(896): App\Controllers\Malipo->nmbrecon()
 4 SYSTEMPATH/CodeIgniter.php(466): CodeIgniter\CodeIgniter->runController()
 5 SYSTEMPATH/CodeIgniter.php(349): CodeIgniter\CodeIgniter->handleRequest()
 6 FCPATH/index.php(57): CodeIgniter\CodeIgniter->run()
CRITICAL - 2024-12-04 21:16:05 --> Undefined property: stdClass::$bill_num
in APPPATH/Helpers/global_helper.php on line 505.
 1 APPPATH/Helpers/global_helper.php(505): CodeIgniter\Debug\Exceptions->errorHandler()
 2 APPPATH/Controllers/Malipo.php(399): doProcessGlobalTransaction()
 3 SYSTEMPATH/CodeIgniter.php(896): App\Controllers\Malipo->nmbrecon()
 4 SYSTEMPATH/CodeIgniter.php(466): CodeIgniter\CodeIgniter->runController()
 5 SYSTEMPATH/CodeIgniter.php(349): CodeIgniter\CodeIgniter->handleRequest()
 6 FCPATH/index.php(57): CodeIgniter\CodeIgniter->run()
CRITICAL - 2024-12-04 21:18:05 --> Undefined property: stdClass::$bill_num
in APPPATH/Helpers/global_helper.php on line 505.
 1 APPPATH/Helpers/global_helper.php(505): CodeIgniter\Debug\Exceptions->errorHandler()
 2 APPPATH/Controllers/Malipo.php(399): doProcessGlobalTransaction()
 3 SYSTEMPATH/CodeIgniter.php(896): App\Controllers\Malipo->nmbrecon()
 4 SYSTEMPATH/CodeIgniter.php(466): CodeIgniter\CodeIgniter->runController()
 5 SYSTEMPATH/CodeIgniter.php(349): CodeIgniter\CodeIgniter->handleRequest()
 6 FCPATH/index.php(57): CodeIgniter\CodeIgniter->run()
CRITICAL - 2024-12-04 21:20:04 --> Undefined property: stdClass::$bill_num
in APPPATH/Helpers/global_helper.php on line 505.
 1 APPPATH/Helpers/global_helper.php(505): CodeIgniter\Debug\Exceptions->errorHandler()
 2 APPPATH/Controllers/Malipo.php(399): doProcessGlobalTransaction()
 3 SYSTEMPATH/CodeIgniter.php(896): App\Controllers\Malipo->nmbrecon()
 4 SYSTEMPATH/CodeIgniter.php(466): CodeIgniter\CodeIgniter->runController()
 5 SYSTEMPATH/CodeIgniter.php(349): CodeIgniter\CodeIgniter->handleRequest()
 6 FCPATH/index.php(57): CodeIgniter\CodeIgniter->run()
CRITICAL - 2024-12-04 21:22:05 --> Undefined property: stdClass::$bill_num
in APPPATH/Helpers/global_helper.php on line 505.
 1 APPPATH/Helpers/global_helper.php(505): CodeIgniter\Debug\Exceptions->errorHandler()
 2 APPPATH/Controllers/Malipo.php(399): doProcessGlobalTransaction()
 3 SYSTEMPATH/CodeIgniter.php(896): App\Controllers\Malipo->nmbrecon()
 4 SYSTEMPATH/CodeIgniter.php(466): CodeIgniter\CodeIgniter->runController()
 5 SYSTEMPATH/CodeIgniter.php(349): CodeIgniter\CodeIgniter->handleRequest()
 6 FCPATH/index.php(57): CodeIgniter\CodeIgniter->run()
CRITICAL - 2024-12-04 21:24:04 --> Undefined property: stdClass::$bill_num
in APPPATH/Helpers/global_helper.php on line 505.
 1 APPPATH/Helpers/global_helper.php(505): CodeIgniter\Debug\Exceptions->errorHandler()
 2 APPPATH/Controllers/Malipo.php(399): doProcessGlobalTransaction()
 3 SYSTEMPATH/CodeIgniter.php(896): App\Controllers\Malipo->nmbrecon()
 4 SYSTEMPATH/CodeIgniter.php(466): CodeIgniter\CodeIgniter->runController()
 5 SYSTEMPATH/CodeIgniter.php(349): CodeIgniter\CodeIgniter->handleRequest()
 6 FCPATH/index.php(57): CodeIgniter\CodeIgniter->run()
CRITICAL - 2024-12-04 21:26:04 --> Undefined property: stdClass::$bill_num
in APPPATH/Helpers/global_helper.php on line 505.
 1 APPPATH/Helpers/global_helper.php(505): CodeIgniter\Debug\Exceptions->errorHandler()
 2 APPPATH/Controllers/Malipo.php(399): doProcessGlobalTransaction()
 3 SYSTEMPATH/CodeIgniter.php(896): App\Controllers\Malipo->nmbrecon()
 4 SYSTEMPATH/CodeIgniter.php(466): CodeIgniter\CodeIgniter->runController()
 5 SYSTEMPATH/CodeIgniter.php(349): CodeIgniter\CodeIgniter->handleRequest()
 6 FCPATH/index.php(57): CodeIgniter\CodeIgniter->run()
CRITICAL - 2024-12-04 21:28:04 --> Undefined property: stdClass::$bill_num
in APPPATH/Helpers/global_helper.php on line 505.
 1 APPPATH/Helpers/global_helper.php(505): CodeIgniter\Debug\Exceptions->errorHandler()
 2 APPPATH/Controllers/Malipo.php(399): doProcessGlobalTransaction()
 3 SYSTEMPATH/CodeIgniter.php(896): App\Controllers\Malipo->nmbrecon()
 4 SYSTEMPATH/CodeIgniter.php(466): CodeIgniter\CodeIgniter->runController()
 5 SYSTEMPATH/CodeIgniter.php(349): CodeIgniter\CodeIgniter->handleRequest()
 6 FCPATH/index.php(57): CodeIgniter\CodeIgniter->run()
CRITICAL - 2024-12-04 21:30:05 --> Undefined property: stdClass::$bill_num
in APPPATH/Helpers/global_helper.php on line 505.
 1 APPPATH/Helpers/global_helper.php(505): CodeIgniter\Debug\Exceptions->errorHandler()
 2 APPPATH/Controllers/Malipo.php(399): doProcessGlobalTransaction()
 3 SYSTEMPATH/CodeIgniter.php(896): App\Controllers\Malipo->nmbrecon()
 4 SYSTEMPATH/CodeIgniter.php(466): CodeIgniter\CodeIgniter->runController()
 5 SYSTEMPATH/CodeIgniter.php(349): CodeIgniter\CodeIgniter->handleRequest()
 6 FCPATH/index.php(57): CodeIgniter\CodeIgniter->run()
CRITICAL - 2024-12-04 21:32:05 --> Undefined property: stdClass::$bill_num
in APPPATH/Helpers/global_helper.php on line 505.
 1 APPPATH/Helpers/global_helper.php(505): CodeIgniter\Debug\Exceptions->errorHandler()
 2 APPPATH/Controllers/Malipo.php(399): doProcessGlobalTransaction()
 3 SYSTEMPATH/CodeIgniter.php(896): App\Controllers\Malipo->nmbrecon()
 4 SYSTEMPATH/CodeIgniter.php(466): CodeIgniter\CodeIgniter->runController()
 5 SYSTEMPATH/CodeIgniter.php(349): CodeIgniter\CodeIgniter->handleRequest()
 6 FCPATH/index.php(57): CodeIgniter\CodeIgniter->run()
CRITICAL - 2024-12-04 21:34:05 --> Undefined property: stdClass::$bill_num
in APPPATH/Helpers/global_helper.php on line 505.
 1 APPPATH/Helpers/global_helper.php(505): CodeIgniter\Debug\Exceptions->errorHandler()
 2 APPPATH/Controllers/Malipo.php(399): doProcessGlobalTransaction()
 3 SYSTEMPATH/CodeIgniter.php(896): App\Controllers\Malipo->nmbrecon()
 4 SYSTEMPATH/CodeIgniter.php(466): CodeIgniter\CodeIgniter->runController()
 5 SYSTEMPATH/CodeIgniter.php(349): CodeIgniter\CodeIgniter->handleRequest()
 6 FCPATH/index.php(57): CodeIgniter\CodeIgniter->run()
CRITICAL - 2024-12-04 21:36:07 --> Undefined property: stdClass::$bill_num
in APPPATH/Helpers/global_helper.php on line 505.
 1 APPPATH/Helpers/global_helper.php(505): CodeIgniter\Debug\Exceptions->errorHandler()
 2 APPPATH/Controllers/Malipo.php(399): doProcessGlobalTransaction()
 3 SYSTEMPATH/CodeIgniter.php(896): App\Controllers\Malipo->nmbrecon()
 4 SYSTEMPATH/CodeIgniter.php(466): CodeIgniter\CodeIgniter->runController()
 5 SYSTEMPATH/CodeIgniter.php(349): CodeIgniter\CodeIgniter->handleRequest()
 6 FCPATH/index.php(57): CodeIgniter\CodeIgniter->run()
CRITICAL - 2024-12-04 21:38:04 --> Undefined property: stdClass::$bill_num
in APPPATH/Helpers/global_helper.php on line 505.
 1 APPPATH/Helpers/global_helper.php(505): CodeIgniter\Debug\Exceptions->errorHandler()
 2 APPPATH/Controllers/Malipo.php(399): doProcessGlobalTransaction()
 3 SYSTEMPATH/CodeIgniter.php(896): App\Controllers\Malipo->nmbrecon()
 4 SYSTEMPATH/CodeIgniter.php(466): CodeIgniter\CodeIgniter->runController()
 5 SYSTEMPATH/CodeIgniter.php(349): CodeIgniter\CodeIgniter->handleRequest()
 6 FCPATH/index.php(57): CodeIgniter\CodeIgniter->run()
CRITICAL - 2024-12-04 21:40:04 --> Undefined property: stdClass::$bill_num
in APPPATH/Helpers/global_helper.php on line 505.
 1 APPPATH/Helpers/global_helper.php(505): CodeIgniter\Debug\Exceptions->errorHandler()
 2 APPPATH/Controllers/Malipo.php(399): doProcessGlobalTransaction()
 3 SYSTEMPATH/CodeIgniter.php(896): App\Controllers\Malipo->nmbrecon()
 4 SYSTEMPATH/CodeIgniter.php(466): CodeIgniter\CodeIgniter->runController()
 5 SYSTEMPATH/CodeIgniter.php(349): CodeIgniter\CodeIgniter->handleRequest()
 6 FCPATH/index.php(57): CodeIgniter\CodeIgniter->run()
CRITICAL - 2024-12-04 21:42:05 --> Undefined property: stdClass::$bill_num
in APPPATH/Helpers/global_helper.php on line 505.
 1 APPPATH/Helpers/global_helper.php(505): CodeIgniter\Debug\Exceptions->errorHandler()
 2 APPPATH/Controllers/Malipo.php(399): doProcessGlobalTransaction()
 3 SYSTEMPATH/CodeIgniter.php(896): App\Controllers\Malipo->nmbrecon()
 4 SYSTEMPATH/CodeIgniter.php(466): CodeIgniter\CodeIgniter->runController()
 5 SYSTEMPATH/CodeIgniter.php(349): CodeIgniter\CodeIgniter->handleRequest()
 6 FCPATH/index.php(57): CodeIgniter\CodeIgniter->run()
CRITICAL - 2024-12-04 21:44:04 --> Undefined property: stdClass::$bill_num
in APPPATH/Helpers/global_helper.php on line 505.
 1 APPPATH/Helpers/global_helper.php(505): CodeIgniter\Debug\Exceptions->errorHandler()
 2 APPPATH/Controllers/Malipo.php(399): doProcessGlobalTransaction()
 3 SYSTEMPATH/CodeIgniter.php(896): App\Controllers\Malipo->nmbrecon()
 4 SYSTEMPATH/CodeIgniter.php(466): CodeIgniter\CodeIgniter->runController()
 5 SYSTEMPATH/CodeIgniter.php(349): CodeIgniter\CodeIgniter->handleRequest()
 6 FCPATH/index.php(57): CodeIgniter\CodeIgniter->run()
CRITICAL - 2024-12-04 21:46:04 --> Undefined property: stdClass::$bill_num
in APPPATH/Helpers/global_helper.php on line 505.
 1 APPPATH/Helpers/global_helper.php(505): CodeIgniter\Debug\Exceptions->errorHandler()
 2 APPPATH/Controllers/Malipo.php(399): doProcessGlobalTransaction()
 3 SYSTEMPATH/CodeIgniter.php(896): App\Controllers\Malipo->nmbrecon()
 4 SYSTEMPATH/CodeIgniter.php(466): CodeIgniter\CodeIgniter->runController()
 5 SYSTEMPATH/CodeIgniter.php(349): CodeIgniter\CodeIgniter->handleRequest()
 6 FCPATH/index.php(57): CodeIgniter\CodeIgniter->run()
CRITICAL - 2024-12-04 21:48:05 --> Undefined property: stdClass::$bill_num
in APPPATH/Helpers/global_helper.php on line 505.
 1 APPPATH/Helpers/global_helper.php(505): CodeIgniter\Debug\Exceptions->errorHandler()
 2 APPPATH/Controllers/Malipo.php(399): doProcessGlobalTransaction()
 3 SYSTEMPATH/CodeIgniter.php(896): App\Controllers\Malipo->nmbrecon()
 4 SYSTEMPATH/CodeIgniter.php(466): CodeIgniter\CodeIgniter->runController()
 5 SYSTEMPATH/CodeIgniter.php(349): CodeIgniter\CodeIgniter->handleRequest()
 6 FCPATH/index.php(57): CodeIgniter\CodeIgniter->run()
CRITICAL - 2024-12-04 21:50:05 --> Undefined property: stdClass::$bill_num
in APPPATH/Helpers/global_helper.php on line 505.
 1 APPPATH/Helpers/global_helper.php(505): CodeIgniter\Debug\Exceptions->errorHandler()
 2 APPPATH/Controllers/Malipo.php(399): doProcessGlobalTransaction()
 3 SYSTEMPATH/CodeIgniter.php(896): App\Controllers\Malipo->nmbrecon()
 4 SYSTEMPATH/CodeIgniter.php(466): CodeIgniter\CodeIgniter->runController()
 5 SYSTEMPATH/CodeIgniter.php(349): CodeIgniter\CodeIgniter->handleRequest()
 6 FCPATH/index.php(57): CodeIgniter\CodeIgniter->run()
CRITICAL - 2024-12-04 21:52:04 --> Undefined property: stdClass::$bill_num
in APPPATH/Helpers/global_helper.php on line 505.
 1 APPPATH/Helpers/global_helper.php(505): CodeIgniter\Debug\Exceptions->errorHandler()
 2 APPPATH/Controllers/Malipo.php(399): doProcessGlobalTransaction()
 3 SYSTEMPATH/CodeIgniter.php(896): App\Controllers\Malipo->nmbrecon()
 4 SYSTEMPATH/CodeIgniter.php(466): CodeIgniter\CodeIgniter->runController()
 5 SYSTEMPATH/CodeIgniter.php(349): CodeIgniter\CodeIgniter->handleRequest()
 6 FCPATH/index.php(57): CodeIgniter\CodeIgniter->run()
CRITICAL - 2024-12-04 21:54:05 --> Undefined property: stdClass::$bill_num
in APPPATH/Helpers/global_helper.php on line 505.
 1 APPPATH/Helpers/global_helper.php(505): CodeIgniter\Debug\Exceptions->errorHandler()
 2 APPPATH/Controllers/Malipo.php(399): doProcessGlobalTransaction()
 3 SYSTEMPATH/CodeIgniter.php(896): App\Controllers\Malipo->nmbrecon()
 4 SYSTEMPATH/CodeIgniter.php(466): CodeIgniter\CodeIgniter->runController()
 5 SYSTEMPATH/CodeIgniter.php(349): CodeIgniter\CodeIgniter->handleRequest()
 6 FCPATH/index.php(57): CodeIgniter\CodeIgniter->run()
CRITICAL - 2024-12-04 21:56:05 --> Undefined property: stdClass::$bill_num
in APPPATH/Helpers/global_helper.php on line 505.
 1 APPPATH/Helpers/global_helper.php(505): CodeIgniter\Debug\Exceptions->errorHandler()
 2 APPPATH/Controllers/Malipo.php(399): doProcessGlobalTransaction()
 3 SYSTEMPATH/CodeIgniter.php(896): App\Controllers\Malipo->nmbrecon()
 4 SYSTEMPATH/CodeIgniter.php(466): CodeIgniter\CodeIgniter->runController()
 5 SYSTEMPATH/CodeIgniter.php(349): CodeIgniter\CodeIgniter->handleRequest()
 6 FCPATH/index.php(57): CodeIgniter\CodeIgniter->run()
CRITICAL - 2024-12-04 21:58:05 --> Undefined property: stdClass::$bill_num
in APPPATH/Helpers/global_helper.php on line 505.
 1 APPPATH/Helpers/global_helper.php(505): CodeIgniter\Debug\Exceptions->errorHandler()
 2 APPPATH/Controllers/Malipo.php(399): doProcessGlobalTransaction()
 3 SYSTEMPATH/CodeIgniter.php(896): App\Controllers\Malipo->nmbrecon()
 4 SYSTEMPATH/CodeIgniter.php(466): CodeIgniter\CodeIgniter->runController()
 5 SYSTEMPATH/CodeIgniter.php(349): CodeIgniter\CodeIgniter->handleRequest()
 6 FCPATH/index.php(57): CodeIgniter\CodeIgniter->run()
CRITICAL - 2024-12-04 22:00:05 --> Undefined property: stdClass::$bill_num
in APPPATH/Helpers/global_helper.php on line 505.
 1 APPPATH/Helpers/global_helper.php(505): CodeIgniter\Debug\Exceptions->errorHandler()
 2 APPPATH/Controllers/Malipo.php(399): doProcessGlobalTransaction()
 3 SYSTEMPATH/CodeIgniter.php(896): App\Controllers\Malipo->nmbrecon()
 4 SYSTEMPATH/CodeIgniter.php(466): CodeIgniter\CodeIgniter->runController()
 5 SYSTEMPATH/CodeIgniter.php(349): CodeIgniter\CodeIgniter->handleRequest()
 6 FCPATH/index.php(57): CodeIgniter\CodeIgniter->run()
CRITICAL - 2024-12-04 22:02:05 --> Undefined property: stdClass::$bill_num
in APPPATH/Helpers/global_helper.php on line 505.
 1 APPPATH/Helpers/global_helper.php(505): CodeIgniter\Debug\Exceptions->errorHandler()
 2 APPPATH/Controllers/Malipo.php(399): doProcessGlobalTransaction()
 3 SYSTEMPATH/CodeIgniter.php(896): App\Controllers\Malipo->nmbrecon()
 4 SYSTEMPATH/CodeIgniter.php(466): CodeIgniter\CodeIgniter->runController()
 5 SYSTEMPATH/CodeIgniter.php(349): CodeIgniter\CodeIgniter->handleRequest()
 6 FCPATH/index.php(57): CodeIgniter\CodeIgniter->run()
CRITICAL - 2024-12-04 22:04:04 --> Undefined property: stdClass::$bill_num
in APPPATH/Helpers/global_helper.php on line 505.
 1 APPPATH/Helpers/global_helper.php(505): CodeIgniter\Debug\Exceptions->errorHandler()
 2 APPPATH/Controllers/Malipo.php(399): doProcessGlobalTransaction()
 3 SYSTEMPATH/CodeIgniter.php(896): App\Controllers\Malipo->nmbrecon()
 4 SYSTEMPATH/CodeIgniter.php(466): CodeIgniter\CodeIgniter->runController()
 5 SYSTEMPATH/CodeIgniter.php(349): CodeIgniter\CodeIgniter->handleRequest()
 6 FCPATH/index.php(57): CodeIgniter\CodeIgniter->run()
CRITICAL - 2024-12-04 22:06:04 --> Undefined property: stdClass::$bill_num
in APPPATH/Helpers/global_helper.php on line 505.
 1 APPPATH/Helpers/global_helper.php(505): CodeIgniter\Debug\Exceptions->errorHandler()
 2 APPPATH/Controllers/Malipo.php(399): doProcessGlobalTransaction()
 3 SYSTEMPATH/CodeIgniter.php(896): App\Controllers\Malipo->nmbrecon()
 4 SYSTEMPATH/CodeIgniter.php(466): CodeIgniter\CodeIgniter->runController()
 5 SYSTEMPATH/CodeIgniter.php(349): CodeIgniter\CodeIgniter->handleRequest()
 6 FCPATH/index.php(57): CodeIgniter\CodeIgniter->run()
CRITICAL - 2024-12-04 22:08:05 --> Undefined property: stdClass::$bill_num
in APPPATH/Helpers/global_helper.php on line 505.
 1 APPPATH/Helpers/global_helper.php(505): CodeIgniter\Debug\Exceptions->errorHandler()
 2 APPPATH/Controllers/Malipo.php(399): doProcessGlobalTransaction()
 3 SYSTEMPATH/CodeIgniter.php(896): App\Controllers\Malipo->nmbrecon()
 4 SYSTEMPATH/CodeIgniter.php(466): CodeIgniter\CodeIgniter->runController()
 5 SYSTEMPATH/CodeIgniter.php(349): CodeIgniter\CodeIgniter->handleRequest()
 6 FCPATH/index.php(57): CodeIgniter\CodeIgniter->run()
CRITICAL - 2024-12-04 22:10:04 --> Undefined property: stdClass::$bill_num
in APPPATH/Helpers/global_helper.php on line 505.
 1 APPPATH/Helpers/global_helper.php(505): CodeIgniter\Debug\Exceptions->errorHandler()
 2 APPPATH/Controllers/Malipo.php(399): doProcessGlobalTransaction()
 3 SYSTEMPATH/CodeIgniter.php(896): App\Controllers\Malipo->nmbrecon()
 4 SYSTEMPATH/CodeIgniter.php(466): CodeIgniter\CodeIgniter->runController()
 5 SYSTEMPATH/CodeIgniter.php(349): CodeIgniter\CodeIgniter->handleRequest()
 6 FCPATH/index.php(57): CodeIgniter\CodeIgniter->run()
CRITICAL - 2024-12-04 22:12:05 --> Undefined property: stdClass::$bill_num
in APPPATH/Helpers/global_helper.php on line 505.
 1 APPPATH/Helpers/global_helper.php(505): CodeIgniter\Debug\Exceptions->errorHandler()
 2 APPPATH/Controllers/Malipo.php(399): doProcessGlobalTransaction()
 3 SYSTEMPATH/CodeIgniter.php(896): App\Controllers\Malipo->nmbrecon()
 4 SYSTEMPATH/CodeIgniter.php(466): CodeIgniter\CodeIgniter->runController()
 5 SYSTEMPATH/CodeIgniter.php(349): CodeIgniter\CodeIgniter->handleRequest()
 6 FCPATH/index.php(57): CodeIgniter\CodeIgniter->run()
CRITICAL - 2024-12-04 22:14:05 --> Undefined property: stdClass::$bill_num
in APPPATH/Helpers/global_helper.php on line 505.
 1 APPPATH/Helpers/global_helper.php(505): CodeIgniter\Debug\Exceptions->errorHandler()
 2 APPPATH/Controllers/Malipo.php(399): doProcessGlobalTransaction()
 3 SYSTEMPATH/CodeIgniter.php(896): App\Controllers\Malipo->nmbrecon()
 4 SYSTEMPATH/CodeIgniter.php(466): CodeIgniter\CodeIgniter->runController()
 5 SYSTEMPATH/CodeIgniter.php(349): CodeIgniter\CodeIgniter->handleRequest()
 6 FCPATH/index.php(57): CodeIgniter\CodeIgniter->run()
CRITICAL - 2024-12-04 22:16:04 --> Undefined property: stdClass::$bill_num
in APPPATH/Helpers/global_helper.php on line 505.
 1 APPPATH/Helpers/global_helper.php(505): CodeIgniter\Debug\Exceptions->errorHandler()
 2 APPPATH/Controllers/Malipo.php(399): doProcessGlobalTransaction()
 3 SYSTEMPATH/CodeIgniter.php(896): App\Controllers\Malipo->nmbrecon()
 4 SYSTEMPATH/CodeIgniter.php(466): CodeIgniter\CodeIgniter->runController()
 5 SYSTEMPATH/CodeIgniter.php(349): CodeIgniter\CodeIgniter->handleRequest()
 6 FCPATH/index.php(57): CodeIgniter\CodeIgniter->run()
CRITICAL - 2024-12-04 22:18:04 --> Undefined property: stdClass::$bill_num
in APPPATH/Helpers/global_helper.php on line 505.
 1 APPPATH/Helpers/global_helper.php(505): CodeIgniter\Debug\Exceptions->errorHandler()
 2 APPPATH/Controllers/Malipo.php(399): doProcessGlobalTransaction()
 3 SYSTEMPATH/CodeIgniter.php(896): App\Controllers\Malipo->nmbrecon()
 4 SYSTEMPATH/CodeIgniter.php(466): CodeIgniter\CodeIgniter->runController()
 5 SYSTEMPATH/CodeIgniter.php(349): CodeIgniter\CodeIgniter->handleRequest()
 6 FCPATH/index.php(57): CodeIgniter\CodeIgniter->run()
CRITICAL - 2024-12-04 22:20:05 --> Undefined property: stdClass::$bill_num
in APPPATH/Helpers/global_helper.php on line 505.
 1 APPPATH/Helpers/global_helper.php(505): CodeIgniter\Debug\Exceptions->errorHandler()
 2 APPPATH/Controllers/Malipo.php(399): doProcessGlobalTransaction()
 3 SYSTEMPATH/CodeIgniter.php(896): App\Controllers\Malipo->nmbrecon()
 4 SYSTEMPATH/CodeIgniter.php(466): CodeIgniter\CodeIgniter->runController()
 5 SYSTEMPATH/CodeIgniter.php(349): CodeIgniter\CodeIgniter->handleRequest()
 6 FCPATH/index.php(57): CodeIgniter\CodeIgniter->run()
CRITICAL - 2024-12-04 22:22:05 --> Undefined property: stdClass::$bill_num
in APPPATH/Helpers/global_helper.php on line 505.
 1 APPPATH/Helpers/global_helper.php(505): CodeIgniter\Debug\Exceptions->errorHandler()
 2 APPPATH/Controllers/Malipo.php(399): doProcessGlobalTransaction()
 3 SYSTEMPATH/CodeIgniter.php(896): App\Controllers\Malipo->nmbrecon()
 4 SYSTEMPATH/CodeIgniter.php(466): CodeIgniter\CodeIgniter->runController()
 5 SYSTEMPATH/CodeIgniter.php(349): CodeIgniter\CodeIgniter->handleRequest()
 6 FCPATH/index.php(57): CodeIgniter\CodeIgniter->run()
CRITICAL - 2024-12-04 22:24:05 --> Undefined property: stdClass::$bill_num
in APPPATH/Helpers/global_helper.php on line 505.
 1 APPPATH/Helpers/global_helper.php(505): CodeIgniter\Debug\Exceptions->errorHandler()
 2 APPPATH/Controllers/Malipo.php(399): doProcessGlobalTransaction()
 3 SYSTEMPATH/CodeIgniter.php(896): App\Controllers\Malipo->nmbrecon()
 4 SYSTEMPATH/CodeIgniter.php(466): CodeIgniter\CodeIgniter->runController()
 5 SYSTEMPATH/CodeIgniter.php(349): CodeIgniter\CodeIgniter->handleRequest()
 6 FCPATH/index.php(57): CodeIgniter\CodeIgniter->run()
CRITICAL - 2024-12-04 22:26:05 --> Undefined property: stdClass::$bill_num
in APPPATH/Helpers/global_helper.php on line 505.
 1 APPPATH/Helpers/global_helper.php(505): CodeIgniter\Debug\Exceptions->errorHandler()
 2 APPPATH/Controllers/Malipo.php(399): doProcessGlobalTransaction()
 3 SYSTEMPATH/CodeIgniter.php(896): App\Controllers\Malipo->nmbrecon()
 4 SYSTEMPATH/CodeIgniter.php(466): CodeIgniter\CodeIgniter->runController()
 5 SYSTEMPATH/CodeIgniter.php(349): CodeIgniter\CodeIgniter->handleRequest()
 6 FCPATH/index.php(57): CodeIgniter\CodeIgniter->run()
CRITICAL - 2024-12-04 22:28:04 --> Undefined property: stdClass::$bill_num
in APPPATH/Helpers/global_helper.php on line 505.
 1 APPPATH/Helpers/global_helper.php(505): CodeIgniter\Debug\Exceptions->errorHandler()
 2 APPPATH/Controllers/Malipo.php(399): doProcessGlobalTransaction()
 3 SYSTEMPATH/CodeIgniter.php(896): App\Controllers\Malipo->nmbrecon()
 4 SYSTEMPATH/CodeIgniter.php(466): CodeIgniter\CodeIgniter->runController()
 5 SYSTEMPATH/CodeIgniter.php(349): CodeIgniter\CodeIgniter->handleRequest()
 6 FCPATH/index.php(57): CodeIgniter\CodeIgniter->run()
CRITICAL - 2024-12-04 22:30:05 --> Undefined property: stdClass::$bill_num
in APPPATH/Helpers/global_helper.php on line 505.
 1 APPPATH/Helpers/global_helper.php(505): CodeIgniter\Debug\Exceptions->errorHandler()
 2 APPPATH/Controllers/Malipo.php(399): doProcessGlobalTransaction()
 3 SYSTEMPATH/CodeIgniter.php(896): App\Controllers\Malipo->nmbrecon()
 4 SYSTEMPATH/CodeIgniter.php(466): CodeIgniter\CodeIgniter->runController()
 5 SYSTEMPATH/CodeIgniter.php(349): CodeIgniter\CodeIgniter->handleRequest()
 6 FCPATH/index.php(57): CodeIgniter\CodeIgniter->run()
CRITICAL - 2024-12-04 22:32:04 --> Undefined property: stdClass::$bill_num
in APPPATH/Helpers/global_helper.php on line 505.
 1 APPPATH/Helpers/global_helper.php(505): CodeIgniter\Debug\Exceptions->errorHandler()
 2 APPPATH/Controllers/Malipo.php(399): doProcessGlobalTransaction()
 3 SYSTEMPATH/CodeIgniter.php(896): App\Controllers\Malipo->nmbrecon()
 4 SYSTEMPATH/CodeIgniter.php(466): CodeIgniter\CodeIgniter->runController()
 5 SYSTEMPATH/CodeIgniter.php(349): CodeIgniter\CodeIgniter->handleRequest()
 6 FCPATH/index.php(57): CodeIgniter\CodeIgniter->run()
CRITICAL - 2024-12-04 22:33:46 --> Undefined array key "amount"
in APPPATH/Helpers/global_helper.php on line 499.
 1 APPPATH/Helpers/global_helper.php(499): CodeIgniter\Debug\Exceptions->errorHandler()
 2 APPPATH/Helpers/global_helper.php(480): doProcessGlobalTransaction()
 3 APPPATH/Controllers/Malipo.php(312): doProcessCRDBTransaction()
 4 SYSTEMPATH/CodeIgniter.php(896): App\Controllers\Malipo->crdbpost()
 5 SYSTEMPATH/CodeIgniter.php(466): CodeIgniter\CodeIgniter->runController()
 6 SYSTEMPATH/CodeIgniter.php(349): CodeIgniter\CodeIgniter->handleRequest()
 7 FCPATH/index.php(57): CodeIgniter\CodeIgniter->run()
CRITICAL - 2024-12-04 22:33:50 --> Undefined array key "amount"
in APPPATH/Helpers/global_helper.php on line 499.
 1 APPPATH/Helpers/global_helper.php(499): CodeIgniter\Debug\Exceptions->errorHandler()
 2 APPPATH/Helpers/global_helper.php(480): doProcessGlobalTransaction()
 3 APPPATH/Controllers/Malipo.php(312): doProcessCRDBTransaction()
 4 SYSTEMPATH/CodeIgniter.php(896): App\Controllers\Malipo->crdbpost()
 5 SYSTEMPATH/CodeIgniter.php(466): CodeIgniter\CodeIgniter->runController()
 6 SYSTEMPATH/CodeIgniter.php(349): CodeIgniter\CodeIgniter->handleRequest()
 7 FCPATH/index.php(57): CodeIgniter\CodeIgniter->run()
CRITICAL - 2024-12-04 22:34:04 --> Undefined property: stdClass::$bill_num
in APPPATH/Helpers/global_helper.php on line 505.
 1 APPPATH/Helpers/global_helper.php(505): CodeIgniter\Debug\Exceptions->errorHandler()
 2 APPPATH/Controllers/Malipo.php(399): doProcessGlobalTransaction()
 3 SYSTEMPATH/CodeIgniter.php(896): App\Controllers\Malipo->nmbrecon()
 4 SYSTEMPATH/CodeIgniter.php(466): CodeIgniter\CodeIgniter->runController()
 5 SYSTEMPATH/CodeIgniter.php(349): CodeIgniter\CodeIgniter->handleRequest()
 6 FCPATH/index.php(57): CodeIgniter\CodeIgniter->run()
CRITICAL - 2024-12-04 22:34:27 --> Undefined array key "amount"
in APPPATH/Helpers/global_helper.php on line 499.
 1 APPPATH/Helpers/global_helper.php(499): CodeIgniter\Debug\Exceptions->errorHandler()
 2 APPPATH/Helpers/global_helper.php(480): doProcessGlobalTransaction()
 3 APPPATH/Controllers/Malipo.php(312): doProcessCRDBTransaction()
 4 SYSTEMPATH/CodeIgniter.php(896): App\Controllers\Malipo->crdbpost()
 5 SYSTEMPATH/CodeIgniter.php(466): CodeIgniter\CodeIgniter->runController()
 6 SYSTEMPATH/CodeIgniter.php(349): CodeIgniter\CodeIgniter->handleRequest()
 7 FCPATH/index.php(57): CodeIgniter\CodeIgniter->run()
CRITICAL - 2024-12-04 22:34:38 --> Undefined array key "amount"
in APPPATH/Helpers/global_helper.php on line 499.
 1 APPPATH/Helpers/global_helper.php(499): CodeIgniter\Debug\Exceptions->errorHandler()
 2 APPPATH/Helpers/global_helper.php(480): doProcessGlobalTransaction()
 3 APPPATH/Controllers/Malipo.php(312): doProcessCRDBTransaction()
 4 SYSTEMPATH/CodeIgniter.php(896): App\Controllers\Malipo->crdbpost()
 5 SYSTEMPATH/CodeIgniter.php(466): CodeIgniter\CodeIgniter->runController()
 6 SYSTEMPATH/CodeIgniter.php(349): CodeIgniter\CodeIgniter->handleRequest()
 7 FCPATH/index.php(57): CodeIgniter\CodeIgniter->run()
CRITICAL - 2024-12-04 22:36:05 --> Undefined property: stdClass::$bill_num
in APPPATH/Helpers/global_helper.php on line 505.
 1 APPPATH/Helpers/global_helper.php(505): CodeIgniter\Debug\Exceptions->errorHandler()
 2 APPPATH/Controllers/Malipo.php(399): doProcessGlobalTransaction()
 3 SYSTEMPATH/CodeIgniter.php(896): App\Controllers\Malipo->nmbrecon()
 4 SYSTEMPATH/CodeIgniter.php(466): CodeIgniter\CodeIgniter->runController()
 5 SYSTEMPATH/CodeIgniter.php(349): CodeIgniter\CodeIgniter->handleRequest()
 6 FCPATH/index.php(57): CodeIgniter\CodeIgniter->run()
CRITICAL - 2024-12-04 22:38:05 --> Undefined property: stdClass::$bill_num
in APPPATH/Helpers/global_helper.php on line 505.
 1 APPPATH/Helpers/global_helper.php(505): CodeIgniter\Debug\Exceptions->errorHandler()
 2 APPPATH/Controllers/Malipo.php(399): doProcessGlobalTransaction()
 3 SYSTEMPATH/CodeIgniter.php(896): App\Controllers\Malipo->nmbrecon()
 4 SYSTEMPATH/CodeIgniter.php(466): CodeIgniter\CodeIgniter->runController()
 5 SYSTEMPATH/CodeIgniter.php(349): CodeIgniter\CodeIgniter->handleRequest()
 6 FCPATH/index.php(57): CodeIgniter\CodeIgniter->run()
CRITICAL - 2024-12-04 22:40:04 --> Undefined property: stdClass::$bill_num
in APPPATH/Helpers/global_helper.php on line 505.
 1 APPPATH/Helpers/global_helper.php(505): CodeIgniter\Debug\Exceptions->errorHandler()
 2 APPPATH/Controllers/Malipo.php(399): doProcessGlobalTransaction()
 3 SYSTEMPATH/CodeIgniter.php(896): App\Controllers\Malipo->nmbrecon()
 4 SYSTEMPATH/CodeIgniter.php(466): CodeIgniter\CodeIgniter->runController()
 5 SYSTEMPATH/CodeIgniter.php(349): CodeIgniter\CodeIgniter->handleRequest()
 6 FCPATH/index.php(57): CodeIgniter\CodeIgniter->run()
CRITICAL - 2024-12-04 22:42:04 --> Undefined property: stdClass::$bill_num
in APPPATH/Helpers/global_helper.php on line 505.
 1 APPPATH/Helpers/global_helper.php(505): CodeIgniter\Debug\Exceptions->errorHandler()
 2 APPPATH/Controllers/Malipo.php(399): doProcessGlobalTransaction()
 3 SYSTEMPATH/CodeIgniter.php(896): App\Controllers\Malipo->nmbrecon()
 4 SYSTEMPATH/CodeIgniter.php(466): CodeIgniter\CodeIgniter->runController()
 5 SYSTEMPATH/CodeIgniter.php(349): CodeIgniter\CodeIgniter->handleRequest()
 6 FCPATH/index.php(57): CodeIgniter\CodeIgniter->run()
CRITICAL - 2024-12-04 22:44:04 --> Undefined property: stdClass::$bill_num
in APPPATH/Helpers/global_helper.php on line 505.
 1 APPPATH/Helpers/global_helper.php(505): CodeIgniter\Debug\Exceptions->errorHandler()
 2 APPPATH/Controllers/Malipo.php(399): doProcessGlobalTransaction()
 3 SYSTEMPATH/CodeIgniter.php(896): App\Controllers\Malipo->nmbrecon()
 4 SYSTEMPATH/CodeIgniter.php(466): CodeIgniter\CodeIgniter->runController()
 5 SYSTEMPATH/CodeIgniter.php(349): CodeIgniter\CodeIgniter->handleRequest()
 6 FCPATH/index.php(57): CodeIgniter\CodeIgniter->run()
CRITICAL - 2024-12-04 22:46:05 --> Undefined property: stdClass::$bill_num
in APPPATH/Helpers/global_helper.php on line 505.
 1 APPPATH/Helpers/global_helper.php(505): CodeIgniter\Debug\Exceptions->errorHandler()
 2 APPPATH/Controllers/Malipo.php(399): doProcessGlobalTransaction()
 3 SYSTEMPATH/CodeIgniter.php(896): App\Controllers\Malipo->nmbrecon()
 4 SYSTEMPATH/CodeIgniter.php(466): CodeIgniter\CodeIgniter->runController()
 5 SYSTEMPATH/CodeIgniter.php(349): CodeIgniter\CodeIgniter->handleRequest()
 6 FCPATH/index.php(57): CodeIgniter\CodeIgniter->run()
CRITICAL - 2024-12-04 22:48:05 --> Undefined property: stdClass::$bill_num
in APPPATH/Helpers/global_helper.php on line 505.
 1 APPPATH/Helpers/global_helper.php(505): CodeIgniter\Debug\Exceptions->errorHandler()
 2 APPPATH/Controllers/Malipo.php(399): doProcessGlobalTransaction()
 3 SYSTEMPATH/CodeIgniter.php(896): App\Controllers\Malipo->nmbrecon()
 4 SYSTEMPATH/CodeIgniter.php(466): CodeIgniter\CodeIgniter->runController()
 5 SYSTEMPATH/CodeIgniter.php(349): CodeIgniter\CodeIgniter->handleRequest()
 6 FCPATH/index.php(57): CodeIgniter\CodeIgniter->run()
CRITICAL - 2024-12-04 22:50:05 --> Undefined property: stdClass::$bill_num
in APPPATH/Helpers/global_helper.php on line 505.
 1 APPPATH/Helpers/global_helper.php(505): CodeIgniter\Debug\Exceptions->errorHandler()
 2 APPPATH/Controllers/Malipo.php(399): doProcessGlobalTransaction()
 3 SYSTEMPATH/CodeIgniter.php(896): App\Controllers\Malipo->nmbrecon()
 4 SYSTEMPATH/CodeIgniter.php(466): CodeIgniter\CodeIgniter->runController()
 5 SYSTEMPATH/CodeIgniter.php(349): CodeIgniter\CodeIgniter->handleRequest()
 6 FCPATH/index.php(57): CodeIgniter\CodeIgniter->run()
CRITICAL - 2024-12-04 22:52:04 --> Undefined property: stdClass::$bill_num
in APPPATH/Helpers/global_helper.php on line 505.
 1 APPPATH/Helpers/global_helper.php(505): CodeIgniter\Debug\Exceptions->errorHandler()
 2 APPPATH/Controllers/Malipo.php(399): doProcessGlobalTransaction()
 3 SYSTEMPATH/CodeIgniter.php(896): App\Controllers\Malipo->nmbrecon()
 4 SYSTEMPATH/CodeIgniter.php(466): CodeIgniter\CodeIgniter->runController()
 5 SYSTEMPATH/CodeIgniter.php(349): CodeIgniter\CodeIgniter->handleRequest()
 6 FCPATH/index.php(57): CodeIgniter\CodeIgniter->run()
CRITICAL - 2024-12-04 22:54:05 --> Undefined property: stdClass::$bill_num
in APPPATH/Helpers/global_helper.php on line 505.
 1 APPPATH/Helpers/global_helper.php(505): CodeIgniter\Debug\Exceptions->errorHandler()
 2 APPPATH/Controllers/Malipo.php(399): doProcessGlobalTransaction()
 3 SYSTEMPATH/CodeIgniter.php(896): App\Controllers\Malipo->nmbrecon()
 4 SYSTEMPATH/CodeIgniter.php(466): CodeIgniter\CodeIgniter->runController()
 5 SYSTEMPATH/CodeIgniter.php(349): CodeIgniter\CodeIgniter->handleRequest()
 6 FCPATH/index.php(57): CodeIgniter\CodeIgniter->run()
CRITICAL - 2024-12-04 22:56:04 --> Undefined property: stdClass::$bill_num
in APPPATH/Helpers/global_helper.php on line 505.
 1 APPPATH/Helpers/global_helper.php(505): CodeIgniter\Debug\Exceptions->errorHandler()
 2 APPPATH/Controllers/Malipo.php(399): doProcessGlobalTransaction()
 3 SYSTEMPATH/CodeIgniter.php(896): App\Controllers\Malipo->nmbrecon()
 4 SYSTEMPATH/CodeIgniter.php(466): CodeIgniter\CodeIgniter->runController()
 5 SYSTEMPATH/CodeIgniter.php(349): CodeIgniter\CodeIgniter->handleRequest()
 6 FCPATH/index.php(57): CodeIgniter\CodeIgniter->run()
CRITICAL - 2024-12-04 22:58:05 --> Undefined property: stdClass::$bill_num
in APPPATH/Helpers/global_helper.php on line 505.
 1 APPPATH/Helpers/global_helper.php(505): CodeIgniter\Debug\Exceptions->errorHandler()
 2 APPPATH/Controllers/Malipo.php(399): doProcessGlobalTransaction()
 3 SYSTEMPATH/CodeIgniter.php(896): App\Controllers\Malipo->nmbrecon()
 4 SYSTEMPATH/CodeIgniter.php(466): CodeIgniter\CodeIgniter->runController()
 5 SYSTEMPATH/CodeIgniter.php(349): CodeIgniter\CodeIgniter->handleRequest()
 6 FCPATH/index.php(57): CodeIgniter\CodeIgniter->run()
CRITICAL - 2024-12-04 23:00:05 --> Undefined property: stdClass::$bill_num
in APPPATH/Helpers/global_helper.php on line 505.
 1 APPPATH/Helpers/global_helper.php(505): CodeIgniter\Debug\Exceptions->errorHandler()
 2 APPPATH/Controllers/Malipo.php(399): doProcessGlobalTransaction()
 3 SYSTEMPATH/CodeIgniter.php(896): App\Controllers\Malipo->nmbrecon()
 4 SYSTEMPATH/CodeIgniter.php(466): CodeIgniter\CodeIgniter->runController()
 5 SYSTEMPATH/CodeIgniter.php(349): CodeIgniter\CodeIgniter->handleRequest()
 6 FCPATH/index.php(57): CodeIgniter\CodeIgniter->run()
CRITICAL - 2024-12-04 23:02:05 --> Undefined property: stdClass::$bill_num
in APPPATH/Helpers/global_helper.php on line 505.
 1 APPPATH/Helpers/global_helper.php(505): CodeIgniter\Debug\Exceptions->errorHandler()
 2 APPPATH/Controllers/Malipo.php(399): doProcessGlobalTransaction()
 3 SYSTEMPATH/CodeIgniter.php(896): App\Controllers\Malipo->nmbrecon()
 4 SYSTEMPATH/CodeIgniter.php(466): CodeIgniter\CodeIgniter->runController()
 5 SYSTEMPATH/CodeIgniter.php(349): CodeIgniter\CodeIgniter->handleRequest()
 6 FCPATH/index.php(57): CodeIgniter\CodeIgniter->run()
CRITICAL - 2024-12-04 23:04:05 --> Undefined property: stdClass::$bill_num
in APPPATH/Helpers/global_helper.php on line 505.
 1 APPPATH/Helpers/global_helper.php(505): CodeIgniter\Debug\Exceptions->errorHandler()
 2 APPPATH/Controllers/Malipo.php(399): doProcessGlobalTransaction()
 3 SYSTEMPATH/CodeIgniter.php(896): App\Controllers\Malipo->nmbrecon()
 4 SYSTEMPATH/CodeIgniter.php(466): CodeIgniter\CodeIgniter->runController()
 5 SYSTEMPATH/CodeIgniter.php(349): CodeIgniter\CodeIgniter->handleRequest()
 6 FCPATH/index.php(57): CodeIgniter\CodeIgniter->run()
CRITICAL - 2024-12-04 23:06:05 --> Undefined property: stdClass::$bill_num
in APPPATH/Helpers/global_helper.php on line 505.
 1 APPPATH/Helpers/global_helper.php(505): CodeIgniter\Debug\Exceptions->errorHandler()
 2 APPPATH/Controllers/Malipo.php(399): doProcessGlobalTransaction()
 3 SYSTEMPATH/CodeIgniter.php(896): App\Controllers\Malipo->nmbrecon()
 4 SYSTEMPATH/CodeIgniter.php(466): CodeIgniter\CodeIgniter->runController()
 5 SYSTEMPATH/CodeIgniter.php(349): CodeIgniter\CodeIgniter->handleRequest()
 6 FCPATH/index.php(57): CodeIgniter\CodeIgniter->run()
CRITICAL - 2024-12-04 23:08:05 --> Undefined property: stdClass::$bill_num
in APPPATH/Helpers/global_helper.php on line 505.
 1 APPPATH/Helpers/global_helper.php(505): CodeIgniter\Debug\Exceptions->errorHandler()
 2 APPPATH/Controllers/Malipo.php(399): doProcessGlobalTransaction()
 3 SYSTEMPATH/CodeIgniter.php(896): App\Controllers\Malipo->nmbrecon()
 4 SYSTEMPATH/CodeIgniter.php(466): CodeIgniter\CodeIgniter->runController()
 5 SYSTEMPATH/CodeIgniter.php(349): CodeIgniter\CodeIgniter->handleRequest()
 6 FCPATH/index.php(57): CodeIgniter\CodeIgniter->run()
CRITICAL - 2024-12-04 23:10:05 --> Undefined property: stdClass::$bill_num
in APPPATH/Helpers/global_helper.php on line 505.
 1 APPPATH/Helpers/global_helper.php(505): CodeIgniter\Debug\Exceptions->errorHandler()
 2 APPPATH/Controllers/Malipo.php(399): doProcessGlobalTransaction()
 3 SYSTEMPATH/CodeIgniter.php(896): App\Controllers\Malipo->nmbrecon()
 4 SYSTEMPATH/CodeIgniter.php(466): CodeIgniter\CodeIgniter->runController()
 5 SYSTEMPATH/CodeIgniter.php(349): CodeIgniter\CodeIgniter->handleRequest()
 6 FCPATH/index.php(57): CodeIgniter\CodeIgniter->run()
CRITICAL - 2024-12-04 23:12:05 --> Undefined property: stdClass::$bill_num
in APPPATH/Helpers/global_helper.php on line 505.
 1 APPPATH/Helpers/global_helper.php(505): CodeIgniter\Debug\Exceptions->errorHandler()
 2 APPPATH/Controllers/Malipo.php(399): doProcessGlobalTransaction()
 3 SYSTEMPATH/CodeIgniter.php(896): App\Controllers\Malipo->nmbrecon()
 4 SYSTEMPATH/CodeIgniter.php(466): CodeIgniter\CodeIgniter->runController()
 5 SYSTEMPATH/CodeIgniter.php(349): CodeIgniter\CodeIgniter->handleRequest()
 6 FCPATH/index.php(57): CodeIgniter\CodeIgniter->run()
CRITICAL - 2024-12-04 23:14:06 --> Undefined property: stdClass::$bill_num
in APPPATH/Helpers/global_helper.php on line 505.
 1 APPPATH/Helpers/global_helper.php(505): CodeIgniter\Debug\Exceptions->errorHandler()
 2 APPPATH/Controllers/Malipo.php(399): doProcessGlobalTransaction()
 3 SYSTEMPATH/CodeIgniter.php(896): App\Controllers\Malipo->nmbrecon()
 4 SYSTEMPATH/CodeIgniter.php(466): CodeIgniter\CodeIgniter->runController()
 5 SYSTEMPATH/CodeIgniter.php(349): CodeIgniter\CodeIgniter->handleRequest()
 6 FCPATH/index.php(57): CodeIgniter\CodeIgniter->run()
CRITICAL - 2024-12-04 23:16:05 --> Undefined property: stdClass::$bill_num
in APPPATH/Helpers/global_helper.php on line 505.
 1 APPPATH/Helpers/global_helper.php(505): CodeIgniter\Debug\Exceptions->errorHandler()
 2 APPPATH/Controllers/Malipo.php(399): doProcessGlobalTransaction()
 3 SYSTEMPATH/CodeIgniter.php(896): App\Controllers\Malipo->nmbrecon()
 4 SYSTEMPATH/CodeIgniter.php(466): CodeIgniter\CodeIgniter->runController()
 5 SYSTEMPATH/CodeIgniter.php(349): CodeIgniter\CodeIgniter->handleRequest()
 6 FCPATH/index.php(57): CodeIgniter\CodeIgniter->run()
CRITICAL - 2024-12-04 23:18:05 --> Undefined property: stdClass::$bill_num
in APPPATH/Helpers/global_helper.php on line 505.
 1 APPPATH/Helpers/global_helper.php(505): CodeIgniter\Debug\Exceptions->errorHandler()
 2 APPPATH/Controllers/Malipo.php(399): doProcessGlobalTransaction()
 3 SYSTEMPATH/CodeIgniter.php(896): App\Controllers\Malipo->nmbrecon()
 4 SYSTEMPATH/CodeIgniter.php(466): CodeIgniter\CodeIgniter->runController()
 5 SYSTEMPATH/CodeIgniter.php(349): CodeIgniter\CodeIgniter->handleRequest()
 6 FCPATH/index.php(57): CodeIgniter\CodeIgniter->run()
CRITICAL - 2024-12-04 23:20:05 --> Undefined property: stdClass::$bill_num
in APPPATH/Helpers/global_helper.php on line 505.
 1 APPPATH/Helpers/global_helper.php(505): CodeIgniter\Debug\Exceptions->errorHandler()
 2 APPPATH/Controllers/Malipo.php(399): doProcessGlobalTransaction()
 3 SYSTEMPATH/CodeIgniter.php(896): App\Controllers\Malipo->nmbrecon()
 4 SYSTEMPATH/CodeIgniter.php(466): CodeIgniter\CodeIgniter->runController()
 5 SYSTEMPATH/CodeIgniter.php(349): CodeIgniter\CodeIgniter->handleRequest()
 6 FCPATH/index.php(57): CodeIgniter\CodeIgniter->run()
CRITICAL - 2024-12-04 23:22:05 --> Undefined property: stdClass::$bill_num
in APPPATH/Helpers/global_helper.php on line 505.
 1 APPPATH/Helpers/global_helper.php(505): CodeIgniter\Debug\Exceptions->errorHandler()
 2 APPPATH/Controllers/Malipo.php(399): doProcessGlobalTransaction()
 3 SYSTEMPATH/CodeIgniter.php(896): App\Controllers\Malipo->nmbrecon()
 4 SYSTEMPATH/CodeIgniter.php(466): CodeIgniter\CodeIgniter->runController()
 5 SYSTEMPATH/CodeIgniter.php(349): CodeIgniter\CodeIgniter->handleRequest()
 6 FCPATH/index.php(57): CodeIgniter\CodeIgniter->run()
CRITICAL - 2024-12-04 23:24:05 --> Undefined property: stdClass::$bill_num
in APPPATH/Helpers/global_helper.php on line 505.
 1 APPPATH/Helpers/global_helper.php(505): CodeIgniter\Debug\Exceptions->errorHandler()
 2 APPPATH/Controllers/Malipo.php(399): doProcessGlobalTransaction()
 3 SYSTEMPATH/CodeIgniter.php(896): App\Controllers\Malipo->nmbrecon()
 4 SYSTEMPATH/CodeIgniter.php(466): CodeIgniter\CodeIgniter->runController()
 5 SYSTEMPATH/CodeIgniter.php(349): CodeIgniter\CodeIgniter->handleRequest()
 6 FCPATH/index.php(57): CodeIgniter\CodeIgniter->run()
CRITICAL - 2024-12-04 23:26:06 --> Undefined property: stdClass::$bill_num
in APPPATH/Helpers/global_helper.php on line 505.
 1 APPPATH/Helpers/global_helper.php(505): CodeIgniter\Debug\Exceptions->errorHandler()
 2 APPPATH/Controllers/Malipo.php(399): doProcessGlobalTransaction()
 3 SYSTEMPATH/CodeIgniter.php(896): App\Controllers\Malipo->nmbrecon()
 4 SYSTEMPATH/CodeIgniter.php(466): CodeIgniter\CodeIgniter->runController()
 5 SYSTEMPATH/CodeIgniter.php(349): CodeIgniter\CodeIgniter->handleRequest()
 6 FCPATH/index.php(57): CodeIgniter\CodeIgniter->run()
CRITICAL - 2024-12-04 23:28:04 --> Undefined property: stdClass::$bill_num
in APPPATH/Helpers/global_helper.php on line 505.
 1 APPPATH/Helpers/global_helper.php(505): CodeIgniter\Debug\Exceptions->errorHandler()
 2 APPPATH/Controllers/Malipo.php(399): doProcessGlobalTransaction()
 3 SYSTEMPATH/CodeIgniter.php(896): App\Controllers\Malipo->nmbrecon()
 4 SYSTEMPATH/CodeIgniter.php(466): CodeIgniter\CodeIgniter->runController()
 5 SYSTEMPATH/CodeIgniter.php(349): CodeIgniter\CodeIgniter->handleRequest()
 6 FCPATH/index.php(57): CodeIgniter\CodeIgniter->run()
CRITICAL - 2024-12-04 23:30:04 --> Undefined property: stdClass::$bill_num
in APPPATH/Helpers/global_helper.php on line 505.
 1 APPPATH/Helpers/global_helper.php(505): CodeIgniter\Debug\Exceptions->errorHandler()
 2 APPPATH/Controllers/Malipo.php(399): doProcessGlobalTransaction()
 3 SYSTEMPATH/CodeIgniter.php(896): App\Controllers\Malipo->nmbrecon()
 4 SYSTEMPATH/CodeIgniter.php(466): CodeIgniter\CodeIgniter->runController()
 5 SYSTEMPATH/CodeIgniter.php(349): CodeIgniter\CodeIgniter->handleRequest()
 6 FCPATH/index.php(57): CodeIgniter\CodeIgniter->run()
CRITICAL - 2024-12-04 23:32:04 --> Undefined property: stdClass::$bill_num
in APPPATH/Helpers/global_helper.php on line 505.
 1 APPPATH/Helpers/global_helper.php(505): CodeIgniter\Debug\Exceptions->errorHandler()
 2 APPPATH/Controllers/Malipo.php(399): doProcessGlobalTransaction()
 3 SYSTEMPATH/CodeIgniter.php(896): App\Controllers\Malipo->nmbrecon()
 4 SYSTEMPATH/CodeIgniter.php(466): CodeIgniter\CodeIgniter->runController()
 5 SYSTEMPATH/CodeIgniter.php(349): CodeIgniter\CodeIgniter->handleRequest()
 6 FCPATH/index.php(57): CodeIgniter\CodeIgniter->run()
CRITICAL - 2024-12-04 23:34:05 --> Undefined property: stdClass::$bill_num
in APPPATH/Helpers/global_helper.php on line 505.
 1 APPPATH/Helpers/global_helper.php(505): CodeIgniter\Debug\Exceptions->errorHandler()
 2 APPPATH/Controllers/Malipo.php(399): doProcessGlobalTransaction()
 3 SYSTEMPATH/CodeIgniter.php(896): App\Controllers\Malipo->nmbrecon()
 4 SYSTEMPATH/CodeIgniter.php(466): CodeIgniter\CodeIgniter->runController()
 5 SYSTEMPATH/CodeIgniter.php(349): CodeIgniter\CodeIgniter->handleRequest()
 6 FCPATH/index.php(57): CodeIgniter\CodeIgniter->run()
CRITICAL - 2024-12-04 23:36:04 --> Undefined property: stdClass::$bill_num
in APPPATH/Helpers/global_helper.php on line 505.
 1 APPPATH/Helpers/global_helper.php(505): CodeIgniter\Debug\Exceptions->errorHandler()
 2 APPPATH/Controllers/Malipo.php(399): doProcessGlobalTransaction()
 3 SYSTEMPATH/CodeIgniter.php(896): App\Controllers\Malipo->nmbrecon()
 4 SYSTEMPATH/CodeIgniter.php(466): CodeIgniter\CodeIgniter->runController()
 5 SYSTEMPATH/CodeIgniter.php(349): CodeIgniter\CodeIgniter->handleRequest()
 6 FCPATH/index.php(57): CodeIgniter\CodeIgniter->run()
CRITICAL - 2024-12-04 23:38:05 --> Undefined property: stdClass::$bill_num
in APPPATH/Helpers/global_helper.php on line 505.
 1 APPPATH/Helpers/global_helper.php(505): CodeIgniter\Debug\Exceptions->errorHandler()
 2 APPPATH/Controllers/Malipo.php(399): doProcessGlobalTransaction()
 3 SYSTEMPATH/CodeIgniter.php(896): App\Controllers\Malipo->nmbrecon()
 4 SYSTEMPATH/CodeIgniter.php(466): CodeIgniter\CodeIgniter->runController()
 5 SYSTEMPATH/CodeIgniter.php(349): CodeIgniter\CodeIgniter->handleRequest()
 6 FCPATH/index.php(57): CodeIgniter\CodeIgniter->run()
CRITICAL - 2024-12-04 23:40:05 --> Undefined property: stdClass::$bill_num
in APPPATH/Helpers/global_helper.php on line 505.
 1 APPPATH/Helpers/global_helper.php(505): CodeIgniter\Debug\Exceptions->errorHandler()
 2 APPPATH/Controllers/Malipo.php(399): doProcessGlobalTransaction()
 3 SYSTEMPATH/CodeIgniter.php(896): App\Controllers\Malipo->nmbrecon()
 4 SYSTEMPATH/CodeIgniter.php(466): CodeIgniter\CodeIgniter->runController()
 5 SYSTEMPATH/CodeIgniter.php(349): CodeIgniter\CodeIgniter->handleRequest()
 6 FCPATH/index.php(57): CodeIgniter\CodeIgniter->run()
CRITICAL - 2024-12-04 23:42:04 --> Undefined property: stdClass::$bill_num
in APPPATH/Helpers/global_helper.php on line 505.
 1 APPPATH/Helpers/global_helper.php(505): CodeIgniter\Debug\Exceptions->errorHandler()
 2 APPPATH/Controllers/Malipo.php(399): doProcessGlobalTransaction()
 3 SYSTEMPATH/CodeIgniter.php(896): App\Controllers\Malipo->nmbrecon()
 4 SYSTEMPATH/CodeIgniter.php(466): CodeIgniter\CodeIgniter->runController()
 5 SYSTEMPATH/CodeIgniter.php(349): CodeIgniter\CodeIgniter->handleRequest()
 6 FCPATH/index.php(57): CodeIgniter\CodeIgniter->run()
CRITICAL - 2024-12-04 23:44:04 --> Undefined property: stdClass::$bill_num
in APPPATH/Helpers/global_helper.php on line 505.
 1 APPPATH/Helpers/global_helper.php(505): CodeIgniter\Debug\Exceptions->errorHandler()
 2 APPPATH/Controllers/Malipo.php(399): doProcessGlobalTransaction()
 3 SYSTEMPATH/CodeIgniter.php(896): App\Controllers\Malipo->nmbrecon()
 4 SYSTEMPATH/CodeIgniter.php(466): CodeIgniter\CodeIgniter->runController()
 5 SYSTEMPATH/CodeIgniter.php(349): CodeIgniter\CodeIgniter->handleRequest()
 6 FCPATH/index.php(57): CodeIgniter\CodeIgniter->run()
CRITICAL - 2024-12-04 23:46:04 --> Undefined property: stdClass::$bill_num
in APPPATH/Helpers/global_helper.php on line 505.
 1 APPPATH/Helpers/global_helper.php(505): CodeIgniter\Debug\Exceptions->errorHandler()
 2 APPPATH/Controllers/Malipo.php(399): doProcessGlobalTransaction()
 3 SYSTEMPATH/CodeIgniter.php(896): App\Controllers\Malipo->nmbrecon()
 4 SYSTEMPATH/CodeIgniter.php(466): CodeIgniter\CodeIgniter->runController()
 5 SYSTEMPATH/CodeIgniter.php(349): CodeIgniter\CodeIgniter->handleRequest()
 6 FCPATH/index.php(57): CodeIgniter\CodeIgniter->run()
CRITICAL - 2024-12-04 23:48:04 --> Undefined property: stdClass::$bill_num
in APPPATH/Helpers/global_helper.php on line 505.
 1 APPPATH/Helpers/global_helper.php(505): CodeIgniter\Debug\Exceptions->errorHandler()
 2 APPPATH/Controllers/Malipo.php(399): doProcessGlobalTransaction()
 3 SYSTEMPATH/CodeIgniter.php(896): App\Controllers\Malipo->nmbrecon()
 4 SYSTEMPATH/CodeIgniter.php(466): CodeIgniter\CodeIgniter->runController()
 5 SYSTEMPATH/CodeIgniter.php(349): CodeIgniter\CodeIgniter->handleRequest()
 6 FCPATH/index.php(57): CodeIgniter\CodeIgniter->run()
CRITICAL - 2024-12-04 23:50:05 --> Undefined property: stdClass::$bill_num
in APPPATH/Helpers/global_helper.php on line 505.
 1 APPPATH/Helpers/global_helper.php(505): CodeIgniter\Debug\Exceptions->errorHandler()
 2 APPPATH/Controllers/Malipo.php(399): doProcessGlobalTransaction()
 3 SYSTEMPATH/CodeIgniter.php(896): App\Controllers\Malipo->nmbrecon()
 4 SYSTEMPATH/CodeIgniter.php(466): CodeIgniter\CodeIgniter->runController()
 5 SYSTEMPATH/CodeIgniter.php(349): CodeIgniter\CodeIgniter->handleRequest()
 6 FCPATH/index.php(57): CodeIgniter\CodeIgniter->run()
CRITICAL - 2024-12-04 23:52:05 --> Undefined property: stdClass::$bill_num
in APPPATH/Helpers/global_helper.php on line 505.
 1 APPPATH/Helpers/global_helper.php(505): CodeIgniter\Debug\Exceptions->errorHandler()
 2 APPPATH/Controllers/Malipo.php(399): doProcessGlobalTransaction()
 3 SYSTEMPATH/CodeIgniter.php(896): App\Controllers\Malipo->nmbrecon()
 4 SYSTEMPATH/CodeIgniter.php(466): CodeIgniter\CodeIgniter->runController()
 5 SYSTEMPATH/CodeIgniter.php(349): CodeIgniter\CodeIgniter->handleRequest()
 6 FCPATH/index.php(57): CodeIgniter\CodeIgniter->run()
CRITICAL - 2024-12-04 23:54:04 --> Undefined property: stdClass::$bill_num
in APPPATH/Helpers/global_helper.php on line 505.
 1 APPPATH/Helpers/global_helper.php(505): CodeIgniter\Debug\Exceptions->errorHandler()
 2 APPPATH/Controllers/Malipo.php(399): doProcessGlobalTransaction()
 3 SYSTEMPATH/CodeIgniter.php(896): App\Controllers\Malipo->nmbrecon()
 4 SYSTEMPATH/CodeIgniter.php(466): CodeIgniter\CodeIgniter->runController()
 5 SYSTEMPATH/CodeIgniter.php(349): CodeIgniter\CodeIgniter->handleRequest()
 6 FCPATH/index.php(57): CodeIgniter\CodeIgniter->run()
CRITICAL - 2024-12-04 23:56:04 --> Undefined property: stdClass::$bill_num
in APPPATH/Helpers/global_helper.php on line 505.
 1 APPPATH/Helpers/global_helper.php(505): CodeIgniter\Debug\Exceptions->errorHandler()
 2 APPPATH/Controllers/Malipo.php(399): doProcessGlobalTransaction()
 3 SYSTEMPATH/CodeIgniter.php(896): App\Controllers\Malipo->nmbrecon()
 4 SYSTEMPATH/CodeIgniter.php(466): CodeIgniter\CodeIgniter->runController()
 5 SYSTEMPATH/CodeIgniter.php(349): CodeIgniter\CodeIgniter->handleRequest()
 6 FCPATH/index.php(57): CodeIgniter\CodeIgniter->run()
CRITICAL - 2024-12-04 23:58:05 --> Undefined property: stdClass::$bill_num
in APPPATH/Helpers/global_helper.php on line 505.
 1 APPPATH/Helpers/global_helper.php(505): CodeIgniter\Debug\Exceptions->errorHandler()
 2 APPPATH/Controllers/Malipo.php(399): doProcessGlobalTransaction()
 3 SYSTEMPATH/CodeIgniter.php(896): App\Controllers\Malipo->nmbrecon()
 4 SYSTEMPATH/CodeIgniter.php(466): CodeIgniter\CodeIgniter->runController()
 5 SYSTEMPATH/CodeIgniter.php(349): CodeIgniter\CodeIgniter->handleRequest()
 6 FCPATH/index.php(57): CodeIgniter\CodeIgniter->run()
